timestamp,open,high,low,close,volume,close_time,quote_asset_volume,number_of_trades,taker_buy_base,taker_buy_quote,ignore,returns,log_returns,ma_5,ma_5_slope,ma_10,ma_10_slope,ma_20,ma_20_slope,ma_50,ma_50_slope,ma_100,ma_100_slope,ma_200,ma_200_slope,volatility_10,volatility_20,volatility_50,high_20,low_20,price_position,rsi,macd,macd_signal,macd_histogram,bb_middle,bb_upper,bb_lower,bb_position,volume_ma_10,volume_ratio,volume_price_trend,body_size,upper_wick,lower_wick,total_range,body_ratio,buy_pressure,sell_pressure,trade_intensity,hour,day_of_week,month,quarter,gap_up,gap_down,scenario_type
2024-07-11,0.3885,0.405,0.3844,0.2759966400652189,87567536.7,1720742399999,34583952.74703,122360.0,42870911.8,16933414.03839,0,,,,,,,,,,,,,,,,,,,,,,0.0,0.0,0.0,,,,,,,,0.007399999999999962,0.009100000000000052,0.0040999999999999925,0.020600000000000007,0.35922330097087185,0.48957539992100746,0.5104246000789926,0.0013973214802101427,0,3,7,3,False,False,crash
2024-07-12,0.396,0.4181,0.3932,0.3494563290484689,100898164.4,1720828799999,40899016.90779,131113.0,49031712.6,19878994.78003,0,0.26616153358204375,0.23598990924930613,,,,,,,,,,,,,,,,,,,,0.0058600321696040125,0.0011720064339208027,0.00468802573568321,,,,,,,5250068.670472342,0.020499999999999963,0.0016000000000000458,0.0028000000000000247,0.024900000000000033,0.8232931726907604,0.48595247387870216,0.5140475261212978,0.0012994587243452369,0,4,7,3,False,False,crash
2024-07-13,0.4166,0.4464,0.4115,0.2989258601694164,98135951.1,1720915199999,42155177.36898,146703.0,50142082.7,21546022.92208,0,-0.14459737792313387,-0.15618301787152733,,,,,,,,,,,,,,,,,,,,0.006353523877151657,0.0022083099225669737,0.004145213954584683,,,,,,,5914075.324393771,0.024999999999999967,0.0048000000000000265,0.005100000000000049,0.03490000000000004,0.7163323782234939,0.5109450933929962,0.48905490660700385,0.0014948955847028011,0,5,7,3,False,False,crash
2024-07-14,0.4416,0.445,0.4248,0.23482080783222367,101540405.4,1721001599999,43896806.92703,126876.0,49192264.5,21260161.15152,0,-0.2144513435567641,-0.24137287992894574,,,,,,,,,,,,,,,,,,,,0.0015539645000166025,0.0020774408380568993,-0.0005234763380402969,,,,,,,-2276381.371059789,0.00990000000000002,0.003400000000000014,0.006899999999999962,0.020199999999999996,0.4900990099009912,0.48445999704468384,0.5155400029553162,0.0012495124428565654,0,6,7,3,False,False,crash
2024-07-15,0.4317,0.4458,0.431,0.27452497217671895,125566239.6,1721087999999,54944419.76773,164760.0,61571472.8,26939739.45763,0,0.16908281983623596,0.15621952671800401,0.2867449218584094,,,,,,,,,,,,,,,,,,,0.000943200724898785,0.0018505928154252766,-0.0009073920905264916,,,,,,,3839412.4686588,0.013200000000000045,0.0008999999999999564,0.0006999999999999784,0.01479999999999998,0.8918918918918961,0.49035053527238065,0.5096494647276193,0.0013121361324895486,0,0,7,3,False,False,crash
2024-07-16,0.4449,0.4526,0.4264,0.3573399877036209,126834589.9,1721174399999,55759694.72726,182656.0,62002045.7,27256454.04836,0,0.30166660202260864,0.2636454449610098,0.30301359138608974,0.016268669527680357,,,,,,,,,,,,,,,,,,0.00706025939639815,0.0028925261316198516,0.004167733264778298,,,,,,,-1938582.1787368008,0.006800000000000028,0.007699999999999985,0.011699999999999988,0.0262,0.25954198473282547,0.48884177217653463,0.5111582278234653,0.0014401118822870889,0,1,7,3,False,False,crash
2024-07-17,0.4381,0.457,0.4353,0.2917756574879936,105320100.0,1721260799999,46949426.48429,153375.0,52063251.4,23230874.15505,0,-0.18347885059537916,-0.20270246439070583,0.2914774570739947,-0.011536134312095048,,,,,,,,,,,,,,,,,,0.006542164954914276,0.0036224538962787364,0.0029197110586355393,,,,,,,-528884.3186487106,0.0021999999999999797,0.018900000000000028,0.0005999999999999894,0.021699999999999997,0.10138248847926175,0.49433347860474874,0.5056665213952513,0.001456274728185788,0,2,7,3,False,False,crash
2024-07-18,0.4359,0.4498,0.4199,0.3946070087405458,80622639.4,1721347199999,34984535.29723,133268.0,39187988.2,16995307.98382,0,0.3524329347343982,0.30190514436074656,0.31061368678822054,0.01913622971422585,,,,,,,,,,,,,,,,,,0.014264766675266827,0.005750916452076355,0.008513850223190473,,,,,,,-2311959.147740305,0.012500000000000011,0.013899999999999968,0.003500000000000003,0.029899999999999982,0.41806020066889693,0.4860667982546848,0.5139332017453152,0.0016529848314541782,0,3,7,3,False,False,crash
2024-07-19,0.4235,0.4429,0.4145,0.3891191840336706,80349138.6,1721433599999,34412546.25986,121684.0,38675329.1,16566620.10148,0,-0.013907063446213286,-0.014004672681589347,0.34147336202851,0.03085967524028943,,,,,,,,,,,,,,,,,,0.019714901474706614,0.008543713456602407,0.011171188018104208,,,,,,,2960431.1812942885,0.015500000000000014,0.0039000000000000146,0.009000000000000008,0.028400000000000036,0.5457746478873238,0.4813409300196282,0.5186590699803718,0.0015144406289876518,0,4,7,3,False,False,crash
2024-07-20,0.4389,0.4419,0.4275,0.3730277985778654,54136437.1,1721519999999,23557735.17184,73691.0,26909385.9,11708461.00926,0,-0.04135335937179796,-0.042232738497384056,0.36117392730873926,0.019700565280229287,0.3239594245835743,,,,,,,,,,,,,,,,,0.022476635580645554,0.011330297881411037,0.011146337699234517,,,,,96097120.22,0.5633512947741068,-209639.96143508013,0.0015999999999999903,0.0030000000000000027,0.009800000000000031,0.014400000000000024,0.11111111111111026,0.4970660675414119,0.5029339324585881,0.0013612089000958653,0,5,7,3,False,False,crash
2024-07-21,0.4373,0.449,0.4166,0.28378598812843203,85361994.3,1721606399999,36934905.13471,111682.0,42233333.6,18274053.63919,0,-0.23923635393839182,-0.2734325527233339,0.34646312739370144,-0.01471079991503782,0.32473835938989565,0.0007789348063213519,,,,,,,,,0.22802923008334186,,,,,,,0.01726523855564982,0.012517286016258795,0.004747952539391025,,,,,95876565.97999999,0.8903322039903542,1873942.7058769648,0.009599999999999997,0.0020999999999999908,0.020699999999999996,0.032399999999999984,0.29629629629629634,0.4947557041787624,0.5052442958212376,0.0013083340064373357,0,6,7,3,False,False,crash
2024-07-22,0.447,0.4504,0.4234,0.30452685967343207,79086035.0,1721692799999,34378311.77136,109397.0,39966625.5,17361372.90366,0,0.07308631297051016,0.07053890120602128,0.3490133678307892,0.0025502404370877363,0.32024541245239196,-0.0044929469375036835,,,,,,,,,0.21304437234137588,,,,,,,0.014640022792583085,0.012941833371523655,0.0016981894210594296,,,,,93695353.03999999,0.8440763862241594,-3663192.939136267,0.020799999999999985,0.003400000000000014,0.0028000000000000247,0.027000000000000024,0.7703703703703692,0.5053562933076617,0.4946437066923383,0.0013832657055066675,0,0,7,3,False,False,crash
2024-07-23,0.4261,0.4296,0.4028,0.24150250367654555,86052015.5,1721779199999,35884223.7945,104821.0,42519510.5,17725301.12934,0,-0.20695828297205854,-0.23187945213835515,0.3183924668179891,-0.030620901012800072,0.31450307680310485,-0.005742335649287111,,,,,,,,,0.21877550343003682,,,,,,,0.0073888079950716334,0.011831228296233252,-0.004442420301161619,,,,,92486959.47999999,0.930423229218693,-3270864.9720788486,0.016100000000000003,0.003500000000000003,0.007199999999999984,0.02679999999999999,0.6007462686567168,0.49411405709608275,0.5058859429039172,0.0012181120847773752,0,1,7,3,False,False,crash
2024-07-24,0.41,0.4217,0.4038,0.2671825439463253,97197388.2,1721865599999,40178257.66473,118751.0,51366066.6,21230867.72363,0,0.10633446808557356,0.1010522697566742,0.2940051388005201,-0.024387328017469012,0.317739250414515,0.0032361736114101536,,,,,,,,,0.2070941079611871,,,,,,49.36977019219112,0.003672004081276492,0.010199383453241902,-0.00652737937196541,,,,,92052657.76,1.0558889940300622,-877147.1618048789,0.003699999999999981,0.011700000000000044,0.0025000000000000022,0.017900000000000027,0.20670391061452378,0.5284716755382939,0.47152832446170606,0.0012217509358960325,0,2,7,3,False,False,crash
2024-07-25,0.4062,0.4085,0.3816,0.3007983624910614,96406178.5,1721951999999,37930903.42011,121115.0,45869639.0,18046095.49963,0,0.1258159236311831,0.11850803822843405,0.27955925158315925,-0.014445887217360842,0.32036658944594926,0.0026273390314342504,,,,,,,,,0.2043401528258641,,,,,,51.69204442025477,0.0033997357810879314,0.008839453918811108,-0.005439718137723176,,,,,89136651.65,1.0815548566771858,-2728700.59746493,0.011400000000000021,0.0022999999999999687,0.01319999999999999,0.02689999999999998,0.4237918215613394,0.47579563585750884,0.5242043641424912,0.001256299148918137,0,3,7,3,False,False,crash
2024-07-26,0.3948,0.4199,0.3944,0.29572087445559253,59178553.1,1722038399999,24312011.24585,72410.0,28120818.8,11545626.85191,0,-0.01688003881876099,-0.017024130491068434,0.28194622884859133,0.0023869772654320776,0.31420467812114644,-0.006161911324802816,,,,,,,,,0.18025015684107593,,,,,,45.9567608909198,0.0027426349529702243,0.007620090125642931,-0.004877455172672707,,,,,82371047.97,0.7184387543734198,3357648.4028368844,0.02240000000000003,0.00269999999999998,0.00040000000000001146,0.025500000000000023,0.87843137254902,0.4751859808481867,0.5248140191518132,0.0012235851707567348,0,4,7,3,False,False,crash
2024-07-27,0.4172,0.4292,0.4126,0.3745354607564592,171402225.1,1722124799999,72168104.72741,137712.0,82856187.3,34888803.48405,0,0.26651681740749766,0.23627046901927895,0.2959479490651968,0.014001720216605451,0.322480658447993,0.008275980326846566,,,,,,,,,0.18663724060399345,,,,,,55.45685948644297,0.008483760733255186,0.007792824247165382,0.0006909364860898035,,,,,88979260.47999999,1.9263165840597916,164335.78628955185,0.00040000000000001146,0.0116,0.004599999999999993,0.016600000000000004,0.02409638554216936,0.48340205182085466,0.5165979481791453,0.0008034434787509652,0,5,7,3,False,False,crash
2024-07-28,0.4176,0.4207,0.4043,0.2901631468596582,80650723.3,1722211199999,33147595.68855,78169.0,39029133.9,16042705.77672,0,-0.22527189742298903,-0.2552431465704236,0.3056800777018193,0.009732128636622539,0.31203627225990427,-0.010444386188088739,,,,,,,,,0.16784839765532247,,,,,,53.88061549821447,0.0061545577632692305,0.007465170950386152,-0.0013106131871169213,,,,,88982068.87,0.9063705117693787,-1989230.0047653313,0.010300000000000031,0.0030999999999999917,0.0030000000000000027,0.016400000000000026,0.6280487804878058,0.4839278843764567,0.5160721156235434,0.0009692287533396493,0,6,7,3,False,False,crash
2024-07-29,0.4072,0.4272,0.403,0.39214570118742875,83989483.1,1722297599999,34850252.14824,117524.0,43099374.7,17876758.05784,0,0.3514662541797424,0.3011901172622476,0.33067270915004,0.02499263144822067,0.31233892397528007,0.00030265171537580127,,,,,,,,,0.20442364818309153,,,,,,57.585108949847466,0.0123949066902731,0.008451118098363542,0.003943788591909558,,,,,89346103.32,0.9400464035816442,-866083.5478025993,0.0040999999999999925,0.020000000000000018,9.999999999998899e-05,0.0242,0.16942148760330547,0.5131520412940844,0.4868479587059156,0.0013992704284186744,0,0,7,3,False,False,crash
2024-07-30,0.4031,0.4077,0.394,0.3640432644816815,66547192.1,1722383999999,26757483.31088,93170.0,31420872.7,12632826.51879,0,-0.07166325327716772,-0.07436073839490513,0.34332168954816406,0.012648980398124066,0.3114404705656616,-0.0008984534096184715,0.31769994757461795,,,,,,,,0.20564479008095776,,,0.457,0.3816,-0.23284795117133267,50.46510019872162,0.014901026634444092,0.009741099805579651,0.005159926828864441,0.31769994757461795,0.42058672154681365,0.21481317360242225,0.7252151327030015,90587178.82,0.7346204282642655,-264141.670453979,0.0015999999999999903,0.004599999999999993,0.007500000000000007,0.01369999999999999,0.1167883211678826,0.4721592558373323,0.5278407441626678,0.0014000590717636004,0,1,7,3,False,False,crash
2024-07-31,0.4015,0.4078,0.3871,0.2863926951800615,64025495.7,1722470399999,25551374.49652,105922.0,30711593.1,12261741.49239,0,-0.21330038728275202,-0.23990878993478484,0.34145605369305787,-0.0018656358551061847,0.3117011412708246,0.00026067070516300195,0.3182197503303601,0.0005198027557421492,,,,,,,0.2021982444027974,0.20977841488123208,,0.457,0.3816,-1.2626963503970619,49.63266931804076,0.010500351243173167,0.009892950093098355,0.0006074011500748124,0.3182197503303601,0.42032144733631216,0.216118053324408,0.3441404203671404,88453528.96000001,0.7238320104667987,-2120894.3781071026,0.013300000000000034,0.006299999999999972,0.0010999999999999899,0.020699999999999996,0.6425120772946877,0.4796775528908556,0.5203224471091443,0.0016543721972307978,0,2,7,3,False,False,crash
2024-08-01,0.3881,0.3958,0.3681,0.26771801026402553,93185663.4,1722556799999,35586142.99418,152817.0,44760276.6,17101228.09876,0,-0.06520656856940699,-0.0674297030530833,0.3200925635945711,-0.02136349009848676,0.30802025632988395,-0.003680884940940654,0.3141328343911379,-0.004086915939222169,,,,,,,0.20280983771162822,0.20244312189046226,,0.457,0.3681,-1.1291562399997122,40.21758694636914,0.00544314806590479,0.009002989687659642,-0.003559841621754852,0.3141328343911379,0.4175056780065846,0.21075999077569124,0.275497981366468,89863491.8,1.0369690909339895,1032195.6533230334,0.004400000000000015,0.0032999999999999696,0.020000000000000018,0.027700000000000002,0.15884476534296083,0.48033436654162404,0.519665633458376,0.001639919644549099,0,3,8,3,False,False,crash
2024-08-02,0.3925,0.3952,0.3578,0.3399554039966367,122506209.6,1722643199999,45823735.50172,205456.0,55457235.0,20754165.96121,0,0.2698264254293916,0.23888021823966654,0.33005101502196676,0.009958451427395654,0.31786554636189307,0.009845290032009124,0.31618431158249893,0.0020514771913610064,,,,,,,0.20346429818336378,0.20741884673597313,,0.457,0.3578,-0.17988504035648487,46.56344566058191,0.00718144880237398,0.00863868151060251,-0.0014572327082285307,0.31618431158249893,0.4199143454499218,0.21245427771507608,0.6145815321169159,93508911.21000001,1.3101019786753647,-9020202.439337589,0.028900000000000037,0.00269999999999998,0.005799999999999972,0.03739999999999999,0.7727272727272739,0.4526891753575241,0.5473108246424759,0.0016771068231630278,0,4,8,3,False,False,crash
2024-08-03,0.3637,0.373,0.3489,0.2339615160766583,87498771.3,1722729599999,31546579.69966,150751.0,40385514.2,14555552.29038,0,-0.3117876247115844,-0.37365780366997753,0.29841417799981274,-0.03163683702215403,0.31454344357492636,-0.0033221027869667075,0.3161413469947207,-4.2964587778249186e-05,,,,,,,0.23216966511288564,0.21438810136534722,,0.457,0.3489,-1.0632607208449738,41.364582674792125,6.172578898566705e-06,0.006912179724261722,-0.006906007145363155,0.3161413469947207,0.42001389145318313,0.21226880253625824,0.10441986211801499,92539049.52,0.94553349914286,240645.68564356887,0.0008999999999999564,0.008400000000000019,0.014800000000000035,0.02410000000000001,0.03734439834024714,0.46155521500448776,0.5384447849955122,0.0017228927647810297,0,5,8,3,False,False,crash
2024-08-04,0.3646,0.3677,0.3335,0.2446676132767524,97503415.0,1722815999999,34078114.86182,149844.0,43581947.3,15237929.24568,0,0.04576007789497405,0.0447439682958619,0.27453904775882687,-0.023875130240985865,0.30893036865349544,-0.005613074921430927,0.3146484790497224,-0.0014928679449983107,,,,,,,0.22912919655834796,0.21167199340024656,,0.457,0.3335,-0.7192905807550414,47.30839252739527,-0.004761505284829881,0.004577442722443401,-0.009338948007273282,0.3146484790497224,0.4218444628245262,0.20745249527491855,0.1735844790604048,92648773.16999999,1.0523983390594098,-5455484.547449249,0.020399999999999974,0.003100000000000047,0.010699999999999987,0.03420000000000001,0.5964912280701745,0.4469786755674147,0.5530213244325853,0.001536807710786335,0,6,8,3,False,False,crash
2024-08-05,0.3442,0.346,0.2756,0.2825749617335891,592112788.2,1722902399999,180464778.47691,561651.0,278209305.1,84793379.12473,0,0.1549340672807329,0.1440432577389427,0.2737755010695324,-0.0007635466892944587,0.3076157773812951,-0.0013145912722003494,0.3109102277512208,-0.0037382512985015826,,,,,,,0.23387009623599625,0.20360947834200113,,0.457,0.2756,0.038450726205011464,48.524419870912254,-0.005418655240939818,0.0025782231297667574,-0.007996878370706575,0.3109102277512208,0.41704698669863827,0.20477346880380332,0.366515303940694,145942196.68,4.057173330742002,-55564331.95485181,0.032299999999999995,0.0017999999999999683,0.0363,0.07039999999999996,0.45880681818181834,0.46985863275431955,0.5301413672456804,0.0009485540781974956,0,0,8,3,False,False,crash
2024-08-06,0.3118,0.3369,0.3114,0.2221580713541041,125385161.0,1722988799999,41158436.51991,195665.0,59812537.3,19632182.49885,0,-0.21380836436756168,-0.24055470503286117,0.2646635132875481,-0.009111987781984299,0.2923780384410596,-0.015237738940235501,0.3074293484445263,-0.0034808793066944954,,,,,,,0.22686362949268526,0.2052161471885278,,0.4504,0.2756,-0.3057318572419675,48.69511641078535,-0.010691346259720569,-7.569074813070778e-05,-0.01061565551158986,0.3074293484445263,0.4205453002912183,0.1943133965978343,0.123080230072272,141340490.26999998,0.8871142357047097,7678283.344341138,0.019199999999999995,0.005899999999999961,0.00040000000000001146,0.025499999999999967,0.752941176470589,0.47703043025960623,0.5229695697403938,0.0015605116142890306,0,1,8,3,False,False,crash
2024-08-07,0.331,0.341,0.3161,0.18737962209335937,108079429.6,1723075199999,35497401.23938,220716.0,52365982.2,17209916.69301,0,-0.15654821384054218,-0.1702525378953773,0.23414835690689265,-0.030515156380655467,0.2820996859644297,-0.010278352476629893,0.297067979112167,-0.010361369332359316,,,,,,,0.2211904822010845,0.19111292321506235,,0.4504,0.2756,-0.5046932374521775,44.682148744157566,-0.017474882511648415,-0.00355552910083425,-0.013919353410814166,0.297067979112167,0.4144446745699879,0.17969128365434606,0.032750702381871465,144083360.9,0.7501173551539495,-2253015.299818733,0.006900000000000017,0.010000000000000009,0.008000000000000007,0.024900000000000033,0.2771084337349401,0.48451386534704666,0.5154861346529533,0.0020421647377013917,0,2,8,3,False,False,crash
2024-08-08,0.3241,0.3535,0.3187,0.29140540710781326,108236428.8,1723161599999,36508170.22061,176786.0,52966626.8,17876355.70796,0,0.5551606084605318,0.44157882548127186,0.24563713511312368,0.011488778206231037,0.27202565655646815,-0.010074029407961538,0.2921822902658741,-0.004885688846292868,,,,,,,0.2644535681834691,0.23027735241378866,,0.4504,0.2756,0.09041994912936642,49.42777555452774,-0.014292121710591077,-0.005702847622785615,-0.008589274087805462,0.2921822902658741,0.40126783111677916,0.18309674941496906,0.49643911029820775,146508055.47,0.7387745912863012,9183899.38907746,0.027500000000000024,0.0018999999999999573,0.005400000000000016,0.0348,0.790229885057472,0.48936044349608104,0.510639556503919,0.0016333317900451645,0,3,8,3,False,False,crash
2024-08-09,0.3515,0.3545,0.3365,0.22687080572945004,75715466.2,1723247999999,26216485.81025,140651.0,39577229.1,13707562.46222,0,-0.2214598624605717,-0.25033473150414365,0.24207777360366317,-0.0035593615094605124,0.25830841068124505,-0.013717245875223105,0.28487444062345335,-0.007307849642420761,,,,,,,0.2730257266594843,0.2358192800229488,,0.4504,0.2756,-0.27877113427088085,46.08894248174047,-0.016783691885693675,-0.007919016475367227,-0.008864675410326447,0.28487444062345335,0.39068943585787824,0.17905944538902846,0.22591958840284984,147424882.88,0.5135867481857213,-710640.0411262863,0.0031999999999999806,0.0030000000000000027,0.011799999999999977,0.01799999999999996,0.1777777777777771,0.5227099704498682,0.4772900295501317,0.001857625754142157,0,4,8,3,False,False,crash
2024-08-10,0.3484,0.3524,0.3442,0.21543176457163188,32923978.4,1723334399999,11423301.86095,64583.0,15557740.6,5400244.70092,0,-0.05042094826189114,-0.051736496020455956,0.22864913417127175,-0.01342863943239142,0.2512123176204021,-0.007096093060842967,0.28145672944561334,-0.0034177111778400104,,,,,,,0.2646539697609747,0.2294159152246565,,0.4504,0.2756,-0.34421187316000074,40.21288266781833,-0.01945702574047814,-0.010226618328389411,-0.009230407412088729,0.28145672944561334,0.3917409062108116,0.17117255268041506,0.20065984617832971,144314731.15,0.22814010834264023,-245771.87436118143,0.00269999999999998,0.0040000000000000036,0.0015000000000000013,0.008199999999999985,0.329268292682925,0.47253525716078104,0.5274647428392188,0.0019615794669577357,0,5,8,3,False,False,crash
2024-08-11,0.3456,0.3566,0.3269,0.20767754539528838,58078474.9,1723420799999,19779040.65426,101080.0,27255559.4,9303818.77941,0,-0.035993852586047925,-0.03665760740649686,0.2257530289795086,-0.002896105191763143,0.24520827113352833,-0.006004046486873749,0.27661426373170617,-0.004842465713907174,,,,,,,0.26400676630761694,0.2291281145033478,,0.4296,0.2756,-0.4410549000305951,44.3979110364681,-0.021948355780482265,-0.012570965818807981,-0.009377389961674283,0.27661426373170617,0.39105983426454577,0.16216869319886656,0.1988231260700617,140804012.3,0.4124774141823229,-3040845.807607754,0.018000000000000016,0.010999999999999954,0.0006999999999999784,0.02969999999999995,0.6060606060606076,0.4692884833310249,0.5307115166689751,0.0017404038273050452,0,6,8,3,False,False,crash
2024-08-12,0.3276,0.3447,0.3263,0.2738703568745392,75901662.9,1723507199999,25517844.71399,143889.0,37462357.0,12601044.69494,0,0.3187287838618327,0.2766682300459685,0.24305117593574455,0.017298146956235938,0.23859976642131858,-0.006608504712209751,0.2782326563916058,0.001618392659899659,,,,,,,0.2698744468165552,0.23372105804263263,,0.4292,0.2756,-0.01126069743138549,41.55675730177608,-0.018369790585212153,-0.013730730772088817,-0.004639059813123337,0.2782326563916058,0.3914969540636542,0.16496835871955745,0.48074283067689405,136143557.63000003,0.5575119691398063,2641266.6576923155,0.011400000000000021,0.005699999999999983,0.0013000000000000234,0.018400000000000027,0.6195652173913045,0.49356437749402715,0.5064356225059728,0.0018957292172843815,0,0,8,3,False,False,crash
2024-08-13,0.3389,0.3451,0.3306,0.2139698975034457,46778962.1,1723593599999,15826195.52254,107236.0,23235646.1,7861486.81352,0,-0.21871830180779328,-0.24681950506859093,0.22756407401487105,-0.015487101920873492,0.23660060456399737,-0.0019991618573212133,0.27557202406946185,-0.0026606323221439743,,,,,,,0.25898860137880747,0.23941075106908682,,0.4292,0.2756,-0.40123764646194215,39.75205828056667,-0.020135113295612378,-0.015011607276793529,-0.005123506018818849,0.27557202406946185,0.3923739916643868,0.1587700564745369,0.2362967087178899,132071576.71,0.3541940155883523,137991.03864306462,0.0011000000000000454,0.005099999999999993,0.008299999999999974,0.014500000000000013,0.07586206896552031,0.4967114501242857,0.5032885498757143,0.0022923980179543144,0,1,8,3,False,False,crash
2024-08-14,0.34,0.3457,0.3308,0.3324667497857406,52329030.8,1723679999999,17697898.64046,115396.0,25542913.9,8643862.36904,0,0.5538015097679181,0.4407045151953911,0.24868326282612915,0.0211191888112581,0.24538051821489618,0.008779913650898807,0.27715544343419585,0.0015834193647339956,,,,,,,0.30991366053750774,0.26739001067882184,,0.4292,0.2756,0.3702262355842485,52.97998491128754,-0.011836000555650428,-0.01437648593256491,0.0025404853769144826,0.27715544343419585,0.39623376404554833,0.15807712282284336,0.7322475916169058,127554138.28999999,0.4102495732520071,-738762.7877647078,0.0048000000000000265,0.005699999999999983,0.004400000000000015,0.014900000000000024,0.32214765100671267,0.48812128773460867,0.5118787122653913,0.0022052004066545794,0,2,8,3,False,False,crash
2024-08-15,0.3353,0.3419,0.3204,0.2091929038614802,73704919.9,1723766399999,24373093.19421,144762.0,32946921.9,10873965.62977,0,-0.37078548758245644,-0.46328304319187535,0.2474354906840988,-0.00124777214203034,0.23804231242768528,-0.007338205787210894,0.2728290449044902,-0.004326398529705622,,,,,,,0.3370380948470633,0.28234865090080313,,0.4292,0.2756,-0.43233786548515496,46.66583523656638,-0.015032774573220664,-0.014507743660696062,-0.000525030912524602,0.2728290449044902,0.39530628030558423,0.15035180950339624,0.24021237157006559,75713351.46000001,0.9734732181144949,-2286787.4909307943,0.01050000000000001,0.006599999999999995,0.0043999999999999595,0.021499999999999964,0.48837209302325707,0.4470111621408871,0.5529888378591129,0.0019640751281787905,0,3,8,3,False,False,crash
2024-08-16,0.3249,0.3455,0.3202,0.2123249955086366,89181725.2,1723852799999,29555233.79355,172514.0,45458905.2,15051616.63089,0,0.014972265260156048,0.014861287253578348,0.24836498070676843,0.0009294900226696212,0.23705900484313852,-0.000983307584546761,0.2647185216420991,-0.008110523262391145,,,,,,,0.32733082650483525,0.2762350460540498,,0.4272,0.2756,-0.4173812961171729,42.107474324317394,-0.017116202466151004,-0.01502943542178705,-0.0020867670443639533,0.2647185216420991,0.3801163514818119,0.1493206918023863,0.27298738543767703,72093007.88,1.2370370972514346,1455243.6685960705,0.005199999999999982,0.01539999999999997,0.0047000000000000375,0.02529999999999999,0.20553359683794406,0.5097334134101277,0.4902665865898723,0.0019344097640308937,0,4,8,3,False,False,crash
2024-08-17,0.3301,0.3388,0.3274,0.2516618716857938,37562981.3,1723939199999,12515048.67529,61721.0,18267314.7,6087359.88339,0,0.18526728839872808,0.16996830898245094,0.24392328366901936,-0.004441697037749076,0.24348722980238197,0.006428224959243445,0.2627934578834058,-0.0019250637586932795,,,,,,,0.3224673693237457,0.273424349532472,,0.4272,0.2756,-0.15790322106996185,51.19291455042049,-0.015415476904130615,-0.015106643718255765,-0.0003088331858748499,0.2627934578834058,0.3776875149160675,0.1478994008507441,0.4515571715147653,65041363.05,0.5775245096128101,819307.6805816375,0.007199999999999984,0.0015000000000000013,0.00269999999999998,0.011399999999999966,0.6315789473684216,0.4863116309673748,0.5136883690326252,0.0016431336881133022,0,5,8,3,False,False,crash
2024-08-18,0.3374,0.34,0.3327,0.1956131445885381,31399291.8,1724025599999,10580021.80612,57071.0,14094335.4,4751317.64019,0,-0.2227144172528207,-0.25194745077957553,0.24025193308603784,-0.003671350582981514,0.23390800355045444,-0.00957922625192753,0.2529668300534613,-0.009826627829944479,,,,,,,0.284880467144046,0.26753415084667875,,0.4078,0.2756,-0.605044292068547,46.88439399756922,-0.018378448190600777,-0.01576100461272477,-0.002617443577876008,0.2529668300534613,0.35406917525840714,0.1518644848485155,0.21635828353605024,57357649.35,0.5474298921910056,-288579.3198339751,0.0031999999999999806,0.0026000000000000467,0.0015000000000000013,0.007300000000000029,0.4383561643835573,0.4488743086874335,0.5511256913125664,0.0018175887648523334,0,6,8,3,False,False,crash
2024-08-19,0.3342,0.3378,0.3276,0.27522629477081795,59429594.3,1724111999999,19788254.56697,92479.0,28021707.1,9337897.59847,0,0.4069928447280058,0.3414546926381594,0.22880384208305332,-0.011448091002984523,0.23874355245459125,0.004835548904136816,0.24852598156791816,-0.0044408484855431585,,,,,,,0.30064068731892085,0.2820554756348595,,0.4078,0.2756,-0.0028268171647659926,49.5567451642626,-0.014139516868415719,-0.015436707063862961,0.0012971901954472419,0.24852598156791816,0.33596448537969575,0.16108747775614057,0.6526805242480794,55729062.15999999,1.0664021965662307,444566.0854278858,0.0025000000000000022,0.0010999999999999899,0.006599999999999995,0.010199999999999987,0.24509803921568682,0.4715109943128116,0.5284890056871884,0.0015561102358055304,0,0,8,3,False,False,crash
2024-08-20,0.3367,0.3483,0.3352,0.28548075584909754,67569520.8,1724198399999,23143570.43896,104116.0,30894948.3,10579769.03113,0,0.03725828989856694,0.03658097238841063,0.2440614124805768,0.015257570397523484,0.24574845158233782,0.007004899127746572,0.24848038460136995,-4.559696654821144e-05,,,,,,,0.29839383883721876,0.2766016948916872,,0.3958,0.2756,0.08220262769631893,54.065498150992376,-0.009839263047144053,-0.01431721826051918,0.004477955213375127,0.24848038460136995,0.3358366575574871,0.1611241116452528,0.7117785592015498,59193616.4,1.1415001297335838,1344567.2389664373,0.006699999999999984,0.0049000000000000155,0.0015000000000000013,0.0131,0.511450381679388,0.4572320172500025,0.5427679827499976,0.0015408722567113427,0,1,8,3,False,False,crash
2024-08-21,0.3434,0.3775,0.3423,0.30942705189837316,120694348.6,1724284799999,43563016.46901,247209.0,61404747.1,22168789.50533,0,0.08388059635772227,0.08054774598888095,0.26348182375852414,0.01942041127794733,0.2559234022326463,0.01017495065030849,0.2505658366830873,0.0020854520817173428,,,,,,,0.2962016460235152,0.2758018859538628,,0.3952,0.2756,0.282834882093421,57.946321640930755,-0.0044477441228762404,-0.012343323432990595,0.007895579310114354,0.2505658366830873,0.3417628360837424,0.15936883728243217,0.8227146485198011,65455203.77,1.8439228915106927,8962451.62871288,0.025500000000000023,0.008599999999999997,0.0010999999999999899,0.03520000000000001,0.7244318181818187,0.5087624053012206,0.4912375946987794,0.0020482234907227463,0,2,8,3,False,False,crash
2024-08-22,0.3689,0.3775,0.3642,0.3064620325624172,74918204.0,1724371199999,27734780.14039,156326.0,36937171.0,13670395.84948,0,-0.009582288677622675,-0.009628494212534968,0.2744418559338488,0.010960032175324652,0.2591825698014341,0.003259167568787802,0.24889116811137635,-0.0016746685717109466,,,,,,,0.2846304425135595,0.2706407524946426,,0.3775,0.2756,0.30286587401783327,51.12887135785943,-0.0004094588258437559,-0.009956550511561229,0.009547091685717473,0.24889116811137635,0.33421783451300446,0.16356450170974823,0.8373556408500589,65356857.88000001,1.1462944583039063,1502831.9587964308,0.007400000000000018,0.0011999999999999789,0.004699999999999982,0.013299999999999979,0.5563909774436112,0.49303332204813666,0.5069666779518633,0.002086622364839392,0,3,8,3,False,False,crash
2024-08-23,0.3763,0.3926,0.3736,0.3471899682916919,103804942.5,1724457599999,39686362.78498,268214.0,52913982.6,20233126.9693,0,0.13289716637567373,0.12477821568107314,0.3047572206744796,0.03031536474063079,0.2725045768802587,0.013322007078824583,0.25455259072212805,0.0056614226107516985,,,,,,,0.26961211077540403,0.25935266669969304,,0.3926,0.2756,0.6118800708691615,59.35488806034816,0.006008058246540882,-0.006763628759940807,0.012771687006481689,0.25455259072212805,0.3501193383895719,0.1589858430546842,0.9846736957708675,71059455.92,1.4608181438493626,4110267.454823278,0.014899999999999969,0.0014000000000000123,0.0027000000000000357,0.019000000000000017,0.7842105263157871,0.5097443467106588,0.4902556532893412,0.0025838268731761013,0,4,8,3,False,False,crash
2024-08-24,0.3912,0.4014,0.3877,0.22618105759128682,68874709.6,1724543999999,27123357.61733,205788.0,33445378.9,13169015.57391,0,-0.34853803897565194,-0.4285362708841313,0.29494817323857336,-0.009809047435906215,0.26187600766081337,-0.010628569219445327,0.25362826293785473,-0.0009243277842733155,,,,,,,0.24361055757578234,0.2742112265055178,,0.4014,0.2756,-0.3928373800374659,50.71409482266296,0.0013144270850259931,-0.005148017590947448,0.006462444675973441,0.25362826293785473,0.3499521780530036,0.15730434782270583,0.35752652747888947,72714023.79999998,0.9471998109943685,404938.2210633936,0.0023000000000000242,0.007899999999999963,0.003500000000000003,0.01369999999999999,0.16788321167883402,0.4855973853717708,0.5144026146282292,0.0029878601477254,0,5,8,3,False,False,crash
2024-08-25,0.3935,0.3944,0.3775,0.38130015704912157,64228390.3,1724630399999,24732018.3711,241718.0,30284031.9,11663011.18382,0,0.6858182604227527,0.5222510604259807,0.3141120534785781,0.01916388024000476,0.2790867329795775,0.01721072531876411,0.2585645227036314,0.004936259765776663,,,,,,,0.29333935610239015,0.31028760568724373,,0.4014,0.3114,0.7766684116569065,59.64552342153336,0.009996274683495121,-0.0021191591360589343,0.012115433819554055,0.2585645227036314,0.37005847054509616,0.14707057486216663,1.0504138866802446,71766370.84,0.8949650030819365,-1403720.8553494308,0.008599999999999997,0.0008999999999999564,0.007400000000000018,0.01689999999999997,0.5088757396449711,0.47150538505711237,0.5284946149428876,0.003763413637971868,0,6,8,3,False,False,crash
2024-08-26,0.3849,0.388,0.3659,0.22285947415606472,85653817.5,1724716799999,32118143.22696,227132.0,39649226.3,14862970.34921,0,-0.41552745249104495,-0.5370454666512838,0.29679853793011646,-0.017313515548461667,0.2801401808443203,0.001053447864742818,0.25859959284372935,3.507014009795917e-05,,,,,,,0.33524981310283797,0.3225655254526257,,0.4014,0.3161,-1.0930894002806013,47.429572082247844,0.004045231577624597,-0.000886280993322228,0.004931512570946825,0.25859959284372935,0.3700457546096422,0.14715343107781653,0.3396529852560782,71413580.07000001,1.1994051749827082,-4183662.689010142,0.01880000000000004,0.0030999999999999917,0.00019999999999997797,0.02210000000000001,0.8506787330316756,0.46290086603553887,0.5370991339644611,0.002651744039312667,0,0,8,3,False,False,crash
2024-08-27,0.3661,0.3729,0.3419,0.24663509677596887,95443201.9,1724803199999,34428530.95745,223076.0,48126471.1,17367349.11793,0,0.10668437009437826,0.10136849120556904,0.2848331507728268,-0.011965387157289675,0.27963750335333776,-0.0005026774909825393,0.26156236657785986,0.0029627737341305083,,,,,,,0.33273148815286846,0.3192092146528159,,0.4014,0.3187,-0.8714014900124681,51.708181538412944,0.0012332647768622529,-0.0004623718392853319,0.0016956366161475847,0.26156236657785986,0.3680779720440226,0.15504676111169713,0.42992918860779983,77201602.13,1.236285248838268,-4119100.2185741584,0.01579999999999998,0.006800000000000028,0.008400000000000019,0.031000000000000028,0.5096774193548377,0.5042420009171968,0.4957579990828032,0.0023372644207151224,0,1,8,3,False,False,crash
2024-08-28,0.3503,0.3606,0.3406,0.20811915006026085,90938224.2,1724889599999,31959995.68488,288052.0,42917920.7,15092345.40546,0,-0.15616571696076975,-0.16979915077471405,0.2570189871265406,-0.027814163646286194,0.2808881039005101,0.0012506005471723536,0.25739805372548225,-0.004164312852377616,,,,,,,0.3273887479358426,0.3001198751509909,,0.4014,0.3202,-1.3803060337406299,42.90381955880001,-0.004056394588827006,-0.0011811763891936668,-0.002875218199633339,0.25739805372548225,0.3655015302557667,0.1492945771951978,0.27207530577697825,83155495.37,1.093592477506998,-25960.09825863615,9.999999999998899e-05,0.010299999999999976,0.009599999999999997,0.019999999999999962,0.004999999999999459,0.47194588499562984,0.5280541150043702,0.0031675569050753465,0,2,8,3,False,False,crash
2024-08-29,0.3502,0.3676,0.3491,0.3478304751210138,80645542.3,1724975999999,28871272.77741,197636.0,43813821.6,15686578.10042,0,0.6713045148430576,0.5136044681050476,0.2813488706324859,0.024329883505945338,0.28814852193552964,0.0072604180350195335,0.26344603719506043,0.006047983469578189,0.2841200760441204,,,,,,0.3674213571321415,0.32691459288436703,,0.4014,0.3202,0.34027678720460347,57.765974123675456,0.0029905750820899413,-0.0003468260949369452,0.0033374011770268865,0.26344603719506043,0.37771696702363866,0.1491751073664822,0.869229680954471,85277090.17,0.9456882515483701,1750160.2555111304,0.007599999999999996,0.009799999999999975,0.0010999999999999899,0.01849999999999996,0.41081081081081144,0.5432888210610992,0.45671117893890084,0.0024506748217377914,0,3,8,3,False,False,crash
2024-08-30,0.3577,0.3621,0.3373,0.3408543119599872,103161060.8,1725062399999,36065503.48475,192643.0,47427669.0,16579520.38026,0,-0.02005621605927277,-0.020260072288646482,0.27325970161465907,-0.008089169017826858,0.29368587754661857,0.005537355611088923,0.2697171645644782,0.006271127369417762,0.28541722948201576,0.001297153437895382,,,,,0.36858660463780696,0.3264035549420301,0.26841089560428627,0.4014,0.3202,0.25436344778309405,57.168872732408474,0.007921121494241123,0.0013067634228986686,0.006614358071342455,0.2697171645644782,0.3866290932029317,0.15280523592602469,0.8042339144686358,88836244.16999999,1.1612496877129066,-3142693.020458368,0.010800000000000032,0.0043999999999999595,0.009599999999999997,0.02479999999999999,0.43548387096774344,0.45974390561908607,0.5402560943809139,0.001867400339877079,0,4,8,3,False,False,crash
2024-08-31,0.3469,0.3504,0.3444,0.2624601833117016,27057484.0,1725148799999,9401221.31354,59163.0,14149805.9,4916109.7127,0,-0.22999306711862355,-0.2613557604328936,0.2811798434457865,0.007920141831127436,0.2889891906879515,-0.004696686858667087,0.2724562964602989,0.002739131895820701,0.2836773065672804,-0.0017399229147353479,,,,,0.38072801693579905,0.33254334577674644,0.2689348648126432,0.4014,0.3202,-0.7110814863090932,50.57714274954562,0.005440153332453679,0.002133441404809671,0.003306711927644008,0.2724562964602989,0.3857594186216888,0.15915317429890902,0.45588774184722497,79472557.71,0.3404632338465101,-148196.07840876366,0.0019000000000000128,0.003500000000000003,0.0005999999999999894,0.006000000000000005,0.31666666666666854,0.522953497819679,0.47704650218032096,0.002186566940222528,0,5,8,3,False,False,crash
2024-09-01,0.3451,0.3458,0.3267,0.2656538592504046,63866107.4,1725235199999,21576847.55713,152324.0,29804408.5,10079642.1745,0,0.012168230237460831,0.012094792462209389,0.2849835959406736,0.0038037524948870693,0.2849083733567502,-0.004080817331201303,0.27204547157909215,-0.00041082488120675054,0.28301186654890015,-0.0006654400183802589,,,,,0.3804646339323372,0.3270227866895925,0.26780463756550904,0.4014,0.3202,-0.671750501842308,53.96767214375649,0.003689144980494552,0.002444582119946647,0.001244562860547905,0.27204547157909215,0.3853865832991361,0.15870435985904818,0.4718036455100465,78367348.05,0.8149581297462317,-2573156.211188397,0.014000000000000012,0.0006999999999999784,0.004400000000000015,0.019100000000000006,0.7329842931937177,0.4666701903927215,0.5333298096072785,0.0023850522006293434,0,6,9,3,False,False,crash
2024-09-02,0.331,0.3374,0.325,0.26160728569441893,70472662.0,1725321599999,23346486.10924,213393.0,36217495.7,11998791.29022,0,-0.015232504309946271,-0.015349710657767303,0.2956812230675052,0.010697627126831644,0.27635010509702285,-0.00855826825972733,0.2744273409886408,0.0023818694095486537,0.28354759610614405,0.0005357295572439025,,,,,0.37949525991473926,0.32150677488694107,0.2655636469481816,0.4014,0.3202,-0.7215851515465647,49.156274516874284,0.001952427213319785,0.002346151138621275,-0.00039372392530148985,0.2744273409886408,0.3845872281487498,0.16426745382853178,0.44181159937287845,75034120.0,0.9392082162088394,1085504.609483532,0.005199999999999982,0.0011999999999999789,0.006000000000000005,0.012399999999999967,0.41935483870967716,0.5139226286073882,0.48607737139261176,0.003028025250415544,0,0,9,3,False,False,crash
2024-09-03,0.3362,0.3398,0.3172,0.2474321969594726,75474745.4,1725407999999,24655499.10051,222493.0,36247934.7,11862362.51078,0,-0.05418460994815,-0.05570787691082861,0.275601567435197,-0.020079655632308235,0.2784752190338414,0.002125113936818579,0.27017561334732737,-0.00425172764131343,0.2830057406017991,-0.0005418555043449347,,,,,0.35774649069036113,0.29989037137403807,0.2651251374220892,0.4014,0.3172,-0.828596235635717,47.65420933612358,-0.000561275292107144,0.001764665852475591,-0.0023259411445827353,0.27017561334732737,0.37742919832461214,0.1629220283700426,0.3939736308456655,75694123.58000001,0.9971017805659887,-3973536.5662700767,0.017699999999999994,0.003599999999999992,0.0013000000000000234,0.02260000000000001,0.783185840707964,0.4802657433012023,0.5197342566987977,0.0029479132234343382,0,1,9,3,False,False,crash
2024-09-04,0.3184,0.3293,0.305,0.25882216517840434,120424863.1,1725494399999,38272165.26498,343762.0,60542119.0,19252779.45467,0,0.04603268434300545,0.045004612136395165,0.25919513807888045,-0.016406429356316532,0.2662274198467698,-0.01224779918707164,0.2726570764131736,0.0024814630658462344,0.2810353841512948,-0.001970356450504307,,,,,0.28235400782020165,0.2850752960208653,0.26222203269170696,0.4014,0.305,-0.47902318279663547,46.83101561808269,-0.0016157025789843016,0.0010885921661836126,-0.0027042947451679142,0.2726570764131736,0.3762023183226372,0.16911183450371006,0.4331938823086335,81313770.85999998,1.4809897736428752,1739260.189199362,0.004699999999999982,0.006199999999999983,0.013400000000000023,0.02429999999999999,0.19341563786008165,0.5027377025102053,0.49726229748979467,0.0028545766310279492,0,2,9,3,False,False,crash
2024-09-05,0.3231,0.3401,0.3195,0.2874111341308175,116970963.2,1725580799999,38329928.95744,282145.0,60910843.3,19969575.61928,0,0.11045796225646654,0.10477250884652022,0.2641853282427036,0.004990190163823127,0.27268258584424504,0.006455165997475254,0.2764113833442826,0.0037543069311090083,0.2809480936841513,-8.729046714350819e-05,,,,,0.24385071999218053,0.28533544790703125,0.26075343438735055,0.4014,0.305,-0.18245711482554478,48.84408878788495,-0.00014280674681255157,0.0008423123835843798,-0.0009851191303969313,0.2764113833442826,0.3761199134678158,0.17670285322074938,0.5551595273388686,84445485.42999999,1.3851653833757827,724054.2445063454,0.0020000000000000018,0.015000000000000013,0.003599999999999992,0.020600000000000007,0.09708737864077675,0.5207347330794656,0.4792652669205344,0.0024120943547124695,0,3,9,3,False,False,crash
2024-09-06,0.3251,0.3319,0.3034,0.2664211295542048,132485885.1,1725667199999,42088731.58756,379329.0,61635923.8,19583316.90928,0,-0.0730312854444215,-0.07583546311677991,0.26433878230346364,0.00015345406076006096,0.2746611891220686,0.001978603277823565,0.2771493462377032,0.0007379628934205962,0.2783843761004245,-0.00256371758372681,,,,,0.24558786209612313,0.28475182202932275,0.25694583588778586,0.4014,0.3034,-0.3773354127121958,44.979099099900566,-0.0006616174229113203,0.0005415264222852398,-0.0012031438451965601,0.2771493462377032,0.3763035400454914,0.17799515242991507,0.4459013468240426,88149753.75,1.5029637572867298,-4197491.8995078355,0.010299999999999976,0.006799999999999973,0.011400000000000021,0.02849999999999997,0.36140350877192934,0.46522634281740555,0.5347736571825945,0.00286316538334392,0,4,9,3,False,False,crash
2024-09-07,0.3148,0.3278,0.3145,0.17973063939372136,44625799.5,1725753599999,14403332.42672,113613.0,19949703.6,6438210.63662,0,-0.32538894458386347,-0.3936189683831243,0.24796345304332412,-0.016375329260139515,0.27182233805541467,-0.0028388510666539357,0.2763552209779624,-0.0007941252597408188,0.27419660520762545,-0.0041877708927990365,,,,,0.264849246652678,0.2905550429688028,0.261566979004603,0.4014,0.3034,-1.2619322510844764,46.98376939196023,-0.007976033920714942,-0.0011619856463147965,-0.0068140482744001455,0.2763552209779624,0.3784692148394783,0.17424122711644646,0.026878844268492134,83518511.28,0.5343222576177127,1488471.7114040642,0.010499999999999954,0.0025000000000000022,0.00030000000000002247,0.013299999999999979,0.7894736842105241,0.44704417228424115,0.5529558277157589,0.0025459039675020277,0,5,9,3,False,False,crash
2024-09-08,0.3253,0.3409,0.3237,0.28082734856344593,71465766.9,1725839999999,23957127.56624,160840.0,33012524.8,11068928.37728,0,0.5624901213880411,0.4462807802967799,0.2546424833641188,0.006679030320794699,0.2651220253996579,-0.006700312655756768,0.2766352736675938,0.00028005268963138263,0.2723525962073371,-0.0018440090002883602,,,,,0.23535414937946847,0.3029263836708582,0.2725866309226092,0.4014,0.3034,-0.23033317792402117,42.983598846730345,-0.005551112394962365,-0.0020398109960443104,-0.003511301398918055,0.2766352736675938,0.37876695197064625,0.1745035953645413,0.5205228924340847,82600533.74,0.8651973984205881,3009778.6859207014,0.013700000000000045,0.0018999999999999573,0.0015999999999999903,0.017199999999999993,0.7965116279069797,0.46193480084238764,0.5380651991576124,0.0022505880364379043,0,6,9,3,False,False,crash
2024-09-09,0.339,0.3489,0.3376,0.18655955202915378,80797659.4,1725926399999,27714662.69312,177186.0,41982634.8,14402352.58057,0,-0.3356788326226521,-0.40898956063471925,0.24018996073426865,-0.014452522629850167,0.24969254940657457,-0.015429475993083336,0.2716892134765966,-0.004946060190997192,0.2704080674853515,-0.0019445287219855834,,,,,0.25855960515541615,0.31437026728810813,0.27484650417360723,0.4014,0.3034,-1.1922494690902679,47.21546271048047,-0.011107922747664256,-0.0038534333463683,-0.007254489401295956,0.2716892134765966,0.38132286321122727,0.1620555637419659,0.11175395668437578,80364193.6,1.0053937678035758,1072535.3017699043,0.004500000000000004,0.00539999999999996,0.0014000000000000123,0.011299999999999977,0.3982300884955764,0.5196021160979324,0.48039788390206767,0.0021929595648658108,0,0,9,3,False,False,crash
2024-09-10,0.3434,0.3457,0.3374,0.20720764320066454,51064979.8,1726012799999,17461709.76715,104783.0,23420288.4,8010306.17411,0,0.11067828447767747,0.10497089579577423,0.2241492625482381,-0.016040698186030544,0.24416729539547086,-0.0055252540111037085,0.2665782430417111,-0.0051109704348854534,0.26846168315589614,-0.001946384329455375,,,,,0.25166686406987515,0.3147074300724377,0.27502969625902074,0.4014,0.3034,-0.9815546612177091,46.960970440698084,-0.0136878219020804,-0.00582031105751072,-0.00786751084456968,0.2665782430417111,0.3783148596314877,0.15484162645193458,0.23432791481857537,82764943.18,0.6169880366973991,-59464.31417758648,0.00029999999999996696,0.0023000000000000242,0.005700000000000038,0.00830000000000003,0.0361445783132489,0.45863698549822984,0.5413630145017702,0.0020519542044350326,0,1,9,3,False,False,crash
2024-09-11,0.3431,0.3573,0.33,0.1964691943397004,76745712.0,1726099199999,26214315.0098,140301.0,37260889.0,12740980.46283,0,-0.051824578934884125,-0.053215750527885436,0.21015887550533718,-0.013990387042900926,0.23724882890440044,-0.0069184664910704186,0.26107860113057535,-0.0054996419111357775,0.2675610169691593,-0.0009006661867368426,,,,,0.25224424549882,0.3150774323764446,0.2732100481768608,0.4014,0.3034,-1.0911306700030574,49.061860503983375,-0.016409752238157632,-0.007938199293640104,-0.008471552944517529,0.26107860113057535,0.3753485772796523,0.14680862498149835,0.21729491434134326,84052903.64,0.9130643758448034,2259200.498979897,0.010099999999999998,0.0040999999999999925,0.0131,0.02729999999999999,0.36996336996337,0.4855110211238903,0.5144889788761097,0.0018281281956182777,0,2,9,3,False,False,crash
2024-09-12,0.3532,0.3617,0.352,0.28307366505154,83045574.5,1726185599999,29602545.02477,129723.0,40493315.7,14434166.53931,0,0.44080432559874105,0.3652015170952172,0.23082748063690092,0.02066860513156374,0.23939546684011254,0.002146637935712098,0.2578727859685677,-0.0032058151620076303,0.26787883939126356,0.0003178224221042636,,,,,0.28834128317753577,0.3281041739232283,0.2791544384351217,0.4014,0.3034,-0.20741158110673452,44.29757448887781,-0.011446694271026847,-0.008639898289117452,-0.002806795981909395,0.2578727859685677,0.3653675110766027,0.15037806086053274,0.6172191428818705,85310194.89000002,0.9734542818367717,752394.7859569599,0.0031999999999999806,0.005300000000000027,0.0012000000000000344,0.009700000000000042,0.3298969072164914,0.4876035350926497,0.5123964649073504,0.0015620699932661674,0,3,9,3,False,False,crash
2024-09-13,0.3563,0.365,0.3503,0.3390919182890844,61642001.2,1726271999999,22055527.65031,114399.0,29896150.6,10701382.49645,0,0.19789284611602764,0.18056405171630197,0.24248039458202864,0.011652913945127713,0.2485614389730737,0.009165972132961164,0.2635183290034576,0.005645543034889899,0.268644710507224,0.000765871115960437,,,,,0.2899120551254065,0.3169559502436232,0.27981093415165775,0.3944,0.3034,0.392218882297631,49.85714398816899,-0.002959119317476111,-0.007503742494789184,0.004544623177313073,0.2635183290034576,0.37576011626173544,0.1512765417451798,0.8366553185389216,83926920.47,0.7344723344404633,726420.8895622828,0.0042999999999999705,0.004400000000000015,0.006000000000000005,0.01469999999999999,0.29251700680271925,0.48499643129691256,0.5150035687030875,0.0018558612272957808,0,4,9,3,False,False,crash
2024-09-14,0.3606,0.3617,0.351,0.33628840052787246,40948020.2,1726358399999,14578837.84586,83311.0,19781177.5,7041374.53153,0,-0.008267722142589973,-0.008302089313873849,0.27242616428177235,0.02994576969974372,0.2563080625080205,0.007746623534946817,0.2612677411773951,-0.0022505878260625223,0.26945606102866965,0.0008113505214456529,,,,,0.2908811831653873,0.2811959655065105,0.2797792106780621,0.388,0.3034,0.38875177928927246,56.82013270726036,0.0035007698340407956,-0.005302840029023189,0.008803609863063985,0.2612677411773951,0.3650520932212903,0.1574833891334999,0.8614256767665113,75979236.17999999,0.5389369814536086,-760820.120188574,0.006699999999999984,0.0011000000000000454,0.0029000000000000137,0.010700000000000043,0.6261682242990614,0.48308019297108773,0.5169198070289123,0.0020345550186086896,0,5,9,3,False,False,crash
2024-09-15,0.354,0.3563,0.3341,0.19792212528698228,67858002.3,1726444799999,23456694.8499,118876.0,32918158.4,11383533.82812,0,-0.41145122764774644,-0.5300954800110432,0.2705690606990359,-0.0018571035827364413,0.24735916162363702,-0.008948900884383493,0.260020873733941,-0.0012468674434540916,0.26592379431928004,-0.0035322667093896087,,,,,0.32607507427494803,0.280858349165118,0.28486140758997586,0.3729,0.3034,-1.5176672620578089,44.99340146210089,-0.0025157238110131708,-0.004745416785421185,0.0022296929744080145,0.260020873733941,0.3663169242840176,0.15372482318386443,0.20789719784695238,71067940.09,0.9548328291781785,-2952848.927437124,0.015499999999999958,0.0023000000000000242,0.004400000000000015,0.022199999999999998,0.6981981981981964,0.48510355867048566,0.5148964413295144,0.0017518346542895503,0,6,9,3,False,False,crash
2024-09-16,0.3386,0.3386,0.3264,0.3058109430566584,66210102.2,1726531199999,21961646.14068,117729.0,31693768.5,10517118.11001,0,0.545107413399285,0.43509343116886384,0.29243741044242755,0.021868349743391635,0.25129814297388237,0.003938981350245341,0.2629796660479755,0.0029587923140345085,0.26623675024322013,0.00031295592394009475,,,,,0.36475127861525397,0.3034528629700712,0.2918275650583145,0.3676,0.3034,0.03755363016601869,52.83259851852381,0.0014056837115086207,-0.0035151966860352242,0.004920880397543845,0.2629796660479755,0.37098746460339654,0.15497186749255448,0.6982786316429979,64440361.8,1.027463228798942,-1603907.9410339799,0.00830000000000003,0.0,0.003899999999999959,0.012199999999999989,0.6803278688524621,0.4786847844497059,0.5213152155502941,0.0017781123437081781,0,0,9,3,False,False,crash
2024-09-17,0.3302,0.3431,0.3284,0.2043782850938344,58973434.3,1726617599999,19759440.14434,103629.0,29553819.7,9900482.43885,0,-0.3316841998817266,-0.4029944624906982,0.2766983344508864,-0.015739075991541174,0.2537629075438937,0.002464764570011324,0.26279262279965415,-0.00018704324832136132,0.26248140192134817,-0.003755348321871965,,,,,0.3655188011246011,0.31216579947906753,0.2929309076830093,0.3676,0.3034,-1.54239431318015,47.518576516388386,-0.0036295017275558283,-0.0035380576943393454,-9.144403321648294e-05,0.26279262279965415,0.37121261273985134,0.15437263285945696,0.23061085073868665,65875125.279999994,0.8952306967058569,624907.72040569,0.003599999999999992,0.00930000000000003,0.0017999999999999683,0.01469999999999999,0.24489795918367308,0.5011378436883741,0.4988621563116259,0.0017572149431358452,0,1,9,3,False,False,crash
2024-09-18,0.3337,0.3443,0.3272,0.19005087183379654,70247471.4,1726703999999,23468594.36136,136571.0,35581883.8,11890086.42745,0,-0.07010242430334435,-0.07268083255950228,0.24689012515982883,-0.02980820929105754,0.24468525987092873,-0.009077647672964956,0.2549036426352933,-0.007888980164360848,0.25900155406839054,-0.0034798478529576293,,,,,0.3234856205428562,0.27535349778304663,0.29292034909969394,0.365,0.3034,-1.8400832494513553,46.0497241676924,-0.008676013294830948,-0.004565648814437666,-0.004110364480393282,0.2549036426352933,0.3601861731839682,0.14962111208661846,0.1920060219700283,65753295.730000004,1.068349055664894,2167612.209167173,0.01040000000000002,0.00019999999999997797,0.006500000000000006,0.017100000000000004,0.608187134502925,0.5065219158906266,0.49347808410937344,0.001944141152388867,0,2,9,3,False,False,crash
2024-09-19,0.3442,0.3564,0.3442,0.27693336008990016,88788525.3,1726790399999,31095073.69584,119369.0,44421812.7,15558251.33437,0,0.45715385263838293,0.37648511713474375,0.23501911707223436,-0.011871008087594476,0.25372264067700334,0.009037380806074607,0.25170759504178897,-0.0031960475935043364,0.2588123673665873,-0.0001891867018032345,,,,,0.32688499882438343,0.29317325157009394,0.2970482512421599,0.365,0.3034,-0.4296532452938287,49.43592394457437,-0.0056001641684788606,-0.004772551885245905,-0.0008276122832329555,0.25170759504178897,0.3496274869764431,0.15378770310713483,0.6288081744664576,66552382.32000001,1.3341149062565967,1780415.0670444495,0.006799999999999973,0.005400000000000016,0.0,0.012199999999999989,0.5573770491803262,0.5003102884061529,0.49968971159384706,0.0013444192208021727,0,3,9,3,True,False,crash
2024-09-20,0.351,0.3613,0.3488,0.2122679007486807,63999487.4,1726876799999,22773273.44332,119741.0,30532011.6,10872167.03777,0,-0.23350548781926195,-0.2659277402774532,0.23788827216457403,0.002869155092339676,0.254228666431805,0.0005060257548016311,0.2491979809136379,-0.0025096141281510664,0.2577033651762804,-0.001109002190306907,,,,,0.3419832482959793,0.2933374413027184,0.2992062335814292,0.365,0.3034,-1.4794171956383004,47.21557442314471,-0.008284989510739332,-0.005475039410344591,-0.0028099501003947414,0.2491979809136379,0.34852027177402245,0.14987569005325335,0.314089667862831,67845833.08,0.9433075620802739,218801.66632478553,0.0012000000000000344,0.009099999999999997,0.0021999999999999797,0.012500000000000011,0.09600000000000267,0.4770665022545165,0.5229334977454835,0.0018709681102852085,0,4,9,3,False,False,crash
2024-09-21,0.3522,0.36,0.3505,0.25427698425193856,40999174.4,1726963199999,14571366.98161,81158.0,20758021.4,7378906.53379,0,0.19790596390264126,0.18057500237422772,0.2275814804036301,-0.010306791760943929,0.2600094454230288,0.005780778991223812,0.2486291371637146,-0.0005688437499233034,0.25598979678138645,-0.0017135683948939495,,,,,0.34256223651752576,0.29571961798725493,0.298231817066671,0.365,0.3034,-0.7974515543516468,54.01759021383397,-0.006942917354008371,-0.005768614999077347,-0.0011743023549310241,0.2486291371637146,0.3476845566569669,0.1495737176704623,0.5285085213768071,64271179.31999999,0.637909166033333,721734.4726859699,0.006199999999999983,0.0015999999999999903,0.0017000000000000348,0.009500000000000008,0.6526315789473661,0.5063034000996859,0.4936965999003141,0.001979503275070827,0,5,9,3,False,False,crash
2024-09-22,0.3584,0.3594,0.3427,0.30681853096709943,53113544.0,1727049599999,18648055.27942,116448.0,24858484.8,8729201.12544,0,0.2066311540925878,0.18783230642647983,0.2480695295782831,0.020488049174652995,0.26238393201458476,0.00237448659155598,0.2508896994273486,0.002260562263634025,0.25744693707919525,0.001457140297808801,,,,,0.32244822675877627,0.2977754288049478,0.294928602776091,0.365,0.3034,0.055495632582782985,51.47812501757293,-0.0016209662983344697,-0.004939085258928772,0.003318118960594302,0.2508896994273486,0.3532021795007312,0.14857721935396606,0.7733236038244623,61277976.269999996,0.8667640028772119,-992915.0245535697,0.006699999999999984,0.0010000000000000009,0.009000000000000008,0.016699999999999993,0.4011976047904184,0.46802534585152145,0.5319746541484786,0.0021924351348123184,0,6,9,3,False,False,crash
2024-09-23,0.3516,0.3658,0.3453,0.3516910365911628,80568015.7,1727135999999,28798880.72153,141180.0,40209564.7,14384132.16489,0,0.14625096301264517,0.13649658473007792,0.28039756252975634,0.03232803295147324,0.2636438438447926,0.0012599118302078494,0.25610264140893313,0.005212941981584507,0.25958740554548343,0.002140468466288181,,,,,0.3203113262450508,0.29749260686928136,0.2952746798348428,0.3658,0.3034,0.7738948171660703,59.95008904012371,0.006146699123253663,-0.0027219283824922854,0.008868627505745949,0.25610264140893313,0.3678615143337497,0.14434376848411656,0.9276546133680802,63170577.720000006,1.2754041297059708,2748979.7793574133,0.0121,0.0020999999999999908,0.006300000000000028,0.020500000000000018,0.5902439024390238,0.4990760210568274,0.5009239789431726,0.0017523082674108853,0,0,9,3,False,False,crash
2024-09-24,0.3636,0.3916,0.3584,0.2607596129001739,111968849.8,1727222399999,41883298.55876,216772.0,55011582.4,20583507.39602,0,-0.2585548513614685,-0.29915409365545514,0.27716281309181107,-0.0032347494379452724,0.2560909650820227,-0.007552878762769888,0.2561995137950216,9.68723860884646e-05,0.25915109856881513,-0.0004363069766682992,,,,,0.33480384261151724,0.3058709538476644,0.2979741025464343,0.3916,0.3034,-0.4834511009050578,52.97483719069535,0.004908640237487383,-0.0011958146584963518,0.006104454895983735,0.2561995137950216,0.36797167006465314,0.14442735752539004,0.5203990835345068,70272660.67999999,1.5933486610087468,7419437.118999161,0.0242,0.0038000000000000256,0.005199999999999982,0.03320000000000001,0.7289156626506023,0.49131148974256944,0.5086885102574306,0.0019360027399334776,0,1,9,3,False,False,crash
2024-09-25,0.3878,0.394,0.3788,0.3172634522530527,80684494.9,1727308799999,31049646.40542,154577.0,39623185.2,15245116.40391,0,0.21668938193473242,0.1961335488353483,0.2981619233926855,0.020999110300874424,0.2680250977786297,0.01193413269660698,0.25769212970113337,0.0014926159061117716,0.2610532061867941,0.0019021076179789875,,,,,0.30109506025354116,0.3080044604814063,0.29673887971481067,0.394,0.3034,0.153018236788661,56.385502191198896,0.008390140942173774,0.0007213764616376733,0.0076687644805361,0.25769212970113337,0.3719880541555082,0.14339620524675856,0.7606012543154996,71555309.94000001,1.1275822153192394,-1435593.127411029,0.006899999999999962,0.006200000000000039,0.0020999999999999908,0.015199999999999991,0.4539473684210504,0.4910879748222852,0.5089120251777148,0.001915820383973179,0,2,9,3,False,False,crash
2024-09-26,0.3809,0.404,0.3779,0.34321022688100267,95788917.1,1727395199999,37848155.72926,195367.0,49746655.0,19664508.47407,0,0.0817830558284871,0.0786106573897319,0.3159485719184983,0.017786648525812798,0.2717650261610642,0.0037399283824344765,0.2615315845674733,0.0038394548663399086,0.264169818282547,0.0031166120957528687,,,,,0.25498756957691415,0.30671606847637395,0.29530416085331496,0.404,0.3145,0.32078465788829785,53.39681638979606,0.01309202646810731,0.003195506462931601,0.00989652000517571,0.2615315845674733,0.38205170595464477,0.14101146318030178,0.8388589447696304,74513191.42999999,1.285529652692263,5155349.962063531,0.020499999999999963,0.0026000000000000467,0.0030000000000000027,0.026100000000000012,0.7854406130268181,0.5193362291387675,0.4806637708612325,0.002039557455232992,0,3,9,3,False,False,crash
2024-09-27,0.4015,0.4158,0.3993,0.3266956944184653,86996776.4,1727481599999,35328672.38515,202415.0,42047927.3,17081138.78807,0,-0.048117833237711904,-0.04931402626081733,0.31992400460877146,0.003975432690273173,0.2839967670935273,0.012231740932463098,0.26887983731871046,0.007348252751237183,0.26487562402876,0.0007058057462130396,,,,,0.222618214929327,0.2945549563961192,0.28653388908989275,0.4158,0.3237,0.03252654091710435,49.26709092075601,0.01530924443052395,0.005618254056450071,0.00969099037407388,0.26887983731871046,0.38628086268187356,0.15147881195554735,0.7462323345171383,77315525.64000002,1.1252174214669155,65020.01225710356,0.00019999999999997797,0.014100000000000001,0.0022000000000000353,0.016500000000000015,0.012121212121210775,0.483327417865106,0.516672582134894,0.002326695406153003,0,4,9,3,False,False,crash
2024-09-28,0.4017,0.4059,0.3922,0.3804553219152967,55901976.6,1727567999999,22364857.09757,144626.0,24792456.5,9924295.55527,0,0.16455566576267922,0.15233961148630865,0.3256768616735982,0.005752857064826755,0.3030372121016773,0.019040445008149998,0.27386123598630296,0.004981398667592507,0.267947314352477,0.003071690323716958,,,,,0.21858558392111072,0.27217753128479955,0.2845317973513292,0.4158,0.3264,0.6046456590077928,52.46290601224155,0.02116043397996492,0.008726690041153042,0.01243374393881188,0.27386123598630296,0.40141251580974446,0.14630995616286147,0.9178479670158659,75880976.16,0.7367060814047388,-153079.8463032086,0.0010999999999999899,0.0041999999999999815,0.008400000000000019,0.01369999999999999,0.08029197080291903,0.44349874562396063,0.5565012543760394,0.0025871357114052385,0,5,9,3,False,False,crash
2024-09-29,0.4006,0.4042,0.3926,0.32660924417300413,42444987.1,1727654399999,16912239.39035,121948.0,20254750.5,8075092.78718,0,-0.14153062039247977,-0.15260426659867368,0.3388467879281643,0.013169926254566089,0.3080048005099877,0.004967588408310408,0.2808637205934955,0.0070024846071925495,0.2701708639445044,0.0022235495920274184,,,,,0.18757694912732464,0.2608959165103129,0.2854650059620866,0.4158,0.3264,0.0023405388479206756,57.92289087226133,0.021208141140626413,0.011222980261047715,0.009985160879578698,0.2808637205934955,0.4035180360360783,0.15820940515091275,0.6864815086792568,71246622.34,0.5957473590459614,-328455.9660758832,0.0030999999999999917,0.003599999999999992,0.0049000000000000155,0.0116,0.26724137931034414,0.477200062572289,0.522799937427711,0.002873083686247604,0,6,9,3,False,False,crash
2024-09-30,0.3976,0.3977,0.3707,0.28439096681121706,80942545.4,1727740799999,31118145.05097,194146.0,38172376.1,14677387.2305,0,-0.12926234671858872,-0.1384145492434903,0.33227229083979715,-0.006574497088367159,0.3152171071162413,0.0072123066062536045,0.28472288677402313,0.003859166180527618,0.27170513237282296,0.0015342684283185526,,,,,0.17347407787360486,0.2639667194996603,0.2863162017133915,0.4158,0.3264,-0.46989970009824356,48.565213527335246,0.017635990538032054,0.012505582316444584,0.00513040822158747,0.28472288677402313,0.4023742411770119,0.1670715323710343,0.49858939166280597,72940928.14000002,1.1096999649448112,-4927822.889761007,0.02429999999999999,9.999999999998899e-05,0.0026000000000000467,0.027000000000000024,0.8999999999999988,0.47159841479361236,0.5284015852063877,0.0023985655385628628,0,0,9,3,False,False,crash
2024-10-01,0.3733,0.386,0.3424,0.2573607679018156,137861330.3,1727827199999,50119679.14483,285437.0,68556338.2,24946125.5856,0,-0.09504591236663473,-0.09987106846595109,0.31510239904395976,-0.01716989179583739,0.315525485481229,0.00030837836498770477,0.2877674654521289,0.0030445786781057582,0.27137494059336853,-0.00033019177945442513,,,,,0.16921062398864228,0.26500637534486765,0.2841938798399534,0.4158,0.3264,-0.7722509183242106,53.941860134394574,0.012480061913163643,0.012500478235788396,-2.0416322624753833e-05,0.2877674654521289,0.39876611674826445,0.17676881415599333,0.3630312296804822,82627143.73,1.6684750806646333,-7866183.5933297705,0.02130000000000004,0.012699999999999989,0.009599999999999997,0.04360000000000003,0.48853211009174374,0.4972847574502188,0.5027152425497812,0.0020704645702958224,0,1,10,4,False,False,crash
2024-10-02,0.352,0.363,0.3355,0.18945330940981553,107703672.0,1727913599999,37630588.0905,230571.0,49968399.8,17483002.79988,0,-0.2638609569190713,-0.3063362608663508,0.28765392204222984,-0.02744847700172992,0.30378896332550065,-0.011736522155728346,0.28308644767004265,-0.004681017782086239,0.2708846088314959,-0.0004903317618726311,,,,,0.17511062943037292,0.2565116107557151,0.28508993547026107,0.4158,0.3264,-1.531842176623988,49.958824538282094,0.0028811745705212832,0.010576617502734973,-0.00769544293221369,0.28308644767004265,0.4024961631938403,0.16367673214624498,0.10793333335775944,88086156.53,1.2227082692990328,-2692591.7999999905,0.008799999999999975,0.01100000000000001,0.007699999999999985,0.02749999999999997,0.31999999999999945,0.46394332590628845,0.5360566740937115,0.0021407905201226564,0,2,10,4,False,False,crash
2024-10-03,0.3432,0.3496,0.3318,0.2074096141922662,79813638.7,1727999999999,27184787.35797,185934.0,40858981.9,13916052.07865,0,0.0947795783477634,0.09055304469269464,0.25304478049762374,-0.03460914154460609,0.289360821085611,-0.01442814223988964,0.27650233246520173,-0.0065841152048409235,0.26838346611962643,-0.002501142711869464,,,,,0.16994616670453347,0.25357974553526796,0.2752676198521168,0.4158,0.3264,-1.3309886555674928,44.70660753481519,-0.003239743331473366,0.007813345335893306,-0.011053088667366671,0.27650233246520173,0.3974216963686363,0.15558296856176718,0.21430250688337832,88010718.83000001,0.906862706736513,488370.16687062284,0.0020999999999999908,0.004300000000000026,0.011400000000000021,0.017800000000000038,0.11797752808988687,0.5119298225905844,0.48807017740941566,0.0023296018453547837,0,3,10,4,False,False,crash
2024-10-04,0.3452,0.3561,0.3429,0.25261732789813224,61770930.4,1728086399999,21665466.49471,141674.0,26861612.0,9418456.01415,0,0.21796344341086837,0.19718015521731086,0.23824639724264934,-0.014798383254974401,0.2885465925854068,-0.0008142285002041838,0.2723187788337148,-0.004183553631486925,0.26925195460035944,0.0008684884807330095,,,,,0.16798293348950252,0.25791970173236906,0.27050237027199003,0.4158,0.3264,-0.8253095313408032,53.165925513100504,-0.004392100784346209,0.0053722561118454025,-0.009764356896191612,0.2723187788337148,0.39028234750184876,0.15435521016558082,0.41649349388959017,82990926.89000002,0.744309440981109,1144899.955285257,0.006500000000000006,0.004400000000000015,0.0023000000000000242,0.013200000000000045,0.49242424242424115,0.4348584653987987,0.5651415346012013,0.00229353838581651,0,4,10,4,False,False,crash
2024-10-05,0.3517,0.3558,0.3454,0.21044375797438677,39356208.5,1728172799999,13835732.6224,97550.0,18428030.6,6478043.32055,0,-0.1669464651322411,-0.18265737133203475,0.22345695547528327,-0.014789441767366074,0.27786462315754024,-0.010681969427866589,0.27294486046808497,0.0006260816343701681,0.26921432984967447,-3.762475068497251e-05,,,,,0.15905249746243844,0.2418205202686773,0.27203344958374187,0.4158,0.3264,-1.2970496870873969,46.5616136763113,-0.008609165896219517,0.0025759717102324187,-0.011185137606451935,0.27294486046808497,0.3893687532632535,0.15652096767291646,0.23157957102645543,78858098.25,0.4990763076130865,-78331.94754052255,0.0007000000000000339,0.0040999999999999925,0.005599999999999994,0.01040000000000002,0.06730769230769544,0.468236939033393,0.5317630609666071,0.0024786432361745417,0,5,10,4,False,False,crash
2024-10-06,0.351,0.3585,0.3479,0.24863838910070207,37440683.0,1728259199999,13194400.03006,88118.0,17964569.6,6332593.04739,0,0.18149567130883493,0.16678115391304837,0.22171247971506056,-0.0017444757602227134,0.26840743937951017,-0.009457183778030065,0.2700862327702872,-0.0028586276977977665,0.26915386019797266,-6.046965170181107e-05,,,,,0.16952038558006638,0.21296339368217512,0.27199118629733715,0.4158,0.3272,-0.8866998972832721,45.331118369409396,-0.008768158974975793,0.0003071455731907765,-0.009075304548166569,0.2700862327702872,0.3859183921842031,0.1542540733563713,0.40741844157051765,73023274.84,0.5127225953921625,693345.9814814846,0.006500000000000006,0.0010000000000000009,0.0030999999999999917,0.010599999999999998,0.613207547169812,0.47981415296296814,0.5201858470370319,0.002353536125396003,0,6,10,4,False,False,crash
2024-10-07,0.3574,0.3685,0.3502,0.31860664521721405,75937962.2,1728345599999,27267471.37073,160841.0,37777800.0,13552480.35022,0,0.2814056846554529,0.24795766649782985,0.24754314687654028,0.02583066716147972,0.26759853445938503,-0.0008089049201251419,0.2757976507764562,0.005711418006168978,0.27161373021054613,0.002459870012573473,,,,,0.1934786786125879,0.2049650872571886,0.2716246331873023,0.4158,0.3272,-0.09699046030232442,47.44781701617214,-0.0032112908538810547,-0.0003965417122235898,-0.002814749141657465,0.2757976507764562,0.3892278645247535,0.16236743702815887,0.6887019032501843,71917393.42,1.0559053740521398,-1338207.445762229,0.006199999999999983,0.011099999999999999,0.0010000000000000009,0.018299999999999983,0.33879781420764965,0.497482404130144,0.502517595869856,0.002118057890154972,0,0,10,4,False,False,crash
2024-10-08,0.3512,0.357,0.3408,0.23621075235265443,54948911.4,1728431999999,19179500.95234,105466.0,27275786.7,9512683.42366,0,-0.25861322763178773,-0.2992328298487113,0.2533033745086179,0.005760227632077619,0.2531740775031208,-0.014424456956264209,0.278105644802399,0.002307994025942839,0.2708334193621829,-0.0007803108483632193,,,,,0.20301902769669444,0.21450330695373632,0.2697792725978554,0.4158,0.3318,-1.1379672338969706,48.080990317739676,-0.005393915080351419,-0.0013960163858491557,-0.003997898694502264,0.278105644802399,0.38592961372882756,0.17028167587597048,0.3057255132282753,71822086.9,0.7650698242242248,-1001346.9047836042,0.006400000000000017,0.005799999999999972,0.0040000000000000036,0.016199999999999992,0.3950617283950629,0.49638447796438057,0.5036155220356194,0.0019193464859069073,0,1,10,4,False,False,crash
2024-10-09,0.3447,0.348,0.3338,0.21338602752659352,69541560.1,1728518399999,23713824.97256,110712.0,35205910.7,12007820.70338,0,-0.09662864454190634,-0.10162156374927897,0.24545711443431015,-0.007846260074307748,0.24185175583847976,-0.01132232166464106,0.27492827817423376,-0.003177366628165257,0.26939152479573275,-0.0014418945664501637,,,,,0.20071155220904055,0.19129701748617112,0.27037724054288076,0.4158,0.3318,-1.4096901484929336,41.42846386843583,-0.00886325495809398,-0.002889464100298121,-0.005973790857795859,0.27492827817423376,0.3865751658359093,0.16328139051255824,0.22438886593000143,74531744.2,0.9330461918802109,-1048770.6279582332,0.005099999999999993,0.0032999999999999696,0.005800000000000027,0.01419999999999999,0.3591549295774646,0.506257130978573,0.493742869021427,0.0015920264060915138,0,2,10,4,False,False,crash
2024-10-10,0.3395,0.3418,0.3315,0.25094720581423374,51099496.5,1728604799999,17220252.45534,95982.0,24005386.5,8091197.97112,0,0.17602454445129556,0.1621397203906902,0.25355780400227956,0.008100689567969416,0.23850737973878142,-0.003344376099698343,0.27686224342751137,0.001933965253277603,0.26822192787405,-0.0011695969216827251,,,,,0.20598084949492707,0.18629093382413378,0.27107844425654914,0.4158,0.3315,-0.9555491599735029,42.53001704142129,-0.008484059671748978,-0.004008383214588292,-0.004475676457160686,0.27686224342751137,0.38523085923967876,0.16849362761534398,0.3804310758282845,71547439.30999999,0.7142044074924421,0.0,9.999999999998899e-05,0.0021999999999999797,0.008000000000000007,0.010299999999999976,0.009708737864076623,0.4697773587651691,0.530222641234831,0.0018783355331103899,0,3,10,4,False,False,crash
2024-10-11,0.3396,0.355,0.3382,0.23797310374302785,49113139.9,1728691199999,17000480.45195,89287.0,24285972.7,8406597.25086,0,-0.05170052413657911,-0.05308492380438609,0.25142474693074474,-0.0021330570715348274,0.23656861332290266,-0.0019387664158787565,0.2760470494020658,-0.0008151940254455536,0.2668521492976622,-0.0013697785763878145,,,,,0.20404044279886793,0.1824433712163779,0.2712690870076665,0.4158,0.3315,-1.109453099133715,42.77524529452792,-0.009125256012381122,-0.005031757774146859,-0.004093498238234263,0.2760470494020658,0.3853720844983842,0.16672201430574743,0.32586812972209994,62672620.27,0.783645867819402,1749908.694905773,0.0121,0.0032999999999999696,0.0014000000000000123,0.01679999999999998,0.720238095238096,0.49449032884985633,0.5055096711501437,0.001817985984642778,0,4,10,4,False,False,crash
2024-10-12,0.3517,0.3568,0.3509,0.2803642670269974,33454950.9,1728777599999,11833834.80273,71587.0,16644939.5,5888190.58134,0,0.1781342623061517,0.16393205352775977,0.24377627129270135,-0.007648475638043384,0.24565970908462081,0.009091095761718154,0.27472433620506076,-0.0013227131970050543,0.2655156352723683,-0.001336514025293889,,,,,0.1847507071899307,0.1809556712038647,0.2716975004029614,0.4158,0.3315,-0.6065923247094024,41.695749629915895,-0.006141995037091008,-0.0052538052267356895,-0.0008881898103553186,0.27472433620506076,0.38311795473506816,0.16633071767505336,0.5260159726117792,55247748.160000004,0.6055441536388584,142685.31802672858,0.0015000000000000013,0.003599999999999992,0.0008000000000000229,0.005900000000000016,0.25423728813559276,0.4975329226981469,0.502467077301853,0.0021398028714488416,0,5,10,4,False,False,crash
2024-10-13,0.3532,0.3596,0.3443,0.25993254953427275,50520578.7,1728863999999,17755450.82405,98538.0,25230744.3,8864557.65962,0,-0.07287561182237678,-0.0756675388392115,0.24852063072902503,0.004744359436323675,0.25091200261882146,0.005252293534200647,0.27013641185221626,-0.004587924352844497,0.266190665111228,0.0006750298388596976,,,,,0.18837098697979124,0.17898675414393928,0.26660898210825007,0.4158,0.3315,-0.8489614527369784,44.1433087853145,-0.005364568659436131,-0.005275957913275778,-8.86107461603525e-05,0.27013641185221626,0.3724080126259231,0.16786481107850942,0.4501139014117845,52318442.160000004,0.9656361430926826,-657969.0317667022,0.004599999999999993,0.006399999999999961,0.004300000000000026,0.01529999999999998,0.30065359477124176,0.4994151878153367,0.5005848121846633,0.001950452717201357,0,6,10,4,False,False,crash
2024-10-14,0.3485,0.3656,0.3422,0.35085167183491517,90929339.3,1728950399999,32476509.76385,151853.0,46318302.8,16534733.55595,0,0.3497796734712306,0.2999413742948541,0.2760137595906894,0.027493128861664384,0.2607354370124998,0.009823434393678332,0.2746410147989533,0.004504602946737046,0.2655816954069439,-0.0006089697042841458,,,,,0.20607902827281951,0.18426108932831295,0.2538091962354281,0.4158,0.3315,0.22955719851619402,55.37763630434326,0.0025584682434436345,-0.003709072681931896,0.00626754092537553,0.2746410147989533,0.3829327566469144,0.16634927295099222,0.8518765869652357,55234283.05,1.6462482045378881,4095211.2077165735,0.015800000000000036,0.0012999999999999678,0.006299999999999972,0.023399999999999976,0.6752136752136775,0.509387873667306,0.490612126332694,0.001670011034601238,0,0,10,4,False,False,crash
2024-10-15,0.3644,0.3711,0.3475,0.3101253270678336,133653350.7,1729036799999,48007256.90598,198732.0,64757369.7,23272822.42121,0,-0.11607852558913956,-0.1233870501420664,0.28784938384140935,0.011835624250719934,0.2707035939218444,0.009968156909344605,0.2742841085396924,-0.0003569062592609362,0.26732701246517926,0.001745317058235385,,,,,0.2006296775921115,0.1816068714340553,0.24654007719986795,0.4158,0.3315,-0.2535548390529827,54.17684222189342,0.005487994231591464,-0.001869659299227224,0.007357653530818688,0.2742841085396924,0.3820300553681556,0.16653816171122912,0.6663228157677346,64663997.27,2.066889712090327,-1907761.2507274328,0.005300000000000027,0.006699999999999984,0.0116,0.02360000000000001,0.22457627118644172,0.4845173679585124,0.5154826320414876,0.0014869211954594117,0,1,10,4,False,False,crash
2024-10-16,0.3592,0.3611,0.3509,0.20610338662479544,72607298.7,1729123199999,25829124.39564,91293.0,37202832.5,13231699.27698,0,-0.3354190430899101,-0.40859857693275436,0.28147544041776285,-0.0063739434236465,0.26645009367425376,-0.004253500247590636,0.26742876652688197,-0.006855342012810406,0.26651637826215585,-0.0008106342030234082,,,,,0.22952641585343048,0.19677074438249392,0.2517804232057851,0.4158,0.3315,-1.4875043105006478,51.24673608740437,-0.0005773808755047405,-0.0016112036144827274,0.0010338227389779869,0.26742876652688197,0.3741517574838487,0.16070577556991522,0.2126889934765116,68180658.84,1.0649251552465637,-1415346.9532163662,0.007099999999999995,0.0018999999999999573,0.0012000000000000344,0.010199999999999987,0.6960784313725494,0.51238419781619,0.48761580218380995,0.0012573529333077915,0,2,10,4,False,False,crash
2024-10-17,0.3522,0.3551,0.3393,0.316322916323529,110730558.5,1729209599999,38422451.35969,99975.0,54846887.6,19039970.91483,0,0.53477786805796,0.42838565920456845,0.28866717027706923,0.007191729859306384,0.26622172078488526,-0.00022837288936849998,0.2669101276221352,-0.0005186389047467932,0.2686804535874212,0.0021640753252653577,,,,,0.2732076894927051,0.23056341273345313,0.26039611889169717,0.4059,0.3315,-0.20399306016762142,57.16525561097294,0.003469565564994115,-0.0005950497785873589,0.004064615343581474,0.2669101276221352,0.3725153749106894,0.16130488033358092,0.7339504426630384,71659918.47,1.5452230600339951,-2798926.357994899,0.009000000000000008,0.0029000000000000137,0.0039000000000000146,0.015800000000000036,0.5696202531645561,0.4953184409342612,0.5046815590657389,0.000902867296564751,0,3,10,4,False,False,crash
2024-10-18,0.3432,0.353,0.3426,0.28008159394065374,56351424.9,1729295999999,19618163.29776,69870.0,28157451.2,9801542.20985,0,-0.11457065078967699,-0.12168261126609276,0.2926969791583454,0.004029808881276187,0.2706088049436852,0.004387084158799959,0.26189144122340297,-0.005018686398732208,0.267325475963814,-0.0013549776236072009,0.27572277600396716,,,,0.259721436383524,0.22996222545859038,0.24474451984104606,0.4042,0.3315,-0.7072683089318609,51.82840715644074,0.0037096652292581966,0.0002658932229817522,0.0034437720062764445,0.26189144122340297,0.35337219137013975,0.17041069107666618,0.5994206578327869,71800169.82,0.7848369306266357,1231455.9637237776,0.007500000000000007,0.0022999999999999687,0.0005999999999999894,0.010399999999999965,0.7211538461538493,0.499675939871398,0.500324060128602,0.001239897662286087,0,4,10,4,False,False,crash
2024-10-19,0.3507,0.357,0.3492,0.22681674739295685,41140586.4,1729382399999,14502635.43403,59718.0,19432375.8,6849017.92291,0,-0.1901761761573777,-0.21093855640138007,0.2678899942699537,-0.024806984888391725,0.2719518769303216,0.0013430719866363572,0.2569018163844006,-0.004989624839002338,0.26504472467247336,-0.0022807512913406436,0.2752309770772446,-0.0004917989267225753,,,0.2669785825364703,0.2318828523876463,0.24654572856143186,0.3977,0.3315,-1.5813180152121329,51.07415315608241,-0.00039354547324871314,0.00013400548373565914,-0.0005275509569843723,0.2569018163844006,0.34431537589283867,0.16948825687596258,0.3279153190842225,68960072.45,0.5965856029201431,70385.94764755997,0.0005999999999999894,0.005699999999999983,0.0015000000000000013,0.007799999999999974,0.07692307692307583,0.4723407588570493,0.5276592411429507,0.001451559280642631,0,5,10,4,False,False,crash
2024-10-20,0.3513,0.3658,0.3482,0.2806846978265193,58891202.7,1729468799999,21035718.7234,87724.0,28691255.9,10245010.4253,0,0.23749547179704922,0.21308955630011397,0.2620018684216909,-0.005888125848262815,0.27492562613155014,0.0029737492012285593,0.25671650293516574,-0.0001853134492348918,0.2654092149627697,0.0003644902902963376,0.27454326076502505,-0.0006877163122195329,,,0.2712398744927174,0.23508961871196124,0.2457104546106335,0.386,0.3315,-0.932390865568454,52.0600395570162,0.0006933315946810459,0.0002458707059247365,0.0004474608887563094,0.25671650293516574,0.3439001017913542,0.16953290407897725,0.6374581641834359,69739243.07,0.8444485501640534,2279875.7663535415,0.013600000000000001,0.0009000000000000119,0.0030999999999999917,0.017600000000000005,0.7727272727272726,0.4871908635684901,0.5128091364315098,0.001489594302342207,0,6,10,4,False,False,crash
2024-10-21,0.3649,0.3729,0.3531,0.22631755897177835,97553069.7,1729555199999,35445304.471,134126.0,48285558.9,17563337.11026,0,-0.19369470183352577,-0.21529282635098052,0.26604470289108745,0.004042834469396572,0.2737600716544252,-0.0011655544771249637,0.25516434248866393,-0.0015521604465018046,0.2646224889571972,-0.0007867260055725023,0.2738171777530487,-0.0007260830119763528,,,0.28025337970025016,0.23873636460368775,0.24773138038522224,0.3729,0.3315,-2.5406386721792678,43.94593008443028,-0.002800007495435186,-0.00036330493434724807,-0.002436702561087938,0.25516434248866393,0.34339866120388707,0.1669300237734408,0.3365330863493786,74583236.05,1.3079758249508135,-1069367.7138942208,0.0040000000000000036,0.008000000000000007,0.007799999999999974,0.019799999999999984,0.20202020202020235,0.4949670886676362,0.5050329113323637,0.0013749029160483712,0,0,10,4,False,False,crash
2024-10-22,0.3609,0.3681,0.355,0.19849753010480434,91803259.8,1729641599999,33294159.15781,122377.0,45075481.4,16350620.62818,0,-0.1229247478338309,-0.13116248394427893,0.2424796256473425,-0.02356507724374496,0.26557339796220586,-0.008186673692219315,0.25561655352341334,0.0004522110347494057,0.26336029384540494,-0.0012621951117922636,0.27345394497577447,-0.0003632327772742361,,,0.27846678218372184,0.23191264300523182,0.24856267492067408,0.3729,0.3315,-3.212620045777674,47.33524842949909,-0.007724306720721497,-0.0018355052916220979,-0.005888801429099399,0.25561655352341334,0.3425154652808438,0.16871764176598286,0.17134787845185578,80418066.94,1.1415750625850594,915743.2399002535,0.003599999999999992,0.003599999999999992,0.005900000000000016,0.0131,0.2748091603053429,0.4910008805591455,0.5089991194408545,0.001333035452843473,0,1,10,4,False,False,crash
2024-10-23,0.3645,0.3692,0.3423,0.2170626184956094,96931163.7,1729727999999,34433375.59756,125022.0,46327629.0,16446418.68946,0,0.0935280574070767,0.08940921915675173,0.22987583055833363,-0.012603795089008857,0.26128640485833954,-0.004286993103866321,0.2560992037385805,0.00048265021516719075,0.26275290227612763,-0.0006073915692773046,0.27287932143896343,-0.0005746235368110364,,,0.2787570957462345,0.23189344943163104,0.24849585577478953,0.3729,0.3315,-2.764187959043252,50.261354853434675,-0.010013373914819212,-0.003471079016261521,-0.0065422948985576915,0.2560992037385805,0.3419719210392082,0.17022648643795285,0.27270670784581197,85059125.44000001,1.139573951631732,-3935750.954074066,0.01479999999999998,0.004699999999999982,0.007400000000000018,0.02689999999999998,0.5501858736059476,0.4779435965855427,0.5220564034144574,0.0012898019091872306,0,2,10,4,False,False,crash
2024-10-24,0.3497,0.3551,0.3396,0.25362947082040843,94252442.0,1729814399999,32590939.37675,121743.0,51725799.7,17875381.93341,0,0.16846222798855015,0.15568854926125383,0.23523837524382393,0.0053625446854903,0.25156418475688885,-0.009722220101450685,0.25614981088469435,5.0607146113823553e-05,0.26264904838896774,-0.00010385388715988819,0.2718422162701313,-0.001037105168832153,,,0.2597586895327818,0.22999933689667698,0.24929257843999578,0.3729,0.3315,-1.8809306565118744,50.19094193300219,-0.008775676244230118,-0.0045319984618552404,-0.004243677782374878,0.25614981088469435,0.34201508097743694,0.17028454079195177,0.48532386806933864,85391435.71000001,1.1037692622957305,-862475.8776093879,0.003200000000000036,0.005400000000000016,0.006899999999999962,0.015500000000000014,0.20645161290322794,0.5488006316059164,0.4511993683940836,0.0012916694508562441,0,3,10,4,False,False,crash
2024-10-25,0.3465,0.3472,0.3141,0.2060199188810886,158570967.8,1729900799999,53089548.39904,188648.0,77550934.1,25998720.34418,0,-0.1877130121563496,-0.207901567958309,0.2203054194547378,-0.014932955789086128,0.24115364393821434,-0.010410540818674513,0.2559286189300294,-0.00022119195466496766,0.26102122408397316,-0.001627824304994585,0.27098465888406226,-0.0008575573860690189,,,0.2641478900928522,0.23095198320085725,0.2508681684675501,0.3729,0.3141,-1.8380966176685607,47.83224974983556,-0.011503875360788618,-0.005926373841641916,-0.005577501519146702,0.2559286189300294,0.34231087365074025,0.1695463642093185,0.21111717209567832,87883197.42,1.8043377170516244,-9335779.92242424,0.020399999999999974,0.0007000000000000339,0.01200000000000001,0.03310000000000002,0.6163141993957693,0.489061365872549,0.510938634127451,0.0011896755289904964,0,4,10,4,False,False,crash
2024-10-26,0.326,0.335,0.3206,0.3231366119856789,84287990.4,1729987199999,27698932.47855,93650.0,40495458.0,13313299.87258,0,0.5684726687626169,0.4501023234171579,0.23966923005751797,0.019363810602780168,0.25285696647430267,0.011703322536088329,0.25965353007427827,0.003724911144248888,0.26215553373260264,0.0011343096486294835,0.27026995491651357,-0.000714703967548691,,,0.29379664851056847,0.2593861301763467,0.2620060639434316,0.3729,0.3141,0.15368387730746422,52.634614754878214,-0.004167612821420863,-0.0055746216375977065,0.0014070088161768435,0.25965353007427827,0.3509947224759581,0.16831233767259846,0.8475052177566774,89051266.59,0.9465108541136136,1964393.5205151746,0.007699999999999985,0.0013000000000000234,0.005400000000000016,0.014400000000000024,0.5347222222222203,0.48044161223708565,0.5195583877629144,0.0011110716907067224,0,5,10,4,False,False,crash
2024-10-27,0.3338,0.3424,0.3309,0.32053266026477234,37089150.4,1730073599999,12498092.3129,57739.0,17965426.7,6053375.35455,0,-0.00805836177121877,-0.00809100585862367,0.2640762560895115,0.024407026031993545,0.25327794086842703,0.00042097439412436266,0.25974983082665615,9.630075237787583e-05,0.26497157415002365,0.0028160404174210063,0.2695840896788246,-0.0006858652376889873,,,0.24667203669230217,0.25335287252872307,0.25686707815149085,0.3729,0.3141,0.10939898409476781,53.816558748203846,0.0014199427381986762,-0.00417570876243843,0.0055956515006371065,0.25974983082665615,0.35135640036866406,0.16814326128464824,0.8317602096771186,81687125.78,0.45403911627260096,689100.1872340414,0.006099999999999994,0.0025000000000000022,0.002899999999999958,0.011499999999999955,0.5304347826086973,0.4843849618081303,0.5156150381918697,0.0015567625404544181,0,6,10,4,False,False,crash
2024-10-28,0.3398,0.348,0.3303,0.22714102113767387,89286920.0,1730159999999,30227598.12858,102264.0,43131024.4,14603206.44741,0,-0.29136387864485747,-0.34441311218649956,0.2660919366179244,0.0020156805284128887,0.24798388358812903,-0.005294057280297998,0.25929634426590714,-0.00045348656074900573,0.2638978476015082,-0.0010737265485154524,0.2681252219044227,-0.0014588677744019063,,,0.26355126368046033,0.25539984876920463,0.24986689933066694,0.3729,0.3141,-1.478894198338879,42.23296645236943,-0.0016685697621323659,-0.0036742809623772172,0.0020057112002448514,0.25929634426590714,0.3514815243434599,0.1671111641883544,0.32559385846411576,84980675.29,1.050673223003992,998206.2253604081,0.0039000000000000146,0.0042999999999999705,0.009500000000000008,0.017699999999999994,0.22033898305084837,0.4830609500249308,0.5169390499750691,0.001145341333310635,0,0,10,4,False,False,crash
2024-10-29,0.3438,0.357,0.3428,0.26803879916439255,93763509.9,1730246399999,32802725.83112,110537.0,45185825.3,15807611.47804,0,0.18005456619801796,0.16556067994911325,0.26897380228672124,0.0028818656687968347,0.2521060887652726,0.00412220517714354,0.2620289828477971,0.0027326385818899346,0.265527432544213,0.0016295849427048203,0.26796775001478224,-0.000157471889640437,,,0.25867129529430033,0.25588531011503535,0.24526632433312054,0.3729,0.3141,-0.7833537557076092,47.35821354070206,-0.0008068286618314602,-0.0031007905022680657,0.0022939618404366055,0.2620289828477971,0.3516895560468697,0.17236840964872446,0.5335142644206162,90242967.64,1.0390118183396213,3382797.564038418,0.012300000000000033,0.0008999999999999564,0.0010000000000000009,0.01419999999999999,0.8661971830985945,0.48191269021596206,0.5180873097840379,0.001178891448473816,0,1,10,4,False,False,crash
2024-10-30,0.3562,0.364,0.3507,0.3416113020386294,94701157.4,1730332799999,33779307.35949,141829.0,47314928.3,16878450.836,0,0.27448452650734945,0.24254180392655417,0.2960920789182294,0.027118276631508176,0.2581987491864836,0.006092660421211038,0.26656218765901685,0.004533204811219771,0.2682155057209723,0.002688073176759287,0.2683385944384342,0.00037084442365198367,,,0.26198215575278355,0.2595586269303791,0.2473751755536935,0.3729,0.3141,0.46787928637124804,58.84395335161372,0.00574655081882014,-0.0013313222380504249,0.007077873056870565,0.26656218765901685,0.36279094817400864,0.17033342714402505,0.8899515798497705,93823963.11,1.0093493630083774,-292533.7633810869,0.0012000000000000344,0.007799999999999974,0.0042999999999999705,0.013299999999999979,0.09022556390977717,0.49962354842349577,0.5003764515765042,0.0014976480107940053,0,2,10,4,False,False,crash
2024-10-31,0.3551,0.3613,0.3402,0.2516345933273967,91529863.7,1730419199999,32123418.77382,127201.0,45072443.7,15803624.08892,0,-0.2633891448388266,-0.305695538233202,0.281791675186573,-0.01430040373165642,0.2607304526220454,0.002531703435561805,0.2672452621382353,0.0006830744792184484,0.26931881370072625,0.0011033079797539425,0.26843991533494277,0.00010132089650854992,,,0.26993628365147315,0.26789316455626805,0.2507439432054134,0.3729,0.3141,-1.0623368481735254,45.66351963413056,0.0036378479982770995,-0.00033748819078492013,0.00397533618906202,0.2672452621382353,0.36281121478730055,0.17167930948917004,0.41832515462821945,93221642.51,0.9818520810785057,-3403363.9460281627,0.013300000000000034,0.006199999999999983,0.0015999999999999903,0.021100000000000008,0.6303317535545038,0.49243429278699996,0.507565707213,0.0013897212872174308,0,3,10,4,False,False,crash
2024-11-01,0.3417,0.362,0.3341,0.33927318628142666,130382524.7,1730505599999,45832676.18841,169339.0,65839761.1,23141725.84345,0,0.3482772054317873,0.2988276333604068,0.28553978038990385,0.0037481052033308537,0.2748080182397077,0.014077565617662269,0.2701907081009568,0.0029454459627215046,0.27044280412532395,0.0011239904245977095,0.26916082175829376,0.0007209064233509865,,,0.27908359141590366,0.27529547660967985,0.24801145031071148,0.3729,0.3141,0.4281154129494331,53.71219191598482,0.008935386274830925,0.001517086702338249,0.007418299572492676,0.2701907081009568,0.3709493506514187,0.1694320655504949,0.8428116756628197,97079569.0,1.3430480382540635,5988898.881772963,0.01579999999999998,0.004500000000000004,0.007599999999999996,0.02789999999999998,0.5663082437275982,0.5049738164795639,0.49502618352043615,0.0012987860174485484,0,4,11,4,False,False,crash
2024-11-02,0.3575,0.3639,0.3453,0.27527063248731987,79245372.9,1730591999999,28166467.62657,108943.0,38859424.1,13824510.79655,0,-0.18864607160854963,-0.20905091021198527,0.295165702659833,0.009625922269929144,0.28062881963887876,0.005820801399171072,0.27095761224860915,0.0007669041476523475,0.2691663784092887,-0.0012764257160352566,0.2689055444582563,-0.00025527730003743754,,,0.2924389004263332,0.27905066597626854,0.24878197908490188,0.3729,0.3141,-0.660363393072791,52.99839499577195,0.007878434635850862,0.0027893562890407716,0.00508907834681009,0.27095761224860915,0.3716209460907982,0.17029427840642009,0.5214229952162736,95310989.92,0.8314400361019774,-2061488.0222937027,0.009299999999999975,0.006400000000000017,0.0029000000000000137,0.018600000000000005,0.4999999999999985,0.49036836698385955,0.5096316330161405,0.0013747553454947525,0,5,11,4,False,False,crash
2024-11-03,0.3482,0.3482,0.3275,0.2676203583972454,103816230.4,1730678399999,34906511.46879,140371.0,45839648.4,15418669.53058,0,-0.027791828067336155,-0.02818532879752643,0.2950820145064036,-8.36881534294065e-05,0.28202790839656244,0.0013990887576836863,0.2667960465767256,-0.004161565671883527,0.2677930175666761,-0.001373360842612581,0.2686245392976728,-0.0002810051605834918,,,0.290937025073549,0.26939303859307256,0.24885060675030826,0.3729,0.3141,-0.7904700952849416,49.14251158506041,0.00635027761652035,0.0035015405545366874,0.0028487370619836626,0.2667960465767256,0.3601701792906002,0.17342191386285105,0.5044140266504307,96267368.76,1.078415580868526,-4203931.21378518,0.014100000000000001,0.0,0.006599999999999995,0.020699999999999996,0.6811594202898553,0.44154606869640295,0.5584539313035971,0.0013521103536427383,0,6,11,4,False,False,crash
2024-11-04,0.334,0.3368,0.3201,0.28126696886133895,88647140.4,1730764799999,29142616.18191,113775.0,43141076.7,14196713.91771,0,0.05099242279556715,0.04973488234985976,0.2830131478709455,-0.012068866635458086,0.2895526133945875,0.007524704998025045,0.26535312866640093,-0.0014429179103246925,0.26945991443816325,0.0016668968714871335,0.26769185437872167,-0.0009326849189511544,,,0.2797145771623397,0.26759156987689364,0.24077491980361662,0.3729,0.3141,-0.5583848833105617,53.81032780395628,0.0061692542610007894,0.0040350832958295085,0.002134170965171281,0.26535312866640093,0.35677960408710024,0.1739266532457016,0.5870308087548515,89274986.02000001,0.9929672840289289,-2069583.0443579892,0.00770000000000004,0.002799999999999969,0.006199999999999983,0.016699999999999993,0.4610778443113798,0.48666066954146214,0.5133393304585379,0.001283459336495416,0,0,11,4,False,False,crash
2024-11-05,0.3263,0.3382,0.326,0.3255524930501028,80194966.4,1730851199999,26701621.2812,91786.0,40383687.9,13446432.39496,0,0.15745014200581808,0.1462194321894824,0.2977967278154867,0.014783579944541214,0.28979420150102986,0.00024158810644236972,0.27132558398766626,0.005972455321265335,0.2698547454380321,0.00039483099986886705,0.26804574784062607,0.00035389346190439763,,,0.22154953259274604,0.25488680524158064,0.22997627707046092,0.3729,0.3141,0.19477028996773496,58.61361172812439,0.009489870322178906,0.005126040701099389,0.004363829621079517,0.27132558398766626,0.3620586558044381,0.18059251217089448,0.7988265908815666,88865683.62,0.902428959449893,1794125.8189396274,0.007300000000000029,0.004599999999999993,0.00029999999999996696,0.012199999999999989,0.5983606557377078,0.5035688611498689,0.4964311388501312,0.0011445356749971779,0,1,11,4,False,False,crash
2024-11-06,0.3336,0.3659,0.3335,0.23673057845760237,210331494.8,1730937599999,74999653.61998,240874.0,104016936.4,37084669.16912,0,-0.27283438612411626,-0.3186010228860943,0.27728820625072187,-0.020508521564764848,0.2814139933203129,-0.008380208180716942,0.2673459670943699,-0.003979616893296345,0.2705017913053075,0.0006470458672753754,0.26649159661332783,-0.0015541512272982394,,,0.24069503618894786,0.23764766410144364,0.22825179602330903,0.3729,0.3141,-1.3158064888162857,51.21740647283119,0.004897837065612698,0.00508039997400205,-0.00018256290838935228,0.2673459670943699,0.3567411706677435,0.1779507635209963,0.32876380715639225,106189918.06,1.9807105857371259,18536408.714388467,0.02939999999999998,0.0029000000000000137,9.999999999998899e-05,0.032399999999999984,0.9074074074074073,0.4945380933031813,0.5054619066968187,0.001145211278173258,0,2,11,4,False,False,crash
2024-11-07,0.3631,0.4068,0.3613,0.24239917114156367,213370214.5,1731023999999,81824519.64195,269291.0,107127162.9,41144655.23648,0,0.023945333640016164,0.02366314007510824,0.27071391398157063,-0.006574292269151238,0.2829398083207018,0.001525815000388897,0.26546184595441547,-0.0018841211399544533,0.27154875729146283,0.0010469659861553349,0.26527515567992666,-0.001216440933401175,,,0.2183808334539225,0.23580980771567972,0.2278198277731641,0.4068,0.3141,-0.7734717244707261,49.27722055354898,0.001696469832942471,0.004403613945790134,-0.0027071441128476634,0.26546184595441547,0.3553141044468236,0.17560958746200733,0.3716633549350325,118598247.50999999,1.7991009056184326,25569157.9359504,0.043399999999999994,0.00030000000000002247,0.0017999999999999683,0.045499999999999985,0.953846153846154,0.502071777689477,0.4979282223105231,0.0012620833729348854,0,3,11,4,False,False,crash
2024-11-08,0.4066,0.4587,0.4038,0.3578337167689632,478265867.0,1731110399999,207549647.20959,669223.0,244038648.5,105877343.27649,0,0.4762167505927013,0.3894825653919308,0.2887565856559142,0.01804267167434359,0.2919193000811589,0.008979491760457092,0.2720126944232158,0.00655084846880033,0.2731667644250441,0.0016180071335812896,0.2659895658958157,0.0007144102158890275,,,0.257782755655678,0.25143471354450203,0.22856538595565495,0.4587,0.3141,0.3024461740592199,58.9861714996472,0.008377396924825975,0.0051983705415973025,0.0031790263832286725,0.2720126944232158,0.36883551823706556,0.17518987060936603,0.9431859088862442,157048483.21999997,3.045338975544422,44944049.49421897,0.03809999999999997,0.014000000000000012,0.0028000000000000247,0.054900000000000004,0.6939890710382507,0.5102572969105487,0.4897427030894513,0.0013992698333205535,0,4,11,4,False,False,crash
2024-11-09,0.4447,0.4986,0.4272,0.35518811420760954,225441944.3,1731196799999,101394490.11451,294226.0,112516534.6,50791473.45083,0,-0.007393385355751181,-0.007420851893466114,0.3035408147251683,0.014784229069254085,0.2932769812980569,0.001357681216897999,0.2757378652422703,0.0037251708190544908,0.27602516869422267,0.0028584042691785494,0.2668642669352515,0.0008747010394358212,,,0.24663507945351168,0.24781913540824485,0.22547011769160671,0.4986,0.3141,0.2226998060033038,52.194596506138694,0.013305227383090257,0.006819741909895894,0.006485485473194363,0.2757378652422703,0.37945310303486385,0.17202262744967672,0.8830211001599463,170122561.91000003,1.3251736969448273,26361549.592084557,0.05199999999999999,0.0019000000000000128,0.01749999999999996,0.07139999999999996,0.7282913165266108,0.4990931698596071,0.5009068301403928,0.0013051076227787839,0,5,11,4,False,False,crash
2024-11-10,0.4968,0.6599,0.488,0.5098223321325585,1158588378.1,1731283199999,677072194.48253,1832674.0,576685951.2,336894430.09109,0,0.4353586500773623,0.361414748351693,0.34039478254165945,0.03685396781649114,0.3190957551785731,0.025818773880516177,0.2899131039003093,0.014175238658038991,0.28113607565183507,0.005110906957612404,0.26856293621661076,0.0016986692813592552,,,0.25327121574420425,0.25651112979284146,0.2314134204582482,0.6599,0.3141,0.5659986469998798,60.727458893132756,0.02934992985713264,0.011325779499343243,0.018024150357789398,0.2899131039003093,0.43459385100013054,0.14523235680048802,1.2599809671998883,276828413.35,4.1852220445130826,217862199.54608402,0.09329999999999994,0.06980000000000008,0.00880000000000003,0.17190000000000005,0.5427574171029663,0.4977487795499233,0.5022512204500766,0.0015818163159943405,0,6,11,4,False,False,crash
2024-11-11,0.5903,0.6248,0.5575,0.37375657297344184,596396671.8,1731369599999,355765330.02167,1002859.0,295162504.8,176201456.62734,0,-0.26688858173387797,-0.3104575855552133,0.36779998144482734,0.027405198903167893,0.3225440938477746,0.0034483386692015228,0.29867605604374114,0.008762952143431868,0.2824748364919619,0.0013387608401268514,0.2699608867855786,0.001397950568967854,,,0.2607457472541626,0.2641273144918249,0.2340802503538122,0.6599,0.3141,0.17251756209786534,57.92566897107295,0.030731844969605182,0.015206992593395632,0.01552485237620955,0.29867605604374114,0.4412586982514805,0.15609341383600178,0.7632877178005659,323429828.06000006,1.8439754780111417,23346488.931672588,0.02289999999999992,0.011600000000000055,0.03280000000000005,0.06730000000000003,0.3402674591381859,0.49490971153337016,0.5050902884666298,0.0016815301751655417,0,0,11,4,False,False,crash
2024-11-12,0.6131,0.6541,0.555,0.32421968683758806,695933476.4,1731455999999,413181220.0952,1377066.0,331510704.7,197168976.89071,0,-0.13253783269083463,-0.1421833792831085,0.3841640845840323,0.016364103139204944,0.3274389992828014,0.004894905435026797,0.3040339094608401,0.0053578534170989345,0.28192540949689043,-0.0005494269950714892,0.27075640752118696,0.000795520735608346,,,0.25588417722421275,0.26757397839374464,0.23455911271914065,0.6599,0.3141,0.029264565753580305,53.00889428204665,0.02751266110706274,0.017668126296129055,0.009844534810933687,0.3040339094608401,0.44167125816417274,0.16639656075750742,0.5733295779340278,385098638.40999997,1.8071564191277818,-48007152.72622312,0.042200000000000015,0.041000000000000036,0.015899999999999914,0.09909999999999997,0.4258324924318873,0.47635401362623686,0.5236459863737631,0.0019787322304474215,0,1,11,4,False,False,crash
2024-11-13,0.5709,0.6098,0.5192,0.41019167670015505,603213656.1,1731542399999,339450439.45163,939380.0,290677126.8,163829459.76392,0,0.2651658531322716,0.23520322278089575,0.3946356765702706,0.010471591986238316,0.3416961311130924,0.014257131830290981,0.31186201975482736,0.007828110293987278,0.28491405077289006,0.002988641275999626,0.2720325746708526,0.0012761671496656635,,,0.2634540471662438,0.27064810698522074,0.23338409747829894,0.6599,0.3141,0.2778822345290776,53.62483303750564,0.031535138342175195,0.020441528705338285,0.01109360963683691,0.31186201975482736,0.45512289092933617,0.16860114858031855,0.8431839278205647,435038380.98,1.3865757194598687,7818849.282080947,0.007400000000000073,0.03149999999999997,0.05169999999999997,0.09060000000000001,0.08167770419426128,0.4818808789564471,0.518119121043553,0.001557292330006983,0,2,11,4,False,False,crash
2024-11-14,0.5783,0.6,0.5417,0.573372444849277,351116093.6,1731628799999,199769598.40681,540537.0,180843387.6,102928477.98337,0,0.3978158929548563,0.33491094197397336,0.4382725426986041,0.04363686612833351,0.3709066787118862,0.029210547598793823,0.33022964605323685,0.01836762629840949,0.29003623062481454,0.00512217985192448,0.27554471840580436,0.0035121437349517337,,,0.2823908073004148,0.27446112755482804,0.23764032651051786,0.6599,0.3201,0.7453574009690316,65.78409318126654,0.04734454630360713,0.025822132224992057,0.02152241407861507,0.33022964605323685,0.5067010392590057,0.15375825284746808,1.1889014541652403,461285276.3,0.7611690891509169,546436.9431782966,0.0009000000000000119,0.02079999999999993,0.03660000000000008,0.05830000000000002,0.015437392795883562,0.5150529722115819,0.48494702778841814,0.001539482267696316,0,3,11,4,False,False,crash
2024-11-15,0.579,0.7075,0.5747,0.579144375554786,883876827.2,1731715199999,569033307.29551,1593812.0,448757504.0,289190506.85048,0,0.010066634274736197,0.010016303206386312,0.45213695138304966,0.01386440868444555,0.39626586696235455,0.025359188250468345,0.3430300342316922,0.012800388178455357,0.2947549135982902,0.004718682973475663,0.2794623659404186,0.003917647534614266,,,0.2833461644722467,0.250116504665394,0.23758640009082455,0.7075,0.3201,0.6686741754124574,62.79562548122719,0.05965173451994232,0.03258805268398211,0.02706368183596021,0.3430300342316922,0.5515619742944442,0.13449809416894018,1.0661347159865335,541653462.38,1.6318123829879838,195179292.47044182,0.1281,0.00040000000000006697,0.0042999999999999705,0.13280000000000003,0.9646084337349394,0.5077149781396599,0.49228502186034007,0.0018032060021858213,0,4,11,4,False,False,crash
2024-11-16,0.7071,0.8193,0.7026,0.6329181556203961,1131924924.1,1731801599999,848836232.19545,2595002.0,582318996.7,437040188.98059,0,0.09285038815079227,0.08878931798697726,0.5039692679124405,0.0518323165293908,0.43588462467863387,0.03961875771627932,0.3586493089994734,0.015619274767781188,0.3008793628223288,0.006124449224038597,0.2828774934255444,0.0034151274851257907,,,0.2528586535322329,0.2497303215719511,0.23739868434998587,0.8193,0.3201,0.6266389335344473,69.288749842778,0.07290397287677847,0.04065123672254139,0.03225273615423708,0.3586493089994734,0.6036868845611896,0.11361173343775721,1.0596465072595451,633812805.3100001,1.7858978465201116,55227563.119007386,0.034500000000000086,0.07769999999999999,0.0044999999999999485,0.11670000000000003,0.2956298200514145,0.5144501939145878,0.4855498060854122,0.002292556639357775,0,5,11,4,False,False,crash
2024-11-17,0.7416,0.7798,0.6893,0.4946844726616472,474262736.4,1731887999999,343209116.65849,903735.0,236354138.9,171399375.07575,0,-0.2184068852050074,-0.24642098740829008,0.5380622250772523,0.034092957164811866,0.4611131548306422,0.02522853015200832,0.3720264815756721,0.013377172576198693,0.3031639458372558,0.0022845830149270108,0.28555563009486634,0.002678136669321929,,,0.27476091401006075,0.2447636886397784,0.23944314508977615,0.8193,0.3201,0.3497285109407997,60.734148020865696,0.07142877781631646,0.046806744941296406,0.02462203287502005,0.3720264815756721,0.6160447616847493,0.12800820146659483,0.7513295131642321,659902057.5,0.7186865550877601,-24941001.509708744,0.039000000000000035,0.03820000000000001,0.013299999999999979,0.09050000000000002,0.4309392265193373,0.4983611841278113,0.5016388158721887,0.0019055576806645356,0,6,11,4,False,False,crash
2024-11-18,0.7026,0.7839,0.7002,0.4468947114512868,442341128.2,1731974399999,330666463.31476,888793.0,220226997.1,164608738.11882,0,-0.09660655195670054,-0.10159710834128775,0.5454028320274786,0.007340606950226314,0.4700192542988746,0.008906099468232398,0.3809692771900167,0.008942795614344634,0.3055696551828215,0.0024057093455656653,0.28787025956366297,0.002314629468796625,,,0.24714597426302104,0.24583804777281448,0.23886377087412689,0.8193,0.3201,0.2539958162085072,57.58497315438733,0.06564670640098202,0.05057473723323353,0.015071969167748493,0.3809692771900167,0.6220330236243539,0.13990553075567955,0.6367385914232179,656309583.62,0.6739824303039788,18824366.25844007,0.029900000000000038,0.0514,0.0023999999999999577,0.0837,0.3572281959378738,0.4978668793384879,0.5021331206615122,0.002009293152587298,0,0,11,4,False,False,crash
2024-11-19,0.7324,0.765,0.72,0.3978900238672964,297007303.0,1732060799999,220052984.09587,737560.0,142924690.1,105917365.68662,0,-0.10965600247281537,-0.11614737685778652,0.5103063478310825,-0.035096484196396105,0.4742894452648433,0.004270190965968701,0.3837832132814501,0.0028139360914333778,0.30783963632394307,0.002269981141121591,0.28977238434838304,0.0019021247847200717,,,0.25176259542584073,0.24260017829398783,0.2386087347969453,0.8193,0.3201,0.15582937473416744,53.29846238020304,0.05645927700732778,0.051751645188052385,0.004707631819275394,0.3837832132814501,0.6242256184638963,0.14334080809900382,0.5293351136941551,663466119.49,0.4476600903574498,2513918.469078491,0.006299999999999972,0.02629999999999999,0.012400000000000078,0.04500000000000004,0.13999999999999926,0.4812160800638629,0.518783919936137,0.002483305940797018,0,1,11,4,False,False,crash
2024-11-20,0.7386,0.8484,0.7384,0.7877792206491522,729698432.0,1732147199999,589176003.92552,1840954.0,367900354.7,297028726.44036,0,0.9798918630638775,0.6830422286008082,0.5520333168499557,0.04172696901887318,0.5020851341165027,0.027795688851659395,0.4105904446475379,0.026807231366087814,0.3184480053788898,0.01060836905494672,0.29491147298612913,0.005139088637746092,,,0.37570430268249794,0.3118681569561231,0.2728189318971107,0.8484,0.3201,0.8852531149898774,69.71408448916321,0.07972001010877428,0.05734531817219676,0.022374691936577512,0.4105904446475379,0.7029444393868294,0.11823644990824639,1.145089143279836,620577124.8799999,1.1758384296570725,60849361.59631779,0.06169999999999998,0.04810000000000003,0.000200000000000089,0.1100000000000001,0.5609090909090902,0.5041813694071361,0.4958186305928639,0.0025228970205598577,0,2,11,4,False,False,crash
2024-11-21,0.8003,0.8239,0.7655,0.46292552684457094,486701467.7,1732233599999,385320898.48423,1114578.0,238403653.3,188770019.01728,0,-0.41236641598250423,-0.5316516817590102,0.5180347910947907,-0.03399852575516504,0.5110020295036155,0.008916895387112822,0.4167730616756951,0.0061826170281572,0.3239174497275849,0.005469444348695118,0.29740102927954043,0.002489556293411299,,,0.3935452685307051,0.3255464396021071,0.2771288200313078,0.8484,0.3201,0.2703492842032386,56.42264939111213,0.07112148627952758,0.06010055179366293,0.01102093448586465,0.4167730616756951,0.7080045272477696,0.1255415961036206,0.5792367422905647,609607604.47,0.7983848366247727,13075198.744908135,0.021499999999999964,0.0020999999999999908,0.03480000000000005,0.05840000000000001,0.36815068493150616,0.48983549284661426,0.5101645071533857,0.002290065006927449,0,3,11,4,False,False,crash
2024-11-22,0.8219,1.044,0.8123,0.5811746900250924,1031366149.7,1732319999999,951601355.4573,2656816.0,528184288.8,488291205.01811,0,0.25543884777005177,0.22748519095816946,0.5353328345674797,0.01729804347268904,0.536697529822366,0.025695500318750453,0.4320682645525837,0.01529520287688857,0.33139275124424145,0.007475301516656541,0.29988810868193394,0.0024870794023935106,,,0.38962948614325765,0.32298494997697313,0.278569313509022,1.044,0.3201,0.3606502141526349,56.49397615085297,0.07300723149574884,0.06268188773408011,0.010325343761668729,0.4320682645525837,0.7241392668712506,0.13999726223391673,0.755257153720835,643150871.8,1.603614633707164,245605202.5995256,0.1956000000000001,0.026499999999999968,0.009599999999999942,0.23170000000000002,0.844195079844627,0.5121210240937579,0.48787897590624213,0.002576016287496739,0,4,11,4,False,False,crash
2024-11-23,1.0175,1.1542,1.0157,0.7917870275730449,919763706.7,1732406399999,999895519.19869,3007293.0,458749381.0,499071922.61354,0,0.3623907598915901,0.30924106811462077,0.6043112977918315,0.06897846322435175,0.5748570649096549,0.038159535087288976,0.4582765980113737,0.026208333458790034,0.34217614523773965,0.010783393993498203,0.30571404991904955,0.005825941237115606,,,0.39493056631443374,0.32787609039258697,0.2810352403222479,1.1542,0.3201,0.5655041692519421,61.32512435857707,0.09045366015620626,0.06823624221850534,0.02221741793770092,0.4582765980113737,0.7807074715999371,0.13584572442281034,1.017181288891159,674805876.86,1.3630048851676209,43660527.79715971,0.04830000000000001,0.08839999999999981,0.0018000000000000238,0.13849999999999985,0.3487364620938633,0.49876873555484896,0.501231264445151,0.0032696365143497566,0,5,11,4,False,False,crash
2024-11-24,1.0659,1.0978,0.9364,0.9460202552725869,581357178.0,1732492799999,589527198.16959,1639356.0,276539936.3,280628475.09357,0,0.19479130413678525,0.17797152924225865,0.7139373440728896,0.1096260462810581,0.612121845951986,0.03726478104233111,0.49151426233193607,0.033237664320562355,0.3568876751837037,0.01471152994596403,0.31305100251668905,0.007336952597639501,,,0.3844932357004071,0.3283317141383158,0.27979185341941354,1.1542,0.326,0.7486359034926189,61.317077184570536,0.11539520892141458,0.07766803555908719,0.03772717336232739,0.49151426233193607,0.8693988294884696,0.11362969517540256,1.101382052144482,697829985.3,0.8330928596455657,-23564111.549634133,0.043300000000000116,0.03190000000000004,0.08619999999999994,0.1614000000000001,0.2682775712515495,0.47567992064940157,0.5243200793505984,0.0028198774557833014,0,6,11,4,False,False,crash
2024-11-25,1.0228,1.0778,0.9294,0.810537475137334,504171181.2,1732579199999,510126715.76066,1356295.0,245792532.6,248895027.87592,0,-0.14321340307477337,-0.15456640314879388,0.7184889949705259,0.004551650897636317,0.6352611559102408,0.02313930995825475,0.5157635114362976,0.024249249104361548,0.3681256569044363,0.011237981720732648,0.31863975855120447,0.005588756034515419,,,0.39172280902386514,0.3327409769201992,0.28079381663307507,1.1542,0.3335,0.5812568236107397,61.335631564717865,0.12281352012072955,0.08669713247141567,0.03611638764931388,0.5157635114362976,0.9106669703260415,0.12086005254655369,0.8732228182171184,659859420.7,0.7640584727352365,-38998572.690123215,0.07929999999999993,0.05500000000000016,0.014100000000000001,0.1484000000000001,0.5343665768194062,0.4875180132568831,0.512481986743117,0.0026901478120423756,0,0,11,4,False,False,crash
2024-11-26,0.9435,0.9899,0.8743,0.8420006269466377,479192975.7,1732665599999,446012171.51782,930730.0,224679502.5,209439836.53381,0,0.038817639867882336,0.038083181667173206,0.7943040149909392,0.07581502002041329,0.6561694030428649,0.02090824713262407,0.5460270138607495,0.03026350242445186,0.37859353653902483,0.010467879634588506,0.32510363337478543,0.006463874823580962,,,0.39205946985605494,0.3218914964464631,0.278949460000697,1.1542,0.3613,0.6062563084205294,63.56505596010262,0.1297358840808127,0.09530488279329508,0.03443100128751764,0.5460270138607495,0.9436542420993985,0.14839978562210043,0.8721747305849109,594586225.8599999,0.8059268023017234,8532529.932972949,0.016800000000000037,0.02959999999999996,0.06920000000000004,0.11560000000000004,0.14532871972318367,0.4688706093234997,0.5311293906765002,0.0019422864006727134,0,1,11,4,False,False,crash
2024-11-27,0.9602,1.0419,0.9312,0.7415425928488846,383499059.9,1732751999999,381685157.39903,726784.0,185873391.2,185123415.76629,0,-0.11930874025836058,-0.12704815743747808,0.8263775955556977,0.03207358056475851,0.6808552150615886,0.024685812018723774,0.5709841849461155,0.024957171085365992,0.3887001733489494,0.010106636809924574,0.32976679635556616,0.004663162980780733,,,0.38471901754479704,0.3254180660607547,0.2764538146712791,1.1542,0.4038,0.4500834126451021,58.61548548261495,0.12566717068469468,0.101377340371575,0.02428983031311968,0.5709841849461155,0.9506209856151762,0.19134738427705478,0.7246336598588203,585509858.21,0.654983096394687,20486828.879381448,0.0514,0.030299999999999994,0.029000000000000026,0.11070000000000002,0.46431797651309836,0.4846775667415397,0.5153224332584603,0.0018951389351241537,0,2,11,4,False,False,crash
2024-11-28,1.0114,1.0491,0.9693,0.9764498721974123,254849669.5,1732838399999,255775297.24479,483834.0,122258551.3,122785375.14566,0,0.31678191059269123,0.2751908134470773,0.8633101644805711,0.0369325689248734,0.7338107311362012,0.052955516074612574,0.6019149927175379,0.03093080777142243,0.4039614502423658,0.015261276893416387,0.3366764875190493,0.0069096911634831115,,,0.3840498840530588,0.31757837888670404,0.2779674683301942,1.1542,0.4272,0.7555018874792467,60.103595500965525,0.13978636998693827,0.10905914629464766,0.03072722369229061,0.6019149927175379,1.008291660373444,0.19553832506163177,0.9608223223546472,566760712.3399999,0.4496600839669981,5164509.909796334,0.02069999999999994,0.016999999999999904,0.042100000000000026,0.07979999999999987,0.2593984962406012,0.47972811398917664,0.5202718860108233,0.001898507465005757,0,3,11,4,False,False,crash
2024-11-29,1.0321,1.0996,1.0274,1.0693711375302826,351237724.5,1732924799999,372030464.58834,710434.0,182759869.8,193666750.28317,0,0.09516235085756053,0.09090261790154587,0.8879803409321102,0.024670176451539128,0.8009588425024997,0.0671481113662985,0.6376241438836716,0.03570915116613371,0.42032992887668674,0.01636847863432095,0.3442759283753684,0.00759944085631914,,,0.37482269267993495,0.316713293501826,0.2775401322141683,1.1542,0.488,0.8726675735969418,61.77370059710525,0.15666793624759245,0.11858090428523663,0.03808703196235583,0.6376241438836716,1.0768969176157115,0.1983513701516318,0.9914338191034578,572183754.49,0.6138547656129558,14769612.676387887,0.04339999999999988,0.02410000000000001,0.0046999999999999265,0.07219999999999982,0.6011080332409972,0.5203309811329792,0.4796690188670209,0.0020226585883145933,0,4,11,4,False,False,crash
2024-11-30,1.0754,1.1498,1.0498,0.6391568655269593,369560299.2,1733011199999,404695449.93611,788864.0,181032132.8,198287916.30013,0,-0.4023058570637179,-0.5146761225369306,0.8537042190100352,-0.034276121922074965,0.7860966069902806,-0.014862235512219102,0.6440908705533916,0.006466726669720035,0.42835360411236534,0.008023675235678596,0.3476028767050138,0.003326948329645363,,,0.28059604953047446,0.3249323230268327,0.2848269881743047,1.1542,0.5192,0.1889084496487548,50.12689008865961,0.13378975778775337,0.12162267498573998,0.012167082802013396,0.6440908705533916,1.079230383897401,0.2089513572093824,0.4943305481631455,536169941.21000004,0.6892596372821569,1202660.2019526311,0.0036000000000000476,0.07079999999999997,0.025599999999999845,0.09999999999999987,0.036000000000000525,0.48985817251443553,0.5101418274855645,0.002134601583848918,0,5,11,4,False,False,crash
2024-12-01,1.079,1.1633,1.0375,0.7932035575208636,372853685.8,1733097599999,408454755.18449,752578.0,188332644.9,206729418.2259,0,0.2410154694448896,0.2159299714508946,0.8439448051248805,-0.009759413885154777,0.8191244100579098,0.0330278030676292,0.6650632197807627,0.020972349227371012,0.4386103899222427,0.010256785809877378,0.3520630125973055,0.004460135892291717,,,0.24258525846688847,0.31819640213922745,0.2855159407558914,1.1633,0.5192,0.4254053058855202,56.03282007577487,0.12662921439237596,0.12262398286706719,0.004005231525308767,0.6650632197807627,1.0855272625946917,0.2445991769668337,0.6523796623398874,524785163.0200001,0.7104882379950025,24396172.583392024,0.0706,0.013700000000000045,0.04149999999999987,0.1257999999999999,0.5612082670906204,0.5051113937519778,0.4948886062480222,0.00201842714357311,0,6,12,4,False,False,crash
2024-12-02,1.1497,1.2424,1.0567,1.0328009900324462,866951754.4,1733183999999,1004619832.02816,1985411.0,437994509.9,507818408.9648,0,0.30206298274863763,0.2639499164632806,0.9021964845615928,0.05825167943671239,0.8642870400586451,0.04516263000073528,0.7004922849405055,0.03542906515974287,0.4540677587322062,0.015457368809963457,0.3601292119217171,0.008066199324411605,,,0.2466610991708969,0.3177005944688389,0.28695252837586455,1.2424,0.5192,0.7101783601112365,60.988765126250264,0.13868921957478642,0.12583703020861103,0.012852189366175382,0.7004922849405055,1.1194395707165858,0.2815449991644251,0.8965996634592754,508343723.48999995,1.7054440024320563,39667416.7375087,0.05249999999999999,0.040200000000000014,0.09299999999999997,0.18569999999999998,0.28271405492730206,0.5052120924573562,0.4947879075426438,0.0022901055219319137,0,0,12,4,False,False,crash
2024-12-03,1.2022,1.3264,1.1401,0.9218231457035355,802151381.2,1733270399999,996076336.2746,1777776.0,401465409.6,499487982.41331,0,-0.10745327066875121,-0.11367640890484808,0.8912711392628175,-0.010925345298775313,0.8772906518716942,0.013003611813049099,0.7260738583906746,0.025581573450169093,0.4654871882095786,0.0114194294773724,0.3655344418082613,0.005405229886544183,,,0.23309361809681384,0.3185850371031557,0.28495768693449397,1.3264,0.5417,0.4844184346929215,59.60320939691256,0.1377045042062799,0.1282105250081448,0.009493979198135077,0.7260738583906746,1.1326848849863367,0.31946283179501256,0.7407082869244418,496582490.94000006,1.615343665624571,-7206151.153684821,0.01079999999999992,0.12420000000000009,0.05130000000000012,0.18630000000000013,0.05797101449275316,0.5004858422102534,0.4995141577897466,0.0022162599749444897,0,1,12,4,False,False,crash
2024-12-04,1.1915,1.2417,1.1403,0.7892581115276462,383350912.1,1733356799999,459038776.08453,1002570.0,187757231.2,225053946.25973,0,-0.14380744809213442,-0.15525998431886212,0.8352485340622902,-0.056022605200527376,0.8616144374972002,-0.015676214374493957,0.736868141724593,0.010794283333918409,0.4750698438987748,0.009582655689196251,0.3711984281819771,0.005663986373715846,,,0.23296658699691722,0.3134745248905897,0.2853250893189914,1.3264,0.5747,0.28543050622275673,50.0299300074639,0.12478873298095416,0.1275261666027067,-0.002737433621752522,0.736868141724593,1.1378337394355698,0.3359025440136162,0.565329756595249,476781864.35,0.8040383679916705,-1383589.8287980445,0.0043999999999999595,0.05020000000000002,0.04679999999999995,0.10139999999999993,0.0433925049309661,0.48977901258005113,0.5102209874199488,0.0026152800693962403,0,2,12,4,False,False,crash
2024-12-05,1.1871,1.2445,1.1138,0.8555715936878961,413686149.8,1733443199999,493326782.85723,1170543.0,202760880.3,241847246.71655,0,0.08402001980302365,0.08067637129988854,0.8785314796944774,0.043282945632187264,0.8661178493522564,0.004503411855056205,0.7506895026312486,0.013821360906655533,0.48805920804003683,0.012989364141262005,0.37728779315109634,0.006089364969119215,,,0.22762374021162882,0.3133303005500376,0.2797260434735878,1.3264,0.6893,0.26098193955092786,58.87519467296617,0.11853740956670522,0.1257284151955064,-0.007191005628801178,0.7506895026312486,1.1478019281412704,0.3535770771212267,0.6320559170642229,467733361.21000004,0.8844486712040747,-9548479.912829613,0.02740000000000009,0.057399999999999896,0.04590000000000005,0.13070000000000004,0.20964039785769,0.49013214582607234,0.5098678541739277,0.0028295436058613727,0,3,12,4,False,False,crash
2024-12-06,1.1599,1.2375,1.1336,0.9369728382622282,311787487.7,1733529599999,370336806.48191,809045.0,149942950.1,178218024.09327,0,0.0951425283107592,0.09088451763889258,0.9072853358427505,0.028753856148273083,0.8756150704838156,0.009497221131559153,0.7658922367633403,0.015202734132091722,0.5004722064788109,0.012412998438774026,0.384576330033116,0.007288536882019636,,,0.22854746560955497,0.31334317317971416,0.27138863139865155,1.3264,0.6893,0.3887503347390177,58.17853799533548,0.11878234196242032,0.12433920054888918,-0.0055568585864688574,0.7658922367633403,1.1672781912822146,0.36450628224446596,0.7131123418406052,450992812.41,0.6913358242537849,18308810.823807873,0.06790000000000007,0.009700000000000042,0.02629999999999999,0.1039000000000001,0.6535129932627527,0.4809139430389015,0.5190860569610986,0.002594860383808789,0,4,12,4,False,False,crash
2024-12-07,1.2278,1.2369,1.1881,0.9604742549337256,165417822.9,1733615999999,200216501.79526,507595.0,81137150.2,98214483.14035,0,0.025082281696750863,0.024772884194618473,0.8928199888230065,-0.014465347019744001,0.8975082366922995,0.021893166208483916,0.7891817258769441,0.023289489113603845,0.5140800596986723,0.013607853219861465,0.39070276783124314,0.00612643779812716,,,0.2221063765406643,0.3065888498407694,0.2703296505971573,1.3264,0.7002,0.41564077760096707,54.242459043528,0.11949535252587873,0.1233704309442871,-0.0038750784184083675,0.7891817258769441,1.1781713092110644,0.4001921425428238,0.7201762417242558,429184688.71,0.38542340221221827,-2357722.675313586,0.01750000000000007,0.009100000000000108,0.022199999999999998,0.04880000000000018,0.35860655737704933,0.4904982351814038,0.5095017648185962,0.003068562934157683,0,5,12,4,False,False,crash
2024-12-08,1.2103,1.224,1.1723,0.7093386324515796,255648168.3,1733702399999,305471310.07778,620438.0,124442730.0,148690534.41111,0,-0.2614704362892838,-0.3030941457053766,0.8503230861726152,-0.0424969026503913,0.8707971127177163,-0.026711123974583195,0.8023039219269588,0.013122196050014634,0.5237304973998447,0.009650437701172354,0.39438761103615905,0.0036848432049159108,,,0.22036438744290596,0.3135211652271338,0.2718453752583214,1.3264,0.72,-0.01758141086480936,44.32414237507592,0.09865859772629881,0.11842806430068945,-0.01976946657439063,0.8023039219269588,1.1590455900600922,0.4455622537938254,0.369702227438308,429264538.59000003,0.5955492367008102,-3527492.6965297824,0.016699999999999937,0.013700000000000045,0.021300000000000097,0.05170000000000008,0.3230174081237894,0.4867734074823019,0.5132265925176981,0.0024269213588572385,0,6,12,4,False,False,crash
2024-12-09,1.1936,1.1936,0.91,0.5494556696934535,618530935.0,1733788799999,656856497.65303,1373897.0,284586419.3,302146749.0678,0,-0.22539722981891852,-0.25540493563485983,0.8023625978057767,-0.04796048836683853,0.8188055659340334,-0.051991546783682896,0.8098822042182666,0.0075782822913078585,0.5291059168371833,0.005375419437338658,0.3972575658999766,0.0028699548638175254,,,0.2270254403386497,0.3179429734280095,0.27341124601107636,1.3264,0.7384,-0.3213338950791606,43.81142573392569,0.06845499397126398,0.10843345023480436,-0.03997845626354038,0.8098822042182666,1.1355361907326724,0.4842282177038608,0.1001484008959111,455993859.64,1.3564457545290642,-98562821.57925603,0.19019999999999992,0.0,0.09340000000000004,0.28359999999999996,0.6706629055007051,0.46010054339481016,0.5398994566051898,0.0022212260086878276,0,0,12,4,False,False,crash
2024-12-10,1.0035,1.0378,0.91,0.777773428899226,628873381.3,1733875199999,620337470.36458,1135695.0,321100247.0,317295680.60884,0,0.4155344494545903,0.3475071625782197,0.7868029648480426,-0.015559632957734104,0.8326672222712601,0.013861656337226691,0.8093819146307704,-0.000500289587496261,0.5401350342357324,0.01102911739854906,0.40237876159646474,0.005121195696488168,,,0.22903128170636602,0.24958389880879178,0.27604595848941715,1.3264,0.7655,0.02188167034984133,48.60753459022396,0.06222447046483093,0.09919165428080969,-0.03696718381597876,0.8093819146307704,1.135209570303891,0.48355425895764975,0.4514950846234261,481925167.85,1.3049191518790688,11344038.470729534,0.018000000000000016,0.01629999999999998,0.09350000000000003,0.12780000000000002,0.1408450704225353,0.5105960222648082,0.4894039777351918,0.001805919973353466,0,1,12,4,False,False,crash
2024-12-11,1.0215,1.115,0.9718,0.6226835039101623,361950376.3,1733961599999,381253713.21657,625086.0,180854060.1,190612815.28468,0,-0.19940244707068577,-0.2223968889742828,0.7239450979776294,-0.06285786687041317,0.8156152169101899,-0.01705200536107021,0.8173698134840498,0.00798789885327944,0.5486187537118394,0.008483719476107043,0.4059895237786222,0.0036107621821574454,,,0.22895553184197914,0.233732592808915,0.2772825140413588,1.3264,0.8123,-0.3688319317055782,47.48272932137805,0.04426204953656265,0.08820573333196029,-0.043943683795397634,0.8173698134840498,1.1139558365329356,0.520783790435164,0.17178778761634747,480834836.9,0.7527540613187215,23137894.833470363,0.06529999999999991,0.028200000000000003,0.04970000000000008,0.1432,0.4560055865921782,0.49966534625205195,0.500334653747948,0.001726993645896646,0,2,12,4,False,False,crash
2024-12-12,1.0869,1.1819,1.0728,0.771697134797037,338015830.6,1734047999999,384694616.50235,762518.0,174228712.5,198436071.90492,0,0.23930878199139483,0.2145537903150122,0.6861896739502916,-0.03775542402733778,0.7895048313866491,-0.026110385523540836,0.8268959357226471,0.009526122238597279,0.559711444037868,0.011092690326028554,0.41123217315699784,0.005242649378375652,,,0.22040912814732583,0.23298104505467704,0.2784356391640239,1.3264,0.8743,-0.22694727981190643,45.499897475218035,0.04157164415597148,0.07887891549676253,-0.03730727134079105,0.8268959357226471,1.1030760619969944,0.5507158094482997,0.40006739139734937,427941244.52,0.789865045560484,11290002.43906883,0.03620000000000001,0.05879999999999996,0.014100000000000001,0.10909999999999997,0.33180568285976186,0.5154454221588756,0.4845545778411244,0.0022558647583057903,0,3,12,4,False,False,crash
2024-12-13,1.1231,1.1308,1.0774,0.6307908726667,180296167.7,1734134399999,198879696.07751,472985.0,89796358.9,99110442.90135,0,-0.18259269832250524,-0.20161777508356923,0.6704801219933157,-0.015709551956975876,0.7604016040829655,-0.029103227303683532,0.8188461279773298,-0.008049807745317272,0.5672546720747939,0.007543228036925864,0.41495186023188085,0.0037196870748830158,,,0.22540632932597865,0.22507390487369222,0.28007080778767623,1.3264,0.8743,-0.5386178441347046,40.55989795804406,0.02774964017894599,0.06865306043319923,-0.04090342025425324,0.8188461279773298,1.1083964208317316,0.5292958351229279,0.1752632272328733,365755723.17,0.49294148055258163,-288961.8928501446,0.0018000000000000238,0.00770000000000004,0.04390000000000005,0.053400000000000114,0.0337078651685397,0.4980491823287934,0.5019508176712066,0.002623378000951265,0,4,12,4,False,False,crash
2024-12-14,1.1213,1.1332,1.0431,0.6520749630893924,138860581.3,1734220799999,151054575.98239,326779.0,65244807.8,71031770.19496,0,0.033741912486324965,0.033185143853648985,0.6910039806725036,0.020523858679187823,0.74668328923914,-0.013718314843825574,0.8041488633681702,-0.014697264609159655,0.5761757729589599,0.008921100884166089,0.4185984985214665,0.0036466382895856686,,,0.2211161989420894,0.22107832326032398,0.27792671633505023,1.3264,0.8743,-0.4915395640579685,50.3374574750685,0.018302075727201328,0.05858286349199965,-0.04028078776479832,0.8041488633681702,1.0963478541378053,0.511949872598535,0.23977682147665202,341306690.09000003,0.4068498665038869,-7467486.892348171,0.06030000000000002,0.011900000000000022,0.017900000000000027,0.09010000000000007,0.669256381798002,0.46985838017660664,0.5301416198233934,0.002353288434635121,0,5,12,4,False,False,crash
2024-12-15,1.0609,1.1123,1.0389,0.9810854473458401,139414086.3,1734307199999,150364364.2568,373038.0,66685068.5,71945146.10116,0,0.5045592959092711,0.4085000286803893,0.7316663843618263,0.040662403689322724,0.7592346746049345,0.012551385365794587,0.8126762619785955,0.008527398610425396,0.5893347496661633,0.01315897670720334,0.4257451416993829,0.007146643177916356,,,0.2724071555157163,0.2444260021642842,0.2756668475043948,1.3264,0.8743,0.23619873334625116,54.49693974181982,0.03693741769883063,0.054253774333365846,-0.017316356634535214,0.8126762619785955,1.1154242371834016,0.5099282867737895,0.7781342885172352,313879483.74,0.4441643800315498,5071992.206578687,0.03869999999999996,0.012700000000000156,0.02200000000000002,0.07340000000000013,0.5272479564032683,0.478323749556432,0.521676250443568,0.0026757554412204327,0,6,12,4,False,False,crash
2024-12-16,1.0995,1.121,1.0474,1.0083870285498358,220525179.7,1734393599999,240019551.40804,628367.0,105701345.6,115026982.01098,0,0.02782793412934148,0.0274477737718898,0.8088070892897612,0.0771407049279349,0.7663760936336953,0.007141419028760754,0.8209955820587552,0.008319320080159676,0.6030918370318645,0.013757087365701248,0.43403170559094406,0.008286563891561183,,,0.2718464532400426,0.24443517656626673,0.27554252505099525,1.3264,0.91,0.23628008777578224,49.349551232285954,0.05329472153106607,0.0540619637729059,-0.0007672422418398273,0.8209955820587552,1.1360314738718016,0.5059596902457089,0.7974128525683756,304753252.93999994,0.7236187885529056,-4432163.033257548,0.02200000000000002,0.021500000000000075,0.030099999999999794,0.07359999999999989,0.2989130434782616,0.47931644696444614,0.5206835530355539,0.0028494115767406856,0,0,12,4,False,False,crash
2024-12-17,1.0775,1.1119,1.0418,0.8288030192036663,252529517.4,1734479999999,272307044.6217,611324.0,121171655.7,130672833.89965,0,-0.17809036040896886,-0.1961248174732564,0.8202282661710869,0.011421176881325712,0.7532089700606893,-0.013167123573005979,0.8253586033764945,0.004363021317739246,0.6151250769931843,0.012033239961319775,0.4395114622973463,0.005479756706402217,,,0.28035505332626853,0.24675498453995315,0.2730742413646308,1.3264,0.91,-0.19499755234470162,47.609115107812606,0.0511771357933104,0.0534849981769868,-0.002307862383676397,0.8253586033764945,1.1381705098161998,0.5125466969367891,0.5055055702105056,313464422.39,0.8056082265240705,-5929463.378394392,0.025299999999999878,0.03440000000000021,0.010399999999999965,0.07010000000000005,0.3609129814550622,0.4798316527412807,0.5201683472587193,0.002420802155304796,0,1,12,4,False,False,crash
2024-12-18,1.0523,1.0602,0.958,0.5635641997939312,375972520.0,1734566399999,381153020.99213,764116.0,180386415.9,182924848.05022,0,-0.3200263672598379,-0.3857012569458838,0.8067829315965331,-0.013445334574553769,0.7386315267949245,-0.014577443265764822,0.8047143197563204,-0.02064428362017412,0.6210355850057752,0.005910508012590854,0.44328150877499406,0.0037700464776477816,,,0.2873510786457517,0.2494148337192524,0.27768013185777607,1.3264,0.91,-0.8319783866620288,44.56939499970939,0.027776191165023723,0.048343236774594185,-0.020567045609570463,0.8047143197563204,1.1297981570916131,0.4796304824210276,0.1290954943514064,325496857.56,1.155072656671334,-30050645.249952517,0.08420000000000005,0.007900000000000018,0.010099999999999998,0.10220000000000007,0.8238747553816047,0.4797861713403948,0.5202138286596052,0.0020323719403747913,0,2,12,4,False,False,crash
2024-12-19,0.9682,0.989,0.8475,0.7076909480779262,447732655.1,1734652799999,412799537.41702,965598.0,213159459.9,196931332.2371,0,0.2557414902094479,0.22772622696524883,0.81790612859424,0.011123196997706808,0.7544550546333717,0.015823527838447204,0.7866303102837026,-0.01808400947261779,0.6283571779265611,0.007321592920785935,0.4482863418237667,0.005004833048772639,,,0.283524516539544,0.2550868690665139,0.2773824157711124,1.3264,0.8475,-0.2919378824850153,46.5701591286661,0.020622870408650296,0.04279916350140541,-0.022176293092755116,0.7866303102837026,1.0891834136328762,0.484077206934529,0.3695446165781462,308417029.57,1.4517118452383648,-40467521.24909613,0.0875999999999999,0.02080000000000004,0.03310000000000002,0.14149999999999996,0.6190812720848051,0.4760864714064498,0.5239135285935502,0.002156639657619648,0,3,12,4,False,False,crash
2024-12-20,0.8806,0.9596,0.762,0.9112108765529777,594787205.1,1734739199999,505957923.75982,1068804.0,297747357.2,253740142.63947,0,0.2875830601307072,0.25276686419777733,0.8039312144356675,-0.013974914158572438,0.767798799398747,0.013343744765375254,0.8002330108350035,0.013602700551300972,0.6415487035910726,0.013191525664511539,0.45543375864589947,0.007147416822132768,,,0.26815015611611237,0.24271869811295907,0.27566112847958835,1.3264,0.762,0.26437079474305053,49.43452715294486,0.031018606327921305,0.04044305206670859,-0.009424445738787285,0.8002330108350035,1.0993117851728589,0.5011542364971482,0.6855328348922007,305008411.95,1.9500682007337669,46942664.94940938,0.0694999999999999,0.009500000000000064,0.11860000000000004,0.1976,0.3517206477732788,0.5005947583387247,0.4994052416612753,0.0017969519028579386,0,4,12,4,False,False,crash
2024-12-21,0.95,0.9979,0.8867,0.7032450770553639,289558064.4,1734825599999,271285306.1944,580092.0,141316993.3,132411759.41188,0,-0.22823015489491116,-0.25906890150859463,0.7429028241367731,-0.0610283902988944,0.7758549567132671,0.00805615731452014,0.7957350868117284,-0.0044979240232750906,0.6488281414065514,0.007279437815478795,0.45963547276593775,0.00420171412003828,,,0.2712291250711251,0.24540486411750287,0.2754112536272207,1.3264,0.762,-0.10410156439517387,44.7768129583509,0.02222006093349016,0.0367984538400649,-0.014578392906574741,0.7957350868117284,1.0979483811853947,0.4935217924380621,0.34697891939524195,297769180.76000005,0.9724245593884406,-13683988.097631823,0.04479999999999995,0.047900000000000054,0.01849999999999996,0.11119999999999997,0.4028776978417263,0.48804371445439193,0.5119562855456081,0.00200337020901843,0,5,12,4,False,False,crash
2024-12-22,0.9053,0.9249,0.8589,0.837854019133627,234703947.6,1734911999999,209338752.62592,444124.0,114242586.0,101941795.00277,0,0.19141114025554118,0.1751384367273549,0.7447130241227652,0.001810199985992078,0.7824706451469261,0.006615688433659006,0.7859877382667876,-0.00974734854494086,0.6600798091394776,0.011251667732926185,0.4646230937743831,0.004987621008445353,,,0.2677977166796467,0.23992592182573483,0.27397616547893516,1.3264,0.762,0.1343976242622732,52.739206151793155,0.0258114288850253,0.03460104884905699,-0.008789619964031686,0.7859877382667876,1.0679002680284053,0.5040752085051698,0.5919900241942013,287437992.46000004,0.8165376664069954,-5652392.905081771,0.02190000000000003,0.019600000000000062,0.024499999999999966,0.06600000000000006,0.331818181818182,0.4867518725961131,0.5132481274038869,0.0018922732427019476,0,6,12,4,False,False,crash
2024-12-23,0.8835,0.9425,0.8619,0.7026428694895624,245984682.7,1734998399999,220346228.35005,488005.0,124086222.7,111160918.94805,0,-0.1613779328574183,-0.17599513032674538,0.7725287580618915,0.027815733939126286,0.7896558448292124,0.0071851996822862585,0.775028724456089,-0.010959013810698637,0.6687802593613239,0.00870045022184629,0.46828663846400004,0.0036635446896169377,,,0.2659229984984286,0.2416790165077517,0.27545736681867455,1.2445,0.762,-0.1230199596071245,53.299771177231875,0.017544956751402108,0.031189830429526014,-0.013644873678123906,0.775028724456089,1.0516998433481772,0.4983576055640007,0.36918429495570215,294006843.96,0.836663117724792,11973445.048788758,0.04290000000000005,0.016100000000000003,0.021599999999999953,0.0806,0.5322580645161296,0.5044469490457424,0.4955530509542576,0.001983883690006687,0,0,12,4,False,False,crash
2024-12-24,0.9265,0.9507,0.8918,0.874507201500493,165078579.2,1735084799999,152125524.91007,355489.0,82954113.8,76437584.55892,0,0.24459699154960757,0.2188117759474297,0.8058920087464048,0.03336325068451329,0.8118990686703222,0.022243223841109883,0.7792911789547312,0.004262454498642265,0.680645064014107,0.011864804652783056,0.47505248922613513,0.006765850762135095,,,0.27350726602871417,0.2440113304267687,0.27678131397667943,1.2445,0.762,0.23317554715128083,52.135662002879805,0.024578408696000476,0.029867546082820908,-0.005289137386820433,0.7792911789547312,1.0594895803586883,0.4990927775507742,0.669908218727648,296628643.75,0.5565159760469018,1675020.1257340056,0.009299999999999975,0.014900000000000024,0.03469999999999995,0.05889999999999995,0.15789473684210498,0.5025128893282842,0.49748711067171575,0.00215345323253182,0,1,12,4,False,False,crash
2024-12-25,0.9357,0.9403,0.9,0.7874419529679079,95106199.7,1735171199999,87484993.18814,245903.0,46038219.8,42369926.84073,0,-0.09955921275799351,-0.10487087195064468,0.7811382240293909,-0.024753784717013838,0.7925347192325292,-0.019364349437793082,0.7758846969187319,-0.0034064820359993586,0.6898828532124631,0.009237789198356161,0.47986879932524756,0.004816310099112431,,,0.22790969339582626,0.24541607054634343,0.27726776834666755,1.2375,0.762,0.05350568447509538,53.75013365711284,0.022863476191921306,0.02846673210464099,-0.0056032559127196825,0.7758846969187319,1.0538258439481933,0.49794354988927036,0.5207908331902202,292197855.09000003,0.3254856188821314,-1849682.447681133,0.018100000000000005,0.0046000000000000485,0.01759999999999995,0.0403,0.44913151364764275,0.4840717003226026,0.5159282996773974,0.002585562253309129,0,2,12,4,False,False,crash
2024-12-26,0.9176,0.9281,0.8507,0.7886160247194968,131074807.3,1735257599999,115033223.24511,275243.0,62764293.1,55066743.42463,0,0.0014909946659100726,0.0014898842369885526,0.7982124135622174,0.017074189532826467,0.7705576188494951,-0.02197710038303402,0.7684668562415953,-0.007417840677136578,0.7009205621377009,0.01103770892523781,0.4857111767215042,0.005842377396256648,,,0.22773001034428045,0.24486435730745656,0.2733945631684769,1.2369,0.762,0.056045535311637716,50.41288516072475,0.021352973814870113,0.027043980446686815,-0.005691006631816702,0.7684668562415953,1.0360312295985763,0.5009024828846143,0.5376529360488116,283252817.85,0.4627484672347099,-8070756.988284647,0.056499999999999995,0.010500000000000065,0.010399999999999965,0.07740000000000002,0.729974160206718,0.47884329866949193,0.521156701330508,0.0020998924634695994,0,3,12,4,False,False,crash
2024-12-27,0.8611,0.9147,0.855,0.6695710776305366,134800242.8,1735343999999,119074484.61098,322382.0,64578519.7,57056726.20721,0,-0.15095425829230813,-0.16364221696346404,0.7645558252615994,-0.03365658830061802,0.7546344246921823,-0.015923194157312803,0.7539216973764358,-0.014545158865159502,0.7094640002674804,0.008543438129779424,0.4905063787794717,0.004795202057967463,,,0.22553173097167414,0.24776340253820903,0.27494783480388163,1.224,0.762,-0.20006260253130614,50.956591071923036,0.010429730032991302,0.023721130363947716,-0.013291400330956413,0.7539216973764358,1.008867758513175,0.49897563623969654,0.33457163572207915,271479890.39,0.49653859299246794,2504707.797932875,0.016000000000000014,0.03759999999999997,0.006099999999999994,0.059699999999999975,0.26800670016750455,0.4790682743488352,0.5209317256511647,0.002391553555866444,0,4,12,4,False,False,crash
2024-12-28,0.8771,0.9,0.8662,0.7594936632078212,79029125.6,1735430399999,69514216.91419,212022.0,38089594.6,33503319.54113,0,0.13429879004854972,0.12601465388789762,0.7759259840052511,0.01137015874365177,0.7742273710335713,0.019592946341388973,0.7564294489142479,0.0025077515378121307,0.7174971991962574,0.008033198928777074,0.4953319818106508,0.0048256030311791265,,,0.19745055829641242,0.2406657054651549,0.2684080293219865,1.1936,0.762,-0.005807082465659918,52.56291084019118,0.008926087400556448,0.020762121771269463,-0.011836034370713015,0.7564294489142479,1.010514274241717,0.5023446235867789,0.5060299041661067,241785550.95,0.32685627941573236,1117274.1505415472,0.012399999999999967,0.010500000000000065,0.01090000000000002,0.03380000000000005,0.3668639053254422,0.48196907546197126,0.5180309245380288,0.0026828336817635245,0,5,12,4,False,False,crash
2024-12-29,0.8895,0.9123,0.851,0.5727590357674542,105900380.7,1735516799999,93448345.93245,239856.0,51142938.8,45178295.16395,0,-0.2458672619487946,-0.28218688130756203,0.7155763508586432,-0.060349633146607906,0.7607341798025241,-0.013493191231047197,0.757594617217948,0.0011651683037000593,0.7218486176274544,0.004351418431197018,0.49893689316083856,0.003604911350187756,,,0.20232517719872845,0.24184751439949081,0.2714992335408039,1.1819,0.762,-0.45068102937019716,39.548116366361555,-0.007249911579079171,0.015159715101199737,-0.022409626680278908,0.757594617217948,1.0078682530353895,0.5073209814005064,0.130733015791325,207602323.51,0.5101117314561217,-3631210.355649236,0.03049999999999997,0.022800000000000042,0.008000000000000007,0.06130000000000002,0.49755301794453444,0.4829344187617259,0.5170655812382741,0.0022649210363036966,0,6,12,4,False,False,crash
2024-12-30,0.859,0.9048,0.8296,0.7074659414148807,168318692.6,1735603199999,145131815.83974,369154.0,81959155.5,70666601.48374,0,0.23518949023113933,0.21122439169578044,0.6995811485480379,-0.01599520231060536,0.7403596862887143,-0.02037449351380982,0.7540792428437306,-0.0035153743742173393,0.7258014898131009,0.003952872185646439,0.503468782732468,0.004531889571629422,,,0.1945010857418634,0.22971524062572476,0.2670263020472691,1.1819,0.762,-0.12987391899290138,42.698812521017416,-0.009094944955020834,0.010308783089955623,-0.019403728044976455,0.7540792428437306,1.0051333503635278,0.5030251353239334,0.4071648301448839,164955472.26000002,1.0203886557621982,489868.1391152706,0.0025000000000000577,0.043300000000000005,0.02939999999999998,0.07520000000000004,0.03324468085106458,0.4869284227080552,0.5130715772919447,0.002193184810894854,0,0,12,4,False,False,crash
2024-12-31,0.8616,0.8791,0.8397,0.8290788347916922,107355712.5,1735689599999,92144216.53289,253859.0,53909396.7,46287993.55548,0,0.17189929049247876,0.15862575784873412,0.707673710562477,0.008092562014439086,0.7529430620623472,0.012583375773632888,0.7643990093878071,0.010319766544076514,0.7349079350494659,0.009106445236365057,0.5086913857707139,0.005222603038245954,,,0.1850670193165816,0.22606936323200208,0.2639797380653215,1.1819,0.762,0.15974954701522315,50.006885759969414,-0.0007355243966536973,0.00809992159263376,-0.008835445989287457,0.7643990093878071,1.009611669076085,0.5191863496995293,0.6318851675237895,146735237.07,0.7316287119826984,-2043683.9059779588,0.01650000000000007,0.01749999999999996,0.00539999999999996,0.03939999999999999,0.41878172588832674,0.5021567594737915,0.4978432405262086,0.002364652928925417,0,1,12,4,False,False,crash
2025-01-01,0.845,0.9355,0.838,0.5348657019420267,171861317.3,1735775999999,153287717.95969,394096.0,79584838.5,70858056.67718,0,-0.35486749932964723,-0.438299555887787,0.680732635424775,-0.026941075137701942,0.7226442303431871,-0.030298831719160035,0.7525574377450566,-0.01184157164275057,0.7391208553515547,0.004212920302088752,0.5105231324242225,0.0018317466535086036,,,0.21155088009798356,0.23700584694520038,0.2688961985206787,1.1332,0.762,-0.6118919667510059,49.293756692034925,-0.017647732284554296,0.002950390817196148,-0.020598123101750444,0.7525574377450566,1.0183003885164439,0.4868144869736693,0.09040919962105547,140450974.04000002,1.2236391984797088,15679218.511217618,0.07720000000000005,0.013299999999999979,0.007000000000000006,0.09750000000000003,0.7917948717948721,0.4630759251139523,0.5369240748860477,0.0022931047323003382,0,2,1,1,False,False,crash
2025-01-02,0.9222,0.9828,0.9222,0.8026497592745577,194982188.5,1735862399999,186027073.22985,491830.0,103049971.5,98370648.37061,0,0.5006566253177995,0.4059027625353589,0.6893638546381222,0.008631219213347197,0.7326449193216866,0.010000688978499483,0.7611503820754495,0.008592944330392926,0.7469700170030427,0.007849161651487968,0.5159420338879664,0.005418901463743908,,,0.261062085879935,0.25647861027521435,0.27486702424815335,1.1332,0.762,0.10950904976982144,52.202782552344985,-0.009335232668382099,0.000493266120080499,-0.009828498788462597,0.7611503820754495,1.0213717942419582,0.5009289699089408,0.5797385904057616,135350724.62,1.4405699640501857,8245831.00357842,0.039000000000000035,0.021599999999999953,0.0,0.06059999999999999,0.6435643564356442,0.5285096669227303,0.4714903330772698,0.0025224355300535566,0,3,1,1,False,False,crash
2025-01-03,0.9612,1.1194,0.9569,0.658532344055909,388427400.9,1735948799999,412185601.55579,1012138.0,199989775.1,211930668.55658,0,-0.17955205686338638,-0.1979048157583141,0.7065185162958133,0.017154661657691084,0.7110474335772283,-0.0215974857444583,0.7614732511237754,0.00032286904832590224,0.7486732149871754,0.001703197984132765,0.5193547228059949,0.0034126889180284836,,,0.25924302365145535,0.2612520944518205,0.2719614422565004,1.121,0.762,-0.2882107407913399,43.972438331587945,-0.014212752044454158,-0.0024479375128264327,-0.011764814531627725,0.7614732511237754,1.0211402649070056,0.5018062373405453,0.3017828572677285,157685606.79000002,2.4633028264735253,51806484.38970034,0.12819999999999987,0.030000000000000027,0.0043000000000000815,0.16249999999999998,0.7889230769230763,0.5148704098542395,0.48512959014576046,0.002605732751229292,0,4,1,1,False,False,crash
2025-01-04,1.0894,1.1144,1.0565,0.9482770248896901,168969002.6,1736035199999,182111468.11348,482010.0,79192205.8,85366985.21793,0,0.43998549721831437,0.36463304216102205,0.7546807329907752,0.0481622166949619,0.7271309407694065,0.016083507192178215,0.7598328300009679,-0.0016404211228074894,0.7560558679738735,0.007382652986698046,0.5254053907860818,0.00605066798008691,,,0.2902207300897595,0.2554367522527433,0.27785907859229914,1.121,0.762,0.5188775066565184,55.625663202832435,0.005241334118234908,-0.0009100831866141646,0.006151417304849072,0.7598328300009679,1.01401484694665,0.5056508130552859,0.8706875040829348,165071887.07999998,1.0236085961633874,-2900422.5707912454,0.01869999999999994,0.025000000000000133,0.01419999999999999,0.05790000000000006,0.3229706390328138,0.46867889720265177,0.5313211027973482,0.0028526534014115083,0,5,1,1,False,False,crash
2025-01-05,1.0707,1.115,1.0521,0.7142124536230432,171630835.3,1736121599999,186330382.64185,525282.0,88126076.6,95728156.54877,0,-0.24683142702299976,-0.28346620774170356,0.7317074567570454,-0.0229732762337298,0.7196905836597611,-0.007440357109645412,0.7451241012546282,-0.014708728746339661,0.7576817539339263,0.0016258859600528641,0.5292805583781276,0.0038751675920457584,,,0.3055484066889997,0.26275914831779396,0.28079080059392775,1.1194,0.762,-0.1337088594766559,47.28530049432476,0.0017515915621107991,-0.00037774823686917186,0.002129339798979971,0.7451241012546282,0.9712425887579058,0.5190056137513507,0.4316472351002768,169127489.88,1.0148015288453474,3270074.7549453774,0.020399999999999974,0.023900000000000032,0.01859999999999995,0.06289999999999996,0.3243243243243241,0.5134629592984332,0.48653704070156684,0.0030605339598903645,0,6,1,1,False,False,crash
2025-01-06,1.0911,1.1162,1.0575,0.9033612795271487,181395918.9,1736207999999,197695924.05306,554712.0,88946695.8,97031569.87688,0,0.26483551910162717,0.23494208929998395,0.8054065722740698,0.07369911551702435,0.7430696038494223,0.023379020189661204,0.7488520142708024,0.0037279130161741447,0.7658552900712364,0.008173536137310089,0.5345096179542461,0.005229059576118522,,,0.30641738984472655,0.2643005301541665,0.28011001310245753,1.1194,0.762,0.3955268033775846,54.30504797645514,0.014086296850237323,0.0025150607805521272,0.011571236069685195,0.7488520142708024,0.983091817587858,0.5146122109537468,0.8298100132179715,173787057.49,1.043782670124545,382376.1465218382,0.0022999999999999687,0.022800000000000153,0.03359999999999985,0.058699999999999974,0.0391822827938666,0.49034562816727184,0.5096543718327282,0.0030580180820154053,0,0,1,1,False,False,crash
2025-01-07,1.0934,1.1519,0.988,0.6424836677590533,365562839.2,1736294399999,392107377.97835,1018590.0,175919965.8,188881178.82189,0,-0.28878547008860955,-0.34078116485700854,0.773373353970969,-0.0320332183031008,0.7313686043045455,-0.0117009995448768,0.7527979876690585,0.003945973398256086,0.7697670691973917,0.003911779126155257,0.5376683621901066,0.003158744235860489,,,0.3254719867491722,0.26216295252602106,0.2834253296850987,1.1519,0.762,-0.3065307315746261,45.20654441583501,0.002778962483647951,0.002567841121171292,0.0002111213624766588,0.7527979876690585,0.9763085397573656,0.5292874355807513,0.2532234633235103,202440428.85,1.8057798102713316,-34837797.553173564,0.10419999999999996,0.058499999999999996,0.0011999999999999789,0.16389999999999993,0.6357535082367297,0.48123043957362943,0.5187695604263706,0.00278636089551413,0,1,1,1,False,False,crash
2025-01-08,0.9893,1.0242,0.9079,0.5924460589150379,369801375.9,1736380799999,355425471.97831,909967.0,170748853.6,164619357.05995,0,-0.07788152657412095,-0.0810815675569499,0.7601560969427947,-0.013217257028174223,0.733337306619304,0.0019687023147584304,0.747035743210914,-0.005762244458144439,0.7736581898983466,0.0038911207009548754,0.5407489131111448,0.0030805509210382054,,,0.31379646761309543,0.2582022810337887,0.2831102217162475,1.1519,0.762,-0.4348651989868227,45.90892059993141,-0.010103333380679813,3.3606220801071264e-05,-0.010136939601480884,0.747035743210914,0.981134066935637,0.5129374194861911,0.1698188995200608,228830528.36999997,1.6160491282966487,-15850766.617630422,0.04249999999999998,0.03490000000000004,0.038899999999999935,0.11629999999999996,0.36543422184006874,0.46173125555426037,0.5382687444457396,0.002460691223188064,0,2,1,1,False,False,crash
2025-01-09,0.9467,0.9604,0.8798,0.8122563520604487,239358339.9,1736467199999,219018673.38349,533150.0,120567998.1,110398014.94723,0,0.37102161426806557,0.3155561657863694,0.7329519623769463,-0.02720413456584847,0.7438163476838607,0.010479041064556771,0.7420880169862876,-0.00494772622462647,0.7741477325265725,0.0004895426282259807,0.5462978689527311,0.005548955841586323,,,0.32559161130171027,0.26334387319483127,0.25359839399689676,1.1519,0.8296,-0.053812125161499684,50.4543036397763,-0.0025464382840870714,-0.0004824026801765573,-0.002064035603910514,0.7420880169862876,0.9655159863403067,0.5186600476322685,0.6570267484349288,235934493.1,1.0145118535022721,-10693766.136216735,0.042200000000000015,0.013700000000000045,0.024699999999999944,0.0806,0.523573200992556,0.5037133786538265,0.4962866213461736,0.002227413509897927,0,3,1,1,False,False,crash
2025-01-10,0.9045,0.974,0.904,0.5822731758449518,208259628.3,1736553599999,195036479.13336,563378.0,103228594.4,96659651.86312,0,-0.28314112365154076,-0.3328762829316202,0.7065641068213281,-0.026387855555618178,0.7191357817891866,-0.024680565894674156,0.7360394219257669,-0.0060485950605206895,0.7765346855065802,0.002386952980007684,0.5502260676170825,0.003928198664351346,,,0.3397140976477614,0.26640319062770285,0.24960410059117608,1.1519,0.8296,-0.7673807761559054,48.390975358241135,-0.014943011017233943,-0.0033745243475880346,-0.011568486669645908,0.7360394219257669,0.9701876307249295,0.5018912131266042,0.17164761398472628,246024884.67999998,0.8464982254574754,5940407.308059712,0.025800000000000045,0.04369999999999996,0.0004999999999999449,0.06999999999999995,0.3685714285714295,0.49567261423946374,0.5043273857605363,0.002705171446807965,0,4,1,1,False,False,crash
2025-01-11,0.9303,1.0176,0.9134,0.9936203304695015,146491610.6,1736639999999,141064184.34762,378932.0,75731187.8,73115083.47373,0,0.7064504629251265,0.534415460478671,0.7246159170097985,0.018051810188470463,0.7650112446419343,0.045875462852747684,0.7438277374925606,0.007788315566793713,0.7847835983154683,0.008248912808888065,0.558088174779855,0.00786210716277247,,,0.3753932895898857,0.3055265687628301,0.26539720872741906,1.1519,0.8296,0.5089057724775101,53.858150130943,0.008328883204820059,-0.001033842837106416,0.009362726041926474,0.7438277374925606,1.0014235561708578,0.48623191881426353,0.9848537415292803,243487914.01000005,0.6016381190648484,10266852.64013759,0.06520000000000004,0.02210000000000001,0.016900000000000026,0.10420000000000007,0.6257197696737044,0.5169660398286317,0.48303396017136835,0.002586714682485715,0,5,1,1,False,False,crash
2025-01-12,0.9955,1.0369,0.9613,0.5694048595308501,196542136.0,1736726399999,196621401.95457,931506.0,103259104.1,103385955.0958,0,-0.4269392019567503,-0.5567634631085909,0.710000155364158,-0.014615761645640601,0.7416867546675634,-0.023324489974370866,0.737165836994625,-0.00666190049793558,0.7803359549546244,-0.004447643360843911,0.5612560500961821,0.003167875316327118,,,0.3855349067593311,0.3205553568474378,0.26949338527361166,1.1519,0.8296,-0.8073072927991002,49.9487389835305,-0.007373617672777222,-0.0023017978042405773,-0.0050718198685366445,0.737165836994625,1.0058972255562413,0.46843444843300863,0.18786493762095519,243643908.76000005,0.8066778151782265,-5488569.945555004,0.027800000000000047,0.04139999999999988,0.006399999999999961,0.07559999999999989,0.3677248677248689,0.5253789655567801,0.4746210344432199,0.004739472252402915,0,6,1,1,False,False,crash
2025-01-13,0.9676,0.9938,0.8758,0.7055166161643113,288677979.1,1736812799999,266802657.96545,1019494.0,135329780.3,125251442.93476,0,0.23904214085142828,0.2143386140552358,0.7326142668140126,0.0226141114498547,0.7463851818784036,0.004698427210840239,0.7287163077278159,-0.008449529266809086,0.775525882172459,-0.004810072782165387,0.5662067786780812,0.004950728581899155,,,0.3832236698167947,0.3203672782318275,0.2701247661411792,1.1519,0.8296,-0.38499343417837034,49.97022174815683,-0.008734199111270713,-0.0035882780656466048,-0.005145921045624108,0.7287163077278159,0.9897828602710839,0.46764975518454793,0.455567476305377,233668966.58,1.235414284254845,-6950704.67400019,0.0232,0.0262,0.0686,0.118,0.19661016949152543,0.46879149120384017,0.5312085087961599,0.0035315960128944933,0,0,1,1,False,False,crash
2025-01-14,0.9444,1.0109,0.938,0.9359872343080068,187168513.0,1736899199999,182641785.74172,643019.0,96463337.1,94234418.66486,0,0.32666929858675364,0.2826715144856308,0.7573604432635243,0.024746176449511603,0.7451562028202353,-0.0012289790581683224,0.7361435717948209,0.007427264067005002,0.7780348773558723,0.0025089951834132984,0.5730802671301544,0.00687348845207314,,,0.3725883026212849,0.3250508263306789,0.27218672728241455,1.1519,0.8296,0.33008760256905617,51.580584372668625,0.008684473848509344,-0.0011337276828154148,0.009818201531324759,0.7361435717948209,1.0122629352424937,0.4600242083471482,0.8618791163681974,235488917.62000003,0.7948081586668425,10464313.30622616,0.05279999999999996,0.013699999999999934,0.006400000000000072,0.07289999999999996,0.7242798353909463,0.5153822913579487,0.4846177086420514,0.0034355084073355866,0,1,1,1,False,False,crash
2025-01-15,0.9972,1.09,0.9879,0.7316855077364002,384217805.3,1736985599999,400280349.15709,1460275.0,192831943.7,200826474.67168,0,-0.21827405234073605,-0.24625105042257653,0.787242909641814,0.02988246637828973,0.7469035082315709,0.001747305411335609,0.733297045945666,-0.0028465258491549017,0.7758285749716676,-0.002206302384204717,0.5772110557553463,0.004130788625191895,,,0.37008957315136015,0.33068592107235967,0.27459103231307397,1.1519,0.8296,-0.3037992313484327,52.98935162417239,0.005935040300191763,0.00028002591378602064,0.005655014386405742,0.733297045945666,1.0083103472381754,0.45828374465315663,0.49707007224433897,256747614.61999997,1.4964805257048353,30168726.589440435,0.07829999999999993,0.01450000000000018,0.009299999999999975,0.10210000000000008,0.7668952007835442,0.50188185201213,0.49811814798786996,0.0038006437490834314,0,2,1,1,False,False,crash
2025-01-16,1.0755,1.145,1.0273,0.9924211741002514,383249639.4,1737071999999,416688678.5374,1664449.0,190548592.5,207183435.51258,0,0.3563493654131318,0.30479680044363905,0.7870030783679639,-0.0002398312738500774,0.7558094976888813,0.00890598945731036,0.7494395507691518,0.01614250482348578,0.7808461465966949,0.005017571625027362,0.5847731599728222,0.00756210421747594,,,0.3767531780142025,0.33423303967908474,0.2774321928672651,1.1519,0.8296,0.5051851507919686,52.888483191654025,0.024512716286515746,0.005126563988331966,0.01938615229818378,0.7494395507691518,1.045777269199615,0.45310183233868867,0.9099741751033898,276932986.66999996,1.383907507763564,4881934.039776902,0.013700000000000045,0.05580000000000007,0.0481999999999998,0.11769999999999992,0.11639762107051874,0.4971918376709111,0.5028081623290889,0.0043429890830577,0,3,1,1,False,False,crash
2025-01-17,1.0893,1.1662,1.0854,0.7369048273702217,276530914.4,1737158399999,311178355.46964,1083643.0,142121085.9,159925820.42254,0,-0.2574676492182726,-0.29768883917803,0.8205030719358384,0.033499993567874475,0.7652516136499982,0.009442115961116881,0.7483101089772719,-0.0011294417918799038,0.7760552457001512,-0.0047909008965437705,0.5900083479712585,0.005235187998436253,,,0.37355176992476424,0.3417370346988113,0.27773167548215205,1.1662,0.8296,-0.27538672795537245,51.153769862667794,0.01840545794649351,0.007782342779964275,0.010623115166529234,0.7483101089772719,1.0446586688008803,0.45196154915366343,0.480756981552671,268029794.19,1.0317170717370836,11120137.762320984,0.04370000000000007,0.033199999999999896,0.0039000000000000146,0.08079999999999998,0.5408415841584169,0.5139428486987276,0.4860571513012723,0.0039187047218616515,0,4,1,1,False,False,crash
2025-01-18,1.1331,1.1466,1.0482,0.6094508127492231,256781980.9,1737244799999,277183564.57415,854851.0,123264484.1,133016353.94089,0,-0.1729585828279092,-0.18990050398865846,0.8012899112528207,-0.019213160683017705,0.7669520890334166,0.0017004753834184427,0.7501446978263602,0.00183458884908827,0.7668568392045301,-0.009198406495621092,0.5935933840406084,0.0035850360693499006,,,0.37900536424569425,0.3387725701054053,0.2790529960665744,1.1662,0.8296,-0.6540379894556655,44.7616207305369,0.0032435483035303525,0.006874583884677491,-0.0036310355811471386,0.7501446978263602,1.042342589615714,0.4579468060370064,0.259248972989573,256727854.69,1.0002108310766098,-6459211.346557806,0.02859999999999996,0.013500000000000068,0.05630000000000002,0.09840000000000004,0.2906504065040645,0.4800355681811005,0.5199644318188995,0.0033290926294898757,0,5,1,1,False,False,crash
2025-01-19,1.1044,1.152,0.9636,0.6312740960640258,560820593.6,1737331199999,591660749.09068,1850941.0,255960121.6,269964309.67014,0,0.03580811257984595,0.03518190716451491,0.7403472836040244,-0.06094262764879632,0.7488538634337745,-0.018098225599642137,0.7463351055588177,-0.0038095922675425165,0.7666991838152712,-0.00015765538925882616,0.5975263939638183,0.003933009923209996,,,0.36334124321815187,0.3361226546582961,0.2721336720515854,1.1662,0.838,-0.6298778303960212,48.62768157011483,-0.006931515548932676,0.004113363997955458,-0.011044879546888134,0.7463351055588177,1.042830999446704,0.4498392116709314,0.3059652564053724,288874080.06,1.941401573597451,-56615207.04970575,0.11140000000000005,0.047599999999999865,0.02939999999999998,0.1883999999999999,0.5912951167728244,0.45640285774270467,0.5435971422572953,0.0033004155359533144,0,6,1,1,False,False,crash
2025-01-20,0.993,1.1014,0.9594,0.7083460307267635,464297968.4,1737417599999,479018113.56034,1614437.0,227052911.8,234594832.95206,0,0.12208949352314424,0.11519256641799167,0.7356793882020971,-0.004667895401927247,0.7614611489219555,0.01260728548818102,0.7402984653555711,-0.006036640203246568,0.7650020332793893,-0.0016971505358819305,0.601806211600816,0.004279817636997696,,,0.3466834549668024,0.33531882958426834,0.2708075059153408,1.1662,0.838,-0.3950456102170521,46.648942310047936,-0.008676251522365508,0.001555440893891265,-0.010231692416256773,0.7402984653555711,1.0346092378283194,0.4459876928828228,0.4457165051072566,314477914.07000005,1.4764088275421825,7668163.82855991,0.01640000000000008,0.09199999999999986,0.03359999999999996,0.1419999999999999,0.11549295774647952,0.489024133752811,0.5109758662471889,0.003477157148809958,0,0,1,1,False,False,crash
2025-01-21,1.0095,1.0288,0.9508,0.6909802979293854,303337850.2,1737503999999,299682154.44694,1204808.0,153730110.7,151959076.68403,0,-0.024515889189865026,-0.024821407303666172,0.6753912129679239,-0.06028817523417318,0.7311971456679439,-0.030264003254011573,0.7481041951549391,0.007805729799368,0.7581656194373281,-0.00683641384206124,0.6061166890847671,0.004310477483951081,,,0.26535344443739123,0.322593445410541,0.268086368249876,1.1662,0.8758,-0.6364314809594169,50.90945569717589,-0.011329635866898724,-0.001021574458266733,-0.010308061408631991,0.7481041951549391,1.0273703459934271,0.468838044316451,0.39772498912947224,330162538.03,0.9187530844957262,-1081846.8998613176,0.0037000000000000366,0.019299999999999873,0.05500000000000005,0.07799999999999996,0.047435897435897934,0.5067950161796195,0.4932049838203805,0.003971835361810711,0,1,1,1,False,False,crash
2025-01-22,1.0059,1.0199,0.9759,0.7686301826030011,147886319.8,1737590399999,147500242.17866,665826.0,71022568.3,70885240.24208,0,0.1123764091484285,0.10649863598669593,0.6817362840144798,0.006345071046555906,0.751119677975159,0.01992253230721508,0.7464032163213612,-0.001700978833577893,0.7551017601753174,-0.003063859262010693,0.6102944741924481,0.004177785107680965,,,0.2203925296826968,0.3058869102982249,0.26766374421592315,1.1662,0.8758,-0.36904207092630503,53.27010898872324,-0.007085092791165981,-0.002234278124846583,-0.004850814666319398,0.7464032163213612,1.0246831776951488,0.4681232549475735,0.5399363399576309,325296956.40999997,0.4546194389030989,-3396474.435653207,0.0232,0.014000000000000012,0.006800000000000028,0.04400000000000004,0.5272727272727268,0.4802511036588794,0.5197488963411205,0.00450228257015562,0,2,1,1,False,False,crash
2025-01-23,0.9827,1.0118,0.9512,0.803777907133847,192569354.5,1737676799999,188553394.45486,895048.0,92349967.1,90473302.53073,0,0.04572774440344851,0.044713049166251496,0.7206017028914046,0.03886541887692474,0.7609458070721127,0.009826129096953684,0.7536654944752581,0.007262278153896906,0.7553921560874415,0.0002903959121240973,0.615230999993108,0.004936525800659952,,,0.21040681805203648,0.3014962786687955,0.26649309785077135,1.1662,0.8758,-0.24800996166030664,49.831052456124574,-0.0008750471961379569,-0.001962431939104858,0.001087384742966901,0.7536654944752581,1.0298631740870212,0.47746781486349504,0.5907183809962294,315686093.95,0.6100026519714237,783837.8121501812,0.0040000000000000036,0.02510000000000001,0.03149999999999997,0.06059999999999999,0.06600660066006608,0.4795673088263896,0.5204326911736105,0.004647925430938701,0,3,1,1,False,False,crash
2025-01-24,0.9867,1.01,0.9636,0.5648862703533193,124426928.3,1737763199999,123307322.88768,581934.0,57569463.9,57010707.49776,0,-0.29721100152202484,-0.3526985766363745,0.7073241377492633,-0.01327756514214129,0.7238357106766439,-0.037110096395468806,0.7344959567484396,-0.01916953772681851,0.7495784496207498,-0.005813706466691659,0.6188188288303933,0.0035878288372852563,,,0.20596405250223704,0.29648208091472555,0.270447924636862,1.1662,0.8758,-1.0706395648990388,49.65476182214755,-0.015056537516472623,-0.004581253054578412,-0.010475284461894212,0.7344959567484396,1.0070159804320757,0.4619759330648034,0.18881243274802947,309411935.47999996,0.40214004061276043,-1954613.7515455587,0.01550000000000007,0.023299999999999987,0.00759999999999994,0.0464,0.33405172413793255,0.46267688744350366,0.5373231125564963,0.0046769136548716035,0,4,1,1,False,False,crash
2025-01-25,0.9712,0.9919,0.9642,0.530390812465058,56721656.8,1737849599999,55530554.54648,304870.0,27382957.0,26815234.74604,0,-0.06106619986831219,-0.06301030265138235,0.6717330940969222,-0.035591043652341114,0.7037062411495096,-0.020129469527134236,0.7253048746905403,-0.009191082057899314,0.7414468091048064,-0.008131640515943395,0.6209595077918086,0.002140678961415343,,,0.195725654198044,0.29072405993200495,0.2705358492465475,1.1662,0.8758,-1.1894255769109578,39.18320498357254,-0.02874758170136582,-0.009414518783935894,-0.01933306291742993,0.7253048746905403,1.0126986062090075,0.43791114317207297,0.16089367851616232,276662320.63,0.20502125721651074,315379.8874794157,0.005400000000000071,0.01529999999999998,0.007000000000000006,0.027700000000000058,0.19494584837545342,0.4827601756512867,0.5172398243487133,0.005374843000002074,0,5,1,1,False,False,crash
2025-01-26,0.9766,1.0003,0.9515,0.5173296985117293,73197919.3,1737935999999,71946568.23196,385840.0,33249551.4,32689213.20597,0,-0.024625452866774977,-0.024933730845486113,0.6370029742133909,-0.03473011988353125,0.6561970935906574,-0.04750914755885227,0.7060032956397693,-0.01930157905077101,0.7325839179763666,-0.008862891128439854,0.6233319888375194,0.0023724810457107504,0.4495273824207433,,0.14649637829813678,0.2852362441742316,0.2706191217894451,1.1662,0.8758,-1.234401864629032,48.495021836944545,-0.04018848772624706,-0.015569312572398127,-0.02461917515384893,0.7060032956397693,0.9948943029063866,0.41711228837315195,0.17345193795888347,245657148.62000003,0.29796779662711037,-1768862.2726602538,0.023600000000000065,0.023699999999999943,0.0014999999999999458,0.048799999999999955,0.483606557377051,0.4542417560221551,0.5457582439778449,0.0052711880841673055,0,6,1,1,False,False,crash
2025-01-27,0.953,0.9587,0.8568,0.707239223483144,257950415.8,1738022399999,233275349.50049,1281926.0,124554204.9,112670845.29494,0,0.3670957331808953,0.31268858687778794,0.6247247823894195,-0.012278191823971385,0.6532305332019497,-0.002966560388707684,0.7092410734259739,0.0032377777862045987,0.7325419297969978,-4.198817936873489e-05,0.6281362135984212,0.00480422476090181,0.451683595337833,0.0021562129170896727,0.17882246085717818,0.286880400878905,0.2717819903986394,1.1662,0.8568,-0.48338971078492565,50.04828220386724,-0.03354469429814955,-0.019164388917548413,-0.014380305380601133,0.7092410734259739,0.9965819445985041,0.4219002022534436,0.4965165938025784,243799098.76,1.0580449932422877,-5007431.996117515,0.01849999999999996,0.005700000000000038,0.07769999999999999,0.10189999999999999,0.18155053974484753,0.482861035574264,0.5171389644257359,0.0049696605296187316,0,0,1,1,False,False,crash
2025-01-28,0.9346,0.9684,0.9031,0.5963325063568465,124707222.9,1738108799999,117808064.83354,673282.0,61142113.2,57748151.19872,0,-0.15681641153905934,-0.17057056478466628,0.5832357022340194,-0.04148908015540009,0.651918702562712,-0.0013118306392376766,0.7094353957980644,0.00019432237209049408,0.7334794665302656,0.0009375367332677964,0.6312926916837246,0.0031564780853033936,0.45291797622437485,0.0012343808865418748,0.17704873315230796,0.28914941730911203,0.27061406141768307,1.1662,0.8568,-0.8418471029190483,39.79605691678483,-0.03680442680418061,-0.022692396494874853,-0.01411203030930576,0.7094353957980644,0.9964487646591512,0.4224220269369775,0.30296581673176504,230591622.95999998,0.5408141948054748,-2348686.0599678843,0.017699999999999938,0.03380000000000005,0.013800000000000034,0.06530000000000002,0.2710566615620204,0.49028525997270045,0.5097147400272996,0.005398901397554896,0,1,1,1,False,False,crash
2025-01-29,0.9168,0.9603,0.9018,0.7951519276965465,135142289.7,1738195199999,126108234.87981,639765.0,67203239.8,62737348.93655,0,0.33340362837897364,0.2877347923462931,0.6292888337026649,0.046053131468645425,0.6683064857259641,0.016387783163252068,0.7085801745798692,-0.0008552212181951457,0.7338270365062121,0.0003475699759464268,0.6369810353709723,0.005688343687247688,0.45539910656201044,0.002481130337635584,0.20441274773598442,0.28698322236975526,0.2685036117359171,1.1662,0.8568,-0.19925039529235133,51.91296617804276,-0.023078685876631422,-0.022769654371226168,-0.00030903150540525365,0.7085801745798692,0.9944029933720844,0.42275735578765405,0.6514430399267954,188023792.57,0.7187510040767177,3389980.001199695,0.02310000000000001,0.020400000000000085,0.014999999999999902,0.058499999999999996,0.3948717948717951,0.49727764676167097,0.502722353238329,0.004734010363596793,0,2,1,1,False,False,crash
2025-01-30,0.9398,0.9886,0.9363,0.6116650205989497,86721138.9,1738281599999,83800863.79312,415435.0,44327630.8,42831507.13013,0,-0.23075704240463202,-0.2623484197190414,0.6455436753294432,0.01625484162677837,0.6586383847131827,-0.009668101012781372,0.7100497668175692,0.0014695922376999349,0.7336066668399879,-0.00022036966622418497,0.6411127102759138,0.004131674904941485,0.45728332762584417,0.0018842210638337353,0.21892241133170479,0.2841412386567283,0.26909638748801556,1.1662,0.8568,-0.792291465420331,37.96294178027689,-0.026699027472500747,-0.023555528991481084,-0.003143498481019663,0.7100497668175692,0.9934299811441227,0.4266695524910156,0.32640858245444454,150266109.62,0.5771170832818158,1808420.38774339,0.01970000000000005,0.029100000000000015,0.0034999999999999476,0.05230000000000001,0.37667304015296454,0.5111513912555408,0.48884860874445923,0.0047904698354924394,0,3,1,1,False,False,crash
2025-01-31,0.9595,0.9837,0.9347,0.5328088456236098,113818765.2,1738367999999,109123278.84919,512893.0,55359492.6,53103466.44611,0,-0.12892052401185705,-0.13802205946327656,0.6486395047518193,0.003095829422376073,0.6428212394826052,-0.015817145230577534,0.6870091925752745,-0.023040574242294665,0.7288289010565192,-0.004777765783468668,0.6442701725471938,0.0031574622712799982,0.4585747469930786,0.0012914193672344254,0.22300994173571734,0.23856304158161276,0.26839001297483756,1.1662,0.8568,-1.0471595164072087,42.736485180586676,-0.03552173610008935,-0.02594877041320274,-0.009572965686886613,0.6870091925752745,0.9473047174325296,0.42671366771801933,0.20379754504763867,131314201.12,0.8667666119065676,-1969141.7429077683,0.01660000000000006,0.0242,0.008199999999999985,0.049000000000000044,0.33877551020408253,0.48638282538668764,0.5136171746133124,0.004506225305631764,0,4,1,1,False,False,crash
2025-02-01,0.9428,0.9576,0.8875,0.61944423261472,88384785.8,1738454399999,81763836.86661,414099.0,38863207.6,35996957.01087,0,0.16260125503305134,0.15065995578999353,0.6310805065781345,-0.01755899817368478,0.627902644483777,-0.014918594998828194,0.689511161229468,0.0025019686541934982,0.7286019682554796,-0.00022693280103958102,0.6479283201651367,0.0036581476179429195,0.459885268217634,0.0013105212245553832,0.22646293047439026,0.21905466415543534,0.2673459647940472,1.1662,0.8568,-0.7671485694417584,50.3662952403052,-0.035118223542925264,-0.027782661039147248,-0.007335562503778016,0.689511161229468,0.9459808820067979,0.43304144045213816,0.3634011679772893,125364047.72,0.705024984494813,-4508758.295662312,0.04799999999999993,0.014800000000000035,0.007300000000000084,0.07010000000000005,0.6847360912981441,0.43970472121685,0.56029527878315,0.00468518417793122,0,5,2,1,False,False,crash
2025-02-02,0.8947,0.9113,0.7513,0.6582335528600433,340523726.6,1738540799999,281001946.2775,1649257.0,161979397.9,133346913.30752,0,0.06261955185471768,0.06073713487927826,0.6434607158787738,0.012380209300639322,0.6133482090563966,-0.01455443542738033,0.6871470080642547,-0.002364153165213323,0.7287251400508927,0.00012317179541310175,0.6524504565049264,0.004522136339789706,0.46171755769449435,0.0018322894768603715,0.22689667606215455,0.21352463325361545,0.26737844967284785,1.1662,0.7513,-0.22431054986733362,50.97602316167022,-0.031307568801441366,-0.028487642591606074,-0.002819926209835292,0.6871470080642547,0.9438671049762828,0.43042691115222653,0.44368680996930415,140159484.93,2.429544648869594,-34098039.67742512,0.08950000000000002,0.016599999999999948,0.05390000000000006,0.16000000000000003,0.5593750000000001,0.4756772737021961,0.5243227262978039,0.004843295404015469,0,6,2,1,False,False,crash
2025-02-03,0.8051,0.8245,0.506,0.48686045170874825,1336951229.5,1738627199999,923046921.96711,3842040.0,636846570.9,438753305.04003,0,-0.26035303184815495,-0.30158227668312537,0.5818024206812142,-0.06165829519755961,0.6055456271919395,-0.007802581864457148,0.6646906689342917,-0.02245633912996292,0.7188406401381507,-0.009884499912741984,0.6540876949021569,0.0016372383972305116,0.4621788249093353,0.0004612672148409658,0.22172513986324763,0.2091051621881431,0.2617124459825855,1.1662,0.506,-0.028990530583537948,42.49398926495454,-0.04163602037728864,-0.03111731814874259,-0.010518702228546051,0.6646906689342917,0.9079826710397466,0.42139866682883687,0.13453336795579698,261411915.05,5.114346946443824,11290695.927222982,0.006900000000000017,0.012499999999999956,0.29910000000000003,0.3185,0.02166405023547886,0.4763424101402496,0.5236575898597504,0.002873732351057313,0,0,2,1,False,False,crash
2025-02-04,0.8121,0.8198,0.715,0.4258668247965778,336202720.8,1738713599999,254723883.69626,1294772.0,162532877.6,123015828.34998,0,-0.12527948552423873,-0.13385085567511093,0.5446427815207399,-0.03715963916047438,0.5950932284250916,-0.010452398766847892,0.6493997347873005,-0.01529093414699123,0.7071902360630857,-0.011650404075065013,0.6551410365474751,0.0010533416453182287,0.4623625631131498,0.00018373820381450967,0.22480196009554676,0.20526975678408915,0.2624948321708733,1.1662,0.506,-0.12137712087764653,41.27351280793876,-0.05411921597668934,-0.03571769771433194,-0.0184015182623574,0.6493997347873005,0.9125904835573355,0.38620898601726555,0.07534048777292619,289360021.45,1.1618837983051995,-28196311.929162595,0.06820000000000004,0.007699999999999929,0.028900000000000037,0.1048,0.6507633587786263,0.4834371274963221,0.5165628725036778,0.0038511645501234145,0,1,2,1,False,False,crash
2025-02-05,0.744,0.7764,0.7251,0.6988600497919554,174717874.3,1738799999999,131046286.55324,714615.0,83708766.4,62816578.03601,0,0.641029563938861,0.49532382775241157,0.5778530223544089,0.03321024083366908,0.6132462635531142,0.018153035128022577,0.6347216785718859,-0.014678056215414625,0.7045913766748515,-0.0025988593882342315,0.659858226834018,0.004717190286542827,0.4639917243692203,0.0016291612560704882,0.3020234505268085,0.23891192939818098,0.27541708785299235,1.1662,0.506,0.29212367432892367,47.9651251862568,-0.04150551690562909,-0.03687526155259137,-0.004630255353037724,0.6347216785718859,0.8447358218940613,0.42470753524971055,0.6527001234428222,299512016.95,0.5833417840098453,-2677488.596612434,0.011499999999999955,0.032399999999999984,0.007400000000000073,0.05130000000000001,0.22417153996101272,0.47910820078011906,0.5208917992198809,0.004090108140698687,0,2,2,1,False,False,crash
2025-02-06,0.7325,0.766,0.6978,0.611871550427783,187578647.3,1738886399999,136652192.35838,698718.0,93337776.0,68035053.69667,0,-0.12447198747455679,-0.13292813173674684,0.5763384859170215,-0.0015145364373874148,0.603709496247578,-0.009536767305536209,0.6284700147247638,-0.006251663847122058,0.7055575236875284,0.0009661470126769434,0.6632965543466518,0.003438327512633843,0.465632152180717,0.001640427811496703,0.28730066788555775,0.23293546295461176,0.2716828219295806,1.152,0.506,0.16388784895941635,44.56725330251356,-0.038089245310280684,-0.03711805830412923,-0.0009711870061514527,0.6284700147247638,0.8330503468136577,0.4238896826358699,0.4594328933590534,292474840.1,0.6413496875008634,-6990985.762853233,0.02729999999999999,0.033499999999999974,0.007400000000000073,0.06820000000000004,0.40029325513196445,0.4975927555907905,0.5024072444092095,0.0037249335681716475,0,3,2,1,False,False,crash
2025-02-07,0.7052,0.7532,0.6902,0.6955791937124707,206190185.9,1738972799999,149143599.07408,772585.0,102050260.6,73822914.68177,0,0.136805908407025,0.12822249518962686,0.583807614087507,0.007469128170485506,0.6136341649831405,0.009924668735562525,0.6327764337729263,0.004306419048162424,0.7053152886002195,-0.0002422350873089174,0.6668362332633904,0.0035396789167385645,0.4675874138509123,0.001955261670195274,0.28249199289267385,0.23014647438068392,0.27023343003716105,1.152,0.506,0.29346624413695155,54.05622643102827,-0.02830108097428885,-0.035354662838161154,0.007053581863872303,0.6327764337729263,0.8392879551942747,0.4262649123515778,0.6520563102419042,300623136.4,0.6858759720530945,584770.8051616461,0.0020000000000000018,0.04599999999999993,0.015000000000000013,0.06299999999999994,0.0317460317460318,0.4949326766187274,0.5050673233812726,0.003746953312194477,0,4,2,1,False,False,crash
2025-02-08,0.7072,0.718,0.6815,0.40382633791147293,106440011.1,1739059199999,74135811.71145,392282.0,52688225.4,36719244.19838,0,-0.41943873312806235,-0.5437599418595833,0.5672007913280519,-0.01660682275945513,0.5745016060046331,-0.039132558978507426,0.6214040458652985,-0.011372387907627735,0.6951675978273893,-0.010147690772830176,0.668358150709231,0.001521917445840626,0.4683990330220869,0.0008116191711746157,0.2975037278227981,0.25103169017407245,0.27510944990156033,1.1014,0.506,-0.17160507572812744,46.612795896316946,-0.04358350389774479,-0.03700043105007789,-0.006583072847666904,0.6214040458652985,0.8519195119617048,0.39088857976889224,0.02806266833560282,297752908.54,0.35747765360854866,-1008410.7386453701,0.006700000000000039,0.01079999999999992,0.019000000000000017,0.03649999999999998,0.18356164383561763,0.49500394499677014,0.5049960550032299,0.0036854750008570793,0,5,2,1,False,False,crash
2025-02-09,0.7006,0.716,0.6503,0.6638525402477855,145972643.5,1739145599999,99924644.60889,462338.0,76346385.8,52334328.41277,0,0.6439060009833131,0.4970751179818707,0.6147979344182934,0.047597143090241545,0.5797203579695166,0.005218751964883528,0.6191793713413497,-0.002224674523948811,0.6943797470912378,-0.0007878507361515075,0.6716039442488946,0.0032457935396635884,0.4703823830035942,0.0019833499815072875,0.35457302978357297,0.2880622026087132,0.28651646423739807,1.0288,0.506,0.30193676405467773,53.463506227605755,-0.034317403108407585,-0.03646382546174383,0.002146422353336244,0.6191793713413497,0.847005037808056,0.3913537048746433,0.5980424409577316,303678059.0,0.4806822197846042,-3980124.89771592,0.019199999999999995,0.01539999999999997,0.031100000000000017,0.06569999999999998,0.2922374429223744,0.5230184503714903,0.4769815496285097,0.003167292096070042,0,6,2,1,False,False,crash
2025-02-10,0.6815,0.7245,0.6632,0.641150395855999,168781925.4,1739231999999,117792945.62019,672885.0,86397959.9,60330252.20901,0,-0.03419757101978227,-0.03479599055288056,0.6032560036311022,-0.011541930787191235,0.5905545129927556,0.010834155023239034,0.6166878762376804,-0.0024914951036693056,0.6904456746256851,-0.003934072465552774,0.6752627418825813,0.0036587976336867056,0.47208414317041886,0.0017017601668246618,0.35023819928146155,0.288171360692615,0.28580410608846346,1.0199,0.506,0.26298967864564887,48.303702046849736,-0.028477553289229962,-0.034866571027241056,0.0063890177380110935,0.6166878762376804,0.8422863737280277,0.39108937874733307,0.5542169382563491,309174375.02000004,0.5459117541325401,7604351.49659525,0.03059999999999996,0.012400000000000078,0.018299999999999983,0.06130000000000002,0.4991843393148442,0.5118910670988234,0.48810893290117663,0.003986712430287278,0,0,2,1,False,False,crash
2025-02-11,0.7121,0.8213,0.7101,0.6202997405920653,364029512.7,1739318399999,284354724.20044,1328554.0,185574659.0,144875246.4304,0,-0.03252069311459449,-0.03306124253907069,0.6049416416639587,0.0016856380328564846,0.59064006379049,8.555079773442387e-05,0.6092713541371336,-0.007416522100546774,0.6887988120477353,-0.0016468625779497703,0.6787895357045296,0.0035267938219483153,0.4737070375011012,0.0016228943306823562,0.34983720609210317,0.28786874838817883,0.28460252950285686,1.0118,0.506,0.22597813482021603,50.64498263210601,-0.025240941989969068,-0.03294144521978666,0.007700503229817593,0.6092713541371336,0.8232935983972642,0.39524910987700307,0.5257645799693776,336738847.71,1.0810440053934698,33739570.057857074,0.06600000000000006,0.043200000000000016,0.0020000000000000018,0.11120000000000008,0.5935251798561152,0.5097791594522001,0.4902208405477999,0.003649577722822911,0,1,2,1,False,False,crash
2025-02-12,0.7782,0.8079,0.7448,0.6419152261589014,271335009.3,1739404799999,210062134.21233,1026795.0,133038491.3,103198079.6977,0,0.034846839604034896,0.03425343470815172,0.5942088481532448,-0.010732793510713878,0.5890082311203759,-0.0016318326701141306,0.6011782200883863,-0.008093134048747341,0.6841469725409034,-0.004651839506831901,0.6823960182775052,0.003606482572975578,0.4750439363281134,0.0013368988270122117,0.349825634029789,0.28783754780570925,0.28298609732606184,1.01,0.506,0.269673067775598,45.44147653914744,-0.020693177114960215,-0.03049179159882137,0.009798614483861157,0.6011782200883863,0.7955728657686403,0.40678357440813223,0.6047791360918463,329819975.98,0.8226760932044138,7532240.330137508,0.021499999999999964,0.008199999999999985,0.033399999999999985,0.06309999999999993,0.3407290015847858,0.49031082145727367,0.5096891785427263,0.003784233382374664,0,2,2,1,False,False,crash
2025-02-13,0.7998,0.8309,0.7693,0.5603857195655207,148408733.0,1739491199999,117486749.75232,687370.0,72422094.1,57342045.8422,0,-0.1270097721177884,-0.13583091692544663,0.6255207244840544,0.03131187633080956,0.596360757906053,0.007352526785677105,0.6009531925489963,-0.0002250275393900214,0.6796058478728557,-0.00454112466804768,0.6847443505426594,0.002348332265154185,0.4763950491916427,0.0013511128635292913,0.33923037256726385,0.2802465508249633,0.28326997421084904,1.0003,0.506,0.11002573248132863,48.37601811790178,-0.023398072087972732,-0.029073047696651647,0.005674975608678915,0.6009531925489963,0.7955350554534171,0.40637132964457545,0.39575731165806965,210965726.32999998,0.7034731924552231,2041385.598349387,0.01090000000000002,0.020199999999999996,0.03049999999999997,0.06159999999999999,0.17694805194805233,0.48799078488191117,0.5120092151180888,0.004631600756270859,0,3,2,1,False,False,crash
2025-02-14,0.8107,0.8293,0.7891,0.5392776356282948,144880343.5,1739577599999,117214064.41319,736090.0,72301186.1,58506590.90629,0,-0.03766706252541829,-0.038394799340446095,0.6006057435601562,-0.02491498092389821,0.6077018389892249,0.011341081083171889,0.6013975337071582,0.00044434115816194275,0.6746190800910317,-0.004986767781824053,0.6877698211143662,0.0030254705717068786,0.47713070886384706,0.0007356596722043474,0.33503712909006206,0.27988247820928513,0.28340424656061913,1.0003,0.506,0.06732275061358442,50.21264005387916,-0.026934482855690445,-0.02864533472845941,0.001710851872768964,0.6013975337071582,0.795340475707611,0.40745459170670545,0.3398500676587694,191833488.6,0.7552401020141798,-1947940.9697175338,0.01090000000000002,0.01860000000000006,0.010699999999999932,0.040200000000000014,0.2711442786069656,0.4990406866339325,0.5009593133660676,0.005080675419574775,0,4,2,1,False,False,crash
2025-02-15,0.7997,0.8141,0.7745,0.45096736404591353,72649439.8,1739663999999,57679701.87928,408639.0,33585130.2,26688211.27245,0,-0.16375659910223017,-0.17883555887395064,0.5625691371981392,-0.038036606362017,0.5829125704146206,-0.024789268574604284,0.5980794169838675,-0.0033181167232907427,0.6702470058193393,-0.004372074271692394,0.6898555030434099,0.002085681929043681,0.4775653293616683,0.00043462049782122536,0.2730558531978724,0.283126917211566,0.2835759956525975,0.9886,0.506,-0.1140336426732003,44.46797221410412,-0.03644292340841493,-0.030204852464450514,-0.006238070943964415,0.5980794169838675,0.8001776185587635,0.39598121540897147,0.13603819382965818,181626645.14999998,0.39999329250397714,-1698605.3066516605,0.01859999999999995,0.01440000000000008,0.00660000000000005,0.03960000000000008,0.4696969696969675,0.46229028458386,0.53770971541614,0.005624805932777475,0,5,2,1,False,False,crash
2025-02-16,0.7811,0.7893,0.7615,0.7573917341021156,62651373.5,1739750399999,48598755.97143,366819.0,30510450.9,23682112.41911,0,0.6794823627747142,0.5184856285412465,0.5899875359001492,0.027418398702010016,0.597464588782054,0.014552018367433361,0.600587042514816,0.0025076255309485207,0.6702049672372251,-4.2038582114156675e-05,0.6938510832167414,0.003995580173331459,0.4799203245562785,0.0023549951946101877,0.3451992176973025,0.31019603781425176,0.29783531508370864,0.9886,0.506,0.520911177169738,52.76920042075793,-0.019033143057394675,-0.02797051058303935,0.008937367525644675,0.600587042514816,0.8095172912349097,0.3916567937947223,0.8752560783990945,169133917.76999998,0.37042465713587786,-778028.834912306,0.009700000000000042,0.008199999999999985,0.00990000000000002,0.027800000000000047,0.34892086330935346,0.48698774177712156,0.5130122582228784,0.005854923515762987,0,6,2,1,False,False,crash
2025-02-17,0.7714,0.8291,0.7705,0.5328318705609647,193681003.3,1739836799999,155718387.55634,920809.0,97303963.5,78223351.71749,0,-0.2964910408051463,-0.3516746673348636,0.5681708647805619,-0.021816671119587294,0.5811898564669032,-0.016274732315150753,0.5974120107250218,-0.0031750317897941693,0.6694064239330954,-0.0007985433041297618,0.6956275207802749,0.0017764375635335172,0.4812458938577632,0.001325569301484697,0.3623758631870586,0.31643336972632435,0.29891026228626705,0.9886,0.506,0.05559857140688914,51.246809384203566,-0.023089707189565822,-0.026994349904344645,0.0039046427147788228,0.5974120107250218,0.8085329925813441,0.3862910288686995,0.34705418761265777,167882999.51000002,1.1536665646033046,9415397.489953334,0.03749999999999998,0.020199999999999996,0.0009000000000000119,0.058599999999999985,0.6399317406143342,0.5023929133064337,0.49760708669356635,0.004754255628125404,0,0,2,1,False,False,crash
2025-02-18,0.8089,0.814,0.7351,0.5462928490774991,173068755.8,1739923199999,133260460.33976,907541.0,83379166.9,64190701.12989,0,0.025263088152671198,0.02494925102437095,0.5653522906829576,-0.0028185740976043316,0.595436507583506,0.014246651116602727,0.5849690567940694,-0.012442953930952405,0.6661829620863478,-0.0032234618467475995,0.6959922259497243,0.00036470516944941966,0.4822775810831675,0.0010316872254043097,0.3274137468884406,0.3085791062210321,0.2975662140831293,0.9886,0.506,0.08349119162349582,53.352562002902246,-0.02493098613294431,-0.02658167715006458,0.0016506910171202697,0.5849690567940694,0.7753331840692954,0.3946049295188434,0.3984151891688796,174545873.98,0.9915373640962191,-11724771.687279012,0.05479999999999996,0.005099999999999993,0.019000000000000017,0.07889999999999997,0.6945500633713559,0.4817690317041038,0.5182309682958962,0.005243817671219429,0,1,2,1,False,False,crash
2025-02-19,0.7542,0.7761,0.7328,0.4611629613961821,118560241.8,1740009599999,90022856.37791,644726.0,58251369.5,44242870.98947,0,-0.15583196416550593,-0.16940370961224493,0.549729355836535,-0.01562293484642252,0.5751675496983456,-0.020268957885160366,0.5774439538339311,-0.007525102960138308,0.6588246446184374,-0.00735831746791038,0.6968662898339517,0.000874063884227394,0.4834135883097651,0.001136007226597624,0.26271426534174375,0.305813383755623,0.298088399710663,0.9837,0.506,-0.0938602440942388,42.60968636972667,-0.0328804579847225,-0.027841433316996164,-0.005039024667726336,0.5774439538339311,0.7751229124942927,0.3797649951735696,0.20588424477302347,171804633.81,0.6900875673185662,3097250.714043225,0.019600000000000062,0.0022999999999999687,0.021399999999999975,0.043300000000000005,0.4526558891454979,0.49132296472762427,0.5086770352723757,0.005437961244104008,0,2,2,1,False,False,crash
2025-02-20,0.7737,0.8111,0.7703,0.6858116219138951,123013598.3,1740095999999,97238355.65307,508506.0,59565376.9,47086556.55215,0,0.48713508959519136,0.3968515104230859,0.5966982074101314,0.046968851573596315,0.5796336723041352,0.004466122605789602,0.5850940926484454,0.007650138814514262,0.6618435630178748,0.0030189183994374647,0.7004822091847148,0.0036159193507631082,0.48561930835295086,0.002205720043185755,0.30575406589191045,0.320280299198929,0.2997958974276226,0.9576,0.506,0.39816568182882,52.117623568742616,-0.020813279730603318,-0.026435802599717596,0.005622522869114278,0.5850940926484454,0.7872906499274188,0.3828975353694719,0.7490584672183324,167227801.1,0.7356049501986784,4737406.602920634,0.029899999999999927,0.007500000000000062,0.0034000000000000696,0.04080000000000006,0.7328431372548991,0.48421782407124336,0.5157821759287566,0.004133738115357609,0,3,2,1,False,False,crash
2025-02-21,0.8036,0.8187,0.7501,0.7541398778809595,176129521.6,1740182399999,138674282.64158,834305.0,85066959.3,67015315.4324,0,0.09963123076914426,0.09497487884191604,0.5960478361659002,-0.0006503712442311738,0.5930176860330246,0.013384013728889421,0.5918288749117574,0.0067347822633120336,0.6608733653900029,-0.0009701976278719826,0.7039216911965228,0.0034394820118079927,0.4879771329336877,0.002357824580736856,0.3050618632528514,0.31947363191838696,0.29263145782725636,0.9113,0.506,0.6122375472019725,51.69206790684925,-0.005671062334925314,-0.022282854546759143,0.01661179221183383,0.5918288749117574,0.8073750729052899,0.3762826769182249,0.8765109393719677,148437801.99,1.1865543630985962,-9095787.887506219,0.04149999999999998,0.015100000000000002,0.01200000000000001,0.0686,0.6049562682215741,0.4829795625811772,0.5170204374188228,0.004736883359592343,0,4,2,1,False,False,crash
2025-02-22,0.7622,0.7845,0.7571,0.4716364255866584,70048824.6,1740268799999,54011115.74636,335421.0,36000182.3,27763370.41821,0,-0.374603519294194,-0.46936946124348733,0.5838087471710388,-0.012239088994861369,0.5759898059758004,-0.01702788005722422,0.5824990185480882,-0.009329856363669231,0.6571354470206178,-0.003737918369385085,0.7029043310038966,-0.0010173601926262155,0.4892245247048505,0.0012473917711627869,0.3340978897704573,0.3333442064113568,0.2968446344132576,0.8309,0.506,-0.10576661869295659,51.969851662497526,-0.016278762138598468,-0.02108203606512701,0.004803273926528542,0.5824990185480882,0.8020591029781694,0.362938934118007,0.24753472779626773,128309183.52000001,0.5459377316439804,1038645.4769452821,0.011199999999999988,0.011099999999999999,0.005099999999999993,0.02739999999999998,0.4087591240875911,0.5139298554340054,0.4860701445659946,0.004788388697674165,0,5,2,1,False,False,crash
2025-02-23,0.7733,0.7883,0.7596,0.6113607687427531,68066469.6,1740355199999,52472981.66961,288761.0,32363197.4,24948392.48777,0,0.29625435097023,0.25947883713859354,0.5968223311040897,0.013013583933050854,0.5810873108935235,0.005097504917723095,0.5887240343997884,0.006225015851700211,0.6503971218976791,-0.006738325122938704,0.7032264949357763,0.00032216393187967096,0.49134443043809745,0.0021199057332469406,0.3410420095394903,0.3310700950404025,0.29349935461875826,0.8309,0.6503,-0.21561036133580763,48.360550190417754,-0.01325802364596329,-0.019517233581294268,0.0062592099353309776,0.5887240343997884,0.8038826023229898,0.37356546647658695,0.5526047708940057,120274957.18000002,0.5659238730647286,-325634.7782777295,0.0035999999999999366,0.015000000000000013,0.010099999999999998,0.028699999999999948,0.12543554006968444,0.4754646096703097,0.5245353903296903,0.004242338433254073,0,6,2,1,False,False,crash
2025-02-24,0.7698,0.7774,0.67,0.4554642082458084,187852768.2,1740441599999,135106086.4304,889937.0,87039729.1,62641125.58661,0,-0.254999287601561,-0.2943701043635193,0.5956825804740149,-0.001139750630074765,0.572705968155275,-0.008381342738248532,0.5902039035722499,0.0014798691724615676,0.6452221569901344,-0.005174964907544655,0.7014519554620303,-0.0017745394737459508,0.4921647244437874,0.0008202940056899477,0.3543358720429287,0.33607540534374797,0.2936588388262074,0.8309,0.6503,-1.078824982027639,44.64600604821789,-0.023176452460367702,-0.020249077357108958,-0.0029273751032587447,0.5902039035722499,0.8010092039688189,0.37939860317568097,0.18041672796422123,124572199.65,1.5079830710848332,-21501661.52841368,0.08820000000000006,0.00759999999999994,0.011599999999999944,0.10739999999999994,0.8212290502793306,0.46334014629655057,0.5366598537034495,0.004737417545279485,0,0,2,1,False,False,crash
2025-02-25,0.6816,0.695,0.6302,0.6782581794600429,314619948.7,1740527999999,208447374.60304,1522187.0,154362562.9,102370376.33253,0,0.4891580220371461,0.39821087435505764,0.5941718919832445,-0.0015106884907704066,0.5954350496966879,0.022729081541412954,0.5891738100556543,-0.0010300935165956648,0.6407200949887922,-0.0045020620013421775,0.7032876925300142,0.0018357370679839002,0.49442166131244036,0.00225693686865297,0.3734441051617299,0.32352762220200676,0.29898678555380354,0.8309,0.6302,0.2394528124566162,51.49683445938399,-0.01291044368578409,-0.018781350622843983,0.005870906937059894,0.5891738100556543,0.7979349832178985,0.3804126368934101,0.7133643149608916,148769250.54000002,2.1148184020420753,738544.4805164775,0.0016000000000000458,0.011799999999999922,0.0514,0.06479999999999997,0.02469135802469208,0.49063183545042643,0.5093681645495736,0.004838177001457251,0,1,2,1,False,False,crash
2025-02-26,0.6832,0.6954,0.6312,0.5184413944484637,188683060.2,1740614399999,125658919.32353,769375.0,88044466.6,58600990.36696,0,-0.2356282457792227,-0.26870101886758696,0.5470321952967453,-0.0471396966864992,0.5715400157313227,-0.023895033965365187,0.5845023022566883,-0.004671507798965968,0.6382392495225805,-0.002480845466211745,0.7040031593599863,0.0007154668299720335,0.49593670946182455,0.0015150481493841905,0.3244367511240267,0.3274968173141983,0.29790678829049916,0.8309,0.6302,-0.5568440735004299,47.023629620751464,-0.01746906417743821,-0.01851889333376283,0.001049829156324622,0.5845023022566883,0.7952964186944431,0.3737081858189335,0.3433046687341208,161372419.21,1.1692398312158883,-9887080.730620613,0.035800000000000054,0.012199999999999989,0.016199999999999992,0.06420000000000003,0.5576323987538946,0.4666262382360915,0.5333737617639085,0.0040776050546587434,0,2,2,1,False,False,crash
2025-02-27,0.6475,0.6798,0.6263,0.4838098294175645,119338095.8,1740700799999,78277715.32011,545748.0,59986670.7,39326623.21934,0,-0.06679938253723261,-0.06913507717330716,0.5494668760629265,0.002434680766181252,0.5666378116169828,-0.0049022041143399475,0.573913834041943,-0.01058846821474535,0.6360665249326309,-0.0021727245899495484,0.7048623574154889,0.000859198055502608,0.49731737088193595,0.0013806614201113954,0.30821030608741473,0.3274288656442237,0.29782486850294054,0.8309,0.6263,-0.6964328962973385,48.111416890802886,-0.023604187252538766,-0.01953595211751802,-0.004068235135020748,0.573913834041943,0.7824782720617498,0.36534939602213606,0.28399000932311036,153938128.45999998,0.7752341605933541,-423969.13861599856,0.0023999999999999577,0.032299999999999995,0.01880000000000004,0.05349999999999999,0.04485981308411137,0.5026615373562883,0.4973384626437118,0.004573124754015055,0,3,2,1,False,False,crash
2025-02-28,0.6451,0.6466,0.5801,0.5202536815424798,258110432.8,1740787199999,157733442.35881,987218.0,121784929.1,74451895.93544,0,0.07532681212531012,0.07262462665691911,0.5312454586228719,-0.018221417440054677,0.5640338948634808,-0.0026039167535020225,0.5797352012234933,0.005821367181550352,0.6302264715222716,-0.005840053410359314,0.7021871020244221,-0.002675255391066722,0.4985492875052756,0.0012319166233396572,0.3085139764555156,0.31008860986284537,0.2939401786516897,0.8309,0.5801,-0.23862168443987317,49.53433672965862,-0.02523471214468942,-0.0206757041229523,-0.004559008021737119,0.5797352012234933,0.7743428941206297,0.3851275083263569,0.34717582641387756,162442296.16,1.5889361262523045,-4921342.928910224,0.012299999999999978,0.0014999999999999458,0.05270000000000008,0.0665,0.18496240601503725,0.47183264844767636,0.5281673515523236,0.003824789216346624,0,4,2,1,False,False,crash
2025-03-01,0.6328,0.677,0.6252,0.537235454835807,101845318.3,1740873599999,65804740.21261,367448.0,49201149.7,31788114.91793,0,0.0326413322880843,0.03211992005734395,0.5475997079408716,0.01635424931799978,0.5716411442074433,0.007607249343962508,0.5734043469528944,-0.0063308542705988735,0.6293257171020887,-0.0009007544201828921,0.7029302013043345,0.0007430992799123404,0.5001656152919375,0.0016163277866618753,0.3011645684919313,0.2771078704097804,0.2904520007146811,0.8309,0.5801,-0.17091126461001957,52.18805233471165,-0.02486994247104124,-0.02151455179257009,-0.0033553906784711506,0.5734043469528944,0.7647000065413815,0.3821086873644074,0.40546337487506645,160770803.81,0.6334814275131787,4265014.119706056,0.026499999999999968,0.01770000000000005,0.007600000000000051,0.05180000000000007,0.5115830115830103,0.48309682291993983,0.5169031770800602,0.0036079027110272185,0,5,3,1,False,False,crash
2025-03-02,0.6593,1.1488,0.645,0.7984971254986162,1462027409.9,1740959999999,1411488435.46581,4254021.0,752590299.9,727895658.18951,0,0.48630757391590507,0.3962949059788129,0.5716474971485862,0.024047789207714554,0.5829096945659153,0.011268550358472074,0.5812716834350253,0.007867336482130893,0.625423253002671,-0.003902464099417746,0.7051034256590697,0.002173224354735215,0.5024957671705018,0.002330151878564335,0.3010326640218189,0.2953901578391619,0.28161658393930733,1.1488,0.5801,0.3840287066970568,51.06701753822625,-0.0034593492838729256,-0.01790351129083066,0.014444162006957733,0.5812716834350253,0.7958267784021213,0.3667165884679293,1.0062229869136978,294672184.96999997,4.961538565470122,1054886150.2949039,0.4757,0.013800000000000034,0.01429999999999998,0.5038,0.94422389837237,0.5147579961934337,0.4852420038065663,0.0029096725349977994,0,6,3,1,False,False,crash
2025-03-03,1.1349,1.1747,0.8228,0.7038954262493072,1410346466.6,1741046399999,1367524113.78779,4377602.0,684537368.1,664754886.93781,0,-0.11847468979958509,-0.12610156490704774,0.608738303508755,0.037090806360168815,0.5778852494027501,-0.005024445163165248,0.5854514677178874,0.004179784282862031,0.6281130643370402,0.0026898113343691854,0.7042245096458322,-0.0008789160132375295,0.5049692797824409,0.002473512611939066,0.3052889748147688,0.29724336570224075,0.27465791973394077,1.1747,0.5801,0.2081995059692352,54.76175598285105,0.005808180472896662,-0.013161172938085195,0.018969353410981857,0.5854514677178874,0.8063705778540435,0.3645323575817312,0.7680708754856491,418093879.46999997,3.3732769979504047,-344447612.81191194,0.2771,0.03980000000000006,0.03500000000000003,0.3519000000000001,0.7874396135265699,0.48536822994299555,0.5146317700570044,0.0031039195713045793,0,0,3,1,False,False,crash
2025-03-04,0.8577,0.9562,0.7576,0.8937367389733495,1103033777.6,1741132799999,934759235.9205,3541324.0,552628368.6,468989369.61309,0,0.26970101757246523,0.23878145352076272,0.6907236854199119,0.0819853819111569,0.6200952807414193,0.042210031338669185,0.5980425433586098,0.012591075640722482,0.631877466793221,0.0037644024561808154,0.7037016744828399,-0.0005228351629922301,0.5083763384997645,0.0034070587173236078,0.2763434690839032,0.30148235250521094,0.27515008128231994,1.1747,0.5801,0.5274751748626799,58.806732800538896,0.02814691186176632,-0.004899555978114891,0.033046467839881216,0.5980425433586098,0.8578019063126527,0.33828318040456695,1.0691694656393471,521392374.77,2.1155541027744746,106857200.88430856,0.08319999999999994,0.015300000000000091,0.10009999999999997,0.1986,0.4189325276938567,0.5010076570840999,0.4989923429159001,0.0032105308757681694,0,1,3,1,False,False,crash
2025-03-05,0.9409,1.0278,0.9136,0.8070765566465048,684542897.2,1741219199999,660407721.26487,2449251.0,347110827.9,335142993.4501,0,-0.09696388046707438,-0.10199272688235698,0.7480882604407169,0.05736457502080494,0.6396668595317944,0.019571578790375077,0.610377085212659,0.012334541854049141,0.6292992532399908,-0.0025782135532301798,0.7036670652979317,-3.460918490827414e-05,0.5111534119245681,0.0027770734248036,0.2728498404509881,0.3005986949251709,0.27260426451379927,1.1747,0.5801,0.38172982954339857,58.76114743273039,0.038414941432536764,0.0037633435040154402,0.03465159792852132,0.610377085212659,0.8855766359424608,0.3351775344828572,0.8573760765819172,583040017.53,1.1740924749899817,24154346.03787858,0.03320000000000001,0.05370000000000008,0.02729999999999999,0.11420000000000008,0.29071803852889655,0.5070695048035625,0.49293049519643756,0.0035779364741321865,0,2,3,1,False,False,crash
2025-03-06,0.9741,0.9886,0.8854,0.7632185618452741,426709138.1,1741305599999,398596834.42932,1636895.0,206236499.5,192804587.73686,0,-0.054341802447422816,-0.05587408858903004,0.7932848818426104,0.04519662140189351,0.670442294891741,0.030775435359946646,0.621574131523508,0.011197046310849057,0.6299299143221684,0.0006306610821775749,0.702879244646918,-0.000787820651013682,0.5139914390108516,0.0028380270862835566,0.2539987525191969,0.3008980111716306,0.2705356485189,1.1747,0.5801,0.30796932701862456,52.15817392082224,0.04252327337497919,0.01151532947820819,0.031007943896770997,0.621574131523508,0.9027514210740673,0.34039684197294884,0.7518774374491164,606925654.52,0.7030665698873316,-29612501.52505903,0.0676,0.014500000000000068,0.021100000000000008,0.10320000000000007,0.655038759689922,0.48331868499068353,0.5166813150093165,0.0038360908024809882,0,3,3,1,False,False,crash
2025-03-07,0.9065,0.9206,0.8064,0.5189039877263029,789791963.0,1741391999999,673088216.47782,2184983.0,376338843.4,320890196.19399,0,-0.3201108913392763,-0.3858255696091753,0.7373662542881477,-0.05591862755446264,0.654506875718367,-0.015935419173374044,0.6249709627075275,0.0033968311840194554,0.6204595705946894,-0.009470343727479014,0.7006528585956922,-0.002226386051225826,0.5152098274756292,0.001218388464777509,0.23681639417365888,0.30883855652021486,0.27096212451661345,1.1747,0.5801,-0.10291963046366813,44.0275138846968,0.0257679745582855,0.014365858494223654,0.011402116064061846,0.6249709627075275,0.8990212438533807,0.35092068156167433,0.30648263789816294,654442855.95,1.2068157759221392,-77018874.2738003,0.08839999999999992,0.014100000000000001,0.011700000000000044,0.11419999999999997,0.7740805604203148,0.4765037643210355,0.5234962356789645,0.0027665297981767385,0,4,3,1,False,False,crash
2025-03-08,0.818,0.8392,0.7931,0.6635069136085057,195763913.6,1741478399999,159605847.88112,688923.0,93529135.2,76273951.89005,0,0.27866990676987036,0.24582040232005176,0.7292885517599874,-0.008077702528160313,0.6690134276343712,0.014506551916004251,0.620276721682847,-0.004694241024680523,0.6189916123194551,-0.0014679582752342712,0.6975234290098032,-0.00312942958588891,0.5170999582644262,0.001890130788797073,0.23648802940000355,0.2771012273566962,0.2703768272755396,1.1747,0.5801,0.14027398857804524,55.23827202723445,0.02388222769753845,0.016269132334886614,0.007613095362651836,0.620276721682847,0.8879178540226884,0.35263558934300554,0.580761487495813,655150941.29,0.298807345395152,-3086853.056398979,0.012799999999999923,0.021199999999999997,0.0121,0.04609999999999992,0.2776572668112786,0.4777649439063932,0.5222350560936068,0.003519152163087937,0,5,3,1,False,False,crash
2025-03-09,0.8052,0.8176,0.709,0.5988253161387438,341584369.9,1741564799999,260339574.1213,1031830.0,157507135.3,120027927.78526,0,-0.09748443632333648,-0.10256934385270028,0.6703062671930662,-0.05898228456692123,0.680514976306489,0.011501548672117834,0.6235763939617358,0.003299672278888832,0.6187791023872454,-0.00021250993220967018,0.6928179707958878,-0.004705458213915437,0.5185469495856281,0.0014469913212018515,0.23834347535210965,0.268256764934338,0.2694271074965586,1.1747,0.5801,0.031492290848879646,49.64314651535871,0.01697284300623103,0.016409874469155497,0.0005629685370755338,0.6235763939617358,0.888289441674618,0.35886334624885363,0.4532492296151605,677375568.7,0.5042761884010063,-35507466.1706781,0.0837,0.012399999999999967,0.012500000000000067,0.10860000000000003,0.7707182320441986,0.46110755988662705,0.5388924401133729,0.003020717839935334,0,6,3,1,False,False,crash
2025-03-10,0.7216,0.7786,0.6582,0.3649076265638685,452130529.1,1741651199999,323089305.81462,1317110.0,220018648.7,157376532.28983,0,-0.3906275891660501,-0.49532568612692907,0.581872481176539,-0.08843378601652718,0.6649803708086279,-0.01553460549786112,0.6145071328360544,-0.009069261125681405,0.6134517729972423,-0.005327329390003133,0.6900754784062567,-0.0027424923896310904,0.5188391775556354,0.00029222797000727496,0.2746513030572105,0.28491780861895133,0.2759724213516208,1.1747,0.5801,-0.36191115613207436,47.531721357795384,-0.0072940158833160185,0.011669096398661195,-0.018963112281977213,0.6145071328360544,0.9018318139199404,0.32718245175216837,0.06564903277607059,696777578.3299999,0.648887884974202,-31520673.061302852,0.0504,0.05699999999999994,0.013000000000000012,0.12039999999999995,0.4186046511627909,0.486626393351415,0.513373606648585,0.0029131189230282833,0,0,3,1,False,False,crash
2025-03-11,0.6711,0.7444,0.6471,0.6286010311590796,418368477.7,1741737599999,296781875.96069,1162699.0,206495802.8,146675547.72699,0,0.7226305656537375,0.5438525211222476,0.5549489750393001,-0.02692350613723893,0.6741169284409552,0.009136557632327236,0.6228790363241993,0.008371903488144872,0.6118568730058886,-0.0015948999913536488,0.688429453142639,-0.0016460252636176786,0.5202462328699723,0.0014070553143369358,0.35806506274127015,0.3220866760427583,0.29290321006088915,1.1747,0.5801,0.0815691745023203,48.67602617625897,-0.005188018169430708,0.008297673485042815,-0.013485691654473523,0.6228790363241993,0.9010009033669372,0.3447571692814614,0.5102868481642996,728429894.27,0.5743428173266698,32973320.12862036,0.052999999999999936,0.020299999999999985,0.02400000000000002,0.09729999999999994,0.5447070914696811,0.4935739994925531,0.5064260005074469,0.0027791266837119072,0,1,3,1,False,False,crash
2025-03-12,0.724,0.77,0.7111,0.6423248745519708,272406998.1,1741823999999,200223311.07232,864442.0,135729391.1,99800356.9291,0,0.021832359020451886,0.02159744605713204,0.5796331524044336,0.02468417736513351,0.6584997033462907,-0.015617225094664455,0.620704698956103,-0.0021743373680962463,0.6108837645383404,-0.0009731084675482782,0.6845246919878342,-0.00390476115480487,0.5223269519547756,0.0020807190848033397,0.3264977989438092,0.3061234464345669,0.2927829305977915,1.1747,0.5801,0.10464997401945995,53.582074688160745,-0.0023841177164474203,0.006161315244744768,-0.008545432961192189,0.620704698956103,0.8974314297671202,0.3439779681450858,0.5390641257035497,609467853.0899999,0.44695876364749587,4476789.500607687,0.01200000000000001,0.03400000000000003,0.012900000000000023,0.05890000000000006,0.20373514431239384,0.4982595603148713,0.5017404396851287,0.0031733472562355584,0,2,3,1,False,False,crash
2025-03-13,0.736,0.742,0.6909,0.4459430083928562,264883435.2,1741910399999,189638937.81745,605768.0,132173563.8,94639149.50096,0,-0.30573604407908583,-0.36490305084255403,0.5361203713613037,-0.04351278104312983,0.6327044615606455,-0.025795241785645184,0.6052948554816979,-0.015409843474405105,0.6044300210541375,-0.006453743484202912,0.6797658906147275,-0.004758801373106691,0.5226501662114944,0.00032321425671877346,0.3404873634110158,0.315122830531333,0.29651462413027824,1.1747,0.5801,-0.22562561656095476,48.99874314668376,-0.015825950072626882,0.0017638621812704385,-0.01758981225389732,0.6052948554816979,0.8850434015335633,0.3255463094298326,0.21518735425474217,494921549.95,0.5352028725093101,-11876567.067391304,0.03300000000000003,0.006000000000000005,0.0121,0.051100000000000034,0.645792563600783,0.4989876535699655,0.5010123464300346,0.0022869229234459883,0,3,3,1,False,False,crash
2025-03-14,0.703,0.7514,0.6963,0.5292150630082989,200723012.3,1741996799999,145727761.99987,437237.0,99462101.1,72217238.3285,0,0.186732504038013,0.1712037355877293,0.5221983207352148,-0.013922050626088978,0.5962522939641405,-0.03645216759650505,0.6081737873527798,0.0028789318710819023,0.5989387641716266,-0.005491256882510842,0.677165460129534,-0.002600430485193428,0.5241819441557555,0.0015317779442610702,0.3342128876993421,0.3030985690318655,0.29735603366758845,1.1747,0.5801,-0.08557843422754967,50.23122653882848,-0.019534162518286213,-0.002495742758640892,-0.01703841975964532,0.6081737873527798,0.883277299661779,0.33307027504378056,0.35649270036255737,404690473.41999996,0.4959914440379812,9793455.649914673,0.0343,0.014100000000000001,0.006699999999999928,0.05509999999999993,0.6225045372050825,0.49551917321440075,0.5044808267855992,0.002178310274391991,0,4,3,1,False,False,crash
2025-03-15,0.7372,0.7594,0.7309,0.7189695551482715,134638523.2,1742083199999,100365735.53095,329027.0,65609118.1,48925496.14098,0,0.35855837334130647,0.30642411792785856,0.5930107064520953,0.07081238571688053,0.5874415938143172,-0.008810700149823325,0.6135542266730558,0.005380439320275987,0.6020204298675256,0.0030816656958989608,0.6757994397441378,-0.0013660203853962383,0.526543616447617,0.002361672291861572,0.3509896283533128,0.3061122452162427,0.29705425317630446,1.1747,0.5801,0.23355121955646074,54.305341788011724,-0.007079735146673594,-0.003412541236247432,-0.0036671939104261616,0.6135542266730558,0.8930936183301099,0.33401483501600165,0.6885518313721988,349700036.02,0.3850114650611582,1734797.1930014978,0.009600000000000053,0.012599999999999945,0.006299999999999972,0.02849999999999997,0.3368421052631601,0.4872982601163885,0.5127017398836116,0.002443780518234324,0,5,3,1,False,False,crash
2025-03-16,0.7468,0.7473,0.6936,0.4629449341454503,166304049.4,1742169599999,118795815.53379,429300.0,81404215.2,58121672.95997,0,-0.35609939137133817,-0.44021089921611045,0.5598794870493695,-0.03313121940272579,0.5574142310443347,-0.030027362769982413,0.6139282629680378,0.0003740362949820053,0.6006715123011335,-0.001348917566392105,0.6710591607029699,-0.004740279041167916,0.527817745368043,0.0012741289204259987,0.3723259445340242,0.31217170381171727,0.30207042503956366,1.1747,0.5801,-0.19703172864875484,42.030881881015254,-0.017664928651798473,-0.006263018719357641,-0.011401909932440831,0.6139282629680378,0.8925956544372907,0.3352608714987849,0.22909760265358056,323659527.15,0.5138240510464764,-9330663.72504018,0.04190000000000005,0.0004999999999999449,0.011299999999999977,0.05369999999999997,0.7802607076350107,0.48949027695774194,0.5105097230422581,0.0025814163969479385,0,6,3,1,False,False,crash
2025-03-17,0.7049,0.732,0.7024,0.6322507762935041,124793194.3,1742255999999,89824162.17278,358239.0,60520641.0,43566904.30067,0,0.36571486079780824,0.3116779990941692,0.5578646673976763,-0.002014819651693256,0.568748909901055,0.011334678856720237,0.611627892809711,-0.0023003701583268477,0.6029699338567689,0.0022984215556354215,0.6677769259165678,-0.003282234786402105,0.5292398468739055,0.0014221015058624165,0.36793536000167043,0.3040201186685436,0.3054432349074057,1.1747,0.5801,0.08770732642701676,48.35679850619342,-0.012250982552529766,-0.007460611485992067,-0.004790371066537699,0.611627892809711,0.8888149810089259,0.3344408046104961,0.5372002960487312,257159650.28000003,0.4852751750289088,2230662.8573982106,0.012600000000000056,0.014499999999999957,0.0024999999999999467,0.02959999999999996,0.42567567567567816,0.4849674803139485,0.5150325196860515,0.002870661353044635,0,0,3,1,False,False,crash
2025-03-18,0.7175,0.7184,0.6816,0.593431856139922,124187049.1,1742342399999,86693445.56522,332412.0,60138039.9,41986219.15416,0,-0.06139797942385061,-0.06336372286881052,0.5873624369470893,0.029497769549413078,0.5617414041541966,-0.007007505746858378,0.6153774158942839,0.003749523084572881,0.6006937865099045,-0.002276147346864432,0.6666178581534511,-0.0011590677631166946,0.5305027345948051,0.0012628877208996636,0.36305366652763665,0.29821384719387284,0.30224010426008274,1.1747,0.5801,0.022421554221194157,42.59971903556425,-0.010966340549086073,-0.008161757298610869,-0.002804583250475204,0.6153774158942839,0.889266149607785,0.34148868218078265,0.45993708931211863,250001963.83,0.4967442943146099,-2734711.325128932,0.015800000000000036,0.0009000000000000119,0.020100000000000007,0.036800000000000055,0.4293478260869569,0.4842537151484663,0.5157462848515336,0.0026767042329214987,0,1,3,1,False,False,crash
2025-03-19,0.7017,0.747,0.7003,0.404716139519765,203333627.3,1742428799999,148107888.31596,540518.0,97451210.2,71005433.92339,0,-0.31800739152712554,-0.3827364592137198,0.5624626522493826,-0.024899784697706706,0.5423304864922988,-0.019410917661897842,0.6114227313993938,-0.003954684494890004,0.5968614591731629,-0.003832327336741548,0.6651704628517143,-0.0014473953017367647,0.5312140143758455,0.0007112797810403526,0.3789784521103178,0.3083550653100287,0.30519774842342445,1.1747,0.5801,-0.2949610838887234,40.559642369755196,-0.02488912730755044,-0.011507231300398785,-0.013381896007151655,0.6114227313993938,0.8954081964186553,0.3274372663801323,0.13606131767059132,236176889.57000002,0.8609378659791959,12141483.51698732,0.04190000000000005,0.0033999999999999586,0.0013999999999999568,0.046699999999999964,0.8972162740899375,0.4792675539900723,0.5207324460099276,0.002658281402723985,0,2,3,1,False,False,crash
2025-03-20,0.7436,0.7554,0.712,0.6270457555831614,163787969.9,1742515199999,119745737.81105,396576.0,78220742.1,57226650.13167,0,0.5493470468640369,0.43783358208847956,0.5440778923363606,-0.01838475991302202,0.568544299394228,0.026213812901929257,0.616762335101428,0.005339603702034124,0.5934993357308952,-0.003362123442267717,0.6636631861185536,-0.0015072767331607562,0.5330209738575092,0.0018069594816637613,0.38172464208098195,0.32921497542668693,0.3109933170298722,1.1747,0.6252,0.0033589728537970296,47.05194598319399,-0.01777796092456596,-0.01276137722523222,-0.00501658369933374,0.616762335101428,0.8975277706350844,0.3359968995677715,0.5183131881283528,207342633.65,0.7899386972024217,-5638746.677568604,0.025600000000000067,0.011799999999999922,0.006000000000000005,0.043399999999999994,0.5898617511520754,0.4775731828641463,0.5224268171358537,0.0024212767289449135,0,3,3,1,False,False,crash
2025-03-21,0.7179,0.7277,0.7006,0.6106297385871591,99337577.7,1742601599999,70699720.90876,264566.0,47682624.8,33943797.057,0,-0.026179934797158855,-0.02652873039052802,0.5736148532247023,0.02953696088834168,0.566747170137036,-0.0017971292571919983,0.6204320492889955,0.003669714187567563,0.5934786300906594,-2.0705640235818557e-05,0.6635426484653236,-0.00012053765322994625,0.5347660861219729,0.0017451122644636108,0.3176478624181885,0.3297124656228358,0.30871781770677587,1.1747,0.645,-0.06488627791738898,52.20321026331433,-0.013313476243281275,-0.012871797028842032,-0.0004416792144392428,0.6204320492889955,0.8987285929501445,0.3421355056278465,0.4823887307889609,175439543.65,0.5662211359725,-1798591.2396935993,0.012900000000000023,0.009800000000000031,0.0043999999999999595,0.027100000000000013,0.4760147601476021,0.4800059142170928,0.5199940857829072,0.0026633023084073047,0,4,3,1,False,False,crash
2025-03-22,0.705,0.7161,0.6971,0.5501358489704422,58014666.0,1742687999999,40980448.4051,170194.0,27712590.3,19581946.884,0,-0.09906803713275458,-0.10432553713597992,0.55719186776009,-0.016422985464612294,0.5575282675788831,-0.009218902558152942,0.6080139854625869,-0.012418063826408643,0.593825170157596,0.0003465400669365737,0.6613270356070576,-0.0022156128582659917,0.5362796043820278,0.001513518260054969,0.3207641310847196,0.31503769856623465,0.30840832895227394,1.1747,0.6471,-0.18378345532516638,47.16221811407374,-0.014489663471035308,-0.01319537031728069,-0.0012942931537546186,0.6080139854625869,0.8747813028583502,0.3412466680668235,0.39151943900556724,154000310.44,0.3767178509851321,-296245.10297872,0.0035999999999999366,0.011099999999999999,0.0042999999999999705,0.018999999999999906,0.1894736842105239,0.47768249325093076,0.5223175067490693,0.0029336375046957954,0,5,3,1,False,False,crash
2025-03-23,0.7015,0.716,0.6917,0.5105270027549684,83791747.2,1742774399999,59185865.93141,296671.0,41519623.5,29351467.37387,0,-0.07199830058266554,-0.07472171492893387,0.5406108970830992,-0.016580970676990825,0.5639866670150944,0.006458399436211293,0.5983455642878699,-0.009668421174717001,0.5916468255604009,-0.0021783445971950144,0.6601243969079402,-0.0012026386991174087,0.5375381285699106,0.001258524187882748,0.30157275177427284,0.31409029464397054,0.30833699748825455,1.0278,0.6471,-0.3587417842002405,47.7617174551027,-0.01840573335075457,-0.014237442923975465,-0.004168290426779107,0.5983455642878699,0.8644969661924371,0.3321941623833027,0.3350214184398882,135891141.64000002,0.6166093403054878,1111011.1904191526,0.009199999999999986,0.005299999999999971,0.009800000000000031,0.02429999999999999,0.3786008230452671,0.4955096997905779,0.5044903002094221,0.0035405754136130486,0,6,3,1,False,False,crash
2025-03-24,0.7106,0.7452,0.7055,0.5780520196819995,164891536.5,1742860799999,120039658.61984,376989.0,82873350.1,60337328.66075,0,0.13226531909702,0.12422033314585226,0.5752780731155461,0.034667176032446956,0.5688703626824644,0.004883695667370014,0.5825613283233024,-0.01578423596456746,0.5900431948968401,-0.00160363066356084,0.6593841674738664,-0.0007402294340738136,0.5389913329976666,0.001453204427755983,0.29936802640137516,0.3099951297240096,0.3086060170589567,1.0278,0.6471,-0.18137110669293544,55.90079797314985,-0.015877516283982263,-0.014565457595976824,-0.0013120586880054387,0.5825613283233024,0.8095075270325727,0.35561512961403224,0.4900652474750643,132307994.06000002,1.2462703986368635,4941873.825031663,0.021399999999999975,0.01319999999999999,0.005099999999999993,0.03969999999999996,0.5390428211586901,0.5025931097439922,0.4974068902560078,0.0022862847178332893,0,0,3,1,False,False,crash
2025-03-25,0.732,0.7666,0.7209,0.5560218808253511,191707229.1,1742947199999,143354609.53041,442665.0,97190577.5,72691633.6981,0,-0.038110997118853907,-0.03885621659383205,0.5610732981639841,-0.014204774951562027,0.5525755952501724,-0.016294767432291968,0.5700085945322447,-0.012552733791057702,0.5914264234791722,0.0013832285823320856,0.6551335318086615,-0.004250635665204894,0.5404393367540221,0.0014480037563555648,0.2791415843805866,0.30909557430613255,0.3057829328451924,0.9886,0.6471,-0.2667002025611974,47.680289265382065,-0.015473169074545878,-0.014746999891690636,-0.0007261691828552418,0.5700085945322447,0.7709498392978069,0.3690673497666825,0.4651970064104761,138014864.65,1.3890332000553824,3352257.5580328163,0.012800000000000034,0.02179999999999993,0.011099999999999999,0.04569999999999996,0.2800875273522986,0.5069739829649439,0.49302601703505605,0.002309067853508504,0,1,3,1,False,False,crash
2025-03-26,0.7447,0.7744,0.7197,0.5340147658840402,166873889.6,1743033599999,125009779.06008,385185.0,76442358.3,57282185.32094,0,-0.039579584365715736,-0.04038415743252391,0.5457503036233603,-0.015322994540623802,0.5596825784240314,0.007106983173858938,0.558548404734183,-0.011460189798061737,0.5935893823009214,0.002162958821749217,0.6503898091820036,-0.004743722626657898,0.5422107573864738,0.0017714206324517257,0.24970670697504804,0.3089166531353117,0.30505288688986965,0.9206,0.6471,-0.41347434777316217,46.55652063070624,-0.016735593745382027,-0.015144718662428915,-0.0015908750829531117,0.558548404734183,0.7380983206820372,0.3789984887863288,0.43168017172097145,138071848.67,1.208601834533545,-3607236.3353383397,0.016000000000000014,0.02969999999999995,0.009000000000000008,0.05469999999999997,0.29250457038391264,0.4580845959978151,0.5419154040021849,0.002308240078320797,0,2,3,1,False,False,crash
2025-03-27,0.7288,0.7444,0.7209,0.6737310586029474,78374162.9,1743119999999,57646931.93526,237055.0,38351223.0,28217283.80929,0,0.26163376304326036,0.2324075183910763,0.5704693455498614,0.024719041926501095,0.5638306066549756,0.0041480282309442895,0.5662897582780153,0.007741353543832319,0.5930868024771412,-0.0005025798237802137,0.6488390895759963,-0.001550719606007278,0.5441752759366714,0.001964518550197525,0.23640431391007677,0.30206624663151266,0.2944832459209317,0.8392,0.6471,0.13863122645990292,57.51270641940331,-0.006388494638171371,-0.013393473857577406,0.007004979219406035,0.5662897582780153,0.751891545567352,0.3806879709886786,0.7894403709524644,133429945.53,0.5873806107668581,1011001.9641278911,0.009299999999999975,0.006299999999999972,0.007900000000000018,0.023499999999999965,0.39574468085106335,0.48933502548452734,0.5106649745154727,0.0030246575048267594,0,3,3,1,False,False,crash
2025-03-28,0.7381,0.7465,0.6895,0.5192958463920861,140942745.6,1743206399999,99880337.63729,338942.0,64647201.8,45772407.3391,0,-0.22922382787443252,-0.2603572560936353,0.5722231142772849,0.0017537687274234992,0.556417005680192,-0.007413600974783607,0.5590792049171942,-0.007210553360821104,0.5912352883964274,-0.001851514080713823,0.6483964060419778,-0.00044268353401855087,0.545838957408486,0.0016636814718146153,0.24914016695843466,0.30349950118171315,0.2960336016190041,0.8176,0.6471,-0.7495844786387911,49.68752108257643,-0.010528607768850784,-0.012820500639832082,0.0022918928709812977,0.5590792049171942,0.7399225638495132,0.37823584598487525,0.39000602853213684,135105515.18,1.0432049751057393,-6091415.234575253,0.03189999999999993,0.008400000000000074,0.016700000000000048,0.05700000000000005,0.5596491228070158,0.45867704311274604,0.541322956887254,0.0024048204720087418,0,4,3,1,False,False,crash
2025-03-29,0.7062,0.7122,0.6588,0.5933555640693436,104353465.2,1743292799999,70728077.73035,291770.0,49927120.7,33830881.97695,0,0.14261565578042368,0.1333200691051512,0.5752838231547537,0.0030607088774687874,0.57528094813515,0.018863942454957927,0.5588057173137243,-0.00027348760346990186,0.5891908158035648,-0.0020444725928625562,0.647253052201892,-0.0011433538400857923,0.5477696970128294,0.0019307396043434233,0.2224800369517252,0.3030120821351483,0.2960750212235338,0.7786,0.6471,-0.40870293483388886,45.73173278764412,-0.00774440430702239,-0.011805281373270145,0.004060877066247755,0.5588057173137243,0.7394123802217909,0.37819905440565765,0.595649424554193,125207498.96999998,0.8334442110771922,-4876330.149532711,0.03300000000000003,0.006000000000000005,0.014399999999999968,0.0534,0.6179775280898882,0.47844238429755565,0.5215576157024443,0.0027959780678179147,0,5,3,1,False,False,crash
2025-03-30,0.6733,0.6877,0.6512,0.5125524954773908,73774230.6,1743379199999,49517938.52411,246971.0,34996607.7,23486827.35083,0,-0.13617984474231648,-0.14639068548199685,0.5665899460851616,-0.008693877069592126,0.5638316221245729,-0.011449326010577021,0.5661879607594005,0.007382243445676173,0.5913653389548831,0.002174523151318275,0.6432664683911362,-0.003986583810755784,0.5493501135185178,0.001580416505688409,0.14719552818820214,0.288985271771775,0.28981983010375456,0.7744,0.6471,-1.0569324785750922,51.91348010057569,-0.011920621832218314,-0.011828349465059779,-9.227236715853536e-05,0.5661879607594005,0.7240633828859155,0.40831253863288547,0.3301335807703228,116206125.04,0.6348566443860487,-1315048.6737967911,0.0121,0.014399999999999968,0.010000000000000009,0.03649999999999998,0.3315068493150687,0.47437441794208296,0.525625582057917,0.003347659446820446,0,6,3,1,False,False,crash
2025-03-31,0.6613,0.6655,0.6296,0.501106491772301,126559978.9,1743465599999,82455100.44599,397861.0,63616105.1,41453248.68108,0,-0.02233137835848198,-0.022584499041465936,0.5600082912628138,-0.006581654822347738,0.5528792974430872,-0.01095232468148577,0.5598132337900614,-0.006374726969339051,0.5881104179853733,-0.0032549209695097447,0.6412450825383056,-0.002021385852830626,0.5504402776521217,0.0010901641336038548,0.14715466084803033,0.24238289369024366,0.27659616359856354,0.7744,0.6296,-0.887386106544883,44.24000163790092,-0.01596981110812301,-0.012656641793672426,-0.003313169314450585,0.5598132337900614,0.7173732779505765,0.40225318962954637,0.3137004139261582,118928365.16,1.064169836436689,114845.71588023947,0.000500000000000056,0.0036999999999999256,0.03169999999999995,0.03589999999999993,0.013927576601672894,0.5026557814952354,0.4973442185047646,0.003143655707420476,0,0,3,1,False,False,crash
2025-04-01,0.6618,0.6949,0.6577,0.4259233844603731,106364321.5,1743551999999,72012531.61113,313155.0,52182780.9,35331514.96916,0,-0.15003419142710006,-0.16255915551518332,0.5104467564342989,-0.049561534828514886,0.5404580509920802,-0.012421246451006951,0.5489931592854816,-0.01082007450457978,0.5838058777574608,-0.00430454022791249,0.6371257761915731,-0.004119306346732521,0.5508744349829781,0.0004341573308563884,0.15140357569613583,0.24518593541399464,0.277616854375174,0.7744,0.6296,-1.4066064609090267,42.870582917448814,-0.024957773533123784,-0.0151168681415627,-0.009840905391561084,0.5489931592854816,0.7123116317295558,0.3856746868414075,0.12322151014713946,123763330.71,0.8594170897778354,2442939.9921426396,0.015199999999999991,0.017899999999999916,0.0041000000000001036,0.03720000000000001,0.40860215053763405,0.49060418159109864,0.5093958184089014,0.0029441733429381206,0,1,4,2,False,False,crash
2025-04-02,0.6771,0.7098,0.6348,0.44334700328407495,168146368.6,1743638399999,113932397.93491,520332.0,81829429.8,55521605.73886,0,0.04090787089743109,0.04009328513758792,0.4952569878126966,-0.015189768621602318,0.5337400510449908,-0.006717999947089437,0.5488633590300426,-0.00012980025543907203,0.5802668230113011,-0.0035390547461597865,0.6345328175295182,-0.0025929586620548895,0.551409727996759,0.0005352930137809686,0.15089760724044118,0.23389643280557088,0.2774931587002388,0.7744,0.6296,-1.2862776016293176,51.92484921582834,-0.030325287053576844,-0.01815855192396553,-0.012166735129611313,0.5488633590300426,0.7125304319257727,0.38519628613431245,0.17764940779141772,132198792.85,1.2719206051358434,-9189683.365140332,0.03710000000000002,0.03269999999999995,0.005199999999999982,0.07499999999999996,0.49466666666666725,0.48665594434966586,0.5133440556503341,0.003094518212509289,0,2,4,2,False,False,crash
2025-04-03,0.64,0.6576,0.613,0.3740445481223749,114219073.8,1743724799999,72816786.96394,363102.0,55258276.4,35267653.70124,0,-0.15631650749490777,-0.16997786359981687,0.45139478462330296,-0.043862203189393656,0.5133393038890283,-0.020400747155962518,0.5411048332857463,-0.007758525744296252,0.5749094094505706,-0.005357413560730495,0.629528190995737,-0.005004626533781198,0.552290340110936,0.000880612114177004,0.14957280273167117,0.23394999899052996,0.27870887590109833,0.7744,0.613,-1.4805170500472433,35.125459533870796,-0.039713417579041066,-0.02246952505498064,-0.017243892524060427,0.5411048332857463,0.7224503846451864,0.3597592819263062,0.039386866920584934,127131546.58,0.8984321899059524,1927446.870374997,0.010800000000000032,0.006799999999999917,0.027000000000000024,0.04459999999999997,0.24215246636771387,0.4837920196827931,0.5162079803172068,0.0031789961861868996,0,3,4,2,False,False,crash
2025-04-04,0.6509,0.6717,0.6275,0.494059624193171,126446033.5,1743811199999,82513900.40815,382720.0,63090022.2,41183652.60803,0,0.32085770711870176,0.27828130370410875,0.447696210366459,-0.003698574256843945,0.5071430782258103,-0.00619622566321798,0.5298593367379913,-0.011245496547754974,0.5735828875431236,-0.0013265219074469758,0.6265943677079897,-0.0029338232877472725,0.5532315835166186,0.0009412434056825791,0.18660974719683363,0.23110561562827098,0.28094405515044374,0.7744,0.613,-0.7369292181340086,43.890772585387474,-0.037042363716374815,-0.025384092787259477,-0.011658270929115339,0.5298593367379913,0.6915983476251228,0.36812032585085985,0.38932876382617754,120605427.02000001,1.048427393561912,1845785.6764751044,0.009399999999999964,0.011399999999999966,0.023400000000000087,0.04420000000000002,0.21266968325791766,0.49894821097729414,0.5010517890227059,0.0030267457934930004,0,4,4,2,False,False,crash
2025-04-05,0.6603,0.6675,0.6448,0.3842260157760557,43762918.6,1743897599999,28674560.89888,133525.0,21409678.5,14026652.92377,0,-0.2223084078090376,-0.25142524446098335,0.42432011516720997,-0.023376095199249047,0.49216420321501186,-0.01497887501079842,0.5259233908195216,-0.0039359459184697965,0.5704818551460787,-0.003101032397044845,0.6225504676185551,-0.00404390008943456,0.5541308221700297,0.0008992386534111274,0.19975165839623504,0.2218403541107186,0.2830967626807025,0.7744,0.613,-1.4174348464928397,41.732529094475574,-0.04328917787187492,-0.028965109804182567,-0.01432406806769235,0.5259233908195216,0.6980184409319365,0.3538283407071066,0.08831652929323906,108294329.92,0.4041108951163821,-371153.0276540987,0.005600000000000049,0.007199999999999984,0.009899999999999909,0.022699999999999942,0.24669603524229355,0.48921962211176656,0.5107803778882335,0.003051099064494295,0,5,4,2,False,False,crash
2025-04-06,0.6547,0.6553,0.5597,0.39931406693932536,166216469.9,1743983999999,100114842.79883,469365.0,77762937.9,46838538.12177,0,0.03926868703253983,0.038517280256728195,0.4189982516630003,-0.005321863504209656,0.4647225040486497,-0.027441699166362188,0.5142765553518126,-0.01164683546770895,0.569448789203947,-0.0010330659421317057,0.619847897511643,-0.0027025701069121055,0.5551771381455574,0.001046315975527623,0.17656094059536281,0.20589161705960327,0.2817241915024237,0.7744,0.5597,-0.7470234422947117,44.31931164425706,-0.046486476301229485,-0.03246938310359195,-0.014017093197637533,0.5142765553518126,0.6875975458266534,0.34095556487697176,0.16835382114558387,117078560.62,1.4197003193393034,-20564432.659080487,0.08099999999999996,0.0006000000000000449,0.014000000000000012,0.09560000000000002,0.8472803347280329,0.4678413513822315,0.5321586486177685,0.002823817641430971,0,6,4,2,False,False,crash
2025-04-07,0.5737,0.6055,0.511,0.3471962535747452,419069987.9,1744070399999,233993860.9905,985451.0,204579796.2,114392205.71695,0,-0.13051835054060168,-0.1398580501150515,0.3997681017211344,-0.019230149941865893,0.4475125447669156,-0.017209959281734077,0.5019647752235539,-0.012311780128258731,0.5612448795933996,-0.0082039096105474,0.6157249234153123,-0.004122974096330778,0.5555284526129816,0.0003513144674242019,0.16714580152171019,0.20747640838702042,0.2666988400151048,0.7744,0.511,-0.6218821048794793,38.019458013754196,-0.052619268144750486,-0.03649936011182366,-0.016119908032926823,0.5019647752235539,0.6862468554910398,0.31768269495606793,0.0800771257190017,144891284.85,2.8923063822219945,9276954.586595796,0.012700000000000045,0.019100000000000006,0.06269999999999998,0.09450000000000003,0.1343915343915348,0.4881757274606302,0.5118242725393698,0.0023515189072312,0,0,4,2,False,False,crash
2025-04-08,0.5863,0.6201,0.5528,0.47719925703157484,238977888.4,1744156799999,140376776.13991,545644.0,116997656.7,68758672.29649,0,0.3744366539624606,0.3180439409568948,0.4203990435029744,0.020630941781839995,0.4358969140631387,-0.011615630703776914,0.5055889310991443,0.0036241558755903958,0.5601322273228119,-0.0011126522705877662,0.6147693256279535,-0.000955597787358764,0.556853109394396,0.0013246567814144683,0.20511095736744467,0.21070990066514023,0.2674741534080115,0.7744,0.511,-0.1283247644966787,46.321630019750536,-0.046453902297451444,-0.03849026854894922,-0.007963633748502223,0.5055889310991443,0.6845936636978517,0.32658419850043685,0.42070133103348345,158353727.17000002,1.5091396500156022,-11451703.042360174,0.028000000000000025,0.03379999999999994,0.00550000000000006,0.06730000000000003,0.41604754829123347,0.489575238459593,0.5104247615404071,0.002283240527620295,0,1,4,2,False,False,crash
2025-04-09,0.5583,0.6464,0.5366,0.5025820744075303,327515064.6,1744243199999,193514203.94054,564483.0,164508724.0,97229337.2639,0,0.053191234064046355,0.051824825460721875,0.42210353354584634,0.0017044900428719312,0.43489987195615265,-0.0009970421069860347,0.4993657470403628,-0.006223184058781472,0.5592580118294124,-0.0008742154933994994,0.6127204869578801,-0.0020488386700734385,0.558094634845174,0.001241525450777936,0.20025864520410427,0.17153792922054475,0.26749202940570693,0.7744,0.511,-0.03195871523337008,48.53775569734364,-0.03906925812729817,-0.03860606646461901,-0.0004631916626791563,0.4993657470403628,0.669000350304849,0.3297311437758766,0.509480162965786,183727810.57,1.782610175258238,42941255.11144543,0.07319999999999993,0.014900000000000024,0.021700000000000053,0.10980000000000001,0.666666666666666,0.502293609611263,0.497706390388737,0.001723532933330603,0,2,4,2,False,False,crash
2025-04-10,0.6315,0.6338,0.5857,0.5286521827340624,159599767.0,1744329599999,97760667.94915,321380.0,78078705.8,47776014.84996,0,0.05187234016904574,0.050571757302857664,0.45098876693744766,0.028885233391601317,0.43765444105232876,0.002754569096176107,0.49526686924770785,-0.0040988777926549425,0.56060779625617,0.0013497844267575942,0.6097162204373037,-0.003004266520576393,0.5592038031040089,0.0011091682588348917,0.20010810694114683,0.17174683382551084,0.2661388793127244,0.7744,0.511,0.06701663908148231,42.452956678642536,-0.030758667778454263,-0.037036586727386064,0.006277918948931802,0.49526686924770785,0.6573763332299238,0.33315740526549187,0.6029715127860058,187031789.38,0.853329626632266,-5585360.016943759,0.022099999999999898,0.0023000000000000798,0.023700000000000054,0.04810000000000003,0.45945945945945704,0.48921566282737744,0.5107843371726226,0.002013662087614451,0,3,4,2,False,False,crash
2025-04-11,0.6094,0.645,0.6059,0.5450250503212892,152727364.8,1744415999999,95660548.13439,298083.0,76671620.4,48042686.50243,0,0.030970963748887304,0.030501041446076866,0.4801309636138404,0.02914219667639273,0.44956460763842043,0.011910166586091675,0.4950113293152502,-0.00025553993245763795,0.5577920648243179,-0.0028157314318520976,0.6098178139210964,0.00010159348379268351,0.5601704731726594,0.000966670068650588,0.1907728703695533,0.17000980317540787,0.2580278884865569,0.7744,0.511,0.1291763489798376,51.56294270199438,-0.022590897665952014,-0.03414744891509926,0.011556551249147243,0.4950113293152502,0.6567723535842576,0.3332503050462428,0.6545913832829922,191668093.70999998,0.7968324922721955,3633978.978667523,0.014499999999999957,0.021100000000000008,0.0035000000000000586,0.039100000000000024,0.37084398976981964,0.5020162594987693,0.49798374050123073,0.001951732751955398,0,4,4,2,False,False,crash
2025-04-12,0.6239,0.6675,0.617,0.47032658639673347,115874420.3,1744502399999,74989055.19792,291188.0,57369562.5,37129403.47325,0,-0.13705510211048355,-0.14740443942788556,0.504757030178238,0.024626066564397642,0.4522625659496862,0.0026979583112657912,0.49300130849733853,-0.002010020817911684,0.5521157989946334,-0.0056762658296845014,0.6064945821923181,-0.003323231728778242,0.5612183080401423,0.001047834867482833,0.19883361891873136,0.17231973143925916,0.25882214565178696,0.7744,0.511,-0.1544169081369269,42.53229367146813,-0.021893053273603413,-0.03169656978680009,0.009803516513196678,0.49300130849733853,0.6549495031747522,0.33105311381992486,0.4299939028472312,186440898.88,0.6215075179109757,6611843.825420741,0.035599999999999965,0.008000000000000007,0.006900000000000017,0.05049999999999999,0.7049504950495044,0.4951011823961634,0.5048988176038366,0.002512961870670951,0,5,4,2,False,False,crash
2025-04-13,0.6596,0.6687,0.6301,0.35277388213431077,104410716.6,1744588799999,67661471.89077,345697.0,49852581.4,32325931.4697,0,-0.2499384633197489,-0.28760002691060693,0.4798719551987853,-0.024885074979452748,0.4501354993508798,-0.002127066598806404,0.48173740161995415,-0.011263906877384378,0.5497385481255865,-0.002377250869046832,0.6034369975731021,-0.003057584619216014,0.5613958601895486,0.00017755214940629038,0.2100721803778769,0.1790297928038016,0.25550860154607286,0.7744,0.511,-0.6007065978196251,40.71583230236624,-0.030474239308810214,-0.03145210369120212,0.0009778643823919048,0.48173740161995415,0.6499927714568924,0.3134820317830159,0.11676254490235247,185460063.16000003,0.5629822120243906,-3356341.458559515,0.021299999999999986,0.009099999999999997,0.008199999999999985,0.03859999999999997,0.5518134715025907,0.47746613588513576,0.5225338641148642,0.0033109340808795866,0,6,4,2,False,False,crash
2025-04-14,0.6383,0.6575,0.6277,0.6147674415520957,117699773.5,1744675199999,75576835.20768,363782.0,59602750.2,38270615.30564,0,0.7426671096870963,0.5554167613136669,0.5023090286276983,0.022437073428913046,0.4622062810867723,0.012070781735892488,0.4846746796562913,0.002937278036337143,0.5498066815817734,6.81334561868363e-05,0.6001019017397262,-0.0033350958333758784,0.562753646262904,0.0013577860733554603,0.30128479021333676,0.24536694647140542,0.2724568643336226,0.7744,0.511,0.3939538403648281,55.11508274374325,-0.015950334860800608,-0.02835174992512182,0.01240141506432121,0.4846746796562913,0.6602807793305687,0.30906857998201387,0.8704107150523436,184585437.16000003,0.6376438754373508,-553187.091493032,0.0030000000000000027,0.019199999999999995,0.00759999999999994,0.029799999999999938,0.10067114093959761,0.506396473226858,0.49360352677314195,0.003090762107541354,0,0,4,2,False,False,crash
2025-04-15,0.6353,0.6486,0.607,0.4065989307492839,143898856.8,1744761599999,90697492.06722,320564.0,65697560.6,41437205.62049,0,-0.3386134279936026,-0.41341678101974033,0.4778983782307426,-0.024410650396955724,0.46444357258409513,0.002237291497322824,0.4783038878995535,-0.00637079175673777,0.5488293760318428,-0.000977305549930585,0.5970257665109886,-0.00307613522873762,0.5631531624445582,0.00039951618165412484,0.3151175765806649,0.25853909955326293,0.2745084690914234,0.7465,0.511,-0.4433166422535716,49.22330780776353,-0.02099547229622195,-0.026880494399341846,0.005885022103119895,0.4783038878995535,0.6556099119962413,0.30099786380286575,0.29779322920475676,194599030.98,0.7394633779794582,-5934440.497654652,0.0262,0.013299999999999979,0.0020999999999999908,0.04159999999999997,0.6298076923076927,0.45655373545677813,0.543446264543222,0.0022277035907626473,0,1,4,2,False,False,crash
2025-04-16,0.609,0.6245,0.5946,0.4986326839785945,126774167.2,1744847999999,77158540.10763,349107.0,59257991.3,36083415.20167,0,0.22635020967642494,0.2040424489878,0.4686199049622036,-0.009278473268538978,0.47437543428802204,0.009931861703926903,0.4695489691683358,-0.008754918731217753,0.5452368661222139,-0.0035925099096288937,0.5929784805555031,-0.004047285955485536,0.5637440492548745,0.0005908868103163822,0.3203401273611933,0.2568775629414985,0.26799892016929844,0.7465,0.511,-0.05251514234142464,52.09632586897639,-0.01736722675529684,-0.024977840870532845,0.007610614115236006,0.4695489691683358,0.6217374141413659,0.3173605241953057,0.5955516524773374,190654800.71,0.6649408602767514,291387.0203250847,0.0015000000000000568,0.014000000000000012,0.014399999999999968,0.029900000000000038,0.0501672240802694,0.4674295450627105,0.5325704549372895,0.002753770801343509,0,2,4,2,False,False,crash
2025-04-17,0.6106,0.6299,0.6088,0.4921528797954365,70142773.4,1744934399999,43465213.99385,202175.0,33101297.2,20517568.70613,0,-0.012995145307073797,-0.013080320925568325,0.47298516364194426,0.004365258679740636,0.48887109691009123,0.014495662622069194,0.4681918208385034,-0.0013571483298323583,0.5447110958291532,-0.0005257702930606678,0.5914751726758669,-0.001503307879636151,0.5645717674329868,0.0008277181781122245,0.3145827767565583,0.25064170619204124,0.2654018450154186,0.7122,0.511,-0.09367355966482864,54.70247562757545,-0.014843574579663843,-0.022950987612359044,0.008107413032695202,0.4681918208385034,0.6189901393905263,0.31739350228648056,0.5794473678055864,155762079.26,0.45031996062993496,712342.6618837032,0.006099999999999994,0.01319999999999999,0.0018000000000000238,0.021100000000000008,0.2890995260663503,0.4719131507851099,0.52808684921489,0.0028823354167515705,0,3,4,2,False,False,crash
2025-04-18,0.6169,0.632,0.6104,0.6180156908013197,55674804.9,1745020799999,34564811.69458,141516.0,27785848.6,17249201.99257,0,0.25573925536755593,0.22772444726465113,0.5260335253753461,0.05304836173340183,0.5029527402870656,0.014081643376974373,0.46942482717510214,0.0012330063365987298,0.5473952130568285,0.0026841172276752534,0.5917308689947297,0.000255696318862797,0.5662398910529373,0.0016681236199505012,0.30405409233020264,0.25471825286949623,0.2669076123949961,0.7098,0.511,0.5383083038295758,54.9124278822047,-0.0026568584691725183,-0.018892161783721738,0.01623530331454922,0.46942482717510214,0.6248640720127826,0.3139855823374217,0.9779708746699894,137431770.91,0.4051086916173101,975008.7448029703,0.010599999999999943,0.0045000000000000595,0.00649999999999995,0.021599999999999953,0.49074074074073915,0.4990740183087737,0.5009259816912264,0.002541831987632165,0,4,4,2,False,False,crash
2025-04-19,0.6276,0.6349,0.6191,0.42866717762499523,42619558.8,1745107199999,26778635.77132,114533.0,19814319.8,12450764.21862,0,-0.3063814009816078,-0.36583303868156547,0.4888134725899259,-0.03722005278542018,0.4955612506088121,-0.007391489678253482,0.4652305612824824,-0.004194265892619731,0.5455634829784787,-0.0018317300783498025,0.5878949772503752,-0.0038358917443545026,0.5670964231015532,0.00085653204861591,0.32572917394631556,0.2632283142580127,0.2712077085779705,0.7098,0.511,-0.41414900591048687,51.65680225804451,-0.008183308624942598,-0.01675039115196591,0.00856708252702331,0.4652305612824824,0.6202964605950766,0.31016466196988823,0.3821037255142093,108942220.33,0.39121250393924295,47543.730932273145,0.0005999999999999339,0.006700000000000039,0.008500000000000063,0.015800000000000036,0.03797468354429953,0.46491142465792024,0.5350885753420798,0.002687334248049513,0,5,4,2,False,False,crash
2025-04-20,0.6282,0.6348,0.6095,0.520776779514604,50246835.4,1745193599999,31191890.7986,129056.0,23550267.5,14622683.26515,0,0.2148743983617698,0.19464069561492767,0.51164904234299,0.02283556975306411,0.4947737102868663,-0.0007875403219458343,0.4662140756695975,0.0009835143871150809,0.5452343094720546,-0.00032917350642402976,0.5872800132870717,-0.0006149639633035164,0.5687530404520771,0.0016566173505239146,0.3311859753446053,0.2665207385768872,0.27247673144736745,0.7098,0.511,0.049178971401428496,54.28230143903237,-0.005072116902515078,-0.014414736302075742,0.009342619399560664,0.4662140756695975,0.6224829137431653,0.3099452375960297,0.674579604346068,98006927.17,0.5126865707445687,-639883.2906717599,0.008000000000000007,0.00660000000000005,0.010699999999999932,0.02529999999999999,0.31620553359683834,0.4686915566427891,0.531308443357211,0.0025684403599276224,0,6,4,2,False,False,crash
2025-04-21,0.6203,0.6507,0.6159,0.46076586839524397,113722683.3,1745279999999,72235526.83227,289831.0,55397333.0,35179383.34019,0,-0.1152334617824049,-0.12243146739937136,0.5040756792263199,-0.007573363116670118,0.48634779209426177,-0.00842591819260452,0.467956199866341,0.001742124196743522,0.5384796843299872,-0.006754625142067483,0.5819514686663291,-0.005328544620742615,0.570019821723092,0.0012667812710148718,0.33496016143690077,0.26537849768172617,0.26522875573690796,0.7098,0.511,-0.25268677869595596,53.981860173881124,-0.007363966817228618,-0.013004582405106317,0.0056406155878776995,0.467956199866341,0.6231066562533073,0.31280574347937473,0.4768278752169334,94106459.02000001,1.208447161696213,733458.1315704718,0.0039000000000000146,0.026499999999999968,0.0043999999999999595,0.03479999999999994,0.11206896551724198,0.4871265027563767,0.5128734972436233,0.0025485768677777935,0,0,4,2,False,False,crash
2025-04-22,0.6241,0.685,0.6153,0.43161332063207486,143341355.5,1745366399999,93428819.18997,353122.0,74104574.1,48331856.41265,0,-0.06326976402289008,-0.06535994003413552,0.49196776739364756,-0.012107911832672347,0.4824764655177959,-0.0038713265764658833,0.4673695157337411,-0.000586684132599935,0.5330340422176425,-0.005445642112344662,0.5805735532773414,-0.0013779153889876827,0.5709148016867618,0.0008949799636698286,0.33171875491976777,0.26625855425641987,0.2647516637193612,0.685,0.511,-0.45624528372370765,48.2800835891372,-0.01140121524072163,-0.012683908972229381,0.0012826937315077516,0.4673695157337411,0.6229997880597906,0.31173924340769155,0.385124550104378,96853152.53999999,1.4799864716928088,12676133.969240624,0.055300000000000016,0.005600000000000049,0.00880000000000003,0.0697000000000001,0.7934002869440451,0.5169797218779614,0.48302027812203857,0.0024635039815847143,0,1,4,2,False,False,crash
2025-04-23,0.6794,0.7183,0.6774,0.6114457614259112,159614226.0,1745452799999,111432322.64062,407938.0,76315413.5,53294589.28138,0,0.41665173940989875,0.34829615732557206,0.49065378151856587,-0.0013139858750816913,0.508343653446956,0.025867187929160096,0.47923957639891795,0.011870060665176874,0.5273882226666938,-0.005645819550948672,0.5796328447299574,-0.0009407085473840393,0.5729198117040193,0.0020050100172575025,0.33498645711752817,0.2759322347996594,0.26834990877986886,0.7183,0.511,0.48454298806517704,53.67860624011992,-8.876542097879803e-05,-0.010164880261979266,0.010076114841000468,0.47923957639891795,0.6409925791983584,0.3174865735994776,0.9086668647224971,102373503.47999999,1.559136110167244,4299293.988519295,0.018299999999999983,0.020600000000000063,0.0020000000000000018,0.04090000000000005,0.4474327628361849,0.4781241334967223,0.5218758665032778,0.002555774696423363,0,2,4,2,False,False,crash
2025-04-24,0.6978,0.746,0.6701,0.5433773779732062,171690319.8,1745539199999,122204212.89687,412572.0,85475087.6,60866740.85667,0,-0.1113236655594233,-0.11802218800537814,0.513595821588208,0.022942040069642178,0.501204647089067,-0.0071390063578889995,0.48170546408791964,0.002465887689001689,0.5221142390932278,-0.005273983573465979,0.5757067461666093,-0.003926098563348024,0.5743935066483818,0.001473694944362558,0.2521088837983627,0.27110524000322117,0.2684905674598764,0.746,0.511,0.13777607648172838,50.48384509513802,0.003345320121578066,-0.0074628401852678,0.010808160306845865,0.48170546408791964,0.6458950674684936,0.3175158607073457,0.6878070006123884,107772558.10999998,1.5930801199388922,5955146.537422961,0.02410000000000001,0.02410000000000001,0.027699999999999947,0.07589999999999997,0.31752305665349173,0.49784453602025375,0.5021554639797462,0.002403000940767075,0,3,4,2,False,False,crash
2025-04-25,0.722,0.7331,0.7019,0.6810778480737003,150864406.0,1745625599999,108219560.19004,393385.0,76488058.3,54890753.19563,0,0.25341590519302803,0.2258725483665307,0.5456560353000273,0.03206021371181922,0.5286525388215086,0.027447891732441665,0.49654805570280186,0.014842591614882217,0.5204714248177964,-0.0016428142754314479,0.5752006695699824,-0.0005060765966269365,0.5762058626626643,0.0018123560142824235,0.22776917036054087,0.2681094183080165,0.2701675829988175,0.746,0.511,0.7237355237178736,54.14034585289306,0.016982372561836323,-0.002573797635846976,0.019556170197683298,0.49654805570280186,0.6765437439335263,0.3165523674720774,1.012595035427632,108469113.03,1.3908512920012028,-1755452.2931153746,0.008499999999999952,0.011099999999999999,0.011600000000000055,0.031200000000000006,0.27243589743589586,0.5069987038559646,0.4930012961440355,0.0026075401775021738,0,4,4,2,False,False,crash
2025-04-26,0.7135,0.7344,0.6996,0.6021560323835893,98567156.4,1745711999999,70618731.0,246805.0,49557120.0,35528289.91517,0,-0.11587781912644268,-0.12316001223725095,0.5739340680976964,0.02827803279766916,0.5390048736620081,0.010352334840499466,0.506690153975015,0.010142098272213185,0.5221364657109421,0.001665040893145675,0.5712980181528158,-0.003902651417166614,0.578035589062819,0.0018297264001547742,0.22834194757801893,0.2709611407190393,0.26627121028437273,0.746,0.511,0.38789801014293307,54.00153529431159,0.021177384218533102,0.0021764387350290395,0.01900094548350406,0.506690153975015,0.6864759797633311,0.326904328186699,0.7654989012342329,105648411.95,0.932973383893822,-897948.8669937017,0.006500000000000061,0.02090000000000003,0.007399999999999962,0.03480000000000005,0.18678160919540376,0.5027751820179323,0.49722481798206775,0.002503927362968949,0,5,4,2,False,False,crash
2025-04-27,0.707,0.7185,0.6907,0.49485560657763417,82135355.9,1745798399999,57661597.92464,260075.0,39873895.4,28001270.22108,0,-0.1781937239442981,-0.19625058559958722,0.5865825252868083,0.012648457189111895,0.5392751463402279,0.00027027267821977397,0.5140731216251595,0.007382967650144456,0.5187634395703247,-0.003373026140617408,0.5688775259448898,-0.0024204922079259505,0.5794429369580741,0.0014073478952550955,0.23847822748416897,0.2728539678899992,0.26556924938561305,0.746,0.5366,-0.19935240411827027,54.33974197784537,0.015663158424090717,0.004873782672841375,0.010789375751249343,0.5140731216251595,0.6776808476067279,0.35046539564359114,0.4412695368381004,106847670.2,0.7687145236415273,-441463.01615274424,0.0037999999999999146,0.011500000000000066,0.012500000000000067,0.027800000000000047,0.1366906474820111,0.4854656677758426,0.5145343322241573,0.003166419590567574,0,6,4,2,False,False,crash
2025-04-28,0.7033,0.729,0.6821,0.6225339239406191,148303185.8,1745884799999,104331236.54364,385904.0,71469565.7,50328719.31667,0,0.2580112575585307,0.22953210701287544,0.5888001577897498,0.002217632502941491,0.5397269696541578,0.00045182331392989994,0.5213398549706117,0.007266733345452248,0.5192376117263622,0.00047417215603751117,0.5690083570568039,0.00013083111191403152,0.581300870548706,0.0018579335906319105,0.2387233937270481,0.26673136826784677,0.2669604844082074,0.746,0.5366,0.4103816807097381,50.258423045044964,0.021349563435474117,0.008168938825367924,0.013180624610106193,0.5213398549706117,0.6908552779501362,0.35182443199108726,0.7984804190419608,116110508.29,1.2772589491176363,506154.2177474149,0.0022999999999999687,0.023399999999999976,0.021199999999999997,0.04689999999999994,0.04904051172707829,0.4819152421741165,0.5180847578258835,0.0026021288613477644,0,0,4,2,False,False,crash
2025-04-29,0.7057,0.7181,0.6888,0.5198785949332074,144681664.2,1745971199999,102458146.58677,311429.0,70731949.5,50116118.16,0,-0.16489917265489218,-0.180202810109628,0.5841004011817501,-0.0046997566079997055,0.548848111384979,0.009121141730821236,0.5222046809968955,0.0008648260262837937,0.522337031093749,0.00309941936738678,0.5678944020454957,-0.0011139550113081764,0.582710398004657,0.0014095274559509097,0.2203710052560778,0.27075246050735746,0.26150742878560296,0.746,0.5857,-0.4106138806412512,54.05394011699134,0.017372395094109483,0.010009630079116236,0.0073627650149932465,0.5222046809968955,0.6914935005057196,0.3529158614880715,0.4931298296295141,126316718.83000001,1.145388081166959,-2009467.5583333422,0.00990000000000002,0.012399999999999967,0.007000000000000006,0.029299999999999993,0.33788395904436935,0.488879844526975,0.511120155473025,0.0021525118730283447,0,1,4,2,False,False,crash
2025-04-30,0.6957,0.7037,0.6647,0.5094117731124386,97477142.0,1746057599999,66716855.23126,256309.0,45858267.6,31382115.70536,0,-0.020133204026439255,-0.020338639031774745,0.5497671861894977,-0.03433321499225239,0.5477116107447626,-0.0011365006402164202,0.5212426605158145,-0.0009620204810810717,0.5199532459328161,-0.0023837851609328498,0.5659050594693524,-0.0019893425761432493,0.5838556355350842,0.0011452375304272788,0.21195068032955347,0.2709646987704352,0.24216151955708243,0.746,0.5946,-0.5626699266021232,50.40966805531511,0.013223443854128769,0.010652392834118743,0.002571051020010026,0.5212426605158145,0.6905958725321284,0.35188944849950055,0.46507037787321026,131039749.49000001,0.7438746058304907,-1989329.4285714307,0.014100000000000001,0.008000000000000007,0.016900000000000026,0.039000000000000035,0.36153846153846125,0.4704514992858531,0.5295485007141469,0.0026294267019030984,0,2,4,2,False,False,crash
2025-05-01,0.6816,0.7146,0.6814,0.6201185514207438,85930672.3,1746143999999,60296755.56027,231221.0,43785597.8,30724428.69114,0,0.21732277138375,0.19665399772665815,0.5533596899969286,0.0035925038074309246,0.5636468790473125,0.015935268302549876,0.5249973355707872,0.0037546750549727337,0.5195091194701916,-0.0004441264626244834,0.565196442004266,-0.0007086174650864363,0.5856565655445166,0.0018009300094323777,0.21515207839018735,0.2742119713076087,0.24372496164160787,0.746,0.5946,0.168550537785626,54.50642008103532,0.01865345646444594,0.012252605560184184,0.006400850904261755,0.5249973355707872,0.6998123129721092,0.3501823581694652,0.7720625465390966,128260548.39000002,0.669969631181615,2950084.700440144,0.023399999999999976,0.009600000000000053,0.00019999999999997797,0.03320000000000001,0.7048192771084328,0.5095456212321523,0.49045437876784775,0.002690785418188797,0,3,5,2,False,False,crash
2025-05-02,0.705,0.7255,0.6888,0.5102406371080427,99617178.4,1746230399999,70400459.7687,276257.0,47213693.9,33371589.43844,0,-0.17718856186605214,-0.19502821982457325,0.5564366961030103,0.0030770061060816367,0.5715096106949094,0.007862731647596877,0.5269930381063526,0.001995702535565358,0.5207950720444954,0.0012859525743037503,0.5626125465493164,-0.0025838954549496362,0.5864535103708822,0.0007969448263656087,0.22457653948627568,0.27570749318615695,0.2408112545771583,0.746,0.5946,-0.5571952634871687,46.16139301345429,0.013929975100411163,0.01258807946822958,0.0013418956321815823,0.5269930381063526,0.7000829297509004,0.35390314646180476,0.45160780089714275,123888130.67999999,0.8040897691588288,-974976.639659566,0.006899999999999906,0.020500000000000074,0.009300000000000086,0.036700000000000066,0.18801089918255842,0.47395132705344717,0.5260486729465528,0.002773186356380477,0,4,5,2,False,False,crash
2025-05-03,0.6982,0.7297,0.6917,0.6787307164739654,125664048.1,1746316799999,89479007.5903,319383.0,64166653.5,45710088.4873,0,0.33021689593540793,0.28534200858830433,0.5676760546096796,0.01123935850666935,0.5782381061997147,0.006728495504805365,0.5432908798233352,0.016297841716982675,0.5237853851138086,0.0029903130693131885,0.5613620746427176,-0.0012504719065987713,0.5882965373179129,0.001843026947030646,0.20953381947861088,0.2744961209614527,0.2435696383811984,0.746,0.5946,0.5556850493656897,59.040803731361116,0.023511299734982782,0.014772723521580221,0.008738576213402561,0.5432908798233352,0.7085149007202419,0.37806685892642855,0.9098672696482171,120493112.89000002,1.0429147781642973,252012.12912188377,0.0012999999999999678,0.030200000000000005,0.006500000000000061,0.038000000000000034,0.034210526315788595,0.5106206148073309,0.4893793851926691,0.002541562243370067,0,5,5,2,False,False,crash
2025-05-04,0.6995,0.7147,0.6718,0.4180822589606457,113830422.1,1746403199999,78686408.91985,314083.0,53834331.2,37232962.04564,0,-0.3840233706636992,-0.4845462555574562,0.5473167874151672,-0.02035926719451242,0.5657085942984587,-0.012529511901256063,0.5334566206937629,-0.009834259129572365,0.5177676391900561,-0.006017745923752482,0.5598940345287908,-0.0014680401139267607,0.5893564316795921,0.0010598943616791923,0.24464816469438125,0.2418989727312222,0.24586561830024103,0.746,0.5946,-1.1659031772744672,46.69049910336184,0.009957630974852583,0.013809705012234694,-0.0038520740373821118,0.5334566206937629,0.7040926987852392,0.3628205426022865,0.16192858209251015,114707123.12,0.9923570481400457,-3791635.2179127913,0.023299999999999987,0.015199999999999991,0.0044000000000000705,0.04290000000000005,0.5431235431235422,0.4729344775046741,0.5270655224953259,0.002759218442711898,0,6,5,2,False,False,crash
2025-05-05,0.6762,0.692,0.6541,0.6169749467966408,115627149.0,1746489599999,77361579.75511,273909.0,57666510.1,38582154.71748,0,0.47572620835536794,0.38915021327763144,0.5688294221520077,0.021512634736840508,0.5592983041707527,-0.006410290127705998,0.5439754214961307,0.010518800802367778,0.5208482394430799,0.003080600253023813,0.5607598758721067,0.0008658413433159096,0.5908596918319576,0.0015032601523655709,0.277888642107633,0.24870883370676639,0.24824161841503295,0.746,0.5946,0.1477869669527131,54.6204973476205,0.015091265808108045,0.014066017171409364,0.001025248636698681,0.5439754214961307,0.7074725464257346,0.38047829656652665,0.7232440641752603,111183397.42,1.039967762122015,-2393936.8322981326,0.014000000000000012,0.015799999999999925,0.008099999999999996,0.037899999999999934,0.36939313984168964,0.49872811531485567,0.5012718846851443,0.0023688986744799874,0,0,5,2,False,False,crash
2025-05-06,0.6621,0.6807,0.6426,0.5455105390020818,81419623.3,1746575999999,53668986.40121,239320.0,39540113.7,26080082.5045,0,-0.11583032368754209,-0.12310629323298251,0.5539078196682753,-0.014921602483732421,0.553633754832602,-0.005664549338150637,0.5463193142473051,0.0023438927511744145,0.5191134346972516,-0.0017348047458283222,0.5610416842770102,0.0002818084049034386,0.5921868365572648,0.00132714472530715,0.2778859843120988,0.24770208052172032,0.24440338986150104,0.746,0.6088,-0.46129344750669254,53.28668938066571,0.013240499704589959,0.013900913678045483,-0.0006604139734555248,0.5463193142473051,0.7084175547077471,0.384221073786863,0.49750529295405693,109468644.10999998,0.7437711863699086,2053318.7996224589,0.016799999999999926,0.0018000000000000238,0.019500000000000073,0.03810000000000002,0.44094488188976155,0.48563370963176644,0.5143662903682336,0.0029393405459295463,0,1,5,2,False,False,crash
2025-05-07,0.6789,0.6892,0.655,0.4135000118620053,89497926.6,1746662399999,60284800.34541,262327.0,43526622.4,29317200.33548,0,-0.24199445785514462,-0.277064581829746,0.5345596946190677,-0.019348125049207576,0.545498195361039,-0.00813555947156297,0.5423866708506335,-0.003932643396671542,0.5155147978116932,-0.003598636885558393,0.5581042921607988,-0.002937392116211357,0.59312025287961,0.0009334163223452263,0.283717807938173,0.25511367946640356,0.2470106096364558,0.746,0.6095,-1.435897348996299,44.12582896760082,0.001108826094310733,0.011342496161298534,-0.010233670066987801,0.5423866708506335,0.7135793223745174,0.37119401932674967,0.12356252490590501,110204901.17999999,0.8121047761189962,-975526.0816615067,0.007399999999999962,0.010300000000000087,0.01649999999999996,0.03420000000000001,0.2163742690058468,0.48634224337438453,0.5136577566256155,0.00293109583613527,0,2,5,2,False,False,crash
2025-05-08,0.6716,0.771,0.67,0.6289536180831697,238990032.9,1746748799999,173217598.07426,617670.0,118977297.1,86164457.23528,0,0.5210486095295843,0.41939997169454346,0.5246042749409087,-0.00995541967815905,0.5461401647752941,0.0006419694142550947,0.542933567214726,0.0005468963640924418,0.5199995473829612,0.0044847495712679875,0.558430503278062,0.0003262111172631643,0.5948615974808933,0.001741344601283279,0.3185283283469318,0.27413035253922763,0.2520081323623836,0.771,0.6095,0.1204558395242706,52.335254913695564,0.008778499675474727,0.010829696864133773,-0.002051197188659046,0.542933567214726,0.7152099635432596,0.3706571708861923,0.749657099584328,119273585.89000002,2.0037129857100835,34807483.57054357,0.09770000000000001,0.0017000000000000348,0.0015999999999999348,0.10099999999999998,0.9673267326732676,0.4978337199099151,0.5021662800900849,0.002584501087785741,0,3,5,2,False,False,crash
2025-05-09,0.7694,0.818,0.7532,0.5847839566518956,223733227.0,1746835199999,175253924.61107,803420.0,106358030.9,83326544.16102,0,-0.07022721574587287,-0.07281504069165656,0.5579446144791587,0.03334033953825,0.5526307009471629,0.006490536171868788,0.550739406166071,0.007805838951345012,0.5191543114043359,-0.0008452359786252917,0.5563268235676155,-0.002103679710446449,0.5966539294692939,0.001792331988400564,0.3129875275788884,0.2635498398500533,0.24131152517988388,0.818,0.6095,-0.11854217433143602,47.230923916088756,0.011163957555937798,0.01089654900249458,0.00026740855344321857,0.550739406166071,0.715185538346492,0.38629327398564994,0.6035127735581914,127178742.17,1.759203017599714,2355698.867411912,0.008000000000000007,0.04059999999999997,0.016199999999999992,0.06479999999999997,0.12345679012345696,0.4753787907417078,0.5246212092582923,0.00359097310119252,0,4,5,2,False,False,crash
2025-05-10,0.7773,0.8435,0.7704,0.5100142485765725,177651038.9,1746921599999,143415300.86881,598657.0,87421654.6,70584370.36509,0,-0.1278586856305145,-0.13680381043992676,0.536552474835145,-0.021392139644013652,0.5526909484935764,6.024754641342778e-05,0.5502012796191694,-0.0005381265469015517,0.5171420016041242,-0.00201230980021172,0.5553103158473918,-0.0010165077202237693,0.5982115130616527,0.0015575835923588022,0.3176226967272002,0.2631647261478563,0.24217593702664605,0.8435,0.6153,-0.4613748966846074,47.34398145450626,0.006941146333130366,0.010105468468621736,-0.0031643221354913705,0.5502012796191694,0.7151299769461958,0.38527258229214295,0.3781684700907065,135196131.85999998,1.3140245690162458,14442430.741548762,0.06330000000000002,0.0029000000000000137,0.006900000000000017,0.07310000000000005,0.8659370725034197,0.49209762656783423,0.5079023734321658,0.0033698480104976183,0,5,5,2,False,False,crash
2025-05-11,0.8406,0.8466,0.7813,0.487965817866777,131407953.5,1747007999999,105878826.27742,490471.0,61861602.9,49829097.46225,0,-0.04323100927343049,-0.04419330566864671,0.5250435306080841,-0.011508944227060947,0.5394756751381797,-0.013215273355396628,0.5515612770927462,0.001359997473576735,0.515898600982051,-0.0012434006220731764,0.5548618855698234,-0.00044843027756835685,0.5995660290585085,0.0013545159968558762,0.31235126141571445,0.2615708567535527,0.2417314599855102,0.8466,0.6153,-0.5505152707878207,49.7911340568677,0.0017947254457262307,0.008443319864042636,-0.006648594418316405,0.5515612770927462,0.7138116198971072,0.3893109342883851,0.3040205705369401,139743859.98,0.9403486744877878,-5518321.149833452,0.0353,0.006000000000000005,0.02400000000000002,0.06530000000000002,0.5405819295558957,0.4707599597462721,0.5292400402537278,0.0037324300922166025,0,6,5,2,False,False,crash
2025-05-12,0.8054,0.8643,0.7802,0.7662032874300698,250186987.8,1747094399999,206245031.15204,818570.0,123204230.9,101655587.72615,0,0.5701986888746711,0.45120216477636516,0.595584185721697,0.07054065511361296,0.5650719401703823,0.02559626503220258,0.5682907754326457,0.016729498339899562,0.521012126675553,0.005113525693501986,0.5563294761179769,0.0014675905481534857,0.6021288981415569,0.002562869083048369,0.3481751069660215,0.28647792251332466,0.25332152271115815,0.8643,0.6426,0.5575249771315736,53.99105538387386,0.019937758214823464,0.010742207534198803,0.009195550680624661,0.5682907754326457,0.7466639698514748,0.3899175810138167,1.0547708910025904,154800840.92000002,1.6161862320198563,3634903.461144893,0.011599999999999944,0.04730000000000001,0.0252,0.08409999999999995,0.13793103448275804,0.49244859608162245,0.5075514039183776,0.0032718328287095672,0,0,5,2,False,False,crash
2025-05-13,0.8169,0.8419,0.7716,0.48728077995176056,170776720.3,1747180799999,137987596.82162,511819.0,80374761.0,64928729.04737,0,-0.36403199001383313,-0.4526070156709287,0.5672496180954151,-0.028334567626281948,0.5459269465181619,-0.019144993652220443,0.5620825263589383,-0.006208249073707428,0.5191967018809481,-0.0018154247946048363,0.5546199483888941,-0.0017095277290828381,0.6035352024469103,0.0014063043053533786,0.36411586992905615,0.2891565991372938,0.2591537664139111,0.8643,0.6426,-0.7005828599379313,49.17522289370984,0.011674945591603536,0.010928755145679751,0.0007461904459237848,0.5620825263589383,0.7427597044445201,0.3814053482733565,0.2929961404097583,159312108.14000002,1.0719632192044384,2696474.53105264,0.013000000000000012,0.01200000000000001,0.04530000000000001,0.07030000000000003,0.18492176386913237,0.47064237361396377,0.5293576263860362,0.0029970068467230072,0,1,5,2,False,False,crash
2025-05-14,0.83,0.8337,0.7887,0.6220801571567269,137228841.5,1747267199999,111521590.00532,366696.0,68701889.9,55843843.8054,0,0.2766359412294306,0.24422844731271487,0.5747088581963814,0.0074592401009663245,0.56632673633777,0.020399789819608105,0.5660176653181144,0.003935138959176077,0.5205178674075757,0.0013211655266275324,0.5559721454433739,0.0013521970544798645,0.6050299201727654,0.001494717725855077,0.34149837327955046,0.29248467544282963,0.2613605810004486,0.8643,0.6426,-0.09255680127773125,52.681952723576565,0.01582141085652433,0.011907286287848668,0.003914124568675664,0.5660176653181144,0.7483997278521245,0.38363560278410425,0.6536951909077083,161651950.07999998,0.8489154719883477,-5175638.919086639,0.031399999999999983,0.0037000000000000366,0.00990000000000002,0.04500000000000004,0.6977777777777768,0.5006373962575499,0.4993626037424501,0.0026721496442859644,0,2,5,2,False,False,crash
2025-05-15,0.7987,0.8102,0.7445,0.4889465174500001,181474078.9,1747353599999,140156778.88252,441064.0,88018070.9,67993331.04094,0,-0.21401364144972257,-0.24081584223753771,0.5704953119710668,-0.004213546225314557,0.5535238934031059,-0.01280284293466405,0.5564110987869293,-0.009606566531185079,0.5196165024388949,-0.0009013649686807623,0.556602942369908,0.0006307969265341162,0.6058719894586916,0.000842069285926228,0.32368655697783605,0.2936236484426876,0.26350450046983914,0.8643,0.6426,-0.6930693845286415,46.910572978769366,0.008269417673158919,0.011179712564910719,-0.0029102948917518,0.5564110987869293,0.7334366237111801,0.37938557386267846,0.30944956563242154,168236643.07,1.07868342822611,-8226097.741272234,0.0363,0.011500000000000066,0.017899999999999916,0.06569999999999998,0.5525114155251143,0.48501731725830516,0.5149826827416948,0.002430451790544947,0,3,5,2,False,False,crash
2025-05-16,0.7624,0.7859,0.7505,0.5037023876299751,89428901.1,1747439999999,69187209.20108,281130.0,45547508.8,35245393.73684,0,0.03017890434506243,0.029732480697463756,0.5736426259237065,0.0031473139526396743,0.5493430782658952,-0.004180815137210692,0.5514884165492486,-0.0049226822376806645,0.5162159290194355,-0.0034005734194594295,0.5546513657482883,-0.0019515766216197106,0.6072547962911531,0.0013828068324615028,0.32019966769573993,0.29183574300090176,0.26136779178065517,0.8643,0.6426,-0.6265115578260029,49.8387843725182,0.003435481972079657,0.009630866446344507,-0.00619538447426485,0.5514884165492486,0.728633392281234,0.37434344081726323,0.3651216927778628,169037570.85,0.5290474812806978,-422277.07759705844,0.0035999999999999366,0.023500000000000076,0.008300000000000085,0.0354000000000001,0.10169491525423521,0.5093153135032764,0.4906846864967236,0.0031436146093938755,0,4,5,2,False,False,crash
2025-05-17,0.7588,0.7814,0.7267,0.42456500395753427,127369154.9,1747526399999,95638132.27526,358223.0,64476149.5,48395703.05486,0,-0.15711139279049036,-0.17092046825285476,0.5053149692291994,-0.06832765669450713,0.5504495774754481,0.001106499209552858,0.5479738864182436,-0.0035145301310050003,0.5143213121707444,-0.0018946168486910775,0.5527783002835858,-0.0018730654647025613,0.6080374273151188,0.0007826310239656964,0.3131269693557624,0.2910855114552171,0.2601330627970942,0.8643,0.6426,-0.983468633479773,43.444078154313274,-0.006703894063571192,0.006363914344361367,-0.01306780840793256,0.5479738864182436,0.7324856835515479,0.36346208928493934,0.1655799673027137,172824693.68,0.7369846992805039,-2702482.068911438,0.016100000000000003,0.022599999999999953,0.016000000000000014,0.05469999999999997,0.29433272394881194,0.5062147860729819,0.4937852139270181,0.0028124784236909462,0,5,5,2,False,False,crash
2025-05-18,0.7428,0.7767,0.7171,0.5785326525378699,137043357.8,1747612799999,102747560.9634,400023.0,67917404.9,50952960.74517,0,0.36264799770387035,0.3094298638242798,0.5235653437464213,0.01825037451722189,0.5454074809209182,-0.005042096554529918,0.5457738228481062,-0.002200063570137467,0.5140248539401149,-0.00029645823062951493,0.5516078348718398,-0.0011704654117459246,0.609222034067615,0.001184606752496209,0.28931054016512964,0.29629425582550917,0.26397334692935653,0.8643,0.6426,-0.28898217168304036,54.37967139020386,-0.002289132449042164,0.004633304985680661,-0.006922437434722825,0.5457738228481062,0.7275716857176193,0.36397595997859306,0.5900968503498762,162630026.17000002,0.8426694690237964,3118396.050653026,0.016800000000000037,0.017099999999999893,0.025700000000000056,0.059599999999999986,0.2818791946308732,0.4955906363526069,0.5044093636473931,0.0029189521215890694,0,6,5,2,False,False,crash
2025-05-19,0.7597,0.765,0.71,0.5426468686135593,121736745.6,1747699199999,88983797.97391,351916.0,57822004.4,42264573.32953,0,-0.062028968921441496,-0.06403621416438211,0.5076786860377878,-0.01588665770863351,0.5411937721170845,-0.004213708803833649,0.5469122365321237,0.0011384136840175696,0.5146267414028383,0.0006018874627233828,0.5529960401788607,0.0013882053070208844,0.6106770954440459,0.0014550613764309217,0.28901802567929463,0.29351821848361775,0.26322377700306776,0.8643,0.6426,-0.4508485854147076,47.77294951396972,-0.0016668702726577722,0.003373269934012974,-0.005040140206670747,0.5469122365321237,0.7283120533273264,0.3655124197369211,0.4882431857045919,152430378.03,0.7986383500016043,-2740519.1545023676,0.017199999999999993,0.005299999999999971,0.032500000000000084,0.05500000000000005,0.3127272727272723,0.4749757693539,0.5250242306461,0.002890795201280623,0,0,5,2,False,False,crash
2025-05-20,0.7426,0.7538,0.7224,0.685811122938745,94460431.4,1747785599999,69700821.83684,293626.0,46338514.8,34202616.58568,0,0.26382581860458276,0.23414348449225328,0.5470516071355368,0.039372921097749036,0.5587734595533018,0.017579687436217295,0.5557322040234391,0.008819967491315417,0.5183208340261671,0.0036940926233288707,0.5532156260057703,0.00021958582690961848,0.6124097851273325,0.001732689683286548,0.2922019451100679,0.29728396142174685,0.2651179019969776,0.8643,0.6426,0.19490808722934178,54.03056999315649,0.010260163062674299,0.004750648559745239,0.00550951450292906,0.5557322040234391,0.7463731029549302,0.3650913050919481,0.8411621526240578,144111317.28000003,0.6554685168581784,445268.0268013427,0.0033999999999999586,0.007800000000000029,0.020199999999999996,0.031399999999999983,0.1082802547770688,0.4905600589920659,0.5094399410079341,0.0031084549969565348,0,1,5,2,False,False,crash
2025-05-21,0.7461,0.7839,0.7366,0.6198486664534171,152161906.6,1747871999999,115308417.52499,448917.0,76337432.5,57859835.93195,0,-0.09618166617460877,-0.10112689694250979,0.5702808629002252,0.023229255764688372,0.5719617444119658,0.013188284858663968,0.5557187097750728,-1.3494248366385797e-05,0.522199339666028,0.0038785056398609186,0.5530026087117444,-0.00021301729402589675,0.614132675297163,0.0017228901698305155,0.2948750033067853,0.29651173752642274,0.26444725726921303,0.8643,0.6426,-0.10262216304277345,56.16183987235078,0.014225817573718325,0.0066456823625398575,0.007580135211178467,0.5557187097750728,0.7463404564894864,0.3650969630606591,0.6682125932211259,146186712.59,1.0408737148824068,4752509.951447726,0.0232,0.014600000000000057,0.009499999999999953,0.04730000000000001,0.4904862579281183,0.5016855677332844,0.49831443226671557,0.0029502587738999848,0,2,5,2,False,False,crash
2025-05-22,0.7693,0.8108,0.7688,0.5886978803189448,136071438.9,1747958399999,108182115.74625,350880.0,65299226.5,51923907.43149,0,-0.05025547011774256,-0.05156224646533159,0.6031074381725072,0.032826575272282055,0.5542112037008533,-0.017750540711112484,0.5596415719356178,0.003922862160545049,0.5251063572067255,0.002907017540697443,0.5526865901090132,-0.0003160186027312273,0.6157380629067714,0.0016053876096083775,0.2350353163347646,0.2929819105245299,0.2647479661987849,0.8643,0.6426,-0.24313089617074957,48.64923148459892,0.014685731273083036,0.008253692144648495,0.006432039128434541,0.5596415719356178,0.7495505155834388,0.3697326282877969,0.5765006318954908,134775157.7,1.0096181018974242,7075078.065774076,0.040000000000000036,0.0014999999999999458,0.0004999999999999449,0.041999999999999926,0.9523809523809549,0.4798892921826815,0.5201107078173185,0.002578645473557934,0,3,5,2,False,False,crash
2025-05-23,0.8093,0.8414,0.743,0.5789269558445104,228323410.0,1748044799999,180963601.32664,604022.0,97681750.5,77390324.38807,0,-0.016597519374693004,-0.016736801508692688,0.6031862988338352,7.886066132800629e-05,0.5633758212901283,0.009164617589275004,0.5546513839041451,-0.004990188031472664,0.5292040053611681,0.004097648154442579,0.5520567074058693,-0.0006298827031439025,0.6172263628416873,0.0014882999349159487,0.19820797891028966,0.28538885452921803,0.26339785501241414,0.8643,0.6426,-0.28720362722367876,49.7988261421029,0.014099256791455739,0.009422805074009943,0.004676451717445795,0.5546513839041451,0.7364565687191276,0.3728461990891627,0.5667625952611576,140529826.67000002,1.6247327375999814,-17548147.90806871,0.06220000000000003,0.03210000000000002,0.0040999999999999925,0.09840000000000004,0.6321138211382115,0.4278218799377602,0.5721781200622398,0.002645466796418291,0,4,5,2,False,False,crash
2025-05-24,0.7472,0.7668,0.7409,0.5553493635701426,73357703.7,1748131199999,55409984.26145,236065.0,36472620.7,27563033.75317,0,-0.040726368044089245,-0.041578914291021424,0.605726797825152,0.0025404989913168086,0.5567027419314698,-0.0066730793586584625,0.5615147391346199,0.006863355230474766,0.5304298001487076,0.0012257947875394803,0.5520063438459156,-5.036355995369224e-05,0.6183753471942874,0.0011489843526001353,0.1795158621149381,0.26917650361684836,0.2604762694805173,0.8643,0.6426,-0.3935527128094601,51.613907407403374,0.01159825937465897,0.009857895934139748,0.0017403634405192218,0.5615147391346199,0.7315980581651125,0.3914314201041274,0.4818754255278498,134142712.89000002,0.5468631289733564,-39275.97574621148,0.0004999999999999449,0.019600000000000062,0.005800000000000027,0.025900000000000034,0.019305019305017154,0.497188691308504,0.502811308691496,0.0032179987662291016,0,5,5,2,False,False,crash
2025-05-25,0.7467,0.7604,0.7277,0.6964967028172365,80670789.5,1748217599999,59879509.00708,285344.0,38766145.2,28796425.02643,0,0.2541595408333739,0.22646565966320092,0.6078639138008503,0.0021371159756982117,0.5774577604681934,0.02075501853672357,0.5654908269356498,0.003976087801029871,0.5366752138895312,0.006245413740823658,0.553578534517805,0.0015721906718894063,0.6206741778160856,0.0022988306217981425,0.1779706566279733,0.25468615492754487,0.25966929323099325,0.8643,0.6426,0.24310646286529802,56.8433020852242,0.020766231374091726,0.012039563022130145,0.008726668351961581,0.5654908269356498,0.7445160845542652,0.38646556931703435,0.8658865727222517,124062383.95,0.6502437477947561,1415277.0087719343,0.0131,0.0005999999999999339,0.019000000000000017,0.03269999999999995,0.40061162079510765,0.48054748739009184,0.5194525126099082,0.0035371415324998152,0,6,5,2,False,False,crash
2025-05-26,0.7598,0.7771,0.751,0.5993159600570587,79623463.0,1748303999999,60805682.4477,252140.0,38439541.4,29365131.87684,0,-0.13952792937438852,-0.15027412100358445,0.6037573725215786,-0.0041065412792716804,0.5870191177109019,0.009561357242708457,0.5681810979883986,0.0026902710527487717,0.5406752517518858,0.0040000378623545885,0.5550620204779164,0.001483485960111386,0.6224587617606631,0.001784583944577478,0.18776450659597532,0.25547346640527036,0.26093952449216506,0.8643,0.655,-0.26604892471543895,43.78471775926742,0.01996015324606515,0.013623681066917148,0.006336472179148001,0.5681810979883986,0.7475588999177242,0.38880329605907293,0.5867857163310741,123081840.14000002,0.6469147918931982,62877.17530928867,0.0005999999999999339,0.016700000000000048,0.00880000000000003,0.026100000000000012,0.022988505747123893,0.48276651067035353,0.5172334893296465,0.0031666545324711636,0,0,5,2,False,False,crash
2025-05-27,0.7604,0.7756,0.7434,0.6343529188279041,91137197.1,1748390399999,69594192.20101,287891.0,45829397.9,35021301.63222,0,0.058461581379394056,0.056816515591052684,0.6128883802233704,0.009131007701791871,0.6079979091979388,0.020978791487036963,0.5792237433366936,0.011042645348295022,0.546418385056949,0.005743133305063153,0.5538316323251743,-0.0012303881527421234,0.6238413577709578,0.0013825960102947787,0.17564704099997627,0.24716633585028672,0.2598046611795429,0.8643,0.67,-0.18346413367007686,56.693185280483256,0.021896115489347445,0.015278167951403208,0.006617947537944237,0.5792237433366936,0.7451987264300205,0.41324876024336665,0.6660767618822762,119458644.35999998,0.7629183939619253,-251693.9951472922,0.0020999999999999908,0.015199999999999991,0.014900000000000024,0.032200000000000006,0.06521739130434753,0.5028616125829922,0.4971383874170078,0.0031588748519894958,0,1,5,2,False,False,crash
2025-05-28,0.7584,0.7614,0.7324,0.7137610391560557,75356290.5,1748476799999,56486669.53706,252600.0,36181715.6,27134047.11342,0,0.12517971931913574,0.11794277340352861,0.6398551968856795,0.026966816662309046,0.6215207478597574,0.013522838661818581,0.5834641143903377,0.004240371053644165,0.5511496206994386,0.004731235642489673,0.5556409240111252,0.0018092916859508978,0.6256342223957001,0.001792864624742263,0.14202317592769947,0.2218220470818091,0.255663390577611,0.8643,0.71,0.02437484871066588,54.39387920127905,0.02949791755240594,0.018122117871603755,0.011375799680802184,0.5834641143903377,0.7588549020627016,0.40807332671797397,0.8714474588286735,113289937.63,0.6651631387256154,-1063315.7171963544,0.01079999999999992,0.0030000000000000027,0.015199999999999991,0.028999999999999915,0.37241379310344663,0.4801419411694635,0.5198580588305365,0.003352075829688034,0,2,5,2,False,False,crash
2025-05-29,0.7476,0.7652,0.7194,0.47340692299722537,104471174.0,1748563199999,77679528.53274,291904.0,50315647.6,37437897.90453,0,-0.33674311565537784,-0.4105929063051947,0.6234667087710961,-0.016388488114583377,0.614596753298124,-0.006923994561633395,0.5778952627076043,-0.005568851682733467,0.5505661176712325,-0.0005835030282060893,0.5549120647503225,-0.0007288592608026834,0.6254521453500235,-0.00018207704567663185,0.18251844036291032,0.2356088848356329,0.26106490082603634,0.8643,0.71,-1.5333316720853831,49.324659071744286,0.01594403904723274,0.017686502106729552,-0.0017424630594968134,0.5778952627076043,0.7600517952278443,0.3957387301873642,0.2131907973194186,111563380.47,0.9364289031031366,-3563422.869181392,0.025500000000000078,0.01759999999999995,0.0026999999999999247,0.04579999999999995,0.5567685589519673,0.48162230473259543,0.5183776952674045,0.0027941104595991233,0,3,5,2,False,False,crash
2025-05-30,0.7221,0.7281,0.6821,0.5440612659399039,174517183.6,1748649599999,122584628.3786,404568.0,80825965.2,56760231.95032,0,0.1492465350851928,0.13910654076399545,0.5929796213956295,-0.03048708737546657,0.60042176759824,-0.014174985699884068,0.5795976135757709,0.0017023508681666133,0.5508742993353494,0.00030818166411683556,0.5557410477957597,0.0008289830454372149,0.6263036688148557,0.0008515234648321934,0.16722217844198883,0.23493426453608254,0.26159638066488033,0.8643,0.6821,-0.757622031065292,51.67270101794717,0.010779448897042965,0.016305091464792237,-0.005525642567749272,0.5795976135757709,0.7597079355584172,0.39948729159312457,0.4013483867979234,119569055.68999998,1.4595514081206844,-8023778.556321848,0.03320000000000001,0.006000000000000005,0.006799999999999917,0.04599999999999993,0.7217391304347839,0.46314043999962884,0.5368595600003712,0.002318212978541329,0,4,5,2,False,False,crash
2025-05-31,0.689,0.6952,0.6561,0.42108976304610646,111278610.9,1748735999999,75021022.71933,315902.0,55722246.0,37544307.56729,0,-0.2260251015689484,-0.25621583688593874,0.5573343819934392,-0.03564523940219033,0.580545877257509,-0.019875890340731006,0.5762538108347373,-0.00334380274103363,0.5483955935898457,-0.0024787057455036843,0.5530938292070818,-0.002647218588677891,0.6267880191958983,0.00048435038104266415,0.1793212896057119,0.2413401874818743,0.2641223828244617,0.8643,0.6561,-1.1287715511714391,49.86101622223081,-0.003199417678218297,0.012404189636190131,-0.015603607314408428,0.5762538108347373,0.765764783027323,0.38674283864215153,0.09061988339400932,115480726.12,0.96361197784959,-500745.6725068998,0.0031999999999999806,0.006200000000000094,0.02969999999999995,0.039100000000000024,0.08184143222506339,0.500745341349332,0.499254658650668,0.0028388384564207387,0,5,5,2,False,False,crash
2025-06-01,0.6858,0.688,0.6541,0.666504694701024,92156943.0,1748822399999,61880474.21462,245862.0,48169090.9,32325491.17205,0,0.5828090663606238,0.45920115856467525,0.5637647371680632,0.006430355174623981,0.5883265586957167,0.007780681438207759,0.571268881198285,-0.004984929636452251,0.5523191557559316,0.003923562166085914,0.5522174773752825,-0.0008763518317993491,0.6280695842859026,0.0012815650900043218,0.26133881074739257,0.24286666890734973,0.27444322334417803,0.8419,0.6541,0.0660526874388925,53.2784289786962,0.005462198985182742,0.011015791505988654,-0.005553592520805912,0.571268881198285,0.7442677364860999,0.39827002591047017,0.775249837186197,111089276.53,0.8295755079034359,-40313.62335957088,0.00029999999999996696,0.0021999999999999797,0.031399999999999983,0.03389999999999993,0.008849557522122938,0.5226854247975652,0.47731457520243487,0.002667861932008747,0,6,6,2,False,False,crash
2025-06-02,0.6854,0.6921,0.6636,0.5227802308821538,72942407.9,1748908799999,49395407.56271,234972.0,35564428.1,24094187.90256,0,-0.21563908695848144,-0.24288601629224185,0.5255685755132827,-0.03819616165478046,0.5827118861994811,-0.005614672496235595,0.5730438537448046,0.0017749725465195931,0.5557192827308883,0.0034001269749567298,0.5527289154282374,0.0005114380529549489,0.627816623216067,-0.00025296106983563327,0.2735112366616983,0.23256530501549716,0.2737433977270154,0.8414,0.6541,-0.7011199632559864,49.31471598019843,0.0007209192118670105,0.008956817047164327,-0.008235897835297316,0.5730438537448046,0.7431181447438381,0.4029695627457711,0.3522303912972464,95551176.32,0.7633857657148727,436271.1486360374,0.0041999999999999815,0.0025000000000000577,0.02180000000000004,0.02850000000000008,0.1473684210526305,0.4875686054778567,0.5124313945221433,0.003221335938376665,0,0,6,2,False,False,crash
2025-06-03,0.6897,0.7072,0.6738,0.3827055952310228,75512318.6,1748995199999,52218021.48704,248563.0,37138234.2,25690459.20485,0,-0.26794172269055605,-0.31189515437912096,0.5074283099600423,-0.018140265553240442,0.5654475093655691,-0.01726437683391202,0.5610751256485195,-0.01196872809628513,0.5510780458044668,-0.004641236926421488,0.55044236369312,-0.0022865517351173814,0.6268344293144482,-0.0009821939016187997,0.28825998283649784,0.23372743849131067,0.2577650982872563,0.8414,0.6541,-1.4489824066683243,39.52228053315272,-0.014176019285970565,0.004330249780537349,-0.018506269066507913,0.5610751256485195,0.7493381503527939,0.372812100944245,0.026275723292767207,95766637.81,0.7885033903958875,-646059.5703886331,0.006000000000000005,0.01750000000000007,0.00990000000000002,0.033400000000000096,0.1796407185628739,0.4918168967466986,0.5081831032533014,0.0032916880928617123,0,1,6,2,False,False,crash
2025-06-04,0.6837,0.7027,0.662,0.6549531197341416,71491826.6,1749081599999,48905399.91903,247152.0,32900455.6,22520917.8475,0,0.7113758667123085,0.5372976474137312,0.5296066807188897,0.022178370758847432,0.5612931510572596,-0.004154358308309458,0.5693754557627265,0.008300330114207055,0.5560451295841641,0.0049670837796972345,0.5524372528080035,0.001994889114883436,0.6269446041350168,0.00011017482056863148,0.3605340486411665,0.27673227690213176,0.27030465104365475,0.8414,0.6541,0.0045548304011830965,51.06202445405787,-0.0039681085272073036,0.0026705781189884184,-0.0066386866461957215,0.5693754557627265,0.7588826964460029,0.3798682150794501,0.7257899583753665,94848741.52000001,0.7537456528606136,-1913559.2025449749,0.018299999999999983,0.019000000000000017,0.0033999999999999586,0.04069999999999996,0.4496314496314497,0.4601988390096611,0.5398011609903389,0.003457066517307309,0,2,6,2,False,False,crash
2025-06-05,0.6654,0.6899,0.6186,0.6133165825821629,145639972.6,1749167999999,94703950.38161,387988.0,72709901.6,47224350.73684,0,-0.06357178231150307,-0.065682409594187,0.568052044626101,0.038445363907211316,0.5626932133097701,0.0014000622525104367,0.5748561655103359,0.005480709747609391,0.5583388075562354,0.002293677972071362,0.5517878368392246,-0.000649415968778877,0.6275377646846195,0.0005931605496026782,0.357018096345612,0.277814392146392,0.26938556425710886,0.8414,0.6186,-0.023713722701243764,50.740100595864185,0.0007533297990415244,0.0022871284549990396,-0.0015337986559575151,0.5748561655103359,0.7626992298797526,0.38701310114091925,0.6023738012391818,101450392.47999999,1.435578207631987,-8711257.753952492,0.03979999999999995,0.024499999999999966,0.007000000000000006,0.07129999999999992,0.5582047685834501,0.4992441312777341,0.5007558687222659,0.002664021374582434,0,3,6,2,False,False,crash
2025-06-06,0.6256,0.6723,0.621,0.6103531838050602,99504658.4,1749254399999,64764034.87276,273761.0,50040507.2,32591717.92403,0,-0.004831760401172169,-0.0048434710928582135,0.5568217424469083,-0.011230302179192742,0.5602932398074857,-0.0023999735022843804,0.5841455745027122,0.009289408992376291,0.560702813636428,0.0023640060801926044,0.5527069547327906,0.0009191178935660238,0.6283550570463884,0.0008172923617688621,0.3574459912445548,0.2741393253670733,0.26935738125892456,0.8414,0.6186,-0.03701443534533139,50.94863486525145,0.00420748095221346,0.002671198954441924,0.0015362819977715364,0.5841455745027122,0.7585924131121404,0.409698735893284,0.5751163205686537,102287138.60999998,0.9727973599827735,4739831.873913036,0.029799999999999938,0.016900000000000026,0.0046000000000000485,0.05130000000000001,0.5808966861598427,0.5028961257154569,0.49710387428454306,0.0027512380264600755,0,4,6,2,False,False,crash
2025-06-07,0.6554,0.6708,0.6494,0.5690264023411,52653743.0,1749340799999,34951078.82232,128054.0,25530388.9,16953471.39069,0,-0.06770961889036275,-0.07011094510948368,0.5660709767386976,0.009249234291789254,0.5458197761259901,-0.014473463681495602,0.5836702619928738,-0.00047531250983845474,0.5597230278672235,-0.0009797857692045442,0.5535591204620259,0.0008521657292352991,0.6292107389387573,0.0008556818923689535,0.3578658389648797,0.26499347704522186,0.26787032548587364,0.8414,0.6186,-0.2225026824905746,50.408479200222686,0.0035690529246424907,0.002850769748482037,0.0007182831761604535,0.5836702619928738,0.7582332584112336,0.40910726557451393,0.4580556591252648,100016883.85999998,0.5264485451646624,731078.8240769021,0.009099999999999997,0.006299999999999972,0.006000000000000005,0.021399999999999975,0.42523364485981346,0.48487320075231877,0.5151267992476812,0.002432001842680016,0,5,6,2,False,False,crash
2025-06-08,0.6645,0.6796,0.6517,0.36256993967956275,73152581.7,1749427199999,48769745.91142,187305.0,36210908.0,24150822.7852,0,-0.3628240479038053,-0.4507094416204435,0.5620438456284054,-0.004027131110292181,0.5347360777942238,-0.011083698331766256,0.5746664155461739,-0.009003846446699826,0.5584010831083149,-0.0013219447589085664,0.5519822830433968,-0.001576837418629129,0.6270846925339094,-0.0021260464048479255,0.360886290955431,0.2785528180064095,0.26943235268380705,0.8414,0.6186,-1.1491474879732375,40.40137217508957,-0.013441274351151389,-0.00040763907144464795,-0.01303363527970674,0.5746664155461739,0.7748369677571499,0.3744958633351979,-0.02978940589389358,96885024.63,0.7550452918742269,638502.5942212159,0.005800000000000027,0.009299999999999975,0.012800000000000034,0.027900000000000036,0.20788530465949892,0.49500519542155813,0.5049948045784418,0.002560470124870521,0,6,6,2,False,False,crash
2025-06-09,0.6703,0.708,0.6565,0.6567405547897451,99192245.2,1749513599999,67351121.01181,228460.0,50883221.3,34604488.89723,0,0.811348605927366,0.5940716539865687,0.5624013326395262,0.00035748701112081616,0.546004006679208,0.01126792888498418,0.5732128871387239,-0.0014535284074500554,0.5611203586138177,0.0027192755055027718,0.5531773340429362,0.0011950509995394265,0.6280537676736353,0.0009690751397258834,0.4388394213566369,0.3271803130945341,0.2902263239211078,0.8414,0.6186,0.17118740928969972,51.48273592549691,-0.0031486751498797094,-0.0009558462871316603,-0.002192828862748049,0.5732128871387239,0.7703849737847703,0.3760408004926774,0.7118141291494419,89352530.79,1.1101223918673966,5120172.585290163,0.034599999999999964,0.0030999999999999917,0.013800000000000034,0.05149999999999999,0.6718446601941742,0.5129757996444665,0.4870242003555335,0.0023032042428252244,0,0,6,2,False,False,crash
2025-06-10,0.705,0.7206,0.6859,0.5880808766281351,146832550.3,1749599999999,103406010.20756,353212.0,72643885.4,51165599.46912,0,-0.10454612199727997,-0.1104245629923239,0.5573541914487207,-0.005047141190805515,0.5627031180374108,0.01669911135820279,0.5716244976474598,-0.0015883894912640528,0.5636666587784755,0.0025463001646578443,0.5510731715542314,-0.0021041624887048194,0.6280882986066506,3.453093301530874e-05,0.4307350402803402,0.32736911211757613,0.29011277434506527,0.8414,0.6186,-0.1369799074141154,48.8256203079262,-0.0005259159122039669,-0.0008698602121461217,0.00034394429994215477,0.5716244976474598,0.767723641422579,0.37552535387234065,0.5419593340997628,92907924.72999999,1.580409321666699,2457971.476152651,0.011700000000000044,0.0039000000000000146,0.019100000000000006,0.034700000000000064,0.33717579250720525,0.4947396558295698,0.5052603441704302,0.0024055429077431204,0,1,6,2,False,False,crash
2025-06-11,0.7167,0.7315,0.6909,0.4240533157796616,113621215.0,1749686399999,81320676.73412,284598.0,52962538.2,37938698.4896,0,-0.27892007267598007,-0.3270052916359849,0.520094217843641,-0.03725997360507971,0.5384579801452747,-0.024245137892136115,0.5633922694204957,-0.008232228226964122,0.5635154586814273,-0.0001512000970482763,0.5482747504495349,-0.0027984211046965246,0.6262496300476836,-0.0018386685589669716,0.40949770234046773,0.33459245397882625,0.2932844928670476,0.8414,0.6186,-0.8731897855490953,42.950061236397524,-0.011549873888692996,-0.0030058629474554966,-0.008544010941237499,0.5633922694204957,0.7700147393300468,0.35676979951094456,0.16281752003586628,95054351.92999999,1.1953289112283152,-2964583.1177619738,0.01870000000000005,0.014800000000000035,0.007099999999999995,0.04060000000000008,0.46059113300492643,0.4661324753480237,0.5338675246519763,0.0025047963093864116,0,2,6,2,False,False,crash
2025-06-12,0.6979,0.7003,0.6569,0.4565315519429785,99094622.1,1749772799999,67245294.60862,246980.0,46277016.7,31457475.741,0,0.07658998280346574,0.07379862262759472,0.4975952477640167,-0.02249897007962426,0.5318331122513571,-0.006624867893917585,0.5572724992254191,-0.00611977019507659,0.5604171744917685,-0.00309828418965874,0.5439026985792311,-0.004372051870303761,0.6238021865310356,-0.0024474435166480513,0.4015055733270247,0.3345824525296168,0.2881989086170429,0.7771,0.6186,-1.022513867867644,49.543120259637824,-0.017464399060792113,-0.00589757017012282,-0.011566828890669293,0.5572724992254191,0.7691413110691946,0.3454036873816436,0.2622563075571421,97669573.35,1.0145905086008036,-5210275.975744974,0.036599999999999966,0.0024000000000000687,0.0043999999999999595,0.043399999999999994,0.8433179723502298,0.4669982660946038,0.5330017339053962,0.0024923653248383497,0,3,6,2,False,False,crash
2025-06-13,0.6613,0.6614,0.6174,0.5314594044037334,180308681.7,1749859199999,114227561.42233,421022.0,86283744.7,54670644.27138,0,0.1641241490141594,0.15196900085042755,0.5313731407088508,0.033777892944834076,0.5467084931686281,0.01487538091727103,0.5560780012670986,-0.001194497958320495,0.5601788150203791,-0.00023835947138939328,0.5411465270568034,-0.002756171522427686,0.6224067961773675,-0.0013953903536680912,0.38708878419302933,0.3353410948992873,0.2880716662422438,0.7771,0.6174,-0.538137730721769,49.6596078964235,-0.015922111189518584,-0.007902478374001973,-0.008019632815516611,0.5560780012670986,0.7682616107876311,0.3438943917465661,0.44198751515492785,108149209.66,1.667221445878849,-5262297.832768788,0.019299999999999984,9.999999999998899e-05,0.024600000000000066,0.04400000000000004,0.4386363636363629,0.478533500919052,0.521466499080948,0.0023350068118211972,0,4,6,2,False,False,crash
2025-06-14,0.6421,0.6428,0.6131,0.43741820938531545,57750191.8,1749945599999,36385016.6694,137522.0,28097695.9,17699245.80091,0,-0.17694897152855305,-0.19473707722420078,0.48750867162796485,-0.043864469080885926,0.5249550021337456,-0.021753491034882555,0.5431240765955025,-0.012953924671596062,0.5553056222466115,-0.004873192773767632,0.5378885235322038,-0.0032580035245995953,0.6203838840895609,-0.002022912087806583,0.3251344755887336,0.33492591537315164,0.28786242699365877,0.7771,0.6131,-1.0712304305773446,50.44805442672876,-0.02203417914153394,-0.010728818527508368,-0.01130536061402557,0.5431240765955025,0.7507982145008543,0.33544993869015083,0.2455006476098556,106775046.18,0.5408585045483891,-1556196.7572274115,0.01739999999999997,0.0007000000000000339,0.011600000000000055,0.02970000000000006,0.5858585858585837,0.48653857284678315,0.5134614271532169,0.0023813254244464694,0,5,6,2,False,False,crash
2025-06-15,0.6247,0.6359,0.6208,0.6066920647702952,44666279.5,1750031999999,28093026.33676,111752.0,23000871.8,14469956.72283,0,0.38698401610406874,0.3271316171884755,0.49123090925639684,0.0037222376284319902,0.5242925503525587,-0.0006624517811868458,0.5434928818311644,0.00036880523566185097,0.5553963428943456,9.072064773407718e-05,0.5387664043026439,0.0008778807704400426,0.619709631449168,-0.0006742526403928917,0.34600641084989014,0.34219986255907325,0.2915273363575622,0.7756,0.6131,-0.03943344756741374,48.28716126667033,-0.013068407117199698,-0.011196736245446634,-0.0018716708717530645,0.5434928818311644,0.7516129088866919,0.33537285477563694,0.6518334968365851,96677676.87,0.4620123377608835,622053.1961741586,0.00869999999999993,0.0025000000000000577,0.0039000000000000146,0.015100000000000002,0.5761589403973463,0.5149493545796667,0.4850506454203332,0.00250193213428488,0,6,6,2,False,False,crash
2025-06-16,0.6333,0.6575,0.6247,0.3859576665001799,99602152.2,1750118399999,64255041.15464,230737.0,46813593.3,30218485.9629,0,-0.3638326773792393,-0.4522936643613377,0.4836117794005005,-0.007619129855896356,0.5018529986220708,-0.02243955173048795,0.5310731192147782,-0.01241976261638622,0.5532183840927964,-0.0021779588015491402,0.5359909118315606,-0.0027754924710833295,0.6167571704206819,-0.0029524610284861197,0.36950014646483115,0.35433495283192623,0.29548084344495207,0.7652,0.6131,-1.4933749737003292,46.24736262967833,-0.023503456166779513,-0.01365808022971321,-0.009845375937066303,0.5310731192147782,0.7459013392418267,0.3162448991877297,0.1622523505144548,96687426.25,1.030145863459676,-487475.0107672903,0.0030000000000000027,0.0242,0.005599999999999938,0.03279999999999994,0.09146341463414659,0.47000584089788366,0.5299941591021163,0.0023165864883791134,0,0,6,2,False,False,crash
2025-06-17,0.6302,0.6426,0.5998,0.538285154433165,110370304.8,1750204799999,68473477.3862,280961.0,49640956.5,30830306.2097,0,0.3946740825600732,0.33266075540356344,0.4999624998985378,0.01635072049803732,0.4987788738312773,-0.0030741247907934977,0.5222993249786337,-0.008773794236144439,0.5515334087026474,-0.0016849753901490017,0.5353855102145048,-0.0006054016170558008,0.6141017405051963,-0.0026554299154856187,0.38741075234880873,0.36328009283531143,0.298220193734114,0.7652,0.5998,-0.3719156322057736,54.23859772488844,-0.019259738223314393,-0.014778411828433447,-0.004481326394880946,0.5222993249786337,0.719306179053099,0.3252924709041684,0.5405717596213403,102459082.42999999,1.0772134805658147,-3729791.3568776706,0.021199999999999997,0.012399999999999967,0.009199999999999986,0.04279999999999995,0.4953271028037388,0.4497673227409625,0.5502326772590375,0.002545621310995963,0,1,6,2,False,False,crash
2025-06-18,0.609,0.6217,0.588,0.3632248824956883,120946782.8,1750291199999,72821096.55738,310075.0,52066549.0,31364486.33535,0,-0.32521846552097833,-0.39336629312009297,0.46631559551692875,-0.033646904381609055,0.49884436811288974,6.549428161245485e-05,0.5167902229535568,-0.0055091020250769285,0.548400334453897,-0.0031330742487504226,0.535368682773823,-1.6827440681765893e-05,0.6127220805900399,-0.0013796599151564282,0.3830661027273586,0.36265902667197597,0.3012721451948165,0.7315,0.588,-1.5663771254655858,41.607765170604345,-0.029680325764349147,-0.017758794615616587,-0.01192153114873256,0.5167902229535568,0.7253758281493755,0.3082046177577381,0.1318889304137204,107238502.53999999,1.12782983662875,-1012854.8313300493,0.005099999999999993,0.012700000000000045,0.015900000000000025,0.03370000000000006,0.1513353115726998,0.4304913929467498,0.5695086070532502,0.002563730864282237,0,2,6,2,False,False,crash
2025-06-19,0.604,0.6117,0.5898,0.5767399680800512,69309415.7,1750377599999,41632721.26293,177616.0,30297780.8,18206272.72084,0,0.5878316598723037,0.46236934956864895,0.494179947255876,0.027864351738947246,0.4908443094419204,-0.008000058670969312,0.5184241580605642,0.0016339351070073782,0.5497468983532492,0.0013465638993521711,0.5348500721430327,-0.0005186106307902838,0.6116397626428358,-0.0010823179472040367,0.3381384375521067,0.38228104303688815,0.31119174950067763,0.7315,0.588,-0.07846712139337092,49.04247839344357,-0.02047382398191322,-0.018301800488875915,-0.002172023493037304,0.5184241580605642,0.7284164647253026,0.30843185139582574,0.6388522535556284,104250219.59,0.6648371195051983,-218062.41071369272,0.0020000000000000018,0.00770000000000004,0.012199999999999989,0.02190000000000003,0.09132420091324196,0.43713802077255137,0.5628619792274486,0.002562653258668288,0,3,6,2,False,False,crash
2025-06-20,0.6021,0.6071,0.5613,0.42193151885105806,140958123.2,1750463999999,82324466.0219,287110.0,62249012.8,36348762.33483,0,-0.26841983874352515,-0.31254847975973055,0.45722783807202844,-0.03695210918384756,0.4742293736642127,-0.01661493577770773,0.5184662458508117,4.208779024750253e-05,0.5457831577018556,-0.003963740651393599,0.5326461385860235,-0.002203933557009208,0.6085854152869289,-0.003054347355906928,0.3494909579017891,0.38408066750321584,0.3132805399514828,0.7315,0.5613,-0.8188512405930785,45.43066882730338,-0.02537682481471737,-0.019716805354044208,-0.005660019460673162,0.5184662458508117,0.728376733850584,0.3085557578510394,0.27005739941908397,103662776.88,1.3597756826751137,-5760082.775282377,0.024699999999999944,0.0050000000000000044,0.016100000000000003,0.04579999999999995,0.5393013100436674,0.4416135188723909,0.5583864811276091,0.0020368460751469487,0,4,6,2,False,False,crash
2025-06-21,0.5775,0.5882,0.5443,0.3451670420372439,140946671.2,1750550399999,80131680.49216,283960.0,61302039.7,34859696.41879,0,-0.18193586727734368,-0.20081454359121725,0.4490697131794413,-0.00815812489258716,0.4663407462899709,-0.007888627374241786,0.5023993632176228,-0.016066882633188895,0.5424816858004395,-0.003301471901416053,0.5316383789224675,-0.0010077596635560404,0.6057021347685975,-0.0028832805183314214,0.3415390800890281,0.36706343426004445,0.31334699194755405,0.7315,0.5443,-1.0637444335617312,44.66301520494851,-0.035052674616851465,-0.02278397920660566,-0.012268695410245806,0.5023993632176228,0.7137861620744272,0.2910125643608184,0.1280933293121826,106395322.5,1.3247449971308654,-5199452.886317976,0.021399999999999975,0.010699999999999932,0.011800000000000033,0.04389999999999994,0.4874715261958999,0.4349307378321398,0.5650692621678602,0.0020146626917997056,0,5,6,2,False,False,crash
2025-06-22,0.5562,0.5642,0.51,0.4401787377118847,254432354.9,1750636799999,136603457.16723,461825.0,121168274.9,65069375.19644,0,0.2752629425853148,0.24315238682669205,0.4294484298351852,-0.019621283344256057,0.46470546486686154,-0.0016352814231093693,0.4982692885591093,-0.004130074658513505,0.537710646225198,-0.004771039575241498,0.5307480156695032,-0.0008903632529642103,0.6039567378995186,-0.001745396869078819,0.3502572266678939,0.3667120259639577,0.3123863158297562,0.7315,0.51,-0.3152201457702722,51.95409317345704,-0.034654727375340144,-0.02515812884035256,-0.009496598534987584,0.4982692885591093,0.7112015363009041,0.28533704081731454,0.36359381572474125,121929095.78,2.0867238723649626,-6496924.005718403,0.01429999999999998,0.008000000000000007,0.03190000000000004,0.054200000000000026,0.26383763837638324,0.47622982127262464,0.5237701787273753,0.0018151189937361224,0,6,6,2,False,False,crash
2025-06-23,0.5419,0.5862,0.5289,0.5429633350379771,214940626.1,1750723199999,119108968.50695,428594.0,103593894.7,57450091.33709,0,0.2335065020640983,0.20986092820491634,0.465396120343643,0.03594769050845781,0.46585585793028594,0.0011503930634244042,0.5062821755494571,0.0080128869903478,0.5402082677467446,0.0024976215215465336,0.5289879534684004,-0.0017600622011028078,0.6023936966062691,-0.0015630412932495785,0.35345812718051767,0.36114041783671885,0.3076862821948812,0.7315,0.51,0.14881866834301175,46.8296846090322,-0.025748678583181805,-0.02527623878891841,-0.0004724397942633962,0.5062821755494571,0.7128705731073968,0.2996937779915174,0.5887783629722778,125392290.21999998,1.7141454687755364,16024361.126480883,0.04039999999999999,0.0039000000000000146,0.013000000000000012,0.05730000000000002,0.7050610820244324,0.481965166751694,0.518034833248306,0.0019940111265917635,0,0,6,2,False,False,crash
2025-06-24,0.5823,0.5936,0.5762,0.5632500516219321,148093981.2,1750809599999,86538716.27419,285800.0,66302166.6,38744446.94813,0,0.037362958555085646,0.036681876258633235,0.46269813705201923,-0.0026979832916237956,0.47843904215394756,0.012583184223661614,0.5016970221438466,-0.004585153405610498,0.5391337698432505,-0.0010744979034941204,0.5299910046431652,0.0010030511747647353,0.6005250826730676,-0.0018686139332014795,0.3441255263779395,0.32830563796611395,0.3013883974274211,0.7315,0.51,0.24040655359788746,49.28893959241183,-0.01685925921985698,-0.023592842875106122,0.006733583655249141,0.5016970221438466,0.6982172528692734,0.3051767914184198,0.6566073611120625,134426669.16,1.1016711350910036,1322494.7659969025,0.005199999999999982,0.006099999999999994,0.006099999999999994,0.01739999999999997,0.29885057471264315,0.4477033169258874,0.5522966830741127,0.0019298556071230802,0,1,6,2,False,False,crash
2025-06-25,0.5875,0.5907,0.5631,0.39980309000121345,106514611.1,1750895999999,61350103.14402,225158.0,47624096.9,27447965.59119,0,-0.29018543566939337,-0.34275152005857373,0.45827245128205024,-0.00442568576996899,0.4577501446770394,-0.020688897476908163,0.4910213475147991,-0.010675674629047505,0.536219620863233,-0.002914148980017406,0.5276665277802423,-0.0023244768629229196,0.5977217268484051,-0.0028033558246625123,0.34311034383598127,0.3358360095026294,0.3041974602197859,0.7315,0.51,-0.49750297967849455,49.30533475430519,-0.022740990170245556,-0.02342247233413401,0.000681482163888452,0.4910213475147991,0.685194358653737,0.2968483363758611,0.2651108746304717,140611502.32,0.757509942946181,-3698549.900323394,0.020399999999999974,0.0031999999999999806,0.0040000000000000036,0.027599999999999958,0.7391304347826089,0.4471132777764045,0.5528867222235955,0.0021138696153958922,0,2,6,2,False,False,crash
2025-06-26,0.5671,0.5819,0.5498,0.3941469441986603,101834511.0,1750982399999,57309204.39403,225458.0,45681435.6,25729974.62183,0,-0.014147328882665677,-0.014248356317392154,0.4680684317143335,0.009795980432283247,0.4585690724468874,0.000818927769847988,0.4802110355344791,-0.010810311980320009,0.5358325595099661,-0.0003870613532669376,0.5256736786608296,-0.001992849119412665,0.5961457684071404,-0.0015759584412646799,0.31766392804486326,0.3358891058219056,0.30167033595734366,0.7315,0.51,-0.5230386266426171,48.18505803543934,-0.02754122986582208,-0.024246223840471624,-0.0032950060253504575,0.4802110355344791,0.6704448571293705,0.28997721393958764,0.2737939273514286,140834738.2,0.7230780722252232,-2298504.2158349585,0.012800000000000034,0.014799999999999924,0.0045000000000000595,0.03210000000000002,0.3987538940809977,0.4485850145634813,0.5514149854365187,0.0022139645763114627,0,3,6,2,False,False,crash
2025-06-27,0.5544,0.5633,0.545,0.3474346435414747,80562142.4,1751068799999,44656696.47917,175834.0,33100416.6,18362194.10065,0,-0.11851493800657609,-0.1261472234098368,0.44951961288025155,-0.018548818834081937,0.43948402135771836,-0.019085051089169025,0.46913144759449776,-0.011079587939981317,0.5302021800191323,-0.005630379490833781,0.5251008637010467,-0.0005728149597828969,0.5951356632763806,-0.0010101051307598308,0.29555822675361826,0.33683108223974656,0.2942754792520596,0.7315,0.51,-0.7339293745305883,44.55684490138203,-0.03471457862713678,-0.026339894797804658,-0.008374683829332125,0.46913144759449776,0.6633551727345784,0.2749077224544171,0.1867097365029652,137853921.95999998,0.5844022517065283,639497.4320043322,0.0042999999999999705,0.0046000000000000485,0.009399999999999964,0.018299999999999983,0.234972677595627,0.41086812755863356,0.5891318724413664,0.00218258843126297,0,4,6,2,False,False,crash
2025-06-28,0.5586,0.5688,0.5554,0.39340224943196156,60272689.6,1751155199999,33873566.67376,103394.0,27126660.9,15242292.67889,0,0.13230576381770498,0.1242560526876184,0.41960739575904843,-0.029912217121203122,0.44250175805134573,0.003017736693627371,0.4706730630821177,0.0015416154876199406,0.5263745458747335,-0.003827634144398795,0.5227644286395348,-0.0023364350615119323,0.5932138073790442,-0.0019218558973363997,0.2754582270122829,0.32487888509560436,0.2943170631640328,0.7315,0.51,-0.5264006797654105,48.659970205865356,-0.03627218441038277,-0.02832635272032028,-0.007945831690062487,0.4706730630821177,0.66180023931695,0.27954588684728543,0.29785498019597223,131786512.64000002,0.45735097160243054,722797.6021478516,0.006800000000000028,0.0033999999999999586,0.0031999999999999806,0.013399999999999967,0.5074626865671675,0.45006554510884145,0.5499344548911586,0.001715436969648688,0,5,6,2,False,False,crash
2025-06-29,0.5654,0.5857,0.555,0.5511793958519142,103251178.3,1751241599999,58496308.09829,177795.0,48889911.5,27719232.10021,0,0.40105806880303563,0.33722771460658146,0.41719326460504486,-0.0024141311540035737,0.439945700828532,-0.0025560572228137124,0.46539500513522614,-0.005278057946891568,0.5271978488202403,0.0008233029455068097,0.5221699252121823,-0.0005945034273524552,0.5928562868387529,-0.00035752054029125624,0.23790546103814267,0.2846625112747376,0.2980057532509724,0.7315,0.51,0.18591149368810025,48.29804840307966,-0.02449296148443536,-0.0275596744731433,0.003066712988707941,0.46539500513522614,0.6400034925008248,0.2907865177696275,0.7456478262052378,135180688.9,0.7638012436552984,2173132.3342235675,0.011900000000000022,0.008399999999999963,0.010399999999999965,0.03069999999999995,0.3876221498371349,0.4735046350555788,0.5264953649444212,0.0017219658208975617,0,6,6,2,False,False,crash
2025-06-30,0.5773,0.5905,0.5561,0.38434832403365266,113245597.3,1751327999999,64727221.53763,230147.0,54955991.1,31430616.65101,0,-0.3026801674260774,-0.36051110320649943,0.41410231141153264,-0.0030909531935122136,0.4361873813467915,-0.003758319481740491,0.45520837750550214,-0.010186627629723999,0.5251254989435779,-0.0020723498766624937,0.5205120499628144,-0.0016578752493678905,0.5909195427849361,-0.0019367440538168301,0.2427283127854483,0.29286061901092236,0.3017322097768457,0.7315,0.51,-0.567276189464322,49.94897293975831,-0.02829356507514197,-0.027706452593543037,-0.0005871124815989316,0.45520837750550214,0.6233311284877652,0.2870856265232391,0.28926096242820454,132409436.30999999,0.855268328722938,-1000437.4609908157,0.005099999999999993,0.01319999999999999,0.016100000000000003,0.034399999999999986,0.14825581395348825,0.4852814803423709,0.514718519657629,0.0020322820973809282,0,0,6,2,False,False,crash
2025-07-01,0.5722,0.5765,0.5366,0.35940897242270864,122582583.1,1751414399999,67859772.75825,225007.0,57362020.0,31778683.80461,0,-0.06488736922073945,-0.06708829622177889,0.4071547170563424,-0.0069475943551902675,0.43761157438533793,0.0014241930385464063,0.4519761603376544,-0.0032322171678477174,0.5169896126434307,-0.008135886300147166,0.5190008696594918,-0.0015111803033226456,0.589562633283716,-0.0013569095012200272,0.23474945299356062,0.2852337339270063,0.2919733542247595,0.7003,0.51,-0.7913348795443581,43.82999150114143,-0.0329382761071938,-0.028752817296273193,-0.0041854588109206045,0.4519761603376544,0.6250340610386582,0.2789182596366506,0.23255428518436647,130573027.5,0.9388047856974137,-6469755.347116389,0.030200000000000005,0.0042999999999999705,0.005400000000000071,0.03990000000000005,0.7568922305764403,0.46794592306156096,0.5320540769384391,0.0018355544018553156,0,1,7,3,False,False,crash
2025-07-02,0.542,0.5998,0.5387,0.5275122938959547,185381208.3,1751500799999,107307595.68072,300621.0,88015351.5,50904553.45209,0,0.46772154946520383,0.3837112319999446,0.4431702471272384,0.03601553007089603,0.446344930003745,0.008733355618407046,0.45552519743530323,0.0035490370976488106,0.5177942429223146,0.0008046302788838888,0.5184954724016314,-0.0005053972578603627,0.5889398199377489,-0.0006228133459671437,0.26333929417033974,0.30159710034301745,0.29317640162344066,0.6614,0.51,0.11566904818992509,55.69412347004325,-0.022791978181651296,-0.027560649473348815,0.004768671291697519,0.45552519743530323,0.6318568038927077,0.2791935909778988,0.7041242007230308,123667912.84,1.4990243147375173,14365333.484501816,0.041999999999999926,0.015800000000000036,0.0033000000000000806,0.06110000000000004,0.6873977086743027,0.4747803313352338,0.5252196686647662,0.001621636857137693,0,2,7,3,False,False,crash
2025-07-03,0.584,0.6119,0.5827,0.3710307829919554,113126506.8,1751587199999,67774049.97046,243376.0,54835057.3,32856956.60863,0,-0.2966405005432221,-0.35188713885303424,0.4386959538392371,-0.0044742932880013075,0.42915167479914273,-0.017193255204602242,0.4475037663647143,-0.008021431070588947,0.5127732554390192,-0.0050209874832953805,0.5166455614232973,-0.0018499109783340906,0.5858895466159795,-0.0030502733217694367,0.2749849138877296,0.30980302108203733,0.29491498286525264,0.6575,0.51,-0.9421641831053873,42.576737934962,-0.027065717392651845,-0.027461663057209422,0.00039594566455757735,0.4475037663647143,0.6238869637241945,0.27112056900523407,0.28321919401171175,113486500.91,0.9968278684503147,2944388.5331506915,0.015199999999999991,0.012700000000000045,0.0012999999999999678,0.029200000000000004,0.5205479452054791,0.48472333187963335,0.5152766681203667,0.002151361399590215,0,3,7,3,False,False,crash
2025-07-04,0.5992,0.6034,0.5629,0.3917281631447329,84798877.1,1751673599999,49123867.65846,188445.0,39586986.8,22915460.86,0,0.055783458142949494,0.054283105679932796,0.4068057072978008,-0.031890246541436296,0.4119994859514229,-0.01715218884771985,0.4452192640526852,-0.002284502312029091,0.5108288883529137,-0.0019443670861054585,0.5152226953959044,-0.0014228660273929439,0.582806252288954,-0.0030832943270254765,0.27536062664511524,0.3061412556583086,0.29285833027726693,0.6575,0.51,-0.8018429617306246,48.79327549892401,-0.028454574284893397,-0.02766024530274622,-0.0007943289821471765,0.4452192640526852,0.6233275834983015,0.26711094460706886,0.3498354791217788,107156990.5,0.7913517979958572,-3792740.1640186803,0.026799999999999935,0.0042000000000000925,0.009500000000000064,0.04050000000000009,0.6617283950617253,0.46683385622331547,0.5331661437766845,0.0022222582001619456,0,4,7,3,False,False,crash
2025-07-05,0.5725,0.5835,0.5687,0.43230183202669237,35696806.4,1751759999999,20554975.26339,91220.0,17780051.3,10231348.1239,0,0.10357608336413793,0.09855589165474156,0.41639640889640883,0.009590701598608031,0.41524936015397074,0.0032498742025478533,0.4364997524155051,-0.0087195116371801,0.5094008772408481,-0.0014280111120655858,0.5128084031301419,-0.0024142922657625077,0.5808237463530691,-0.001982505935884893,0.2572945058839814,0.29547689467517085,0.2930259781198817,0.6575,0.51,-0.5267672404970011,53.58499870996044,-0.025981795423161147,-0.027324555326829206,0.0013427599036680594,0.4364997524155051,0.5975849021309417,0.27541460270006846,0.4869698715361766,100075210.03,0.35669978998094537,193326.51963661352,0.0030000000000000027,0.008000000000000007,0.0038000000000000256,0.014800000000000035,0.2027027027027024,0.4980852096617809,0.5019147903382192,0.0025554106711349954,0,5,7,3,False,False,crash
2025-07-06,0.5756,0.5931,0.5707,0.5134719866411529,54435116.4,1751846399999,31717884.86786,124379.0,28685328.9,16706684.14826,0,0.18776268940134555,0.17207144459031318,0.44720901174009764,0.030812602843688808,0.42718186439822003,0.011932504244249298,0.4428754684225537,0.006375716007048615,0.5111790168945205,0.0017781396536723504,0.5127501645326324,-5.8238597509419066e-05,0.5805732852873051,-0.00025046106576398497,0.26078944428970136,0.28293342317629483,0.29247426768382706,0.6426,0.51,0.026183911320911708,53.050255736109655,-0.01727323218135518,-0.0253142906977344,0.00804105851637922,0.4428754684225537,0.6056230923718854,0.28012784447322203,0.7168895511512292,95335270.57000001,0.5709861216582058,974251.4316594276,0.010199999999999987,0.007299999999999973,0.0049000000000000155,0.022399999999999975,0.4553571428571428,0.5269636733981522,0.4730363266018478,0.0022849037207165776,0,6,7,3,False,False,crash
2025-07-07,0.5858,0.5947,0.5734,0.3237498265234479,79484536.9,1751932799999,46433077.37291,171839.0,37488232.5,21912598.08699,0,-0.3694888232535556,-0.46122439693579625,0.4064565182655963,-0.04075249347450133,0.4248133826964174,-0.0023684817018026494,0.4321487020270679,-0.01072676639548581,0.5060833603742321,-0.005095656520288427,0.5100541071571735,-0.002696057375458971,0.5786535796795328,-0.0019197056077723262,0.28995440148534013,0.2856234954299719,0.29440009961715485,0.6217,0.51,-1.66741426568086,41.49257298872692,-0.02538796911318897,-0.025329026380825317,-5.894273236365169e-05,0.4321487020270679,0.5966888192006722,0.2676085848534636,0.17060046703002635,95227510.02,0.8346804078286453,-719132.8876237606,0.005299999999999971,0.008900000000000019,0.007099999999999995,0.021299999999999986,0.24882629107981102,0.47164183075211447,0.5283581692478855,0.002161917357789877,0,0,7,3,False,False,crash
2025-07-08,0.5806,0.5921,0.5722,0.5674256960748401,72621236.5,1752019199999,42273682.95172,140692.0,36164607.5,21047136.45074,0,0.7526671818424702,0.561138731577804,0.44573550088217323,0.03927898261657692,0.4422157273607052,0.017402344664287805,0.44235874270602543,0.010210040678957533,0.5065789369234577,0.000495576549225607,0.510602839163148,0.0005487320059744949,0.5769346537771421,-0.0017189259023906445,0.36940765945333776,0.3183618395608683,0.3114207706330418,0.6119,0.51,0.5635495198708543,50.13810589086814,-0.01201781649883732,-0.02266678440442772,0.0106489679055904,0.44235874270602543,0.6140766030186408,0.2706408823934101,0.864164080373259,96462364.71000001,0.7528452854989106,988299.342549523,0.007800000000000029,0.0036999999999999256,0.008399999999999963,0.019899999999999918,0.39195979899497796,0.49798942076674774,0.5020105792332522,0.0019373396375590493,0,1,7,3,False,False,crash
2025-07-09,0.5883,0.6281,0.584,0.5357588102947503,148070206.3,1752105599999,90250880.5708,288947.0,74702071.9,45553077.09256,0,-0.055807986841528434,-0.05742572975081105,0.4745416303121767,0.02880612943000349,0.44067366880498876,-0.0015420585557164301,0.4403096848167604,-0.0020490578892650158,0.5035778906705778,-0.003001046252879891,0.5109493623483725,0.0003465231852245454,0.576097222443339,-0.0008374313338030959,0.3551173107500213,0.29451630466974504,0.3100808440783701,0.6281,0.51,0.21811016337637806,54.926022656036075,-0.003931803868924111,-0.018919788297326996,0.014987984428402885,0.4403096848167604,0.6061533956392415,0.27446597399427924,0.7877683000598029,100944267.51,1.4668510649733675,8631556.89342284,0.034399999999999986,0.00539999999999996,0.0043000000000000815,0.04410000000000003,0.7800453514739221,0.5045044088656747,0.4954955911343253,0.0019514189060733413,0,2,7,3,False,False,crash
2025-07-10,0.6227,0.6267,0.6173,0.3911401332593799,17343075.4,1752191999999,10784168.31458,41381.0,8238718.3,5125857.23148,0,-0.2699324290267997,-0.3146181861464015,0.4663092905587142,-0.008232339753462548,0.44135284972756156,0.0006791809225727974,0.4387701155371765,-0.00153956927958393,0.4990037200066971,-0.004574170663880661,0.5106015298363625,-0.00034783251200998233,0.5738636530139678,-0.0022335694293712516,0.3516603485622241,0.29459829197131787,0.3125672525246674,0.6281,0.51,-1.0064340960255727,49.90102253313962,-0.009088334547808885,-0.016953497547423375,0.00786516299961449,0.4387701155371765,0.6058988905560818,0.2716413405182712,0.3575051415520493,91354015.32000001,0.18984469745801205,-105835.37260317989,0.0038000000000000256,0.0040000000000000036,0.0016000000000000458,0.009400000000000075,0.40425531914893564,0.4750436765096461,0.5249563234903539,0.002386024337990251,0,3,7,3,False,False,crash
