timestamp,open,high,low,close,volume,close_time,quote_asset_volume,number_of_trades,taker_buy_base,taker_buy_quote,ignore,returns,log_returns,ma_5,ma_5_slope,ma_10,ma_10_slope,ma_20,ma_20_slope,ma_50,ma_50_slope,ma_100,ma_100_slope,ma_200,ma_200_slope,volatility_10,volatility_20,volatility_50,high_20,low_20,price_position,rsi,macd,macd_signal,macd_histogram,bb_middle,bb_upper,bb_lower,bb_position,volume_ma_10,volume_ratio,volume_price_trend,body_size,upper_wick,lower_wick,total_range,body_ratio,buy_pressure,sell_pressure,trade_intensity,hour,day_of_week,month,quarter,gap_up,gap_down,trend_short,trend_long,vol_regime,market_regime
2024-07-18 12:00:00,64758.0,65111.29,63400.0,63538.12,6967.85898,1721318399999,447002319.1501935,576264.0,3396.8091,217938663.0749617,0,-0.018837518144476317,-0.019017204328933317,64383.438,-209.53199999999197,64691.037,-150.5870000000141,64346.871499999994,34.8999999999869,60937.97,,,,,,0.00906060878257844,0.012033752080068377,,66128.63,62290.0,0.3251472530564293,54.628149013861915,953.3048964930495,1240.6969216081347,-287.3920251150853,64346.871499999994,66113.21858645312,62580.52441354686,0.2710666532634927,4595.169367,1.5163443223745705,-131.25716996390224,1219.8799999999974,353.2900000000009,138.12000000000262,1711.2900000000009,0.7128423586884729,0.48749682072354455,0.5125031792764555,82.70316630317338,12,3,7,3,False,False,1,-1,high_vol,sideways_volatile
2024-07-18 16:00:00,63538.12,63958.51,63238.48,63555.0,4155.67605,1721332799999,264406253.7564306,304587.0,2328.76166,148214489.78631,0,0.0002656672876062416,0.0002656320043013312,64276.840000000004,-106.59799999999814,64476.37100000001,-214.66599999999016,64401.9215,55.05000000000291,61039.23,101.26000000000204,,,,,0.00803916003316867,0.011928970890680743,0.010745897912776272,66128.63,62373.24,0.3146836946362428,48.43700673417746,820.4611392325751,1156.6497651330228,-336.18862590044773,64401.9215,65978.28657584626,62825.55642415374,0.23136885833843462,4422.959235,0.9395691502456273,1.10402718437372,16.87999999999738,403.51000000000204,299.6399999999994,720.0299999999988,0.023443467633289458,0.5603809421092869,0.4396190578907131,73.29421166021832,16,3,7,3,False,False,1,-1,high_vol,sideways_volatile
2024-07-18 20:00:00,63555.0,64122.43,63438.21,63987.92,2028.88232,1721347199999,129571404.8977504,142368.0,1098.22239,70132354.2680051,0,0.00681173786484135,0.006788642797516426,64101.40800000001,-175.43199999999342,64349.363,-127.0080000000089,64450.017499999994,48.09599999999773,61164.9946,125.76459999999497,,,,,0.008519465227401643,0.011855201051954778,0.01053944012588758,66128.63,62373.24,0.42996333270312737,41.77819067003057,741.5662167153059,1073.6330554494796,-332.06683873417364,64450.017499999994,65903.53412943227,62996.50087056771,0.3410415503190768,4187.144953000001,0.4845502944784246,13.820214522451163,432.91999999999825,134.51000000000204,116.79000000000087,684.2200000000012,0.6327204700242576,0.541294277728242,0.458705722271758,70.17065435318102,20,3,7,3,False,False,1,-1,high_vol,sideways_volatile
2024-07-19 00:00:00,63987.92,64368.62,63300.67,64325.0,3161.96417,1721361599999,201887831.2742182,211160.0,1437.76333,91846379.9925206,0,0.005267869310332296,0.005254042623659053,64032.808000000005,-68.60000000000582,64309.490000000005,-39.87299999999232,64499.167499999996,49.150000000001455,61303.653999999995,138.65939999999682,,,,,0.008484011988985239,0.011860061284952239,0.010492877308846503,66128.63,62373.24,0.5197223191199845,42.30976873397545,698.1926310768104,998.5449705749458,-300.3523394981354,64499.167499999996,65858.34584755312,63139.98915244688,0.4359291220635074,4042.472457,0.7821857053162354,16.656814011513333,337.08000000000175,43.62000000000262,687.25,1067.9500000000044,0.3156327543424321,0.4547057628423411,0.5452942371576589,66.78127538681123,0,4,7,3,False,False,1,-1,high_vol,sideways_volatile
2024-07-19 04:00:00,64324.99,64486.0,63600.0,63694.01,4022.16332,1721375999999,257490360.3335286,288687.0,1740.33298,111423641.4748354,0,-0.009809405363389034,-0.00985783454810613,63820.009999999995,-212.79800000000978,64206.490000000005,-103.0,64447.661,-51.50649999999587,61423.01720000001,119.36320000001433,,,,,0.00896234803575263,0.010991879997615642,0.010619083328046402,66128.63,62373.24,0.3516998234537563,38.70086477329419,605.9184812907988,920.0196727181165,-314.10119142731764,64447.661,65848.38224582316,63046.939754176834,0.23097752238451413,3823.065051,1.0520781797704233,-39.45503044363465,630.9799999999959,161.01000000000204,94.01000000000204,886.0,0.7121670428893859,0.4326858065027553,0.5673141934972448,71.774062123365,4,4,7,3,False,False,1,-1,high_vol,sideways_volatile
2024-07-19 08:00:00,63694.01,64182.77,63409.01,64116.0,3490.01318,1721390399999,222845092.3015179,256556.0,1562.68637,99789063.3075841,0,0.006625269785965671,0.0066034191439327955,63935.585999999996,115.57600000000093,64159.512,-46.978000000002794,64415.85399999999,-31.807000000007974,61553.97720000001,130.95999999999913,,,,,0.009321543432536052,0.011113323631799683,0.010615968944123826,66128.63,62373.24,0.4640689781886832,36.18315342602304,560.3818855178106,848.0921152780553,-287.7102297602447,64415.85399999999,65816.35412817803,63015.35387182195,0.39294752854107834,3582.7591600000005,0.9741132529823745,23.12227887407597,421.98999999999796,66.7699999999968,285.0,773.7599999999948,0.5453758271298604,0.44775944657034217,0.5522405534296578,73.51147023461958,8,4,7,3,False,False,1,-1,high_vol,sideways_volatile
2024-07-19 12:00:00,64115.99,65888.0,64005.57,65836.77,10348.62908,1721404799999,674363309.0747285,670824.0,5778.54464,376589680.8028099,0,0.02683838667415306,0.02648455407857306,64391.94,456.35400000000664,64334.39,174.87799999999697,64562.941999999995,147.08800000000338,61706.882600000004,152.905399999996,,,,,0.012343607411381305,0.010608998374410128,0.011111026101368458,66128.63,62373.24,0.9222823728028248,54.12508463704076,655.5883488236723,809.5913619871787,-154.00301316350647,64562.941999999995,65907.7167692236,63218.167230776395,0.9736213190315308,4359.149225,2.374002023296186,277.7405087964248,1720.780000000006,51.229999999995925,110.41999999999825,1882.4300000000003,0.9141269529278676,0.5583874535775708,0.44161254642242914,64.8224991749342,12,4,7,3,False,False,1,-1,high_vol,sideways_volatile
2024-07-19 16:00:00,65836.76,67386.0,65827.62,67157.26,11099.18996,1721419199999,739697556.186709,582710.0,5805.99696,386883173.7795579,0,0.02005702892167993,0.019858536440763706,65025.808,633.8679999999949,64563.60799999999,229.21799999999348,64733.4995,170.55750000000262,61874.468,167.5853999999963,,,,,0.01323464807530555,0.011061905373876128,0.011336656050476375,67386.0,63063.83,0.9470775096768509,65.5966119205739,828.0474485781451,813.2825793053721,14.764869272773012,64733.4995,66454.66588894074,63012.33311105926,1.2041040644221657,5061.940296,2.192675004241101,222.6167740349395,1320.5,228.74000000000524,9.139999999999418,1558.3800000000047,0.847354303828332,0.5231009633066953,0.47689903669330475,52.50022768328221,16,4,7,3,False,False,1,-1,high_vol,sideways_volatile
2024-07-19 20:00:00,67157.25,67352.44,66616.19,66660.0,3512.76768,1721433599999,235233525.197957,174952.0,1645.74521,110221341.6810182,0,-0.0074044116749253375,-0.007431960403377878,65492.808,467.0,64762.808,199.20000000000437,64822.5875,89.08800000000338,62059.6278,185.15980000000127,,,,,0.013544796127376474,0.010679434396926453,0.01079654594633812,67386.0,63238.48,0.8249556361391867,61.664768721869756,914.0610743279103,833.4382783098798,80.6227960180305,64822.5875,66747.66774093988,62897.50725906011,0.9772301073286479,5118.160136,0.6863340705758644,-26.00997802109239,497.25,195.19000000000233,43.80999999999767,736.25,0.6753820033955857,0.4685038579038623,0.5314961420961377,49.8046030758288,20,4,7,3,False,False,1,-1,high_vol,sideways_volatile
2024-07-20 00:00:00,66660.01,66822.22,66222.46,66602.01,2794.0079,1721447999999,185912521.5120854,176830.0,1216.11528,80934736.9337583,0,-0.0008699369936994161,-0.0008703156084825161,66074.408,581.5999999999985,64947.208999999995,184.40099999999802,64894.41650000001,71.82900000000518,62244.107800000005,184.4800000000032,,,,,0.013595659187656867,0.010666341245710838,0.01079969825969905,67386.0,63238.48,0.8109737867448485,62.266843996442034,966.4080338261265,860.0322294131292,106.37580441299724,64894.41650000001,66974.33560448214,62814.497395517865,0.9104951717401412,5158.115264,0.5416722498429225,-2.430610832898419,58.0,162.2100000000064,379.54999999998836,599.7599999999948,0.09670534880618999,0.43525835413708025,0.5647416458629197,63.28901217494768,0,5,7,3,False,False,1,-1,high_vol,sideways_volatile
2024-07-20 04:00:00,66602.0,66775.11,66436.0,66562.28,1871.55513,1721462399999,124659773.0115446,115340.0,830.85865,55345603.2702996,0,-0.0005965285432075751,-0.0005967065371481697,66563.66399999999,489.25599999999395,65249.625,302.4160000000047,64970.33099999999,75.9144999999844,62428.55559999999,184.44779999998718,,,,,0.01140278706508574,0.010651286073652285,0.010799227267681904,67386.0,63238.48,0.8013945683203452,65.94228204351722,993.2380672355284,886.6733969776092,106.56467025791926,64970.33099999999,67180.01960545774,62760.64239454225,0.8602202129449427,4648.484879000001,0.40261615961255226,-1.1164360552315638,39.720000000001164,173.11000000000058,126.27999999999884,339.1100000000006,0.11713013476453392,0.44394024877055055,0.5560597512294495,61.627893376563264,4,5,7,3,False,False,1,-1,high_vol,sideways_volatile
2024-07-20 08:00:00,66562.27,66733.09,66458.83,66483.69,1353.5524,1721476799999,90086640.3877591,107875.0,650.28226,43281076.5380649,0,-0.0011806987380840184,-0.0011813963119762104,66693.048,129.38400000000547,65542.49399999999,292.8689999999915,65009.432499999995,39.10150000000431,62619.9492,191.39360000001034,,,,,0.01147449248792913,0.010451924923695377,0.010711388878809219,67386.0,63238.48,0.7824458953784434,61.460565165365075,996.6705085991925,908.6728193019259,87.99768929726667,65009.432499999995,67299.81387678199,62719.051123218,0.8218366851356761,4368.272514,0.3098598806878375,-1.5981376106105945,78.58000000000175,170.81999999999243,24.860000000000582,274.25999999999476,0.2865164442499936,0.48042636546616146,0.5195736345338385,79.69769031475988,8,5,7,3,False,False,1,-1,high_vol,sideways_volatile
2024-07-20 12:00:00,66483.69,66832.0,66273.62,66825.0,1565.74689,1721491199999,104237360.0461926,151790.0,790.42708,52624578.0682106,0,0.005133740320370173,0.005120607602995918,66626.59599999999,-66.45200000000477,65826.202,283.70800000001327,65087.782499999994,78.34999999999854,62814.3104,194.36119999999937,,,,,0.011450375250775602,0.010346648567299839,0.01071496063108435,67386.0,63238.48,0.8647384461075533,64.96694366267553,1015.2286833587641,929.9839921132935,85.24469124547056,65087.782499999994,67516.96896281214,62658.596037187854,0.8575718716110651,4321.958971000001,0.3622771295391827,8.0381379406872,341.3099999999977,7.0,210.07000000000698,558.3800000000047,0.6112504029513859,0.5048243014552627,0.49517569854473725,96.94414912744934,12,5,7,3,False,False,1,-1,high_vol,sideways_volatile
2024-07-20 16:00:00,66824.99,67598.0,66679.01,67224.0,4139.41482,1721505599999,278326976.2988107,288997.0,2089.72699,140499826.5671838,0,0.005970819304152553,0.005953064600934309,66739.396,112.80000000000291,66116.102,289.8999999999942,65212.795999999995,125.01350000000093,63014.7196,200.4091999999946,,,,,0.011458408279203997,0.01015035331540213,0.010719722150274094,67598.0,63238.48,0.9142107387969317,66.40744762391421,1050.0280660523567,953.9928069011062,96.03525915125056,65212.795999999995,67814.32676875404,62611.26523124596,0.8865424203618465,4419.704036000001,0.9365819037390402,24.715697915151164,399.00999999999476,374.0,145.98000000001048,918.9900000000052,0.43418317935994133,0.504836330947861,0.4951636690521391,69.81590697402007,16,5,7,3,False,False,1,-1,high_vol,sideways_volatile
2024-07-20 20:00:00,67224.0,67430.01,66790.9,67139.96,2662.6472,1721519999999,178655530.5918287,154261.0,1291.22428,86628133.8759719,0,-0.0012501487563963964,-0.0012509308442383358,66846.986,107.59000000001106,66460.697,344.59500000000116,65333.593499999995,120.79750000000058,63193.2388,178.51920000000246,,,,,0.010556928581349647,0.010166843319335334,0.010534233865838355,67598.0,63238.48,0.8949333871618907,78.23183425719246,1058.6223622817706,974.9187179772391,83.70364430453151,65333.593499999995,68060.88364254273,62606.303357457255,0.8311650769792838,4283.752424,0.6215688808443612,-3.328705085802347,84.0399999999936,206.00999999999476,349.0600000000122,639.1100000000006,0.1314953607360134,0.48494005514512023,0.5150599448548798,57.9352007280574,20,5,7,3,False,False,1,-1,high_vol,sideways_volatile
2024-07-21 00:00:00,67139.97,67436.22,66962.0,67171.33,1473.02827,1721534399999,99012016.8916579,117367.0,814.46841,54739170.6314925,0,0.00046723292656114523,0.00046712380724541554,66968.796,121.80999999999767,66766.23000000001,305.53300000001036,65462.871,129.27750000000378,63385.1452,191.90639999999985,,,,,0.010652304265151274,0.010129284847883977,0.010349503281588209,67598.0,63238.48,0.9021291334825856,78.28116861890082,1055.7941628913468,991.0938069600606,64.70035593128614,65462.871,68284.3982721357,62641.3437278643,0.8027542949650128,4082.0539330000006,0.3608546810447053,0.6882473094994008,31.360000000000582,264.8899999999994,177.97000000000116,474.22000000000116,0.066129644468813,0.5529210990634958,0.44707890093650415,79.67735744813642,0,6,7,3,False,False,1,-1,high_vol,sideways_volatile
2024-07-21 04:00:00,67171.33,67220.52,66592.1,66701.99,1958.03031,1721548799999,130949393.7002399,132774.0,843.40372,56388772.1482009,0,-0.006987207190925049,-0.007011732029944477,67012.456,43.66000000000349,66852.75200000001,86.5219999999972,65593.571,130.6999999999971,63561.403000000006,176.25780000000668,,,,,0.007848774553348837,0.0100941278772032,0.010441956784750196,67598.0,63238.48,0.794470492164276,71.10490750316892,1004.1062669257299,993.6962989531945,10.409967972535355,65593.571,68388.99188092486,62798.15011907513,0.6982561923972764,3242.9940560000005,0.6037724017339364,-13.681163462081203,469.3399999999965,49.19000000000233,109.88999999999942,628.4199999999983,0.7468571974157375,0.43074089082921296,0.569259109170787,67.80998196090233,4,6,7,3,False,False,1,-1,high_vol,sideways_volatile
2024-07-21 08:00:00,66702.0,67062.77,66680.0,66879.99,1335.82107,1721563199999,89325280.9719761,102435.0,638.00604,42663508.1364099,0,0.002668586049681565,0.002665031695924309,67023.454,10.997999999992317,66825.025,-27.727000000013504,65694.31649999999,100.74549999998999,63742.7228,181.31979999999749,,,,,0.0044149051487533675,0.009814910471846369,0.010424537840835203,67598.0,63238.48,0.8353006753037042,70.3718941709844,966.3666758765903,988.2303743378737,-21.863698461283434,65694.31649999999,68524.21241116931,62864.42058883066,0.709490655702261,2266.6571670000003,0.5893352949215543,3.564753472272701,177.99000000000524,182.77999999999884,22.0,382.7700000000041,0.4650050944431469,0.4776133977284847,0.5223866022715153,76.6831743416055,8,6,7,3,False,False,1,-1,high_vol,sideways_volatile
2024-07-21 12:00:00,66879.99,67499.99,66616.0,67164.0,2766.07202,1721577599999,185588711.6348215,208162.0,1488.15217,99868712.7191692,0,0.004246561639736912,0.004237570442318758,67011.454,-12.0,66875.425,50.40000000000873,65819.11649999999,124.80000000000291,63922.596399999995,179.8735999999917,,,,,0.003865658778510184,0.009769718660520229,0.010416079333614868,67598.0,63238.48,0.9004477557162256,79.28810291885922,948.4419629363692,980.2726920575728,-31.830729121203603,65819.11649999999,68678.43625183096,62959.796748169014,0.7351754292500533,2191.9876010000003,1.2619013076251429,11.746295332881592,284.00999999999476,335.99000000000524,263.99000000000524,883.9900000000052,0.3212819149537812,0.5380019606286318,0.4619980393713682,75.25545195312738,12,6,7,3,False,False,1,-1,high_vol,sideways_volatile
2024-07-21 16:00:00,67164.0,67713.0,65777.0,67422.02,9311.54907,1721591999999,622764062.6795163,484404.0,4940.64454,330542035.5321697,0,0.0038416413554880346,0.003834281095632688,67067.86600000001,56.412000000011176,66957.426,82.00100000000384,65952.31749999999,133.20100000000093,64100.356799999994,177.7603999999992,,,,,0.003931461440060808,0.00977783215545642,0.010405975026656442,67713.0,63238.48,0.9349695609808435,78.69848886790113,944.172721026669,973.0526978513922,-28.879976824723144,65952.31749999999,68851.43174334982,63053.20325665016,0.7534744022887868,2843.741718,3.2744004179636956,35.771631990968146,258.0200000000041,290.9799999999959,1387.0,1936.0,0.13327479338843184,0.5305931916224118,0.4694068083775882,52.02184903483519,16,6,7,3,False,False,1,-1,high_vol,sideways_volatile
2024-07-22 00:00:00,68165.35,68474.55,67753.72,67880.01,2930.46409,1721620799999,199474469.79781,185100.0,1385.24799,94314920.8657855,0,-0.00418585163662355,-0.0041946368378554975,67502.272,235.60399999999208,67257.364,139.63200000001234,66399.929,216.25049999999464,64472.1636,185.11260000000038,,,,,0.00524704070795708,0.008776563230602257,0.010474489214084613,68474.55,63300.67,0.8850881736723683,59.6435843311603,990.7345494299079,979.1989169307383,11.535632499169651,66399.929,69033.87605727777,63765.98194272224,0.7809625569182251,3311.738491,0.8848718272785868,-12.266487907193042,285.34000000001106,309.1999999999971,126.2899999999936,720.8300000000017,0.39584922936061256,0.47270601087625,0.52729398912375,63.16405672113184,0,0,7,3,False,False,1,-1,high_vol,sideways_volatile
2024-07-22 04:00:00,67880.01,67996.01,67122.22,67236.0,2950.64733,1721635199999,199176549.4882933,257474.0,1246.96773,84178560.2249842,0,-0.009487476504496661,-0.009532769313664789,67573.474,71.20200000000477,67298.464,41.10000000000582,66562.33300000001,162.40400000000955,64632.8032,160.63960000000225,,,,,0.0062473729468051345,0.00918387763605436,0.010572033291251948,68474.55,63300.67,0.7606148577083346,57.39587987858437,929.1437044836493,969.1878744413206,-40.044169957671215,66562.33300000001,68960.03770699378,64164.62829300625,0.6404816443899434,3450.2285350000006,0.8552034452407655,-27.994197216430805,644.0099999999948,116.0,113.77999999999884,873.7899999999936,0.7370306366518266,0.4226081908609526,0.5773918091390474,87.26017419370821,4,0,7,3,False,False,1,-1,high_vol,sideways_volatile
2024-07-22 08:00:00,67236.01,67599.0,66944.1,67516.01,2471.17079,1721649599999,166306655.344988,171912.0,1193.02158,80298715.411719,0,0.004164584448807185,0.004155936568562475,67643.876,70.40200000000186,67327.66500000001,29.20100000000093,66721.88350000001,159.55049999999756,64793.8004,160.99719999999797,,,,,0.006100209221830436,0.009169796818092055,0.010571172004891466,68474.55,63409.01,0.8107723954405635,61.10279683582449,892.6372167965892,953.8777429123744,-61.2405261157852,66721.88350000001,68908.07971456034,64535.68728543968,0.6816228787496303,3283.4041320000006,0.7526246208671091,10.291399442380566,280.0,82.99000000000524,291.90999999998894,654.8999999999942,0.42754619025805846,0.4827758505513899,0.5172241494486102,69.56702494852652,8,0,7,3,False,False,1,-1,high_vol,sideways_volatile
2024-07-22 12:00:00,67516.01,67952.39,66559.97,67063.87,5487.87343,1721663999999,368711655.2263029,352885.0,2690.76986,180762638.576489,0,-0.006696781992893253,-0.006719306052889544,67572.246,-71.63000000000466,67320.05600000001,-7.60899999999674,66890.3765,168.49299999998766,64933.8376,140.03719999999885,,,,,0.006499020750825558,0.008974881177026097,0.010595931906332649,68474.55,63409.01,0.7215143893839536,55.538159518956654,817.7946157107654,926.6611174720526,-108.86650176128728,66890.3765,68550.02421048429,65230.7287895157,0.5522681708003483,3565.9267550000004,1.5389753651852558,-36.75109196530133,452.1399999999994,436.38000000000466,503.8999999999942,1392.4199999999983,0.32471524396374657,0.49031193855358285,0.5096880614464171,64.30268563974516,12,0,7,3,False,False,1,-1,high_vol,sideways_volatile
2024-07-22 16:00:00,67063.87,68250.0,66798.36,68232.07,3909.8301,1721678399999,264052175.1576796,347620.0,2022.54878,136640737.1055586,0,0.017419215443427394,0.017269240041057215,67585.59199999999,13.345999999990454,67426.12999999999,106.0739999999787,67096.18000000001,205.80350000000908,65096.496999999996,162.65939999999682,,,,,0.008549263583028134,0.009535508148256268,0.010807013019943048,68474.55,64005.57,0.9457415338623141,65.56024278670736,843.0273970171838,909.9343733810789,-66.90697636389507,67096.18000000001,68251.43525598593,65940.92474401409,0.9916186245915879,3809.606938,1.0263080059520828,68.10617285909727,1168.2000000000116,17.929999999993015,265.50999999999476,1451.6399999999994,0.8047449780937506,0.5172983808171102,0.4827016191828898,88.9092341889741,16,0,7,3,False,False,1,-1,high_vol,sideways_volatile
2024-07-25 00:00:00,65376.01,65620.0,63861.0,64093.59,9391.42907,1721879999999,605458598.3471848,413840.0,3978.34764,256499310.4465234,0,-0.01961591409691632,-0.019810859708920575,65533.116,-396.8819999999905,65785.232,-258.24199999999837,66610.1815,-166.42149999999674,65993.3244,-21.436800000010408,,,,,0.008366797564193744,0.009000213557530124,0.009036098735901204,68474.55,63861.0,0.05041453977956159,15.526800678388554,-263.0852204128896,59.862366776176735,-322.9475871890663,66610.1815,68708.08490009664,64512.27809990338,-0.09978726853774507,5130.749606,1.8304204631263776,-184.22146588440273,1282.4200000000055,243.98999999999796,232.5899999999965,1759.0,0.7290619670267229,0.42361472469705824,0.5763852753029417,44.065711077132164,0,3,7,3,False,False,1,-1,high_vol,sideways_volatile
2024-07-25 12:00:00,64096.01,65005.0,63456.7,64790.88,7825.83383,1721923199999,502606669.1155637,428376.0,3739.5827,240297959.5285101,0,0.010841238142785814,0.0107828932291731,64498.094000000005,-172.22400000000198,65281.717000000004,-114.51299999999901,66097.158,-122.2560000000085,65933.66900000001,-9.342399999994086,,,,,0.008060364277771773,0.00884509997349723,0.009002937382329124,68256.0,63456.7,0.2779947075615193,32.5660978811176,-482.81207570243714,-190.24705007265294,-292.5650256297842,66097.158,68480.50556570037,63713.81043429963,0.22595730081522122,4838.808069000001,1.6173061048104982,84.84172821689958,694.8699999999953,214.12000000000262,639.310000000005,1548.300000000003,0.4487954530775651,0.4778510228091567,0.5221489771908433,54.73870379892797,12,3,7,3,False,False,1,-1,high_vol,sideways_volatile
2024-07-25 16:00:00,64790.89,65187.82,64388.46,64692.01,5638.02977,1721937599999,365751570.6815042,338760.0,2867.77845,186049957.3346049,0,-0.001525986373390742,-0.0015271518764420477,64361.295999999995,-136.79800000000978,65145.647,-136.07000000000698,65955.958,-141.1999999999971,65933.0346,-0.6344000000099186,,,,,0.007968621551622422,0.008733507977559861,0.008929874996227428,68256.0,63456.7,0.2573937865938791,30.619473521746556,-493.4945084475039,-250.89654174762313,-242.59796669988077,65955.958,68319.90620470095,63592.00979529904,0.23266165530054722,5159.351892000001,1.0927786838386095,-8.60355660179134,98.87999999999738,396.9300000000003,303.5500000000029,799.3600000000006,0.1236989591673305,0.5086490435469978,0.49135095645300225,60.08481931091329,16,3,7,3,False,False,1,-1,high_vol,sideways_volatile
2024-07-28 04:00:00,67940.94,68024.18,67066.66,67560.86,2398.3193,1722153599999,161825841.2438338,144221.0,1154.17117,77866807.3842061,0,-0.00559441691645457,-0.005610124276512296,68097.662,-129.80400000000373,68043.086,0.08499999999185093,66842.59349999999,109.24299999998766,66822.7636,18.01720000000205,64441.1957,101.58849999999074,,,0.005610397331373502,0.00870873762644508,0.007727984010261648,69399.99,63456.7,0.6905535486237417,67.2537081201414,539.6818669136119,483.8011715710879,55.88069534252401,66842.59349999999,70041.71907470745,63643.467925292534,0.6122598165071546,4213.39472,0.5692130596299793,-13.417198062979484,380.08000000000175,83.23999999999069,494.1999999999971,957.5199999999895,0.39694210042610695,0.481241663693404,0.5187583363065961,60.13419480883967,4,6,7,3,False,False,1,-1,high_vol,sideways_volatile
2024-08-10 08:00:00,60842.01,61116.65,60601.96,60920.88,1618.24524,1723291199999,98486572.3650171,135739.0,797.61068,48550994.8767679,0,0.0012964728312678808,0.0012956331360497741,60744.026,222.13000000000466,60809.354999999996,150.63700000000244,58918.6,202.94400000000314,58664.0056,-73.76600000000326,62602.6099,-47.31120000000374,,,0.014911794114192935,0.016591961767614283,0.02050304008644135,62745.14,54558.62,0.7771629459159688,72.90615384615388,853.6356780487622,589.4225518597025,264.2131261890597,58918.6,63389.62314369471,54447.576856305284,0.7239174273592975,4788.618617,0.33793571161735303,2.0980109879885713,78.86999999999534,195.77000000000407,240.0500000000029,514.6900000000023,0.15323787134002018,0.4928861585899057,0.5071138414100943,83.88036414060456,8,5,8,3,False,False,1,-1,high_vol,sideways_volatile
2024-08-10 12:00:00,60920.88,60949.99,60400.0,60515.89,1529.47703,1723305599999,92750774.8861554,125762.0,684.31607,41496163.033965,0,-0.006647802855113016,-0.006669997916796489,60710.92,-33.10599999999977,60692.344999999994,-117.01000000000204,59098.349,179.74900000000343,58591.042,-72.9635999999955,62554.00880000001,-48.601099999992584,,,0.008274979909172822,0.01674230909836449,0.020501645342426586,62745.14,54558.62,0.727692597098645,69.06961580670495,823.6087263813533,636.2597867640327,187.34893961732064,59098.349,63519.996792809834,54676.70120719017,0.6602955579484532,3813.8766490000003,0.40102949590701353,-10.167661766863777,404.98999999999796,29.110000000000582,115.88999999999942,549.989999999998,0.7363588428880515,0.44741833749539867,0.5525816625046014,82.22549115366577,12,5,8,3,False,False,1,-1,high_vol,sideways_volatile
2024-08-10 16:00:00,60515.9,61196.63,60400.0,61016.45,1789.44845,1723319999999,108869756.8610919,141344.0,976.89082,59437981.7703258,0,0.008271546531001928,0.008237524769632645,60746.612,35.692000000002736,60658.15099999999,-34.19400000000314,59301.00249999999,202.6534999999858,58518.1708,-72.87120000000141,62523.23739999999,-30.77140000001964,,,0.008750750843653284,0.016768840313746453,0.020506480686624372,62745.14,54558.62,0.7888370149953823,70.3413841612015,830.6281947173484,675.1334683546959,155.4947263626525,59301.00249999999,63681.98421433562,54920.020785664354,0.6957834581215723,3455.464481,0.517860467048453,14.801506119004276,500.54999999999563,180.1800000000003,115.90000000000146,796.6299999999974,0.6283343584851151,0.5459172741187375,0.45408272588126253,78.98746678061612,16,5,8,3,False,False,1,-1,high_vol,sideways_volatile
2024-08-10 20:00:00,61016.44,61160.0,60757.39,60923.51,1039.47144,1723334399999,63390082.174579,86467.0,473.79729,28895665.056849,0,-0.0015231957939210172,-0.0015243570359834778,60843.746,97.1339999999982,60664.145,5.994000000006054,59542.452999999994,241.4505000000063,58468.3208,-49.849999999998545,62491.1325,-32.104899999991176,,,0.008360260813053213,0.016229858614130885,0.020336415319035753,62745.14,54558.62,0.7774842057430998,60.575938445871465,819.2479127046099,703.9563572246788,115.29155547993116,59542.452999999994,63706.24831165409,55378.6576883459,0.6658411252991413,3111.858712,0.33403555116161715,-1.5833185253090232,92.93000000000029,143.55999999999767,166.12000000000262,402.6100000000006,0.23081890663421215,0.45580597192742495,0.5441940280725751,83.18362263036299,20,5,8,3,False,False,1,-1,high_vol,sideways_volatile
2024-08-11 00:00:00,60923.51,61382.73,60892.0,61085.01,1397.39336,1723348799999,85444914.8041661,117796.0,710.92156,43468174.0780683,0,0.002650864994482527,0.002647357648838921,60892.348,48.60199999999895,60707.121999999996,42.97699999999895,59858.74249999999,316.28949999999895,58437.3496,-30.971199999999953,62461.0226,-30.10990000000311,,,0.008293838060587016,0.014840735542439013,0.020270191830969224,62745.14,54558.62,0.7972117578653691,61.5714764663669,813.8787696723521,725.9408397142134,87.93792995813862,59858.74249999999,63408.42128004637,56309.063719953614,0.6727293617232581,2827.7529609999997,0.4941709474882237,3.7043011415463196,161.5,297.72000000000116,31.510000000002037,490.7300000000032,0.3291015425997981,0.5087483455624836,0.49125165443751645,84.2969512893635,0,6,8,3,False,False,1,-1,high_vol,sideways_volatile
2024-08-11 04:00:00,61085.01,61271.43,60881.36,61257.0,1213.74092,1723363199999,74144301.7124173,103991.0,579.3025,35391968.4388195,0,0.0028155843798667313,0.002811628046686765,60959.572,67.22400000000198,60851.799,144.67700000000332,60164.8845,306.1420000000071,58432.523,-4.826600000000326,62425.6838,-35.33879999999772,,,0.006499529959567001,0.01485005070208747,0.02011004772438001,62745.14,54730.0,0.814333873145073,45.809572371055886,814.1172043944098,743.5761126502528,70.54109174415703,60164.8845,62978.76094590536,57351.008054094644,0.6940588936641486,2073.4896870000002,0.5853614453014638,3.4173899755570756,171.98999999999796,14.430000000000291,203.65000000000146,390.0699999999997,0.44092086035839234,0.4772867837396469,0.5227132162603532,85.67808688529675,4,6,8,3,False,False,1,-1,high_vol,sideways_volatile
2024-08-11 08:00:00,61257.0,61858.0,60425.0,60669.15,3535.80151,1723377599999,216059840.9717016,248119.0,1646.97326,100671816.9959197,0,-0.00959645428277578,-0.009642796972163586,60990.224,30.652000000001863,60850.572,-1.2269999999989523,60345.855,180.97050000000309,58407.9862,-24.536800000001676,62385.4552,-40.22860000000219,,,0.005946951571292187,0.013482747286571358,0.020134890286137803,62745.14,56670.47,0.6582546870858831,43.593161477912,758.1323061920848,746.4873513586192,11.64495483346559,60345.855,62752.21412366006,57939.49587633995,0.5671751354195771,2047.609092,1.726795179711968,-33.93115754368456,587.8499999999985,601.0,244.15000000000146,1433.0,0.4102233077459864,0.4657991279606643,0.5342008720393356,70.1733395662247,8,6,8,3,False,False,1,-1,high_vol,sideways_volatile
2024-08-11 12:00:00,60669.14,60761.09,59941.0,60127.29,4006.7116,1723391999999,241836625.8277246,255204.0,2007.04165,121160493.6013825,0,-0.008931392643542924,-0.008971516618134659,60812.39200000001,-177.83199999999488,60779.502,-71.06999999999971,60492.545000000006,146.69000000000233,58377.2918,-30.694400000000314,62328.728599999995,-56.72660000000178,,,0.00648123821212342,0.013752053823638685,0.020166731977213796,62745.14,56700.0,0.5669496488087954,43.215234851584405,662.4045106638587,729.6707832196671,-67.26627255580843,60492.545000000006,62394.631751361834,58590.45824863818,0.4039857147055741,2014.8853599999998,1.9885556168813499,-35.7855145090381,541.8499999999985,91.94999999999709,186.29000000000087,820.0899999999965,0.6607201648599554,0.5009199189679636,0.4990800810320364,63.69412762326093,12,6,8,3,False,False,1,-1,high_vol,sideways_volatile
2024-08-11 16:00:00,60127.29,60350.0,59542.57,59621.11,2598.58022,1723406399999,155856067.9028643,194291.0,1155.26638,69304037.2875514,0,-0.008418473541714544,-0.008454109028642997,60551.912,-260.4800000000105,60697.829000000005,-81.67299999999523,60607.575,115.02999999999156,58331.3264,-45.965400000000955,62254.5196,-74.20899999999529,,,0.006675611149709724,0.013971227014582635,0.0201882887306557,62745.14,56700.0,0.48321626959838826,40.96645078557538,539.4763003706539,691.6318866498644,-152.15558627921052,60607.575,61873.994856055426,59341.15514394457,0.11053003264155198,1988.1358559999996,1.3070435866632246,-21.87607882809276,506.1800000000003,222.70999999999913,78.54000000000087,807.4300000000003,0.6269026417150714,0.44457599234708256,0.5554240076529174,74.76813627096723,16,6,8,3,False,False,1,-1,high_vol,sideways_volatile
2024-08-11 20:00:00,59621.11,59674.38,58286.73,58712.59,6437.61751,1723420799999,378739746.9379035,400068.0,2995.23986,176168966.5533322,0,-0.015238226862935078,-0.015355521744791392,60077.428,-474.48399999999674,60484.888,-212.94100000000617,60571.803,-35.771999999997206,58287.998199999995,-43.32820000000356,62172.7399,-81.77969999999914,,,0.007316233449232308,0.011850356218736107,0.02016380009301812,62745.14,58286.73,0.09551835744132856,40.516886859939035,364.542616518469,626.2140326235854,-261.67141610511635,60571.803,62007.600263919536,59136.005736080464,-0.1474496945775613,2516.648728,2.5580119459564084,-98.09787607418323,908.5200000000041,53.2699999999968,425.8599999999933,1387.6499999999942,0.6547184088206737,0.46527148519577083,0.5347285148042291,62.14535103686208,20,6,8,3,False,False,1,-1,high_vol,sideways_volatile
2024-08-12 00:00:00,58712.59,59088.33,58100.06,58509.5,4095.99147,1723435199999,239778759.0320345,277984.0,2097.91882,122845354.2726059,0,-0.0034590536714527165,-0.003465050029413023,59527.928,-549.5,60243.75,-241.137999999999,60526.552500000005,-45.250499999994645,58253.26819999999,-34.7300000000032,62084.6149,-88.125,,,0.007119410793612441,0.011867895433969069,0.020118288248688485,62745.14,58100.06,0.0881448758686615,28.7866949000242,207.13106801299,542.3974397014663,-335.2663716884763,60526.552500000005,62159.43853982929,58893.66646017072,-0.117634192099189,2764.423351,1.4816802457258653,-14.168254332542508,203.0899999999965,375.74000000000524,409.4400000000023,988.2700000000041,0.20550052111264702,0.5121882785561562,0.48781172144384377,67.86732883503784,0,0,8,3,False,False,1,-1,high_vol,sideways_volatile
2024-08-12 08:00:00,58674.62,59990.0,58125.75,59851.7,6603.96568,1723463999999,389537350.7900282,389648.0,3389.32656,200016439.0924933,0,0.020061317834068282,0.01986274101291039,59073.902,-55.117999999994936,59943.14700000001,-116.47499999998399,60300.649,-75.3344999999972,58195.1346,-17.666000000004715,61914.3779,-81.38300000000163,,,0.009883697165680523,0.009112113132689077,0.020300457891532443,61858.0,57642.21,0.5240986861300011,45.036682518392055,99.27964465953846,382.1284714287086,-282.84882676917016,60300.649,61986.08038576539,58615.21761423461,0.3668148096114506,3543.050995,1.8639205840727675,132.48425447175887,1177.0799999999945,138.3000000000029,548.8700000000026,1864.25,0.6313960037548583,0.5132259500173538,0.48677404998264623,59.00212370576705,8,0,8,3,False,False,1,-1,high_vol,sideways_volatile
2024-08-12 12:00:00,59851.71,60711.09,57800.0,60207.37,12079.0591,1723478399999,718030495.8079394,665528.0,6032.43337,358689036.3350427,0,0.005942521265060341,0.005924934125805523,59191.154,117.25200000000041,59871.53300000001,-71.6140000000014,60267.839,-32.80999999999767,58191.8022,-3.332399999999325,61837.37170000001,-77.0061999999889,62732.8647,,0.010190974156727317,0.009095257668470726,0.02030010641556755,61858.0,57642.21,0.608464842888285,44.581582349053924,130.176496391643,331.7380764212955,-201.56158002965248,60267.839,61932.55114765952,58603.12685234048,0.4818380012169032,4647.009760999999,2.5993186417152443,71.78006556367063,355.6600000000035,503.7199999999939,2051.709999999999,2911.0899999999965,0.12217416843862743,0.4994125221226875,0.5005874778773125,55.09766898979739,12,0,8,3,False,False,1,-1,high_vol,sideways_volatile
2024-08-12 16:00:00,60207.38,60420.34,58440.54,59043.98,5640.99625,1723492799999,334952224.4882256,362015.0,2572.90709,152824189.642105,0,-0.019323049653223512,-0.019512180126330894,59257.43199999999,66.27799999999115,59667.43000000001,-204.1030000000028,60187.276,-80.56300000000192,58154.7618,-37.040399999998044,61749.8315,-87.54020000001037,62735.6246,2.7599000000045635,0.011560875677725535,0.010012597245350382,0.020445972034977066,61858.0,57642.21,0.33250470255871467,36.47910741505951,60.0938987869813,277.4092408944327,-217.3153421074514,60187.276,61927.29774317235,58447.25425682765,0.1714707719928904,5071.3700499999995,1.1123219552870138,-109.00125063239763,1163.3999999999942,212.95999999999913,603.4400000000023,1979.7999999999956,0.5876351146580446,0.4561086332932769,0.5438913667067231,64.17572073372678,16,0,8,3,False,False,1,-1,high_vol,sideways_volatile
2024-08-12 20:00:00,59043.99,59745.99,58555.26,59346.64,4088.66869,1723507199999,241703000.2861608,291489.0,1989.51629,117651122.9935541,0,0.005126009459389458,0.005112916197960723,59424.86,167.42800000000716,59476.39400000001,-191.03600000000006,60164.09650000001,-23.179499999991094,58159.97440000001,5.212600000006205,61662.931099999994,-86.9004000000059,62743.859350000006,8.23475000000326,0.011719396966412152,0.009647151557728951,0.020015865205998004,61858.0,57642.21,0.4042967035834327,41.450863577936964,28.644867629060172,227.65636624135817,-199.011498612298,60164.09650000001,61937.3016759372,58390.89132406282,0.2694974865026665,5358.862827,0.7629731944993486,20.958554381249503,302.65000000000146,399.34999999999854,488.7299999999959,1190.729999999996,0.25417181056998855,0.48659268843815273,0.5134073115618473,71.29190993462471,20,0,8,3,False,False,1,-1,high_vol,sideways_volatile
2024-08-13 00:00:00,59346.64,59923.28,58846.95,59040.0,4305.36618,1723521599999,255753814.0837489,298296.0,2137.85603,127021313.5974663,0,-0.005166931101743932,-0.0051803258499982935,59497.938,73.07800000000134,59313.47900000001,-162.91500000000087,60082.0255,-82.07100000000355,58155.6212,-4.3532000000050175,61571.232299999996,-91.6987999999983,62752.0992,8.239849999990838,0.011528793791568247,0.009031345893217383,0.020026852156261887,61858.0,57642.21,0.3315606327639661,35.12715046602523,-20.7824344762048,177.9686060978456,-198.7510405740504,60082.0255,61905.64106357864,58258.40993642137,0.21429682856096355,5435.819293999999,0.7920362961204797,-22.245530419838467,306.6399999999994,576.6399999999994,193.0500000000029,1076.3300000000017,0.28489403807382396,0.4965561442673849,0.5034438557326151,69.2846990311054,0,1,8,3,False,False,1,-1,high_vol,sideways_volatile
2024-08-13 04:00:00,59040.0,59476.0,58830.23,59238.05,2580.7308,1723535999999,152789029.7332009,164418.0,1299.35204,76929374.5652233,0,0.0033545054200543323,0.0033488916175983836,59375.208,-122.7300000000032,59224.55499999999,-88.92400000001362,60002.02849999999,-79.9970000000103,58177.1622,21.54099999999744,61475.1728,-96.05949999999575,62759.6602,7.561000000001513,0.011440334808855803,0.009050635701798291,0.019849668213250637,61858.0,57642.21,0.3785387792086426,37.514371221998346,-43.47183145923191,133.68051858643008,-177.152350045662,60002.02849999999,61826.38402322685,58177.67297677314,0.2906168807906772,5293.221214,0.48755392900909655,8.657075456301152,198.0500000000029,237.9499999999971,209.7699999999968,645.7699999999968,0.3066881397401612,0.503482207442946,0.49651779255705397,63.709860788269744,4,1,8,3,False,False,1,-1,high_vol,sideways_volatile
2024-08-13 08:00:00,59238.05,59331.99,58392.88,58830.0,3375.9081,1723550399999,198691254.7670991,211776.0,1540.42399,90685554.0582535,0,-0.006888309118885605,-0.006912143033450731,59099.734,-275.474000000002,59145.443999999996,-79.11099999999715,59921.6365,-80.39199999999255,58275.9448,98.78259999999864,61381.012800000004,-94.15999999999622,62765.970199999996,6.309999999997672,0.011346323001894323,0.009060455100068284,0.016782143212861707,61858.0,57642.21,0.28174790490038654,33.883921871314925,-93.30401620137854,88.28361162886836,-181.5876278302469,59921.6365,61805.851191916394,58037.42180808361,0.21032056360580623,5370.954002,0.6285490619995818,-23.254298549749777,408.0500000000029,93.93999999999505,437.1200000000026,939.1100000000006,0.4345071397386916,0.45629914807218835,0.5437008519278117,62.731565471228315,8,1,8,3,False,False,1,-1,high_vol,sideways_volatile
2024-08-13 12:00:00,58830.01,59776.7,58709.57,59472.26,5686.11926,1723564799999,336830592.7350428,391823.0,2725.57762,161467453.4466312,0,0.01091721910589838,0.0108580564741947,59185.39,85.65600000000268,59221.411,75.96700000000419,59853.1495,-68.48700000000099,58411.9062,135.96140000000014,61296.7704,-84.24240000000282,62772.373999999996,6.403800000000047,0.010770432990840864,0.009303042110990034,0.01645073492129226,61858.0,57642.21,0.43409420298449464,38.048221235880135,-80.04861659820017,54.617165983454655,-134.6657825816548,59853.1495,61695.62036147635,58010.67863852365,0.3966362215099578,5295.804177,1.0737027031126194,62.076609823688756,642.25,304.43999999999505,120.44000000000233,1067.1299999999974,0.6018479472978939,0.4793388065518696,0.5206611934481304,68.90868483120771,12,1,8,3,False,False,1,-1,high_vol,sideways_volatile
2024-08-13 16:00:00,59472.25,61578.1,59446.22,60820.15,9342.46623,1723579199999,568238748.9782553,478669.0,4709.18795,286329583.5119903,0,0.02266417990505154,0.022411163189600267,59480.092000000004,294.7020000000048,59452.476,231.06500000000233,59848.113,-5.036500000001979,58601.5092,189.6030000000028,61225.562399999995,-71.208000000006,62782.5848,10.210800000000745,0.012505730803845658,0.010712536681003597,0.01618823101644625,61858.0,57642.21,0.7538183827942098,50.91777021951118,38.77289154216123,51.448311095195976,-12.675419553034743,59848.113,61678.807655492084,58017.41834450791,0.7654831042096211,5820.451653,1.6051101850806835,211.73933539358862,1347.9000000000015,757.9499999999971,26.029999999998836,2131.8799999999974,0.6322588513424785,0.5040626140962781,0.49593738590372194,51.23582876467085,16,1,8,3,False,False,1,-1,high_vol,sideways_volatile
2024-08-13 20:00:00,60820.16,61138.87,60389.75,60587.15,2568.36794,1723593599999,155944456.5503716,168503.0,1234.82578,74964545.0498211,0,-0.0038309672041255682,-0.0038383241544862603,59789.522,309.429999999993,59643.73,191.25400000000081,59851.676,3.563000000001921,58726.8304,125.3211999999985,61155.825300000004,-69.73709999999119,62798.5105,15.925699999999779,0.012747100064022606,0.010639193855472006,0.014173289244101451,61858.0,57642.21,0.6985499752122382,52.904036576740424,112.83791482543165,63.72623184124311,49.11168298418854,59851.676,61688.11130810642,58015.24069189358,0.7002450063864113,5627.164823000001,0.456423087076154,-9.839333346267546,233.01000000000204,318.7099999999991,197.40000000000146,749.1200000000026,0.3110449594190533,0.480782274520994,0.519217725479006,65.60703292379517,20,1,8,3,False,False,1,-1,high_vol,sideways_volatile
2024-08-14 00:00:00,60587.16,61302.88,60425.01,60952.83,2371.7811,1723607999999,144206913.2895696,153065.0,1143.72627,69553366.1053219,0,0.006035603259106903,0.006017461964929008,60132.478,342.9560000000056,59753.84299999999,110.11299999999028,59848.49500000001,-3.180999999989581,58876.4852,149.6548000000039,61086.9936,-68.83170000000246,62816.3846,17.874100000000908,0.011396218542547801,0.010560401530074004,0.013942814963924747,61858.0,57642.21,0.7852905386653515,58.561803242854026,198.7512189382469,90.73122926064387,108.01998967760302,59848.49500000001,61676.636928701024,58020.353071298996,0.8020375449691363,5203.946365000001,0.4557658618374326,14.315129737048156,365.66999999999825,350.04999999999563,162.15000000000146,877.8699999999953,0.41654231264310226,0.48222252466722165,0.5177774753327784,64.53588824027646,0,2,8,3,False,False,1,-1,high_vol,sideways_volatile
2024-08-14 04:00:00,60952.83,61162.2,60637.3,60914.02,1820.0908,1723622399999,110821040.1988676,127347.0,939.77251,57227332.594443,0,-0.0006367218716506473,-0.0006369246651081554,60549.28199999999,416.8039999999892,59824.507999999994,70.66500000000087,59848.020500000006,-0.4745000000038999,59014.38940000001,137.9042000000045,61019.6838,-67.30980000000272,62834.255249999995,17.870649999997113,0.011325516142911123,0.010555528143260714,0.013907604841396685,61858.0,57642.21,0.7760846721492287,65.93532434103184,260.7012866170844,124.72524073193199,135.97604588515242,59848.020500000006,61674.992144518226,58021.048855481786,0.7917394758693967,4178.049535,0.4356316948262319,-1.1588916207501239,38.81000000000495,209.36999999999534,276.7199999999939,524.8999999999942,0.07393789293199729,0.516332762079782,0.48366723792021804,69.96738844018113,4,2,8,3,False,False,1,-1,high_vol,sideways_volatile
2024-08-14 08:00:00,60914.02,61453.0,60640.4,61296.87,3475.66893,1723636799999,212173711.4800405,237128.0,1680.14743,102581398.7612519,0,0.006285088391802196,0.006265419594156457,60914.204000000005,364.9220000000132,60049.797,225.2890000000043,59858.6135,10.59299999999348,59127.012200000005,112.62279999999737,60951.5325,-68.15129999999772,62856.16955,21.914300000004005,0.008769913477410124,0.01063373986474011,0.013322461635363452,61858.0,57642.21,0.8668980191138559,69.66495699964017,336.80745033564017,167.14168265267364,169.66576768296653,59858.6135,61717.95397274039,57999.27302725961,0.886765232373022,3961.516803,0.8773581188316368,21.84488644569056,382.8500000000058,156.12999999999738,273.61999999999534,812.5999999999985,0.47114201329067995,0.48340260935036755,0.5165973906496324,68.22514018905707,8,2,8,3,False,False,1,-1,high_vol,sideways_volatile
2024-08-14 12:00:00,61296.88,61800.0,58823.52,59435.69,13499.00032,1723651199999,810052824.9869606,701471.0,6223.82647,373636867.3851949,0,-0.030363377444884265,-0.030833893593343455,60637.312,-276.8920000000071,60058.702000000005,8.905000000006112,59767.54800000001,-91.0654999999897,59195.726200000005,68.71399999999994,60863.390600000006,-88.14189999999508,62867.8133,11.64375000000291,0.013866966502668249,0.012612570298247734,0.014071916764878905,61858.0,57642.21,0.42541967223225136,54.33257962341829,244.12632560988277,182.5386112441155,61.58771436576728,59767.54800000001,61513.4586625197,58021.63733748032,0.40496134563922304,4902.5499660000005,2.7534651178708653,-409.8752418447734,1861.189999999995,503.1200000000026,612.1700000000055,2976.480000000003,0.6252990109122162,0.46105832450265477,0.5389416754973453,51.964662817342614,12,2,8,3,False,False,1,-1,high_vol,sideways_volatile
2024-08-14 16:00:00,59435.69,59462.61,58615.06,58891.13,4924.68347,1723665599999,290924500.9743098,346195.0,2231.04846,131813598.7385576,0,-0.009162171752359671,-0.009204402596719664,60298.10799999999,-339.2040000000052,60043.815,-14.887000000002445,59678.647,-88.90100000001257,59269.348600000005,73.6224000000002,60758.82519999999,-104.56540000001405,62876.25125,8.437949999999546,0.01409562908834004,0.012598140362693768,0.013978585066788906,61800.0,57642.21,0.3003807311095553,44.10743139537882,125.29015865255496,171.0889207258034,-45.79876207324844,59678.647,61412.28472002686,57945.009279973136,0.27287152012711235,4964.481695,0.9919834078469695,-45.12079577814661,544.560000000005,26.919999999998254,276.0699999999997,847.5500000000029,0.6425107663264741,0.4530338799622385,0.5469661200377616,70.29791906605523,16,2,8,3,False,False,1,-1,high_vol,sideways_volatile
2024-08-14 20:00:00,58891.13,59183.99,58433.18,58683.39,2331.53864,1723679999999,137285272.5761168,164136.0,1045.37506,61574337.7793473,0,-0.0035275261316941586,-0.0035337625223390563,59844.219999999994,-453.887999999999,59988.34900000001,-55.46599999999307,59606.452000000005,-72.19499999999243,59314.8966,45.54799999999523,60650.37899999999,-108.4461999999985,62878.59819999999,2.3469499999919208,0.014072821479307478,0.012485797649156154,0.013683749510244458,61800.0,57642.21,0.2504166877115006,40.478409948567744,14.185239712736802,139.7081845231901,-125.52294481045331,59606.452000000005,61381.195117336014,57831.708882663996,0.23994489935377966,4939.562478999999,0.47201318940944215,-8.22456347965466,207.73999999999796,292.8600000000006,250.20999999999913,750.8099999999977,0.2766878437953658,0.4483627429824624,0.5516372570175376,70.39814703649947,20,2,8,3,False,False,1,-1,high_vol,sideways_volatile
2024-08-15 00:00:00,58683.39,59044.44,58010.0,58442.98,5000.29248,1723694399999,292424253.1097565,355908.0,2149.85413,125766869.2978767,0,-0.004096729926474918,-0.0041051445139112155,59350.012,-494.20799999999144,59949.64700000001,-38.7019999999975,59547.54550000001,-58.90649999999732,59348.4466,33.55000000000291,60539.0087,-111.37029999999504,62882.93305,4.334850000006554,0.01396703828025879,0.01239023957016081,0.013678128385366391,61800.0,57642.21,0.19259510461086393,45.75551782682514,-92.20243455307354,93.32606070793739,-185.52849526101093,59547.54550000001,61396.88052145472,57698.2104785453,0.20136143879135018,5102.000916999999,0.9800649904508829,-20.484847843943484,240.40999999999622,361.0500000000029,432.9800000000032,1034.4400000000023,0.2324059394454929,0.42994567589774274,0.5700543241022573,71.17743640468007,0,3,8,3,False,False,1,-1,high_vol,sideways_volatile
2024-08-15 04:00:00,58442.99,58639.0,57713.88,58060.37,4142.71713,1723708799999,240958516.6493014,244992.0,1826.80589,106262877.1679147,0,-0.006546722976822905,-0.0065682467592810346,58702.712,-647.3000000000029,59808.458000000006,-141.18900000000576,59514.934499999996,-32.6110000000117,59389.213800000005,40.76720000000205,60438.572400000005,-100.43629999999393,62883.789399999994,0.8563499999945634,0.013453275976876507,0.012008303220901163,0.013574516362442331,61800.0,57642.21,0.10057265999485385,41.01732886575336,-205.02545644734346,33.65575727688122,-238.68121372422468,59514.934499999996,61447.39738651771,57582.47161348228,0.12365008141990537,4947.660704,0.8373082508771806,-27.12122142144884,382.61999999999534,196.01000000000204,346.49000000000524,925.1200000000026,0.41358958837771775,0.4409680489094847,0.5590319510905153,59.13799864003749,4,3,8,3,False,False,1,-1,high_vol,sideways_volatile
2024-08-15 08:00:00,58060.36,58872.85,57964.85,58745.36,3345.64247,1723723199999,195396501.1148061,209252.0,1775.33577,103709906.9185997,0,0.011797892435063684,0.011728839887824251,58564.64599999999,-138.06600000000617,59600.97900000001,-207.47899999999936,59526.7275,11.793000000005122,59426.88100000001,37.667200000003504,60352.9955,-85.5769000000073,62888.4462,4.656800000004296,0.011509699380817735,0.012291022560326218,0.01351372606649297,61800.0,57642.21,0.2653212403704856,48.04565618831321,-236.44001255882176,-20.36339669025938,-216.07661586856239,59526.7275,61436.09640743236,57617.358592567645,0.2953859264811344,4347.978328,0.7694708247405044,39.47152998724078,685.0,127.48999999999796,95.51000000000204,908.0,0.7544052863436124,0.5306412104458968,0.4693587895541032,62.544638847796556,8,3,8,3,False,False,1,-1,high_vol,sideways_volatile
2024-08-15 12:00:00,58745.36,59787.37,58532.42,59682.84,7723.07742,1723737599999,457766789.751656,576341.0,3794.96524,224894908.2573158,0,0.015958366754412534,0.01583237071276053,58722.988,158.3420000000042,59510.547999999995,-90.43100000001141,59577.139,50.41150000000198,59482.1196,55.238599999989674,60281.977,-71.01849999999831,62896.008799999996,7.562599999997474,0.013029189816887358,0.012775832240685157,0.013684084320571159,61800.0,57713.88,0.4818654371384095,52.686737919978306,-183.57335409850202,-53.00538817190791,-130.56796592659413,59577.139,61444.55862185284,57709.719378147165,0.5283013519733497,4863.449276,1.5879835445414439,123.24770194108213,937.4799999999959,104.53000000000611,212.94000000000233,1254.9500000000044,0.7470257779194331,0.49137992973790495,0.5086200702620951,74.62582189160548,12,3,8,3,False,False,1,-1,high_vol,sideways_volatile
2024-08-19 20:00:00,58967.54,59617.63,58914.0,59438.5,3202.86569,1724111999999,189610229.0069684,209244.0,1700.73696,100689340.3199084,0,0.007986937896160784,0.007955211128867183,58768.882,140.32999999999447,59060.498999999996,-13.488999999994121,59198.5285,68.37199999999575,59168.7546,-13.775800000003073,58773.0232,-22.235099999998056,62445.1913,-26.427550000000338,0.008828833495177008,0.00945642676890483,0.012254536994357778,60284.99,57787.3,0.6610908479434999,50.59525356455175,-62.56295336805488,-46.85556837675169,-15.707384991303186,59198.5285,60179.42574239542,58217.63125760458,0.6223224460362294,3207.212722,0.9986446075216086,25.581089355774157,470.9599999999991,179.12999999999738,53.54000000000087,703.6299999999974,0.6693290507795303,0.5310047702936928,0.4689952297063072,65.3302449282536,20,0,8,3,False,False,1,-1,high_vol,sideways_volatile
2024-08-20 12:00:00,60518.83,60955.99,58680.01,58825.53,10444.8448,1724169599999,624127832.7058527,543466.0,4845.30857,289614371.0983311,0,-0.027979560738295994,-0.028378446695763674,60065.272,-28.400000000001455,59346.912,39.817999999992026,59394.70349999999,-21.123500000001513,59276.1556,3.0183999999935622,58744.47810000001,-18.724599999994098,62358.59635,-29.21234999999433,0.012525318028716906,0.010242619681997519,0.013001483276130278,61400.0,57787.3,0.2873833974589633,44.89366176603131,176.66081634844886,90.85110735397353,85.80970899447533,59394.70349999999,60869.78944463329,57919.61755536669,0.3070710720040503,4813.121741,2.1700770024217015,-292.24216948367507,1693.300000000003,437.1599999999962,145.5199999999968,2275.979999999996,0.7439872055114746,0.4638947406858549,0.5361052593141451,52.0319842378127,12,1,8,3,False,False,1,-1,high_vol,sideways_volatile
2024-08-20 16:00:00,58825.53,59597.28,58548.23,59511.99,3678.04238,1724183999999,217193188.5022327,278323.0,1910.42465,112850006.6004089,0,0.01166942312291952,0.011601860508094211,60079.969999999994,14.697999999996682,59424.426,77.51400000000285,59413.447,18.74350000001141,59269.36140000001,-6.79419999998936,58732.248,-12.230100000007951,62332.3663,-26.2300499999983,0.012937637054413104,0.01057591055568621,0.012791470702480318,61400.0,57787.3,0.47739640711932807,46.61304192519876,161.3899189504009,104.95886967325902,56.43104927714188,59413.447,60884.27230158912,57942.62169841088,0.5334992197555786,4682.2300319999995,0.7855321833534386,42.92063279624994,686.4599999999991,85.29000000000087,277.29999999999563,1049.0499999999956,0.6543634717125036,0.5194134413426742,0.48058655865732575,75.6715043615131,16,1,8,3,False,False,1,-1,high_vol,sideways_volatile
2024-08-20 20:00:00,59512.0,59722.72,58802.35,59013.8,2477.4982,1724198399999,146885695.2418118,192572.0,1091.41058,64727936.7014734,0,-0.008371254263216499,-0.008406489994827985,59758.89399999999,-321.07600000000093,59475.587,51.16100000000006,59394.731499999994,-18.715500000005704,59245.49,-23.871400000010908,58718.646100000005,-13.601899999994203,62309.744699999996,-22.621600000005856,0.013211064445963306,0.010708034364345762,0.012815160129742369,61400.0,57787.3,0.3394967752650375,44.61691784213242,107.84468686986656,105.53603311258053,2.308653757286038,59394.731499999994,60876.400113724674,57913.062886275315,0.37145185621419413,4722.216649,0.5246472968419709,-20.7397673688612,498.1999999999971,210.72000000000116,211.45000000000437,920.3700000000026,0.5413040407662089,0.4405293129980881,0.5594706870019118,77.72841166948174,20,1,8,3,False,False,1,-1,high_vol,sideways_volatile
2024-08-21 00:00:00,59013.8,59519.99,58783.47,59320.0,2364.50372,1724212799999,139972537.9232708,179051.0,1115.32735,66044182.570211,0,0.0051886168997759,0.005175202408870972,59438.028000000006,-320.86599999998725,59567.89199999999,92.30499999999302,59387.072,-7.659499999994296,59251.0104,5.520400000001246,58702.8861,-15.760000000002037,62288.5697,-21.174999999995634,0.013234277756082564,0.010772051089511818,0.012539213684734566,61400.0,57787.3,0.42425332853544395,47.58694047562835,89.0905057598211,102.24692764202865,-13.156421882207553,59387.072,60868.61668723657,57905.52731276343,0.4773641657326229,4484.261279,0.5272894626084966,12.268503961174982,306.1999999999971,199.98999999999796,230.33000000000175,736.5199999999968,0.41573888013903004,0.47169617056047597,0.528303829439524,75.72455838639999,0,2,8,3,False,False,1,-1,high_vol,sideways_volatile
2024-08-21 04:00:00,59320.0,59739.52,59183.13,59712.0,2017.26415,1724227199999,120099988.6192545,145677.0,1005.87384,59899135.7696551,0,0.00660822656776805,0.006586487955147296,59276.664000000004,-161.3640000000014,59685.16799999999,117.27599999999802,59398.072499999995,11.000499999994645,59258.317599999995,7.307199999995646,58709.14600000001,6.2599000000045635,62267.1901,-21.37960000000021,0.013327287301122573,0.010875414772945916,0.012552911591255524,61400.0,57787.3,0.5327594320037641,58.97298709353868,104.65243787293002,102.72802968820893,1.9244081847210879,59398.072499999995,60886.15001883391,57909.99498116608,0.6054808959972744,4223.155717,0.47766748023987204,13.330538550236032,392.0,27.5199999999968,136.87000000000262,556.3899999999994,0.7045417782490706,0.4986326852633553,0.5013673147366446,72.2151335510523,4,2,8,3,False,False,1,-1,high_vol,sideways_volatile
2024-08-21 08:00:00,59711.99,59924.13,59085.88,59361.14,2931.20089,1724241599999,174097948.9394977,212810.0,1338.10704,79507163.0694377,0,-0.005875870846731024,-0.005893201698412453,59383.786,107.12199999999575,59724.529,39.3610000000117,59399.25850000001,1.1860000000160653,59264.7404,6.422800000007555,58710.1808,1.034799999993993,62242.370800000004,-24.819299999995565,0.013402549745300554,0.010944927453950206,0.012559496795479439,61400.0,57787.3,0.43564093337393023,54.335473673537706,87.66338254418952,99.71510025940506,-12.051717715215545,59399.25850000001,60887.17028195342,57911.3467180466,0.48719060482538573,4199.327993000001,0.6980166576381069,-17.223357855463032,350.84999999999854,212.13999999999942,275.26000000000204,838.25,0.4185505517447045,0.45650471947011456,0.5434952805298855,72.60164280313111,8,2,8,3,False,False,1,-1,high_vol,sideways_volatile
2024-08-21 12:00:00,59361.14,60201.98,58850.0,59511.8,8008.24548,1724255999999,476935067.6326866,569138.0,3983.33662,237259203.4738361,0,0.0025380240339050175,0.0025348086901706914,59383.748,-0.03800000000046566,59731.85900000001,7.330000000009022,59396.17899999999,-3.0795000000216532,59270.2154,5.474999999998545,58723.688799999996,13.507999999994354,62221.45975000001,-20.911049999995157,0.013184482642859105,0.010922654263696341,0.012555823982300044,61400.0,57787.3,0.4773438148753014,57.09415258179344,85.3723177419597,96.846543755916,-11.474226013956297,59396.17899999999,60882.82773068924,57909.53026931074,0.538886455695021,4679.8659720000005,1.711212570597951,20.325119497651222,150.6600000000035,690.1800000000003,511.1399999999994,1351.9800000000032,0.1114365597124241,0.4974044102354365,0.5025955897645635,71.06900024747993,12,2,8,3,False,False,1,-1,high_vol,sideways_volatile
2024-08-21 16:00:00,59511.79,61625.2,59375.0,61570.0,7137.29601,1724270399999,432554791.3080484,543988.0,3903.27417,236685344.2045147,0,0.034584737816701905,0.03400012670648186,59894.988,511.23999999999796,59826.941000000006,95.08199999999488,59473.47849999999,77.29950000000099,59325.015400000004,54.80000000000291,58800.4801,76.79130000000441,62208.729750000006,-12.730000000003201,0.01611896483144366,0.01331575665344639,0.013420155689944742,61625.2,57787.3,0.9856171343703595,67.49441764300484,246.79131463204249,126.8354979311413,119.95581670090118,59473.47849999999,61233.25796295669,57713.69903704329,1.0956773402951105,4754.360936,1.5012103847556937,246.84151122604263,2058.209999999999,55.19999999999709,136.79000000000087,2250.199999999997,0.9146786952270917,0.5468841651699969,0.45311583483000306,76.21765991459839,16,2,8,3,False,False,1,-1,high_vol,sideways_volatile
2024-08-21 20:00:00,61570.0,61820.93,60902.13,61156.03,5525.13195,1724284799999,338869220.6732966,330861.0,2810.99082,172434692.3118002,0,-0.0067235666720806275,-0.006746271676111345,60262.193999999996,367.2059999999983,59850.11100000001,23.17000000000553,59538.0805,64.60200000000623,59358.690800000004,33.67540000000008,58885.298500000004,84.81840000000375,62185.32605,-23.403700000002573,0.0162747124922701,0.01341083854746746,0.013385945360667499,61820.93,57787.3,0.8351608848605346,64.00786687550789,337.4235051911455,168.95309938314216,168.47040580800336,59538.0805,61446.78216961732,57629.37883038267,0.9238350931825784,4779.280498,1.1560593592094288,-37.14859303786785,413.97000000000116,250.9300000000003,253.90000000000146,918.8000000000029,0.4505550718328253,0.5087644685119239,0.491235531488076,59.882913746521474,20,2,8,3,False,False,1,-1,high_vol,sideways_volatile
2024-08-22 00:00:00,61156.03,61229.0,59724.87,60548.9,4109.54112,1724299199999,248719537.3853535,300119.0,1882.36317,113946537.9298388,0,-0.009927557429741607,-0.0099771642172186,60429.574,167.38000000000466,59853.11899999999,3.007999999979802,59580.10650000001,42.02600000001257,59353.2658,-5.42500000000291,58977.3875,92.08899999999267,62152.28425,-33.04180000000633,0.01646626514108712,0.013617290328804313,0.013082002565000863,61820.93,57787.3,0.6846438567741713,58.306151627173115,356.1543267951056,206.39334486553486,149.76098192957073,59580.10650000001,61540.898780818614,57619.314219181404,0.7470413387173103,4869.3568700000005,0.8439597322017598,-40.79770547868464,607.1299999999974,72.97000000000116,824.0299999999988,1504.1299999999974,0.4036419724358921,0.4580470458949928,0.5419529541050072,73.02980825265475,0,3,8,3,False,False,1,-1,high_vol,sideways_volatile
2024-08-22 04:00:00,60548.9,61114.23,60459.98,60984.31,2676.87579,1724313599999,162643910.8411405,247473.0,1298.39619,78905199.2323249,0,0.007191047236200676,0.0071653149438015255,60754.208,324.6339999999982,60068.996999999996,215.87800000000425,59707.95449999999,127.84799999998359,59361.209,7.943200000001525,59044.0197,66.63220000000001,62123.90579999999,-28.378450000003795,0.01322187684207823,0.012625087276617847,0.013109053491801623,61820.93,57787.3,0.7925888095834266,58.14981689655208,401.5042944130764,245.41553477504317,156.08875963803325,59707.95449999999,61685.640172938765,57730.26882706122,0.8226891708487185,4092.5599690000004,0.6540834612752378,19.249540251332,435.4099999999962,129.92000000000553,88.91999999999825,654.25,0.6655101260985804,0.485041627575854,0.514958372424146,92.44844341470173,4,3,8,3,False,False,1,-1,high_vol,sideways_volatile
2024-08-22 08:00:00,60984.31,61400.0,60802.38,61336.09,3099.60131,1724327999999,189382142.9414739,227792.0,1566.08515,95711083.5782509,0,0.005768368946045266,0.005751795609433674,61119.066000000006,364.85800000000745,60251.40699999999,182.40999999999622,59837.91650000001,129.9620000000141,59368.8742,7.665199999995821,59122.6797,78.66000000000349,62097.5762,-26.329599999990023,0.0129550804127308,0.012631571056147204,0.013106686377648825,61820.93,57787.3,0.879800576651799,54.14168537495334,460.52157053072006,288.43674192617857,172.08482860454149,59837.91650000001,61887.22302080724,57788.60997919277,0.8655318237629597,4034.715862,0.7682328610033853,17.879643941725224,351.77999999999884,63.91000000000349,181.9300000000003,597.6200000000026,0.5886349185100855,0.5052537385848505,0.4947462614151495,73.49074194319527,8,3,8,3,False,False,1,-1,high_vol,sideways_volatile
2024-08-22 12:00:00,61336.09,61398.18,60100.0,60407.4,6849.31563,1724342399999,415590054.7039337,526537.0,3221.92618,195479446.6849875,0,-0.01514100426029752,-0.01525679959050383,60886.545999999995,-232.52000000001135,60390.76700000001,139.36000000001513,59933.17699999999,95.26049999998213,59358.741799999996,-10.132400000002235,59186.5656,63.88590000000113,62066.801799999994,-30.774400000009337,0.013772123832395887,0.013156249863206047,0.01328510510004245,61820.93,57787.3,0.6495637924152687,47.214321511906746,427.4285353461819,316.23510061017924,111.19343473600264,59933.17699999999,61896.36595751539,57969.98804248459,0.6207787457709081,4471.897605,1.5316351658727212,-103.70551713395238,928.689999999995,62.09000000000378,307.40000000000146,1298.1800000000003,0.7153784529109946,0.47040118371651096,0.529598816283489,76.87439569783704,12,3,8,3,False,False,1,-1,high_vol,sideways_volatile
2024-08-22 16:00:00,60407.39,60600.2,60131.0,60308.0,2663.66757,1724356799999,160799100.9439324,276554.0,1305.34428,78807442.1847457,0,-0.0016454937640090206,-0.001646849075848222,60716.94,-169.6059999999925,60489.567,98.79999999999563,60028.729499999994,95.55250000000524,59338.9644,-19.777399999999034,59232.9883,46.42269999999553,62035.92335,-30.87844999999652,0.01378908631392815,0.013154155863042112,0.01325486819660508,61820.93,58029.77,0.600932168518343,48.82515403065456,388.70061848824844,330.72820418579306,57.97241430245538,60028.729499999994,61858.59403191424,58198.86496808575,0.5763090641764222,4501.813990000001,0.5916876121307713,-4.383048375828062,99.38999999999942,192.80999999999767,177.0,469.1999999999971,0.21182864450127883,0.4900552511513289,0.5099447488486711,103.8245174115327,16,3,8,3,False,False,1,-1,high_vol,sideways_volatile
2024-08-22 20:00:00,60307.99,60707.88,60288.0,60375.84,1842.20446,1724371199999,111409501.1401835,139805.0,995.21879,60192331.4680257,0,0.0011248922199376121,0.0011242600027574147,60682.328,-34.61200000000099,60555.951,66.3839999999982,60120.559499999996,91.83000000000175,59357.767400000004,18.80300000000716,59276.74680000001,43.75850000001083,62003.67755,-32.24579999999696,0.013682498245783025,0.013153524738643929,0.012522155007654636,61820.93,58380.0,0.5800292362820506,60.55093448975676,359.3403346994164,336.45063028851774,22.889704410898673,60120.559499999996,61815.01930990677,58426.09969009322,0.5753279890462689,4484.308021,0.41081131166123347,2.07228146458837,67.84999999999854,332.0400000000009,19.989999999997963,419.8799999999974,0.16159378870153132,0.5402325374893512,0.45976746251064876,75.8900561992994,20,3,8,3,False,False,1,-1,high_vol,sideways_volatile
2024-08-23 00:00:00,60375.83,60968.24,60342.14,60593.31,2184.3747,1724385599999,132599668.5801439,157162.0,1106.65575,67172242.3077234,0,0.0036019374637272783,0.003595466022144051,60604.128000000004,-78.19999999999709,60679.168000000005,123.21700000000419,60201.8485,81.28900000000431,59391.810999999994,34.043599999989965,59330.57979999999,53.83299999998417,61970.5241,-33.153449999997974,0.013465251680380456,0.013095071034933264,0.012453340838793204,61820.93,58548.23,0.6248907629785793,57.860943906481744,349.590250993635,339.0785544295412,10.511696564093768,60201.8485,61817.56275965564,58586.13424034436,0.6211419338724631,4409.625402,0.49536513895472156,7.867981066748034,217.47999999999593,374.9300000000003,33.69000000000233,626.0999999999985,0.34735665229196044,0.50662358889251,0.49337641110749,71.94827883695962,0,4,8,3,False,False,1,-1,high_vol,sideways_volatile
2024-08-23 04:00:00,60593.31,61367.74,60582.68,61069.27,2937.25078,1724399999999,179055721.6511324,208814.0,1483.01845,90395426.4558413,0,0.007854992572612352,0.007824302726038021,60550.764,-53.3640000000014,60834.91499999999,155.74699999998847,60283.387,81.53850000000239,59439.52859999999,47.71759999999631,59377.212600000006,46.63280000001396,61940.17064999999,-30.353450000009616,0.013587261825598586,0.013091632945269526,0.012479493258118052,61820.93,58548.23,0.770324197146086,64.9912406991687,375.93568112735375,346.4499797691037,29.485701358250026,60283.387,61901.49364462963,58665.28035537038,0.7428402981374193,3902.5259319999996,0.7526537507195225,23.072083060799834,475.9599999999991,298.47000000000116,10.62999999999738,785.0599999999977,0.6062721320663396,0.504900180841896,0.49509981915810397,71.09164849723864,4,4,8,3,False,False,1,-1,high_vol,sideways_volatile
2024-08-23 08:00:00,61069.26,61337.57,60691.11,60741.68,2313.52775,1724414399999,141257185.1935302,188078.0,1022.88153,62457621.2473504,0,-0.0053642363827174355,-0.005378675558619665,60617.619999999995,66.85599999999249,60752.083,-82.83199999999488,60289.512,6.125,59485.5026,45.974000000009255,59416.9746,39.76199999999517,61908.0224,-32.148249999991094,0.007801969249441211,0.012420756019622352,0.012491078702533364,61820.93,58548.23,0.6702264185534876,60.33654405434962,366.15998472354113,350.3919807599912,15.768003963549916,60289.512,61913.885790994005,58665.138209006,0.639182250571558,3420.149106,0.6764406107152922,-12.410309728976408,327.58000000000175,268.3099999999977,50.56999999999971,646.4599999999991,0.5067289546143646,0.44213065090747233,0.5578693490925276,81.29489693823642,8,4,8,3,False,False,1,-1,high_vol,sideways_volatile
2024-08-23 12:00:00,60741.68,62320.36,60741.68,61533.05,11626.90263,1724428799999,714776338.3890024,785308.0,6419.28438,394753581.0999942,0,0.013028450974684969,0.012944310730670143,60862.62999999999,245.00999999999476,60789.78500000001,37.70200000001205,60319.948,30.435999999994237,59554.95619999999,69.45359999999346,59472.085,55.11039999999775,61882.17769999999,-25.844700000008743,0.008728887441798535,0.012710649234460433,0.012561128199290318,62320.36,58548.23,0.7912823789211936,62.51351986509687,417.45743073510675,363.80507075501436,53.6523599800924,60319.948,62015.649647884034,58624.24635211596,0.8576991275304126,4030.3261740000003,2.8848540113220125,151.48053090239074,791.3700000000026,787.3099999999977,0.0,1578.6800000000003,0.5012858844097616,0.5521061441967198,0.4478938558032803,67.54232188835316,12,4,8,3,False,False,1,-1,high_vol,sideways_volatile
2024-08-23 16:00:00,61533.04,63819.16,61349.99,63628.84,11503.37,1724443199999,723581889.8818609,732538.0,6413.03476,403435106.1664277,0,0.034059582614546,0.03349239784439501,61513.23,650.6000000000131,61097.779,307.9939999999915,60475.449,155.50100000000384,59652.6258,97.66960000000836,59539.7534,67.6684000000023,61865.921949999996,-16.255749999996624,0.012895501383201459,0.014610376923956656,0.013314906327275802,63819.16,58548.23,0.9638925199158389,73.65356945703819,620.0759148668367,415.05923957737883,205.01667528945785,60475.449,62727.17462359505,58223.72337640495,1.2002165288161024,4769.709062,2.411755067336642,391.7999808606901,2095.7999999999956,190.32000000000698,183.0500000000029,2469.1700000000055,0.8487872442966629,0.5574918271776009,0.44250817282239907,63.68029542647067,16,4,8,3,False,False,1,-1,high_vol,sideways_volatile
2024-08-23 20:00:00,63628.84,64955.0,63484.18,64037.24,7552.64503,1724457599999,484646129.0978789,483782.0,3928.00849,252104512.7484384,0,0.006418473132623559,0.006397962451998481,62202.016,688.7860000000001,61403.072,305.29299999999785,60736.034499999994,260.5854999999938,59739.7138,87.0879999999961,59610.9167,71.16330000000016,61850.28814999999,-15.633800000003248,0.012883543488730926,0.012722661929829529,0.013173810558617483,64955.0,58548.23,0.8567515300221481,74.38538635628842,804.3351156553254,492.91441479296816,311.4207008623572,60736.034499999994,63359.40319466475,58112.66580533524,1.1291920588047322,5257.285986,1.4366053226155995,48.476449205297854,408.40000000000146,917.760000000002,144.65999999999622,1470.8199999999997,0.27766823948545816,0.5200838215482769,0.47991617845172313,64.05464550212021,20,4,8,3,False,False,1,-1,high_vol,sideways_volatile
2024-08-24 00:00:00,64037.24,64206.7,63626.58,63832.01,3091.41323,1724471999999,197506056.2872686,259097.0,1349.56196,86230143.437526,0,-0.0032048539256219755,-0.003210000468852176,62754.564,552.5479999999952,61652.664000000004,249.5920000000042,60952.0355,216.00100000000384,59875.404800000004,135.69100000000617,59679.602999999996,68.68629999999393,61832.33809999999,-17.950049999999464,0.013131898858583834,0.01270574451418114,0.011436104845810506,64955.0,58783.47,0.818037018373078,65.23027782004658,923.1599012798615,578.9635120903469,344.19638918951466,60952.0355,63848.25632003058,58055.814679969415,0.997195255292998,5256.467178000001,0.5881161482256666,-9.90752782588521,205.22999999999593,169.45999999999913,205.4300000000003,580.1199999999953,0.353771633455143,0.4365517837937182,0.5634482162062818,83.81182997007488,0,5,8,3,False,False,1,-1,high_vol,sideways_volatile
2024-08-24 04:00:00,63832.0,64332.0,63822.0,64315.0,2843.18939,1724486399999,182137840.0879896,248411.0,1482.15858,94953472.1739731,0,0.007566579839801246,0.0075380968634753505,63469.228,714.6640000000043,62043.424,390.75999999999476,61217.095499999996,265.0599999999977,60010.8836,135.47879999999714,59761.808,82.20500000000175,61813.0864,-19.251699999993434,0.011271755087716353,0.0124127727659907,0.011424847294234259,64955.0,58783.47,0.8962980006578596,71.07370864770758,1044.2650193471782,672.0238135417131,372.24120580546503,61217.095499999996,64328.74047823048,58105.45052176951,0.9977920877338818,4855.8545540000005,0.585517823563708,21.5132195191108,483.0,17.0,10.0,510.0,0.9470588235294117,0.521301389634125,0.4786986103658751,87.37054269888085,4,5,8,3,False,False,1,-1,high_vol,sideways_volatile
2024-08-24 08:00:00,64315.0,64494.5,63868.0,63905.01,2357.89821,1724500799999,151413130.896111,195690.0,1118.38706,71834954.1257324,0,-0.0063747181839384215,-0.006395123464734928,63943.62000000001,474.3920000000071,62403.125,359.70100000000093,61446.346,229.25050000000192,60131.1838,120.30019999999786,59853.265900000006,91.45790000000852,61793.2114,-19.875,0.011733947414100993,0.012640464613742597,0.011476343755982554,64955.0,58850.0,0.8280114660114664,72.99363790455084,1094.5417355612008,756.5273979456108,338.01433761558997,61446.346,64643.90710754441,58248.78489245559,0.8844592671268998,4825.277618,0.48865545087068185,-15.030936595162853,409.98999999999796,179.5,37.01000000000204,626.5,0.6544134078212258,0.4743152419628836,0.5256847580371165,82.99340453717042,8,5,8,3,False,False,1,-1,high_vol,sideways_volatile
2024-08-24 12:00:00,63905.0,64244.0,63872.0,63976.0,2293.96419,1724515199999,147034026.3194817,236572.0,1065.70311,68317178.3023027,0,0.0011108675204025698,0.0011102509636449671,64013.052,69.43199999999342,62763.141,360.01600000000326,61659.545999999995,213.1999999999971,60241.56399999999,110.38019999999233,59941.68430000001,88.4184000000023,61776.9114,-16.30000000000291,0.011734578545821385,0.012636055763520641,0.011422229328740985,64955.0,58850.0,0.8396396396396396,71.57420000605765,1127.1219350387328,830.6463053642352,296.47562967449755,61659.545999999995,64937.79952846628,58381.29247153371,0.85330610947039,4870.4535909999995,0.4709960062526752,2.5482903116375897,71.0,268.0,33.0,372.0,0.19086021505376344,0.46456832876715476,0.5354316712328453,103.12802659748581,12,5,8,3,False,False,1,-1,high_vol,sideways_volatile
2024-08-24 16:00:00,63976.0,64444.0,63903.58,64210.6,2874.78934,1724529599999,184556207.647269,320000.0,1511.25267,97019290.9538383,0,0.0036670001250469486,0.0036602930715982336,64047.724,34.67199999999866,63124.869999999995,361.7289999999921,61902.01899999999,242.47299999999814,60357.776,116.21200000000681,60013.2929,71.6085999999923,61760.38435000001,-16.527049999989686,0.011733199423249033,0.012440875250683023,0.011417501838211766,64955.0,58850.0,0.8780671580671578,71.08552868047383,1158.517567848321,896.2205578610524,262.29700998726867,61902.01899999999,65181.85653419145,58622.181465808535,0.8519352675145714,4939.495055,0.5820006514815712,10.541852869263634,234.59999999999854,233.40000000000146,72.41999999999825,540.4199999999983,0.43410680581769606,0.5256916216337438,0.47430837836625617,111.31250403203458,16,5,8,3,False,False,1,-1,high_vol,sideways_volatile
2024-08-24 20:00:00,64210.6,64328.0,63531.0,64157.01,2395.9018,1724543999999,153126993.9359565,292086.0,1115.96348,71318197.6664277,0,-0.0008345974029209113,-0.0008349458732351629,64112.724,65.0,63433.64400000001,308.77400000001217,62134.279500000004,232.26050000001123,60479.49499999999,121.71899999999005,60082.9281,69.63519999999698,61745.85005,-14.534300000006624,0.011891080892029718,0.012484610368817331,0.011372440942829971,64955.0,59375.0,0.8569910394265237,81.55594567436611,1165.6378207008602,950.104010429014,215.53381027184616,62134.279500000004,65358.865199563756,58909.69380043625,0.8136419199951251,4885.360157000001,0.490424804518665,-1.9996134199335367,53.58999999999651,117.40000000000146,626.010000000002,797.0,0.06723964868255522,0.46578014174036675,0.5342198582596333,121.91067263274313,20,5,8,3,False,False,1,-1,high_vol,sideways_volatile
2024-08-25 00:00:00,64157.02,64507.04,64000.0,64101.01,2623.24737,1724558399999,168476979.0693355,291015.0,1377.22116,88469453.7281416,0,-0.0008728586322834797,-0.0008732397951964891,64069.926,-42.7980000000025,63769.577000000005,335.93299999999726,62260.83,126.55049999999756,60567.8474,88.35240000001068,60150.7331,67.80500000000029,61725.19475,-20.655299999998533,0.011535312450426088,0.010196531583643968,0.010755782149141925,64955.0,59724.87,0.8367172517700328,82.15608844638956,1153.4655080274897,990.7763099487092,162.68919807878046,62260.83,65589.16428736714,58932.495712632866,0.7764415832544974,4916.332119000001,0.53357814454032,-2.289724111519435,56.00999999999476,350.0200000000041,101.01000000000204,507.0400000000009,0.11046465762069002,0.5250062101463195,0.47499378985368046,110.93692624191976,0,6,8,3,False,False,1,-1,high_vol,sideways_volatile
2024-08-25 04:00:00,64101.01,64196.0,63785.76,63868.26,1645.44133,1724572799999,105330714.4125359,168351.0,737.08162,47185148.7534272,0,-0.003630988029673765,-0.0036375960673628574,64062.576,-7.349999999998545,64003.098,233.52099999999336,62396.4415,135.61149999999907,60667.72059999999,99.87319999999454,60195.1354,44.40230000000156,61706.876000000004,-18.318749999998545,0.011523221135570106,0.010079008987772314,0.010562503910812992,64955.0,59724.87,0.792215489863541,78.80241871635188,1112.2169381776694,1015.0644355945013,97.15250258316803,62396.4415,65756.11040431522,59036.772595684786,0.7190421946206623,3918.185989,0.4199497764065942,-5.97457777276048,232.75,94.98999999999796,82.5,410.23999999999796,0.5673508190327641,0.4479537535379642,0.5520462464620358,102.31358416164251,4,6,8,3,False,False,1,-1,high_vol,sideways_volatile
2024-08-25 08:00:00,63868.27,64010.0,63773.27,63873.91,1728.68012,1724587199999,110447030.9545347,146864.0,829.85966,53023271.433244,0,8.846334626944063e-05,8.845943361837314e-05,64042.15800000001,-20.41799999999057,64027.605,24.507000000005064,62562.691999999995,166.25049999999464,60762.0314,94.31080000000657,60239.729400000004,44.5940000000046,61688.87560000001,-18.00039999999717,0.004436492128244229,0.009684796567934034,0.010555027604142814,64955.0,60100.0,0.7773244078269832,78.03500316190687,1067.6755579457313,1025.5866600647473,42.08889788098395,62562.691999999995,65866.01571521781,59259.36828478217,0.6984694981541567,2940.717001,0.5878430734450669,0.15292482804465818,5.640000000006694,136.0899999999965,95.0,236.7300000000032,0.023824610315577314,0.48005391535363984,0.5199460846463602,84.95730256908375,8,6,8,3,False,False,1,-1,high_vol,sideways_volatile
2024-08-25 12:00:00,63873.92,64288.0,63805.0,64132.16,1834.2167,1724601599999,117534167.998741,191919.0,995.21471,63776785.4262059,0,0.004043121831746266,0.004034970378831041,64026.47000000001,-15.68800000000192,64037.096999999994,9.491999999991094,62720.08450000001,157.3925000000163,60859.7146,97.68319999999949,60264.1911,24.46169999999256,61676.65640000001,-12.219199999999546,0.004131136447178414,0.009633764828628774,0.01056071801315862,64955.0,60100.0,0.8305169927909379,77.18610591867146,1041.2123619469712,1028.7118004411923,12.500561505778933,62720.08450000001,66006.68386327401,59433.485136726005,0.7148231871184524,2368.874168,0.7742989158215178,7.415961583923591,258.24000000000524,155.8399999999965,68.91999999999825,483.0,0.5346583850931785,0.5425829510766095,0.4574170489233906,104.63267508141215,12,6,8,3,False,False,1,-1,high_vol,sideways_volatile
2024-08-25 16:00:00,64132.17,64248.66,64000.0,64187.41,1118.62168,1724615999999,71727916.3001279,133521.0,567.33873,36380887.4679091,0,0.0008615022478581924,0.000861131367790716,64032.55,6.07999999999447,64072.637,35.54000000000815,62862.6505,142.56599999999162,60960.7204,101.005799999999,60292.4813,28.290200000003097,61664.21340000001,-12.442999999999302,0.003960177848122441,0.009610295633520595,0.010549239622484025,64955.0,60100.0,0.8418970133882603,82.13790723486028,1013.0208281935556,1025.5736059916649,-12.552777798109219,62862.6505,66143.8359433388,59581.46505666122,0.7018720860001104,2171.595013,0.5151152370969273,0.9636950918229076,55.24000000000524,61.25,132.16999999999825,248.6600000000035,0.22215072790157026,0.507176590748715,0.492823409251285,119.36207065108911,16,6,8,3,False,False,1,-1,high_vol,sideways_volatile
2024-08-25 20:00:00,64187.42,65000.0,64122.49,64220.0,3355.27257,1724630399999,216418314.2577492,331395.0,1809.00645,116720034.051516,0,0.0005077319679980263,0.0005076031157354598,64056.348,23.797999999995227,64063.137,-9.5,63053.28050000001,190.63000000000466,61057.3582,96.63780000000406,60326.0456,33.564299999998184,61652.39335,-11.82005000000936,0.0031110791884250643,0.008708793111525084,0.010544042748713865,65000.0,60131.0,0.8398028342575478,79.19284148220268,981.988819375998,1016.8566486685315,-34.86782929253354,63053.28050000001,66172.88546145863,59933.675538541385,0.6869979555767973,2222.803331,1.5094779296063598,1.7035791451358957,32.580000000001746,780.0,64.93000000000029,877.510000000002,0.03712778201958003,0.5391533511091172,0.4608466488908828,98.76842881948038,20,6,8,3,False,False,1,-1,high_vol,sideways_volatile
2024-08-26 00:00:00,64219.99,64481.0,63790.0,64114.99,2477.44562,1724644799999,158757949.3944046,273103.0,1144.45156,73344195.5251274,0,-0.0016351603861726183,-0.001636498720042863,64105.694,49.346000000005006,64084.134999999995,20.997999999992317,63243.630000000005,190.34949999999662,61150.1942,92.83599999999569,60360.643099999994,34.59749999999622,61645.288250000005,-7.105099999993399,0.0023156342024228263,0.00870849703983244,0.01055407527058609,65000.0,60288.0,0.8121795415959249,59.308617579816946,938.1083700816089,1001.106992951147,-62.99862286953817,63243.630000000005,66112.43481971159,60374.825180288426,0.6518681218765507,2234.7580719999996,1.108596787742132,-4.051020936720862,105.0,261.01000000000204,324.98999999999796,691.0,0.15195369030390737,0.461948206152755,0.538051793847245,110.235719321258,0,0,8,3,False,False,1,-1,high_vol,sideways_volatile
2024-08-26 04:00:00,64115.0,64205.31,63420.0,63627.01,2772.63585,1724659199999,176987014.3398305,250940.0,1162.76064,74230028.4747816,0,-0.007611012650863613,-0.00764012421403534,64056.314,-49.38000000000466,64049.236,-34.89899999999761,63406.188500000004,162.55849999999919,61232.89460000001,82.70040000000881,60398.8109,38.1678000000029,61633.74325,-11.54500000000553,0.0033847883610945255,0.009026112906948923,0.010632368759646817,65000.0,60342.14,0.7052315870378247,42.37737237399059,854.1112275280975,971.7078398665373,-117.59661233843974,63406.188500000004,65939.62596576431,60872.7510342357,0.5435813993801065,2282.625238,1.2146697599950045,-21.10256653058799,487.98999999999796,90.30999999999767,207.01000000000204,785.3099999999977,0.6213979192930172,0.41937012392016787,0.5806298760798322,90.50593499323035,4,0,8,3,False,False,1,-1,high_vol,sideways_volatile
2024-08-26 08:00:00,63627.01,64039.2,63220.95,63859.0,2882.34645,1724673599999,183779848.7892449,312059.0,1346.73071,85873113.318115,0,0.0036460930664508062,0.0036394621821193456,64001.68200000001,-54.63199999999051,64014.076,-35.15999999999622,63569.473,163.2844999999943,61323.3262,90.43159999999625,60430.5867,31.775800000003073,61622.77470000001,-10.9685499999905,0.0033819051403565555,0.009026359793645725,0.01062111549631153,65000.0,60582.68,0.7416985864732462,50.49657238108201,797.0743639602006,936.78114468527,-139.7067807250694,63569.473,65733.60485980315,61405.34114019684,0.566892180965891,2283.380949,1.262315187162403,10.509303406454096,231.98999999999796,180.1999999999971,406.06000000000495,818.25,0.2835197066911066,0.46723415569977716,0.5327658443002228,108.26561116551413,8,0,8,3,False,False,1,-1,high_vol,sideways_volatile
2024-08-26 12:00:00,63859.0,63958.95,63061.0,63532.53,4958.27097,1724687999999,314811157.0550389,600374.0,2356.09203,149601778.1882334,0,-0.005112356911320282,-0.00512546971857386,63870.706000000006,-130.9760000000024,63951.628000000004,-62.44799999999668,63692.636,123.16300000000047,61402.509000000005,79.18280000000232,60457.5321,26.94539999999688,61610.04735,-12.7273500000083,0.0036801724081146504,0.009099460901658415,0.01065601730928452,65000.0,60691.11,0.6594320114925186,34.72400638785517,717.2607031709995,892.877056382416,-175.61635321141648,63692.636,65510.294071549695,61874.9779284503,0.45595816327999006,2539.617866,1.9523689120243413,-25.348450861678213,326.47000000000116,99.94999999999709,471.52999999999884,897.9499999999971,0.3635725819923183,0.47518420115712234,0.5248157988428777,121.08535488128032,12,0,8,3,False,False,1,-1,high_vol,sideways_volatile
2024-08-26 16:00:00,63532.54,63878.78,63192.04,63342.99,3487.08919,1724702399999,221511790.1177535,428166.0,1736.36299,110299790.9100876,0,-0.0029833535670624745,-0.0029878126371790615,63695.304000000004,-175.40200000000186,63875.826,-75.80200000000332,63822.7015,130.06550000000425,61468.88859999999,66.37959999998566,60486.583600000005,29.051500000008673,61594.92235,-15.125,0.0037340063445863297,0.009012964267582411,0.010634728824156918,65000.0,60741.68,0.6108770594976417,37.994411832559905,631.4347216048554,840.5885894269039,-209.15386782204848,63822.7015,65016.47520990233,62628.927790097674,0.29907770793542876,2626.002048,1.3279080237792718,-10.403219973651495,189.5500000000029,346.23999999999796,150.9499999999971,686.739999999998,0.2760142120744437,0.4979405158260377,0.5020594841739623,122.7860764869051,16,0,8,3,False,False,1,-1,high_vol,sideways_volatile
2024-08-26 20:00:00,63342.99,63557.58,62800.0,62834.0,2892.26468,1724716799999,182494058.7357442,288199.0,1249.27816,78839311.2132225,0,-0.00803545901448599,-0.008067917310411309,63439.10600000001,-256.1979999999967,63772.4,-103.42599999999948,63887.748999999996,65.0474999999933,61528.2888,59.400200000010955,60506.503600000004,19.919999999998254,61578.21235,-16.709999999999127,0.004275412946107003,0.008903291802270959,0.010700770253276192,65000.0,61349.99,0.406576968282279,29.45052651277946,516.3931152883088,775.7494945991849,-259.35637931087615,63887.748999999996,64601.46537506657,63174.032624933425,-0.23821271082767895,2750.684383,1.0514709349698592,-23.24067429518544,508.98999999999796,214.59000000000378,34.0,757.5800000000017,0.6718630375669854,0.4319377021884456,0.5680622978115544,99.64475312128071,20,0,8,3,False,False,1,-1,high_vol,sideways_volatile
2024-08-28 20:00:00,58898.85,59602.0,58623.01,59034.9,3711.4405,1724889599999,219541270.0567579,461346.0,1791.84585,105997645.0716365,0,0.002309892298406613,0.0023072285983097773,59093.945999999996,-118.82200000000739,60074.188,-386.7410000000018,61816.60599999999,-254.8630000000121,61828.475600000005,4.187400000009802,60552.315599999994,3.6028999999907683,61274.038250000005,-42.62554999999702,0.017633521077730835,0.012632976903706296,0.011921818425359413,65000.0,57860.0,0.16455182072829153,24.799099013285115,-1002.0279160498831,-556.0075990325802,-446.0203170173029,61816.60599999999,65971.97894572202,57661.23305427797,0.16528804558159219,6532.296002,0.5681678385155333,8.573027826944388,136.0500000000029,567.0999999999985,275.8399999999965,978.989999999998,0.13896975454295057,0.48278986285783104,0.517210137142169,124.30375753026351,20,2,8,3,False,False,-1,1,high_vol,sideways_volatile
2024-08-29 00:00:00,59034.9,59320.0,58878.46,59141.1,2188.72128,1724903999999,129322278.9931341,231653.0,1027.81346,60742977.8957033,0,0.001798935883689179,0.0017973197364722303,59201.97000000001,108.02400000001217,59746.59800000001,-327.58999999998923,61564.2905,-252.3154999999897,61821.057799999995,-7.417800000010175,60545.2096,-7.105999999992491,61229.79375,-44.244500000007974,0.017797604283416535,0.012653901922373296,0.01180820243855364,65000.0,57860.0,0.17942577030812304,26.234218417888286,-1021.2178449939311,-649.0496482248504,-372.1681967690806,61564.2905,65726.35474062055,57402.22625937946,0.2088955912368717,6332.211249,0.34564880954431976,3.9373692499861113,106.19999999999709,178.90000000000146,156.44000000000233,441.5400000000009,0.24052181002852943,0.4695954068669721,0.5304045931330279,105.8394241956655,0,3,8,3,False,False,-1,1,high_vol,sideways_volatile
2024-08-29 04:00:00,59141.11,59764.0,59049.79,59583.88,2877.04011,1724918399999,171040003.7221046,274951.0,1407.11501,83653296.1411097,0,0.00748684079261297,0.007458953505375323,59131.746,-70.22400000000926,59534.073,-212.525000000016,61332.4845,-231.80600000000413,61832.45940000001,11.401600000011967,60538.9747,-6.234900000003108,61188.173200000005,-41.62054999999236,0.018073307507560085,0.012879227218305173,0.011793279934791456,64481.0,57860.0,0.260365503700347,31.47868702986095,-989.293397927373,-717.098398165355,-272.194999762018,61332.4845,65386.79348510652,57278.175514893475,0.28435233890368394,5794.098943,0.49654659651192634,21.539941257531705,442.7699999999968,180.12000000000262,91.31999999999971,714.2099999999991,0.6199437140336839,0.4890842519397479,0.5109157480602521,95.56731553527072,4,3,8,3,False,False,-1,1,high_vol,sideways_volatile
2024-08-29 08:00:00,59583.88,60477.0,59374.0,60067.06,4113.75713,1724932799999,246203397.166146,367412.0,2244.21714,134372556.5853663,0,0.008109240284452701,0.008076537075283401,59345.15800000001,213.41200000001118,59330.578,-203.49499999999534,61130.088,-202.39649999999529,61847.40060000001,14.941200000001118,60549.2055,10.230799999997544,61149.518500000006,-38.65469999999914,0.01818544988778057,0.01314148720632724,0.011825376501160712,64205.31,57860.0,0.3478254017534208,34.086817714374675,-914.463094408813,-756.5713374140466,-157.8917569947664,61130.088,64999.466485121455,57260.70951487855,0.3626358207025282,5901.095923,0.6971174818504979,33.35944503905053,483.1800000000003,409.9400000000023,209.87999999999738,1103.0,0.4380598368087038,0.545539532130814,0.454460467869186,89.31300229675931,8,3,8,3,False,False,-1,1,high_vol,sideways_volatile
2024-08-29 12:00:00,60067.06,61166.99,59990.0,60779.99,7624.50121,1724947199999,461776581.0642658,809580.0,3726.44881,225758974.4395798,0,0.011868901191435022,0.011799018196451069,59721.386,376.22799999998824,59467.077000000005,136.49900000000343,60987.737,-142.3510000000024,61868.7604,21.359799999991083,60563.539000000004,14.333500000007916,61113.23505000001,-36.283449999995355,0.01197823305195116,0.013511867120786784,0.011905606856981518,64039.2,57860.0,0.47255146297255296,39.134606129984185,-788.5422230548502,-762.9655145422073,-25.57670851264288,60987.737,64675.557632463846,57299.916367536156,0.4718333643763462,5367.256248,1.4205584488054055,90.49445149546676,712.9300000000003,387.0,77.05999999999767,1176.989999999998,0.6057230732631557,0.4887465694296873,0.5112534305703127,106.18137209266702,12,3,8,3,False,False,-1,1,high_vol,sideways_volatile
2024-08-29 16:00:00,60779.99,60960.0,58915.01,59258.0,7172.50668,1724961599999,429173422.7485093,754858.0,3308.23319,197878999.9478134,0,-0.025040971543430657,-0.025359830963069194,59766.005999999994,44.61999999999534,59429.976,-37.10100000000239,60757.687,-230.0500000000029,61866.6976,-2.0627999999996973,60565.719000000005,2.180000000000291,61068.47565000001,-44.75940000000264,0.014747131279449478,0.014355117892404536,0.012410385142469092,63958.95,57860.0,0.22921978373326568,35.37919671205489,-802.3123412470013,-770.8348798831662,-31.47746136383512,60757.687,64260.752684611085,57254.62131538891,0.28594649158477103,5529.311385999999,1.2971790118676454,-179.6065356689463,1521.989999999998,180.01000000000204,342.98999999999796,2044.989999999998,0.7442530281321666,0.4612380772296471,0.538761922770353,105.24326203903932,16,3,8,3,False,False,-1,1,high_vol,sideways_volatile
2024-08-29 20:00:00,59257.99,59638.37,58713.09,59359.01,3044.38102,1724975999999,180416000.5644162,305446.0,1438.55829,85275605.3423144,0,0.001704579972324538,0.0017031288247142478,59809.588,43.58200000000943,59505.779,75.80299999999988,60549.011,-208.67599999999948,61863.6418,-3.055800000001909,60566.92859999999,1.2095999999874039,61021.0507,-47.42495000000781,0.013527766968289725,0.014399000310879253,0.012407521983090862,63878.78,57860.0,0.2490554564214014,38.475555695040555,-795.8999570243541,-775.8478953114038,-20.052061712950263,60549.011,63847.33940827573,57250.68259172427,0.31960544059011786,5372.294535999999,0.5666817036183439,5.189390914816949,101.02000000000407,279.3600000000006,544.9000000000015,925.2800000000061,0.10917776240705884,0.47252899047439206,0.5274710095256079,100.33106828395613,20,3,8,3,False,False,-1,1,high_vol,sideways_volatile
2024-08-30 00:00:00,59359.0,59487.64,58899.7,59032.01,2743.70295,1724990399999,162268897.7749062,266645.0,1293.32705,76485462.606582,0,-0.005508851983885843,-0.005524081666774377,59699.214,-110.37400000000343,59415.48,-90.29899999999907,60333.462,-215.54899999999907,61812.882000000005,-50.75979999999254,60568.94869999999,2.0201000000015483,60974.98075,-46.069949999997334,0.011336223037529682,0.014407223672689146,0.01138152237468285,63557.58,57860.0,0.20570312308032562,34.847527629817705,-807.8913943767038,-782.2565951244638,-25.634799252239986,60333.462,63419.62312501989,57247.30087498011,0.289147107477804,5006.087872,0.5480732700171028,-15.11465343930094,326.98999999999796,128.63999999999942,132.31000000000495,587.9400000000023,0.5561621934210917,0.4713801288146008,0.5286198711853992,97.18435445061573,0,4,8,3,False,False,-1,1,high_vol,sideways_volatile
2024-08-30 04:00:00,59032.0,59582.86,58685.0,59271.1,4144.3024,1725004799999,244849837.9690162,296025.0,2079.34217,122914411.5285152,0,0.004050175489535235,0.004041995607985889,59540.022,-159.19200000000274,59442.590000000004,27.110000000000582,60155.317,-178.1449999999968,61775.1834,-37.69860000000335,60566.9371,-2.0115999999907217,60931.85375,-43.12700000000041,0.010265025912030061,0.014456736671767821,0.011368635295928122,63212.0,57860.0,0.2636584454409564,49.06344859185362,-789.0069490615788,-783.6066659118868,-5.4002831496919725,60155.317,63038.37329989114,57272.26070010887,0.3466528385114448,4592.3618799999995,0.9024337602941692,16.78515200170205,239.09999999999854,311.76000000000204,347.0,897.8600000000006,0.266299868576391,0.5017351460646309,0.4982648539353692,71.42939183202462,4,4,8,3,False,False,-1,1,high_vol,sideways_volatile
2024-08-30 08:00:00,59271.11,59674.42,59271.0,59396.0,3176.58551,1725019199999,188955804.8158645,275784.0,1602.47667,95330738.9245355,0,0.0021072664418240183,0.0021050492701302445,59263.224,-276.7979999999952,59492.30499999999,49.71499999998923,59976.617000000006,-178.6999999999971,61752.1254,-23.05800000000454,60552.69560000001,-14.24149999999645,60889.129,-42.72475000000122,0.010244276603969496,0.01445570618305075,0.011293458513162862,63200.0,57860.0,0.2876404494382023,48.465692917336646,-755.2563785262246,-777.9366084347545,22.680229908529896,59976.617000000006,62551.70055922164,57401.533440778374,0.38726249330419626,4079.693879,0.7786333004913185,6.693912044807434,124.88999999999942,278.41999999999825,0.11000000000058208,403.41999999999825,0.3095781071835803,0.5044651450292613,0.4955348549707387,86.81774790315656,8,4,8,3,False,False,-1,1,high_vol,sideways_volatile
2024-08-30 12:00:00,59396.0,59944.07,57946.01,58094.99,10365.98684,1725033599999,610157865.9573362,1020834.0,4758.84969,280378153.8032044,0,-0.021904000269378443,-0.02214745453085769,59030.621999999996,-232.60200000000623,59398.314,-93.99099999999453,59736.251000000004,-240.3660000000018,61694.33899999999,-57.786400000004505,60527.774000000005,-24.92160000000149,60841.79965,-47.32934999999998,0.012487140794115177,0.015061240555576156,0.011642638639668143,63000.0,57860.0,0.04571789883268443,46.78381604589696,-823.990987040961,-787.1474841559958,-36.84350288496523,59736.251000000004,62045.17361083342,57427.328389166585,0.144582933984179,4745.148513,2.1845442374671573,-227.0565785357334,1301.010000000002,548.0699999999997,148.97999999999593,1998.0599999999977,0.6511366025044311,0.45908313057437766,0.5409168694256223,98.47919120067107,12,4,8,3,False,False,-1,1,high_vol,sideways_volatile
2024-08-30 16:00:00,58095.0,59371.0,57701.1,58700.02,6417.58601,1725047999999,376002479.8974066,744537.0,3206.83105,187908215.3548869,0,0.010414495294688964,0.010360638046537926,58898.824,-131.79799999999523,59354.20599999999,-44.10800000000745,59550.402,-185.84900000000198,61641.6176,-52.7213999999949,60505.2459,-22.528100000003178,60796.11975,-45.67990000000282,0.013028057674983698,0.015359510126016183,0.011715288878811278,62495.0,57701.1,0.20837314086651743,41.3484333054984,-820.188176195923,-793.7556225639813,-26.432553631941687,59550.402,61524.945234414896,57575.85876558511,0.2846636160762531,5168.034986000001,1.2417845520366992,66.83591930440672,605.0199999999968,670.9800000000032,393.90000000000146,1669.9000000000015,0.36230912030660295,0.4996942845803791,0.5003057154196209,116.01511827653714,16,4,8,3,False,False,-1,1,high_vol,sideways_volatile
2024-08-30 20:00:00,58700.02,59298.89,58700.0,59123.99,1671.15824,1725062399999,98684086.05132,241871.0,842.52086,49752107.0672572,0,0.007222655120049382,0.00719669666426374,58917.219999999994,18.395999999993364,59308.21699999999,-45.9890000000014,59421.145000000004,-129.2569999999978,61615.949400000005,-25.668199999992794,60487.34560000001,-17.900299999993877,60753.5147,-42.6050499999983,0.013009931691609428,0.015386740419756078,0.01158316732135039,62196.75,57701.1,0.3165037313847828,50.935591409370836,-774.0409235259285,-789.8126827563708,15.771759230442285,59421.145000000004,61119.87349362506,57722.416506374946,0.4125360523723593,5047.446798999999,0.3310898175947273,12.070199618548713,423.97000000000116,174.90000000000146,0.01999999999679858,598.8899999999994,0.7079263303778683,0.5041538496079222,0.4958461503920778,144.73255387233706,20,4,8,3,False,False,-1,1,high_vol,sideways_volatile
2024-08-31 00:00:00,59123.99,59462.38,59070.4,59232.01,1647.80492,1725076799999,97652846.0965266,186762.0,902.4617,53484425.4313107,0,0.0018270079539626227,0.0018253410049745864,58909.402,-7.8179999999920256,59224.712,-83.5049999999901,59277.645,-143.50000000000728,61594.4296,-21.51980000000185,60466.697,-20.64860000000772,60709.11474999999,-44.399950000006356,0.012685034174229457,0.015289633723708996,0.011585732290680046,62102.01,57701.1,0.34786214669238913,52.51132190388898,-720.4477093425885,-775.9396880736144,55.49197873102594,59277.645,60414.94214225901,58140.347857740984,0.4799370813904667,4800.851578,0.3432317981982821,3.010552695418743,108.02000000000407,230.36999999999534,53.58999999999651,391.9799999999959,0.2755752844533017,0.5476750852279285,0.4523249147720715,113.33987278057162,0,5,8,3,False,False,-1,1,high_vol,sideways_volatile
2024-08-31 04:00:00,59232.01,59350.0,59043.12,59095.0,1230.67061,1725091199999,72870085.1966498,116286.0,568.17078,33646226.2622899,0,-0.002313107389062097,-0.0023157867545295576,58849.202000000005,-60.19999999999709,59056.213,-168.49899999999616,59261.645,-16.0,61568.81279999999,-25.6168000000107,60463.2901,-3.4069000000017695,60663.34035,-45.774399999994785,0.011808426473730963,0.011866398065269288,0.011587342609238306,61166.99,57701.1,0.40217664149756677,50.45296135734656,-681.1780662149831,-756.9873637018882,75.80929748690505,59261.645,60399.80931627561,58123.48068372438,0.4267922049492358,4161.468518,0.2957298858988989,-2.8466732814925577,137.01000000000204,117.98999999999796,51.87999999999738,306.8799999999974,0.4464611574556934,0.4616757525395037,0.5383242474604963,94.48994642035045,4,5,8,3,False,False,-1,1,high_vol,sideways_volatile
2024-08-31 08:00:00,59095.01,59188.9,58831.88,59120.99,1404.08788,1725105599999,82857118.5024556,130869.0,648.41224,38269062.5714719,0,0.00043980032151624826,0.00043970363770152185,59054.402,205.1999999999971,59042.512,-13.701000000000931,59236.244000000006,-25.400999999990745,61539.366400000006,-29.44639999998617,60465.5887,2.2986000000018976,60612.20695,-51.1333999999988,0.008838105125191596,0.011834057941085226,0.011573884623401892,61166.99,57701.1,0.4096754369007671,49.846580133080856,-640.5752624401866,-733.704943449548,93.12968100936132,59236.244000000006,60362.500783030926,58109.987216969086,0.4488331605471698,3584.626638,0.39169710594557045,0.6175183010610674,25.979999999995925,67.91000000000349,263.13000000000466,357.0200000000041,0.07276903254718399,0.4618031743141319,0.538196825685868,93.20570447485096,8,5,8,3,False,False,-1,1,high_vol,sideways_volatile
2024-08-31 12:00:00,59120.99,59244.04,58892.15,59006.54,1774.98601,1725119999999,104874539.1247856,156757.0,782.54084,46240773.9889904,0,-0.00193586068162932,-0.0019377368816842948,59115.706000000006,61.304000000003725,59007.265,-35.24700000000303,59256.522,20.277999999991152,61498.111800000006,-41.25460000000021,60468.8202,3.231500000001688,60559.5996,-52.607349999998405,0.008826088634363826,0.011160795049408005,0.011513591661527297,61166.99,57701.1,0.3766536156658182,45.36316295027936,-610.593860480556,-709.0827268557496,98.48886637519354,59256.522,60348.70838794175,58164.33561205825,0.3855589106585127,3457.687137,0.5133448862409323,-3.436125627201107,114.44999999999709,123.05000000000291,114.38999999999942,351.8899999999994,0.3252436841058208,0.4408715536862175,0.5591284463137826,88.31449888441655,12,5,8,3,False,False,-1,1,high_vol,sideways_volatile
2024-08-31 16:00:00,59006.54,59140.01,58744.0,58856.0,1637.2679,1725134399999,96516208.3151816,193573.0,736.00669,43389167.2865726,0,-0.002551242624970085,-0.002554502590257833,59062.10800000001,-53.59799999999814,58989.664000000004,-17.60099999999511,59202.572,-53.94999999999709,61460.3982,-37.71360000000277,60472.9504,4.130199999999604,60505.97954999999,-53.62005000001227,0.008690339332455744,0.009849978976559537,0.01149680492830368,61166.99,57701.1,0.33321888461549604,39.72448387392374,-592.154712387055,-685.6971239620107,93.54241157495562,59202.572,60259.67939179836,58145.46460820164,0.33607531141636937,3347.043632,0.48916837663740387,-4.177067654975258,150.54000000000087,133.47000000000116,112.0,396.01000000000204,0.38014191560819194,0.4495334514284437,0.5504665485715563,118.229276955836,16,5,8,3,False,False,-1,1,high_vol,sideways_volatile
2024-08-31 20:00:00,58856.0,59141.72,58763.29,58973.99,1103.59168,1725148799999,65078387.6334454,111697.0,558.33854,32925838.8185237,0,0.002004723392687202,0.0020027166163200457,59010.504,-51.604000000006636,58959.953,-29.71100000000297,59201.271499999995,-1.3005000000048312,61409.217000000004,-51.18119999999908,60482.0866,9.136200000000827,60460.32949999999,-45.650049999996554,0.008601120327443328,0.009230686549104083,0.011335363423277596,61166.99,57701.1,0.36726208852560227,32.95583238958096,-561.5475768449978,-660.8672145386081,99.31963769361028,59201.271499999995,60259.49162127216,58143.05137872783,0.39261142581244546,3042.97256,0.3626689555163126,2.2123960568709693,117.98999999999796,167.7300000000032,92.70999999999913,378.4300000000003,0.3117881774700681,0.50592855140046,0.49407144859954005,101.21225270563838,20,5,8,3,False,False,-1,1,high_vol,sideways_volatile
2024-09-01 00:00:00,58974.0,59076.59,58276.01,58524.21,2314.00203,1725163199999,135711910.8208803,218759.0,1100.54011,64540276.9498126,0,-0.007626752064766151,-0.007655984465326964,58896.346,-114.15800000000309,58872.774,-87.17900000000373,59182.5395,-18.731999999996333,61307.12439999999,-102.09260000001086,60479.875100000005,-2.2114999999976135,60416.435300000005,-43.894199999987904,0.008825077745233837,0.009382538714188447,0.010195909936856765,61166.99,57701.1,0.23748878354477515,41.31771810714682,-567.0481108009917,-642.103393791085,75.05528299009325,59182.5395,60275.977094657566,58089.10190534243,0.19896338702065144,2956.714212,0.782626207365083,-17.648319760175568,449.7900000000009,102.58999999999651,248.1999999999971,800.5799999999945,0.5618301731244897,0.4756003217507981,0.524399678249202,94.53708214767641,0,6,9,3,False,False,-1,1,high_vol,sideways_volatile
2024-09-01 04:00:00,58524.21,58599.98,57777.0,58478.64,3366.16193,1725177599999,195696846.647493,308352.0,1553.16297,90316179.5435018,0,-0.0007786521167906235,-0.0007789554238074359,58767.876000000004,-128.4699999999939,58911.139,38.36500000000524,59154.726500000004,-27.812999999994645,61195.9524,-111.17199999999139,60467.833099999996,-12.042000000008557,60374.90505000001,-41.53024999999616,0.0051431308447674705,0.009363120433708497,0.010130710518954684,61166.99,57701.1,0.22434064554847413,39.44489071660648,-568.5307728941334,-627.3888696116948,58.85809671756135,59154.726500000004,60291.419139885795,58018.033860114214,0.20260804184148895,2256.7317209999997,1.491609258945672,-2.621069112254511,45.56999999999971,75.77000000000407,701.6399999999994,822.9800000000032,0.05537194099492033,0.46140471026003194,0.5385952897399681,91.60343632072387,4,6,9,3,False,False,-1,1,high_vol,sideways_volatile
2024-09-01 08:00:00,58478.64,58504.81,57840.0,58240.52,2520.59733,1725191999999,146489513.8267241,234773.0,1149.12287,66796196.3637345,0,-0.004071914121121845,-0.00408022693714931,58614.672,-153.20400000000518,58865.189,-45.950000000004366,59109.697499999995,-45.029000000009546,61084.122599999995,-111.8298000000068,60479.76369999999,11.93059999999241,60333.05765,-41.84740000000602,0.0040086018031323545,0.0093815326173398,0.01013396965711418,61166.99,57701.1,0.1556367917042948,40.30386110886512,-582.208747207631,-618.352845130882,36.144097923251024,59109.697499999995,60317.77286143283,57901.62213856716,0.14026354325730475,1867.032853,1.3500551562067238,-10.263655861689019,238.12000000000262,26.169999999998254,400.5199999999968,664.8099999999977,0.3581775244054744,0.4558930759479936,0.5441069240520064,93.14181095319972,8,6,9,3,False,False,-1,1,high_vol,sideways_volatile
2024-09-01 12:00:00,58240.51,58360.38,57201.0,58217.0,5911.39633,1725206399999,342325344.022786,543773.0,2784.19121,161275254.6765828,0,-0.00040384254810910125,-0.00040392411447165053,58486.871999999996,-127.80000000000291,58774.490000000005,-90.69899999999325,59041.353500000005,-68.34399999999005,60962.162599999996,-121.95999999999913,60486.5231,6.759400000009919,60289.38265000001,-43.674999999995634,0.002885366578939123,0.009181815606709335,0.010046240913962952,61166.99,57201.0,0.2561781547608543,36.36669339610443,-588.1664906474689,-612.3155742341994,24.149083586730512,59041.353500000005,60290.438269047045,57792.268730952965,0.1700169914693116,2291.056662,2.5802052075131083,-2.3872733567899895,23.510000000002037,119.86999999999534,1016.0,1159.3799999999974,0.020278079663270103,0.47098706541978724,0.5290129345802128,91.98723442723389,12,6,9,3,False,False,-1,1,high_vol,sideways_volatile
2024-09-01 16:00:00,58217.0,58788.93,57864.3,58514.0,2668.74429,1725220799999,155690903.8952278,366318.0,1257.83227,73404143.2435206,0,0.00510160262466286,0.005088633540035739,58394.873999999996,-91.99799999999959,58702.689,-71.80100000000675,58963.7005,-77.6530000000057,60854.3424,-107.82019999999466,60492.7631,6.239999999997963,60249.082599999994,-40.30005000001256,0.003442162640816093,0.009046343527444857,0.010073920780053727,61166.99,57201.0,0.33106487913484417,39.07875185735512,-562.4391786342676,-602.3402951142131,39.90111647994547,58963.7005,60134.97409677631,57792.42690322369,0.3080292677826478,2393.1505989999996,1.1151593598477088,13.61487287441802,297.0,274.9300000000003,352.6999999999971,924.6299999999974,0.32120956490704483,0.47131989179825096,0.528680108201749,137.26230773499847,16,6,9,3,False,False,-1,1,high_vol,sideways_volatile
2024-09-01 20:00:00,58514.01,58656.77,57205.0,57301.86,3924.2555,1725235199999,226262328.1779473,481205.0,1806.65588,104120337.1213951,0,-0.020715384352462674,-0.02093295791872379,58150.403999999995,-244.47000000000116,58523.375,-179.3139999999985,58789.793999999994,-173.9065000000046,60720.859599999996,-133.48280000000523,60481.2118,-11.551299999999173,60204.511849999995,-44.57074999999895,0.0070858656452270265,0.00947938302778185,0.01041623322292404,60960.0,57201.0,0.02683160415004006,39.95816800155986,-632.5678181836483,-608.3857997281002,-24.182018455548132,58789.793999999994,59853.489209381,57726.09879061899,-0.19941745853394796,2662.509088,1.4738937484520618,-81.2924609797656,1212.1500000000015,142.75999999999476,96.86000000000058,1451.7699999999968,0.8349463069218982,0.4603818176466848,0.5396181823533152,122.62325936728635,20,6,9,3,False,False,-1,1,high_vol,sideways_volatile
2024-09-02 08:00:00,57548.0,58680.76,57520.12,58422.01,5072.33101,1725278399999,295424529.615161,426436.0,2699.14009,157208994.2779219,0,0.015187672062916713,0.015073493986268621,57905.574,41.00200000000041,58196.223,-43.39899999999761,58592.943499999994,-30.5,60345.7274,-113.58000000000175,60456.787399999994,-12.61380000000645,60082.186799999996,-38.17995000000519,0.009607711161845101,0.008918969073943087,0.010758628142547012,59944.07,57128.0,0.45950917413274606,40.62565099645858,-600.0406719648745,-620.1992257263398,20.158553761465328,58592.943499999994,59787.023148464,57398.863851535985,0.42842458196994215,3410.256602,1.4873751749429207,77.03689997444312,874.010000000002,258.75,27.87999999999738,1160.6399999999994,0.7530414254204598,0.5321301162480719,0.4678698837519281,84.07101176151357,8,0,9,3,False,False,-1,1,high_vol,sideways_volatile
2024-09-02 12:00:00,58422.01,58808.0,58104.0,58537.99,4023.88935,1725292799999,235342296.6159114,342196.0,1963.98789,114833563.255814,0,0.0019852107108262462,0.0019832427841120995,57910.371999999996,4.797999999995227,58152.623,-43.599999999998545,58556.287999999986,-36.65550000000803,60239.122,-106.60540000000037,60453.4213,-3.3660999999920023,60043.75675,-38.43004999999539,0.009607103195685885,0.008875598556921032,0.010768395257192608,59944.07,57128.0,0.5006942299019549,43.52203978815006,-534.4616770898865,-603.0517159990492,68.59003890916267,58556.287999999986,59706.93318448295,57405.64281551702,0.49204880868283907,3702.2863690000004,1.0868660468009301,7.988268236799661,115.97999999999593,270.01000000000204,318.01000000000204,704.0,0.1647443181818124,0.48808198217478327,0.5119180178252168,85.0411058147014,12,0,9,3,False,False,-1,1,high_vol,sideways_volatile
2024-09-02 16:00:00,58537.99,58666.64,58293.12,58439.99,2856.4724,1725307199999,166995242.4092949,234691.0,1085.11649,63435211.4056283,0,-0.0016741264946062984,-0.0016755294103571923,58137.998,227.62600000000384,58144.201,-8.421999999998661,58508.4875,-47.800499999983,60130.443600000006,-108.67839999999705,60446.2375,-7.183799999998882,60005.48665,-38.27010000000155,0.009310058138512342,0.008855494233843658,0.010765359228200811,59944.07,57128.0,0.46589395860188065,42.21051957321425,-484.8090551554633,-579.4031838303321,94.59412867486878,58508.4875,59589.582154172414,57427.39284582759,0.4683203039920494,3756.533406,0.7604011707809102,-4.78209612595164,98.0,128.65000000000146,146.86999999999534,373.5199999999968,0.26236881559220615,0.3798799141206476,0.6201200858793524,82.16112993074955,16,0,9,3,False,False,-1,1,high_vol,sideways_volatile
2024-09-11 12:00:00,56798.0,57166.66,55545.19,56701.23,10825.4419,1726070399999,610054699.1611582,1393219.0,5387.55432,303713850.9079562,0,-0.0017035814119477077,-0.0017050341569085923,56933.352,-250.1559999999954,57018.60799999999,-34.07700000000477,56125.377,113.24899999999616,56054.547399999996,-48.21540000000823,57940.651000000005,-75.18769999999495,59133.3483,-20.811700000005658,0.01137832310454072,0.011668558830151445,0.011593847870934882,58088.0,53629.01,0.6889945929459368,62.71068945419437,390.29879718180746,312.20076913117947,78.09802805062799,56125.377,58579.44249319496,53671.31150680504,0.61732633085727,4774.3081409999995,2.2674367846170407,-18.442021596959876,96.7699999999968,368.6600000000035,1156.0400000000009,1621.4700000000012,0.05968041345198908,0.49767523300827105,0.502324766991729,128.69857996281888,12,2,9,3,False,False,1,-1,high_vol,sideways_volatile
2024-09-11 16:00:00,56701.22,57981.71,56646.0,57585.5,7312.7816,1726084799999,420385790.278276,989322.0,3608.4396,207447529.2954005,0,0.015595252519213343,0.015474896279773795,56923.254,-10.097999999998137,57124.683999999994,106.07600000000093,56276.84800000001,151.47100000001228,56024.8174,-29.729999999995925,57875.356100000005,-65.29490000000078,59117.9996,-15.348699999995006,0.011981664213993628,0.012052451109769139,0.011822542378351735,58088.0,53629.01,0.8873063182469573,65.70588959862042,432.8906143502318,336.33873817498994,96.55187617524183,56276.84800000001,58696.80775118025,53856.88824881978,0.7703871416377372,5146.659694,1.420879178882815,114.04467566985699,884.2799999999988,396.2099999999991,55.220000000001164,1335.7099999999991,0.6620299316468391,0.4934428234531167,0.5065571765468834,135.2866876264977,16,2,9,3,False,False,1,-1,high_vol,sideways_volatile
2024-09-11 20:00:00,57585.5,57676.83,57211.1,57338.0,1597.48582,1726099199999,91736721.7981297,183340.0,751.29153,43144378.7013845,0,-0.004297956950968573,-0.004307219718122143,57026.943999999996,103.68999999999505,57136.627,11.943000000006577,56459.39800000001,182.54999999999563,56017.0774,-7.739999999997963,57812.46600000001,-62.89009999999689,59105.63845,-12.361150000004272,0.011528661888803684,0.011363308714300685,0.011389970188842132,58088.0,53629.01,0.8318004749954585,62.9888450308352,441.5834555579786,357.3876816515877,84.19577390639091,56459.39800000001,58590.33382315023,54328.46217684979,0.7061540264270209,5009.409762,0.3188970149972731,-6.865925284142731,247.5,91.33000000000175,126.90000000000146,465.7300000000032,0.531423786313955,0.470296212081557,0.5297037879184431,114.76784188294077,20,2,9,3,False,False,1,-1,high_vol,sideways_volatile
2024-09-12 00:00:00,57338.0,58470.01,57324.0,58232.72,4925.10026,1726113599999,285534620.9249848,575098.0,2731.00706,158357287.7436567,0,0.015604311276989025,0.015483815893520474,57331.088,304.1440000000075,57237.099,100.47200000000157,56654.18350000001,194.78549999999814,56020.8118,3.7344000000011874,57756.2032,-56.26280000000406,59093.394949999994,-12.243500000004133,0.012505761322740467,0.011530724844586393,0.011578322532107646,58470.01,54184.0,0.9446361534387459,58.524425381637265,514.7354712556844,388.857239572407,125.87823168327736,56654.18350000001,58677.7565678425,54630.61043215751,0.890036941360118,5149.545542,0.9564145456779806,76.85279752741958,894.7200000000012,237.29000000000087,14.0,1146.010000000002,0.7807261716738942,0.5545079116825938,0.44549208831740617,116.76879040833983,0,3,9,3,False,False,1,-1,high_vol,sideways_volatile
2024-09-12 04:00:00,58232.73,58430.56,57836.28,58138.16,3805.17892,1726127999999,220941512.8784514,368281.0,1678.5305,97466411.7172353,0,-0.001623829352295325,-0.0016251491921680078,57599.121999999996,268.0339999999924,57391.315,154.21600000000035,56817.594,163.41049999999086,56033.8204,13.008599999993748,57702.2595,-53.943700000003446,59079.8958,-13.499149999996007,0.011762537836176257,0.011486431777884897,0.011495875240105391,58470.01,54591.96,0.9144286432614334,58.116889848556234,558.6391249076769,422.81361663946103,135.82550826821586,56817.594,58760.74201852901,54874.445981470984,0.8398006707177385,4916.360709,0.7739828595233369,-6.178961221031424,94.56999999999971,197.82999999999447,301.88000000000466,594.2799999999988,0.1591337416705928,0.4411173653826507,0.5588826346173492,96.78414806313496,4,3,9,3,False,False,1,-1,high_vol,sideways_volatile
2024-09-12 08:00:00,58138.15,58350.0,57894.0,58057.99,3403.41297,1726142399999,197763694.3723588,296451.0,1531.8636,89019047.598242,0,-0.0013789566095659955,-0.0013799082451749418,57870.474,271.3520000000062,57401.913,10.597999999998137,56964.7435,147.14949999999953,56061.90059999999,28.080199999996694,57649.4095,-52.849999999998545,59067.996549999996,-11.899250000002212,0.009119052001037721,0.0115203799204304,0.011299371532455377,58470.01,54591.96,0.8937558824667027,62.139266062309495,580.2749888810795,454.30589108778474,125.96909779329474,56964.7435,58808.18772810088,55121.299271899115,0.796522803167814,4753.0513169999995,0.7160480169501188,-4.693158810064135,80.16000000000349,211.84999999999854,163.98999999999796,456.0,0.17578947368421818,0.4500963043576813,0.5499036956423188,87.10403427768567,8,3,9,3,False,False,1,-1,high_vol,sideways_volatile
2024-09-12 12:00:00,58058.0,58588.0,57345.23,57512.03,9147.61704,1726156799999,528891583.070217,1276310.0,4532.42281,262106428.1576048,0,-0.009403701368235429,-0.009448195326233635,57855.780000000006,-14.693999999995867,57389.51700000001,-12.395999999993364,57091.644499999995,126.90099999999802,56077.2212,15.32060000000638,57596.18979999999,-53.21970000000874,59051.3467,-16.64984999999433,0.009470917697866775,0.011782500054665452,0.011385322497340178,58588.0,54804.0,0.715652748414376,52.37913019791223,547.0609793003459,472.856908730297,74.20407057004894,57091.644499999995,58691.40019346023,55491.88880653976,0.6313905309787398,5430.787676,1.6843996830193881,-86.02145887514172,545.9700000000012,530.0,166.79999999999563,1242.7699999999968,0.4393170095834326,0.4954757933329488,0.5045242066670512,139.5237682577932,12,3,9,3,False,False,1,-1,high_vol,sideways_volatile
2024-09-12 16:00:00,57512.03,58450.99,57494.01,58388.0,5931.38887,1726171199999,345209926.5743868,770746.0,2665.14774,155064092.6875597,0,0.015231074263940991,0.01511624595662883,58065.780000000006,210.0,57546.362,156.8449999999939,57247.801,156.1565000000046,56113.5212,36.30000000000291,57550.36979999999,-45.81999999999971,59038.68230000001,-12.664399999994203,0.009204383931663439,0.012119052899396347,0.011566609013532547,58588.0,54804.0,0.9471458773784355,58.24575769983167,584.6822426852377,495.2219755212852,89.46026716395255,57247.801,58699.625426298626,55795.97657370137,0.8926779916862594,5560.4179970000005,1.066716364345297,90.34142436728304,875.9700000000012,62.98999999999796,18.0199999999968,956.9799999999959,0.9153482831407186,0.4493294569640989,0.5506705430359011,129.94359616148384,16,3,9,3,False,False,1,-1,high_vol,sideways_volatile
2024-09-12 20:00:00,58388.0,58388.0,57781.1,58132.32,3861.70825,1726185599999,224507300.2553029,419878.0,1644.03247,95559188.6057884,0,-0.004378981982599117,-0.0043885978061475655,58045.7,-20.080000000009022,57688.39399999999,142.03199999999197,57385.117000000006,137.31600000000617,56113.4876,-0.033600000002479646,57502.6699,-47.69989999999234,59026.764449999995,-11.91785000001255,0.009376134864108205,0.012225620498459329,0.010914787739314025,58588.0,55348.54,0.8593345804547671,61.5380918048546,587.09842063424,513.5972645438761,73.5011560903639,57385.117000000006,58594.81287334366,56175.42112665635,0.8088391952328855,5510.474794,0.7007941047484265,-16.910350848804367,255.6800000000003,0.0,351.22000000000116,606.9000000000015,0.4212885154061619,0.4257267415268878,0.5742732584731123,108.72856591380253,20,3,9,3,False,False,1,-1,high_vol,sideways_volatile
2024-09-13 00:00:00,58132.31,58290.4,57798.49,57845.97,2349.18013,1726199999999,136295703.7817192,294108.0,1118.81521,64915073.8051624,0,-0.004925831275958026,-0.004938003170420747,57987.262,-58.437999999994645,57793.192,104.79800000000978,57422.938500000004,37.821499999998196,56109.24679999999,-4.240800000006857,57456.9596,-45.710299999998824,59010.91205,-15.852399999996123,0.009669185404710684,0.010342400124377045,0.010936000020736712,58588.0,55545.19,0.7561365974214626,49.05117091450515,559.4581222109991,522.7694360773007,36.68868613369841,57422.938500000004,58640.99475234047,56204.88224765954,0.6736502313366696,5315.929576,0.44191332793532856,-11.571664957213143,286.3399999999965,158.09000000000378,47.4800000000032,491.9100000000035,0.582098351324418,0.47625773592764037,0.5237422640723596,125.19601891916223,0,4,9,3,False,False,1,-1,high_vol,sideways_volatile
2024-09-13 04:00:00,57845.97,58137.68,57742.0,58109.31,2043.6269,1726214399999,118344021.1753709,244728.0,960.21328,55613887.1780053,0,0.004552434681275086,0.0045421036927457675,57997.526,10.263999999995576,57934.0,140.80799999999726,57476.304000000004,53.365499999999884,56112.015,2.7682000000058906,57420.96140000001,-35.99819999999454,58996.84105,-14.070999999996275,0.009614383005509783,0.010370215561494133,0.010952705025489607,58588.0,55545.19,0.8426816002313642,54.27549925387426,552.434206099213,528.7023900816832,23.73181601752981,57476.304000000004,58717.39215364303,56235.21584635698,0.7550205632621267,4437.748076000001,0.4605098948839023,9.303477975146691,263.3399999999965,28.37000000000262,103.97000000000116,395.6800000000003,0.6655378083299542,0.46985742847679296,0.530142571523207,119.75180009619173,4,4,9,3,False,False,1,-1,high_vol,sideways_volatile
2024-09-13 08:00:00,58109.31,58350.0,57815.0,57871.1,2642.80891,1726228799999,153555802.0504286,324775.0,1176.26086,68342682.9846429,0,-0.004099343117307641,-0.004107768457761671,58069.340000000004,71.81400000000576,57962.56,28.55999999999767,57543.621999999996,67.31799999999203,56126.7286,14.71360000000277,57378.652299999994,-42.30910000001313,58980.7715,-16.069550000000163,0.008596524405547815,0.01017454658273209,0.010769286498244173,58588.0,55545.19,0.7643954108209181,60.60665358087401,521.633084289715,527.2885289232896,-5.655444633574575,57543.621999999996,58711.27187969104,56375.97212030895,0.640229535281009,3970.7508070000003,0.6655690670240542,-10.83378051556781,238.20999999999913,240.69000000000233,56.099999999998545,535.0,0.4452523364485965,0.445079799583391,0.554920200416609,122.89008061502258,8,4,9,3,False,False,1,-1,high_vol,sideways_volatile
2024-09-13 12:00:00,57871.1,59723.97,57632.62,59667.38,10230.19313,1726243199999,599157893.8806589,1113641.0,5779.51025,338770122.7575,0,0.031039327056164412,0.03056734888169637,58325.216,255.87599999999657,58195.498,232.93800000000192,57666.0625,122.44050000000425,56176.9742,50.24559999999474,57381.1761,2.523800000002666,58972.82340000001,-7.948099999994156,0.012683701074479926,0.011956144671707228,0.011612955904368104,59723.97,55545.19,0.986457769971139,72.23507920839755,634.8496061279657,548.8007443642249,86.04886176374077,57666.0625,59158.57259809732,56173.55240190268,1.1704535877349547,4834.021538,2.116290349470098,317.5383104097963,1796.2799999999988,56.59000000000378,238.47999999999593,2091.3499999999985,0.8589093169483827,0.5649463481829693,0.4350536518170307,108.85825769351825,12,4,9,3,False,False,1,-1,high_vol,sideways_volatile
2024-09-13 16:00:00,59666.01,59999.0,59312.01,59743.99,6438.89464,1726257599999,384330344.1892286,800975.0,3259.50623,194584990.817253,0,0.0012839511304165718,0.0012831275700294087,58647.55,322.33400000000256,58346.625,151.1270000000004,57791.862,125.79950000000099,56237.8938,60.91960000000108,57382.325899999996,1.1497999999992317,58968.1976,-4.625800000008894,0.012027107239410537,0.011948908415747653,0.01154135704006737,59999.0,55545.19,0.9427434039620006,72.1958356815011,722.4285949627374,583.5263144839274,138.90228047880998,57791.862,59532.425068224984,56051.29893177502,1.060774853734765,4985.400976,1.291550001894973,8.267226051661206,77.97999999999593,255.01000000000204,354.0,686.989999999998,0.11350965807361993,0.5062213954785257,0.49377860452147426,124.3963513588413,16,4,9,3,False,False,1,-1,high_vol,sideways_volatile
2024-09-13 20:00:00,59743.99,60625.0,59633.4,60498.0,6120.52962,1726271999999,368987968.4718934,599785.0,3100.83148,186914976.4322018,0,0.01262068368717939,0.012541706660660196,59177.95599999999,530.4059999999881,58582.609,235.98399999999674,57986.962,195.09999999999854,56328.333600000005,90.43980000000738,57401.29610000001,18.970200000010664,58970.05114999999,1.8535499999925378,0.01230763469082131,0.01173606523576398,0.011477400952372813,60625.0,55545.19,0.9749990649256567,76.02798606455221,842.9607532240261,635.4132022319471,207.54755099207898,57986.962,60014.26125481513,55959.66274518487,1.1193062011037394,5216.936046000001,1.173203881748333,77.24526833203228,754.010000000002,127.0,110.58999999999651,991.5999999999985,0.7603973376361468,0.506627967270584,0.49337203272941604,97.99560450456573,20,4,9,3,False,False,1,-1,high_vol,sideways_volatile
2024-09-14 00:00:00,60497.99,60610.45,60285.55,60329.37,2276.07277,1726286399999,137611547.2994389,241125.0,948.07226,57329339.589985,0,-0.002787364871565945,-0.0027912568068744637,59621.96799999999,444.01200000000244,58809.746999999996,227.137999999999,58105.829999999994,118.86799999999494,56413.7208,85.38719999999739,57405.2398,3.94369999999617,58973.592450000004,3.541300000011688,0.012384533026049645,0.010753220273253254,0.011494313994773879,60625.0,55545.19,0.941802941448598,70.85644703017186,914.3364241897289,691.1978466235036,223.1385775662253,58105.829999999994,60387.34783934367,55824.31216065632,0.9872940201597672,5104.202026,0.44592137192180964,-6.344245284225795,168.61999999999534,112.45999999999913,43.81999999999971,324.8999999999942,0.5189904586026419,0.416538641688508,0.583461358311492,105.93905571832836,0,5,9,3,False,False,1,-1,high_vol,sideways_volatile
2024-09-14 04:00:00,60329.38,60348.24,59900.0,60138.14,2520.20691,1726300799999,151493638.3141896,178334.0,1070.2133,64352036.1710068,0,-0.003169766234920157,-0.0031748005852027545,60075.376000000004,453.40800000001036,59072.35799999999,262.61099999999715,58230.9375,125.10750000000553,56492.883599999994,79.16279999999097,57416.6212,11.381399999998393,58980.7202,7.127749999999651,0.011781963470172118,0.010681059400262635,0.011513109807267032,60625.0,55545.19,0.904157832674844,71.46780297222205,944.5829307960157,741.874863458006,202.70806733800976,58230.9375,60672.75666321595,55789.11833678405,0.8905290221181152,4441.461013,0.5674274529537562,-7.988466768330463,191.23999999999796,18.860000000000582,238.13999999999942,448.23999999999796,0.42664643940745767,0.4246529504198526,0.5753470495801474,70.76165028053192,4,5,9,3,False,False,1,-1,high_vol,sideways_volatile
2024-09-14 08:00:00,60138.14,60156.0,59605.98,59706.39,2203.8962,1726315199999,132040512.4555702,217213.0,1006.70338,60321337.5474369,0,-0.007179304182004964,-0.0072051994004760315,60083.178,7.801999999996042,59204.197,131.83900000000722,58375.279500000004,144.3420000000042,56555.251399999994,62.36779999999999,57424.6966,8.075400000001537,58986.70465,5.984449999996286,0.011652376559939453,0.010222748061571047,0.01154484678631722,60625.0,55545.19,0.8191644963099012,62.161501959975226,923.0742629713568,778.1147433606761,144.95951961068067,58375.279500000004,60807.087883556786,55943.47111644322,0.7736873737669049,4068.711746,0.5416692893436547,-15.82244120536485,431.75,17.860000000000582,100.40999999999622,550.0199999999968,0.784971455583438,0.4567834819080862,0.5432165180919138,98.55863447652389,8,5,9,3,False,False,1,-1,high_vol,sideways_volatile
2024-09-14 12:00:00,59706.4,60010.0,59626.01,59876.0,1704.29511,1726329599999,101961989.0623791,212334.0,891.36942,53328644.3450857,0,0.0028407344674497015,0.0028367072064091475,60109.58,26.402000000001863,59378.565,174.3680000000022,58533.479499999994,158.1999999999898,56636.6856,81.43420000000333,57433.10760000001,8.411000000007334,58992.7116,6.006950000002689,0.011414103817264782,0.010169616427529124,0.011342152976922247,60625.0,55545.19,0.8525535403883215,64.1660960579086,909.2335202258691,804.3384987337148,104.89502149215434,58533.479499999994,60920.953637290644,56146.005362709344,0.7811591713247883,3852.9704320000005,0.44233277677019034,4.841449861682981,169.59999999999854,134.0,80.38999999999942,383.98999999999796,0.4416781687023085,0.5230135407711168,0.4769864592288832,124.58757802807989,12,5,9,3,False,False,1,-1,high_vol,sideways_volatile
2024-09-14 16:00:00,59875.99,59983.39,59400.0,59810.0,2133.99814,1726343999999,127445550.0997541,248342.0,988.30214,59034028.2263187,0,-0.001102278041285376,-0.0011028859965237273,59971.98,-137.59999999999854,59574.96800000001,196.4030000000057,58684.079999999994,150.60050000000047,56712.9038,76.21820000000298,57439.7966,6.688999999991211,58992.503099999994,-0.20850000000791624,0.01118008943664727,0.010203363183448203,0.011344071871512547,60625.0,55545.19,0.8395609284599227,64.31467261909629,882.7630406363751,820.0234071142469,62.7396335221282,58684.079999999994,60989.18308765507,56378.97691234492,0.7442233507971606,3831.452233,0.5569684835478412,-2.352259289865836,65.98999999999796,107.40000000000146,410.0,583.3899999999994,0.11311472599804252,0.46312230618907657,0.5368776938109234,116.37404707391168,16,5,9,3,False,False,1,-1,high_vol,sideways_volatile
2024-09-14 20:00:00,59810.01,60134.13,59774.0,59993.03,1299.43988,1726358399999,77973787.1103644,191436.0,665.56048,39937713.8633805,0,0.0030601906035778725,0.0030555177510984315,59904.712,-67.26800000000367,59763.33999999999,188.3719999999812,58848.67,164.59000000000378,56831.864199999996,118.9603999999963,57443.8881,4.091499999994994,58991.43140000001,-1.0716999999858672,0.011172953491970193,0.010152206316507354,0.010064908660615315,60625.0,56646.0,0.841173661724051,71.548804002293,866.564766990632,829.331679089524,37.23308790110809,58848.67,61024.08211003947,56673.25788996053,0.7630214281512017,3757.0335309999996,0.34586858735171616,3.976533710690358,183.0199999999968,141.09999999999854,36.01000000000204,360.1299999999974,0.5082053702829482,0.5121902830933587,0.4878097169066413,147.3219368948412,20,5,9,3,False,False,1,-1,high_vol,sideways_volatile
2024-09-15 00:00:00,59993.02,60280.06,59986.01,60155.93,1236.11942,1726372799999,74371041.1762579,134899.0,580.87964,34946469.2367647,0,0.0027153154291423842,0.0027116356199259105,59908.27,3.5579999999972642,59991.823,228.48300000000745,58977.19149999999,128.52149999999529,56964.2972,132.43300000000454,57444.77680000001,0.8887000000104308,58996.99115,5.559749999993073,0.010878795809205963,0.009701274133860283,0.009925093937654788,60625.0,57211.1,0.8625999589911832,67.52636493953761,856.9933016899522,834.8640036096097,22.12929808034255,58977.19149999999,61142.07679025686,56812.306209743125,0.7722404058323448,3616.3645819999997,0.3418127215802934,3.356454133388535,162.9100000000035,124.12999999999738,7.009999999994761,294.04999999999563,0.5540214249277535,0.46992194330220943,0.5300780566977906,109.13104172410786,0,6,9,3,False,False,1,-1,high_vol,sideways_volatile
2024-09-15 04:00:00,60155.93,60216.0,60032.9,60196.0,1021.60267,1726387199999,61454735.6550933,95809.0,447.72474,26936357.0878616,0,0.0006661022446166065,0.0006658804969820655,60006.192,97.92200000000594,60044.685,52.86200000000099,59120.091499999995,142.90000000000146,57088.957800000004,124.66060000000289,57438.9369,-5.83990000000631,59001.23795,4.246800000000803,0.00525725381643323,0.009588311922331713,0.009894440574733944,60625.0,57324.0,0.8700393820054529,71.37190815282457,842.9244522185836,836.4760933314045,6.448358887179097,59120.091499999995,61205.23174296032,57034.95125703967,0.7579942772752087,2695.5055359999997,0.3790022525852457,0.6804918315933183,40.06999999999971,20.0,123.02999999999884,183.09999999999854,0.21884216275259435,0.4382572140301865,0.5617427859698135,93.78303602123515,4,6,9,3,False,False,1,-1,high_vol,sideways_volatile
2024-09-15 08:00:00,60195.99,60204.0,59880.0,60000.51,1163.54597,1726401599999,69838938.6812415,154011.0,545.88972,32763350.7046268,0,-0.0032475579772741625,-0.003252842738496194,60031.094,24.901999999994587,60070.337,25.652000000001863,59208.48099999999,88.3894999999975,57212.5898,123.63199999999779,57446.362,7.425100000000384,59006.040499999996,4.802549999993062,0.0054129775357045825,0.009146469237603292,0.009900624191193419,60625.0,57345.23,0.8095933556316454,72.74084050359289,806.7012288182887,830.5211204287814,-23.819891610492732,59208.48099999999,61285.095207273334,57131.86679272665,0.6907020084004838,2167.970669,0.5366982065936797,-3.778682996798703,195.47999999999593,8.010000000002037,120.51000000000204,324.0,0.6033333333333207,0.4691604234596765,0.5308395765403235,132.3634853894084,8,6,9,3,False,False,1,-1,high_vol,sideways_volatile
2024-09-15 12:00:00,60000.51,60395.8,59871.0,60335.41,2112.8118,1726415999999,127130445.2753498,306359.0,1196.65308,72010229.7035883,0,0.0055816192229032335,0.005566099708892086,60136.176,105.08200000000215,60054.078,-16.258999999998196,59318.3435,109.86250000001019,57333.578,120.98819999999978,57456.126000000004,9.764000000002852,59011.5273,5.486800000006042,0.003899271592835509,0.009157372056348303,0.009869055653392952,60625.0,57345.23,0.9117041743780824,73.14649220582614,795.8437036036121,823.5856370637476,-27.741933460135556,59318.3435,61389.01782381262,57247.66917618739,0.7455882338192454,1767.198887,1.1955710336524221,11.792910957256781,334.90000000000146,60.38999999999942,129.51000000000204,524.8000000000029,0.6381478658536578,0.5663794001907789,0.433620599809221,145.00061008746732,12,6,9,3,False,False,1,-1,high_vol,sideways_volatile
2024-09-15 16:00:00,60335.41,60352.65,59707.08,59878.22,3245.74935,1726430399999,194654342.148669,367017.0,1394.01734,83567675.2863981,0,-0.007577473990812433,-0.0076063289041747835,60113.214,-22.961999999999534,60008.963,-45.11499999999796,59409.355,91.01150000000052,57444.6224,111.04439999999886,57464.58810000001,8.462100000004284,59016.7684,5.241099999999278,0.004492967784747682,0.009376316917544274,0.009963165144450331,60625.0,57345.23,0.7723072044686061,69.9606181753088,741.796654462727,807.2278405435436,-65.43118608081659,59409.355,61405.44837537653,57413.261624623476,0.6174456580498282,1864.166545,1.741126273672077,-24.59458128032136,457.1900000000023,17.239999999997963,171.13999999999942,645.5699999999997,0.7081958579240091,0.42949013915692535,0.5705098608430746,113.07619918340275,16,6,9,3,False,False,1,-1,high_vol,sideways_volatile
2024-09-15 20:00:00,59878.23,59939.1,58691.05,59132.0,4978.0944,1726444799999,294961369.4540841,494855.0,2266.08245,134236642.5511572,0,-0.012462294303337673,-0.012540599951849845,59908.428,-204.78600000000006,59908.349,-100.6140000000014,59490.353500000005,80.99850000000151,57531.6624,87.04000000000087,57463.1971,-1.3910000000105356,59015.0671,-1.7013000000006286,0.005816939514569702,0.009587558535840545,0.010125632133530071,60625.0,57494.01,0.5231540183775736,43.27013002685014,631.4710557972212,772.0764835942791,-140.60542779705793,59490.353500000005,61283.42291337795,57697.28408662206,0.4000726080857891,2109.9552940000003,2.359336434357646,-62.03847748259717,746.2300000000032,60.86999999999534,440.9499999999971,1248.0499999999956,0.5979167501302077,0.45521082324192164,0.5447891767580784,99.40651185722794,20,6,9,3,False,False,1,-1,high_vol,sideways_volatile
2024-09-16 00:00:00,59132.0,59210.7,58112.0,58575.09,5370.8386,1726459199999,314561655.4714526,646084.0,2439.50736,142917598.3222848,0,-0.009418081580193527,-0.00946271215448723,59584.246,-324.1820000000007,59795.219,-113.13000000000466,59499.708,9.354499999994005,57615.083999999995,83.42159999999421,57454.988,-8.209100000000035,59003.84180000001,-11.225299999990966,0.006089225239812203,0.009300502016421738,0.010175425368846962,60625.0,57632.62,0.3149566565743638,36.889684473097454,493.41150065133115,716.3434870056897,-222.93198635435851,59499.708,61270.37478060612,57729.041219393876,0.23890683155994688,2426.649534,2.2132732909094237,-50.58299608885239,556.9100000000035,78.69999999999709,463.0899999999965,1098.699999999997,0.5068808591972376,0.45421349284262613,0.5457865071573739,120.29480833775195,0,0,9,3,False,False,1,-1,high_vol,sideways_volatile
2024-09-16 04:00:00,58575.09,58970.0,58312.54,58911.1,3433.45011,1726473599999,201270450.2025985,283613.0,1775.53253,104087846.971447,0,0.005736397502761115,0.00572000702625941,59366.364,-217.8819999999978,59698.72899999999,-96.49000000000524,59538.647,38.93899999999849,57710.0888,95.00480000000243,57463.149099999995,8.161099999997532,58995.46155,-8.380250000009255,0.006400320321571511,0.009313385311480115,0.010154989856037728,60625.0,57632.62,0.4272452028151495,30.359856829556904,406.42647595696326,654.3600847959444,-247.93360883898117,59538.647,61214.41067812753,57862.88332187246,0.3127579060845838,2599.565034,1.3207786937789685,19.695634636858877,336.01000000000204,58.900000000001455,262.54999999999563,657.4599999999991,0.5110729169835465,0.5171278082150434,0.48287219178495655,82.60291861354582,4,0,9,3,False,False,1,-1,high_vol,sideways_volatile
2024-09-16 08:00:00,58911.1,59179.35,58506.0,58663.99,3270.35511,1726487999999,192284493.7478946,345603.0,1592.54885,93637309.742898,0,-0.004194625461076074,-0.004203447581425429,59032.08,-334.28399999999965,59584.128000000004,-114.60099999998783,59579.547999999995,40.90099999999802,57795.308800000006,85.22000000000844,57462.7888,-0.36029999999300344,58984.01735,-11.44419999999809,0.006447870196630167,0.009291521605094945,0.01018122220460251,60625.0,57632.62,0.34466545024361755,29.781323905769696,313.93169619976106,586.2744070767078,-272.34271087694674,59579.547999999995,61115.45405206963,58043.64194793036,0.20194856685202817,2713.200731,1.2053494872805266,-13.717914811166244,247.11000000000058,268.25,157.98999999999796,673.3499999999985,0.3669859656939201,0.48696511431750905,0.5130348856824909,105.67751463540607,8,0,9,3,False,False,1,-1,high_vol,sideways_volatile
2024-09-16 12:00:00,58664.0,58789.93,57553.38,57881.69,6950.28148,1726502399999,403732673.906035,867915.0,3256.86895,189196338.1052494,0,-0.013335267512489257,-0.013424980650774195,58632.774,-399.30600000000413,59372.99399999999,-211.13400000001275,59568.166999999994,-11.381000000001222,57864.2176,68.90879999999743,57450.3658,-12.423000000002503,58968.8557,-15.161650000001828,0.007094564480533123,0.009754890930762736,0.010396502580209676,60625.0,57553.38,0.10688496623931498,26.043584337157583,175.4810089688981,504.11572745514593,-328.63471848624783,59568.166999999994,61152.55242772399,57983.781572276,-0.032218035614810354,3278.2848910000002,2.1200968528027784,-92.68386282289975,782.3099999999977,125.93000000000029,328.31000000000495,1236.550000000003,0.6326553718005709,0.468595258964965,0.531404741035035,124.8747985959268,12,0,9,3,False,False,1,-1,high_vol,sideways_volatile
2024-09-16 16:00:00,57881.7,58263.84,57493.3,57943.99,4927.89314,1726516799999,285105196.8715293,633549.0,2537.32985,146801766.4763471,0,0.001076333465729773,0.0010757546341716667,58395.172,-237.60199999999895,59151.8,-221.1939999999886,59571.811499999996,3.6445000000021537,57931.9758,67.75819999999658,57437.48560000001,-12.880199999992328,58952.0913,-16.764400000000023,0.006951131061863561,0.009713209328467922,0.010395686926723558,60625.0,57493.3,0.14391225213142878,29.69603966783714,69.97826530974999,417.2882350260668,-347.3099697163168,59571.811499999996,61140.012984051384,58003.61001594861,-0.01900904206345497,3647.462263,1.351047052628547,5.304056302122174,62.29000000000087,319.84999999999854,388.3999999999942,770.5399999999936,0.08083941132193188,0.5148914105714557,0.4851085894285443,128.56386735691268,16,0,9,3,False,False,1,-1,high_vol,sideways_volatile
2024-09-17 12:00:00,59080.99,61320.0,58872.02,61135.5,14518.51056,1726588799999,874214020.4557544,1351661.0,7694.16804,463554032.895002,0,0.034774468064939335,0.03418349772126732,59037.174,638.3020000000033,58716.172999999995,200.34999999999854,59312.261,49.867999999994936,58376.0338,123.2297999999937,57438.81909999999,21.615099999995437,58960.45285,15.37565000000177,0.013343112951046168,0.010352411366192827,0.01107805266557446,61320.0,57493.3,0.9517861342671231,56.508107598865045,175.69273749295098,158.40553899226984,17.287198500681143,59312.261,61154.81671072156,57469.705289278434,0.9947581745807842,4920.052035,2.950885571274248,504.8734818192045,2054.510000000002,184.5,208.97000000000116,2447.980000000003,0.8392674776754709,0.529955742236964,0.47004425776303604,93.09915052333027,12,1,9,3,False,False,1,-1,high_vol,sideways_volatile
2024-09-17 16:00:00,61135.49,61261.0,59618.26,59967.99,7151.64931,1726603199999,433884369.7976133,985595.0,3098.12511,187960560.9744852,0,-0.01909708761685114,-0.019281792323453083,59387.974,350.8000000000029,58855.463,139.29000000000815,59325.341,13.080000000001746,58470.09619999999,94.06239999999525,57453.25689999999,14.437799999999697,58966.566,6.113149999997404,0.014663326778201063,0.011152392670547748,0.011468583957067832,61320.0,57493.3,0.6466903598400703,49.801463746987125,230.04670341521705,172.7337718768593,57.31293153835776,59325.341,61183.32666498266,57467.35533501734,0.6729423999635634,5098.133106,1.4027976832506028,-136.57567347806298,1167.5,125.51000000000204,349.7299999999959,1642.739999999998,0.71070285011627,0.43320428277543716,0.5667957172245628,137.8136646915647,16,1,9,3,False,False,1,-1,high_vol,sideways_volatile
2024-09-17 20:00:00,59967.98,60424.25,59715.42,60313.99,3241.65332,1726617599999,194960882.2530317,461593.0,1626.11122,97801181.1956132,0,0.0057697448255311645,0.005753163596921934,59838.772,450.7979999999952,58995.752,140.28899999999703,59347.2405,21.899499999999534,58568.655999999995,98.55980000000272,57471.6104,18.353500000004715,58969.72175,3.155749999998079,0.014664161289406489,0.01120692627444409,0.011482877401001098,61320.0,57493.3,0.7371076906995576,49.86940680694153,297.611244198597,197.70926634120684,99.90197785739014,59347.2405,61242.50527653068,57451.97572346932,0.7550433881248115,5078.9534269999995,0.6382522239261321,18.70351246923592,346.00999999999476,110.26000000000204,252.56000000000495,708.8300000000017,0.488142431894804,0.5016302051695029,0.49836979483049715,142.3943137756631,20,1,9,3,False,False,1,-1,high_vol,sideways_volatile
2024-09-18 00:00:00,60313.99,60769.0,59854.6,60509.99,3991.84107,1726631999999,240886783.7596295,498794.0,1757.55599,106004244.7478574,0,0.0032496606508705117,0.0032443919150142663,60201.691999999995,362.91999999999825,59180.352,184.59999999999854,59382.240000000005,34.999500000005355,58637.065,68.40900000000693,57494.305100000005,22.694700000007288,58987.034400000004,17.312650000007125,0.01447700767908381,0.0112179827208137,0.010697847170509549,61320.0,57493.3,0.7883267567355678,53.978475663897925,362.79017222889524,230.72544751874455,132.0647247101507,59382.240000000005,61338.36272069036,57426.11727930965,0.7882615666367768,5151.102023,0.7749489433865169,12.97212884970784,196.0,259.01000000000204,459.3899999999994,914.4000000000015,0.2143482064741904,0.4402870653364965,0.5597129346635035,124.95337145273672,0,2,9,3,False,False,1,-1,high_vol,sideways_volatile
2024-09-18 04:00:00,60510.0,60689.62,60199.68,60428.01,1833.32107,1726646399999,110764290.782693,315635.0,810.06208,48940357.9166676,0,-0.0013548176094557718,-0.0013557362046128878,60471.096,269.40400000000227,59434.984,254.6319999999978,59403.989,21.74899999999616,58704.785200000006,67.72020000000339,57516.4152,22.110099999998056,59001.46915,14.434749999993073,0.01341356968220626,0.0112113148116208,0.010700146239721861,61320.0,57493.3,0.7669035984007111,58.90653842083346,403.18220789674524,265.2167995943447,137.96540830240053,59403.989,61398.010937069055,57409.96706293095,0.7567727518347103,4639.405982,0.3951628887648401,-2.4838156694222975,81.98999999999796,179.62000000000262,228.33000000000175,489.9400000000023,0.16734702208433191,0.44185499924462224,0.5581450007553778,172.1656970865447,4,2,9,3,False,False,1,-1,high_vol,sideways_volatile
2024-09-18 08:00:00,60428.01,60428.01,59348.88,59846.0,4528.13103,1726660799999,270847928.2662559,494281.0,2346.41509,140259291.2789326,0,-0.009631460642175793,-0.00967814314820012,60213.195999999996,-257.90000000000146,59625.185,190.20100000000093,59388.49250000001,-15.49649999999383,58771.2104,66.42519999999786,57529.7352,13.319999999999709,59011.24915,9.780000000006112,0.014116846906681404,0.011416358709509552,0.010711480954657678,61320.0,57493.3,0.6148117176679643,58.70401645867324,383.8055725037775,288.9345541762313,94.87101832754621,59388.49250000001,61362.62747019408,57414.35752980594,0.615875435800374,4599.429771,0.9844983520675653,-43.61251579805993,582.010000000002,0.0,497.1200000000026,1079.1300000000047,0.5393326105288515,0.5181862173277261,0.4818137826722739,109.15783945412906,8,2,9,3,False,False,1,-1,high_vol,sideways_volatile
2024-09-18 12:00:00,59846.0,60160.0,59308.61,59429.18,5117.9094,1726675199999,305293003.3532897,852070.0,2594.7928,154815898.3114286,0,-0.0069648765163921045,-0.006989244481330273,60105.43400000001,-107.76199999998789,59746.704000000005,121.51900000000751,59350.1515,-38.341000000007625,58815.422600000005,44.21220000000176,57551.0084,21.273199999995995,59016.1101,4.860949999994773,0.01446884736372723,0.011513108767416807,0.010650861251618803,61320.0,57493.3,0.505887579376486,53.509304316726116,330.99999693944847,297.34764272887475,33.65235421057372,59350.1515,61287.69898109209,57412.60401890791,0.5203939518311717,4858.746134999999,1.0533395361270506,-35.6456069930824,416.8199999999997,314.0,120.56999999999971,851.3899999999994,0.4895758700478042,0.5070024881644056,0.49299751183559437,166.48790226728127,12,2,9,3,False,False,1,-1,high_vol,sideways_volatile
2024-09-18 16:00:00,59429.19,61318.6,59174.8,60057.99,14645.02961,1726689599999,884675423.6426603,2258460.0,7685.18704,464427408.3171956,0,0.010580829148239879,0.010525243923567684,60054.234,-51.20000000001164,59946.503000000004,199.79899999999907,59353.0255,2.8740000000034343,58872.0224,56.59979999999632,57574.1682,23.15980000000127,59024.40005,8.289949999998498,0.014584691781563228,0.011757022884303402,0.010739409503697334,61320.0,57493.3,0.6702093187341566,58.97823325887971,336.0175089965778,305.08161598241537,30.935893014162446,59353.0255,61294.80073839452,57411.250261605484,0.6815257724119674,6083.279963,2.4074232484900677,154.9565561743241,628.7999999999956,1260.6100000000006,254.38999999999942,2143.7999999999956,0.2933109431849972,0.5247641858472145,0.47523581415278543,154.21341302429775,16,2,9,3,False,False,1,-1,high_vol,sideways_volatile
2024-09-18 20:00:00,60057.99,61786.24,59473.68,61759.99,5970.79251,1726703999999,361533067.0162477,748431.0,3235.58412,196175578.1790034,0,0.028339276755682263,0.02794514833770838,60304.234,250.0,60252.963,306.4599999999991,59424.254499999995,71.22899999999208,58975.302200000006,103.27980000000389,57616.2882,42.12000000000262,59042.844699999994,18.444649999997637,0.016486686941971574,0.013312526631415605,0.011267670044266348,61786.24,57493.3,0.9938853093684049,72.33292486859258,471.8914285969295,338.4435785053182,133.44785009161126,59424.254499999995,61607.28763872669,57241.2213612733,1.0349748152156721,6440.188861,0.9271145053148155,169.20794139164477,1702.0,26.25,584.3099999999977,2312.5599999999977,0.735980904279241,0.541901952643804,0.45809804735619597,125.34868675247266,20,2,9,3,False,False,1,-1,high_vol,sideways_volatile
2024-10-02 12:00:00,61164.01,61926.9,60524.21,61874.01,7565.27679,1727884799999,463141794.9526805,1546410.0,3936.69813,241073173.3406634,0,0.011608133606674897,0.011541276120095131,61464.333999999995,23.603999999992084,62320.991,-145.35800000000017,63476.306500000006,-180.15000000000146,64268.833199999994,-33.71820000000298,63042.852,27.420100000003004,60253.02455,13.014549999999872,0.011684040569456447,0.009139049573457035,0.00761186780417561,66076.12,60164.0,0.28923803982327884,31.92100123216987,-903.9870204926701,-665.7236433586575,-238.26337713401267,63476.306500000006,66670.56218883474,60282.050811165274,0.24919094523323465,6217.759862,1.2167206450405692,87.8187437497966,710.0,52.88999999999942,639.8000000000029,1402.6900000000023,0.506170287091231,0.5203640579553733,0.47963594204462673,204.4089123142314,12,2,10,4,False,False,-1,1,high_vol,sideways_volatile
2024-10-02 16:00:00,61874.01,62390.31,60000.0,60190.01,7929.51771,1727899199999,483783277.5962942,1337132.0,3527.94227,215407578.4632542,0,-0.027216597081714977,-0.027593829060632513,61341.18000000001,-123.15399999998772,61967.64400000001,-353.3469999999943,63201.210999999996,-275.09550000001036,64203.0666,-65.76659999999538,63059.0012,16.149199999999837,60256.9946,3.970049999996263,0.013610327789728672,0.010514234649836057,0.008497690009605485,66076.12,60000.0,0.031271600955873516,28.33297713441756,-1015.7186461343299,-735.7226439137919,-279.996002220538,63201.210999999996,66536.59641918643,59865.82558081356,0.04859774485455394,6622.776448,1.1973101873904592,-215.81448856539322,1684.0,516.2999999999956,190.01000000000204,2390.3099999999977,0.7045111303554776,0.44491259103323194,0.5550874089667681,168.62715349178532,16,2,10,4,False,False,-1,1,high_vol,sideways_volatile
2024-10-02 20:00:00,60190.01,60999.24,60128.0,60649.28,5099.06593,1727913599999,309135715.0375532,522588.0,2808.92355,170290774.9619538,0,0.007630335997618198,0.007601372226133129,61120.942,-220.23800000000483,61627.98,-339.6640000000043,62946.10800000001,-255.10299999998824,64152.852399999996,-50.214200000002165,63076.38300000001,17.381800000010116,60269.76605,12.771450000000186,0.013856162098406464,0.010793679969999973,0.00856451126761502,66076.12,60000.0,0.10685766574722015,33.0230356395401,-1055.0456047295447,-799.5872360769425,-255.4583686526022,62946.10800000001,66240.45478770569,59651.761212294325,0.15139857033697215,6781.1436730000005,0.751947779885949,38.907586319907516,459.2699999999968,349.9599999999991,62.01000000000204,871.239999999998,0.5271452183095334,0.5508702159495318,0.4491297840504682,102.48700588972382,20,2,10,4,False,False,-1,1,high_vol,sideways_volatile
2024-10-03 00:00:00,60649.27,61464.0,60536.0,61463.99,3657.31206,1727927999999,223186012.0503833,729592.0,2091.53739,127629702.6821156,0,0.013433135562367804,0.01334371094210372,61068.259999999995,-52.682000000007974,61400.97900000001,-227.00099999999657,62721.366500000004,-224.74150000000373,64096.2854,-56.56699999999546,63104.383,27.999999999992724,60283.5859,13.81984999999986,0.015080994144757932,0.011379762219371925,0.00838590580953517,66076.12,60000.0,0.2409415877237446,39.1392582751038,-1008.8429015807342,-841.4383691777009,-167.40453240303327,62721.366500000004,65753.14516618373,59689.58783381628,0.29263385648419693,6823.840256999999,0.5359609724521722,49.12916869586265,814.7200000000012,0.010000000002037268,113.2699999999968,928.0,0.8779310344827599,0.5718782963245417,0.4281217036754584,199.4885828801822,0,3,10,4,False,False,-1,1,high_vol,sideways_volatile
2024-10-03 04:00:00,61464.0,61477.19,60814.12,60926.0,3351.19716,1727942399999,205177232.0060411,383836.0,1397.45911,85564591.3238181,0,-0.0087529299676119,-0.008791461868582115,61020.657999999996,-47.60199999999895,61230.694,-170.2850000000035,62487.566000000006,-233.80049999999756,64029.551400000004,-66.73399999999674,63134.82609999999,30.4430999999895,60292.595949999995,9.010049999997136,0.014437210587407809,0.01143431992916159,0.008459425977989895,65618.8,60000.0,0.16480387271303473,37.615039414826754,-1004.063998525904,-873.9634950473417,-130.10050347856236,62487.566000000006,65297.041296682444,59678.09070331757,0.22208938767961806,5895.974021,0.5683873687475327,-29.332794049139892,538.0,13.190000000002328,111.87999999999738,663.0699999999997,0.8113773809703353,0.4170029524613228,0.5829970475386772,114.5369793760508,4,3,10,4,False,False,-1,1,high_vol,sideways_volatile
2024-10-03 08:00:00,60926.0,61070.47,60126.56,60764.74,4407.11899,1727956799999,266991790.5109111,862563.0,2112.11266,127968717.8310584,0,-0.002646817450677852,-0.002650326465167964,60798.80399999999,-221.85400000000664,61131.569,-99.125,62298.119000000006,-189.44700000000012,63955.6462,-73.90520000000106,63163.033599999995,28.207500000004075,60300.2596,7.663650000002235,0.013888235087865393,0.01105876880520035,0.00844148448733339,64750.01,60000.0,0.16099755579461889,34.36342612166203,-1001.7415645253786,-899.5191089429492,-102.22245558242946,62298.119000000006,65030.920469931254,59565.31753006876,0.21944925072830393,5108.795755,0.862653196829553,-11.664839449945749,161.26000000000204,144.47000000000116,638.1800000000003,943.9100000000035,0.17084255914229263,0.4792502005941981,0.5207497994058019,195.72037922216393,8,3,10,4,False,False,-1,1,high_vol,sideways_volatile
2024-10-03 12:00:00,60764.73,60900.0,59828.11,60641.5,8572.02693,1727971199999,517561241.7933389,2041037.0,4292.36725,259257953.0339371,0,-0.002028149877708607,-0.002030209358767149,60889.102,90.29800000000978,61115.141,-16.427999999999884,62102.0935,-196.02550000000338,63891.609599999996,-64.03660000000673,63187.3087,24.275100000006205,60307.9921,7.73250000000553,0.013022785915348264,0.011037539408125437,0.008354873462371914,64576.01,59828.11,0.1713157395901344,31.621095774453238,-998.337246553172,-919.2827364649938,-79.05451008817818,62102.0935,64710.76860313094,59493.41839686906,0.2200507073021485,5152.235632,1.663749009606632,-17.385355369794386,123.2300000000032,135.2699999999968,813.3899999999994,1071.8899999999994,0.11496515500658022,0.5007412231729889,0.4992587768270112,238.10436162500483,12,3,10,4,False,False,-1,1,high_vol,sideways_volatile
2024-10-03 16:00:00,60641.5,61058.0,59917.02,61036.0,4408.85414,1727985599999,266861732.6408193,936912.0,2222.14957,134544731.8449525,0,0.0065054459404862985,0.006484376853549147,60966.445999999996,77.34399999999732,61043.694,-71.44700000000012,61962.92150000001,-139.17199999999139,63835.56939999999,-56.0402000000031,63217.0687,29.760000000002037,60317.567149999995,9.575049999992189,0.012090536609348248,0.011047926214696153,0.008421229186874893,64161.08,59828.11,0.27876721971303725,35.5634533846157,-952.8228977538238,-925.9907687227599,-26.832129031063914,61962.92150000001,64481.255617628376,59444.58738237165,0.3159653452034916,5164.232804,0.8537287739207041,28.681562267259213,394.5,22.0,724.4800000000032,1140.9800000000032,0.3457554032498369,0.5040197519439824,0.4959802480560176,212.50691681988823,16,3,10,4,False,False,-1,1,high_vol,sideways_volatile
2024-10-03 20:00:00,61036.0,61100.0,60596.4,60752.71,1824.92544,1727999999999,110995857.8059497,290064.0,790.88866,48108005.0172356,0,-0.00464135919785047,-0.004652163750287643,60824.19,-142.25599999999395,60946.225,-97.4690000000046,61822.4865,-140.43500000001222,63780.7104,-54.858999999989464,63237.641899999995,20.57319999999163,60326.29800000001,8.73085000001447,0.012137403586414536,0.011054075643589052,0.008413975896206268,64130.63,59828.11,0.21489731599155826,38.99299265002675,-928.9037595463087,-926.5733668874697,-2.3303926588390595,61822.4865,64277.965381952825,59367.00761804717,0.28216540409640706,5064.289097,0.3603517502744966,-8.470134476335316,283.2900000000009,64.0,156.30999999999767,503.59999999999854,0.562529785544086,0.4333813550212769,0.566618644978723,158.94567177495207,20,3,10,4,False,False,-1,1,high_vol,sideways_volatile
2024-10-04 00:00:00,60752.72,61272.73,60459.9,60951.99,2373.59688,1728014399999,144598176.4417684,651187.0,1232.56878,75106216.1089849,0,0.0032801828922528475,0.003274814827968099,60829.388,5.197999999996682,60925.023,-21.201999999997497,61695.686,-126.80049999999756,63736.120200000005,-44.59019999999873,63256.3519,18.710000000006403,60336.777949999996,10.479949999986275,0.011905733593515776,0.011120407586989437,0.008412616829683289,64130.63,59828.11,0.26121435809711474,44.87826319611665,-883.680916112542,-917.9948767324842,34.31396061994212,61695.686,64048.816061740945,59342.55593825906,0.3419772854693407,4918.889203,0.48254733579938297,7.785831878880735,199.2699999999968,320.74000000000524,292.8199999999997,812.8300000000017,0.2451558136387638,0.5192831143256306,0.48071688567436943,274.34608019875725,0,4,10,4,False,False,-1,1,high_vol,sideways_volatile
2024-10-04 04:00:00,60951.99,61544.98,60936.66,61443.64,2454.00481,1728028799999,150292945.7603405,343067.0,1434.9531,87918488.4749378,0,0.008066184549511801,0.008033826769010334,60965.16799999999,135.77999999999156,60881.986,-43.0370000000039,61601.4885,-94.19750000000204,63701.9528,-34.16740000000573,63259.433300000004,3.081400000002759,60349.1262,12.348250000002736,0.011560347425352903,0.011342888268577414,0.008503164027601099,64130.63,59828.11,0.37548459972295306,54.31549833972457,-798.9595326118724,-894.1878079083618,95.22827529648941,61601.4885,63826.927702364694,59376.049297635305,0.46453542747151344,4407.762005,0.556746214341035,19.79445568284964,491.65000000000146,101.34000000000378,15.32999999999447,608.3199999999997,0.808209495002633,0.5847393184204883,0.4152606815795117,139.79882948966184,4,4,10,4,False,False,-1,1,high_vol,sideways_volatile
2024-10-04 08:00:00,61443.64,61646.27,61266.42,61449.84,2343.66551,1728043199999,143957841.7699493,365465.0,1007.85441,61918972.4299067,0,0.00010090548020902368,0.00010090038959350003,61126.835999999996,161.66800000000512,61007.969,125.98300000000017,61487.806500000006,-113.68199999999342,63660.662800000006,-41.2899999999936,63274.2518,14.818499999993946,60363.754349999996,14.628149999996822,0.0068493530021421474,0.011205716769945997,0.008455842847201947,64130.63,59828.11,0.3769256156856905,47.670203120035296,-722.9828414633521,-859.94681461936,136.9639731560079,61487.806500000006,63476.53424486884,59499.07875513117,0.49045457577137747,3849.1767849999997,0.6088744791180071,0.23648869373587636,6.19999999999709,196.4300000000003,177.22000000000116,379.84999999999854,0.01632223246017405,0.43003338390212525,0.5699666160978748,155.9373547294298,8,4,10,4,False,False,-1,1,high_vol,sideways_volatile
2024-10-04 12:00:00,61449.84,62004.48,60753.97,61873.04,8500.985,1728057599999,522754233.0793441,1519679.0,4254.96735,261701283.3999417,0,0.006886917850396523,0.006863311353684679,61294.24399999999,167.4079999999958,61130.344999999994,122.37599999999657,61379.1625,-108.64400000000751,63621.0822,-39.58060000000842,63289.8423,15.590499999998428,60380.726350000004,16.972000000008848,0.006786338712452783,0.011271448470819635,0.008481230018036823,64118.0,59828.11,0.47668588238859283,51.062758501922076,-621.4582789798806,-812.2491074914642,190.79082851158364,61379.1625,62978.82170720454,59779.50329279546,0.6543695987794397,4189.368692000001,2.029180438626336,58.545585342453094,423.20000000000437,131.44000000000233,695.8699999999953,1250.510000000002,0.3384219238550701,0.5005263919416396,0.49947360805836033,178.76504899138158,12,4,10,4,False,False,-1,1,high_vol,sideways_volatile
2024-10-04 16:00:00,61873.05,62468.0,61644.01,62368.0,4031.14494,1728071999999,250492392.2739775,684898.0,2041.88319,126865770.0158922,0,0.007999606937044046,0.00796777970569216,61617.302,323.0580000000118,61220.746,90.4010000000053,61310.8625,-68.29999999999563,63580.5624,-40.519799999994575,63308.422399999996,18.58009999999922,60401.36375,20.63739999999234,0.005935178281749007,0.01144478719537615,0.008470850886825318,63809.97,59828.11,0.6378652187671086,58.874335709178816,-495.35010861272167,-748.8693077157158,253.5191991029941,61310.8625,62566.92675004731,60054.7982499527,0.9208134655373659,4226.75198,0.9537216659682028,32.247575026254005,494.9499999999971,100.0,229.04000000000087,823.989999999998,0.6006747654704527,0.5065268603316456,0.4934731396683544,169.90160616750236,16,4,10,4,False,False,-1,1,high_vol,sideways_volatile
2024-10-04 20:00:00,62368.0,62484.85,61965.14,62086.0,1591.2628,1728086399999,99050041.17667,234335.0,717.11805,44640383.5055195,0,-0.004521549512570555,-0.0045318026359114335,61844.10400000001,226.80200000000332,61336.746,116.0,61283.72000000001,-27.14249999999447,63517.701799999995,-62.86060000000725,63325.00229999999,16.579899999996996,60420.70875,19.345000000001164,0.0052342648114963265,0.010824886968329419,0.008257409392394503,62778.73,59828.11,0.7652256135998527,51.667754954331244,-413.3981220445785,-681.7750705814884,268.37694853690994,61283.72000000001,62439.308292994014,60128.131707006,0.8471305502418037,4050.7585440000003,0.3928308198860643,-7.194973537711657,282.0,116.84999999999854,120.86000000000058,519.7099999999991,0.542610301899137,0.4506597213232158,0.5493402786767843,147.26354440008276,20,4,10,4,False,False,-1,1,high_vol,sideways_volatile
2024-10-05 00:00:00,62086.0,62214.0,61689.26,61861.99,1490.81546,1728100799999,92443961.1781044,215971.0,736.64382,45694877.5257709,0,-0.003608059788036022,-0.003614584534932291,61927.774,83.66999999999098,61446.471,109.72499999999854,61289.020000000004,5.299999999995634,63460.7204,-56.98139999999694,63345.1622,20.15990000000602,60437.4487,16.739950000002864,0.005334903841564247,0.01038131533762083,0.008205157345921522,62484.85,59828.11,0.7655547776598384,67.07649380254759,-362.34937904054095,-617.889932273299,255.54055323275804,61289.020000000004,62454.6570184128,60123.38298158721,0.745775481967871,3759.128191,0.39658542732574775,-5.378951312608425,224.01000000000204,128.0,172.72999999999593,524.739999999998,0.4268971300072472,0.4941213984995836,0.5058786015004164,144.86769542891648,0,5,10,4,False,False,-1,1,high_vol,sideways_volatile
2024-10-05 04:00:00,61861.99,62268.28,61824.01,62076.19,1052.59709,1728115199999,65357346.3160711,172193.0,610.05451,37882784.9166224,0,0.003462546225881269,0.003456565414612124,62053.043999999994,125.2699999999968,61589.93999999999,143.46899999999005,61352.5405,63.52049999999872,63398.76439999999,-61.95600000000559,63371.632300000005,26.470100000005914,60461.32035,23.871650000000955,0.005176885399420477,0.009733202238364509,0.008147924772402127,62484.85,59828.11,0.8461799046952293,65.34150164821344,-301.13740797992796,-554.5394274146248,253.40201943469685,61352.5405,62545.439623250204,60159.6413767498,0.8033154630998164,3007.185207,0.35002735699477655,3.6446660813531064,214.20000000000437,192.0899999999965,37.979999999995925,444.2699999999968,0.4821392396515765,0.5795707738466197,0.42042922615338024,163.5887099022856,4,5,10,4,False,False,-1,1,high_vol,sideways_volatile
2024-10-05 08:00:00,62076.2,62326.48,62076.19,62180.0,1522.84096,1728129599999,94719830.8640522,138093.0,767.07342,47717030.9087022,0,0.0016722997980385124,0.0016709030616890506,62114.436,61.3920000000071,61704.33999999999,114.40000000000146,61374.01700000001,21.476500000004307,63335.0442,-63.72019999999611,63392.8524,21.220099999998638,60483.5103,22.189949999999953,0.0049675244363184615,0.009124055272939592,0.00813750674914486,62484.85,59828.11,0.8852541084185886,59.08736695950596,-241.46640606088476,-491.92482314387684,250.45841708299207,61374.01700000001,62611.70636225344,60136.32763774657,0.8255998736761208,2718.5838890000005,0.5601596353755187,2.5466466298527743,103.80000000000291,146.4800000000032,0.00999999999476131,250.29000000000087,0.4147189260457971,0.5037121013608671,0.496287898639133,90.68117001528512,8,5,10,4,False,False,-1,1,high_vol,sideways_volatile
2024-10-05 12:00:00,62179.99,62370.56,62100.0,62167.66,1317.65584,1728143999999,81968211.5429047,194209.0,551.77523,34326068.5055551,0,-0.00019845609520741103,-0.00019847579022404734,62074.368,-40.0679999999993,61845.835,141.4950000000099,61396.02999999999,22.01299999998446,63269.197,-65.84719999999652,63396.9291,4.0766999999978,60506.60865,23.09835000000021,0.004496857299967591,0.009123371383687764,0.008130926388469946,62484.85,59828.11,0.8806093181869526,68.18514678055271,-192.9482546307263,-432.1295094412468,239.1812548105205,61396.02999999999,62675.15011461807,60116.909885381916,0.8016253091408886,2667.856929,0.4939004883196268,-0.2614968328336411,12.32999999999447,190.5699999999997,67.66000000000349,270.5599999999977,0.04557214665876174,0.41875519634929864,0.5812448036507014,147.38977668098826,12,5,10,4,False,False,-1,1,high_vol,sideways_volatile
2024-10-05 16:00:00,62167.65,62180.0,61790.0,61848.48,1408.81584,1728158399999,87305904.1544015,242758.0,581.30697,36022013.2591832,0,-0.005134180697809798,-0.0051474058899668405,62026.864,-47.504000000000815,61935.484,89.64899999999761,61430.25349999999,34.22350000000006,63197.4196,-71.77739999999903,63394.234,-2.6951000000044587,60523.74100000001,17.132350000007136,0.0050492930013159906,0.008945993752932613,0.008151250629651302,62484.85,59828.11,0.7604695980788501,65.17052740029011,-178.19826983923122,-381.3432615208437,203.1449916816125,61430.25349999999,62719.81948445512,60140.687515544865,0.6621578519600618,2571.3788250000002,0.5478834259281107,-7.233115092496697,319.16999999999825,12.349999999998545,58.4800000000032,390.0,0.8183846153846109,0.41262097819683796,0.587379021803162,172.31350834329064,16,5,10,4,False,False,-1,1,high_vol,sideways_volatile
2024-10-11 12:00:00,61174.88,62450.0,61129.72,62259.05,6907.87356,1728662399999,426801094.388108,1110110.0,3533.32279,218288243.1589775,0,0.01772263676244834,0.01756742202865698,61009.8,506.3539999999921,60859.29299999999,162.30299999998533,61438.29099999999,-3.047000000013213,61856.636399999996,26.660999999992782,62943.0939,-20.03650000000198,61497.62655,39.1140000000014,0.009711972442371512,0.008782008343219428,0.007258397889286944,63200.0,58946.0,0.7788081805359668,49.86497045800378,-331.3151168874174,-402.9923869870889,71.67727009967149,61438.29099999999,63174.395191717864,59702.18680828212,0.7363795341073027,3808.002798,1.8140410935695956,122.4257339048009,1084.1700000000055,190.9499999999971,45.15999999999622,1320.2799999999988,0.8211667222104452,0.5114921052492455,0.4885078947507545,160.7021307436901,12,4,10,4,False,False,-1,1,high_vol,sideways_volatile
2024-10-11 16:00:00,62259.04,63417.56,62123.0,63086.01,6450.8743,1728676799999,404616729.1480483,786549.0,3431.0106,215214398.9881849,0,0.013282566952113717,0.013195127092534398,61561.724,551.9239999999991,61081.365000000005,222.07200000001467,61461.39099999999,23.099999999998545,61903.0618,46.42540000000736,62929.35399999999,-13.739900000007765,61540.2762,42.64964999999938,0.01027907082422352,0.00921854717865086,0.007465922437649204,63417.56,58946.0,0.9258536170821825,56.05577814503904,-154.5680276590865,-353.30751512148845,198.73948746240194,61461.39099999999,63274.50989106366,59648.27210893632,0.9480177797515879,4180.332582,1.5431485829086122,85.68416978941971,826.9700000000012,331.54999999999563,136.04000000000087,1294.5599999999977,0.6388039179335084,0.5318675330567206,0.4681324669432793,121.92905386483812,16,4,10,4,False,False,-1,1,high_vol,sideways_volatile
2024-10-11 20:00:00,63086.0,63160.0,62357.7,62540.0,3078.37462,1728691199999,193289190.1212982,375126.0,1478.06146,92806836.9977281,0,-0.008655009248484724,-0.008692681366890727,61946.924,385.1999999999971,61245.365000000005,164.0,61473.99049999999,12.5995000000039,61941.031800000004,37.970000000001164,62916.3207,-13.033299999995506,61584.5412,44.26499999999942,0.010975343324725164,0.00935531486101009,0.007574772159271419,63417.56,58946.0,0.8037463435579534,51.44601583903778,-57.88585772055376,-294.2231836413015,236.33732592074773,61473.99049999999,63314.58960115625,59633.391398843734,0.7895822070461579,4325.43252,0.7116917454534697,-26.643360806400647,546.0,74.0,182.3000000000029,802.3000000000029,0.6805434376168491,0.48014346609965225,0.5198565339003478,121.8584630872509,20,4,10,4,False,False,-1,1,high_vol,sideways_volatile
2024-10-12 00:00:00,62539.99,63073.78,62487.23,62568.0,2510.94662,1728705599999,157462790.4095224,316684.0,1148.82427,72058777.2281711,0,0.00044771346338334794,0.00044761326961498444,62325.585999999996,378.6619999999966,61375.965000000004,130.59999999999854,61490.114,16.12350000000879,61971.671800000004,30.639999999999418,62903.620599999995,-12.70010000000184,61625.69615,41.15495000000374,0.010933214094643718,0.009352842519415013,0.007527420093977404,63417.56,58946.0,0.8100081403358116,61.83483835177361,20.755567248052103,-231.22743346343077,251.98300071148287,61490.114,63364.50980351288,59615.71819648712,0.7875289194469729,4320.560005,0.581162306991267,1.1241846076109114,28.010000000002037,505.77999999999884,52.75999999999476,586.5499999999956,0.04775381467905932,0.45752636111396106,0.542473638886039,126.1213589638158,0,5,10,4,False,False,-1,1,high_vol,sideways_volatile
2024-10-12 04:00:00,62568.0,62800.0,62565.51,62767.57,1198.66803,1728719999999,75124671.8564683,147250.0,532.25234,33357629.594099,0,0.0031896496611687475,0.0031845735198988657,62644.126000000004,318.54000000000815,61573.78600000001,197.82100000000355,61520.46800000001,30.354000000006636,62011.969000000005,40.297200000000885,62896.3397,-7.280899999997928,61665.18425,39.48809999999503,0.010367414720909636,0.009365595338719501,0.0074991736301284785,63417.56,58946.0,0.8546390968699965,66.93585422556137,98.05280256820697,-165.37138625710324,263.42418882531024,61520.46800000001,63459.133888443415,59581.8021115566,0.8216392281501673,3917.6356339999998,0.30596720623968066,3.8233310757433103,199.5699999999997,32.43000000000029,2.4899999999979627,234.48999999999796,0.851081069555211,0.44403648606528695,0.555963513934713,122.8446878657471,4,5,10,4,False,False,-1,1,high_vol,sideways_volatile
2024-10-12 08:00:00,62767.57,63260.53,62672.34,62936.91,1999.15341,1728734399999,125884528.2340789,249476.0,1020.30484,64241882.9172016,0,0.0026978900091241265,0.0026942572362876234,62779.698,135.57199999999284,61894.748999999996,320.9629999999888,61547.61,27.14199999999255,62051.667400000006,39.69840000000113,62893.8938,-2.445899999998801,61704.2938,39.109550000001036,0.007433820765080227,0.009349343277825658,0.007495505102433077,63417.56,58946.0,0.8925095492400875,66.61794810912102,171.00450770429597,-98.09620746482338,269.1007151691193,61547.61,63551.86413348165,59543.35586651835,0.8465877846504947,3265.755198,0.6121565422981836,5.3934960115454285,169.34000000000378,323.61999999999534,95.2300000000032,588.1900000000023,0.2879001683129654,0.5103684564157586,0.48963154358424144,124.79082333156214,8,5,10,4,False,False,-1,1,high_vol,sideways_volatile
2024-10-12 12:00:00,62936.91,63480.0,62824.03,63157.49,2690.48359,1728748799999,169887390.1893132,460884.0,1310.59351,82754732.5013024,0,0.0035047796277254406,0.003498652200287564,62793.99399999999,14.29599999999482,62177.859,283.1100000000006,61591.6455,44.03549999999814,62085.94439999999,34.27699999998731,62893.9486,0.05480000000534346,61745.2112,40.91739999999845,0.007254002394308859,0.009355494749443603,0.007431114923249506,63480.0,58946.0,0.9288685487428315,67.58457380101103,243.80775807925238,-29.715414356008225,273.5231724352606,61591.6455,63699.383460358236,59483.90753964176,0.8714514160322527,3204.0603739999997,0.83971064085823,9.429552074961606,220.57999999999447,322.51000000000204,112.88000000000466,655.9700000000012,0.3362653779898381,0.48712191178984293,0.512878088210157,171.30154657438368,12,5,10,4,False,False,-1,1,high_vol,sideways_volatile
2024-10-12 16:00:00,63157.5,63400.0,62911.0,63000.01,1537.73891,1728763199999,97036397.1233744,349318.0,634.32817,40041354.5162263,0,-0.0024934493121876455,-0.0024965631341055785,62885.996,92.00200000000768,62416.46,238.6010000000024,61631.64599999999,40.000499999994645,62116.9478,31.003400000008696,62888.8053,-5.143300000003364,61783.886900000005,38.675700000007055,0.007593096300485406,0.009373743119403748,0.007443557657292077,63480.0,58946.0,0.8941354212615796,63.98366382757551,285.5063985943416,33.32894823406174,252.17745036027986,61631.64599999999,63816.934191880886,59446.3578081191,0.813085478859026,3116.3162020000004,0.4934476511122666,-3.83427402746368,157.48999999999796,242.5,89.01000000000204,489.0,0.3220654396727975,0.41250706857642044,0.5874929314235796,227.1634005801414,16,5,10,4,False,False,-1,1,high_vol,sideways_volatile
2024-10-12 20:00:00,63000.01,63388.0,63000.0,63206.22,974.3106,1728777599999,61582731.1759971,247225.0,550.61382,34808770.7190397,0,0.0032731740836231538,0.0032678289099456795,63013.64,127.64400000000023,62669.613,253.15299999999843,61676.15700000001,44.511000000013155,62143.611399999994,26.663599999992584,62882.3468,-6.45850000000064,61822.988000000005,39.10109999999986,0.007530652382710827,0.009388381512493186,0.00739793507058176,63480.0,58946.0,0.9396162329069258,70.3165770006725,331.37244003956584,92.93764659516258,238.43479344440328,61676.15700000001,63954.42363516099,59397.890364839026,0.8357954192863561,3010.34118,0.32365454336973193,3.189088205319325,206.20999999999913,181.77999999999884,0.010000000002037268,388.0,0.5314690721649462,0.5651317146708658,0.43486828532913424,253.74351875059145,20,5,10,4,False,False,-1,1,high_vol,sideways_volatile
2024-11-06 00:00:00,69372.01,75000.0,69298.0,74348.53,29431.196937,1730865599999,2141184100.2593117,2076102.0,16121.164337,1173740395.2730837,0,0.07173671340934207,0.06928042932028701,70233.31000000001,1090.9080000000104,69265.55600000001,555.5820000000094,68958.54650000001,241.9265000000014,70112.2696,94.37099999999919,68851.8745,59.28520000001299,66476.88990000001,66.56265000000712,0.023626088166544434,0.017450936606905925,0.012354454987073013,75000.0,66835.0,0.920211879975505,78.71936473780126,294.34235276492836,-186.95874867273605,481.30110143766444,68958.54650000001,71671.76154060377,66245.33145939626,1.4932835067139738,8323.9898967,3.5357079119795465,2111.297339963475,4976.520000000004,651.4700000000012,74.00999999999476,5702.0,0.8727674500175384,0.5477576862235245,0.45224231377647556,70.54086194469339,0,2,11,4,False,False,-1,1,high_vol,sideways_volatile
2024-11-06 04:00:00,74348.53,75407.1,72727.0,73370.89,26064.898021,1730879999999,1939597797.0446138,1552275.0,12870.026181,958337520.0367757,0,-0.013149419363099657,-0.01323663840817487,71145.48199999999,912.1719999999768,69738.04400000001,472.48799999999756,69158.354,199.80749999999534,70180.44320000001,68.17360000000917,68899.3235,47.44899999999325,66539.9808,63.0908999999956,0.02439733109172647,0.017811372149233527,0.01251313503837628,75407.1,66835.0,0.7624607739060434,71.36920275094353,562.8218180185941,-37.00263533447003,599.8244533530641,69158.354,72513.29984504342,65803.40815495659,1.1278098357718016,10280.1898988,2.5354490799866003,-342.7382747345553,977.6399999999994,1058.570000000007,643.8899999999994,2680.100000000006,0.3647774336778468,0.49376852234874885,0.5062314776512511,59.55423262156487,4,2,11,4,False,False,-1,1,high_vol,sideways_volatile
2024-11-06 08:00:00,73370.89,74475.47,72656.31,74272.01,13990.39249,1730894399999,1028906561.5961343,1460564.0,7052.85621,518702339.9306376,0,0.012281710089655284,0.012206901781440047,72071.886,926.4040000000095,70379.64499999999,641.6009999999806,69452.95999999999,294.6059999999852,70247.12060000001,66.67740000000049,68956.9607,57.63719999999739,66606.5809,66.60009999999602,0.023543848228439457,0.017442195871982365,0.012480165299491445,75407.1,66835.0,0.8675832059821968,72.95225944095446,838.6392700775177,138.12574574792754,700.5135243295902,69452.95999999999,73486.29505185277,65419.62494814721,1.0974026380211457,10976.968712799999,1.2745223983089353,171.82594460267052,901.1199999999953,203.4600000000064,714.5800000000017,1819.1600000000035,0.49534950196793776,0.5041213972403715,0.49587860275962853,104.39764295704902,8,2,11,4,False,False,-1,1,high_vol,sideways_volatile
2024-11-06 12:00:00,74272.0,74757.58,73488.0,74298.0,13980.04537,1730908799999,1036562582.6663976,1941247.0,6699.70434,496839571.2082411,0,0.00034992993995985877,0.00034986872875775713,73132.288,1060.4020000000019,71024.44399999999,644.7989999999991,69747.989,295.02900000000955,70312.72119999999,65.60059999997611,69009.6208,52.66010000000824,66670.8527,64.27180000000226,0.023524800526898374,0.017441072182713496,0.012480479368021954,75407.1,66835.0,0.8706151351477461,75.87322121604132,1047.251698100008,319.95093621834366,727.3007618816644,69747.989,74287.67171521894,65208.30628478106,1.0011375557972848,11682.1601698,1.1967003676375154,4.892036436960201,26.0,459.58000000000175,784.0,1269.5800000000017,0.0204792135981978,0.4792333760501952,0.5207666239498048,138.85841916977984,12,2,11,4,False,False,-1,1,high_vol,sideways_volatile
2024-11-06 16:00:00,74297.99,75850.0,74150.0,75823.55,11500.391072,1730923199999,861338127.6818229,753813.0,6063.344252,454364655.432846,0,0.02053285418180839,0.020324896950234435,74422.59599999999,1290.30799999999,71782.499,758.0550000000076,70121.2235,373.2344999999914,70400.152,87.43080000001646,69078.4564,68.83559999999125,66742.72125,71.86854999999923,0.02373729495021844,0.017767276965757084,0.012764944232028359,75850.0,66835.0,0.9970660011092627,78.51703192228061,1320.456287597961,520.0520064942672,800.4042811036937,70121.2235,75354.47947012127,64887.96752987872,1.0448163182306431,12469.068925000001,0.9223135376966407,236.1358529151471,1525.5599999999977,26.44999999999709,147.99000000000524,1700.0,0.8973882352941163,0.5272293971604516,0.4727706028395484,65.54672752262385,16,2,11,4,False,False,-1,1,high_vol,sideways_volatile
2024-11-27 00:00:00,91965.16,93037.38,91792.14,92588.0,5555.58018,1732679999999,513959872.8553683,996834.0,2698.84775,249646090.9900742,0,0.006772564740821441,0.006749733948282591,92281.38,-239.54200000000128,93333.666,-560.0090000000055,95458.802,-245.8000000000029,95644.485,39.59480000000622,92037.81649999999,127.43989999998303,81558.01610000001,121.39105000000563,0.012547760404545857,0.010982617889801954,0.00924031386574411,98871.8,90791.1,0.22236934919004478,35.754713668225506,-1179.1099041543785,-643.3415168139893,-535.7683873403892,95458.802,100348.91397984666,90568.69002015333,0.20646868498806734,9999.705222,0.5555743951109041,37.625526441874435,622.8399999999965,449.38000000000466,173.02000000000407,1245.2400000000052,0.5001766727699029,0.48579044178244585,0.5142095582175542,179.42932469746123,0,2,11,4,False,False,-1,1,high_vol,sideways_volatile
2024-11-27 04:00:00,92588.0,93648.0,92361.66,93597.16,4840.27212,1732694399999,450163847.3789725,690640.0,2262.97592,210524605.1544364,0,0.010899468613643215,0.01084049752103793,92529.442,248.0619999999908,93093.326,-240.3399999999965,95255.04000000001,-203.7619999999879,95707.14660000001,62.66160000000673,92176.84779999999,139.03130000000237,81685.0105,126.99439999999595,0.01207939907692253,0.011354769849352237,0.009351507401721667,98871.8,90791.1,0.3472545695298673,32.82733144533809,-1106.6283927457844,-735.9988920003484,-370.62950074543596,95255.04000000001,100096.15759304489,90413.92240695513,0.32877094305849525,9049.183603,0.534884950107029,52.7563940534323,1009.1600000000035,50.83999999999651,226.3399999999965,1286.3399999999965,0.7845204222833825,0.46753072221898134,0.5324692777810186,142.68619261017912,4,2,11,4,False,False,-1,1,high_vol,sideways_volatile
2024-11-27 08:00:00,93597.16,93885.6,93109.12,93367.99,3994.01189,1732708799999,373332159.8266631,747406.0,2097.01568,196008021.9805123,0,-0.002448471727133583,-0.002451474135909483,92640.44,110.99800000000687,92963.177,-130.1490000000049,95013.4345,-241.60550000000512,95745.9464,38.79979999999341,92313.03779999999,136.19000000000233,81811.81045,126.79995000000054,0.011402911028499628,0.011217813661400313,0.009250578613570001,98871.8,90791.1,0.3188944027126363,32.24076743797727,-1055.511101553915,-799.9013339110618,-255.60976764285328,95013.4345,99716.02298781722,90310.84601218278,0.32504906560899655,8420.270784,0.47433295109574475,-9.779225190500368,229.16999999999825,288.4400000000023,258.8700000000099,776.4800000000105,0.2951396043684257,0.5250399191976366,0.4749600808023634,187.131641213016,8,2,11,4,False,False,-1,1,high_vol,sideways_volatile
2024-11-27 12:00:00,93367.99,95850.0,92847.84,95556.01,9868.59893,1732723199999,932112582.4959232,1629623.0,5250.7016,496204240.3308395,0,0.02343436974491997,0.023164000707007755,93414.86400000002,774.4240000000136,93217.777,254.60000000000582,94869.6825,-143.75200000000768,95824.6664,78.72000000000116,92464.89779999999,151.86000000000058,81951.93065000001,140.12020000000484,0.012260453967441201,0.012599248828390123,0.00980319455270615,98871.8,90791.1,0.5896654992760516,41.58089281405597,-828.8904192633636,-805.6991509815222,-23.191268281841417,94869.6825,99300.29627533986,90439.06872466013,0.5774528693766985,8211.71945,1.2017701030933297,231.26439618994158,2188.0199999999895,293.99000000000524,520.1500000000087,3002.1600000000035,0.7288152530178228,0.5320615051076962,0.4679384948923038,165.13215417499998,12,2,11,4,False,False,-1,1,high_vol,sideways_volatile
2024-11-27 16:00:00,95556.0,96631.68,95184.79,96627.99,9525.88556,1732737599999,914440771.8717637,1667622.0,4227.11491,405821176.9588888,0,0.011218341996489967,0.011155883087414682,94347.43000000001,932.5659999999916,93434.176,216.3990000000049,94837.0805,-32.60199999999895,95924.1858,99.51940000000468,92615.0554,150.1576000000059,82094.54165,142.61099999998987,0.011817415568664065,0.01265608974220124,0.009910905047006794,98871.8,90791.1,0.7223247985941814,45.04003326779817,-556.3784839159343,-755.8350175684046,199.45653365247028,94837.0805,99202.12634675553,90472.03465324447,0.7051421179609332,8539.741995,1.1154769740792385,106.86464203150535,1071.9900000000052,3.6899999999877764,371.2100000000064,1446.8899999999994,0.7408925350233989,0.4437503351656893,0.5562496648343107,175.06214928746215,16,2,11,4,False,False,-1,1,high_vol,sideways_volatile
2024-11-27 20:00:00,96627.99,97208.21,95731.72,95863.11,7369.07866,1732751999999,710349277.1888742,916565.0,3779.92659,364416501.8928675,0,-0.007915718830537655,-0.007947214449920552,95002.452,655.0219999999972,93641.916,207.7399999999907,94835.1605,-1.9199999999982538,95993.60819999999,69.42239999998128,92762.5955,147.54009999999835,82235.40715,140.86549999999988,0.011885261235735259,0.012368262728819749,0.009939417296115293,98871.8,90791.1,0.6276696325813353,49.51954905772892,-397.5475546959642,-684.1775249939166,286.62997029795235,94835.1605,99198.26833867886,90472.05266132114,0.6178001481979487,8804.447245,0.8369723226162622,-58.331554712675185,764.8800000000047,580.2200000000012,131.38999999999942,1476.4900000000052,0.5180394042628138,0.5129442586245917,0.48705574137540825,124.37986379154758,20,2,11,4,False,False,-1,1,high_vol,sideways_volatile
2024-11-28 00:00:00,95863.11,96564.0,94822.54,95471.43,6275.70277,1732766399999,601639515.0147364,877830.0,2943.15659,282151980.2165977,0,-0.0040858261327011425,-0.004094195926421881,95377.306,374.8539999999921,93953.374,311.4579999999987,94792.731,-42.42949999999837,96038.47940000001,44.87120000002324,92895.9698,133.3743000000104,82378.5143,143.10714999999618,0.010504812400324182,0.012357555768969231,0.009890065638189656,98871.8,90791.1,0.5791985842810634,53.000216238541775,-299.8220397265104,-607.3064279404354,307.48438821392494,94792.731,99111.31747559604,90474.14452440396,0.5785788363663972,8072.723934,0.7773959349171521,-25.64143037873095,391.68000000000757,700.8899999999994,648.8899999999994,1741.4600000000064,0.2249147267235573,0.46897641552899744,0.5310235844710026,139.8775614734858,0,3,11,4,False,False,-1,1,high_vol,sideways_volatile
2024-11-28 04:00:00,95471.44,95922.39,95063.15,95299.66,5014.99892,1732780799999,479155795.2282726,586937.0,2598.9768,248347726.5624538,0,-0.0017991769893882514,-0.0018007974522658678,95763.63999999998,386.333999999988,94202.04000000001,248.666000000012,94662.712,-130.01900000000023,96098.25680000002,59.77740000000631,93008.37100000001,112.40120000000752,82521.52094999999,143.00664999999572,0.010608695713364886,0.011710529840677502,0.009782968606850885,98871.8,90791.1,0.557941762471073,59.63887020224519,-233.5421400812047,-532.5535703685892,299.01143028738454,94662.712,98737.07103726413,90588.35296273587,0.5781654235886516,7256.310811,0.6911223968518071,-9.022870658670932,171.77999999999884,450.9499999999971,236.5100000000093,859.2400000000052,0.19992086029514197,0.5182407496909291,0.48175925030907085,117.03631633085178,4,3,11,4,False,False,-1,1,high_vol,sideways_volatile
2024-11-28 08:00:00,95299.66,95780.0,94640.0,95452.01,4752.0259,1732795199999,452090052.3698334,772750.0,2262.95211,215318502.5404796,0,0.0015986415901168005,0.001597365122877973,95742.84,-20.79999999998836,94578.852,376.8119999999908,94540.3725,-122.33950000000186,96166.49720000001,68.24039999999513,93101.869,93.49799999999232,82664.211,142.6900500000047,0.009275101485167527,0.011725240914405554,0.009769749695521959,98871.8,90791.1,0.5767953271374993,54.6712079678276,-166.79871853481745,-459.4026000018349,292.60388146701746,94540.3725,98343.50954737775,90737.23545262225,0.619853359035348,6668.656475000001,0.7125911970146879,7.59678624105222,152.34999999999127,327.99000000000524,659.6600000000035,1140.0,0.13364035087718532,0.47620786536538035,0.5237921346346197,162.61485443503162,8,3,11,4,False,False,-1,1,high_vol,sideways_volatile
2024-11-28 12:00:00,95452.0,96221.8,94900.0,95007.14,5548.28802,1732809599999,529573431.6193267,1414985.0,2769.92241,264433424.8627589,0,-0.0046606666533265395,-0.004671561424598263,95418.67,-324.16999999999825,94883.05,304.19800000000396,94388.3625,-152.00999999999476,96209.6324,43.13519999998971,93165.46049999999,63.59149999998044,82804.20675,139.99575000000186,0.009681366636255687,0.011731280207395185,0.009729397001424613,98871.8,90791.1,0.5217419282982904,55.905129610882085,-148.094229077833,-397.14092581703454,249.04669673920154,94388.3625,97826.85066859364,90949.87433140636,0.5899781342352386,6274.444295,0.8842676353699304,-25.85872095786513,444.8600000000006,769.8000000000029,107.13999999999942,1321.800000000003,0.33655621122711427,0.4992391166455703,0.5007608833544297,255.0309203306284,12,3,11,4,False,False,-1,1,high_vol,sideways_volatile
2024-11-28 16:00:00,95007.15,95435.68,94817.0,95119.48,3678.82621,1732823999999,349877831.9416859,772212.0,2088.87346,198665095.0451073,0,0.0011824374462803267,0.0011817389177131428,95269.94399999999,-148.72600000000966,95136.198,253.14800000000105,94234.932,-153.4305000000022,96242.929,33.29660000000149,93236.1807,70.72020000001066,82944.11415,139.90739999999641,0.009619859523634531,0.011728073588531852,0.009691423573460586,98313.08,90791.1,0.575430937067101,65.30442885174264,-122.79043558216654,-342.2708277700609,219.48039218789438,94234.932,97200.91420402614,91268.94979597387,0.6491155271935342,6086.768898,0.6043972215223736,4.349981869061533,112.33000000000175,316.1999999999971,190.14999999999418,618.679999999993,0.18156397491433862,0.5678097688664667,0.4321902311335333,209.9071703634513,16,3,11,4,False,False,-1,1,high_vol,sideways_volatile
2024-11-28 20:00:00,95119.48,96023.48,94698.0,95643.98,3544.70175,1732838399999,337524965.0857548,563447.0,2141.81184,203935111.8477974,0,0.005514117612922087,0.005498970522777158,95304.454,34.51000000000931,95340.87999999999,204.68199999998615,94217.103,-17.828999999997905,96261.0092,18.080199999996694,93302.78700000001,66.60630000001402,83087.9016,143.78745000000345,0.009256343636494389,0.010744351876310707,0.009528401462701367,97208.21,90791.1,0.7562407376529294,65.56520056213259,-59.725749104560236,-285.7618120369608,226.03606293240057,94217.103,97142.40482451582,91291.80117548419,0.7438854322726448,5957.211861,0.5950269744821487,19.545902352230744,524.5,379.5,421.4799999999959,1325.479999999996,0.3957057066119456,0.6042290694837724,0.3957709305162276,158.95469908011302,20,3,11,4,False,False,-1,1,high_vol,sideways_volatile
2024-11-29 00:00:00,95643.99,96859.0,95364.99,96590.36,3208.77651,1732852799999,308672781.9536861,673329.0,1667.39943,160387073.0457231,0,0.00989482035356537,0.009846187166605945,95562.594,258.1399999999994,95663.117,322.23700000000827,94313.147,96.04399999999441,96312.81640000001,51.8072000000102,93397.1351,94.34809999998834,83234.96345000001,147.06185000001278,0.009389068318060429,0.010455553102517962,0.009552286282374249,97208.21,90791.1,0.9037183404990711,77.52976307370159,65.85924171528313,-215.437601286512,281.29684300179514,94313.147,97421.3981911853,91204.89580881469,0.8663174016401818,5878.688323,0.5458320519299965,31.750267121190454,946.3699999999953,268.6399999999994,279.0,1494.0099999999948,0.63344288190842,0.5196371342172409,0.4803628657827591,209.83979342331946,0,4,11,4,False,False,-1,1,high_vol,sideways_volatile
2024-11-29 04:00:00,96590.35,96630.09,95600.03,95625.05,2916.98299,1732867199999,280468944.8448562,450380.0,1252.99222,120490619.8499476,0,-0.009993854459181994,-0.010044128255780731,95597.202,34.60800000000745,95670.021,6.903999999994994,94443.899,130.75200000000768,96339.58619999999,26.769799999980023,93487.0656,89.93050000000221,83377.6249,142.66144999998505,0.0071664006812110935,0.009869936548424925,0.009661195893519305,97208.21,90791.1,0.7532908115958736,69.07136343503298,86.49672179673507,-155.0507366698626,241.54745846659767,94443.899,97541.32824650366,91346.46975349635,0.6906663406974135,5183.526728999999,0.5627409951762208,-29.15190346196953,965.3000000000029,39.73999999999069,25.020000000004075,1030.0599999999977,0.9371298759295624,0.4295507461975293,0.5704492538024707,154.39925482733102,4,4,11,4,False,False,-1,1,high_vol,sideways_volatile
2024-11-29 08:00:00,95625.05,97358.21,95616.0,97237.91,4164.43477,1732881599999,401958782.75349,685985.0,2458.81312,237379132.1398888,0,0.016866500984836108,0.016725840981890342,96043.356,446.153999999995,95731.013,60.99200000001292,94582.5945,138.69550000000163,96368.382,28.795800000007148,93572.40190000001,85.33630000000994,83527.36660000001,149.74170000001322,0.00827698621192982,0.009966744234120188,0.009689573152234886,97358.21,90791.1,0.9816814397809687,71.96405949021616,230.34116662640008,-77.97235601061007,308.3135226370101,94582.5945,97922.72331203613,91242.46568796388,0.8974869906860461,4647.38165,0.8960819411076342,70.23944314949073,1612.8600000000006,120.30000000000291,9.05000000000291,1742.2100000000064,0.9257552189460482,0.5904314164584693,0.4095685835415307,164.72463560763134,8,4,11,4,False,False,-1,1,high_vol,sideways_volatile
2024-11-29 12:00:00,97237.91,98619.99,96768.0,98019.47,8857.57633,1732895999999,865740832.901179,1433625.0,4499.83824,439879726.3038218,0,0.008037605909053447,0.008005476402729073,96623.354,579.9980000000069,95946.649,215.6359999999986,94794.2825,211.68799999999464,96390.5312,22.149199999999837,93673.07649999998,100.67459999996936,83681.44390000001,154.07730000000447,0.007972227469197613,0.009849773217611706,0.009617292684631207,98619.99,90791.1,0.923294362291461,71.34799621922693,402.7615018447832,18.17441556046859,384.58708628431464,94794.2825,98444.05652022875,91144.50847977125,0.9418338617849357,4796.231417,1.8467783473926567,71.19370784989994,781.5599999999977,600.5200000000041,469.9100000000035,1851.9900000000052,0.4220109179855158,0.508021390090578,0.491978609909422,161.85296593430542,12,4,11,4,False,False,-1,1,high_vol,sideways_volatile
2024-11-29 16:00:00,98019.46,98440.0,96853.82,97329.73,5993.35722,1732910399999,584404869.19625,1314180.0,2641.55302,257582100.7022273,0,-0.00703676524674135,-0.007061640040050135,96960.504,337.1499999999942,96132.479,185.83000000000175,95042.9265,248.64400000000023,96377.62600000002,-12.905199999979232,93775.01379999999,101.93730000000505,83832.45235,151.0084499999939,0.008281642572180645,0.009234911612130355,0.009545449593829263,98619.99,90791.1,0.8351924730070279,68.31046454876207,478.23679010027263,110.1868904684294,368.04989963184323,95042.9265,98671.03255811664,91414.82044188336,0.8151511371730794,4767.996862,1.2569968885185059,-42.17384779700235,689.7300000000105,420.5399999999936,475.90999999998894,1586.179999999993,0.43483715593439176,0.44074680067209476,0.5592531993279053,219.2727634546035,16,4,11,4,False,False,-1,1,high_vol,sideways_volatile
2024-11-29 20:00:00,97329.73,97624.62,96981.01,97460.0,2560.65449,1732924799999,249204818.9848262,536571.0,1319.61569,128430133.222034,0,0.001338439960739679,0.0013375450484107072,97134.432,173.92799999999988,96348.513,216.03399999999965,95275.2765,232.35000000000582,96393.38600000001,15.759999999994761,93876.0538,101.04000000000815,83980.7924,148.34004999999888,0.008182220544794429,0.009223356758129663,0.009354539752686453,98619.99,90791.1,0.8518321243496836,60.866914978500084,542.3117676212423,196.611865898992,345.69990172225033,95275.2765,98897.28295503439,91653.27004496563,0.8015902272845693,4522.562419,0.5661954999763598,3.427282295063483,130.27000000000407,164.61999999999534,348.72000000000116,643.6100000000006,0.2024051832631624,0.5153431262020829,0.4846568737979171,209.54447470185642,20,4,11,4,False,False,-1,1,high_vol,sideways_volatile
2024-11-30 00:00:00,97460.0,97463.95,96309.85,96640.02,3052.5744,1732939199999,295294649.2578096,719292.0,1336.14334,129214313.7951294,0,-0.008413502975579634,-0.008449096275234245,97337.426,202.99400000000605,96467.314,118.8009999999922,95523.08300000001,247.80650000000605,96369.5898,-23.796200000011595,93965.7601,89.70630000000529,84124.7425,143.9500999999873,0.00885866470050116,0.0089435866850439,0.009275004636117471,98619.99,90791.1,0.7470944156834493,50.07069409495691,520.9212597801525,261.4737446752241,259.44751510492836,95523.08300000001,98769.17304353624,92276.99295646379,0.6720434407271126,4352.617269,0.7013192778838832,-25.682843797578215,819.9799999999959,3.9499999999970896,330.16999999999825,1154.0999999999913,0.7104930248678643,0.4377103273879254,0.5622896726120745,235.63455160994602,0,5,11,4,False,False,-1,1,high_vol,sideways_volatile
2024-11-30 04:00:00,96640.02,97234.02,96532.7,96783.38,3397.39114,1732953599999,329011288.3173919,566135.0,1684.36196,163110759.795161,0,0.0014834434016053333,0.0014823441863905423,97246.51999999999,-90.90600000001723,96644.938,177.62399999999616,95763.99399999999,240.91099999997823,96338.915,-30.674800000007963,94008.19380000001,42.433700000008685,84268.5509,143.808400000009,0.008611009784575288,0.008946926922526627,0.009248263646771629,98619.99,91792.14,0.7310119583763558,55.834116270253375,509.6620156336576,311.1113988669108,198.55061676674677,95763.99399999999,98585.7141907943,92942.27380920568,0.6806320136429009,4137.527581,0.8211162520344779,5.0398374693054215,143.36000000000058,450.6399999999994,107.32000000000698,701.320000000007,0.20441453259567552,0.49578099506081597,0.504219004939184,166.63815753637363,4,5,11,4,False,False,-1,1,high_vol,sideways_volatile
2024-11-30 08:00:00,96783.38,96968.78,96092.01,96267.99,2445.61538,1732967999999,236167038.0211237,636497.0,1173.88252,113394861.8814258,0,-0.005325191164020082,-0.005339420533041415,96896.224,-350.29599999998754,96759.789,114.85100000000966,95947.9935,183.99950000000536,96287.5448,-51.37019999999029,94068.93860000001,60.744800000000396,84411.2529,142.70200000000477,0.008910879719654907,0.00905784369503142,0.009239895323061787,98619.99,92361.66,0.6241808917075323,54.97186256347785,453.91882417263696,339.6728839280561,114.24594024458088,95947.9935,98345.79757113503,93550.18942886496,0.5667269907187483,4014.2064980000005,0.609240053101025,-13.023369412167616,515.3899999999994,185.39999999999418,175.98000000001048,876.7700000000041,0.5878280506860374,0.4799947406284303,0.5200052593715697,260.26046663151095,8,5,11,4,False,False,-1,1,high_vol,sideways_volatile
2024-11-30 12:00:00,96267.99,96732.15,96242.14,96645.41,2060.42388,1732982399999,198953180.5208024,643153.0,1101.86324,106400661.8993753,0,0.003920513973544093,0.003912848786419454,96759.36000000002,-136.86399999998685,96859.932,100.14299999999639,96100.406,152.41250000000582,96236.979,-50.56579999999667,94131.6407,62.70209999999497,84552.40235000002,141.1494500000117,0.008839847620167424,0.008828039691282813,0.009244553171564689,98619.99,92847.84,0.6579125629098345,58.18948362590111,435.1800978237152,358.7743267071879,76.40577111652726,96100.406,98242.97386189866,93957.83813810135,0.6271847696616341,3865.778711,0.5329906427745341,8.077920612963936,377.41999999999825,86.73999999999069,25.85000000000582,490.00999999999476,0.7702291789963517,0.5347750289129827,0.4652249710870173,312.1459648390408,12,5,11,4,False,False,-1,1,high_vol,sideways_volatile
2024-12-11 08:00:00,97334.59,98472.57,97316.78,98292.61,3915.0582,1733918399999,383900949.8395431,891471.0,1972.58261,193404753.7982071,0,0.00984244040659732,0.009794319086536878,97095.028,526.7640000000101,97026.135,122.22899999999208,98119.91699999999,-82.11050000000978,98347.5702,44.26499999999942,97054.8933,19.72589999999036,93301.3768,112.00909999999567,0.008902665085741564,0.00901829779990249,0.01142301798410794,101351.0,94150.05,0.5752796506016566,45.64200724375781,-470.6028954112553,-450.2094236808955,-20.393471730359806,98119.91699999999,101131.02599008892,95108.80800991105,0.5286759796089137,8381.775133,0.4670917720741483,38.533727021860166,958.0200000000041,179.9600000000064,17.80999999999767,1155.7900000000081,0.8288876006887042,0.5038450284085176,0.49615497159148236,227.703128397938,8,2,12,4,False,False,-1,1,high_vol,sideways_volatile
2024-12-11 12:00:00,98292.61,100800.0,98072.33,100361.64,10646.28169,1733932799999,1059218760.7837377,2055043.0,5686.13497,565974686.5788848,0,0.021049700481043265,0.020831216235825855,97996.05600000001,901.0280000000057,97334.652,308.5170000000071,98154.24350000001,34.32650000002468,98443.80299999999,96.2327999999834,97079.50929999999,24.61599999999453,93422.44254999999,121.0657499999943,0.010889963643174929,0.01023658431586883,0.011749798066173791,101351.0,94150.05,0.8626070171296841,53.65462654970079,-206.38558229620685,-401.44465540395777,195.05907310775092,98154.24350000001,101254.33935532137,95054.14764467865,0.8560206850073623,7525.447394,1.414704154132846,224.1010408113151,2069.029999999999,438.3600000000006,220.27999999999884,2727.6699999999983,0.7585338402372722,0.5340958595282106,0.4659041404717894,193.0291776827859,12,2,12,4,False,False,-1,1,high_vol,sideways_volatile
2024-12-11 16:00:00,100361.64,101141.01,99608.23,101122.71,9214.79257,1733947199999,926366156.2976706,1728426.0,4776.15843,480230528.6448144,0,0.007583275841247739,0.0075546673447224955,98901.99799999999,905.9419999999809,97753.724,419.0720000000001,98225.321,71.07749999998487,98566.49699999999,122.69400000000314,97111.7484,32.23910000000615,93548.38380000001,125.94125000001804,0.010693431350537602,0.010361783806721148,0.011741979776138228,101351.0,94150.05,0.9682972385588021,65.14905208585054,63.68639330442238,-308.4184456622817,372.1048389667041,98225.321,101532.98754802486,94917.65445197513,0.9379808178865784,7650.1365399999995,1.2045265495352846,69.87831387819016,761.070000000007,18.29999999998836,753.4100000000035,1532.7799999999988,0.4965291822701285,0.5183142641267291,0.4816857358732709,187.570798460198,16,2,12,4,False,False,-1,1,high_vol,sideways_volatile
2024-12-11 20:00:00,101122.71,101888.0,100866.42,101125.0,4993.20573,1733961599999,505955915.5170882,729364.0,2378.6262,241052039.4187203,0,2.2645753856798123e-05,2.2645497445585328e-05,99647.312,745.314000000013,98146.58,392.85599999999977,98285.97050000001,60.649500000014086,98675.34619999999,108.84919999999693,97142.525,30.776599999997416,93671.87019999999,123.48639999997977,0.010771367404014824,0.010357938937433692,0.011711275430677088,101888.0,94150.05,0.9013950723382808,67.00641860121314,274.7381531817955,-191.7871258934663,466.5252790752618,98285.97050000001,101763.95469383529,94807.98630616473,0.9081429560594563,7664.326846000001,0.6514865336942076,0.11307490791793398,2.289999999993597,763.0,256.29000000000815,1021.5800000000017,0.0022416257170202953,0.4763725607596786,0.5236274392403214,146.07128955609846,20,2,12,4,False,False,-1,1,high_vol,sideways_volatile
2024-12-12 00:00:00,101125.0,101829.0,100331.61,101025.87,4584.27765,1733975999999,463034052.4361885,1096291.0,2141.31863,216319494.9841763,0,-0.0009802719406675209,-0.0009807527214292912,100385.56599999999,738.2539999999863,98476.91500000001,330.3350000000064,98332.215,46.24449999998615,98787.2916,111.94540000001143,97170.90280000001,28.377800000016578,93792.43665,120.56645000001299,0.010868970216883465,0.010359797093973404,0.011702499687682968,101888.0,94150.05,0.8885841857339469,71.7388317510983,429.05337071327085,-67.61902657211887,496.6723972853897,98332.215,101934.1967778873,94730.2332221127,0.8739129132379916,7749.4638,0.5915606251364126,-4.493838748524242,99.13000000000466,704.0,694.2599999999948,1497.3899999999994,0.06620185789941478,0.46710055399894906,0.532899446001051,239.14149266242632,0,3,12,4,False,False,-1,1,high_vol,sideways_volatile
2024-12-12 04:00:00,101025.88,101191.85,100402.82,100499.99,3018.02596,1733990399999,304125230.9463591,734427.0,1480.14597,149158519.1762314,0,-0.005205399369488162,-0.005218994660588502,100827.04199999999,441.4759999999951,98961.035,484.11999999999534,98301.735,-30.479999999995925,98880.29759999999,93.00599999999395,97215.8971,44.9942999999912,93912.38769999999,119.95104999998875,0.007537525337794259,0.010179182563657614,0.011727758745547408,101888.0,94150.05,0.8206230332323167,67.11430276439276,503.11556825830485,46.52789239396587,456.58767586433896,98301.735,101813.95880929063,94789.51119070937,0.8129434682073959,6892.333541,0.43788158858634085,-15.710030429282904,525.8899999999994,165.97000000000116,97.16999999999825,789.0299999999988,0.6665019074052954,0.4904351352895586,0.5095648647104414,243.34681335875587,4,3,12,4,False,False,-1,1,high_vol,sideways_volatile
2024-12-12 08:00:00,100499.99,101126.54,100178.32,100358.42,2593.08394,1734004799999,261053256.3350224,660799.0,1220.82245,122933184.0772478,0,-0.0014086568565828683,-0.001409649946377393,100826.398,-0.6439999999856809,99411.227,450.19199999999546,98365.114,63.379000000000815,98972.05960000001,91.762000000017,97272.7865,56.88940000000002,94032.47245000002,120.08475000002363,0.007763241328992154,0.00907342510695238,0.011729908046532544,101888.0,94150.05,0.8023274898390398,68.59217490295406,544.1146624231333,146.04524639979937,398.06941602333393,98365.114,101981.49718726795,94748.73081273206,0.7755938594972112,5423.430571,0.47812614286345956,-3.6527654717759193,141.57000000000698,626.5499999999884,180.09999999999127,948.2199999999866,0.14930079517412517,0.47079943351158926,0.5292005664884107,254.8313187269981,8,3,12,4,False,False,-1,1,high_vol,sideways_volatile
2024-12-12 12:00:00,100358.42,101861.6,100348.35,101797.14,7527.72986,1734019199999,761574402.7589,2027345.0,3751.34415,379583942.9671068,0,0.014335817562691755,0.014234031368955354,100961.28400000001,134.88600000001315,99931.641,520.4140000000043,98476.1455,111.03149999999732,99076.22619999999,104.16659999998228,97360.65779999999,87.87129999998433,94158.81274999998,126.3402999999671,0.00831935726693774,0.009538072287139278,0.011833998961538653,101888.0,94150.05,0.9882578719169806,72.14221222872698,684.8054095616826,253.79727903217605,431.00813052950656,98476.1455,102374.4944693512,94577.7965306488,0.9259488473337876,5547.690032,1.3569124836785762,107.91616193418716,1438.7200000000012,64.4600000000064,10.069999999992433,1513.25,0.9507483892284825,0.4983367123644365,0.5016632876355636,269.3169172784317,12,3,12,4,False,False,-1,1,high_vol,sideways_volatile
2024-12-12 16:00:00,101797.14,102540.0,99311.64,99481.32,7934.57131,1734033599999,802420925.5016576,2199149.0,3942.20177,399054028.8693576,0,-0.022749362113709592,-0.023012121573250686,100632.548,-328.736000000019,100139.93,208.28899999998976,98545.788,69.64250000000175,99142.0444,65.8182000000088,97410.83099999999,50.17320000000473,94273.78379999999,114.97105000000738,0.012033814107213549,0.010355765062043004,0.012286880338220875,102540.0,94150.05,0.6354352528918534,57.220791675972535,602.4913748746621,323.5360982006733,278.95527667398886,98545.788,102464.68752835909,94626.88847164091,0.6193615699037491,5730.965792,1.3845085798760253,-180.5064359482411,2315.8199999999924,742.8600000000006,169.68000000000757,3228.3600000000006,0.7173363565401604,0.496838659075584,0.503161340924416,277.1604052796647,16,3,12,4,False,False,-1,1,high_vol,sideways_volatile
2024-12-12 20:00:00,99481.33,100476.19,99465.33,100004.29,3574.39873,1734047999999,357254715.8880429,1348311.0,1640.05364,163935286.5962406,0,0.005256966835582633,0.005243197221947259,100428.232,-204.31599999999162,100406.899,266.9690000000119,98655.4025,109.61449999999604,99227.274,85.22960000000603,97473.0168,62.185800000006566,94392.20575000001,118.42195000001811,0.01202407728391949,0.010366469700873954,0.012277923683657248,102540.0,94150.05,0.6977681630998984,70.42449868207822,572.8527280415146,373.39942416884156,199.45330387267308,98655.4025,102610.35677271128,94700.44822728871,0.6705313648386734,5800.142564,0.6162604954204709,18.79049558075868,522.9599999999919,471.90000000000873,16.0,1010.8600000000006,0.5173416694695522,0.4588334329449586,0.5411665670550414,377.2133726110629,20,3,12,4,False,False,-1,1,high_vol,sideways_volatile
2024-12-13 00:00:00,100004.29,100356.85,99205.0,99729.09,3169.68724,1734062399999,315881098.8908897,894572.0,1562.35788,155706154.8384409,0,-0.002751881944264567,-0.0027556753322844295,100274.052,-154.18000000000757,100550.54699999999,143.6479999999865,98788.34099999999,132.9384999999893,99277.663,50.388999999995576,97546.7392,73.72239999999874,94509.8266,117.62084999999206,0.011859992332799253,0.010207092277060702,0.01211096458950255,102540.0,94150.05,0.6649670141061622,68.07012304662899,521.1500534224906,402.94955001957135,118.20050340291925,98788.34099999999,102697.4333994837,94879.24860051626,0.62032831458835,5725.605468,0.5535986120097091,-8.72260508472179,275.1999999999971,352.5600000000122,524.0899999999965,1151.8500000000058,0.23891999826365906,0.49290600671377277,0.5070939932862272,282.22721431657715,0,4,12,4,False,False,-1,1,high_vol,sideways_volatile
2024-12-13 04:00:00,99729.09,100225.52,99500.0,100130.0,2722.44317,1734076799999,272020056.8842813,502565.0,1167.14524,116667012.4951465,0,0.004019990556416442,0.004011931984083241,100228.36799999999,-45.68400000000838,100527.383,-23.163999999989755,98931.01749999999,142.6765000000014,99308.5166,30.85360000000219,97619.9092,73.16999999999825,94627.08930000002,117.26270000002114,0.00978441941324497,0.010222947275683028,0.01196268864573482,102540.0,94256.54,0.709058774956359,67.03780205128015,506.6846524711582,423.6965705098887,82.98808196126947,98931.01749999999,102815.99340238888,95046.0415976111,0.6543101592036584,4933.221616,0.5518590855862333,10.94419583378044,400.9100000000035,95.52000000000407,229.0899999999965,725.5200000000041,0.5525829749696787,0.42871243479436894,0.5712875652056311,184.6007312615455,4,4,12,4,False,False,-1,1,high_vol,sideways_volatile
2024-12-13 08:00:00,100130.01,100789.0,99896.0,100353.37,2260.04806,1734091199999,226645429.3665107,553328.0,1199.08252,120282489.7453476,0,0.0022307999600519324,0.0022283154201426496,99939.61399999999,-288.7540000000008,100450.449,-76.93400000000838,99102.0865,171.0690000000177,99256.304,-52.21259999999893,97706.604,86.69480000001204,94742.82635,115.73704999998154,0.009452865991642743,0.010154488259188554,0.010144734286670285,102540.0,94256.54,0.7360245597854034,65.07960970830194,507.3958665124519,440.4364297104014,66.9594368020505,99102.0865,102917.11531284438,95287.05768715563,0.6639939776846755,4237.747165,0.5333135677998855,5.041715121963447,223.36000000000058,435.63000000000466,234.00999999999476,893.0,0.25012318029115405,0.5305562041897462,0.46944379581025375,244.83019179689478,8,4,12,4,False,False,-1,1,high_vol,sideways_volatile
2024-12-20 08:00:00,97832.52,97864.91,92612.1,92723.98,19009.19125,1734695999999,1799434604.4509842,2143807.0,8163.57541,772906321.8829027,0,-0.052217294186299834,-0.05363001627718082,96464.822,-1591.1759999999922,98850.769,-1009.3840000000055,102124.9635,-707.1254999999946,102263.97859999999,-166.03780000002007,100525.6351,-27.046199999997043,97930.76585000001,12.380600000004051,0.021364902464232206,0.015715095064074876,0.012612992164288147,108353.0,92612.1,0.007107598676059828,19.996640819919065,-2010.9332589643745,-949.7535817621848,-1061.1796772021899,102124.9635,110183.49045818533,94066.43654181466,-0.08329416460232135,10766.959182,1.7655115923332567,-992.6085317448867,5108.540000000008,32.38999999999942,111.8799999999901,5252.809999999998,0.9725347004746051,0.4294541152559555,0.5705458847440444,112.77739130537708,8,4,12,4,False,False,-1,1,high_vol,sideways_volatile
2024-12-20 12:00:00,92723.99,97572.0,92232.54,96991.62,16343.30766,1734710399999,1550263922.0306735,1557422.0,8311.31306,788670542.5781555,0,0.04602520297338408,0.044997459973286524,96423.202,-41.61999999999534,98529.53,-321.2390000000014,101634.257,-490.70650000000023,102193.8112,-70.16739999999118,100537.0544,11.41929999999411,97962.96995,32.2040999999881,0.02689209597162418,0.01966784543485245,0.01428677029944969,108353.0,92232.54,0.29521986345302803,34.7617830094929,-2026.0429282102996,-1165.0114510518079,-861.0314771584917,101634.257,109687.89188177677,93580.62211822323,0.21176760132837336,10608.332439000002,1.5406104356153274,752.2040523079629,4267.62999999999,580.3800000000047,491.45000000001164,5339.460000000006,0.7992624722350172,0.5085453466890191,0.491454653310981,95.2941737621306,12,4,12,4,False,False,-1,1,high_vol,sideways_volatile
2024-12-20 16:00:00,96991.63,97748.0,96300.0,97116.0,7186.02296,1734724799999,697707279.5445416,897635.0,3379.30129,328178498.1548055,0,0.0012823788281914883,0.0012815572827419796,96354.03,-69.17200000000594,98121.815,-407.7149999999965,101149.6415,-484.6154999999999,102128.9628,-64.84840000000258,100550.5112,13.45679999999993,97995.12899999999,32.159049999987474,0.026573250177879922,0.019685498900256188,0.014288767809043802,108353.0,92232.54,0.3029355241723874,32.922264579033694,-2004.870128580078,-1332.983186557462,-671.886942022616,101149.6415,109057.48828334456,93241.79471665544,0.2449595565953795,10225.819811,0.7027331884207402,9.215203702801931,124.36999999999534,632.0,691.6300000000047,1448.0,0.08589088397789733,0.4702602968026141,0.5297397031973858,124.9140178088159,16,4,12,4,False,False,-1,1,high_vol,sideways_volatile
2024-12-20 20:00:00,97116.0,97816.44,95393.84,97805.44,4762.18635,1734739199999,460861935.3290275,459018.0,2407.59303,233102751.2902459,0,0.007099139173771585,0.007074058914146058,96493.914,139.88400000000547,97736.702,-385.11299999999756,100715.98999999999,-433.6515000000072,102049.1288,-79.83399999998801,100562.6775,12.166300000011688,98032.85615,37.72715000002063,0.026673121068176982,0.019856641578575206,0.014171014072360934,107633.0,92232.54,0.3618658143977522,35.760008049784844,-1910.4361672905216,-1448.473782704074,-461.96238458644757,100715.98999999999,108339.53927118247,93092.44072881751,0.30910794326455915,10382.130826999999,0.45869065121153674,33.80742367008532,689.4400000000023,11.0,1722.1600000000035,2422.600000000006,0.2845868075621236,0.5055646404933314,0.4944353595066686,96.3880802354574,20,4,12,4,False,False,-1,1,high_vol,sideways_volatile
2024-12-21 00:00:00,97805.44,97813.59,97188.09,97487.46,2878.66863,1734753599999,280443330.1239083,463521.0,1362.34183,132708423.2455871,0,-0.003251148402379167,-0.003256444868192822,96424.9,-69.01400000001013,97240.449,-496.2530000000115,100266.56850000001,-449.4214999999822,102009.2516,-39.87720000000263,100575.64799999999,12.970499999981257,98070.07345000001,37.21730000000389,0.026378489908147472,0.019835301914467196,0.013815710884141075,106903.99,92232.54,0.3581731866993384,37.864882659291695,-1840.0440190745867,-1526.7878299781767,-313.25618909641,100266.56850000001,107510.73502190037,93022.40197809965,0.3081830054846007,10262.511064,0.28050333997671584,-9.358978917403526,317.9799999999959,8.14999999999418,299.3700000000099,625.5,0.5083613109512325,0.4732541341515922,0.5267458658484079,161.019227836585,0,5,12,4,False,False,-1,1,high_vol,sideways_volatile
2024-12-21 04:00:00,97487.47,99540.61,97378.5,99040.0,5467.95008,1734767999999,538986210.491481,581136.0,2962.72078,291985585.5112991,0,0.015925535448354067,0.015800054588767685,97688.104,1263.2040000000125,97076.46299999999,-163.98600000000442,99911.88149999999,-354.6870000000199,101989.9658,-19.285799999997835,100608.6199,32.97190000001865,98115.9935,45.92004999998608,0.026698430551763453,0.020341235437087473,0.013984801465235978,106524.98,92232.54,0.4762979589209404,47.2154562856707,-1640.0749682606984,-1549.4452576346812,-90.62971062601719,99911.88149999999,106621.41858264751,93202.34441735246,0.43502670234472035,9759.625285,0.5602622969965798,87.08003282887044,1552.5299999999988,500.6100000000006,108.97000000000116,2162.1100000000006,0.7180624482565635,0.5418339115488048,0.45816608845119516,106.28041432302177,4,5,12,4,False,False,-1,1,high_vol,sideways_volatile
2024-12-21 08:00:00,99040.0,99187.95,97800.0,98262.08,3434.11954,1734782399999,338048773.0384773,612271.0,1576.9952,155191409.374582,0,-0.007854604200323134,-0.00788561409090647,97942.19600000001,254.0920000000042,97182.699,106.23600000000442,99586.7865,-325.0949999999866,101960.6256,-29.340200000006007,100619.1443,10.524399999994785,98153.961,37.967499999998836,0.024223838022057204,0.02024623489232359,0.014023134780050451,105350.0,92232.54,0.4596575861485383,42.91671600600291,-1526.770042771066,-1544.9102146619584,18.14017189089236,99586.7865,105926.306941874,93247.266058126,0.39551997567118746,8517.387347,0.40318931147467046,-26.97364976329575,777.9199999999983,147.9499999999971,462.08000000000175,1387.949999999997,0.5604812853488957,0.4592138338900107,0.5407861661099893,178.29053207623633,8,5,12,4,False,False,-1,1,high_vol,sideways_volatile
2024-12-21 12:00:00,98262.08,98283.95,96398.39,97527.97,5930.1048,1734796799999,577198680.8867561,1019121.0,2857.78575,278237461.6183459,0,-0.0074709389420618555,-0.007498986186551847,98024.59,82.39399999998568,97189.31,6.611000000004424,99250.64749999999,-336.1390000000101,101908.585,-52.04059999999299,100608.5508,-10.593500000002678,98183.00134999999,29.04034999999567,0.024374120549105233,0.02026707287443203,0.014046714627637498,105350.0,92232.54,0.4036932454911244,40.151588159578324,-1479.1607701763714,-1531.7603257648411,52.599555588469684,99250.64749999999,105252.86811734134,93248.42688265865,0.356496652670271,8059.497875000001,0.735790850990205,-44.30345088082793,734.1100000000006,21.869999999995343,1129.5800000000017,1885.5599999999977,0.3893326120621998,0.4819115085453464,0.5180884914546535,171.8554788441513,12,5,12,4,False,False,-1,1,high_vol,sideways_volatile
2024-12-21 16:00:00,97527.96,97723.18,96819.36,97269.03,2933.73741,1734811199999,285454663.4436319,591961.0,1362.72772,132592964.7058168,0,-0.00265503321765026,-0.002658564069414208,97917.308,-107.28199999999197,97205.611,16.301000000006752,98862.6825,-387.9649999999965,101846.8982,-61.68680000001041,100551.6011,-56.94969999999739,98217.97084999998,34.96949999999197,0.024358043084188936,0.020114539332588798,0.014044826904756004,105350.0,92232.54,0.38395314336769487,37.317893730913035,-1445.6597073722514,-1514.5402020863232,68.8804947140718,98862.6825,104265.63402539461,93459.73097460538,0.35252019266602613,7481.668745,0.3921234032127682,-7.78917027541324,258.93000000000757,195.2199999999866,449.66999999999825,903.8199999999924,0.2864840344316454,0.4645022814090236,0.5354977185909764,201.77709088149098,16,5,12,4,False,False,-1,1,high_vol,sideways_volatile
2024-12-21 20:00:00,97269.03,98057.51,96539.91,97291.99,2838.96097,1734825599999,276100397.2116716,449628.0,1604.36991,156016606.9661824,0,0.0002360463551451808,0.00023601850058751713,97878.214,-39.09399999999732,97151.557,-54.054000000003725,98505.855,-356.8274999999994,101795.2748,-51.623399999996764,100502.16,-49.44109999999637,98242.88325000001,24.912400000030175,0.024232633738461153,0.020126217255193025,0.014031702922298543,104999.98,92232.54,0.39627756229909916,40.931383702310995,-1401.106114492999,-1491.8533845676584,90.74727007465935,98505.855,103265.40479198896,93746.30520801104,0.37248111133923756,7078.424965,0.40107241145276445,0.670126389367927,22.960000000006403,765.5199999999895,729.1199999999953,1517.5999999999913,0.01512915129151722,0.565125736828992,0.434874263171008,158.3776616696495,20,5,12,4,False,False,-1,1,high_vol,sideways_volatile
2024-12-22 00:00:00,97292.0,97448.08,96549.37,96994.37,1848.52784,1734839999999,179363842.2535381,645618.0,884.03853,85784040.0936561,0,-0.003059039084307047,-0.0030637275081893435,97469.088,-409.12600000000384,97578.59599999999,427.03899999998976,98214.68250000001,-291.17249999998603,101705.9154,-89.35940000000119,100446.4346,-55.72540000001027,98274.81379999999,31.930549999975483,0.01617393493215443,0.019924357660858035,0.013836017228020884,102997.77,92232.54,0.44233425574743845,49.3374340257231,-1373.974198539232,-1468.2775473619731,94.3033488227411,98214.68250000001,102557.83582461716,93871.52917538286,0.359513076238497,5362.3586239999995,0.3447229045306016,-5.654718910989684,297.63000000000466,156.08000000000175,445.0,898.7100000000064,0.33117468371332526,0.4782392295482009,0.521760770451799,349.2606310976631,0,6,12,4,False,False,-1,1,high_vol,sideways_volatile
2024-12-22 04:00:00,96994.37,97071.97,95890.28,96210.24,2981.41637,1734854399999,287230427.6027877,559617.0,1289.41893,124234306.2772087,0,-0.008084283654814062,-0.008117138668562856,97058.72,-410.3680000000022,97500.458,-78.13799999999173,98014.994,-199.68850000000384,101601.63519999999,-104.28020000000834,100395.6169,-50.817699999999604,98303.54460000001,28.73080000001937,0.0075235112566939865,0.019250476559972,0.013874021026341207,102800.11,92232.54,0.37640630722105545,46.093219365535994,-1399.6108547174663,-1454.5442088330717,54.933354115605425,98014.994,102340.24457864402,93689.74342135599,0.2913700065250556,4026.1694950000006,0.7405094032187534,-24.102615628186072,784.1299999999901,77.60000000000582,319.9600000000064,1181.6900000000023,0.6635665868374858,0.4324853592992112,0.5675146407007887,187.701726478412,4,6,12,4,False,False,-1,1,high_vol,sideways_volatile
2024-12-22 08:00:00,96210.25,97351.57,96196.85,97101.28,2184.9888,1734868799999,211747055.6006639,426443.0,1147.5671,111195657.1234723,0,0.009261384235191628,0.009218760583447814,96973.38200000001,-85.33799999998882,97498.986,-1.4719999999942956,97810.4005,-204.59350000000268,101501.9008,-99.73439999998664,100376.3497,-19.267199999987497,98331.91100000002,28.366400000013527,0.0081628529532922,0.01923139866490079,0.013909290304715709,102800.11,92232.54,0.4607246509840959,49.98568301098963,-1332.6664587919513,-1430.1686588248476,97.50220003289633,97810.4005,101882.35961485273,93738.44138514728,0.4129263727853451,3526.066079,0.6196675703308622,20.236020826390273,891.0299999999988,250.29000000000815,13.39999999999418,1154.7200000000012,0.7716416100872922,0.52520502622256,0.47479497377744,195.16942146339605,8,6,12,4,False,False,-1,1,high_vol,sideways_volatile
2024-12-22 12:00:00,97101.29,97300.0,95109.13,95377.72,4444.90674,1734883199999,426724051.0113993,829616.0,2120.44704,203530623.8271688,0,-0.017750126465892135,-0.0179095492948026,96595.12,-378.262000000017,97256.214,-242.7719999999972,97496.45800000001,-313.9424999999901,101372.9752,-128.9256000000023,100360.67059999998,-15.679100000023027,98350.69955,18.788549999982934,0.009447756832660841,0.019482892754950867,0.014110541098163329,102800.11,92232.54,0.29762566039307103,43.00656209029669,-1402.5220294054016,-1424.6393329409586,22.117303535557085,97496.45800000001,101277.65132690033,93715.2646730997,0.21983209838454973,3494.3381179999997,1.2720310942731732,-78.89765676409634,1723.5699999999924,198.7100000000064,268.5899999999965,2190.8699999999953,0.7867057379032056,0.47705096282852494,0.5229490371714751,186.64418592503472,12,6,12,4,False,False,-1,1,high_vol,sideways_volatile
2024-12-22 16:00:00,95377.71,96444.45,94700.0,94836.55,3910.30845,1734897599999,373879464.4946214,602478.0,1884.17523,180188498.1447181,0,-0.00567396662449049,-0.005690124722444749,96104.032,-491.0879999999888,96991.12299999999,-265.0910000000149,97115.78600000001,-380.67200000000594,101238.02639999999,-134.94880000001285,100331.6832,-28.98739999998361,98366.62220000001,15.922650000007707,0.009500924616585606,0.01932187983884728,0.014123839206825263,102800.11,92232.54,0.24641521182258624,58.13563904145517,-1484.4392767018871,-1436.5993216931445,-47.83995500874266,97115.78600000001,100279.7996733649,93951.77232663511,0.13981887638683005,3597.5021,1.0869509846846233,-22.186959636763138,541.1600000000035,1066.7399999999907,136.5500000000029,1744.449999999997,0.3102181203244601,0.48184823629450513,0.5181517637054949,154.07429048212296,16,6,12,4,False,False,-1,1,high_vol,sideways_volatile
2024-12-22 20:00:00,94836.55,95824.0,94250.35,95186.27,3983.68216,1734911999999,378875025.3973894,569779.0,1967.75066,187148752.2965468,0,0.0036876077841296873,0.0036808252277028566,95742.412,-361.6200000000099,96605.75,-385.3729999999923,96841.10650000001,-274.67949999999837,101109.2494,-128.7769999999873,100302.16049999998,-29.522700000015902,98380.5936,13.971399999980349,0.007386296471220198,0.019112633286664855,0.014139430340242117,101200.0,92232.54,0.3293831252104842,40.04275545446427,-1503.8048775558127,-1450.0404328656782,-53.764444690134496,96841.10650000001,99634.46700991844,94047.74599008157,0.2037910978328527,3449.0753080000004,1.1550000519733503,14.690257342714565,349.72000000000116,637.7299999999959,586.1999999999971,1573.6499999999942,0.2222349315286134,0.4939527253850995,0.5060472746149005,143.0282279347306,20,6,12,4,False,False,-1,1,high_vol,sideways_volatile
2024-12-23 00:00:00,95186.28,96043.99,93700.42,96025.15,6028.4424,1734926399999,570705061.5955876,1103664.0,3062.98823,290066241.5210773,0,0.008813035745596443,0.008774427616801347,95705.394,-37.01799999999639,96382.057,-223.6929999999993,96782.378,-58.72850000001199,101003.48159999998,-105.767800000016,100281.7158,-20.444699999978184,98394.58,13.98640000000887,0.008235611412903266,0.017706993083769714,0.014207240137721636,99540.61,92232.54,0.5189619147052501,44.42306296210327,-1434.9207770561043,-1447.0165017037634,12.095724647659154,96782.378,99593.32650410736,93971.42949589263,0.3653073866537328,3708.507594,1.6255710005160635,53.128878361469205,838.8699999999953,18.84000000001106,1485.8600000000006,2343.570000000007,0.35794535687007123,0.5080894909106206,0.4919105090893794,183.07614583826827,0,0,12,4,False,False,-1,1,high_vol,sideways_volatile
2024-12-23 04:00:00,96025.15,96509.98,94705.07,95404.01,3919.1348,1734940799999,374438889.3851122,707864.0,2328.96055,222545895.1576642,0,-0.006468513717500013,-0.006489525210120117,95365.93999999999,-339.45400000001246,96169.661,-212.39600000000792,96679.4855,-102.89250000000175,100883.1618,-120.31979999998293,100242.656,-39.059800000002724,98410.0461,15.466100000005099,0.008171114329853438,0.017739619965997093,0.014225175665358395,99540.61,92232.54,0.433968202275019,37.63642036263432,-1414.1490085500118,-1440.4430030730132,26.293994523001402,96679.4855,99535.99293002549,93822.9780699745,0.2767421350644592,3507.410594,1.1173869425793266,-25.350977214531667,621.1399999999994,484.83000000000175,698.9399999999878,1804.909999999989,0.3441390429439713,0.5942537495775854,0.4057462504224147,180.61741586433823,4,0,12,4,False,False,-1,1,high_vol,sideways_volatile
2024-12-23 08:00:00,95404.01,96538.92,95036.77,95932.42,3020.85272,1734955199999,289770091.014267,666898.0,1566.35935,150276991.7040335,0,0.005538656079550508,0.005523374125656842,95476.88,110.94000000001688,96036.0,-133.66099999999278,96620.80549999999,-58.68000000000757,100767.13380000001,-116.02799999999115,100187.58029999999,-55.075700000015786,98429.50825,19.462149999992107,0.008520346874636462,0.01778401319906519,0.014244150889263035,99540.61,92232.54,0.5062732020902921,42.16378724750906,-1339.6068080560508,-1420.2757640696207,80.66895601356987,96620.80549999999,99488.61497572795,93752.99602427203,0.3799806078775072,3516.1221250000003,0.859143287009691,16.731464283054688,528.4100000000035,606.5,367.2399999999907,1502.1499999999942,0.3517691309123626,0.5185156295868671,0.48148437041313286,220.7648176902845,8,0,12,4,False,False,-1,1,high_vol,sideways_volatile
2024-12-23 12:00:00,95932.41,96423.0,93107.52,93250.37,8316.98998,1734969599999,785795868.8449346,1111060.0,3549.39791,335466788.0939873,0,-0.027957701890560127,-0.028355958895018782,95159.644,-317.2360000000044,95631.838,-404.1619999999966,96391.69750000001,-229.10799999997835,100597.49940000002,-169.63439999999537,100122.6756,-64.90469999998459,98431.5082,1.9999499999976251,0.01192260609700373,0.018693710076165583,0.014741251696899984,99540.61,92232.54,0.13927480169182846,23.806490433555126,-1479.8913312239747,-1432.1988775004916,-47.69245372348314,96391.69750000001,99567.50482647002,93215.89017353,0.005428513591269754,4063.925026,2.046541195221351,-232.52392648761565,2682.040000000008,490.5899999999965,142.84999999999127,3315.479999999996,0.8089447078552763,0.42676472119544384,0.5732352788045563,133.58919545073203,12,0,12,4,False,False,-1,1,high_vol,sideways_volatile
2024-12-23 16:00:00,93250.38,94260.0,92690.0,93044.79,6236.29663,1734983999999,582327043.8646221,1049066.0,3034.11734,283383267.0941408,0,-0.0022046025125691537,-0.0022070362262604924,94731.348,-428.2960000000021,95236.88,-394.9579999999987,96407.73799999998,16.04049999997369,100404.9664,-192.53300000001036,100060.1272,-62.548399999999674,98429.45889999998,-2.049300000013318,0.011934502582725845,0.014538002859574232,0.014657701000376602,99540.61,92232.54,0.11114425559689484,25.106710270046364,-1589.3355436065322,-1463.6262107216999,-125.70933288483229,96407.73799999998,99507.88451713286,93307.59148286711,-0.04238533266327086,4502.701905,1.385012101972582,-13.748555219624546,205.59000000001106,1009.6199999999953,354.7899999999936,1570.0,0.1309490445859943,0.4865255006319351,0.5134744993680649,168.21938760151633,16,0,12,4,False,False,-1,1,high_vol,sideways_volatile
2024-12-23 20:00:00,93044.79,95509.09,92520.0,94881.47,5289.0505,1734998399999,496970258.7900397,826367.0,2797.76017,262968106.173466,0,0.019739740398145855,0.019547438265822618,94502.612,-228.73600000000442,95104.003,-132.87700000000768,96302.2305,-105.50749999997788,100248.5156,-156.45080000000598,100014.88990000001,-45.23729999999341,98430.1664,0.7075000000186265,0.013968351477487331,0.01092270815975279,0.014970632067844398,99540.61,92520.0,0.3363625098104012,38.574825503286164,-1510.4545642070589,-1472.9918814187718,-37.46268278828711,96302.2305,99461.76924709279,93142.69175290722,0.27516330487997614,4733.465318,1.1173738782636202,104.40448382268355,1836.6800000000076,627.6199999999953,524.7899999999936,2989.0899999999965,0.6144612574395585,0.5289721037830892,0.47102789621691077,156.24108712896577,20,0,12,4,False,False,-1,1,high_vol,sideways_volatile
2024-12-24 00:00:00,94881.47,94881.47,93569.02,94348.75,3135.824,1735012799999,295433656.1323459,654861.0,1523.83045,143554463.5922244,0,-0.005614584175392734,-0.005630405199897335,94291.55999999998,-211.0520000000106,94828.75,-275.252999999997,96163.868,-138.3625000000029,100070.4316,-178.08400000000256,99962.1774,-52.71250000000873,98431.91015000001,1.7437500000087311,0.01350281386920962,0.010954279297261104,0.014948991107704264,99540.61,92520.0,0.26048306343750754,37.68402602638741,-1473.9362519800343,-1473.1807555310243,-0.7554964490100247,96163.868,99414.4140540438,92913.32194595621,0.22079798750398688,4828.548838,0.649434044307786,-17.606347807216746,532.7200000000012,0.0,779.7299999999959,1312.449999999997,0.40589736751876443,0.4859425943547852,0.5140574056452148,208.83219211282267,0,1,12,4,False,False,-1,1,high_vol,sideways_volatile
2024-12-24 04:00:00,94348.75,94653.45,93810.45,94233.19,1999.49298,1735027199999,188515305.8234349,406550.0,974.37956,91859446.0879269,0,-0.001224817498906905,-0.001225568200904288,93951.71399999999,-339.84599999999045,94714.29699999999,-114.45300000000861,95985.2555,-178.6125000000029,99865.81559999999,-204.61600000000908,99906.9492,-55.22819999999774,98431.6433,-0.26685000001452863,0.012437569093754383,0.01077148518243789,0.014823374508081359,99540.61,92520.0,0.24402295527026885,37.199809846789385,-1437.746505910647,-1466.093905606949,28.347399696301864,95985.2555,99248.55851640947,92721.95248359053,0.23155028950885598,4584.007462,0.4361888580189227,-2.449013990845514,115.55999999999767,304.6999999999971,422.74000000000524,843.0,0.13708185053380506,0.48731331879944884,0.5126866812005513,203.32654531250216,4,1,12,4,False,False,-1,1,high_vol,sideways_volatile
2024-12-24 08:00:00,94233.2,94635.7,93840.0,94398.6,1936.10063,1735041599999,182441991.4641944,366469.0,892.56398,84129127.9825191,0,0.0017553263345961856,0.0017537875497755779,94181.36,229.64600000000792,94670.50200000001,-43.7949999999837,95830.8125,-154.4429999999993,99662.142,-203.67359999998007,99850.16070000001,-56.78849999999511,98424.64570000001,-6.9975999999878695,0.012358051621867408,0.010794218634479097,0.014826280571982384,99540.61,92520.0,0.26758358604166954,39.01591479386093,-1379.813040974128,-1448.8377326803848,69.02469170625682,95830.8125,99087.13431104578,92574.49068895422,0.2800873833873267,4386.58668,0.4413683739175535,3.3984884222672656,165.40000000000873,237.09999999999127,393.1999999999971,795.6999999999971,0.20786728666584056,0.4610111510577836,0.5389888489422164,189.28200028528477,8,1,12,4,False,False,-1,1,high_vol,sideways_volatile
2024-12-24 12:00:00,94398.6,98300.0,94075.1,98300.0,6970.36477,1735055999999,672944824.1175004,777129.0,3797.05443,366597792.2869051,0,0.041329002760634115,0.04049778462011347,95232.402,1051.0420000000013,94981.875,311.3729999999923,95793.8125,-37.0,99528.28620000002,-133.85579999999027,99834.8408,-15.319900000002235,98431.58565,6.9399499999854015,0.018125867698212686,0.013982866111061686,0.016023468951213118,99187.95,92520.0,0.8668331346215857,56.99697053300939,-1007.4764169814152,-1360.565469540591,353.0890525591758,95793.8125,98910.41906386631,92677.20593613369,0.9020699194207792,4685.254941,1.4877236901248059,288.0782248219568,3901.399999999994,0.0,323.5,4224.899999999994,0.9234301403583516,0.5447425716287155,0.4552574283712845,111.4904349546688,12,1,12,4,False,False,-1,1,high_vol,sideways_volatile
2024-12-24 16:00:00,98299.99,99487.99,97546.57,97581.09,6446.91305,1735070399999,635244140.743892,735647.0,3135.95622,309150530.2646556,0,-0.007313428280773193,-0.007340302506030116,95772.326,539.9239999999991,95137.46900000001,155.59400000001187,95759.763,-34.049499999993714,99404.7482,-123.53800000001502,99811.3035,-23.537300000010873,98429.61615,-1.9694999999919673,0.018304353789490066,0.013967958252170282,0.015975867771582327,99487.99,92520.0,0.7263342800434548,51.625241596375346,-761.627421921803,-1240.7778600168335,479.1504380950305,95759.763,98776.09406840726,92743.43193159276,0.8019109903213854,4727.102006,1.3638193213975676,-47.14903622355576,718.9000000000087,1188.0,34.51999999998952,1941.4199999999983,0.3702959689299633,0.48642756551525074,0.5135724344847492,114.10841038099622,16,1,12,4,False,False,-1,1,high_vol,sideways_volatile
2024-12-24 20:00:00,97581.1,99068.9,97250.0,98663.58,3185.52945,1735084799999,312634506.4251083,480893.0,1645.46926,161506814.3680949,0,0.011093235379928679,0.011032156735728372,96635.292,862.9660000000003,95463.426,325.9569999999949,95816.5435,56.78049999999348,99251.37960000001,-153.36859999998705,99801.1882,-10.115299999990384,98439.57405,9.95789999999397,0.018269820705585554,0.014079631950644888,0.015636065406946027,99487.99,92520.0,0.8816861103417194,61.63538270213001,-473.97869448852725,-1087.4180269111723,613.4393324226451,95816.5435,99010.54508071573,92622.54191928427,0.9456848921411648,4653.741470999999,0.6845093286446553,35.337827998544746,1082.479999999996,405.31999999999243,331.1000000000058,1818.8999999999942,0.5951289240749901,0.5165449843824235,0.48345501561757653,150.96171846723942,20,1,12,4,False,False,-1,1,high_vol,sideways_volatile
2024-12-25 00:00:00,98663.58,98878.44,97725.27,98029.48,2347.026,1735099199999,230642324.2116277,475805.0,1030.19464,101220820.6860142,0,-0.0064268902466341205,-0.0064476316218761804,97394.55,759.2580000000016,95673.132,209.70599999999104,95854.566,38.0225000000064,99080.30679999999,-171.07280000002356,99784.47140000001,-16.71679999999469,98440.5723,0.998250000004191,0.01851270960546434,0.014151625205083828,0.01564259055067929,99487.99,92520.0,0.7906842575836062,61.232388544330696,-293.7948915765446,-928.6933998442469,634.8985082677023,95854.566,99138.21851299267,92570.91348700735,0.8311729836507296,4586.3587990000005,0.5117405992116754,-15.084078507996692,634.1000000000058,214.86000000000058,304.20999999999185,1153.1699999999983,0.5498755604117405,0.43893618562384906,0.5610638143761509,202.72676996334937,0,2,12,4,False,False,-1,1,high_vol,sideways_volatile
2024-12-25 04:00:00,98029.49,98581.9,97844.18,98084.33,1454.63832,1735113599999,142792139.0952608,335500.0,672.37954,66004311.7827372,0,0.0005595255631265506,0.0005593690870641717,98131.696,737.1459999999934,96156.528,483.3960000000079,95894.183,39.61699999999837,98920.8202,-159.48659999998927,99766.1946,-18.276800000006915,98439.40835000001,-1.1639499999873806,0.015237605354197175,0.014151511990806677,0.015637700796008736,99487.99,92520.0,0.7985559680768769,60.41105949197378,-144.901656912436,-771.9350512578848,627.0333943454488,95894.183,99268.71751854464,92519.64848145537,0.8245109789163694,3900.123633,0.3729723611046358,0.8139073251434594,54.83999999999651,497.56999999999243,185.31000000001222,737.7200000000012,0.07433714688499217,0.4622314225848251,0.5377685774151749,230.64152469185603,4,2,12,4,False,False,-1,1,high_vol,sideways_volatile
2024-12-25 08:00:00,98084.33,99349.31,97773.83,97907.61,3026.36685,1735127999999,298043841.8078585,608403.0,1439.85868,141862917.4089805,0,-0.0018017149120558296,-0.0018033399525678208,98053.218,-78.4780000000028,96642.81,486.28199999999197,95939.845,45.661999999996624,98741.64259999999,-179.17760000001,99744.2609,-21.933700000008685,98434.7639,-4.644450000007055,0.015216460279126898,0.014137655365292781,0.015582984006821888,99487.99,92520.0,0.7731942784074025,57.10039664997489,-40.6934342335735,-625.6867278530225,584.993293619449,95939.845,99400.6730653324,92479.0169346676,0.7842910660184733,3579.130655,0.8455591990675736,-5.452650282996427,176.72000000000116,1264.979999999996,133.77999999999884,1575.479999999996,0.11216898976819865,0.4757713626158706,0.5242286373841294,201.0341211608236,8,2,12,4,False,False,-1,1,high_vol,sideways_volatile
2024-12-25 12:00:00,97907.61,98832.89,97632.02,98519.98,2843.35507,1735142399999,279627209.6882721,848725.0,1413.29016,138967185.0504691,0,0.006254569997163673,0.006235091352411107,98240.99600000001,187.77800000002026,97006.661,363.8509999999951,96055.332,115.48699999999371,98575.9272,-165.7153999999864,99718.36480000001,-25.896099999983562,98431.49530000001,-3.2685999999957858,0.014359071233628043,0.014039297236696478,0.015622297728076181,99487.99,92520.0,0.8610775847841331,61.76081828303985,90.26495600465569,-482.4963910814869,572.7613470861426,96055.332,99703.24589508647,92407.41810491352,0.8378160876165057,3334.5611120000003,0.8526924457217744,17.783963312105215,612.3699999999953,312.9100000000035,275.5899999999965,1200.8699999999953,0.509938627828156,0.4970501837464851,0.5029498162535149,298.49420107774296,12,2,12,4,False,False,-1,1,high_vol,sideways_volatile
2024-12-27 08:00:00,95104.76,97544.58,95104.76,96952.38,4963.50857,1735300799999,479405173.1634012,1195567.0,2730.38676,263758372.2232339,0,0.01942720848041679,0.019240909248815878,96073.76599999999,181.89999999999418,96825.228,-206.6140000000014,97149.43299999999,130.1814999999915,96949.6834,-84.81540000000678,99668.26430000001,10.958800000007614,98353.14865,-6.23859999999695,0.011638510947526657,0.013014519660888747,0.0156815070551949,99963.7,93810.45,0.5106130906431573,44.609853693884176,-258.415188773477,-126.7779234570148,-131.6372653164622,97149.43299999999,100309.49733586838,93989.3686641316,0.4688213626280753,3639.9582280000004,1.3636169041223403,96.42711578372541,1847.62000000001,592.1999999999971,0.0,2439.820000000007,0.7572771761851304,0.5500920813359248,0.4499079186640752,240.87134798681328,8,4,12,4,False,False,1,-1,high_vol,sideways_volatile
2024-12-27 12:00:00,96952.38,97035.8,94011.11,94573.75,6425.73336,1735315199999,612503836.1969961,1470224.0,2853.2402,271971625.6403611,0,-0.024534003187956843,-0.02483997671558662,95768.06599999999,-305.6999999999971,96339.64300000001,-485.58499999999185,97166.461,17.028000000005704,96808.02700000002,-141.65639999997802,99648.07180000002,-20.192499999990105,98333.86215000002,-19.286499999987427,0.013350576428401846,0.014250816959952726,0.01601705968202084,99963.7,93840.0,0.11982134983751659,35.746916808226615,-404.3749891595071,-182.29733659751327,-222.07765256199383,97166.461,100263.40013432669,94069.5218656733,0.08140749825170843,4011.7382319999997,1.6017329617233114,-157.64896273920064,2378.6300000000047,83.41999999999825,562.6399999999994,3024.6900000000023,0.7864045571612307,0.4440333951236346,0.5559666048763654,228.8025222384889,12,4,12,4,False,False,1,-1,high_vol,sideways_volatile
2024-12-27 16:00:00,94573.75,94996.16,93500.01,94750.0,5278.97717,1735329599999,497515946.1970803,1102904.0,2708.58693,255329385.4681217,0,0.0018636249487833378,0.0018618905543146902,95559.746,-208.31999999999243,95915.126,-424.5170000000071,97184.031,17.570000000006985,96654.02720000001,-153.99980000000505,99621.5875,-26.48430000002554,98321.21200000001,-12.650150000001304,0.01352321284869866,0.014251429181394243,0.015969972257428147,99963.7,93500.01,0.1933864402531688,37.17949863130945,-500.06286707837717,-245.85044269368606,-254.2124243846911,97184.031,100218.20329359837,94149.85870640163,0.09889703608205974,4205.732507999999,1.2551861441398169,9.83803355806966,176.25,246.1600000000035,1073.7400000000052,1496.1500000000087,0.117802359389098,0.5130893434039988,0.4869106565960012,208.92380559395372,16,4,12,4,False,False,1,-1,high_vol,sideways_volatile
2024-12-27 20:00:00,94750.11,94823.09,94100.6,94299.03,2297.27207,1735343999999,217007227.2772036,501470.0,1026.11197,96941912.9325818,0,-0.004759577836411677,-0.004770940696283048,95135.98400000001,-423.7619999999879,95573.03,-342.096000000005,96983.98250000001,-200.04849999998987,96526.41059999999,-127.61660000002303,99591.2318,-30.35570000000007,98313.19959999999,-8.012400000021444,0.013189735989827324,0.010496283986936614,0.015813910716165287,99963.7,93500.01,0.12361669572643548,32.63453764371627,-605.3080948828574,-317.74197313152035,-287.56612175133705,96983.98250000001,100228.63520458093,93739.3297954191,0.08624963217029369,4181.566341,0.5493807541627139,-10.934045228579574,451.08000000000175,72.97999999999593,198.42999999999302,722.4899999999907,0.6243408213262572,0.44666540955246975,0.5533345904475303,218.28933827589694,20,4,12,4,False,False,1,-1,high_vol,sideways_volatile
2024-12-28 00:00:00,94299.03,94720.0,94135.66,94594.91,1341.52605,1735358399999,126690994.0277787,469148.0,630.55847,59551871.6073181,0,0.003137678086402529,0.0031327658471835772,95034.014,-101.97000000001572,95462.94,-110.08999999999651,96834.6735,-149.30900000000838,96474.31439999999,-52.09619999999995,99554.25480000001,-36.9769999999844,98304.57405,-8.62554999999702,0.011811210881546512,0.010479174835123622,0.01507119640733707,99963.7,93500.01,0.16939240588580337,31.492147275917702,-657.2641212837043,-385.6464027619571,-271.6177185217472,96834.6735,100234.7409781993,93434.6060218007,0.17062955156610662,3710.0931809999993,0.3615882363467788,4.209276889423143,295.88000000000466,125.08999999999651,163.36999999999534,584.3399999999965,0.5063490433651752,0.4700307310469298,0.5299692689530702,349.7121803933662,0,5,12,4,False,False,1,-1,high_vol,sideways_volatile
2024-12-28 04:00:00,94594.91,94800.0,94307.0,94381.99,971.18403,1735372799999,91839081.3421138,302458.0,492.1173,46535310.0865677,0,-0.0022508610664147,-0.002253398061849285,94519.93600000002,-514.0779999999795,95296.851,-166.08900000000722,96620.594,-214.0795000000071,96412.71699999999,-61.59739999999874,99494.4583,-59.79650000001129,98286.9838,-17.59024999999383,0.011695903118441724,0.01005121021590545,0.015066477261218764,99963.7,93500.01,0.1364514696713503,28.525322761938583,-707.4652915831393,-450.0101805261936,-257.4551110569457,96620.594,100074.54174246547,93166.64625753452,0.1759354560468762,3380.4547490000004,0.2872939004100835,-2.186000321450726,212.91999999999825,205.0899999999965,74.99000000000524,493.0,0.43188640973630477,0.5067188965205699,0.49328110347943016,311.43222155331364,4,5,12,4,False,False,1,-1,high_vol,sideways_volatile
2024-12-28 08:00:00,94381.98,94883.0,94312.67,94754.83,1063.67759,1735387199999,100639821.3875449,299391.0,523.1999,49498953.281159,0,0.003950329930530128,0.003942547865001872,94556.152,36.2159999999858,95162.10900000001,-134.74199999998382,96456.8615,-163.73249999999825,96365.69320000001,-47.02379999998084,99430.7795,-63.678799999994226,98271.26395,-15.719850000008591,0.011815543747787715,0.010087544858919493,0.015072698270478033,99963.7,93500.01,0.1941336914363168,31.8647526961187,-708.9921880674956,-501.80658203445404,-207.18560603304155,96456.8615,99939.94196352399,92973.78103647601,0.25567152154188616,3197.603716,0.33264834684724265,4.2018774202111535,372.8500000000058,128.16999999999825,69.30999999999767,570.3300000000017,0.6537443234618636,0.4918782767624163,0.5081217232375838,281.4678083045822,8,5,12,4,False,False,1,-1,high_vol,sideways_volatile
2025-01-07 12:00:00,100830.86,100960.06,97153.5,97952.26,12652.02745,1736265599999,1254027026.325873,1333042.0,5751.79667,570161150.6057653,0,-0.028548799444931938,-0.028964242455528692,100878.322,-772.9919999999984,100597.304,-41.13499999999476,99323.8855,-15.980999999985215,96926.4558,84.41220000000612,96348.2798,6.602699999988545,98425.2199,-21.41920000000391,0.014287879917021892,0.010136289221673525,0.009583277990644061,102724.38,97153.5,0.14338129703027064,48.46105298575458,1014.8729010502866,1126.7366608832242,-111.8637598329376,99323.8855,102721.8487415628,95925.9222584372,0.2981694617495086,4500.051989,2.8115291736466204,-361.2001942418236,2878.600000000006,129.1999999999971,798.7599999999948,3806.5599999999977,0.7562208398133768,0.4546146214692255,0.5453853785307745,105.36192758576414,12,1,1,1,False,False,1,-1,high_vol,sideways_volatile
2025-01-07 16:00:00,97952.26,98347.81,96323.67,96451.98,7820.91705,1736279999999,761030197.8863198,1513765.0,3645.36806,354713827.2318628,0,-0.015316440886611438,-0.01543494920838908,99721.598,-1156.724000000002,100338.745,-258.5590000000084,99252.01499999998,-71.87050000001909,96977.03260000002,50.57680000002438,96342.85590000002,-5.423899999979767,98394.64525,-30.574649999995017,0.014762156651993144,0.010668337661004203,0.009852662115018805,102724.38,96323.67,0.020046213623175796,44.66834043384686,651.068125089354,1031.6029537244501,-380.5348286350961,99252.01499999998,102833.57563876046,95670.4543612395,0.10910406350553417,4962.421364,1.5760284095858976,-119.78861367541651,1500.2799999999988,395.5500000000029,128.30999999999767,2024.1399999999994,0.7411937909433138,0.46610493842279016,0.5338950615772098,193.55338898524695,16,1,1,1,False,False,1,-1,high_vol,sideways_volatile
2025-01-07 20:00:00,96451.99,97220.76,96181.81,96954.61,4501.87218,1736294399999,435281602.8165989,703654.0,2301.22722,222511204.1378686,0,0.00521119421291294,0.005197662929423343,98770.90400000001,-950.6939999999886,100102.33600000001,-236.4089999999851,99216.8485,-35.166499999992084,97073.52059999999,96.48799999996845,96350.29960000001,7.443699999988894,98372.95825000001,-21.686999999990803,0.014876897836748327,0.010739829276821612,0.009453941255151197,102724.38,96181.81,0.11811872093076606,45.2342360325593,398.71215389386634,905.0247937583334,-506.3126398644671,99216.8485,102877.25543358328,95556.4415664167,0.19098538208354143,5118.145255,0.87959054612646,23.460130251689762,502.61999999999534,266.1499999999942,270.18000000000757,1038.949999999997,0.4837768901294545,0.511171159017669,0.48882884098233104,156.3025274520344,20,1,1,1,False,False,1,-1,high_vol,sideways_volatile
2025-01-08 00:00:00,96954.6,97268.65,96216.83,96525.2,3503.85267,1736308799999,339257173.9159802,482373.0,1569.69222,152049849.4081128,0,-0.004428979705039304,-0.004438816691607825,97742.98199999999,-1027.9220000000205,99828.857,-273.47900000000664,99134.7955,-82.05299999999988,97115.68380000001,42.16320000002452,96344.5388,-5.760800000018207,98360.44425,-12.514000000010128,0.014877226027241609,0.010695574158618742,0.00883888392065514,102724.38,96181.81,0.05248549117548594,43.32891864819648,162.19870462224935,756.4595759311167,-594.2608713088673,99134.7955,102964.04117045472,95305.54982954527,0.15925462550825228,5236.984678,0.669059179172187,-15.51849236487778,429.40000000000873,314.04999999998836,308.36999999999534,1051.8199999999924,0.40824475670743265,0.4479903602796175,0.5520096397203825,137.66931587337547,0,2,1,1,False,False,1,-1,high_vol,sideways_volatile
2025-01-08 04:00:00,96525.2,96654.61,95250.76,95657.09,5008.27213,1736323199999,480489861.9277603,619633.0,2250.22365,215905529.966091,0,-0.008993609958850124,-0.009034296599123597,96708.22799999999,-1034.7540000000008,99179.771,-649.0860000000102,99006.625,-128.1704999999929,97172.9846,57.3007999999827,96347.3325,2.7937000000092667,98354.00154999999,-6.442700000014156,0.009867627644365972,0.010844560469539286,0.008575715746487031,102724.38,95250.76,0.05436856570176182,38.93911059091234,-94.20321380560927,586.3270179837715,-680.5302317893808,99006.625,103125.38253274448,94887.86746725552,0.09338040982372596,4896.989533000001,1.0227246957033673,-45.04244610499953,868.1100000000006,129.4100000000035,406.33000000000175,1403.8500000000058,0.6183780318410065,0.4493013940917783,0.5506986059082217,123.72191125325291,4,2,1,1,False,False,1,-1,high_vol,sideways_volatile
2025-01-08 08:00:00,95657.09,96132.47,94543.86,95134.92,4080.06431,1736337599999,389610731.8336058,581333.0,1980.54257,189187528.5756797,0,-0.005458769444063094,-0.005473722969376713,96144.76000000001,-563.4679999999789,98511.541,-668.2299999999959,98853.973,-152.65200000000186,97225.49119999999,52.50659999999334,96350.31619999999,2.983699999982491,98340.99969999999,-13.001850000000559,0.00981089077605722,0.010881856866005008,0.008603665347192398,102724.38,94543.86,0.07225213067139954,33.85045746657447,-335.6689537270868,401.9278236415999,-737.5967773686866,98853.973,103312.75762852667,94395.18837147333,0.08295215963044879,4792.183161,0.8513999095870535,-22.272130385240374,522.1699999999983,475.38000000000466,591.0599999999977,1588.6100000000006,0.3286961557588068,0.48541944918510366,0.5145805508148964,142.48133260428926,8,2,1,1,False,False,1,-1,high_vol,sideways_volatile
2025-01-08 12:00:00,95134.92,96079.32,94624.43,95493.77,7524.11163,1736351999999,716981163.1537491,1397302.0,3759.25918,358282628.1882971,0,0.0037720113707984115,0.0037649151749307775,95953.11799999999,-191.64200000002165,97837.35800000001,-674.18299999999,98715.223,-138.75,97278.1516,52.66040000000794,96353.39120000001,3.0750000000261934,98327.77585,-13.223849999980303,0.009770034377023848,0.01093515185486275,0.008603484459930252,102724.38,94543.86,0.11611853525203814,34.27322896870791,-492.4000154464593,223.0622558239881,-715.4622712704474,98715.223,103416.7811320291,94013.6648679709,0.15740580999583623,5217.617611,1.4420588458106538,28.381034623516573,358.8500000000058,585.5500000000029,510.49000000000524,1454.890000000014,0.24665094955632547,0.4996283102726906,0.5003716897273094,185.70989755504198,12,2,1,1,False,False,1,-1,high_vol,sideways_volatile
2025-01-08 16:00:00,95493.77,95555.25,92500.9,94243.89,10263.38282,1736366399999,965498563.7983087,1494081.0,4561.12953,429384153.7003348,0,-0.013088602533966376,-0.01317501311614145,95410.974,-542.1439999999857,97090.93899999998,-746.4190000000235,98545.33600000001,-169.8869999999879,97278.3758,0.22419999999692664,96335.5786,-17.8126000000193,98308.64719999999,-19.128650000013295,0.009946317470788738,0.011196501874789351,0.008568667427541763,102724.38,92500.9,0.1704889137553948,31.21555692366688,-709.2891377001506,36.59197711916036,-745.8811148193109,98545.33600000001,103639.39997866323,93451.27202133679,0.0777981962911281,6008.214355,1.7082251420438879,-134.333338384919,1249.8800000000047,61.479999999995925,1742.9900000000052,3054.350000000006,0.4092130895280509,0.444408009522147,0.555591990477853,145.57393270847516,16,2,1,1,False,False,1,-1,high_vol,sideways_volatile
2025-01-08 20:00:00,94243.89,95310.94,93600.0,95060.61,3324.99538,1736380799999,314011586.4835579,596486.0,1683.00376,158981638.8607931,0,0.008666025988528281,0.00862869152454967,95118.056,-292.9180000000051,96430.519,-660.4199999999837,98396.91750000001,-148.41849999999977,97271.34800000001,-7.027799999981653,96332.14460000001,-3.433999999979278,98287.40030000001,-21.246899999983725,0.011026543559558915,0.0113698545694915,0.008471025565954521,102724.38,92500.9,0.25037560595804986,18.585878285537078,-805.981992597488,-131.92281682416933,-674.0591757733187,98396.91750000001,103722.05546000952,93071.7795399905,0.18673980608062482,6191.437094,0.5370312787676043,28.814496374816464,816.7200000000012,250.33000000000175,643.8899999999994,1710.9400000000023,0.47735163126702285,0.5061672476669727,0.49383275233302726,179.39453497827117,20,2,1,1,False,False,1,-1,high_vol,sideways_volatile
2025-01-09 00:00:00,95060.61,95382.32,93422.89,94027.9,5419.68508,1736395199999,511797137.3708159,668839.0,2462.46749,232572124.8910958,0,-0.010863700538004228,-0.010923141423354162,94792.21800000001,-325.8379999999888,95750.223,-680.2960000000021,98194.33099999999,-202.58650000001944,97268.5684,-2.7796000000089407,96313.09939999999,-19.045200000022305,98250.33984999999,-37.060450000019046,0.01110033421755617,0.011548313526082328,0.008407901938077488,102724.38,92500.9,0.14936205675562514,17.497045686702663,-954.9349473734765,-296.52524293403076,-658.4097044394457,98194.33099999999,103867.22155903773,92521.44044096225,0.13277706870598216,6409.91807,0.8455154997012311,-58.87783571940949,1032.7100000000064,321.7100000000064,605.0099999999948,1959.4300000000076,0.5270461307625189,0.4543561948068023,0.5456438051931977,123.40920000466151,0,3,1,1,False,False,1,-1,high_vol,sideways_volatile
2025-01-09 04:00:00,94027.91,94618.63,93186.38,93221.59,2824.32014,1736409599999,265421770.9877046,420090.0,1166.58589,109650483.2929998,0,-0.008575220758944901,-0.00861219951691458,94409.552,-382.666000000012,95277.156,-473.06699999999546,97937.23,-257.1009999999951,97261.48020000002,-7.088199999983772,96312.8116,-0.28779999999096617,98217.74359999999,-32.59625000000233,0.008188044547369924,0.011574907520731844,0.00844915975318846,102724.38,92500.9,0.07049360882987021,13.566243964428068,-1125.0745564159442,-462.2351056304135,-662.8394507855307,97937.23,104028.47468897542,91845.98531102457,0.11291655147798746,5427.147339000001,0.5204060187760455,-24.219168694434167,806.320000000007,590.7200000000012,35.20999999999185,1432.25,0.5629743410717452,0.4130501615160384,0.5869498384839617,148.74022036326238,4,3,1,1,False,False,1,-1,high_vol,sideways_volatile
2025-01-09 08:00:00,93221.59,93877.46,92750.0,93465.23,4574.38662,1736423999999,426677206.5098354,805632.0,2084.46591,194484670.7253165,0,0.002613557653329046,0.0026101482506803247,94003.844,-405.7079999999987,94978.481,-298.6750000000029,97658.613,-278.61699999999837,97254.024,-7.456200000015087,96317.016,4.204400000002352,98188.5716,-29.171999999991385,0.0075973120355288925,0.011430319623612777,0.008447919456556142,102724.38,92500.9,0.09432502435569892,15.900676207315144,-1226.1177879288007,-615.011642090091,-611.1061458387097,97658.613,104040.75883729252,91276.46716270747,0.17147546398133195,5102.494296,0.8965000947842314,11.955423159986987,243.63999999999942,412.2300000000105,471.5899999999965,1127.4600000000064,0.2160963581856545,0.45568205819909463,0.5443179418009053,176.11803875029696,8,3,1,1,False,False,1,-1,high_vol,sideways_volatile
2025-01-09 12:00:00,93465.23,94588.23,91800.0,94244.02,9108.35063,1736438399999,845499612.3229969,1341760.0,4145.84237,385114269.5441099,0,0.008332403397498744,0.008297880563855352,94003.87,0.02599999999802094,94707.42199999999,-271.0590000000084,97404.879,-253.73399999999674,97265.2224,11.198399999993853,96310.6415,-6.374500000005355,98162.7657,-25.805899999992107,0.008029205390431931,0.01163782632947501,0.008526834521555983,102724.38,91800.0,0.22372162081509459,21.062388619604604,-1229.18416261347,-737.8461461947668,-491.3380164187033,97404.879,103911.42499490624,90898.33300509377,0.2571016171656566,5563.142141,1.6372672851322712,75.89445173502183,778.7900000000081,344.20999999999185,1665.229999999996,2788.229999999996,0.27931339954021345,0.4551693866883998,0.5448306133116002,147.31097368832846,12,3,1,1,False,False,1,-1,high_vol,sideways_volatile
2025-01-15 12:00:00,96762.19,99799.98,96539.77,98992.42,11578.95097,1736956799999,1143161072.4315553,1136640.0,6562.15818,647736746.3311707,0,0.023048674595797625,0.02278706608763179,97386.786,490.92399999999907,96621.682,445.6319999999978,95121.093,233.42849999999453,94969.58780000001,-53.44779999997991,95834.7342,52.54220000001078,97372.5726,-5.687899999989895,0.009036530941846406,0.011747865567820651,0.011130258994982411,99799.98,89256.69,0.9234053127629044,72.24422871674591,818.8353816661402,345.53913547715416,473.296246188986,95121.093,99098.74726750985,91143.43873249013,0.9866344256741524,4843.810028,2.3904634787630035,266.87947306822525,2230.229999999996,807.5599999999977,222.41999999999825,3260.209999999992,0.6840755656844195,0.5667316665388731,0.433268333461127,98.16433310279403,12,2,1,1,False,False,1,-1,high_vol,sideways_volatile
2025-01-15 16:00:00,98992.42,99990.0,98602.05,99844.9,5037.81977,1736971199999,500127418.7126989,572739.0,2518.62153,250116453.0822208,0,0.008611568441300843,0.008574700395722347,98043.594,656.8080000000045,97120.03199999999,498.34999999999127,95400.583,279.49000000000524,94949.86859999999,-19.719200000021374,95895.9561,61.221899999989546,97370.03025000001,-2.542349999988801,0.009107119346164866,0.011798969175066122,0.011145906642347693,99990.0,89256.69,0.9864813370712291,93.84449033475877,1032.0024382429692,482.8317960303172,549.170642212652,95400.583,99876.37400886528,90924.79199113471,0.996483972463979,5017.263627,1.004097082499189,43.38352974429347,852.4799999999959,145.10000000000582,390.36999999999534,1387.949999999997,0.614200799740623,0.4999427619460074,0.5000572380539926,113.68787017960351,16,2,1,1,False,False,1,-1,high_vol,sideways_volatile
2025-01-15 20:00:00,99844.91,100681.94,99460.8,100497.35,4880.68927,1736985599999,487818725.275145,509499.0,2467.26546,246661443.5530954,0,0.006534635219225038,0.006513377049833335,98679.63999999998,636.0459999999875,97683.367,563.3350000000064,95671.85549999999,271.27249999999185,95000.77040000001,50.90180000002147,95963.6131,67.65700000000652,97373.15120000001,3.12094999999681,0.008929575196198932,0.011754178625196017,0.010400043026361414,100681.94,89256.69,0.9838436795693751,93.448391803459,1239.3002468061022,634.1254861854743,605.1747606206279,95671.85549999999,100688.72337252158,90654.9876274784,0.9809270069110487,5269.456534,0.9262225124182037,31.89352399783574,652.4400000000023,184.5899999999965,384.1100000000006,1221.1399999999994,0.5342876328676505,0.5055157834294991,0.4944842165705009,104.39078822979444,20,2,1,1,False,False,1,-1,high_vol,sideways_volatile
2025-01-16 00:00:00,100497.35,100866.66,99170.0,99478.03,4764.75349,1736999999999,476172893.7998473,664354.0,2134.08932,213349174.1315184,0,-0.010142755007967907,-0.010194543228630525,99114.976,435.33600000001024,97976.366,292.99899999999616,95913.24399999999,241.38850000000093,95061.29139999999,60.52099999997881,96019.162,55.54889999999432,97363.22965,-9.921550000013667,0.009142738729066057,0.012006800556294413,0.010263638571851804,100866.66,89256.69,0.8803933171231274,84.23018682258298,1306.2767036939622,768.5557296871718,537.7209740067904,95913.24399999999,101181.43082958671,90645.05717041327,0.8383313951566578,5096.349172,0.9349346618905491,-48.327727322430064,1019.320000000007,369.3099999999977,308.02999999999884,1696.6600000000035,0.6007803567008151,0.4478908141793501,0.5521091858206498,139.43092783169357,0,3,1,1,False,False,1,-1,high_vol,sideways_volatile
2025-01-16 04:00:00,99478.04,99921.86,99322.19,99799.99,1971.85838,1737014399999,196467678.7215977,204358.0,982.80337,97939333.3389713,0,0.003236493525253792,0.003231267353362541,99722.538,607.5620000000054,98309.2,332.83400000000256,96175.9905,262.7465000000084,95118.19900000001,56.907600000020466,96095.85979999999,76.69779999999446,97355.10835000001,-8.12129999998433,0.009043809343668281,0.011976167563581103,0.010249596183854034,100866.66,89256.69,0.9081246549302024,80.72839014662833,1369.5482103303948,888.7542258158164,480.79398451457837,96175.9905,101675.93627551665,90676.04472448335,0.8294577481229418,4454.1017870000005,0.44270617832649894,6.381906879587431,321.95000000001164,121.86999999999534,155.84999999999127,599.6699999999983,0.5368786165724692,0.49841478473722844,0.5015852152627716,103.63726019715473,4,3,1,1,False,False,1,-1,high_vol,sideways_volatile
2025-01-16 08:00:00,99800.0,99820.0,98617.55,99158.71,4224.49604,1737028799999,418423185.9626039,417104.0,2037.05117,201799158.6950029,0,-0.006425651946458055,-0.0064463853125787,99755.796,33.25800000000163,98571.291,262.09100000000035,96420.4645,244.47400000000198,95170.8692,52.6701999999932,96143.2765,47.416700000016135,97340.46190000001,-14.646450000000186,0.00954940043496558,0.012089111833118933,0.010273571162122793,100866.66,89256.69,0.8528893700845053,74.19337767433794,1352.3562772355072,981.4746360997547,370.8816411357525,96420.4645,101997.67746296036,90843.25153703964,0.7454851122043721,4363.093137,0.9682342107655998,-27.145141202230345,641.2899999999936,20.0,541.1600000000035,1202.449999999997,0.5333194727431454,0.48219980577849,0.5178001942215101,98.734617348582,8,3,1,1,False,False,1,-1,high_vol,sideways_volatile
2025-01-16 12:00:00,99158.7,99517.93,97335.13,99296.17,7952.93002,1737043199999,783261505.8337812,1154314.0,4055.71521,399506566.7773813,0,0.001386262487682588,0.0013853025129224625,99646.05,-109.74599999999919,98844.822,273.5310000000027,96705.76100000001,285.2965000000113,95243.6508,72.78160000000207,96208.3177,65.04119999999239,97327.82275,-12.6391500000027,0.009523092625257497,0.011873147173114038,0.01018040804004831,100866.66,89256.69,0.8647291939600185,74.57938804551443,1334.440816523158,1052.0678721844354,282.3729443387226,96705.76100000001,102257.08754808689,91154.43445191314,0.7333144139118158,4942.402972,1.6091221345275608,11.024848553890735,137.47000000000116,221.75999999999476,1823.5699999999924,2182.7999999999884,0.06297874289902963,0.5099649059907105,0.4900350940092894,145.14323615285628,12,3,1,1,False,False,1,-1,high_vol,sideways_volatile
2025-01-16 16:00:00,99296.17,100448.72,99079.05,100417.2,5345.71609,1737057599999,532943215.2527502,852624.0,2684.14243,267619929.576895,0,0.011289760722895892,0.011226507008613893,99630.02,-16.029999999998836,99154.83,310.00800000000163,97184.06,478.2989999999845,95349.2964,105.64560000000347,96287.39379999999,79.07609999999113,97321.98879999999,-5.833950000014738,0.00978378565747012,0.009237712458319008,0.010245674327331698,100866.66,89256.69,0.9612867216711148,72.88625840232245,1394.624078739711,1120.5791134954904,274.0449652442205,97184.06,102237.57479704169,92130.54520295831,0.8198902278759201,5147.977629999999,1.0384109011755749,60.351855548634596,1121.0299999999988,31.520000000004075,217.11999999999534,1369.6699999999983,0.8184672220315844,0.502110921120766,0.49788907887923395,159.49668587805604,16,3,1,1,False,False,1,-1,high_vol,sideways_volatile
2025-01-16 20:00:00,100417.2,100641.99,99377.0,99987.3,3573.09915,1737071999999,357893561.0692187,470001.0,1619.73557,162248459.1075596,0,-0.0042811390877259825,-0.004290329403061638,99731.874,101.85399999999208,99423.425,268.59500000000116,97577.2375,393.17750000000524,95439.16699999999,89.87059999998019,96358.6593,71.26550000000861,97313.79969999999,-8.189100000003236,0.010024049919904398,0.00921039914989358,0.010266616544325403,100866.66,91250.0,0.9085586887755208,69.96047251301025,1391.5890382684738,1174.781098450087,216.80793981838679,97577.2375,102176.21226767187,92978.26273232813,0.7620217137242571,5199.301686,0.6872267403949985,-15.296934435385484,429.8999999999942,224.79000000000815,610.3000000000029,1264.9900000000052,0.3398445837516442,0.4533139165757547,0.5466860834242453,131.5387511706749,20,3,1,1,False,False,1,-1,high_vol,sideways_volatile
2025-01-17 00:00:00,99987.3,102148.13,99950.77,101051.73,6891.54414,1737086399999,697557581.1829954,695273.0,3919.83921,396786804.8526228,0,0.01064565199780354,0.010589386017677921,99982.222,250.34799999999814,99852.38,428.95500000000175,98014.215,436.9774999999936,95575.32380000001,136.15680000002612,96426.84980000001,68.19050000001153,97312.49064999999,-1.3090499999962049,0.009837728290066548,0.009307521593858302,0.010151294354414434,102148.13,91908.2,0.8929289555690314,73.01895702211462,1458.2643878904928,1231.477756338168,226.7866315523247,98014.215,102143.63405648053,93884.79594351946,0.8677896283295654,5622.185732,1.2257766762800357,73.36498064194228,1064.429999999993,1096.4000000000087,36.529999999998836,2197.3600000000006,0.4844131139185171,0.5687896834685296,0.4312103165314704,100.88783963008906,0,4,1,1,False,False,1,-1,high_vol,sideways_volatile
2025-01-17 20:00:00,105834.93,105847.02,104065.25,104077.48,5066.11158,1737158399999,531252934.9590708,500796.0,2260.24831,237039631.8356446,0,-0.01660557624973147,-0.016744994398381077,103518.102,605.1499999999942,101750.16199999998,427.7489999999816,100029.68100000001,380.2915000000212,96526.74699999999,196.66919999998936,96895.9847,103.93379999999888,97349.1364,6.8673499999858905,0.010962708556335224,0.009790301066978676,0.010655281905908793,105865.22,95351.76,0.8299570265164842,69.8931066210989,2160.688266795114,1696.764699324031,463.92356747108306,100029.68100000001,105192.25196099257,94867.11003900746,0.8920332553861648,6026.809421999999,0.8405959480827268,-84.12570213133756,1757.449999999997,12.09000000001106,12.229999999995925,1781.770000000004,0.9863506513186288,0.44615051885612045,0.5538494811438796,98.85214569237735,20,4,1,1,False,False,1,-1,high_vol,sideways_volatile
2025-01-18 00:00:00,104077.47,104656.87,103000.25,103559.82,3518.82558,1737172799999,366181482.3073767,419493.0,1448.45302,150754359.7729575,0,-0.004973794523080222,-0.004986205007627817,103941.966,423.8640000000014,102190.273,440.111000000019,100380.78199999999,351.10099999998056,96759.7516,233.00460000001476,96997.13650000001,101.15180000000692,97350.67075,1.534350000001723,0.01081407997724843,0.009966680965599333,0.009985385538293964,105865.22,96152.31,0.7626457982211311,64.92398446425968,2139.0433403722855,1785.220427533682,353.82291283860354,100380.78199999999,105498.3651076323,95263.19889236768,0.810599547983777,5956.242376,0.5907794474883539,-17.501915397478584,517.6499999999942,579.3999999999942,559.570000000007,1656.6199999999953,0.3124735908053722,0.41162967219307295,0.588370327806927,119.21392250422369,0,5,1,1,False,False,1,-1,high_vol,sideways_volatile
2025-01-18 04:00:00,103559.82,103771.21,102602.48,102821.75,4937.1314,1737187199999,509713077.7056015,567929.0,2331.87639,240755930.0330199,0,-0.0071269919163630124,-0.007152510241466999,104058.796,116.83000000000175,102542.831,352.55800000000454,100693.8265,313.0445000000036,96965.13680000002,205.3852000000188,97081.0246,83.88809999999648,97342.45955,-8.211200000005192,0.011397475912559771,0.0102286666626553,0.010053367014038405,105865.22,96500.0,0.6750241852300319,59.27403652798967,2038.8311234840367,1835.9425667237529,202.8885567602838,100693.8265,105588.66704066539,95798.9859593346,0.7173639245570541,5654.662514,0.8731080568957896,-35.18689557782201,738.070000000007,211.38999999999942,219.27000000000407,1168.7300000000105,0.6315145499816043,0.47231402226807245,0.5276859777319275,115.03218245315487,4,5,1,1,False,False,1,-1,high_vol,sideways_volatile
2025-01-18 08:00:00,102821.75,103883.01,102277.55,103589.29,4114.11548,1737201599999,424073960.3375787,569582.0,2061.02003,212480749.130622,0,0.007464763048673939,0.007437039585559259,103976.654,-82.1420000000071,102860.04000000001,317.20900000000256,101007.435,313.6085000000021,97163.0,197.86319999997795,97170.6468,89.62219999999797,97337.4946,-4.964949999994133,0.011170930242842733,0.010220233005861423,0.009975573501879793,105865.22,96521.0,0.7564344589489538,66.73968524378706,1998.310997734181,1868.4162529258388,129.89474480834224,101007.435,105793.86339880727,96221.00660119273,0.7697057999074391,5531.502453,0.7437609428824744,30.71089721308145,767.5399999999936,293.72000000000116,544.1999999999971,1605.4599999999919,0.47808104842225746,0.5009630964466754,0.4990369035533247,138.44579783161555,8,5,1,1,False,False,1,-1,high_vol,sideways_volatile
2025-01-25 16:00:00,104897.79,105286.52,104449.75,105055.16,1831.57775,1737835199999,192089815.974154,320857.0,880.85974,92379151.7751286,0,0.00150022226397728,0.0014990980547919242,104842.464,36.93200000001525,105117.06399999998,116.3409999999858,104381.9485,-2.2615000000078,104435.1952,56.35120000001916,100151.1554,110.27260000001115,98232.1274,45.6137000000017,0.005747458446581674,0.01013617314688994,0.014886499702181153,107120.0,101262.28,0.6475010755037803,65.95770221646293,313.6518249348155,328.84309580225874,-15.191270867443222,104381.9485,106530.04924164763,102233.84775835236,0.656699238296347,2781.136066,0.658571787404234,2.7477737187554125,157.3700000000099,231.36000000000058,448.0399999999936,836.7700000000041,0.18806840589410367,0.48092948279154407,0.5190705172084559,175.18066049885135,16,5,1,1,False,False,-1,1,high_vol,sideways_volatile
2025-01-25 20:00:00,105055.16,105250.0,104696.0,104746.85,1080.96959,1737849599999,113518354.439316,201251.0,510.27326,53587199.5200604,0,-0.0029347439954401366,-0.0029390588005662847,104751.354,-91.11000000000058,105087.06899999999,-29.994999999995343,104410.2905,28.34200000000419,104450.13220000001,14.937000000005355,100266.408,115.25259999999253,98289.6098,57.482400000008056,0.004646289778156365,0.00995256075302661,0.014700000492532495,107120.0,101262.28,0.5948679691074353,46.16479782181717,285.77008765679784,320.22849417316655,-34.45840651636871,104410.2905,106562.12733346938,102258.45366653062,0.5782028392592788,2574.9833339999996,0.41979673255625044,-3.172369013505886,308.3099999999977,194.8399999999965,50.85000000000582,554.0,0.5565162454873605,0.47205144781177427,0.5279485521882258,186.1763752299452,20,5,1,1,False,False,-1,1,high_vol,sideways_volatile
2025-01-26 00:00:00,104746.86,105273.24,104503.7,105062.42,1315.60742,1737863999999,137839074.2511626,227337.0,724.1374,75881803.8540068,0,0.00301269202844745,0.003008162965985162,104886.64199999999,135.2879999999859,105051.301,-35.76799999998184,104431.9115,21.620999999999185,104434.68200000002,-15.450199999992037,100382.3799,115.9719000000041,98349.69795,60.08814999999595,0.0045996603777657425,0.009929172516748052,0.014490803610799734,107120.0,101262.28,0.648740465573636,61.62634626249114,285.84245773634757,313.3512868858028,-27.50882914945521,104431.9115,106601.65849555738,102262.16450444263,0.6452953964888491,2408.504656,0.5462341194660327,3.9635199868003164,315.5599999999977,210.82000000000698,243.1600000000035,769.5400000000081,0.4100631546118387,0.5504205806318726,0.44957941936812734,172.8000287502179,0,6,1,1,False,False,-1,1,high_vol,sideways_volatile
2025-01-27 08:00:00,99048.01,99533.33,98263.49,98761.13,6790.38919,1737979199999,672110256.4437836,1340740.0,3288.50392,325545752.8603926,0,-0.0028964738517741617,-0.0029006767498460256,101381.28400000001,-1241.1759999999922,103149.974,-629.4030000000057,104133.519,-256.5310000000027,104217.70039999999,-124.45760000002338,101089.0167,34.34070000000065,98605.9695,3.6582500000076834,0.009921463469390743,0.00872246886377433,0.014949128575507679,107120.0,97777.77,0.10525966498362821,13.9614956387461,-914.9664518144418,-188.21912761885457,-726.7473241955872,104133.519,108241.32829061232,100025.70970938768,-0.15392385818368579,3868.939254,1.7551035940870836,-19.66818473220493,286.8799999999901,485.320000000007,497.6399999999994,1269.8399999999965,0.22591822591821875,0.4842879882117626,0.5157120117882374,197.44670923641124,8,0,1,1,False,False,-1,1,high_vol,sideways_volatile
2025-01-27 12:00:00,98761.12,102317.94,98714.28,101112.03,11346.0746,1737993599999,1145142235.516751,2235709.0,5731.2403,578455374.3826905,0,0.023803899368101566,0.023525003754645085,100587.364,-793.9200000000128,102786.492,-363.4820000000036,103936.78050000001,-196.7384999999922,104136.59860000001,-81.1017999999749,101152.8759,63.85920000000624,98621.108,15.13849999998638,0.013741297636758259,0.0101145091461636,0.015355158979367593,107120.0,97777.77,0.3569019388304501,34.36677798862205,-965.7006267873949,-343.7154274525626,-621.9851993348323,103936.78050000001,108233.00048830819,99640.56051169183,0.17125164590182254,4895.449755,2.3176776737237703,270.08081800137325,2350.9100000000035,1205.9100000000035,46.83999999999651,3603.6600000000035,0.6523673154515135,0.5051297917607558,0.4948702082392442,197.04691523886154,12,0,1,1,False,False,-1,1,high_vol,sideways_volatile
2025-01-27 16:00:00,101112.03,101250.56,98864.0,99700.02,6873.59773,1738007999999,685571475.5668846,1549386.0,2963.51767,295535090.7705359,0,-0.013964807154994263,-0.014063232475891436,100003.368,-583.9959999999992,102250.25200000001,-536.2399999999907,103650.7765,-286.0040000000008,104043.33439999999,-93.26420000001963,101207.8066,54.93069999999716,98630.07005,8.96205000000191,0.013903266381567324,0.010376332086515826,0.015439526154861735,107120.0,97777.77,0.2057592245106362,28.569950500641,-1107.0834632842889,-496.3890346189079,-610.694428665381,103650.7765,108279.90831419514,99021.64468580487,0.07327241277888304,5451.248786,1.260921671315553,-95.98846676045633,1412.0099999999948,138.52999999999884,836.0200000000041,2386.5599999999977,0.5916507441673354,0.4311450548037818,0.5688549451962183,225.41121270999952,16,0,1,1,False,False,-1,1,high_vol,sideways_volatile
2025-01-27 20:00:00,99700.01,102405.0,99606.46,102082.83,4742.5512,1738022399999,481227906.8820603,1163363.0,2467.82215,250406512.128006,0,0.02389979460385261,0.023618664996848674,100140.80600000001,137.4380000000092,101958.7,-291.5520000000106,103461.91900000001,-188.85749999999825,103986.26400000001,-57.07039999998233,101286.17129999999,78.36469999999099,98647.88429999999,17.81424999999581,0.01667443338060547,0.011894058768498885,0.01580763926552529,107120.0,97777.77,0.46081717106087083,39.76686292272729,-1015.1554467130918,-600.1423170377448,-415.01312967534705,103461.91900000001,108019.19483550097,98904.64316449905,0.3486937098192553,5802.609197,0.8173135634314199,113.3459995782547,2382.820000000007,322.16999999999825,93.54999999998836,2798.5399999999936,0.8514511137950547,0.5203575134834602,0.47964248651653985,245.3032030523993,20,0,1,1,False,False,-1,1,high_vol,sideways_volatile
2025-01-28 00:00:00,102082.83,102892.0,101334.55,102636.32,3670.23637,1738036799999,374813977.5692879,832457.0,1748.93323,178635680.0914162,0,0.0054219695907724574,0.005407323629769968,100858.466,717.6599999999889,101740.463,-218.2369999999937,103305.688,-156.23100000001432,103914.99040000001,-71.27360000000044,101366.27799999999,80.10670000000391,98665.9733,18.089000000007218,0.01687222512178688,0.012001380337447142,0.0157285770000643,105781.0,97777.77,0.6070736440162291,41.45301923780906,-887.4103004340868,-657.5959137170132,-229.8143867170736,103305.688,107743.79044152859,98867.5855584714,0.42458849149847017,6035.576148,0.6081004165967157,19.89990998908709,553.4900000000052,255.67999999999302,748.2799999999988,1557.449999999997,0.3553821952550684,0.47651787342513857,0.5234821265748615,226.81291232477216,0,1,1,1,False,False,-1,1,high_vol,sideways_volatile
2025-01-28 04:00:00,102636.32,103371.24,102527.39,102789.72,2654.45746,1738051199999,273380067.1400355,543027.0,1298.84369,133776289.0034782,0,0.0014945976239209013,0.0014934818245345657,101664.184,805.7179999999935,101522.73400000001,-217.72899999999208,103201.649,-104.03899999998976,103944.1534,29.162999999985914,101450.0726,83.79460000000836,98682.7739,16.800600000002305,0.016874019864194092,0.011901827278139168,0.01430791860160603,105500.0,97777.77,0.6490288427047627,43.00792763310668,-764.975096934184,-679.0717503604474,-85.9033465737366,103201.649,107582.48482984836,98820.81317015165,0.45298511334374025,6187.326094999999,0.4290152837014808,3.967345812515111,153.39999999999418,581.5200000000041,108.93000000000757,843.8500000000058,0.18178586241629807,0.48930665100958143,0.5106933489904186,204.5717470266033,4,1,1,1,False,False,-1,1,high_vol,sideways_volatile
2025-01-28 08:00:00,102789.72,103181.82,102393.94,102762.01,2051.60214,1738065599999,210861820.0532197,536553.0,1007.68147,103574325.2409306,0,-0.0002695794871316881,-0.00026961583021334215,101994.18000000001,329.99600000001374,101290.772,-231.9620000000141,103079.6295,-122.01950000000943,103961.555,17.401599999997416,101535.2001,85.12750000000233,98701.60810000001,18.83420000001206,0.016852083669999046,0.011864288828842436,0.014288854412710338,105500.0,97777.77,0.645440500995178,41.60893059196102,-662.5428993552487,-675.7659801594076,13.22308080415894,103079.6295,107360.63245472204,98798.62654527795,0.46290361121455675,6305.842807,0.32534939464754087,-0.5530698526994737,27.710000000006403,392.1000000000058,368.06999999999243,787.8800000000047,0.035170330507191754,0.4911680731625675,0.5088319268374325,261.5287776995592,8,1,1,1,False,False,-1,1,high_vol,sideways_volatile
2025-01-28 12:00:00,102762.02,103800.0,101815.26,102777.99,5106.451,1738079999999,524846223.6873998,1308769.0,2629.11583,270315679.486626,0,0.00015550493806038013,0.00015549284842081575,102609.774,615.5939999999973,101306.57100000001,15.79900000001362,102999.23000000001,-80.39949999998498,103874.7018,-86.85319999999774,101616.9801,81.77999999999884,98726.8981,25.289999999993597,0.015094948695043027,0.011762209014982981,0.012244318723558894,105500.0,97777.77,0.6475098514289271,41.87241020835468,-573.4646488377912,-655.3057138950843,81.84106505729312,102999.23000000001,107237.11274059025,98761.34725940977,0.4738973429018011,6424.0881070000005,0.794891183767508,0.7940783464633662,15.970000000001164,1022.0099999999948,946.7600000000093,1984.7400000000052,0.008046393986114616,0.5148616583219932,0.48513834167800685,256.2971817412916,12,1,1,1,False,False,-1,1,high_vol,sideways_volatile
2025-01-28 16:00:00,102777.99,103108.0,101820.15,102424.24,4696.05403,1738094399999,481314138.9822791,1247430.0,2336.89418,239536873.0405413,0,-0.003441884784864957,-0.003447821696993975,102678.05600000001,68.28200000000652,101409.43100000001,102.86000000000058,102886.8925,-112.33750000000873,103758.40280000001,-116.29899999998452,101694.9985,78.01840000000084,98760.54025,33.642149999999674,0.014562739936921327,0.011748150522000357,0.012142237956293319,105500.0,97777.77,0.6017005450498112,41.34545946106154,-525.3581602689665,-629.3162031698608,103.95804290089438,102886.8925,107056.75368180122,98717.03131819879,0.44452423236303645,6058.3047910000005,0.7751432441920534,-16.163276914760765,353.75,330.00999999999476,604.0900000000111,1287.8500000000058,0.27468261055246995,0.497629321355998,0.502370678644002,265.63365583764374,16,1,1,1,False,False,-1,1,high_vol,sideways_volatile
2025-01-28 20:00:00,102424.24,102538.0,100272.68,101335.52,3843.25665,1738108799999,388761096.6039872,960408.0,1735.17901,175518803.4289953,0,-0.010629515044485616,-0.010686411889286658,102417.896,-260.16000000001804,101638.18100000001,228.75,102708.77900000001,-178.1134999999922,103685.9534,-72.44940000001225,101765.1152,70.11669999999867,98787.00345,26.463199999998324,0.012658865059912545,0.011912824780859133,0.011474159793789707,105500.0,97777.77,0.4607153633082674,37.70977041253188,-568.5303625552915,-617.159035046947,48.62867249165549,102708.77900000001,106820.90062704608,98596.65737295394,0.33302305664211573,5177.467037,0.7423044169155952,-40.851954380994385,1088.7200000000012,113.75999999999476,1062.840000000011,2265.320000000007,0.4806031818904163,0.45148663438857256,0.5485133656114274,249.89431814292186,20,1,1,1,False,False,-1,1,high_vol,sideways_volatile
2025-01-29 00:00:00,101335.52,102319.69,101328.01,102038.2,1696.38336,1738123199999,172677997.3980302,469104.0,779.67881,79364213.8783998,0,0.006934192472688672,0.006910261524242031,102267.592,-150.30399999998917,101965.888,327.7069999999949,102557.93100000001,-150.84799999999814,103652.8848,-33.068599999998696,101842.94619999999,77.83099999999104,98816.6832,29.679749999995693,0.012587040919379818,0.012049839758912415,0.011402377522204396,105500.0,97777.77,0.5517098040332903,40.0942588668756,-539.821514061041,-601.6915308497657,61.8700167887248,102557.93100000001,106526.4758831423,98589.38611685773,0.4345186944706428,4668.066454000001,0.36340171604592153,11.763048725706318,702.679999999993,281.49000000000524,7.510000000009313,991.6800000000076,0.7085753468860798,0.4596123897371877,0.5403876102628123,276.53183299322154,0,2,1,1,False,False,-1,1,high_vol,sideways_volatile
2025-01-29 04:00:00,102038.21,102853.53,101955.51,102755.82,1764.20643,1738137599999,180648217.8347015,374651.0,942.74367,96549459.9641306,0,0.007032856322436221,0.0070082411310936,102266.354,-1.2379999999975553,102130.26699999999,164.37899999998626,102458.3795,-99.55150000001595,103662.80099999999,9.916199999992386,101919.7854,76.83920000000217,98851.5043,34.821100000001024,0.010502145855450314,0.012187791960641452,0.011277219648541505,105500.0,97777.77,0.6446389190687153,50.498680417155626,-453.930974482224,-572.1394195762574,118.20844509403344,102458.3795,106293.37044817871,98623.38855182128,0.5387798177387184,3709.8796370000005,0.47554276758871566,12.407410345308133,717.6100000000006,97.70999999999185,82.70000000001164,898.0200000000041,0.7991024698781735,0.5343726527512996,0.46562734724870036,212.36233675896986,4,2,1,1,False,False,-1,1,high_vol,sideways_volatile
2025-01-29 08:00:00,102755.81,103000.0,102180.65,102646.0,2209.71378,1738151999999,226744653.0859379,441607.0,1248.24435,128088506.230597,0,-0.0010687472495476413,-0.0010693187671308665,102239.956,-26.398000000001048,102424.86499999999,294.59799999999814,102337.5585,-120.82099999999627,103657.0008,-5.800199999997858,101999.74279999999,79.95739999999932,98882.6451,31.14079999999376,0.009063055579992641,0.012153152520266186,0.011239787902777323,105500.0,97777.77,0.6304176384282777,55.000079978245914,-390.22538393491413,-535.7566124479888,145.53122851307467,102337.5585,105974.24899130836,98700.86800869164,0.5424068945016316,3243.491242,0.681276320831823,-2.361625524662522,109.80999999999767,244.19000000000233,465.3500000000058,819.3500000000058,0.13402087020198558,0.5648896075581336,0.43511039244186644,199.8480545294875,8,2,1,1,False,False,-1,1,high_vol,sideways_volatile
2025-01-29 12:00:00,102646.0,102842.04,101582.37,101980.78,4382.66276,1738166399999,447568403.7314879,1018611.0,1969.21848,201136250.5990805,0,-0.006480720144964258,-0.006501811184562658,102151.26400000001,-88.69199999999546,102414.66,-10.204999999987194,102186.68,-150.87850000000617,103656.83540000001,-0.1653999999834923,102074.1,74.35720000001311,98917.02520000002,34.38010000002396,0.005746256406132381,0.012211639322996954,0.011200858192437331,105260.36,97777.77,0.561705238426801,63.55124295351627,-388.9325664527132,-506.3918032489337,117.45923679622047,102186.68,105602.22965205387,98771.13034794612,0.4698584384688742,3207.5023979999996,1.3663786386357055,-28.402810837316657,665.2200000000012,196.0399999999936,398.4100000000035,1259.6699999999983,0.5280906904189209,0.4493201023753879,0.5506798976246121,232.4182935763919,12,2,1,1,False,False,-1,1,high_vol,sideways_volatile
2025-01-29 16:00:00,101980.78,103999.0,101400.01,103583.99,7259.9178,1738180799999,745368226.4356292,1569966.0,3809.68016,391304331.0185287,0,0.01572070737250697,0.015598417047522623,102600.95800000001,449.69400000000314,102509.427,94.76699999999255,102124.94499999999,-61.73500000000058,103653.3502,-3.4852000000100816,102167.2476,93.1475999999966,98950.18324999999,33.15804999996908,0.007498630737114836,0.01279536131044952,0.011151888482551746,105260.36,97777.77,0.7759639376205303,69.86789505426236,-255.59599929199612,-456.2326424575462,200.63664316555008,102124.94499999999,105381.10278304221,98868.78721695777,0.724043964883795,3566.470541,2.0356029067225654,114.13104328225458,1603.2100000000064,415.00999999999476,580.7700000000041,2598.9900000000052,0.6168588567097231,0.5247552747773535,0.4752447252226465,216.2512087946781,16,2,1,1,False,False,-1,1,high_vol,sideways_volatile
2025-01-29 20:00:00,103584.0,104782.68,102868.0,103733.24,5842.47389,1738195199999,607376196.2863495,1315760.0,2925.60635,304193876.1236303,0,0.0014408597313155802,0.001439822688968437,102939.966,339.0079999999871,102603.77900000001,94.3520000000135,102063.25649999999,-61.68850000000384,103649.155,-4.1952000000019325,102268.6776,101.42999999999302,98995.98069999999,45.79744999999821,0.007498212150748619,0.01279556774440302,0.01115090171583826,105260.36,97777.77,0.7959102396362762,63.1909071054091,-136.31127004307928,-392.24836797465287,255.9370979315736,102063.25649999999,105134.18458140334,98992.32841859663,0.7719020855800808,3885.2721840000004,1.5037489301418785,8.418185359363694,149.24000000000524,1049.4399999999878,716.0,1914.679999999993,0.07794513965780485,0.5007478689819186,0.49925213101808147,225.2059700689565,20,2,1,1,False,False,-1,1,high_vol,sideways_volatile
2025-01-30 00:00:00,103733.25,105300.0,103278.54,105196.0,3876.90317,1738209599999,404868395.6574679,720819.0,2264.89274,236621632.6360767,0,0.014101169499766808,0.01400267287424419,103428.00200000001,488.03600000000733,102847.178,243.39899999999034,102068.975,5.7185000000172295,103612.4482,-36.70679999999993,102412.12539999999,143.44779999999446,99048.21069999998,52.229999999995925,0.008544838000217195,0.013205556137763433,0.010502275981746927,105300.0,97777.77,0.9861743126705778,77.51726845055576,75.38623885612469,-298.72144660849733,374.107685464622,102068.975,105163.90109594326,98974.04890405675,1.0051857302988285,4067.802287,0.9530706992298812,54.668868734353254,1462.75,104.0,454.7100000000064,2021.4600000000064,0.7236106576434831,0.5842015239188962,0.41579847608110376,185.92649039516763,0,3,1,1,False,False,-1,1,high_vol,sideways_volatile
2025-01-30 04:00:00,105196.0,105595.81,104799.66,105132.07,2795.08494,1738223999999,294033349.0602406,473329.0,1322.34647,139127999.1343953,0,-0.0006077227270998575,-0.0006079074654066111,103925.216,497.21399999999267,103082.586,235.4079999999958,102194.5785,125.60349999999744,103592.2132,-20.235000000000582,102542.2086,130.08320000000822,99102.3759,54.16520000001765,0.008570250447288624,0.011992652231696255,0.010438849190566658,105595.81,97777.77,0.9406833426280767,69.88408276970186,235.28717900386255,-191.91972148602537,427.2069004898879,102194.5785,105574.4443788734,98814.7126211266,0.9345574063103276,3836.665681,0.7285192853372309,-1.6986366422125418,63.929999999993015,399.8099999999977,332.4100000000035,796.1499999999942,0.08029893864220748,0.47309706087143094,0.5269029391285691,169.34333308668607,4,3,1,1,False,False,-1,1,high_vol,sideways_volatile
2025-01-30 08:00:00,105132.07,105534.0,104925.26,105300.63,1690.21583,1738238399999,177890973.3237891,356679.0,723.71812,76166603.5897065,0,0.0016033166663607101,0.0016020327263860958,104589.18600000002,663.9700000000157,103370.225,287.6390000000101,102389.82800000001,195.24950000000536,103586.2256,-5.987599999993108,102672.0931,129.88450000000012,99155.9045,53.5286000000051,0.008340078931978424,0.011582920167672494,0.01041661488188629,105595.81,97777.77,0.9622437337235428,68.29227433571201,371.3307397577446,-79.26962923727139,450.60036899501597,102389.82800000001,106017.45298221156,98762.20301778846,0.9011994092930536,3536.081861,0.47799114851996355,2.709951209985701,168.55999999999767,233.36999999999534,206.81000000001222,608.7400000000052,0.27689982586982326,0.42818089095757667,0.5718191090424233,211.02571261564862,8,3,1,1,False,False,-1,1,high_vol,sideways_volatile
2025-01-30 12:00:00,105300.63,106457.44,104660.0,105564.0,5586.81148,1738252799999,589809189.3707986,1093270.0,3002.43111,317086368.6456007,0,0.002501124637146024,0.0024980020305225576,104985.188,396.0019999999786,103793.073,422.84799999999814,102715.62700000001,325.79899999999907,103595.81019999999,9.584599999987404,102782.37210000001,110.27900000000955,99211.81455,55.910049999991315,0.006899166515196529,0.009963360465858422,0.010398394402531258,106457.44,98263.49,0.8909634547440486,68.76394979831123,494.69545841382933,35.523388292948766,459.17207012088056,102715.62700000001,106248.72424607731,99182.5297539227,0.9030985848411699,3710.4373440000004,1.5057016092817763,13.973311835718242,263.36999999999534,893.4400000000023,640.6300000000047,1797.4400000000023,0.14652505786006487,0.5374140725435754,0.46258592745642463,195.6876482970211,12,3,1,1,False,False,-1,1,high_vol,sideways_volatile
2025-01-30 16:00:00,105563.99,106013.01,104762.59,105711.27,3142.75313,1738267199999,331428217.4277365,805752.0,1656.60225,174736316.3307221,0,0.0013950778674549635,0.0013941056504340886,105380.794,395.60599999999977,104160.38,367.3070000000007,103063.134,347.5069999999978,103608.0278,12.217600000003586,102890.8708,108.49869999999646,99266.59675000001,54.78220000001602,0.006870212598452662,0.009870077758468864,0.010399900237950004,106457.44,98714.28,0.9036349500720638,69.6299589730756,597.4592071225779,147.9105520588746,449.54865506370334,103063.134,106314.49144519749,99811.77655480252,0.9072354462151657,3855.074321,0.8152250432320524,4.384385334537812,147.27999999999884,301.7399999999907,801.4000000000087,1250.4199999999983,0.11778442443338961,0.5271181608846254,0.4728818391153746,256.384121396134,16,3,1,1,False,False,-1,1,high_vol,sideways_volatile
2025-01-30 20:00:00,105711.28,105821.62,104693.82,104722.94,2282.30617,1738281599999,240082478.6726085,540226.0,1170.93765,123194324.6555194,0,-0.009349334276279153,-0.009393313635108766,105286.182,-94.61199999999371,104357.09199999999,196.71199999998498,103243.6795,180.5454999999929,103618.8864,10.858600000006845,102989.4602,98.58939999999711,99317.975,51.378249999994296,0.007836348376325842,0.009019495589639286,0.010410604377208667,106457.44,98864.0,0.771579152531659,61.46179676091312,592.3223241209053,236.79290647128073,355.5294176496245,103243.6795,106439.40066761772,100047.95833238227,0.731443924925204,3906.8842950000007,0.5841755213792426,-21.338043304144396,988.3399999999965,110.33999999999651,29.119999999995343,1127.7999999999884,0.8763433232842762,0.5130502057048727,0.4869497942951273,236.70180938081592,20,3,1,1,False,False,-1,1,high_vol,sideways_volatile
2025-02-03 00:00:00,97700.59,97782.79,91231.0,94038.74,29729.4911,1738555199999,2805369829.046283,3573247.0,13713.73945,1294554303.141598,0,-0.0374803263726452,-0.03820077289677774,97644.79199999999,-1120.9120000000112,99145.326,-799.0069999999978,101304.78,-583.6264999999985,102377.16040000001,-220.3283999999985,103406.17779999999,-81.98859999999695,99987.0099,-0.6407000000035623,0.012165475458098932,0.011222174877257796,0.011227626230313793,106012.0,91231.0,0.18995602462620967,10.359019667217211,-1743.093149590728,-1045.0851171456025,-698.0080324451255,101304.78,107032.81521988976,95576.74478011024,-0.1342523850734837,7174.824206,4.143584601715885,-1114.2710293206508,3661.8499999999913,82.19999999999709,2807.7400000000052,6551.789999999994,0.5589083288689037,0.46128402951371067,0.5387159704862893,120.19200019202482,0,0,2,1,False,False,-1,1,high_vol,sideways_volatile
2025-02-03 04:00:00,94038.75,95426.63,92646.36,95333.01,7783.318,1738569599999,730761199.6300842,1470890.0,3931.15903,369275127.9508895,0,0.013763157609300025,0.013669305509299186,96938.474,-706.3179999999847,98471.238,-674.0880000000034,100835.28349999999,-469.4965000000084,102188.8836,-188.27680000000692,103319.5079,-86.6698999999935,99995.79495000001,8.785050000005867,0.013816445369940337,0.011997666967829139,0.011449968505535327,106012.0,91231.0,0.2775191123739933,19.444796071876567,-1918.3286896483041,-1219.7338316461428,-698.5948580021613,100835.28349999999,106912.31567746896,94758.25132253102,0.047289421931969444,7782.688486999999,1.000080886315963,107.12303235730185,1294.2599999999948,93.6200000000099,1392.3899999999994,2780.270000000004,0.4655159390994374,0.5050749603189796,0.4949250396810204,188.9798155491013,4,0,2,1,False,False,-1,1,high_vol,sideways_volatile
2025-02-03 08:00:00,95333.01,95950.68,94799.29,95107.89,6292.62471,1738583999999,600101528.1330787,1227512.0,2973.77638,283658939.8212947,0,-0.002361406610364991,-0.0023641991280006535,96090.678,-847.7960000000021,97815.06700000001,-656.1709999999875,100373.455,-461.8284999999887,101989.79299999999,-199.09060000001045,103212.2375,-107.27039999999397,100002.1442,6.34924999998475,0.013861140569213592,0.012006443132871204,0.011428911033774148,106012.0,91231.0,0.2622887490697517,19.370152229223876,-2051.7184866774915,-1386.1307626524126,-665.5877240250788,100373.455,106725.2806925559,94021.6293074441,0.0855077536076715,8264.6929,0.7613863922275926,-14.859445586740085,225.11999999999534,617.6699999999983,308.6000000000058,1151.3899999999994,0.1955201973267055,0.47258123867997204,0.527418761320028,195.07154114073967,8,0,2,1,False,False,-1,1,high_vol,sideways_volatile
2025-02-03 12:00:00,95107.89,99500.0,94131.14,98842.0,14148.56207,1738598399999,1366477661.6983793,2039763.0,7136.98752,689828793.2526639,0,0.0392618320099416,0.038510684228875394,96204.446,113.76799999999639,97635.702,-179.36500000000524,100106.12700000001,-267.32799999999406,101866.666,-123.12699999999313,103159.8827,-52.35480000000098,100027.93370000001,25.789500000013504,0.019920999243683086,0.015502722088651525,0.01282787684048078,106012.0,91231.0,0.5149177998782221,39.14192005528831,-1834.9670343593025,-1475.8980169937906,-359.06901736551185,100106.12700000001,106227.75507378342,93984.49892621659,0.3967491176559894,9257.349526999998,1.528359929452192,555.4984671745716,3734.1100000000006,658.0,976.75,5368.860000000001,0.6955126414173587,0.5044320040926957,0.49556799590730427,144.16751256475916,12,0,2,1,False,False,-1,1,high_vol,sideways_volatile
2025-02-03 16:00:00,98842.0,101880.0,98038.58,101880.0,10494.44455,1738612799999,1043286149.2126461,1418976.0,5673.21076,564279643.2060705,0,0.03073592197648778,0.03027303447278193,97040.32800000001,835.8820000000123,97903.016,267.3139999999985,99963.327,-142.8000000000029,101807.89219999999,-58.77380000000994,103143.0845,-16.798200000004726,100070.11050000001,42.176800000001094,0.021751870539796166,0.01713600766854897,0.013595479612807548,106012.0,91231.0,0.7204519315337258,49.591386747871276,-1401.8886368523526,-1461.0961409655033,59.20750411315066,99963.327,105754.53873438427,94172.11526561574,0.6654811711183082,9850.259344,1.0653977914188002,322.5564288753774,3038.0,0.0,803.4199999999983,3841.4199999999983,0.7908533823429881,0.5405918086441268,0.45940819135587313,135.21211086869766,16,0,2,1,False,False,-1,1,high_vol,sideways_volatile
2025-02-03 20:00:00,101879.99,102500.01,100918.0,101328.52,6716.29807,1738627199999,682592812.9911504,894874.0,3307.69632,336248887.1087494,0,-0.005413034943070216,-0.005427738501304915,98498.28400000001,1457.9560000000056,98071.538,168.5219999999972,99756.5525,-206.77449999999953,101735.12240000001,-72.76979999998002,103128.15219999998,-14.932300000014948,100104.5884,34.47789999998349,0.021896296432431742,0.01704767155605227,0.013610360572441985,105574.4,91231.0,0.7039837137638223,48.00868796268345,-1090.5989677303587,-1386.9967063184745,296.39773858811577,99756.5525,104989.1881045594,94523.9168954406,0.650208004034361,10174.010812999999,0.6601426117434578,-36.35555614098505,551.4700000000012,620.0199999999895,410.5200000000041,1582.0099999999948,0.34858818844381706,0.4924880172865824,0.5075119827134176,133.23917293027466,20,0,2,1,False,False,-1,1,high_vol,sideways_volatile
2025-02-04 00:00:00,101328.51,101732.31,100534.03,100629.7,3827.79756,1738641599999,387102722.8953136,433487.0,1654.25133,167321785.8936354,0,-0.0068965775874354485,-0.006920468887477871,99557.622,1059.3379999999888,98248.048,176.50999999999476,99672.4215,-84.1310000000085,101646.08380000001,-89.03859999999986,103098.55630000001,-29.595899999971152,100134.60154999999,30.01314999999886,0.021852939519747986,0.015787161375507695,0.01363678085746668,102783.71,91231.0,0.8135493749951304,47.26487210995427,-890.0288968486711,-1287.6031444245139,397.5742475758427,99672.4215,104784.76232850853,94560.08067149147,0.5936242840717718,10146.068239,0.37726905337443983,-26.398702861536098,698.8099999999977,403.8000000000029,95.66999999999825,1198.2799999999988,0.5831775544947745,0.43216792530689635,0.5678320746931037,113.24710703875364,0,1,2,1,False,False,-1,1,high_vol,sideways_volatile
2025-02-04 04:00:00,100629.7,100764.11,98229.82,98448.02,7495.21052,1738655999999,743682967.5937257,957550.0,3393.08864,336486606.8559432,0,-0.021680279281365178,-0.02191874957142601,100225.648,668.025999999998,98158.163,-89.88499999999476,99473.3445,-199.07699999999022,101562.6442,-83.43960000001243,103037.34689999999,-61.20940000002156,100153.8827,19.281150000009802,0.023043723933709206,0.01645674793629461,0.013579721517727194,102783.71,91231.0,0.6247036409638951,44.573740897448694,-896.7814749687386,-1209.438810533359,312.6573355646203,99473.3445,104441.6832000805,94505.00579991951,0.39681415037350504,10369.050699,0.7228444278628944,-162.49825734622632,2181.679999999993,134.4100000000035,218.1999999999971,2534.2899999999936,0.8608643841075798,0.4527009122620348,0.5472990877379652,127.75491728283038,4,1,2,1,False,False,-1,1,high_vol,sideways_volatile
2025-02-04 08:00:00,98448.01,99445.17,97860.0,98967.7,4539.23391,1738670399999,447617298.4516712,889605.0,2477.10832,244304424.1413785,0,0.0052787247524124226,0.0052648411220497775,100250.788,25.139999999999418,98227.617,69.4539999999979,99309.26999999999,-164.074500000017,101514.08540000001,-48.55879999998433,102983.20379999999,-54.14310000000114,100173.66955,19.78685000000405,0.02281780837370825,0.016533907280968117,0.013508182312366638,102588.57,91231.0,0.6811932482036204,49.37876324115393,-850.3962700773991,-1137.630302442167,287.2340323647679,99309.26999999999,104105.38244158197,94513.15755841801,0.46439095161337307,9853.400354000001,0.4606768980169665,23.961366397706822,519.6900000000023,477.47000000000116,588.0099999999948,1585.1699999999983,0.3278449630008156,0.5457106571535988,0.45428934284640116,195.98130822035563,8,1,2,1,False,False,-1,1,high_vol,sideways_volatile
2025-02-04 12:00:00,98967.7,100415.0,98275.98,99347.19,8422.36725,1738684799999,837153150.4740736,1398359.0,4007.37158,398391145.0647921,0,0.0038344833718475524,0.0038271504797406605,99744.226,-506.56200000000536,98392.277,164.6600000000035,99168.305,-140.9649999999965,101520.06880000001,5.983399999997346,102931.11340000002,-52.09039999997185,100191.29550000001,17.625950000001467,0.022703814515420015,0.016576672794489225,0.013113699824413273,102500.01,91231.0,0.7202220958185329,49.228548725363765,-774.090753195851,-1064.9223925929039,290.83163939705287,99168.305,103772.72183368236,94563.88816631763,0.5194253698634999,9944.934774,0.8469002000917497,32.295427171718394,379.49000000000524,1067.8099999999977,691.7200000000012,2139.020000000004,0.17741302091612257,0.4758010973696261,0.5241989026303738,166.02921227401953,12,1,2,1,False,False,-1,1,high_vol,sideways_volatile
2025-02-04 16:00:00,99347.18,100777.93,98778.58,98859.77,6617.95049,1738699199999,658596623.724685,1272303.0,3347.60258,333191026.2938725,0,-0.004906228349287001,-0.004918303399085904,99250.476,-493.75,98874.38,482.1030000000028,99009.853,-158.45199999999022,101522.0416,1.9727999999886379,102869.871,-61.24240000001737,100201.9294,10.63389999998617,0.018343328633191058,0.016596657381686055,0.01312628488434859,102500.01,91231.0,0.6769689617810267,49.987222539968585,-744.3681886510894,-1000.811551804541,256.4433631534515,99009.853,103413.52784248359,94606.17815751642,0.4829593458454173,7633.780713,0.8669296039287473,-32.4691763082158,487.40999999998894,1430.75,81.19000000000233,1999.3499999999913,0.2437842298747048,0.5058367518854013,0.49416324811459866,192.2503049731942,16,1,2,1,False,False,-1,1,high_vol,sideways_volatile
2025-02-04 20:00:00,98859.78,99444.02,96150.0,97763.13,9365.42724,1738713599999,915545881.1254616,1667607.0,4212.15909,411762206.1102112,0,-0.011092884395745628,-0.011154869258063268,98677.16200000001,-573.3139999999839,99117.392,243.01200000000244,98794.315,-215.53800000000047,101455.0636,-66.9780000000028,102795.8311,-74.0399000000034,100208.47,6.540600000007544,0.01872829553562497,0.016727500065328405,0.012763160919448829,102500.01,91231.0,0.5796542908383263,45.94221628258291,-800.0797043080238,-960.6651823052376,160.58547799721384,98794.315,102983.28637165308,94605.34362834692,0.37691668090905767,7791.991636999999,1.2019298372355276,-103.88960169008705,1096.6499999999942,584.2400000000052,1613.1300000000047,3294.020000000004,0.3329214758866045,0.44975621315061326,0.5502437868493867,178.059895962632,20,1,2,1,False,False,-1,1,high_vol,sideways_volatile
2025-02-05 00:00:00,97763.14,98930.44,97131.43,98040.0,4039.38442,1738727999999,395840052.1724329,831919.0,1826.61299,179003253.717572,0,0.0028320492602884606,0.0028280465642228853,98595.558,-81.60400000000664,99410.603,293.2109999999957,98612.835,-181.47999999999593,101421.8632,-33.200399999986985,102732.59879999999,-63.232300000003306,100212.08129999999,3.611299999989569,0.018644905763573326,0.01675501941344908,0.012624337870747002,102500.01,91231.0,0.6042234411008601,49.37717704882999,-812.5241145314503,-931.0369687504802,118.51285421902992,98612.835,102586.26154603552,94639.4084539645,0.4279167497670804,7566.667607999999,0.533839284248364,11.439735658681732,276.8600000000006,890.4400000000023,631.7100000000064,1799.0100000000093,0.15389575377568726,0.45220083064042715,0.5477991693595728,205.95192571446321,0,2,2,1,False,False,-1,1,high_vol,sideways_volatile
2025-02-05 04:00:00,98040.01,98332.41,97352.77,97864.43,3233.50156,1738742399999,316415929.8422903,553580.0,1342.52834,131410232.1147146,0,-0.0017907996736026277,-0.0017924050722560037,98374.90400000001,-220.653999999995,99312.84599999999,-97.75700000001234,98474.274,-138.5610000000015,101337.49519999999,-84.36800000001676,102661.87959999999,-70.71920000000682,100216.47949999999,4.398199999995995,0.013679812648094621,0.01663598324622313,0.01213435414278434,102500.01,91231.0,0.5886435454401049,50.447137165001905,-827.0200585580023,-910.2335867119847,83.21352815398234,98474.274,102342.57729894246,94605.97070105755,0.42117422641513974,6475.161557,0.49937002058341073,-5.790553538241587,175.58000000000175,292.40000000000873,511.65999999998894,979.6399999999994,0.17922910456902724,0.4151933484763805,0.5848066515236194,171.20140186355746,4,2,2,1,False,False,-1,1,high_vol,sideways_volatile
2025-02-05 08:00:00,97864.43,98256.0,97257.05,98198.0,3128.59694,1738756799999,305995540.8132931,506034.0,1552.72751,151841658.0129905,0,0.003408490704947642,0.003402694966584364,98145.066,-229.83800000000338,98944.646,-368.1999999999971,98423.831,-50.4429999999993,101248.72879999998,-88.7664000000077,102581.8596,-80.01999999998952,100222.158,5.67850000000908,0.008344985964813628,0.016379423502983284,0.012116708761587694,102500.01,91231.0,0.6182441935893218,63.87093202567645,-802.3429769997892,-888.6554647695457,86.31248776975644,98423.831,102278.1973445526,94569.46465544742,0.47070452315473665,5738.576795999999,0.5451869080467386,10.663793589517635,333.570000000007,58.0,607.3799999999901,998.9499999999971,0.33392061664748784,0.49630154979311586,0.5036984502068841,161.7447084762539,8,2,2,1,False,False,-1,1,high_vol,sideways_volatile
2025-02-05 12:00:00,98198.0,99149.0,97734.69,98116.24,5192.00486,1738771199999,510707494.1721012,836692.0,2248.69876,221320059.8403804,0,-0.0008326035153465305,-0.000832950322168496,97996.36,-148.7060000000056,98623.41799999999,-321.2280000000028,98347.478,-76.3530000000028,101155.2592,-93.46959999998217,102549.70629999999,-32.1533000000054,100231.21919999999,9.061199999996461,0.00836270007803268,0.016340743948161436,0.012112137161695378,102500.01,91231.0,0.6109888978712423,60.09864871435201,-780.3877367248497,-867.0019191606066,86.6141824357569,98347.478,102160.40826092541,94534.5477390746,0.4696771270157095,5586.147475,0.9294428554269417,-4.322881498132271,81.75999999999476,951.0,381.5500000000029,1414.3099999999977,0.05780910832843924,0.4331079844174106,0.5668920155825894,161.15008027939328,12,2,2,1,False,False,-1,1,high_vol,sideways_volatile
2025-02-05 16:00:00,98116.24,98277.02,96500.0,97370.0,4822.00148,1738785599999,469607207.0681926,1017892.0,2181.65918,212467038.7398577,0,-0.007605672618518633,-0.007634743241406882,97917.734,-78.62600000000384,98297.448,-325.9699999999866,98272.74799999999,-74.73000000001048,101047.41900000001,-107.84019999999146,102504.487,-45.21929999999702,100234.2813,3.062100000010105,0.008400592905604411,0.01633597936694874,0.012149235762399223,102500.01,91231.0,0.5447683514345983,57.90873995635371,-813.8221469171403,-856.3659647119134,42.54381779477308,98272.74799999999,102101.55661501145,94443.93938498854,0.3821111093852243,5685.567867,0.8481125531871169,-36.674564622892326,746.2400000000052,160.77999999999884,870.0,1777.020000000004,0.41993899899832504,0.45243851314620503,0.5475614868537949,211.09325748278286,16,2,2,1,False,False,-1,1,high_vol,sideways_volatile
2025-02-05 20:00:00,97370.0,97706.37,96155.0,96612.43,5817.81518,1738799999999,563775929.7613752,725646.0,1880.32496,182274045.7170437,0,-0.007780322481257151,-0.007810747101863513,97632.22,-285.5139999999956,98113.889,-183.55900000000838,98136.026,-136.7219999999943,100924.10780000001,-123.31119999999646,102399.4048,-105.08219999998983,100229.7367,-4.544600000008359,0.00574272020714892,0.01635634211173837,0.012185546644907907,102500.01,91231.0,0.47754239281001576,40.15624130778581,-891.1758056499384,-863.3279328995185,-27.847872750419924,98136.026,101998.47662332993,94273.57537667007,0.30276822300365513,5517.8283329999995,1.05436683218394,-45.26447823675312,757.570000000007,336.36999999999534,457.429999999993,1551.3699999999953,0.48832322398912525,0.3232012193278371,0.6767987806721629,124.72826611862223,20,2,2,1,False,False,-1,1,high_vol,sideways_volatile
2025-02-06 00:00:00,96612.44,97493.07,96430.78,97355.67,2552.15194,1738814399999,247622714.829299,517373.0,1290.53705,125191943.971197,0,0.007693005962069233,0.0076635656847870584,97530.468,-101.75200000000768,97952.686,-161.20299999999406,98090.1515,-45.8744999999908,100822.73640000001,-101.37140000000363,102290.5696,-108.83520000000135,100223.555,-6.181700000001001,0.0061151144031501205,0.01631151972552241,0.012244668616873112,102500.01,91231.0,0.5434967224272585,24.948422098265482,-882.3348738234781,-867.1293210843105,-15.205552739167615,98090.1515,101967.50961418219,94212.79338581783,0.40528583143848607,5319.120136,0.4798071626032551,19.63372009052656,743.2299999999959,137.40000000000873,181.6600000000035,1062.2900000000081,0.6996488717770009,0.5056662300442817,0.4943337699557183,202.72029728762934,0,3,2,1,False,False,-1,1,high_vol,sideways_volatile
2025-02-06 04:00:00,97355.66,98436.61,97273.71,98195.61,2075.46063,1738828799999,203290934.2241406,327823.0,984.88753,96446902.6868663,0,0.00862754064555249,0.008590536103229733,97529.98999999999,-0.47800000000279397,97837.528,-115.15799999999581,98114.9025,24.75099999998929,100759.9382,-62.79820000000473,102222.9458,-67.62380000000121,100223.66215,0.10715000001073349,0.006745811740567572,0.016375855599208195,0.01223656339479074,102500.01,91231.0,0.6180321075231989,33.189819380607815,-798.3493588731362,-853.3733286420758,55.02396976893954,98114.9025,101988.10773691707,94241.69726308293,0.5104186965398514,4684.429474,0.4430551557066734,17.906120943568975,839.9499999999971,241.0,81.94999999999709,1162.8999999999942,0.7222891048241477,0.4745392496315384,0.5254607503684616,157.95192414707475,4,3,2,1,False,False,-1,1,high_vol,sideways_volatile
2025-02-06 08:00:00,98195.6,99120.0,97910.01,98877.99,2729.43375,1738843199999,269205952.9651628,451779.0,1425.06068,140577980.9585656,0,0.006949190498434676,0.0069251561560495145,97682.34,152.35000000000582,97839.35,1.8220000000001164,98356.865,241.96250000000873,100696.734,-63.204200000007404,102174.80940000001,-48.1363999999885,100227.05209999999,3.389949999982491,0.0070463675674273946,0.013776939235925415,0.012236750934052415,102500.01,92646.36,0.6324184439268706,40.58427980928941,-669.0158715602302,-816.5018372257067,147.48596566547656,98356.865,101730.27336895405,94983.45663104596,0.5772401297150959,4295.5778,0.6354054977190728,18.96735508160693,682.3899999999994,242.00999999999476,285.59000000001106,1209.9900000000052,0.563963338539985,0.5221085435761172,0.4778914564238828,165.52114518258594,8,3,2,1,False,False,-1,1,high_vol,sideways_volatile
2025-02-06 12:00:00,98877.99,99040.09,96930.17,97333.09,6201.57209,1738857599999,607804168.4137639,1171515.0,3009.79054,295033956.86635,0,-0.015624306278879785,-0.015747652235820926,97674.958,-7.381999999997788,97796.34599999999,-43.00400000001537,98456.869,100.00400000000081,100588.2794,-108.4545999999973,102125.54019999999,-49.269200000024284,100222.35815,-4.693949999986216,0.007931967011521114,0.014087466238295925,0.012368802797240973,102500.01,94131.14,0.3826024301966692,43.566674783359296,-683.3019898015627,-789.861867740878,106.55987793931524,98456.869,101560.64765807381,95353.0903419262,0.3189659889121372,3979.192285,1.5585002296515056,-96.89526174471263,1544.9000000000087,162.09999999999127,402.91999999999825,2109.9199999999983,0.7322078562220417,0.48532702616700535,0.5146729738329946,188.90613267062741,12,3,2,1,False,False,-1,1,high_vol,sideways_volatile
2025-02-06 16:00:00,97333.09,97547.71,95676.64,95983.0,6034.55958,1738871999999,582521980.7851423,1090072.0,2832.16563,273427219.6701895,0,-0.013870822348288736,-0.013967921143648875,97549.072,-125.8859999999986,97590.646,-205.6999999999971,98500.6245,43.7554999999993,100455.01939999999,-133.2600000000093,102056.0101,-69.53009999998903,100212.8262,-9.531950000004144,0.008875377348115158,0.014467625456570744,0.012501858427426198,102500.01,94131.14,0.22127957537875503,34.28390594459803,-794.4073874003079,-790.770971672764,-3.6364157275439766,98500.6245,101425.11009266533,95576.13890733468,0.06956113815122507,4178.709801,1.4441202829054747,-83.70430388434389,1350.0899999999965,214.6200000000099,306.3600000000006,1871.070000000007,0.7215603905786483,0.469324329713553,0.530675670286447,180.63820326056006,16,3,2,1,False,False,-1,1,high_vol,sideways_volatile
2025-02-06 20:00:00,95982.99,97093.5,95800.0,96554.35,3922.02606,1738886399999,378626170.0000515,684245.0,1719.08906,165933635.2228405,0,0.005952616609191219,0.005934969782178379,97388.808,-160.26399999999558,97459.638,-131.00799999998708,98386.242,-114.38250000000698,100346.4908,-108.52859999999055,102001.6631,-54.346999999994296,100207.30825000002,-5.517949999979464,0.009234205011892399,0.011361208382194562,0.012519634830736582,102500.01,95676.64,0.12863291892422762,35.58540145382632,-826.8249224147148,-797.9817618211542,-28.843160593560583,98386.242,101430.98573597425,95341.49826402575,0.1991713985062474,4247.562250999999,0.9233592889843207,23.346317466436798,571.3600000000006,539.1499999999942,182.99000000000524,1293.5,0.44171627367607313,0.4383165827307124,0.5616834172692875,174.46212481311252,20,3,2,1,False,False,-1,1,high_vol,sideways_volatile
2025-02-07 00:00:00,96554.35,97805.6,96409.65,97444.04,3156.6758,1738900799999,306683262.9626477,619055.0,1594.53424,154983909.7908032,0,0.009214395829913347,0.00917220227866077,97238.494,-150.3139999999985,97384.242,-75.39600000000792,98164.44399999999,-221.79800000000978,100223.69180000002,-122.79899999998452,101938.52100000001,-63.1420999999973,100203.69714999999,-3.6111000000237254,0.0097327791126045,0.00894949413088325,0.012375103488251056,102500.01,95676.64,0.25902156852112596,42.984357485423374,-771.8283481677063,-792.7510790904647,20.922730922758433,98164.44399999999,100749.10395216283,95579.78404783715,0.36063853401737384,4250.370137,0.7426825660477767,29.086860327908376,889.6899999999878,361.5600000000122,144.70000000001164,1395.9500000000116,0.6373365808230813,0.5051308214799886,0.4948691785200115,196.10978105512135,0,4,2,1,False,False,-1,1,high_vol,sideways_volatile
2025-02-21 16:00:00,98104.04,98757.0,95247.15,95285.11,9442.11583,1740167999999,917491073.6087112,1438523.0,4170.22673,405478846.2041609,0,-0.02873408679194045,-0.029154993179097935,97668.04000000001,-603.9779999999882,97604.761,-177.01399999999558,96752.022,-17.7615000000078,96735.71359999999,-12.80000000000291,96843.4633,-27.54890000000887,99788.03105,-45.39059999999881,0.011150955634357486,0.009697960589127636,0.006895085922507767,99475.0,93388.09,0.31165566765403185,42.937643343817754,313.3949573740829,317.8119466763426,-4.416989302259708,96752.022,99262.40125107723,94241.64274892276,0.20783059982460264,4052.689357,2.3298395209322234,-271.31057575877486,2818.929999999993,652.9600000000064,37.9600000000064,3509.850000000006,0.8031482826901402,0.4416623143670967,0.5583376856329033,152.35176372539797,16,4,2,1,False,False,1,-1,high_vol,sideways_volatile
2025-02-21 20:00:00,95285.11,96202.68,94871.95,96181.98,6056.52477,1740182399999,577653826.509571,783645.0,3081.29986,293968885.2015357,0,0.009412488478000247,0.009368467027002999,97276.038,-392.0020000000077,97536.167,-68.59399999999732,96783.79699999999,31.77499999999418,96739.3932,3.679600000017672,96826.63880000002,-16.824499999987893,99744.2592,-43.77185000000463,0.011697738682550843,0.009926362638497737,0.007024737690679353,99475.0,93388.09,0.4589997223550205,51.40617622060624,203.46320610959083,294.94219856299225,-91.47899245340142,96783.79699999999,99245.54401682984,94322.04998317015,0.377766278198847,4424.224672,1.3689460230920207,57.006969614348094,896.8699999999953,20.69999999999709,413.1600000000035,1330.729999999996,0.6739684233465828,0.5087570805064172,0.4912429194935828,129.38855692981835,20,4,2,1,False,False,1,-1,high_vol,sideways_volatile
2025-02-22 00:00:00,96181.99,96455.97,95770.49,96299.07,2247.9764,1740196799999,216217677.7993919,288454.0,1054.29296,101417292.6384881,0,0.0012173798044083917,0.0012166393984568815,96899.9,-376.1380000000063,97445.282,-90.88499999999476,96893.5435,109.74650000000838,96752.8194,13.426199999987148,96807.64950000001,-18.989300000001094,99694.75455,-49.504650000002584,0.01162945762478329,0.009233986932912754,0.007003581352222557,99475.0,93730.72,0.44711434679368106,50.555703027689745,124.35618496379175,260.8249958431521,-136.46881087936038,96893.5435,99025.97255835083,94761.11444164917,0.36061118946209036,4490.044639000001,0.5006579178465935,2.7366410701466806,117.08000000000175,156.89999999999418,411.5,685.4799999999959,0.17080002334131184,0.4689964538773628,0.5310035461226372,128.3171834010357,0,5,2,1,False,False,1,-1,high_vol,sideways_volatile
2025-03-04 08:00:00,83186.4,84373.84,83040.29,83937.94,4466.29804,1741089599999,374102017.5908013,970008.0,2388.9914,200118731.0326809,0,0.009034409470779048,0.008993843337841652,84586.934,-1219.4860000000044,88505.359,-958.4059999999881,87496.89199999999,-69.64500000000407,87375.2376,-229.90539999998873,91932.6091,-135.93960000001243,95162.56535,-106.29030000000785,0.019482943346553993,0.022725289380835283,0.020186854840929195,95000.0,82464.84,0.11751744692528898,45.69342734309661,-437.5154350354278,238.64640807705155,-676.1618431124793,87496.89199999999,94767.80023087459,80225.98376912539,0.2552608362675008,8978.757432,0.4974294131259475,40.350365311897896,751.5400000000081,435.8999999999942,146.11000000000058,1333.550000000003,0.5635634209441015,0.5348929647337194,0.4651070352662806,217.1838939794533,8,1,3,1,False,False,1,-1,high_vol,sideways_volatile
2025-03-04 12:00:00,83937.93,84977.65,81500.0,82985.06,14268.19869,1741103999999,1187922265.9845777,2522718.0,6904.79006,575059958.6566854,0,-0.011352196634799472,-0.011417124670595856,84062.746,-524.1879999999946,87376.86499999999,-1128.494000000006,87409.1375,-87.75449999999546,87117.4984,-257.73919999999634,91786.76310000001,-145.84599999999045,95051.83030000002,-110.7350499999884,0.018361475169878936,0.022811781567476517,0.020200609877820533,95000.0,81500.0,0.11000444444444427,42.95910358315229,-705.623876368787,49.79235118788384,-755.4162275566708,87409.1375,94860.2693868846,79958.0056131154,0.20312715120589853,9612.920388,1.4842730527354908,-161.97539715326823,952.8699999999953,1039.7200000000012,1485.0599999999977,3477.649999999994,0.27399824594194266,0.48392864509514344,0.5160713549048566,176.80704164626405,12,1,3,1,False,False,1,-1,high_vol,sideways_volatile
2025-03-04 16:00:00,82985.05,88487.91,82013.11,88206.19,12128.06081,1741118399999,1039161849.652606,2151142.0,6901.30881,591661424.1810713,0,0.06291650569391649,0.06101655036138802,84459.862,397.11599999999453,86926.486,-450.37899999998626,87587.8075,178.66999999999825,86965.19320000001,-152.30519999998796,91693.3533,-93.40980000000854,94966.35809999998,-85.4722000000329,0.0299562369930211,0.026892538836779795,0.022229482702473328,95000.0,81500.0,0.496754814814815,53.729848376682185,-491.1386509021104,-58.39384923011501,-432.7448016719954,87587.8075,94929.19297441549,80246.4220255845,0.5421161987853009,10163.450003,1.193301566536963,763.0552070085305,5221.139999999999,281.72000000000116,971.9400000000023,6474.800000000003,0.8063785754000119,0.5690364616501292,0.4309635383498708,177.36899853159625,16,1,3,1,False,False,1,-1,high_vol,sideways_volatile
2025-03-04 20:00:00,88206.19,88967.52,86582.27,87281.98,6522.94455,1741132799999,572622702.1657449,1152804.0,3010.2481,264308414.0422059,0,-0.010477836079304748,-0.010533115079008403,85119.514,659.6520000000019,86418.326,-508.1600000000035,87711.9065,124.09900000000198,86824.35379999998,-140.83940000002622,91593.6833,-99.66999999999825,94874.94799999999,-91.41009999999369,0.03001124867567701,0.0270468005954734,0.022174140625045972,95000.0,81500.0,0.4282948148148145,49.73698914992428,-391.2238030190929,-124.95983998791058,-266.2639630311823,87711.9065,94937.87380826412,80485.93919173587,0.4702512839001979,10230.492586999999,0.6375982871331903,-68.34634374929428,924.2100000000064,761.3300000000017,699.7099999999919,2385.25,0.387468818782101,0.4614860783999765,0.5385139216000234,176.73061470375367,20,1,3,1,False,False,1,-1,high_vol,sideways_volatile
2025-03-05 00:00:00,87281.98,87888.88,86334.53,86843.4,4769.77721,1741147199999,416007831.1997628,1051615.0,2127.48154,185641338.6944683,0,-0.0050248630931608584,-0.005037530169077884,85850.914,731.4000000000087,85828.667,-589.6589999999997,87779.80600000001,67.89950000001409,86682.3516,-142.00219999998808,91488.7573,-104.92600000000675,94780.60865000001,-94.33934999998019,0.02983477998981703,0.027044973978136218,0.02217706776447461,95000.0,81500.0,0.395807407407407,34.89139887014649,-343.4709871219093,-168.66206941471034,-174.80891770719893,87779.80600000001,94942.93052920855,80616.68147079147,0.43463704308212814,10076.045028999999,0.47337791725543515,-23.96747746512877,438.58000000000175,606.9000000000087,508.86999999999534,1554.3500000000058,0.2821629620098434,0.44603373414164144,0.5539662658583586,220.47465818639355,0,2,3,1,False,False,1,-1,high_vol,sideways_volatile
2025-03-05 04:00:00,86843.4,87727.27,86722.81,87619.49,3883.84662,1741161599999,338614873.2575868,652697.0,1838.99587,160421821.435419,0,0.00893666070190724,0.00889696507195066,86587.224,736.3099999999977,85587.079,-241.58800000000338,87857.554,77.74799999999232,86603.68380000001,-78.66779999998107,91395.84210000001,-92.91519999998854,94695.0914,-85.51725000000442,0.02899044887306677,0.0270730331913169,0.021945889164014274,95000.0,81500.0,0.45329555555555595,34.974042106509415,-240.2332995999459,-182.97631545175744,-57.25698414818845,87857.554,94975.9040643442,80739.20393565581,0.4832781474746191,9009.604499,0.43107848079580835,34.70861946118926,776.0900000000111,107.77999999999884,120.58999999999651,1004.4600000000064,0.7726440077255502,0.47349858270149714,0.5265014172985029,168.0542678073111,4,2,3,1,False,False,1,-1,high_vol,sideways_volatile
2025-03-05 08:00:00,87619.49,90660.0,87600.0,89814.26,6751.29829,1741175999999,602711073.9644012,1352777.0,3895.08645,347621256.7178572,0,0.02504887896517083,0.02474029824868104,87953.064,1365.8399999999965,86007.905,420.82600000000093,88054.6135,197.05950000000303,86556.8904,-46.79340000000957,91323.4,-72.44210000001476,94622.4404,-72.65099999999802,0.024872515521032573,0.027571748836033833,0.02222371550127944,95000.0,81500.0,0.6158711111111107,43.63992335542298,18.469997456879355,-142.68705287003007,161.15705032690943,88054.6135,95159.84780446629,80949.37919553372,0.6238274787711006,8073.16426,0.8362642047865381,169.11245372397477,2194.7699999999895,845.7400000000052,19.49000000000524,3060.0,0.7172450980392122,0.5769388764483105,0.4230611235516895,200.37286783843172,8,2,3,1,False,False,1,-1,high_vol,sideways_volatile
2025-03-05 12:00:00,89814.26,90933.82,87926.06,88344.25,12224.27232,1741190399999,1092645400.247674,2431645.0,5719.54064,511266843.7228286,0,-0.016367222755050204,-0.016502645440799536,87980.676,27.612000000008265,86220.269,212.3640000000014,88160.205,105.591499999995,86537.3752,-19.515200000008917,91245.6613,-77.73869999998715,94543.21885000002,-79.22154999998747,0.025750986108935822,0.027890771558884187,0.021912032689639233,95000.0,81500.0,0.5069814814814815,41.58728723486642,103.68152651897981,-93.41333699222811,197.0948635112079,88160.205,95214.00118331377,81106.40881668623,0.5130458121568191,8323.83015,1.4685874290695373,-200.07738807983435,1470.0099999999948,1119.5600000000122,418.1900000000023,3007.7600000000093,0.4887391281219214,0.4678839353604976,0.5321160646395023,198.9194069263012,12,2,3,1,False,False,1,-1,high_vol,sideways_volatile
2025-03-05 16:00:00,88344.25,90475.3,87600.0,89750.0,7755.99208,1741204799999,690206057.5701941,1830132.0,4114.65231,366097300.2807535,0,0.015912184437583576,0.015786912780600612,88474.28,493.6039999999921,86796.897,576.627999999997,88342.4105,182.2054999999964,86547.5874,10.212200000009034,91181.008,-64.6533000000054,94468.28885000001,-74.93000000000757,0.02390863364227389,0.028061254911624978,0.022026414467474897,95000.0,81500.0,0.6111111111111112,44.000285739855535,281.4007412939245,-18.45052133499759,299.8512626289221,88342.4105,95360.94916883114,81323.87183116886,0.6002765366422367,7772.648485,0.9978570489798755,123.41477647339747,1405.75,725.3000000000029,744.25,2875.300000000003,0.48890550551246775,0.5305127013487101,0.46948729865128996,235.963624140266,16,2,3,1,False,False,1,-1,high_vol,sideways_volatile
2025-03-05 20:00:00,89750.0,91000.0,89677.8,90606.01,2878.82511,1741219199999,260058434.0653566,751400.0,1534.52755,138660176.6185669,0,0.009537715877437236,0.009492519021279462,89226.802,752.5219999999972,87538.85800000001,741.9610000000102,88501.3115,158.90099999999802,86615.0824,67.49499999999534,91126.3859,-54.62210000000778,94393.99885,-74.29000000000815,0.023204603252064474,0.02795031696265728,0.02181303152882953,95000.0,81500.0,0.6745192592592588,51.23680272710406,485.71829427947523,82.38324178789698,403.33505249157827,88501.3115,95576.35557659663,81426.26742340336,0.6487410168200987,7564.951372,0.3805477350000341,27.457415960012,856.0099999999948,393.99000000000524,72.19999999999709,1322.199999999997,0.6474134019059119,0.5330395183332273,0.4669604816667728,261.00925595997734,20,2,3,1,False,False,1,-1,high_vol,sideways_volatile
2025-03-06 00:00:00,90606.0,92025.0,89986.73,91605.01,5338.79627,1741233599999,486909085.9753254,1436695.0,2823.60178,257602368.4126901,0,0.01102575866656097,0.010965418117881036,90023.90599999999,797.1039999999921,88305.565,766.7069999999949,88405.462,-95.84949999999662,86688.2376,73.15519999999378,91081.8042,-44.58169999999518,94340.4623,-53.536550000004354,0.023215223944101932,0.0231546338098826,0.021835686139249078,94883.51,81500.0,0.7550343669186931,65.27336969334667,719.9532056581229,209.89723456194218,510.0559710961807,88405.462,95242.03655146631,81568.88744853369,0.7340022752559433,7652.201195,0.697681116054346,58.864279242955874,999.0099999999948,419.99000000000524,619.2700000000041,2038.270000000004,0.4901264307476403,0.5288835979500675,0.4711164020499325,269.104668419947,0,3,3,1,False,False,1,-1,high_vol,sideways_volatile
2025-03-06 04:00:00,91605.02,92810.64,91265.96,91346.48,4492.39994,1741247999999,413824515.7107864,985352.0,2347.64789,216297720.8484891,0,-0.0028222255529473106,-0.002826215540347652,90330.35,306.4440000000177,89141.70700000001,836.1420000000071,88259.286,-146.17600000000675,86741.5592,53.32160000001022,91038.67440000002,-43.129799999980605,94285.04690000002,-55.41539999998349,0.022530303654878913,0.023064923994819148,0.02181668382124233,94416.46,81500.0,0.7623203261574759,63.29136309159861,874.642515648171,342.84629077918794,531.796224868983,88259.286,94680.27957048023,81838.29242951976,0.7403984652930519,6674.62132,0.6730569008520172,-12.678565904726966,258.54000000000815,1205.6199999999953,80.51999999998952,1544.679999999993,0.16737447238263545,0.522582121216928,0.477417878783072,219.33755078805382,4,3,3,1,False,False,1,-1,high_vol,sideways_volatile
2025-03-06 08:00:00,91346.49,91667.5,90613.17,91350.0,3894.92912,1741262399999,355168531.2632666,907033.0,1958.62683,178632833.6771591,0,3.853459925329261e-05,3.853385681469579e-05,90931.5,601.1499999999942,89456.088,314.38099999999395,88191.287,-67.99899999999616,86790.5592,49.0,90996.8608,-41.81360000002314,94230.55095,-54.49595000001136,0.012717929752393638,0.022785159114596804,0.021815640179393473,93721.37,81500.0,0.805965288670583,71.60283037349242,986.1512056329666,471.5072737499437,514.6439318830229,88191.287,94440.32669415505,81942.24730584494,0.7527358725977095,5851.308151,0.6656509996545557,0.15008953275917963,3.5099999999947613,317.5,733.320000000007,1054.3300000000017,0.0033291284512389436,0.5028658467602615,0.49713415323973853,232.8753546097907,8,3,3,1,False,False,1,-1,high_vol,sideways_volatile
2025-03-06 12:00:00,91350.0,91457.03,89117.68,90820.69,8433.9883,1741276799999,760715037.8753498,1914737.0,4146.23274,373984475.3337141,0,-0.005794307608100735,-0.005811159737574533,91145.63799999999,214.13799999999173,89809.959,353.8709999999992,88114.1425,-77.14449999999488,86832.5726,42.01339999999618,90947.2677,-49.59309999999823,94173.82195,-56.729000000006636,0.012219137417521399,0.022805211912181805,0.021832022396611753,93721.37,81500.0,0.7626550869501542,72.74637945860073,1020.053213961437,581.2164617922424,438.8367521691946,88114.1425,94181.77130941149,82046.51369058852,0.7230317299405231,6042.412526,1.3957981623580398,-48.86912257332259,529.3099999999977,107.02999999999884,1703.0100000000093,2339.350000000006,0.22626370573022264,0.4916099705758425,0.5083900294241575,227.0262812671912,12,3,3,1,False,False,1,-1,high_vol,sideways_volatile
2025-03-06 16:00:00,90820.69,91066.44,87836.0,88526.18,7147.7059,1741291199999,636427373.6237274,1518177.0,3375.67059,300600992.0395297,0,-0.025264177138491384,-0.025588795609393162,90729.67199999999,-415.96600000000035,89978.237,168.27799999999115,87903.452,-210.69049999999697,86830.76019999999,-1.8124000000098022,90870.52949999999,-76.73820000000705,94106.30879999998,-67.51315000001341,0.015201369684473418,0.02342412626406535,0.02213791282588714,93721.37,81500.0,0.5749093595889819,62.5195505421762,851.9522436893021,635.3636181716544,216.58862551764776,87903.452,93574.43199651499,82232.47200348502,0.554904796030199,6280.205395,1.1381325052984195,-180.58090799143997,2294.5100000000093,245.75,690.179999999993,3230.4400000000023,0.7102778568863708,0.47227329121082057,0.5277267087891795,212.4005969523732,16,3,3,1,False,False,1,-1,high_vol,sideways_volatile
2025-03-06 20:00:00,88526.23,90781.2,88461.22,89931.89,5034.62949,1741305599999,452101083.9509436,881532.0,2632.21428,236308136.1174113,0,0.01587903149102332,0.015754278574582503,90395.048,-334.62399999999616,90209.477,231.24000000000524,87898.278,-5.173999999999069,86878.0474,47.28720000000612,90815.2791,-55.250399999989895,94045.59879999999,-60.70999999999185,0.015702355614906807,0.022839470473937407,0.022176824250722288,92810.64,81500.0,0.7454830142237752,68.49811446158171,822.6767570807569,672.8262459534749,149.85051112728206,87898.278,93561.25133153099,82235.30466846902,0.6795533795539,6395.283681999999,0.7872409951368285,79.94504021734468,1405.6600000000035,849.3099999999977,65.00999999999476,2319.979999999996,0.6058931542513323,0.5228218452277806,0.4771781547722194,175.09371876340396,20,3,3,1,False,False,1,-1,high_vol,sideways_volatile
2025-03-07 00:00:00,89931.88,91283.02,84667.03,86991.25,18693.33541,1741319999999,1632226867.7621694,2527012.0,8896.71896,777528430.6665459,0,-0.03269852329357248,-0.0332450671676662,89524.00200000001,-871.0459999999875,89927.176,-282.3009999999922,87967.5405,69.26249999999709,86940.7326,62.68520000000717,90728.78820000001,-86.49089999998978,93972.20705,-73.39174999999523,0.017131598920906908,0.021201182084434656,0.021832212792993265,92810.64,81500.0,0.4854941895418827,46.31761376862197,555.783919913607,649.4177807455013,-93.63386083189437,87967.5405,93545.71665005822,82389.36434994178,0.4124901693907772,7589.487394000001,2.463056388337681,-611.2444633384482,2940.6300000000047,1351.1399999999994,2324.220000000001,6615.990000000005,0.4444731627466188,0.47592999135085867,0.5240700086491413,135.18250994673616,0,4,3,1,False,False,1,-1,high_vol,sideways_volatile
2025-03-07 04:00:00,86991.26,88612.96,86857.14,88365.18,3950.73454,1741334399999,347661492.3731834,755378.0,2045.83361,180029086.2022825,0,0.015793887316253086,0.01567046176132295,88927.038,-596.9640000000072,89929.269,2.0929999999934807,88074.769,107.22849999999744,87023.03439999999,82.30179999998654,90656.9752,-71.8130000000092,93910.85469999998,-61.352350000015576,0.017372000130627906,0.021419422726667935,0.02192714327314492,92810.64,81500.0,0.606966537702552,53.19596656745165,449.94737888620875,609.5237003736428,-159.57632148743403,88074.769,93593.68623726592,82555.85176273408,0.5263105050786975,6762.133615999999,0.5842437852236607,62.39745614118897,1373.9199999999983,247.7800000000134,134.11999999999534,1755.820000000007,0.7824947887596637,0.517836262924413,0.48216373707558696,191.19938136871124,4,4,3,1,False,False,1,-1,high_vol,sideways_volatile
2025-03-07 08:00:00,88365.19,89704.0,87985.3,88966.96,3368.87599,1741348799999,299413097.3291224,694513.0,1735.10994,154275498.3490111,0,0.006810148522302661,0.006787064206670317,88556.292,-370.7459999999992,89850.965,-78.30400000000373,88323.931,249.16199999999662,87097.84719999999,74.8127999999997,90605.60339999999,-51.37180000000808,93859.6552,-51.19949999998789,0.01667966258150114,0.02044516350216749,0.021891284223394585,92810.64,81500.0,0.6601713077244088,56.205770341259544,409.90464869224525,569.5998900373634,-159.69524134511812,88323.931,93504.7725147837,83143.08948521629,0.56205835462879,6323.422007,0.5327615310619265,22.942545845119415,601.7700000000041,737.0399999999936,379.8899999999994,1718.699999999997,0.3501309128992873,0.5150412022141545,0.48495879778584544,206.15570358230966,8,4,3,1,False,False,1,-1,high_vol,sideways_volatile
2025-03-07 12:00:00,88966.96,91100.0,88022.47,88457.99,12333.35824,1741363199999,1103812785.0845027,2026840.0,6080.78937,544406946.5692436,0,-0.005720887844206435,-0.005737314804226537,88542.65400000001,-13.637999999991735,89636.163,-214.80199999999604,88587.5105,263.5795000000071,87141.5668,43.71960000001127,90533.4659,-72.13749999999709,93803.72864999999,-55.92655000000377,0.016328258580901995,0.020340159626811332,0.021851637303665558,92810.64,81500.0,0.6151720857528845,52.4892474012079,333.25926579163934,522.3317651882186,-189.07249939657925,88587.5105,93169.6170780368,84005.40392196321,0.48586670805292664,7268.875320000001,1.696735422887952,-70.55775923345927,508.97000000000116,2133.0399999999936,435.5200000000041,3077.529999999999,0.16538262827657288,0.49303598027977175,0.5069640197202282,164.33804650435582,12,4,3,1,False,False,1,-1,high_vol,sideways_volatile
2025-03-07 16:00:00,88457.99,89023.41,86554.77,87820.1,11414.32329,1741377599999,1001701963.6918387,2034186.0,5865.01224,514571370.5311384,0,-0.007211219698751936,-0.007237346222027365,88120.296,-422.35800000000745,89257.67199999999,-378.4910000000091,88781.61850000001,194.10800000000745,87163.9968,22.429999999993015,90454.56430000001,-78.90159999998286,93748.50615,-55.22249999998894,0.015683308645034998,0.02042208550200899,0.021871431727947557,92810.64,81500.0,0.5587747466102719,43.47698088915294,218.5258260171977,461.57057735401446,-243.04475133681677,88781.61850000001,92832.51659449909,84730.72040550094,0.3813203297676506,7876.428022,1.4491750902970417,-82.31119295677101,637.8899999999994,565.4199999999983,1265.3300000000017,2468.6399999999994,0.2583973361851058,0.5138291680539916,0.48617083194600846,178.2134558762791,16,4,3,1,False,False,1,-1,high_vol,sideways_volatile
2025-03-07 20:00:00,87820.09,88511.0,85573.07,86801.75,8219.72966,1741391999999,712738620.372341,1472513.0,3770.95125,327111068.1322231,0,-0.011595864728006555,-0.011663621072312877,88082.39600000001,-37.89999999999418,88803.199,-454.47299999999814,88972.45300000001,190.8344999999972,87190.015,26.01820000000589,90365.7047,-88.85960000001069,93685.78055,-62.725600000005215,0.015848487980607534,0.02043082900813399,0.021844043338725937,92810.64,82013.11,0.44349402131783844,44.80076042038845,44.90873415952956,378.23820871511754,-333.329474555588,88972.45300000001,92135.9908504267,85808.91514957332,0.15691844026660953,8249.160994,0.996432202738993,-95.31487323814332,1018.3399999999965,690.9100000000035,1228.679999999993,2937.929999999993,0.3466181971660315,0.458768281437616,0.541231718562384,179.14372624269492,20,4,3,1,False,False,1,-1,high_vol,sideways_volatile
2025-03-08 00:00:00,86801.74,86897.25,85218.47,85919.12,3430.23845,1741406399999,295380931.3864172,663262.0,1602.41483,138031004.7483512,0,-0.010168343380173805,-0.010220394130948043,87593.18400000001,-489.21199999999953,88260.111,-543.0879999999888,88858.0995,-114.35350000001199,87226.1178,36.102800000007846,90260.66990000001,-105.034799999994,93624.01035,-61.77019999999902,0.015818277338494693,0.01480814581741246,0.021765938149142617,92810.64,84667.03,0.15375122335180547,36.61540461106943,-162.03706412395695,270.1831541473027,-432.2202182712596,88858.0995,92292.04811522775,85424.15088477224,0.07206996532109197,8202.691927000002,0.41818447901341,-34.879842435475155,882.6200000000099,95.50999999999476,700.6499999999942,1678.7799999999988,0.5257508428739981,0.4671438599261226,0.5328561400738774,193.35740347730055,0,5,3,1,False,False,1,-1,high_vol,sideways_volatile
2025-03-08 04:00:00,85919.12,86662.0,85653.66,86197.14,1971.12967,1741420799999,170149556.7990785,373217.0,1090.56829,94143111.3975171,0,0.0032358338865667857,0.0032306098424883622,87039.22,-553.9640000000072,87797.75600000001,-462.3549999999959,88803.85750000001,-54.24199999998382,87255.88900000001,29.771200000002864,90163.20390000001,-97.46600000000035,93566.4931,-57.51724999998987,0.01608661050012357,0.014673213497081354,0.021749630295003805,92810.64,84667.03,0.18789087394902268,33.947653754262674,-300.1492757235392,156.11666817313431,-456.2659438966735,88803.85750000001,92374.1950508471,85233.51994915292,0.1349480318210322,7556.406064,0.2608554454730531,6.3782481810032055,278.0200000000041,464.8600000000006,265.45999999999185,1008.3399999999965,0.27572049110419605,0.5532706988272365,0.4467293011727636,189.34167836862807,4,5,3,1,False,False,1,-1,high_vol,sideways_volatile
2025-03-08 08:00:00,86197.14,86450.01,85762.72,85955.88,1775.33163,1741435199999,152831100.1421155,392784.0,791.73173,68169999.3652181,0,-0.0027989327720153723,-0.0028028571086933787,86538.798,-500.42200000000594,87540.726,-257.0300000000134,88759.4815,-44.376000000018394,87365.95779999999,110.06879999997909,90060.69729999999,-102.50660000002244,93526.0788,-40.414300000004005,0.014441354275851049,0.014645681246464223,0.020485287185459524,92810.64,84667.03,0.15826519197260253,28.230796798471005,-424.18215631326893,40.05690327585367,-464.2390595891226,88759.4815,92452.3742819993,85066.58871800068,0.12040578138825145,7019.168637,0.2529261970772052,-4.969033880402469,241.25999999999476,252.86999999999534,193.1600000000035,687.2899999999936,0.35103086033551634,0.4459627241587534,0.5540372758412466,221.24542443937645,8,5,3,1,False,False,1,-1,high_vol,sideways_volatile
2025-03-08 12:00:00,85955.89,86627.51,85808.82,86400.0,2447.16492,1741449599999,211224762.6439363,444631.0,1310.87652,113164995.8265929,0,0.0051668367539252635,0.005153534453771883,86254.778,-284.0199999999895,87187.537,-353.1889999999985,88698.507,-60.974499999996624,87509.866,143.9082000000053,89958.2536,-102.4436999999889,93481.41375,-44.66504999999597,0.013245738088754141,0.01454294071916424,0.020342535300849847,92810.64,84667.03,0.21280120241514525,31.207296909572847,-481.0965538543678,-64.17378815019063,-416.9227657041772,88698.507,92509.05015116259,84887.9638488374,0.19840165708414495,6760.42218,0.3619840381033719,12.644101651572578,444.1100000000006,227.50999999999476,147.06999999999243,818.6899999999878,0.5424641805811812,0.5356715067654696,0.46432849323453035,181.69229068550067,12,5,3,1,False,False,1,-1,high_vol,sideways_volatile
2025-03-08 16:00:00,86400.0,86500.0,85661.76,86233.52,2221.39349,1741463999999,191143837.1248245,459859.0,1048.08862,90203070.1764291,0,-0.0019268518518518185,-0.0019287106189776885,86141.132,-113.64600000000792,87111.764,-75.77300000000105,88519.47,-179.03699999999662,87624.2688,114.40280000001076,89850.0363,-108.21729999998934,93437.0419,-44.371850000010454,0.008563788446720405,0.013230697120787602,0.02023968206373353,92810.64,84667.03,0.19235818021737353,30.799183403884882,-533.4854800890607,-158.03612653796466,-375.44935355109607,88519.47,92444.05665509534,84594.88334490467,0.20876550820554288,5113.227988000001,0.4344405325194351,-4.280296159898074,166.47999999999593,100.0,571.7600000000093,838.2400000000052,0.19860660431379423,0.4718158330427087,0.5281841669572913,207.01375153485301,16,5,3,1,False,False,1,-1,high_vol,sideways_volatile
2025-03-08 20:00:00,86233.52,86500.0,85852.12,86222.45,1143.97238,1741478399999,98628780.5556335,220221.0,647.88582,55869409.8329658,0,-0.00012837235450913198,-0.00012838059494507008,86201.798,60.66599999999744,86897.49100000001,-214.2729999999865,88413.37999999999,-106.09000000001106,87668.6168,44.34799999999814,89743.5816,-106.45470000000205,93373.94415,-63.097750000000815,0.006311062629242819,0.012790213431115098,0.01932047206698834,92810.64,84667.03,0.190998832213232,32.045643386831784,-569.3344054286135,-240.29578231609446,-329.0386231125191,88413.37999999999,92470.38963332988,84356.3703666701,0.22998215458984064,4832.551772,0.23672221922757705,-0.14685442791401543,11.070000000006985,266.4799999999959,370.33000000000175,647.8800000000047,0.01708649749954761,0.5663474322693001,0.43365256773069993,192.5055218553441,20,5,3,1,False,False,1,-1,high_vol,sideways_volatile
2025-03-09 00:00:00,86222.46,86500.0,85939.85,86115.71,1223.4792,1741492799999,105493574.8637401,313507.0,614.54754,53001801.5173475,0,-0.0012379606471398796,-0.0012387275534203486,86185.512,-16.285999999992782,86612.366,-285.12500000001455,88231.66549999999,-181.71450000000186,87701.93119999999,33.31439999998838,89632.6595,-110.92210000001069,93295.12269999999,-78.8214500000031,0.005456580153397889,0.012145712473926524,0.01931085563822123,92810.64,84667.03,0.17789162300257594,38.64869523121545,-599.4479007182526,-312.1262059965261,-287.32169472172654,88231.66549999999,92361.50901042175,84101.82198957822,0.24382134641902112,4618.012092999999,0.2649363352370936,-1.5146191021941822,106.75,277.5399999999936,175.86000000000058,560.1499999999942,0.19057395340533984,0.5022950451466605,0.49770495485333954,256.2421984779145,0,6,3,1,False,False,1,-1,high_vol,sideways_volatile
2025-03-09 04:00:00,86115.71,86158.83,85809.48,86004.61,1375.32537,1741507199999,118272719.4737674,276044.0,561.15842,48258392.3372393,0,-0.0012901246474076311,-0.0012909575746742916,86195.258,9.745999999999185,86367.028,-245.33799999998882,88001.5955,-230.06999999999243,87735.02459999999,33.09339999999793,89523.66790000001,-108.99159999997937,93218.50314999999,-76.61955000000307,0.005412329847477528,0.011842166516499443,0.01931105697155167,92810.64,84667.03,0.16424902469543626,28.93763582030641,-625.0724579882954,-374.71545639487994,-250.35700159341542,88001.5955,92086.94172755197,83916.24927244803,0.2555916452647108,3522.208806,0.3904724125546349,-1.7743411580420199,111.10000000000582,43.11999999999534,195.13000000000466,349.3500000000058,0.3180191784743208,0.40801866397621966,0.5919813360237803,200.71177775190753,4,6,3,1,False,False,1,-1,high_vol,sideways_volatile
2025-03-16 00:00:00,84338.44,84393.72,83733.86,84332.34,1213.99013,1742097599999,102058547.5041089,217659.0,532.9686,44815495.9574601,0,-7.232763612896598e-05,-7.233025189856903e-05,84284.104,101.0060000000085,84300.16,107.91899999999441,83303.569,70.82050000000163,83204.43400000001,-69.75519999998505,85184.21539999999,-23.662600000025122,90177.9482,-65.21830000000773,0.007172992857110104,0.009267896635062195,0.012209384164121909,85309.71,79939.9,0.8179879735037165,79.27910261547666,395.8373433157394,209.85337883609753,185.98396447964188,83303.569,85965.78485954004,80641.35314045996,0.6932170519369037,3128.860904,0.38799747487911973,-0.0878050363867961,6.100000000005821,55.279999999998836,598.4799999999959,659.8600000000006,0.009244385172621186,0.43902218546043703,0.560977814539563,179.2922319722649,0,6,3,1,False,False,1,-1,high_vol,sideways_volatile
2025-03-16 04:00:00,84332.35,84418.0,83972.57,84273.96,964.71247,1742111999999,81323716.8446531,142699.0,531.68269,44826651.6308808,0,-0.0006922611183324268,-0.0006925008417009002,84318.148,34.04399999999441,84255.09800000001,-45.0619999999908,83333.261,29.69199999999546,83153.8782,-50.55580000000191,85171.9466,-12.268799999990733,90112.1639,-65.78429999999935,0.004289819133654619,0.009061813203450286,0.012108425670105446,85309.71,79939.9,0.8071160804572233,75.50481802000849,397.0849566066172,247.2996943902015,149.7852622164157,83333.261,86026.2285993609,80640.2934006391,0.6746584326196975,2083.6448609999998,0.4629927527750614,-0.6678329333514378,58.38999999999942,85.64999999999418,301.3899999999994,445.429999999993,0.1310868149877654,0.5511307322481277,0.44886926775187225,147.91868503575992,4,6,3,1,False,False,1,-1,high_vol,sideways_volatile
2025-03-16 08:00:00,84273.95,84335.43,82381.46,82410.02,2982.64569,1742126399999,248389598.8822027,411330.0,1165.72918,97112019.5948412,0,-0.022117626844638583,-0.022365889027957317,83930.948,-387.1999999999971,84040.7,-214.3980000000156,83274.905,-58.35599999999977,83083.6962,-70.1820000000007,85154.907,-17.03959999998915,90036.1775,-75.98639999999432,0.008091402944136404,0.010368170814232113,0.012416768623129031,85309.71,79939.9,0.46000137807483027,53.57888795969398,244.84687634609872,246.80913078138096,-1.962254435282233,83274.905,85996.0557765323,80553.7542234677,0.3410810221434771,1915.655881,1.5569840698335735,-65.96904438118956,1863.929999999993,61.479999999995925,28.55999999999767,1953.9699999999866,0.9539194562864352,0.3908372972050864,0.6091627027949136,137.90776470000364,8,6,3,1,False,False,1,-1,high_vol,sideways_volatile
2025-03-16 12:00:00,82410.01,83508.95,82400.0,83320.83,3782.45365,1742140799999,313522063.5871721,577426.0,1973.71361,163630244.0755852,0,0.011052175451480295,0.010991546472753124,83735.118,-195.83000000000175,83974.463,-66.23699999999371,83283.34700000001,8.442000000010012,83026.17,-57.52620000000752,85141.0295,-13.877500000002328,89961.43680000001,-74.74069999999483,0.00897150929191389,0.01062956080454512,0.012516871123969727,85309.71,79939.9,0.6296181801590746,57.26821572945076,195.4389573232329,236.53509608975136,-41.096138766518465,83283.34700000001,86003.9397379342,80562.75426206582,0.5068887561665063,2026.853514,1.866170211055519,41.80434137689204,910.820000000007,188.11999999999534,10.009999999994761,1108.949999999997,0.821335497542729,0.5218077450863146,0.47819225491368544,152.65910793117055,12,6,3,1,False,False,1,-1,high_vol,sideways_volatile
2025-03-16 16:00:00,83320.83,85117.04,82562.36,83098.47,5881.93983,1742155199999,493873226.2606862,895481.0,2968.06896,249433308.1627599,0,-0.002668720414811032,-0.0026722877974486824,83487.124,-247.99400000000605,83835.111,-139.35199999999895,83289.47750000001,6.1304999999993015,82969.0218,-57.148199999995995,85167.48979999998,26.460299999976996,89886.17155,-75.26525000001129,0.008653953627922354,0.010636469066481203,0.012516418069612288,85309.71,79939.9,0.5882088937969872,48.90314675198698,136.76370501390193,216.5808178745815,-79.81711286067957,83289.47750000001,86007.70438361874,80571.25061638128,0.464865423642319,2434.939559,2.4156409994897947,-15.697252903011133,222.36000000000058,1796.2099999999919,536.1100000000006,2554.679999999993,0.08704025553102587,0.5046071612058636,0.4953928387941364,152.24246182062694,16,6,3,1,False,False,1,-1,high_vol,sideways_volatile
2025-03-16 20:00:00,83098.47,83453.01,81981.12,82574.53,2770.38354,1742169599999,228889403.2178996,523352.0,1333.79013,110219745.6542208,0,-0.006305049900437454,-0.0063250106742438325,83135.562,-351.5619999999908,83709.83300000001,-125.27799999999115,83365.96800000001,76.49049999999988,82892.5124,-76.50939999999537,85201.1892,33.69940000001225,89814.00655,-72.1649999999936,0.008542220186879607,0.009259186568960376,0.012513720563808029,85309.71,79939.9,0.4906374713444235,32.38700502491166,47.43872152353288,182.7523986043718,-135.31367708083891,83365.96800000001,85897.94436010317,80833.99163989685,0.3437114160165848,2533.226299,1.0936186558199,-17.46740646305056,523.9400000000023,354.5399999999936,593.4100000000035,1471.8899999999994,0.3559641005781699,0.4814460202864186,0.5185539797135814,188.90958325575383,20,6,3,1,False,False,1,-1,high_vol,sideways_volatile
2025-03-17 00:00:00,82574.52,83725.39,82523.0,83675.65,2140.41723,1742183999999,178068310.0116176,395974.0,1123.43267,93470143.3941328,0,0.013334862456982677,0.013246735752483418,83015.9,-119.66200000001118,83667.024,-42.80900000000838,83539.1805,173.21249999999418,82841.355,-51.157400000010966,85232.81190000002,31.622700000021723,89757.1807,-56.82585000000836,0.00967893017860439,0.009253769257988868,0.012671507815656912,85309.71,80189.89,0.6808364356559391,43.75651288787667,64.75278036698,159.15247495689343,-94.39969458991342,83539.1805,85590.94983349834,81487.41116650167,0.5332565405311198,2492.098475,0.8588814813989243,28.542169362605854,1101.12999999999,49.74000000000524,51.520000000004075,1202.3899999999994,0.9157843960778039,0.5248662056415981,0.47513379435840186,184.9985107810032,0,0,3,1,False,False,1,-1,high_vol,sideways_volatile
2025-03-17 04:00:00,83675.64,83869.77,82682.62,83567.87,2436.57299,1742198399999,203079924.3168539,376283.0,1087.57576,90664359.3593302,0,-0.0012880688706929933,-0.0012888991444439143,83247.47,231.57000000000698,83589.209,-77.81500000000233,83661.785,122.60450000000128,82788.2634,-53.091599999999744,85228.44009999999,-4.371800000022631,89696.12905000002,-61.05164999997942,0.009608200510059743,0.009025854028766272,0.012671832493255632,85309.71,80818.84,0.6121375145573114,46.83972723025486,68.98216800368391,141.11841356625152,-72.13624556256761,83661.785,85367.72900324923,81955.84099675078,0.4724741844336236,2456.165688,0.9920230552459375,-3.13847381959035,107.77000000000407,194.13000000000466,885.25,1187.1500000000087,0.09078044055090198,0.4463546811294169,0.5536453188705831,154.43124484442387,4,0,3,1,False,False,1,-1,high_vol,sideways_volatile
2025-03-17 08:00:00,83567.88,83783.02,83220.11,83514.73,1904.26795,1742212799999,159044276.8986496,315481.0,955.50743,79822180.4712509,0,-0.0006358903248341319,-0.000636092588836434,83286.25,38.779999999998836,83510.68400000001,-78.52499999999418,83743.08300000001,81.29800000000978,82736.2438,-52.01959999999963,85219.0875,-9.352599999998347,89637.20635,-58.92270000002463,0.009607889893617024,0.008835830403673018,0.012671447574287188,85309.71,81780.08,0.49145377844136406,42.00992239340944,67.27058090417995,126.34884703383722,-59.078266129657266,83743.08300000001,85234.78066672066,82251.38533327937,0.4234586856658329,2478.423415,0.7683384277581157,-1.2109055652967264,53.15000000000873,215.13999999999942,294.61999999999534,562.9100000000035,0.09442006715106926,0.5017715232774883,0.49822847672251164,165.67048770631254,8,0,3,1,False,False,1,-1,high_vol,sideways_volatile
2025-03-17 12:00:00,83514.73,84000.0,82456.0,83531.06,5473.06801,1742227199999,455294083.8281946,1026228.0,2775.47425,230933990.3108863,0,0.00019553436860775264,0.00019551525425473394,83372.768,86.51799999999639,83429.946,-80.73800000001211,83811.09349999999,68.01049999997485,82686.7728,-49.470999999990454,85210.89869999999,-8.188800000003539,89574.51375,-62.692599999994854,0.009604173171338808,0.008818769723097334,0.012671380072709437,85309.71,81981.12,0.46564461228327825,47.29061606589222,66.46565561648458,114.3722087503667,-47.90655313388211,83811.09349999999,85112.91794821095,82509.26905178903,0.3924457516584404,2955.045149,1.852109776343725,1.0701728976826392,16.330000000001746,468.9400000000023,1058.729999999996,1544.0,0.010576424870467453,0.5071148841799246,0.49288511582007544,187.50506993973934,12,0,3,1,False,False,1,-1,high_vol,sideways_volatile
2025-03-17 16:00:00,83531.07,84756.83,83103.6,84482.55,3834.07195,1742241599999,322329396.0882853,619947.0,1805.73205,151803909.0246453,0,0.01139085269599116,0.01132646542271919,83754.372,381.60400000000664,83444.967,15.021000000007916,83872.5635,61.470000000015716,82675.9436,-10.829200000007404,85202.4158,-8.482899999988149,89516.45325,-58.06049999999232,0.010370113858480075,0.008696061550827451,0.012681319600832885,85309.71,81981.12,0.7514983821978674,53.083682151422025,140.97990895957628,119.69374879220862,21.286160167367655,83872.5635,85179.55115028666,82565.57584971335,0.7333558774890545,3217.053331,1.1917962046368078,43.67334880828159,951.4799999999959,274.27999999999884,427.47000000000116,1653.229999999996,0.5755279059779935,0.4709697870954143,0.5290302129045856,161.69414869744423,16,0,3,1,False,False,1,-1,high_vol,sideways_volatile
2025-03-19 08:00:00,83190.0,84119.09,83178.74,83881.4,3556.56382,1742385599999,297377789.3715468,408203.0,1651.29856,138144755.1361608,0,0.008311095083543663,0.00827674810889053,83028.162,454.23799999999756,82965.356,-60.11500000000524,83205.1615,-22.547000000005937,83036.48,87.18219999999565,84850.1089,-96.40600000000268,88835.9767,-66.24290000001201,0.007493099495212913,0.008817922828175511,0.009708064825108987,85117.04,81134.66,0.6897232308318135,51.63172178172124,-82.29090457223356,-96.51386358380877,14.222959011575213,83205.1615,84618.20712851881,81792.11587148119,0.7392840281841576,2723.4279739999997,1.3059144041824402,29.558940078711267,691.3999999999942,237.69000000000233,11.259999999994761,940.3499999999913,0.7352581485617063,0.4642960575356694,0.5357039424643306,114.77454662967358,8,2,3,1,False,False,1,-1,high_vol,sideways_volatile
2025-03-19 12:00:00,83881.4,84888.0,83510.21,84733.05,5832.94768,1742399999999,490724112.6649504,854790.0,2958.51623,249009388.8614941,0,0.010153025581356667,0.010101829853205782,83511.32999999999,483.16799999999057,83037.658,72.30199999999604,83228.11600000001,22.9545000000071,83122.64199999999,86.16199999999662,84754.73939999999,-95.36950000001525,88774.9215,-61.055200000002515,0.007986166750127472,0.009116478233179386,0.009683731703606016,85117.04,81134.66,0.9035777600329472,58.26537619031413,51.175180116682895,-66.97605484371044,118.15123496039334,83228.11600000001,84726.59874898217,81729.63325101785,1.0021525943565963,3164.088197,1.8434845417806158,59.22206700975502,851.6500000000087,154.9499999999971,371.1899999999878,1377.7899999999936,0.6181275811263057,0.5072077433754729,0.4927922566245271,146.54511696220118,12,2,3,1,False,False,1,-1,high_vol,sideways_volatile
2025-04-04 08:00:00,83992.85,84720.0,81659.0,82680.45,9682.53553,1743767999999,805982048.3504338,1146990.0,3966.42224,330578592.4075257,0,-0.015625139520804576,-0.015748498703569733,82942.722,128.2280000000028,82930.594,-421.95700000000943,83964.6945,-14.119500000000698,83928.9374,-99.7945999999938,84749.1459,3.632400000002235,84901.95090000001,-15.963099999979022,0.019195797314112625,0.015594279209601726,0.01120568371543169,88500.0,81211.24,0.20157200950504514,43.08072774215324,-283.1478439869534,-175.67764839346398,-107.4701955934894,83964.6945,86724.59736668691,81204.79163331309,0.2673388227713872,5864.6205979999995,1.6510080009782757,-151.29096857139749,1312.4000000000087,727.1499999999942,1021.4499999999971,3061.0,0.42874877491016294,0.40964706276683294,0.5903529372331671,118.45967375448403,8,4,4,2,False,False,1,-1,high_vol,sideways_volatile
2025-04-04 12:00:00,82680.44,83716.0,81849.05,82860.0,10092.60459,1743782399999,836229362.350304,1705357.0,5018.7151,415867283.429103,0,0.0021716137248890544,0.002169259179962545,83112.982,170.2600000000093,82964.965,34.370999999999185,83935.41949999999,-29.27500000000873,83838.1376,-90.79979999999341,84750.5956,1.4496999999973923,84885.08880000001,-16.862099999998463,0.010562423120430951,0.01554326137895903,0.011211435669689185,88500.0,81211.24,0.2262058292494191,44.22683535793821,-299.1032721458614,-200.36277314394349,-98.74049900191793,83935.41949999999,86730.70499361416,81140.13400638582,0.30763691178293123,5324.654616,1.8954477459763939,21.917238647522268,179.55999999999767,856.0,831.3899999999994,1866.949999999997,0.09617825865716702,0.4972665931025046,0.5027334068974955,168.9709514320723,12,4,4,2,False,False,1,-1,high_vol,sideways_volatile
2025-04-04 16:00:00,82860.0,84620.01,82736.0,84009.99,5374.18478,1743796799999,450475785.2117995,1067567.0,2768.40285,232101732.4074751,0,0.013878711078928463,0.013783283694044692,83272.362,159.3799999999901,83017.56700000001,52.602000000013504,83939.40400000001,3.984500000020489,83779.467,-58.67059999999765,84760.32380000001,9.728200000012293,84874.6093,-10.479500000015832,0.010835681582282061,0.015810848267946893,0.011388783756980906,88500.0,81211.24,0.3839816374801752,48.08947088923378,-216.45828540829825,-203.58187559681446,-12.876409811483796,83939.40400000001,86734.88594627395,81143.92205372607,0.5126250144620106,5297.616016,1.0144534378801229,74.58675784639472,1149.9900000000052,610.0199999999895,124.0,1884.0099999999948,0.6103948492842439,0.5151298221643954,0.48487017783560465,198.6472448757149,16,4,4,2,False,False,1,-1,high_vol,sideways_volatile
2025-04-04 20:00:00,84010.0,84450.0,83492.95,83889.87,1632.65017,1743811199999,137159164.0423856,246660.0,719.14712,60429104.4952728,0,-0.0014298299523665126,-0.001430853134646936,83486.632,214.27000000000407,83060.879,43.3119999999908,83869.854,-69.55000000000291,83717.783,-61.68400000000838,84767.3225,6.998699999981909,84856.91870000001,-17.69059999998717,0.010852689284024964,0.015361125330379503,0.011388463007163025,88500.0,81211.24,0.36750146801376254,38.532818100537604,-158.823400808702,-194.63018063919196,35.80677983048997,83869.854,86593.09105482753,81146.61694517249,0.5036750381250332,5217.763029,0.31290232249449285,-2.3344121148022783,120.13000000000466,440.0,396.91999999999825,957.0500000000029,0.1255211326472016,0.44047839103217074,0.5595216089678293,151.07951754294064,20,4,4,2,False,False,1,-1,high_vol,sideways_volatile
2025-04-05 00:00:00,83889.87,84266.0,83395.46,83624.01,1705.75257,1743825599999,143020099.6374812,239305.0,723.95406,60712599.2577725,0,-0.003169154988558187,-0.0031741873953597295,83412.864,-73.76799999999639,83113.679,52.80000000000291,83802.454,-67.40000000000873,83649.055,-68.7280000000028,84764.7486,-2.573899999988498,84807.42875,-49.489950000002864,0.010800915871148443,0.015356940518974835,0.011391364399904232,88500.0,81211.24,0.33102612790104097,37.02867224849125,-133.06611628412793,-182.31736776817917,49.25125148405124,83802.454,86477.12787067468,81127.78012932531,0.4666419143738465,5067.4582900000005,0.33660909915451914,-5.405794266461449,265.8600000000006,376.13000000000466,228.54999999998836,870.5399999999936,0.305396650354955,0.42441915242138545,0.5755808475786145,140.29291481589266,0,5,4,2,False,False,1,-1,high_vol,sideways_volatile
2025-04-05 04:00:00,83624.01,83868.0,83297.66,83525.34,1280.95023,1743839999999,107089780.4424178,219611.0,479.73648,40113419.1687935,0,-0.0011799242825116796,-0.001180620941224849,83581.84199999999,168.97799999998824,83262.282,148.6030000000028,83720.804,-81.64999999999418,83574.9216,-74.13339999999152,84752.6715,-12.077100000009523,84753.70545,-53.72330000001239,0.009777974192697976,0.015342181540541566,0.011384769935468404,88500.0,81211.24,0.31748884583934617,56.047408373417646,-119.24059574454441,-169.70201336345224,50.46141761890783,83720.804,86319.83063430723,81121.77736569277,0.4623966916268043,4313.247442999999,0.2969804647027296,-1.5114242810659209,98.66999999999825,243.99000000000524,227.67999999999302,570.3399999999965,0.17300206894133124,0.3745160965387391,0.6254839034612609,171.4438194839155,4,5,4,2,False,False,1,-1,high_vol,sideways_volatile
2025-04-05 08:00:00,83525.33,83894.7,83359.64,83452.69,1233.29028,1743854399999,103126340.9635911,213123.0,577.98141,48344087.5485411,0,-0.0008697959206152017,-0.0008701744125767194,83700.38,118.53800000001502,83406.681,144.39899999999034,83665.9385,-54.865499999999884,83508.2322,-66.68940000000293,84732.86460000002,-19.806899999981397,84707.41900000001,-46.28644999998505,0.009791715227472053,0.015270786817461149,0.011367900270528596,88500.0,81211.24,0.3075214439767531,49.79000510217783,-112.84520961530507,-158.3306526138228,45.485442998517726,83665.9385,86237.4454109277,81094.43158907231,0.45853627709616573,4022.8291,0.3065728742988361,-1.0727108544783799,72.63999999999942,369.36999999999534,93.05000000000291,535.0599999999977,0.1357604754606955,0.46864993535828403,0.531350064641716,172.8084648490054,8,5,4,2,False,False,1,-1,high_vol,sideways_volatile
2025-04-05 12:00:00,83452.69,83550.68,82379.95,82618.26,2576.97263,1743868799999,213507774.3865629,398946.0,1076.93803,89220857.8666226,0,-0.00999883886307329,-0.01004916298860671,83422.034,-278.346000000005,83347.198,-59.4829999999929,83575.535,-90.40350000000035,83456.3376,-51.89459999999963,84690.58780000001,-42.276800000006915,84658.6924,-48.72660000000906,0.00927741285254054,0.015416515910221284,0.011169922014271732,88500.0,81211.24,0.19303969399458762,44.92132656411074,-173.1128106865217,-161.28708422836257,-11.825726458159124,83575.535,86161.57265863215,80989.49734136785,0.31491472160031375,3971.2505470000006,0.6489070884602638,-25.766734081920188,834.4300000000076,97.98999999999069,238.30999999999767,1170.729999999996,0.7127433310840334,0.417908214259924,0.5820917857400759,154.81188870834066,12,5,4,2,False,False,1,-1,high_vol,sideways_volatile
2025-04-05 16:00:00,82618.25,83146.0,82607.05,82860.0,974.18344,1743883199999,80754537.728963,220621.0,467.37688,38742712.3938156,0,0.0029259875480311948,0.00292171517837028,83216.06,-205.97400000000198,83351.34599999999,4.147999999986496,83490.1895,-85.34550000001036,83408.4324,-47.90519999999378,84660.2776,-30.31020000000717,84609.29245000001,-49.399949999991804,0.00922096812209294,0.015430418614962266,0.011179876240087042,88500.0,81211.24,0.2262058292494191,48.54959617797917,-199.07411852650694,-168.84449108799146,-30.22962743851548,83490.1895,86051.00947659662,80929.36952340337,0.3769555248398356,3764.499007000001,0.25878169663175044,2.8504486149381947,241.75,286.0,11.19999999999709,538.9499999999971,0.44855738009091994,0.4797627025973671,0.5202372974026329,226.4676147646279,16,5,4,2,False,False,1,-1,high_vol,sideways_volatile
2025-04-12 08:00:00,83724.92,84031.87,83305.91,83528.3,2026.01827,1744459199999,169425619.2240653,269603.0,945.17285,79044551.6795621,0,-0.0023484047521334928,-0.0023511665793461037,83501.694,201.3119999999908,82387.693,387.8960000000079,81183.286,422.74849999998696,80839.1548,14.19560000000638,82463.1066,-30.38890000000538,83261.6152,7.404049999997369,0.008029358204361679,0.02049556124920705,0.017236437376053886,84300.0,75000.0,0.9170215053763444,58.261919483633626,958.8891342134448,581.3653303196456,377.52380389379914,81183.286,85710.8083043197,76655.76369568029,0.7589732134243309,4284.136386,0.4729117113593218,-4.7579109331772775,196.61999999999534,306.9499999999971,222.38999999999942,725.9599999999919,0.2708413686704468,0.4665174366862941,0.533482563313706,133.07036959740742,8,5,4,2,False,False,1,-1,high_vol,sideways_volatile
2025-04-12 12:00:00,83528.3,85402.9,83474.94,85008.4,7502.18643,1744473599999,634298965.4438289,812066.0,4225.88093,357395847.1830973,0,0.017719742889535484,0.01756457854564632,83731.718,230.02399999999034,82927.803,540.1100000000006,81549.0,365.7140000000072,80859.4658,20.311000000001513,82444.0989,-19.007700000001932,83275.06335,13.44814999999653,0.008728252650904104,0.019537425698637947,0.017301699512565067,85402.9,75756.86,0.9591023881302586,64.32629764496575,1102.2701672174007,685.5462976991967,416.7238695182041,81549.0,86071.45763805599,77026.54236194401,0.8824690330860725,4828.046527,1.5538761666950272,132.9368146489621,1480.0999999999913,394.5,53.36000000000058,1927.9599999999919,0.7677026494325595,0.5632865791099783,0.43671342089002174,108.2439109687654,12,5,4,2,False,False,1,-1,high_vol,sideways_volatile
2025-04-12 16:00:00,85008.4,85258.29,84421.95,84943.4,2205.95168,1744487999999,187235453.8998246,399935.0,993.68304,84348797.9601361,0,-0.0007646303188861836,-0.0007649227977501055,84035.63,303.9120000000112,83337.844,410.04099999999744,81984.66949999999,435.66949999998906,80904.7248,45.25899999999092,82416.83110000001,-27.26779999998689,83281.87035,6.8070000000006985,0.008395767848494334,0.01879550430209189,0.017148001855475072,85402.9,76010.21,0.9510789773749585,63.09514134192491,1196.8590658134635,787.80885132205,409.0502144914135,81984.66949999999,86000.01108325012,77969.32791674985,0.8684282443543847,4587.035266,0.48091011995284716,-1.6867375365259125,65.0,249.88999999999942,521.4499999999971,836.3399999999965,0.07771958772747958,0.45045548776480904,0.549544512235191,181.29816877947206,16,5,4,2,False,False,1,-1,high_vol,sideways_volatile
2025-04-12 20:00:00,84943.39,85905.0,84877.61,85276.9,2419.76539,1744502399999,206733878.0749715,425852.0,1271.26461,108646900.309431,0,0.003926143761610712,0.00391845657329396,84496.384,460.7540000000008,83738.858,401.0139999999956,82385.6145,400.945000000007,80953.0628,48.338000000003376,82395.6002,-21.23090000000957,83308.0356,26.16525000000547,0.008401714230986382,0.018705518352658625,0.017152904428083936,85905.0,77136.0,0.9283726764739416,86.63886116580812,1283.9317462996987,887.0334303175798,396.8983159821189,82385.6145,85994.56061780346,78776.66838219653,0.9005719960374104,4455.075355,0.5431480271785437,9.500346790510012,333.50999999999476,628.1000000000058,65.77999999999884,1027.3899999999994,0.32461869397209914,0.5253668869112967,0.4746331130887032,175.98896230183703,20,5,4,2,False,False,1,-1,high_vol,sideways_volatile
2025-04-13 00:00:00,85276.91,86100.0,84724.91,85432.31,6091.99475,1744516799999,520126386.0055844,568756.0,3748.37073,320110730.7680139,0,0.0018224161525570715,0.0018207575670235018,84837.862,341.47799999998824,84069.122,330.2640000000101,82540.626,155.0115000000078,80981.5092,28.44640000000072,82380.4881,-15.112099999998463,83339.89295000001,31.85735000000568,0.008189623635762068,0.012111317586270801,0.017048549010634278,86100.0,78464.36,0.9125561184131254,85.43230330159966,1349.9167609678261,979.6100964476291,370.30666452019705,82540.626,86397.68388093317,78683.56811906684,0.8748561843334834,4296.99702,1.4177330637292367,11.102149633692878,155.39999999999418,667.6900000000023,552.0,1375.0899999999965,0.11301078474863069,0.6152944780525296,0.3847055219474705,93.36120980734594,0,6,4,2,False,False,1,-1,high_vol,sideways_volatile
2025-04-13 04:00:00,85432.31,85436.68,84399.42,84413.1,5329.09879,1744531199999,451254056.0572962,423436.0,1538.44022,130290434.5372949,0,-0.011930029751039073,-0.012001763651851996,85014.822,176.9600000000064,84258.258,189.1359999999986,82630.52,89.89400000000023,80991.97379999999,10.46459999999206,82354.8784,-25.609700000000885,83368.97915,29.08619999999064,0.009593026142817391,0.012491499764902575,0.017136959419499383,86100.0,78464.36,0.7790754933443701,76.29637898128217,1304.9262538164476,1044.6733279213927,260.2529258950549,82630.52,86577.65032604555,78683.38967395446,0.7258070867634474,3971.835845,1.3417218127754724,-63.57630711092632,1019.2099999999919,4.369999999995343,13.680000000007567,1037.2599999999948,0.9825983842045359,0.2886867518550918,0.7113132481449082,79.45733728835603,4,6,4,2,False,False,1,-1,high_vol,sideways_volatile
2025-04-13 08:00:00,84413.1,84949.86,84216.15,84528.66,2109.38782,1744545599999,178398297.3045216,328049.0,1127.25397,95351797.3114477,0,0.0013689818286497513,0.0013680456273571326,84918.874,-95.94800000000396,84325.296,67.03800000000047,82768.193,137.67299999999523,81010.0668,18.093000000008033,82329.5609,-25.317500000004657,83394.011,25.031849999999395,0.00826172975114209,0.01220433090638074,0.017130404986473148,86100.0,78464.36,0.7942097846414974,72.98478478053998,1264.0247880560637,1088.543619948327,175.48116810773672,82768.193,86781.23793029957,78755.14806970043,0.7193430463122907,3485.3673429999994,0.6052124819028007,2.887713595155112,115.55999999999767,421.1999999999971,196.95000000001164,733.7100000000064,0.1575009199820047,0.5343986341971009,0.4656013658028991,155.51858074159165,8,6,4,2,False,False,1,-1,high_vol,sideways_volatile
2025-04-13 12:00:00,84528.66,84700.0,83480.67,83849.66,3752.76,1744559999999,315398474.0363798,542117.0,1698.09937,142761372.4608471,0,-0.008032778468273327,-0.00806521505394936,84700.126,-218.74799999999232,84367.878,42.58199999999488,82880.8855,112.69250000000466,81016.5532,6.486399999994319,82295.7374,-33.8234999999986,83411.13455,17.12355000000389,0.00853682810262991,0.012371796427902244,0.0171703272446271,86100.0,78464.36,0.7052846912636012,65.61068360881254,1163.4093970693502,1103.5167753725316,59.89262169681865,82880.8855,86881.8751839378,78879.89581606221,0.6210668580188049,3575.398573,1.049606057444718,-30.145089724597412,679.0,171.3399999999965,368.99000000000524,1219.3300000000017,0.5568631953613862,0.45249346347754715,0.5475065365224528,144.45821208923564,12,6,4,2,False,False,1,-1,high_vol,sideways_volatile
2025-04-13 16:00:00,83849.66,84990.22,83050.0,83981.31,4094.28687,1744574399999,344996896.4479367,663013.0,1978.40247,166764416.2338742,0,0.0015700719597431245,0.0015688406853881479,84441.008,-259.1180000000022,84468.696,100.8179999999993,82985.8505,104.96499999999651,81027.1256,10.572400000004563,82267.6789,-28.058499999999185,83422.43939999999,11.30484999998589,0.008278176461723566,0.012362310759804545,0.017170631559367325,86100.0,78464.36,0.7225262060547639,62.27617481701501,1081.8234423410904,1099.1781087662434,-17.354666425153027,82985.8505,86986.65151014885,78985.04948985115,0.6244075245775548,3775.101474,1.0845501500286294,6.428325009731443,131.64999999999418,1008.9100000000035,799.6600000000035,1940.2200000000012,0.06785313005741313,0.4832105157301789,0.5167894842698211,161.9361371227024,16,6,4,2,False,False,1,-1,high_vol,sideways_volatile
2025-05-08 00:00:00,97030.5,99222.22,96876.29,99152.79,6410.02899,1746676799999,629851776.3281448,835279.0,3835.98873,376920877.0604628,0,0.021872400946094217,0.021636631683580463,97266.928,431.5939999999973,96619.283,534.0249999999942,95441.0355,178.4360000000015,95658.4832,77.0399999999936,94463.7482,121.80869999999413,88664.4957,75.71400000000722,0.009494345367259835,0.008816507906031085,0.007093594733039944,99222.22,93377.0,0.9881219184222308,76.58863912501738,616.025371829528,243.95042429760292,372.0749475319251,95441.0355,98452.99799302261,92429.07300697739,1.116168778429096,3361.3969850000003,1.9069538702522515,140.20272414536734,2122.2899999999936,69.43000000000757,154.2100000000064,2345.9300000000076,0.9046689372658122,0.5984354729103963,0.40156452708960366,130.30814701510423,0,3,5,2,False,False,-1,1,high_vol,sideways_volatile
