timestamp,open,high,low,close,volume,close_time,quote_asset_volume,number_of_trades,taker_buy_base,taker_buy_quote,ignore,returns,log_returns,ma_5,ma_5_slope,ma_10,ma_10_slope,ma_20,ma_20_slope,ma_50,ma_50_slope,ma_100,ma_100_slope,ma_200,ma_200_slope,volatility_10,volatility_20,volatility_50,high_20,low_20,price_position,rsi,macd,macd_signal,macd_histogram,bb_middle,bb_upper,bb_lower,bb_position,volume_ma_10,volume_ratio,volume_price_trend,body_size,upper_wick,lower_wick,total_range,body_ratio,buy_pressure,sell_pressure,trade_intensity,hour,day_of_week,month,quarter,gap_up,gap_down,trend_short,trend_long,vol_regime,market_regime
2024-08-27 00:00:00,62834.0,63212.0,62657.0,62970.0,3568.52133,1724731199999,224588044.1772812,293254.0,1747.09536,109966871.6587578,0,0.0021644332686125978,0.0021620942574065113,63307.704000000005,-131.40200000000186,63682.009,-90.39100000000326,63854.80700000001,-32.941999999988184,61593.52119999999,65.23239999998623,60526.99480000001,20.491200000004028,61564.802350000005,-13.409999999996217,0.004415844705485514,0.004406919187489923,0.010689045324578216,65000.0,62657.0,0.13358941527955612,26.854995783676415,431.2249836694973,706.8445924132475,-275.6196087437502,63854.80700000001,64672.136850778086,63037.47714922193,-0.04127901920974323,2934.668504,1.215987879086189,7.723826286405675,136.0,242.0,177.0,555.0,0.24504504504504504,0.48958523669522247,0.5104147633047775,82.1780151724636,0,1,8,3,False,False,1,1,low_vol,bull_stable
2024-08-27 04:00:00,62970.0,63200.0,62701.06,62902.31,3113.00318,1724745599999,195972219.1380322,233873.0,1344.86288,84662877.8719226,0,-0.0010749563284103703,-0.0010755345083469578,63116.366,-191.33800000000338,63559.024,-122.98500000000058,63798.06050000001,-56.746500000001106,61683.0204,89.49920000001293,60550.859,23.86419999998907,61552.4339,-12.368450000001758,0.003988840795871801,0.004094218348483275,0.010187447649818701,65000.0,62657.0,0.10469910371318723,26.714449030495473,354.183798114369,636.3124335534718,-282.1286354391028,63798.06050000001,64713.73670499784,62882.38429500217,0.010880322590600172,3062.547152,1.0164751840529376,-3.3463424687026073,67.69000000000233,230.0,201.25,498.9400000000023,0.13566761534453445,0.432014618115488,0.567985381884512,75.12777420291617,4,1,8,3,False,False,1,1,low_vol,bull_stable
2024-08-27 08:00:00,62902.32,63000.0,62230.0,62417.0,4189.56881,1724759999999,262127606.1008141,352773.0,1866.91835,116818901.6550188,0,-0.007715296942194971,-0.007745213823406793,62893.259999999995,-223.10600000000704,63381.98299999999,-177.04100000000471,63727.31000000001,-70.75049999999464,61756.6234,73.60299999999552,60564.8645,14.005500000006577,61544.050950000004,-8.382949999999255,0.004236951107849991,0.004345217171634125,0.010255167500986987,65000.0,62230.0,0.06750902527075812,23.042641677365154,251.07342426786636,559.2646316963508,-308.1912074284844,63727.31000000001,64831.2514272221,62623.36857277792,-0.09346898652821643,3369.641865,1.2433276228896806,-32.323767428908425,485.3199999999997,97.68000000000029,187.0,770.0,0.6302857142857139,0.4456110961929755,0.5543889038070244,84.20269865432763,8,1,8,3,False,False,1,1,low_vol,bull_stable
2024-08-27 12:00:00,62416.99,62495.0,61473.03,61709.13,8258.16317,1724774399999,512149621.9614877,718072.0,3782.03753,234647122.9343118,0,-0.01134098082253232,-0.011405780136566636,62566.488,-326.7719999999972,63130.89599999999,-251.08699999999953,63597.016500000005,-130.29350000000704,61820.762200000005,64.1388000000079,60572.72069999999,7.856199999987439,61531.9266,-12.124350000005506,0.004829203830360407,0.00441412367804051,0.010383907731938858,65000.0,61473.03,0.06694131223117816,20.000333463939953,110.9594456215491,469.6035944813904,-358.6441488598413,63597.016500000005,64986.97331556974,62207.05968443027,-0.17911696207129116,3859.9309249999997,2.1394587961441305,-93.65567014031271,707.8600000000006,78.01000000000204,236.09999999999854,1021.9700000000012,0.6926426411734198,0.4579756360033269,0.5420243639966732,86.95299247762381,12,1,8,3,False,False,1,1,low_vol,bull_stable
2024-08-27 16:00:00,61709.13,62196.75,61518.74,62102.01,3043.78733,1724788799999,188286424.1589787,339715.0,1531.59737,94749128.0924616,0,0.006366642991077809,0.006346461533055855,62420.090000000004,-146.39799999999377,62929.598,-201.29799999999523,63506.866500000004,-90.15000000000146,61894.8634,74.10119999999733,60582.8907,10.170000000012806,61521.95665,-9.96994999999879,0.005820267205091235,0.0046701386332274235,0.010401254421175687,65000.0,61473.03,0.1783343776669501,27.7724533471155,31.25989601976471,381.9348547890653,-350.6749587693006,63506.866500000004,65039.29139280753,61974.44160719248,0.04162304900105339,3916.565096,0.7771573446101099,19.37870727087594,392.88000000000466,94.73999999999796,190.38999999999942,678.010000000002,0.5794604799339294,0.5031880364650837,0.49681196353491625,111.60930878833771,16,1,8,3,False,False,1,1,low_vol,bull_stable
2024-09-21 16:00:00,63167.98,63400.0,63086.0,63203.59,1787.68953,1726948799999,113014970.6320892,205670.0,811.94271,51332285.5814704,0,0.0005637349809191061,0.0005635761420472989,63088.386,0.5079999999943539,63157.090000000004,-53.85700000000361,62638.583,167.87949999999546,60809.194800000005,106.64980000000651,58467.9617,60.681700000001,59365.3407,24.033199999998033,0.003826980415298299,0.008312066898972733,0.01009953228076992,64133.32,59174.8,0.8124984874519002,57.62985725885594,799.3397172313853,906.9563251846536,-107.61660795326827,62638.583,64856.42382586835,60420.74217413165,0.6273777165182225,2912.1620890000004,0.6138702020579734,1.0077831230838359,35.609999999993306,196.4100000000035,81.9800000000032,314.0,0.11340764331208059,0.45418552627535946,0.5458144737246405,115.04794123843193,16,5,9,3,False,False,1,1,low_vol,bull_stable
2024-09-21 20:00:00,63203.59,63559.9,63058.0,63348.96,1098.28623,1726963199999,69499271.7080473,204039.0,588.1034,37220491.4112962,0,0.0023000275775475476,0.00229738656294785,63180.264,91.87800000000425,63139.505999999994,-17.584000000009837,62834.572,195.9890000000014,60882.826400000005,73.63160000000062,58529.9003,61.938600000001315,59389.389299999995,24.04859999999462,0.0038271592700493567,0.007993295341758062,0.009178078651427488,64133.32,59174.8,0.8418157030726908,52.95831765034417,772.8629421363075,880.1376485749844,-107.27470643867684,62834.572,64476.17066019744,61192.973339802564,0.6566728861541996,2358.155406,0.4657395467684457,2.5260886170407284,145.37000000000262,210.94000000000233,145.5899999999965,501.90000000000146,0.28963937039251286,0.5354737079786569,0.4645262920213431,185.77943929971698,20,5,9,3,False,False,1,1,low_vol,bull_stable
2024-09-22 00:00:00,63348.97,63450.0,62830.01,63106.0,1863.74001,1726977599999,117612258.6339002,309627.0,829.61652,52356299.2597645,0,-0.0038352642253322022,-0.003842637710050521,63183.259999999995,2.995999999991909,63106.10599999999,-33.400000000001455,62986.972499999996,152.4004999999961,60950.0666,67.24019999999291,58593.980200000005,64.07990000000427,59410.08165,20.692350000004808,0.003982927964700192,0.007945271308950128,0.009206078857582607,64133.32,59473.68,0.7795280322084969,47.877713006440025,723.930050627212,848.89612898543,-124.96607835821794,62986.972499999996,63981.72362719072,61992.221372809276,0.5598277783992814,2170.154261,0.858805313287358,-7.14793538567328,242.97000000000116,101.02999999999884,275.98999999999796,619.989999999998,0.39189341763577146,0.44513532764690716,0.5548646723530928,166.13207761741404,0,6,9,3,False,False,1,1,low_vol,bull_stable
2024-09-22 04:00:00,63106.0,63200.0,62838.0,62936.0,967.92007,1726991999999,60956215.7562784,167534.0,440.90609,27769992.1791186,0,-0.0026938801381801714,-0.00269751516296128,63152.505999999994,-30.754000000000815,63084.30699999999,-21.79899999999907,63045.773,58.80050000000483,60998.8266,48.76000000000204,58663.5801,69.5998999999938,59427.56915,17.48750000000291,0.0038190333752668453,0.005186365597353737,0.009069959816368118,64133.32,61555.0,0.5356200937044278,49.81863286390661,663.781146446272,811.8731324775985,-148.09198603132643,63045.773,63857.299013905984,62234.24698609402,0.43236630858470637,1607.953474,0.6019577591335208,-2.607460651918961,170.0,94.0,98.0,362.0,0.4696132596685083,0.45551911120099,0.5444808887990099,173.08660621119262,4,6,9,3,False,False,1,1,low_vol,bull_stable
2024-09-22 08:00:00,62936.0,63034.99,62544.94,62784.0,1840.93484,1727006399999,115568137.8523441,239591.0,834.03686,52359196.3204939,0,-0.0024151519003432487,-0.0024180730840435314,63075.71,-76.79599999999482,63081.793999999994,-2.5129999999990105,63079.0735,33.300499999997555,61047.9192,49.09259999999631,58730.82,67.23990000000049,59438.393249999994,10.824099999990722,0.0034707980337682007,0.005107454638140762,0.009067082155779583,64133.32,61814.0,0.41822603176793205,32.011654801598056,596.9661229831836,768.8917305787155,-171.92560759553191,63079.0735,63777.009416354565,62381.13758364543,0.2886098901879018,1452.687457,1.2672614684797956,-4.446137277234095,152.0,98.98999999999796,239.05999999999767,490.04999999999563,0.31017243138455536,0.453050722859914,0.546949277140086,130.14637715259929,8,6,9,3,False,False,1,1,low_vol,bull_stable
2024-09-22 12:00:00,62784.0,62930.0,62429.16,62652.12,2271.34613,1727020799999,142356759.7620432,294004.0,965.98104,60545414.5819745,0,-0.0021005351681956386,-0.002102744386427921,62965.416000000005,-110.29399999999441,63026.901,-54.89299999999639,63106.98,27.9065000000046,61098.1988,50.279600000001665,58795.5412,64.72119999999995,59447.032199999994,8.638950000000477,0.0027154092120474276,0.005138209524190221,0.009058694246833353,64133.32,61888.18,0.3402638588239497,33.07316316238659,527.2947955065902,720.5723435642906,-193.27754805770041,63106.98,63670.823654178785,62543.13634582122,0.09664350513752942,1531.928713,1.4826709041519217,-4.771042425210062,131.87999999999738,146.0,222.95999999999913,500.8399999999965,0.2633176263876653,0.4252901075891943,0.5747098924108057,129.44042130646113,12,6,9,3,False,False,1,1,low_vol,bull_stable
2024-09-22 16:00:00,62652.12,63229.5,62468.01,63160.0,2262.34879,1727035199999,142251795.9708051,317160.0,1265.00788,79548430.8584166,0,0.008106349793111534,0.00807366983097144,62927.623999999996,-37.79200000000856,63053.943999999996,27.042999999997846,63132.708000000006,25.728000000002794,61167.27099999999,69.07219999999506,58861.2612,65.72000000000116,59460.2381,13.205900000008114,0.0035502631244643513,0.005073916889855961,0.009039782214744004,64133.32,62350.0,0.45420900343180143,45.33470182079924,507.2145840020603,677.9007916518445,-170.68620764978425,63132.708000000006,63653.16766815154,62612.248331848474,0.5262191305782871,1594.064628,1.4192327903533406,18.339390645762627,507.8799999999974,69.5,184.11000000000058,761.489999999998,0.6669555739405623,0.5591568751872251,0.4408431248127748,140.1905848478828,16,6,9,3,False,False,1,1,low_vol,bull_stable
2024-09-22 20:00:00,63160.0,64000.0,62357.93,63578.76,5035.90908,1727049599999,318732170.3981417,817820.0,2587.6253,163876898.75402,0,0.006630145661811415,0.006608262916668575,63022.176,94.55200000000332,63102.71799999999,48.77399999999761,63153.944,21.235999999997148,61241.3262,74.05520000000979,58939.0059,77.74469999999565,59484.00425,23.766149999995832,0.003985846821910888,0.0049648070566949,0.009069952742669989,64133.32,62350.0,0.689029450687483,56.7776029716336,519.1073575070404,646.1421048228838,-127.03474731584333,63153.944,63711.41191135009,62596.47608864991,0.8810228278172719,1976.6571920000001,2.547689655232843,33.388810740038714,418.76000000000204,421.23999999999796,802.0699999999997,1642.0699999999997,0.2550195789460876,0.5138347930618319,0.48616520693816817,162.39768967393667,20,6,9,3,False,False,1,1,low_vol,bull_stable
2024-09-23 00:00:00,63578.76,64745.88,62538.75,64354.0,7140.31946,1727063999999,455833179.6328946,1181177.0,3950.92665,252415989.4640294,0,0.01219338030499495,0.01211963986832936,63305.776,283.59999999999854,63229.141,126.42300000000978,63209.0445,55.100500000000466,61332.2062,90.87999999999738,59022.555,83.54910000000382,59508.2143,24.2100500000015,0.005351557479294093,0.005626834270877018,0.009193911305979007,64745.88,62350.0,0.836435881596742,71.67319957014713,584.351811307155,633.7840461197382,-49.43223481258315,63209.0445,63983.09193848829,62434.99706151172,1.2395900064187906,2587.177333,2.7598879168133155,87.06463067493617,775.239999999998,391.8799999999974,1040.010000000002,2207.1299999999974,0.3512434700266857,0.5533263143383224,0.44667368566167764,165.42355095131836,0,0,9,3,False,False,1,1,low_vol,bull_stable
2024-09-23 04:00:00,64354.0,64455.13,63400.0,63548.82,3443.68917,1727078399999,219668856.3710975,538476.0,1524.7557,97255949.4270833,0,-0.012511731982471908,-0.012590662766012829,63458.740000000005,152.96400000000722,63267.225,38.083999999995285,63239.08600000001,30.041500000006636,61403.322,71.11579999999958,59117.593100000006,95.03810000000522,59530.88940000001,22.67510000000766,0.007061814066203518,0.006264290725748935,0.009401612227501587,64745.88,62350.0,0.5003672971935159,54.37196871220708,564.5790977738361,619.9430564505578,-55.36395867672172,63239.08600000001,64017.10073803911,62461.07126196091,0.6990540698371859,2771.218331,1.242662525531627,-43.08651592598114,805.1800000000003,101.12999999999738,148.8199999999997,1055.1299999999974,0.7631097589870465,0.44276809686630336,0.5572319031336966,156.36602881902957,4,0,9,3,False,False,1,1,low_vol,bull_stable
2024-09-23 08:00:00,63548.83,63710.0,63300.0,63435.04,2927.2427,1727092799999,185906509.9877965,367290.0,1468.08194,93249491.3974781,0,-0.0017904345037406122,-0.001792039247341645,63615.324,156.58399999999529,63290.369999999995,23.1449999999968,63223.729999999996,-15.356000000014319,61468.9042,65.5821999999971,59216.6007,99.00759999999718,59551.4646,20.575199999992037,0.007103154499706709,0.005588841827982327,0.009408336504010682,64745.88,62350.0,0.45287743960465554,57.21603251163496,533.5772384782249,602.6698928560913,-69.09265437786644,63223.729999999996,63971.47134506226,62475.98865493773,0.6412988604919323,2885.173648,1.0145811161242104,-5.241036330902829,113.79000000000087,161.16999999999825,135.04000000000087,410.0,0.2775365853658558,0.5015238196682497,0.4984761803317504,125.47302620312283,8,0,9,3,False,False,1,1,low_vol,bull_stable
2024-09-23 12:00:00,63435.03,63806.0,63059.93,63618.0,5683.13836,1727107199999,360215922.3425599,1057518.0,2963.90424,187887495.2237642,0,0.0028842103670148056,0.0028800590126315116,63706.924,91.59999999999854,63317.274,26.90400000000227,63228.38999999999,4.6599999999962165,61537.3442,68.44000000000233,59313.151000000005,96.55030000000261,59570.9946,19.529999999998836,0.007122998626882214,0.0055773540146976715,0.009411453020778641,64745.88,62350.0,0.5292418652019305,57.00570049028476,517.8024799021368,585.6964102653004,-67.89393036316358,63228.38999999999,63985.13895952825,62471.64104047173,0.7574235452156297,3343.658861,1.699676491010307,16.39136657509152,182.97000000000116,188.0,375.09999999999854,746.0699999999997,0.24524508424142671,0.521525968971834,0.47847403102816594,186.07993207471372,12,0,9,3,False,False,1,1,low_vol,bull_stable
2024-09-23 16:00:00,63617.99,63825.96,63098.97,63298.56,3051.89312,1727121599999,193407040.8694694,634847.0,1499.04851,95008631.2094508,0,-0.005021220409318183,-0.005033869095509818,63650.884,-56.04000000000087,63336.530000000006,19.2560000000085,63221.31799999999,-7.072000000000116,61603.305199999995,65.96099999999569,59407.9475,94.79649999999674,59590.6817,19.68710000000283,0.007211536225906042,0.005686693817890468,0.009431685303623549,64745.88,62350.0,0.3959129839557902,52.5591588691114,474.06006244335003,563.3691407009103,-89.30907825756026,63221.31799999999,63972.36253087104,62470.273469128944,0.5514230493832515,3462.4741719999997,0.881419750269837,-15.32422802120175,319.4300000000003,207.97000000000116,199.5899999999965,726.989999999998,0.4393870617202454,0.49118643774785925,0.5088135622521407,208.01744197385258,16,0,9,3,False,False,1,1,low_vol,bull_stable
2024-09-23 20:00:00,63300.01,63489.0,63088.69,63339.99,1831.77006,1727135999999,115983529.1642088,219879.0,924.35939,58532883.9927595,0,0.0006545172591603254,0.000654303156156703,63448.081999999995,-202.80200000000332,63376.929000000004,40.39899999999761,63230.617999999995,9.30000000000291,61663.39680000001,60.091600000014296,59498.487400000005,90.5399000000034,59609.822649999995,19.14094999999361,0.007132937777056567,0.005592266126061434,0.009409769035782533,64745.88,62350.0,0.413205168873232,52.12752536184375,437.69150104466826,538.2336127696619,-100.54211172499367,63230.617999999995,63982.75777549231,62478.47822450768,0.5727072304668458,3548.859171,0.5161574386970793,1.198925119083145,39.979999999995925,149.01000000000204,211.3199999999997,400.3099999999977,0.09987259873597001,0.5046263230222247,0.4953736769777753,120.0363543446059,20,0,9,3,False,False,1,1,low_vol,bull_stable
2024-09-24 00:00:00,63339.99,63401.21,62700.0,63124.0,4362.37127,1727150399999,274951986.3528922,491185.0,2140.12196,134896170.3653121,0,-0.0034100100110530107,-0.0034158373464768816,63363.118,-84.96399999999267,63410.929000000004,34.0,63246.3615,15.743500000004133,61728.3124,64.91559999999299,59586.4674,87.97999999999593,59617.59265,7.7700000000040745,0.007187369596985856,0.00550182220196678,0.009350371204036131,64745.88,62357.93,0.32080654955087023,49.05763142128462,386.9797050651323,507.982831228756,-121.00312616362373,63246.3615,63974.14121751922,62518.581782480775,0.41593507138596036,3801.0028139999995,1.1476895660093558,-14.875729702630036,215.98999999999796,61.220000000001164,424.0,701.2099999999991,0.30802470016114747,0.49058684544289144,0.5094131545571086,112.59587265712027,0,1,9,3,False,False,1,1,low_vol,bull_stable
2024-09-24 04:00:00,63124.01,63569.99,62900.0,63559.92,2295.13582,1727164799999,145157850.8934634,273964.0,1119.9171,70847501.3867837,0,0.006905772764717044,0.006882037128595812,63388.094,24.97599999999511,63501.708999999995,90.77999999999156,63264.30499999999,17.943499999993946,61816.870800000004,88.55840000000171,59674.2666,87.79920000000129,59629.6121,12.019449999999779,0.0073782044620462894,0.005541757415278047,0.009176674767885426,64745.88,62357.93,0.5033564354362526,52.337030455840576,377.6124608638929,481.9087571557834,-104.29629629189049,63264.30499999999,64004.96291150395,62523.647088496036,0.6995624399662043,3803.381783,0.6034460779768634,15.84968643708252,435.9099999999962,10.069999999999709,224.01000000000204,669.989999999998,0.6506216510694153,0.48795242976077985,0.5120475702392201,119.36722768764072,4,1,9,3,False,False,1,1,low_vol,bull_stable
2024-09-24 08:00:00,63559.93,63948.0,63380.0,63478.34,2935.03801,1727179199999,186790290.9638566,449130.0,1420.16703,90391942.1776583,0,-0.0012835132580406583,-0.0012843376666842278,63360.162,-27.9320000000007,63533.543000000005,31.834000000009837,63293.7435,29.43850000000384,61914.9358,98.06499999999505,59765.009900000005,90.74330000000191,59644.2593,14.64719999999943,0.007028149861369356,0.005419429357178968,0.009050652558861162,64745.88,62357.93,0.4691932410645104,54.27776399113976,359.4623696992421,457.41947966447515,-97.95710996523303,63293.7435,64018.31659816174,62569.17040183825,0.6273829379453393,3870.650705,0.7582802566526086,-3.7671601986882703,81.59000000000378,388.0699999999997,98.33999999999651,568.0,0.14364436619718976,0.4838666569772975,0.5161333430227024,153.0235719161947,8,1,9,3,False,False,1,1,low_vol,bull_stable
2024-09-24 12:00:00,63478.35,63768.0,62731.1,63159.99,5750.10021,1727193599999,363719567.9559666,1165116.0,2804.90575,177400172.3895717,0,-0.005015096488030335,-0.005027714288424776,63332.448,-27.713999999999942,63491.666000000005,-41.87700000000041,63297.191999999995,3.448499999998603,61999.9136,84.97780000000057,59855.0012,89.99129999999423,59655.13770000001,10.878400000008696,0.0068671141683018504,0.0055128399630622795,0.00907923203067236,64745.88,62357.93,0.33587805439812335,52.48856210239555,315.75033394688217,429.0856505209566,-113.33531657407445,63297.191999999995,64018.35110610606,62576.03289389393,0.4048739738302508,3942.069818,1.4586500177506496,-28.83730736899349,318.3600000000006,289.65000000000146,428.8899999999994,1036.9000000000015,0.3070305718970008,0.487801194337794,0.512198805662206,202.62533824606163,12,1,9,3,False,False,1,1,low_vol,bull_stable
2024-09-24 16:00:00,63159.99,64375.0,63088.02,64292.34,4151.18148,1727207999999,264682751.872624,824800.0,2165.87433,138153014.1065732,0,0.01792828022930326,0.017769464005341632,63522.91799999999,190.4699999999939,63485.5,-6.166000000004715,63357.32050000001,60.128500000013446,62112.4806,112.56700000000274,59953.8947,98.89349999999831,59669.91894999999,14.781249999985448,0.008173161013011696,0.0068066295901573455,0.009334802224565158,64745.88,62357.93,0.810071400154944,63.7603681254721,368.23463261444704,416.91544693965477,-48.680814325207734,63357.32050000001,64196.53336341724,62518.107636582776,1.0570812488458736,3643.15602,1.1394465285623425,74.42354485613386,1132.3499999999985,82.66000000000349,71.97000000000116,1286.9800000000032,0.8798505027273118,0.5217488901497026,0.47825110985029734,198.69042198559816,16,1,9,3,False,False,1,1,low_vol,bull_stable
2024-09-24 20:00:00,64292.35,64688.0,63966.66,64262.7,3691.2208,1727222399999,237417890.8174888,665962.0,1871.90746,120429861.9912064,0,-0.0004610191509595296,-0.0004611254529610665,63750.657999999996,227.74000000000524,63556.88799999999,71.38799999999173,63412.05649999999,54.735999999982596,62240.10079999999,127.62019999999029,60052.1592,98.26450000000477,59689.19545,19.276500000007218,0.006927730193494975,0.0068136564492306245,0.009080753499652018,64745.88,62357.93,0.7976590799639854,64.97239007158126,402.79395911906613,414.0911493755371,-11.29719025647097,63412.05649999999,64337.630371856736,62486.48262814325,0.9595222087965679,3667.9091830000007,1.0063555600307783,-1.7017234792201557,29.650000000001455,395.65000000000146,296.0399999999936,721.3399999999965,0.041104056339592424,0.5071242175488391,0.4928757824511609,180.41781732482653,20,1,9,3,False,False,1,1,low_vol,bull_stable
2024-09-25 00:00:00,64262.7,64817.99,63990.41,64460.0,3313.63849,1727236799999,213285346.4996169,548405.0,1721.76786,110860694.415147,0,0.0030702102463793235,0.0030655067755380088,63930.674,180.01600000000326,63659.384,102.49600000000646,63474.877,62.820500000008906,62370.420999999995,130.32020000000193,60151.1984,99.03919999999925,59709.95545,20.760000000002037,0.006869618824211773,0.006830535493698182,0.009080392926876846,64817.99,62357.93,0.854479159044902,62.82577467679049,441.0191413193388,419.47674776429744,21.54239355504137,63474.877,64505.46826682016,62444.285733179844,0.977940688862789,3706.548762,0.8939956554657623,10.173566844794909,197.3000000000029,357.98999999999796,272.2899999999936,827.5799999999945,0.2384059547113321,0.5196003924978552,0.4803996075021449,165.49934510206634,0,2,9,3,False,False,1,1,low_vol,bull_stable
2024-09-25 04:00:00,64460.01,64460.23,63645.49,63843.33,2493.73409,1727251199999,159615734.310305,370921.0,1128.91369,72259998.0252674,0,-0.009566708035991245,-0.009612762951974834,64003.672,72.99799999999959,63681.917,22.533000000003085,63499.59550000001,24.718500000009954,62483.00779999999,112.58679999999731,60252.7617,101.56330000000162,59727.2929,17.33744999999908,0.007694850039440446,0.007216766328606033,0.009222678199123181,64817.99,62357.93,0.6038064112257436,52.51213958673182,416.74873829881835,418.9311458712017,-2.1824075723833403,63499.59550000001,64541.12723071339,62458.06376928663,0.6650139356602011,3387.608335,0.7361341227778033,-23.856825958428313,616.6800000000003,0.22000000000116415,197.84000000000378,814.7400000000052,0.7569040430075807,0.45270010725161164,0.5472998927483884,148.7411995879641,4,2,9,3,False,False,1,1,low_vol,bull_stable
2024-09-25 08:00:00,63843.34,63915.07,63407.7,63838.01,2671.75745,1727265599999,170125530.2056233,309415.0,1222.9949,77876651.1053545,0,-8.332898675555978e-05,-8.333245880845974e-05,64139.276,135.60399999999936,63735.862,53.94499999999971,63536.19600000001,36.600500000000466,62598.568,115.56020000000717,60347.7717,95.00999999999476,59743.51639999999,16.223499999992782,0.0074647205109420476,0.007148957364579351,0.009204070292020479,64817.99,62357.93,0.6016438623448221,44.26156217539944,392.55980444172747,413.6568775853069,-21.09707314357945,63536.19600000001,64570.91535356795,62501.47664643207,0.6458434110463239,3349.594768,0.7976360231764011,-0.22263484116511817,5.32999999999447,71.7300000000032,430.31000000000495,507.3700000000026,0.010505154029592689,0.45774922420446507,0.5422507757955349,115.80953952238441,8,2,9,3,False,False,1,1,low_vol,bull_stable
2024-09-25 12:00:00,63838.01,63999.0,63283.37,63495.66,3683.29568,1727279999999,234590680.6492105,905904.0,1725.68672,109936188.400919,0,-0.005362792480529954,-0.005377223870280827,63979.94,-159.3359999999957,63751.42899999999,15.566999999988184,63564.179000000004,27.9829999999929,62694.5734,96.00540000000183,60434.0288,86.25710000000254,59755.64835,12.131950000009965,0.007722449231962763,0.007238052699474004,0.009167366354962217,64817.99,62357.93,0.462480589904313,49.340950340682596,341.82477302158804,399.2904566725632,-57.465683650975166,63564.179000000004,64560.09768524316,62568.260314756844,0.46560010319352985,3534.7473299999997,1.0420251678922692,-19.752750376272466,342.34999999999854,160.98999999999796,212.29000000000087,715.6299999999974,0.4783896706398555,0.4685170211477564,0.5314829788522436,245.94930157765666,12,2,9,3,False,False,1,1,low_vol,bull_stable
2024-09-25 16:00:00,63495.66,63670.0,63000.0,63181.5,3421.13755,1727294399999,216602665.9294213,771615.0,1586.12072,100420523.2565978,0,-0.00494773973528273,-0.004960020323709568,63763.7,-216.24000000000524,63757.17899999999,5.75,63584.054000000004,19.875,62776.58359999999,82.01019999998971,60514.6938,80.66500000000087,59767.847449999994,12.199099999990722,0.007818628575159386,0.007312906778465681,0.00918499440712522,64817.99,62357.93,0.3347763875677831,47.00552266940043,273.11846894003975,374.0560591260586,-100.93759018601884,63584.054000000004,64528.97619269528,62639.13180730473,0.28699092734198145,3440.623958,0.9943363737979295,-16.926898196002806,314.1600000000035,174.3399999999965,181.5,670.0,0.4688955223880649,0.4636237791725153,0.5363762208274847,225.5434014922902,16,2,9,3,False,False,1,1,low_vol,bull_stable
2024-09-25 20:00:00,63181.51,63551.81,62947.08,63152.01,2229.54842,1727308799999,141030870.6790379,449271.0,999.19594,63236374.0072636,0,-0.00046675055198119875,-0.00046685951392677074,63502.102,-261.59799999999814,63716.388,-40.79099999999016,63609.0485,24.994499999993423,62816.9138,40.330200000011246,60596.4738,81.77999999999884,59775.94224999999,8.09479999999894,0.007446231211378536,0.0072932976307036705,0.007821345446423898,64817.99,62357.93,0.3227888750680888,44.28932423853983,213.823803703046,342.0096080414561,-128.1858043384101,63609.0485,64473.167984995,62744.92901500499,0.2355466993070771,3434.0652179999997,0.6492446352834527,-1.0406429557038095,29.5,370.29999999999563,204.9300000000003,604.7299999999959,0.0487821011029719,0.4481606817940289,0.5518393182059711,201.50762188874103,20,2,9,3,False,False,1,1,low_vol,bull_stable
2024-09-26 00:00:00,63152.01,63544.0,62670.0,63514.34,3182.8406,1727323199999,200764523.3983011,564897.0,1615.44341,101923960.6715442,0,0.005737426251357647,0.005721029906681102,63436.304000000004,-65.79799999999523,63719.988,3.599999999998545,63626.7655,17.71700000000419,62887.8408,70.92699999999604,60678.968499999995,82.49469999999565,59775.369750000005,-0.5724999999874854,0.007703161587433012,0.007180303896811455,0.007311792883546444,64817.99,62357.93,0.47007390063656873,52.61686005898789,193.8349485606377,312.3746761452924,-118.53972758465471,63626.7655,64466.29971967098,62787.231280329026,0.43304293180326475,3458.845477,0.9202031779576952,18.26131321232692,362.32999999999447,29.660000000003492,482.01000000000204,874.0,0.41456521739129804,0.5075476949741059,0.49245230502589415,177.48202658970732,0,3,9,3,False,False,1,1,low_vol,bull_stable
2024-09-26 04:00:00,63514.35,63874.41,63340.0,63852.07,1978.65426,1727337599999,125948246.5988209,311889.0,1023.8458,65177679.9895995,0,0.005317381869984095,0.00530329451151881,63439.116,2.811999999998079,63789.195999999996,69.20799999999872,63640.431,13.665499999995518,62958.6024,70.76160000000527,60763.629199999996,84.66070000000036,59774.4439,-0.9258500000069034,0.007635991627709418,0.007125220959186794,0.007306270303199482,64817.99,62538.75,0.5762096137308932,55.79383505537229,202.9066438358277,290.4810696833995,-87.57442584757177,63640.431,64485.554071122046,62795.30792887795,0.6252119408591077,3081.700882,0.642065643540287,10.521260289090796,337.72000000000116,22.340000000003783,174.34999999999854,534.4100000000035,0.6319492524466215,0.5174455288616213,0.4825544711383786,157.62683067227724,4,3,9,3,False,False,1,1,low_vol,bull_stable
2024-09-26 08:00:00,63852.07,64500.0,63595.67,64393.99,4265.52614,1727351999999,273592940.6782981,486475.0,2199.71417,141106431.2176063,0,0.0084871171756844,0.00845130408729008,63618.78199999999,179.66599999999016,63799.361,10.165000000000873,63642.430499999995,1.9994999999980791,63036.282400000004,77.68000000000029,60836.6737,73.04450000000361,59777.2538,2.809900000000198,0.0056524500504734915,0.006840439784658402,0.007373973192982423,64817.99,62670.0,0.8026061573843452,63.38209230133758,250.9318564436253,282.5712270354447,-31.639370591819386,63642.430499999995,64494.81999141354,62790.04100858645,0.9408545081624994,3093.135348,1.3790299033497062,36.20202016612478,541.9199999999983,106.01000000000204,256.40000000000146,904.3300000000017,0.5992502736832762,0.5156958597374813,0.48430414026251867,114.04806442002018,8,3,9,3,False,False,1,1,low_vol,bull_stable
2024-09-26 12:00:00,64393.98,65550.0,64150.0,65229.03,10972.58828,1727366399999,711148943.3775394,1454662.0,6312.75451,409336476.2540062,0,0.012967669808937154,0.012884309464979132,64028.288,409.5060000000085,63895.994000000006,96.6330000000089,63726.44099999999,84.01049999999668,63132.302800000005,96.02040000000125,60918.543999999994,81.87029999999504,59781.823950000005,4.570150000006834,0.006934911770458231,0.006749211562786609,0.007546048194057828,65550.0,62670.0,0.8885520833333329,66.22312765953313,352.31170271533483,296.5193221714227,55.792380543912145,63726.44099999999,64833.22173039528,62619.660269604705,1.1788106075280862,3821.2720959999997,2.8714490892930122,142.28890176445367,835.0499999999956,320.97000000000116,243.9800000000032,1400.0,0.5964642857142826,0.5753204575721126,0.4246795424278874,132.5723669639047,12,3,9,3,False,False,1,1,low_vol,bull_stable
2024-09-26 16:00:00,65229.03,65839.0,64693.26,64711.06,5421.22806,1727380799999,354018123.6435649,1067407.0,2608.21042,170387489.0525647,0,-0.00794078955336297,-0.00797248552828014,64340.098,311.8099999999977,63921.1,25.10599999999249,63790.242000000006,63.80100000001403,63229.60399999999,97.30119999998715,61000.40720000001,81.86320000001433,59785.8542,4.030249999996158,0.007510818497995736,0.007032892280552529,0.0074985241690952815,65839.0,62670.0,0.6440706847585982,61.044650952761536,386.40586486308166,314.4966307097545,71.90923415332713,63790.242000000006,64970.93989441562,62609.54410558439,0.8899464902729204,4032.031053,1.3445402549582002,-43.048831145246204,517.9700000000012,609.9700000000012,17.799999999995634,1145.739999999998,0.45208336969993373,0.4811106249605001,0.5188893750394998,196.8939487854713,16,3,9,3,False,False,1,1,low_vol,bull_stable
2024-09-26 20:00:00,64711.07,65244.0,64633.52,65173.99,2552.46859,1727395199999,165731818.2483724,476003.0,1282.02029,83244124.2017597,0,0.007153800293180135,0.007128333249162228,64672.028000000006,331.93000000000757,64054.16599999999,133.06599999999162,63868.04150000001,77.79950000000099,63344.500199999995,114.89620000000286,61079.9614,79.5541999999914,59791.84415,5.989949999995588,0.006876363842603618,0.007156187546271697,0.007435298323773621,65839.0,62670.0,0.7901514673398542,67.58890519108505,445.64321851316345,340.72594827043633,104.91727024272711,63868.04150000001,65196.73390722662,62539.349092773395,0.9914412443757039,4037.9045029999993,0.6321270322524021,18.259850547475086,462.91999999999825,70.01000000000204,77.55000000000291,610.4800000000032,0.7582885598217728,0.5022668231933072,0.4977331768066929,186.48730952650038,20,3,9,3,False,False,1,1,low_vol,bull_stable
2024-09-27 00:00:00,65173.99,65425.0,64819.9,65366.01,2512.15165,1727409599999,163608560.5580942,381752.0,1203.75809,78402864.3032855,0,0.002946267368316713,0.0029419356288366578,64974.816000000006,302.78800000000047,64206.96599999999,152.8000000000029,63971.414000000004,103.37249999999767,63450.660599999996,106.16040000000066,61161.3415,81.38010000000213,59797.6212,5.7770500000042375,0.0068367831559167135,0.007009965828661591,0.0073305014401639935,65839.0,62670.0,0.8507447144209537,61.21942706907403,502.2935301362886,373.03946464360683,129.25406549268178,63971.414000000004,65428.99993931905,62513.82806068096,0.9783923754957196,4021.943923,0.6246113068941463,7.401470430657987,192.02000000000407,58.98999999999796,354.0899999999965,605.0999999999985,0.31733597752438364,0.4791741334564735,0.5208258665435265,151.962163589925,0,4,9,3,False,False,1,1,low_vol,bull_stable
2024-09-27 04:00:00,65366.01,65550.0,65099.99,65460.02,3455.03541,1727423999999,225912401.378953,552750.0,1616.44526,105702687.6984499,0,0.0014382092466711516,0.0014371760143034682,65188.022,213.20599999999104,64403.402,196.4360000000088,64077.4155,106.00149999999849,63524.661199999995,74.0005999999994,61249.9817,88.64019999999437,59804.13625,6.515050000001793,0.006296918346035119,0.007006406468279203,0.006243646762378081,65839.0,62670.0,0.8804102240454392,62.34543969776707,548.4529078451596,408.12215328391744,140.3307545612422,64077.4155,65645.79849936374,62509.03250063627,0.94077387365232,3999.1178959999997,0.8639493758000477,4.969063874238254,94.00999999999476,89.9800000000032,266.0200000000041,450.01000000000204,0.20890646874512642,0.4678520096556695,0.5321479903443305,159.9838885587572,4,4,9,3,False,False,1,1,low_vol,bull_stable
2024-09-27 08:00:00,65460.02,65986.0,65342.78,65437.35,3894.1937,1727438399999,255653307.2782744,562319.0,1988.28496,130564080.1006408,0,-0.00034631825654796167,-0.00034637823856434883,65229.686,41.66400000000431,64628.987,225.58499999999913,64193.083,115.66749999999593,63591.0484,66.38720000000467,61324.835100000004,74.85340000000724,59810.81795,6.681699999993725,0.005794031557664295,0.0069224661709956364,0.006211372979072229,65986.0,62670.0,0.8345446320868511,60.45381325928794,576.5590538239703,441.809533391928,134.7495204320423,64193.083,65805.99218417084,62580.17381582916,0.8857213450736366,4046.4235109999995,0.9623791700037896,-1.348630372844056,22.669999999998254,525.9800000000032,94.56999999999971,643.2200000000012,0.03524455085351546,0.5105768005325467,0.4894231994674533,144.39933997119866,8,4,9,3,False,False,1,1,low_vol,bull_stable
2024-09-27 12:00:00,65437.36,66498.0,65314.31,66006.01,7244.94249,1727452799999,478044731.1458134,1185032.0,3853.13293,254302877.6566408,0,0.008690144084379847,0.008652602122202679,65488.676,258.98999999999796,64914.387,285.40000000000146,64315.3875,122.30449999999837,63669.2888,78.24040000000241,61408.5353,83.70019999999931,59821.5067,10.688750000001164,0.005815844054063621,0.007002446504085499,0.00630022053512217,66498.0,62670.0,0.8714759665621721,73.37223879306615,637.3722559005328,480.922077893649,156.4501780068838,64315.3875,66089.0932419973,62541.6817580027,0.9765791923569733,4547.962917999999,1.5930082590000576,62.959594121145706,568.6499999999942,491.99000000000524,123.05000000000291,1183.6900000000023,0.480404497799249,0.5318376143521327,0.4681623856478673,163.5667918186608,12,4,9,3,False,False,1,1,low_vol,bull_stable
2024-09-27 16:00:00,66006.01,66360.0,65524.0,65657.99,3581.38796,1727467199999,236080674.8192803,623010.0,1755.0352,115690726.6057697,0,-0.005272550181415148,-0.005286499126736366,65585.476,96.79999999999563,65128.75199999999,214.3649999999907,64424.369999999995,108.98249999999825,63729.5398,60.250999999996566,61496.919700000006,88.38440000000264,59830.4271,8.9204000000027,0.006540955047544689,0.007153470540770129,0.006267878203059583,66498.0,62670.0,0.7805616509926868,68.31223713601523,649.9921463491264,514.7360915847445,135.25605476438193,64424.369999999995,66248.65307653327,62600.08692346671,0.8381109039130827,4587.817654,0.7806299705214919,-18.883047738216025,348.0199999999895,353.99000000000524,133.99000000000524,836.0,0.4162918660286956,0.49004330712051647,0.5099566928794835,173.95769655739838,16,4,9,3,False,False,1,1,low_vol,bull_stable
2024-09-27 20:00:00,65657.99,65962.0,65625.0,65769.95,1361.09366,1727481599999,89552535.1798059,193666.0,676.20072,44492825.0031365,0,0.0017051999307318155,0.0017037477279596013,65666.264,80.78800000000047,65320.54,191.78800000000774,64554.868,130.49800000000687,63781.858,52.318200000001525,61587.4992,90.57949999999255,59838.61605,8.188949999996112,0.006519578662584011,0.006976412590519628,0.006183423152799567,66498.0,62670.0,0.809809299895506,73.99591889274122,661.4034890498733,544.0695710777703,117.333917972103,64554.868,66371.71174803739,62738.02425196261,0.8343936431827363,4526.061594,0.3007236273152672,2.3209368147515135,111.95999999999185,192.0500000000029,32.99000000000524,337.0,0.33222551928780963,0.49680689865236755,0.5031931013476324,142.28704878399037,20,4,9,3,False,False,1,1,low_vol,bull_stable
2024-09-28 00:00:00,65769.95,66260.0,65720.0,66063.76,1667.03312,1727495999999,109993422.3943262,233343.0,989.15734,65277395.9891184,0,0.004467237697459048,0.004457289208309948,65787.012,120.74800000000687,65487.51700000001,166.97700000000623,64643.439,88.57099999999627,63838.0934,56.23539999999775,61680.1569,92.65770000000339,59847.99779999999,9.38174999999319,0.006261299660601127,0.0059355801569936206,0.006204074850170339,66498.0,62670.0,0.8865621734587238,80.54173307110659,686.2444727721231,572.5045514166409,113.73992135548224,64643.439,66575.45803656182,62711.41996343818,0.8675742767337248,4266.212291999999,0.3907525003211913,7.447033196576773,293.8099999999977,196.24000000000524,49.94999999999709,540.0,0.5440925925925882,0.5933639398838099,0.4066360601161902,139.97502341165242,0,5,9,3,False,False,1,1,low_vol,bull_stable
2024-09-28 04:00:00,66063.76,66087.0,65738.0,65824.01,1261.99889,1727510399999,83170557.0369352,180292.0,455.42701,30011656.2216307,0,-0.0036290698561510792,-0.003635670905446695,65864.344,77.33199999999488,65547.01499999998,59.497999999977765,64721.504499999995,78.06549999999697,63895.6138,57.520400000001246,61771.384699999995,91.2277999999933,59856.01784999999,8.020049999999173,0.0053329999135131746,0.006028744282382525,0.00618422416791345,66498.0,62670.0,0.8239315569487969,77.10587929768188,678.7609759986954,593.7558363330518,85.00513966564358,64721.504499999995,66713.97530955396,62729.033690446035,0.7766679177214152,3295.153353,0.3829863908613057,-4.579882130195122,239.75,23.24000000000524,86.00999999999476,349.0,0.6869627507163324,0.3608775044168224,0.6391224955831776,142.86224926869784,4,5,9,3,False,False,1,1,low_vol,bull_stable
2024-09-28 08:00:00,65824.01,65824.01,65453.0,65798.01,1658.51739,1727524799999,108858310.8380558,250329.0,764.99912,50225937.4642697,0,-0.00039499264781950316,-0.0003950706779636509,65822.74399999999,-41.60000000000582,65655.70999999999,108.69500000000698,64788.40499999999,66.9004999999961,63936.7308,41.11699999999837,61853.50979999999,82.12509999999747,59864.43295,8.415100000012899,0.004390284659062275,0.006022508986726516,0.005951049426807353,66498.0,62670.0,0.8171394984326005,74.86309169970986,663.0885956092752,607.6223881882966,55.46620742097866,64788.40499999999,66833.07357965046,62743.73642034952,0.7468871997271541,2918.882286,0.5682029035411399,-0.6551021753307915,26.0,0.0,345.00999999999476,371.00999999999476,0.07007897361257208,0.46125480782568096,0.538745192174319,150.93540864229345,8,5,9,3,False,False,1,1,low_vol,bull_stable
2024-09-28 12:00:00,65798.01,65816.0,65422.23,65619.13,1613.79987,1727539199999,105886602.1167012,268638.0,737.766,48410343.3373993,0,-0.0027186232531954957,-0.002722325420780166,65814.972,-7.771999999997206,65700.224,44.51400000001013,64877.19499999999,88.79000000000087,63978.617399999996,41.886599999998,61936.321099999994,82.81130000000121,59874.39354999999,9.960599999991246,0.004123472721162276,0.005564709177537137,0.005942214505747712,66498.0,62670.0,0.7704101358411716,69.92786965112211,628.9834702829903,611.8946046072354,17.08886567575496,64877.19499999999,66903.20713644709,62851.1828635529,0.683102308878835,2825.015414,0.5712534742297162,-4.387313852585868,178.8799999999901,17.99000000000524,196.90000000000146,393.7699999999968,0.4542753383954886,0.4571607754560049,0.542839224543995,166.46301997781174,12,5,9,3,False,False,1,1,low_vol,bull_stable
2024-09-28 16:00:00,65619.14,65823.08,65492.59,65724.0,1744.50199,1727553599999,114588965.6103195,205874.0,989.31297,64997428.704533,0,0.001598161999404768,0.00159688629752125,65805.782,-9.189999999987776,65736.023,35.79899999999907,64971.49449999999,94.29950000000099,64024.297399999996,45.68000000000029,62011.2339,74.91280000000552,59883.71855,9.325000000004366,0.004063053232339337,0.005554011670216295,0.005936531265084861,66498.0,62670.0,0.7978056426332288,66.63931001178523,603.4607257078897,610.2078288273663,-6.747103119476606,64971.49449999999,66969.21793698319,62973.7710630168,0.6883407598041654,2748.250448,0.6347681999904836,2.7879967883039964,104.86000000000058,99.08000000000175,126.55000000000291,330.49000000000524,0.3172864534479074,0.5671033771649638,0.43289662283503616,118.01304967270345,16,5,9,3,False,False,1,1,low_vol,bull_stable
2024-09-28 20:00:00,65724.0,65982.16,65432.0,65858.0,1181.3819,1727567999999,77620625.1259142,203227.0,564.5629,37103908.1167555,0,0.0020388290426631706,0.0020367534514355453,65764.63,-41.15200000000186,65775.821,39.79799999999523,65089.6115,118.11700000000565,64078.3776,54.08020000000397,62088.43229999999,77.19839999999385,59895.3459,11.62735000000248,0.004081975876001675,0.005316160682536059,0.00589077515357871,66498.0,62670.0,0.832810867293626,59.54271669372349,587.2766867877144,605.6216004194359,-18.34491363172151,65089.6115,66997.24392277749,63181.9790772225,0.7013984693343697,2520.885097,0.46863774211919196,2.4086357281965975,134.0,124.16000000000349,292.0,550.1600000000035,0.24356550821579023,0.4778834854334572,0.5221165145665428,172.02481263679422,20,5,9,3,False,False,1,1,low_vol,bull_stable
2024-09-29 00:00:00,65858.0,65984.0,65647.28,65815.92,1175.81973,1727582399999,77392769.4720811,208157.0,561.45777,36956949.9695917,0,-0.0006389504691912684,-0.0006391546850361483,65763.012,-1.618000000002212,65813.678,37.85700000000361,65221.3325,131.72099999999773,64138.513399999996,60.13579999999638,62166.01159999999,77.5792999999976,59907.710549999996,12.36464999999589,0.004090663323918579,0.0051098462001589965,0.005824354930807104,66498.0,62670.0,0.8218181818181813,69.59207847754723,564.5474632828627,597.4067729921213,-32.85930970925858,65221.3325,66927.36933806537,63515.295661934615,0.6742598655355705,2249.0477,0.5228078221729134,-0.7512905681678504,42.080000000001746,126.0,168.63999999999942,336.72000000000116,0.12497030173438346,0.4775032733971899,0.5224967266028101,177.03138898681348,0,6,9,3,False,False,1,1,low_vol,bull_stable
2024-09-29 04:00:00,65815.93,65815.93,65432.0,65477.01,1284.12437,1727596799999,84223811.6271438,197745.0,605.90411,39731590.3206083,0,-0.0051493620388500805,-0.00516266569342794,65698.812,-64.19999999999709,65760.778,-52.89999999999418,65337.5825,116.25,64184.0326,45.519200000002456,62245.661400000005,79.64980000001378,59920.925599999995,13.215049999998882,0.0033103427503183873,0.0053339318425021315,0.005836040101313915,66498.0,62670.0,0.7332836990595617,55.620557641228224,513.2705222088844,580.579522835474,-67.30900062658964,65337.5825,66739.69835721246,63935.466642787535,0.5497203919643274,1652.9658880000002,0.7768607805656059,-6.612421284040275,338.919999999991,0.0,45.01000000000204,383.929999999993,0.8827650873857139,0.4718422328516357,0.5281577671483644,153.9920934605423,4,6,9,3,False,False,1,1,low_vol,bull_stable
2024-09-29 08:00:00,65477.01,65720.0,65433.0,65691.92,1041.46532,1727611199999,68293229.9006716,145514.0,611.44657,40094737.275557,0,0.0032822207367135814,0.0032768460077181524,65713.37,14.557999999989988,65764.171,3.392999999996391,65446.4615,108.87900000000081,64240.0796,56.04699999999866,62318.700600000004,73.03919999999925,59934.5352,13.609600000003411,0.003126191715878568,0.005266928352802983,0.005789060587580215,66498.0,63340.0,0.7447498416719437,55.994232176948614,484.39086157019483,561.3417905824182,-76.95092901222336,65446.4615,66561.18698268043,64331.73601731956,0.6100981828323233,1398.9736240000002,0.7444495751265142,3.418319069872046,214.90999999999622,28.080000000001746,44.01000000000204,287.0,0.7488153310104397,0.5871021898261576,0.4128978101738424,139.72044695640946,8,6,9,3,False,False,1,1,low_vol,bull_stable
2024-09-29 12:00:00,65691.92,65850.0,65576.21,65751.34,1924.67822,1727625599999,126488792.4178823,281845.0,879.41915,57793780.4742784,0,0.0009045252445050167,0.0009041164080627244,65718.83799999999,5.467999999993481,65762.31,-1.8610000000044238,65541.425,94.9635000000053,64293.28600000001,53.206400000010035,62394.8908,76.19019999999728,59948.78034999999,14.245149999995192,0.003089296985006204,0.005199415519101864,0.005779423864848561,66498.0,63595.67,0.7427377314089014,55.42709598575238,460.9842800262704,541.2702884711887,-80.28600844491825,65541.425,66371.50636584013,64711.34363415987,0.6264424239830617,1455.3320800000001,1.3225010610636714,1.7409200375389804,59.419999999998254,98.66000000000349,115.70999999999185,273.7899999999936,0.21702764892800921,0.45691749449941815,0.5430825055005818,146.43746527146757,12,6,9,3,False,False,1,1,low_vol,bull_stable
2024-09-29 16:00:00,65751.34,65972.17,65654.01,65958.82,1134.64262,1727639999999,74691161.9013586,196734.0,625.5041,41176587.0700918,0,0.0031555250432919735,0.00315055682296127,65739.00200000001,20.16400000001886,65751.81599999999,-10.494000000006054,65619.6665,78.24150000000373,64350.667,57.380999999993946,62476.0193,81.1284999999989,59966.489449999994,17.709100000000035,0.002899423333747888,0.004952005982429386,0.005787193580390025,66498.0,64150.0,0.77036626916525,59.08880174291965,453.9435192152014,523.8049346199913,-69.86141540478991,65619.6665,66269.86379175095,64969.46920824906,0.7608081456988868,1402.09303,0.8092491694363534,3.5803932025964182,207.48000000001048,13.349999999991269,97.33000000000175,318.1600000000035,0.6521247171234856,0.551278516225664,0.44872148377433596,173.38851593641,16,6,9,3,False,False,1,1,low_vol,bull_stable
2024-09-29 20:00:00,65958.81,66076.12,65528.0,65602.01,1777.01085,1727654399999,116890248.3960929,383454.0,849.2061,55868650.2434019,0,-0.005409587375881042,-0.005424272176755018,65696.22,-42.78200000000652,65729.616,-22.19999999999709,65638.3155,18.648999999990338,64399.3476,48.680599999999686,62550.946299999996,74.92699999999604,59985.95385,19.46440000000439,0.0031777662596663447,0.00432081776751344,0.005855370178318652,66498.0,64633.52,0.5194424182613899,42.39715457864423,414.79063232087356,502.00207416016775,-87.2114418392942,65638.3155,66262.20021173367,65014.430788266334,0.47090367874288885,1453.594226,1.2224944336013068,-9.612895460963639,356.8000000000029,117.30999999999767,74.00999999999476,548.1199999999953,0.6509523462015725,0.47788458916837795,0.522115410831622,215.78596439070702,20,6,9,3,False,False,1,1,low_vol,bull_stable
2024-09-30 00:00:00,65602.01,65618.8,64190.0,64553.68,6048.78935,1727668799999,391799657.6623537,822189.0,2720.59754,176194922.7771653,0,-0.015980150608190136,-0.016109209987190395,65511.55399999999,-184.666000000012,65605.183,-124.43299999998999,65630.44649999999,-7.869000000006054,64426.34939999999,27.001799999990908,62617.7721,66.82580000000598,59998.21220000001,12.258350000010978,0.005882332539056359,0.005373053680918083,0.006316709499260854,66498.0,64190.0,0.15757365684575403,33.553158724059415,295.7608704256636,460.753833413267,-164.9929629876034,65630.44649999999,66305.45068971817,64955.442310281804,-0.297599864120503,1892.6214220000002,3.1959848280740846,-96.66056481021651,1048.3299999999945,16.79000000000815,363.6800000000003,1428.800000000003,0.733713605823063,0.4497755472340924,0.5502244527659076,135.92620810972696,0,0,9,3,False,False,1,1,low_vol,bull_stable
2024-09-30 04:00:00,64553.68,64750.01,64310.0,64562.01,3209.21927,1727683199999,207071835.0551844,342970.0,1429.21159,92223155.8477704,0,0.00012903989362045287,0.00012903156868953786,65285.572,-225.98199999998906,65499.471000000005,-105.71199999999953,65599.8475,-30.598999999987427,64450.6104,24.26100000000588,62666.7184,48.94629999999597,60023.947250000005,25.73504999999568,0.0059067327731069435,0.0050958179719399884,0.006311138548982687,66498.0,64190.0,0.16118284228769586,31.43675581974321,199.7979416425078,408.5626550591152,-208.76471341660738,65599.8475,66404.92659500559,64794.76840499443,-0.1445562345602915,2052.163362,1.563822515022564,0.41411731320550743,8.330000000001746,188.0,243.6800000000003,440.01000000000204,0.01893138792300563,0.44534557154145465,0.5546544284585454,106.8702295309351,4,0,9,3,False,False,1,1,low_vol,bull_stable
2024-09-30 08:00:00,64562.01,64576.01,63249.68,63819.44,7287.18568,1727697599999,464982564.3575421,854529.0,3390.95641,216322875.8479812,0,-0.011501655540154365,-0.011568311173226419,64899.192,-386.3799999999974,65309.015,-190.4560000000056,65522.51899999999,-77.32850000001054,64464.879199999996,14.26879999999801,62707.4729,40.754500000002736,60044.8994,20.952149999997346,0.006536025892205069,0.005587961659696175,0.006506218291081643,66498.0,63249.68,0.1754014382819433,19.690520049482302,63.1000579332831,339.4701356339488,-276.3700777006657,65522.51899999999,66653.35945225581,64391.678547744166,-0.2530147142342897,2606.4317309999997,2.795847515716114,-83.81469954850554,742.5699999999997,14.0,569.760000000002,1326.3300000000017,0.5598682077612651,0.4653314131004824,0.5346685868995176,117.26461181650582,8,0,9,3,False,False,1,1,low_vol,bull_stable
2024-09-30 12:00:00,63819.45,64161.08,63508.0,63561.41,4845.53912,1727711999999,309392254.549439,856148.0,2388.8108,152527803.7479347,0,-0.004043125417584337,-0.004051320946983246,64419.71,-479.4820000000036,65079.35600000001,-229.65899999999237,65427.5885,-94.93049999999494,64477.38739999999,12.508199999996577,62738.107,30.634100000002945,60069.701550000005,24.802150000003166,0.006302434608495509,0.005587126079464542,0.006521438962146388,66498.0,63249.68,0.09596653039109547,19.59377738118924,-65.30210232817626,258.5156880415238,-323.81779036970005,65427.5885,66859.26819061382,63995.90880938619,-0.1517444202899522,2972.847453,1.629931974851318,-19.591122377971242,258.0399999999936,341.63000000000466,53.41000000000349,653.0800000000017,0.39511239051876174,0.4929917478408471,0.5070082521591529,176.68787286563068,12,0,9,3,False,False,1,1,low_vol,bull_stable
2024-09-30 16:00:00,63561.42,63738.25,63056.0,63488.0,5487.90402,1727726399999,348260008.0859386,716143.0,3091.36197,196216389.8500804,0,-0.0011549460592520377,-0.0011556135234248328,63996.907999999996,-422.8020000000033,64846.564,-232.79200000000856,65330.12100000001,-97.46749999999156,64491.467399999994,14.080000000001746,62769.6933,31.58629999999539,60087.466550000005,17.764999999999418,0.006278244886330383,0.005581598762355973,0.006513482621471456,66498.0,63056.0,0.12550842533410808,19.34724511216743,-171.01397031274973,172.6097563706691,-343.6237266834188,65330.12100000001,67003.9453000152,63656.296699984814,-0.05027310811035737,3404.0558819999997,1.6121662540908899,-6.338233121452416,73.41999999999825,176.83000000000175,432.0,682.25,0.10761451080981789,0.5633046712795826,0.4366953287204174,130.4948113870257,16,0,9,3,False,False,1,1,low_vol,bull_stable
2024-09-30 20:00:00,63488.0,63860.0,62856.3,63327.59,3132.45008,1727740799999,198743942.0337583,386605.0,1430.99213,90838868.6649128,0,-0.0025266192036290658,-0.002529816492619115,63751.69,-245.21799999999348,64631.621999999996,-214.94200000000274,65196.2,-133.92100000000937,64504.976800000004,13.509400000009919,62801.5878,31.894500000002154,60109.1045,21.637949999996636,0.00626000555731063,0.005041627331886185,0.006516890193563281,66360.0,62856.3,0.1345120872220778,19.442547925623273,-264.68402106633584,85.1510008832681,-349.83502194960397,65196.2,67060.13046914572,63332.26953085428,-0.001255285787680353,3588.8884530000005,0.8728190137482659,-7.9145085265374036,160.4100000000035,372.0,471.2899999999936,1003.6999999999971,0.15981867091760882,0.45682839102099915,0.5431716089790009,123.41936507412753,20,0,9,3,False,False,1,1,low_vol,bull_stable
2024-10-01 00:00:00,63327.6,63744.0,63006.7,63723.48,3879.35185,1727755199999,246092944.360258,612739.0,1906.41291,120960027.9377305,0,0.006251461645706113,0.006232002316742455,63583.984,-167.7060000000056,64434.778000000006,-196.84399999999005,65099.4745,-96.72550000000047,64516.2464,11.269599999999627,62841.75869999999,40.17089999999007,60133.22765000001,24.123150000006717,0.006664984372208448,0.005306358999513338,0.006476322591967743,66260.0,62856.3,0.2547756852836622,25.244643095793364,-303.47492668732593,7.425815369149284,-310.9007420564752,65099.4745,67060.73953310552,63138.20946689447,0.14920740522732898,3872.677106,1.0017235477725883,24.251619300474054,395.88000000000466,20.5199999999968,320.90000000000146,737.3000000000029,0.5369320493693247,0.491425625649295,0.508574374350705,157.94880786593257,0,1,10,4,False,False,1,1,low_vol,bull_stable
2024-10-01 04:00:00,63723.47,64130.63,63652.06,64045.92,3515.39368,1727769599999,224650848.8223239,374180.0,2219.02829,141821592.8359979,0,0.005059987307661107,0.0050472285930741375,63629.27999999999,45.29599999999482,64264.236,-170.54200000000856,65013.273,-86.20149999999558,64525.5896,9.343199999995704,62883.457899999994,41.69920000000275,60158.282750000006,25.055099999997765,0.007054827545589388,0.005463080240695258,0.006448243997998994,66260.0,62856.3,0.3495078884743063,28.575651096471603,-304.6865487358373,-54.99665745184804,-249.68989128398925,65013.273,67001.81852687804,63024.727473121966,0.25676870684506736,4031.7486520000007,0.8719277870301126,17.78784740223207,322.4499999999971,84.70999999999913,71.41000000000349,478.5699999999997,0.6737781306809815,0.6312318027493297,0.36876819725067034,106.44042575624132,4,1,10,4,False,False,1,1,low_vol,bull_stable
2024-10-01 08:00:00,64045.92,64118.0,63707.89,63734.0,3230.34622,1727783999999,206570537.736181,291604.0,1863.81958,119211081.764896,0,-0.004870255591613026,-0.004882153934075941,63663.797999999995,34.51800000000367,64041.754,-222.48199999999633,64896.784999999996,-116.48800000000483,64513.1896,-12.400000000001455,62922.69789999999,39.23999999999796,60181.24725000001,22.964500000001863,0.006778149417562625,0.005340722706010009,0.006247158171495781,66087.0,62856.3,0.27167486922338746,26.861693851331324,-327.04612101046223,-109.40655016357087,-217.63957084689136,64896.784999999996,66899.1318137845,62894.43818621549,0.2096444551974763,4241.319012,0.7616371725070323,-15.732611740801003,311.91999999999825,72.08000000000175,26.110000000000582,410.1100000000006,0.7605764307137056,0.5769720807201898,0.42302791927981015,90.2702002016366,8,1,10,4,False,False,1,1,low_vol,bull_stable
2024-10-01 12:00:00,63734.01,63809.97,61814.01,62628.85,12629.85952,1727798399999,790990172.5003568,1794629.0,5768.49603,361270495.0252103,0,-0.017340038284118342,-0.01749213758422826,63491.96800000001,-171.8299999999872,63744.438,-297.3159999999989,64737.02699999999,-159.7580000000089,64494.7902,-18.399399999994785,62949.0561,26.358200000009674,60196.4721,15.22484999999142,0.008092747379222795,0.006371162700587651,0.006474919590442125,66076.12,61814.01,0.19118230172379355,22.952460542060052,-428.99739705456886,-173.3247195417705,-255.67267751279837,64737.02699999999,66928.77930136294,62545.27469863703,0.019065863718038242,5326.603879,2.371090437153192,-219.0022475998365,1105.1600000000035,75.95999999999913,814.8399999999965,1995.9599999999991,0.5536984709112427,0.45673477372137866,0.5432652262786213,142.09413787683997,12,1,10,4,False,False,1,1,low_vol,bull_stable
2024-10-01 16:00:00,62628.85,62778.73,61092.0,61755.99,12278.90165,1727812799999,760391623.1202897,1713245.0,5537.61339,343045398.0402386,0,-0.013937027424262172,-0.014035059709219852,63177.648,-314.320000000007,63464.668999999994,-279.7690000000075,64534.926,-202.10099999998783,64461.2092,-33.58100000000559,62965.0567,16.000599999999395,60204.91675,8.444649999997637,0.007793716669159916,0.006841760817100399,0.006754898811667335,66076.12,61092.0,0.13322111024614147,16.77446585796183,-573.6147512537427,-253.38272588416493,-320.2320253695778,64534.926,67038.05863101203,62031.79336898797,-0.05509164108424919,5949.615109,2.0638144527073137,-171.13138903586804,872.8600000000006,149.88000000000466,663.989999999998,1686.7300000000032,0.5174864975425818,0.4509860529748604,0.5490139470251396,139.5275447946926,16,1,10,4,False,False,1,1,low_vol,bull_stable
2024-10-07 16:00:00,63651.59,63906.57,62735.9,63382.0,4094.49583,1728331199999,259543084.6388345,1116163.0,1866.49965,118359296.9432838,0,-0.004235557315134253,-0.004244552697309341,63446.308000000005,112.41800000000512,62945.377,150.33399999999529,62492.5895,96.6079999999929,62479.114,-46.19840000000113,63359.5968,4.924299999998766,60807.5091,34.044999999998254,0.005875438109150534,0.005262976414590078,0.008439677097708386,64478.19,60753.97,0.705659171584922,66.09844426348954,348.5275183164267,164.35472213298146,184.17279618344526,62492.5895,63761.74900157591,61223.42999842409,0.8503935080246502,3074.945246,1.331567069470999,-17.342471764543195,269.5899999999965,254.9800000000032,646.0999999999985,1170.6699999999983,0.23028692970691733,0.45585579458265074,0.5441442054173493,272.60083935657593,16,0,10,4,False,False,1,1,low_vol,bull_stable
2024-10-07 20:00:00,63381.99,63410.0,62128.0,62224.0,3240.94339,1728345599999,203387796.0124888,679612.0,1455.89559,91365810.4678593,0,-0.018270171342021357,-0.018439132047315773,63185.00600000001,-261.30199999999604,62972.876000000004,27.499000000003434,62510.1375,17.547999999995227,62408.5672,-70.54680000000371,63350.92659999999,-8.670200000007753,60827.9591,20.44999999999709,0.008815483374567756,0.006726259222893233,0.008794369876904897,64478.19,61644.01,0.2046412013351297,50.57737951276299,267.17631292859005,184.9190402921032,82.25727263648685,62510.1375,63752.65428650712,61267.62071349288,0.38485568037902823,3308.333524,0.9796301873704315,-59.21259104509154,1157.989999999998,28.010000000002037,96.0,1282.0,0.9032683307332278,0.44921969155406943,0.5507803084459306,209.69573306863592,20,0,10,4,False,False,1,1,low_vol,bull_stable
2024-10-08 00:00:00,62224.01,62820.0,62156.02,62629.8,2759.18935,1728359999999,172531571.4830436,559160.0,1437.43306,89868893.859426,0,0.0065215993828748875,0.006500425761015605,63004.56800000001,-180.43800000000192,63025.664000000004,52.788000000000466,62523.2275,13.090000000003783,62341.9868,-66.58039999999892,63346.32690000001,-4.599699999984296,60850.818049999994,22.858949999994365,0.009008234426795854,0.0066448905493056,0.008840095485490435,64478.19,61689.26,0.3372404470531712,57.86739058635885,232.76637921528163,194.4885080767389,38.277871138542736,62523.2275,63764.95523654266,61281.499763457345,0.5429129900475332,3490.574224,0.7904686085827236,17.99432756219496,405.7900000000009,190.1999999999971,67.99000000000524,663.9800000000032,0.611147926142352,0.5209620934496576,0.4790379065503424,202.65372508776898,0,1,10,4,False,False,1,1,low_vol,bull_stable
2024-10-08 04:00:00,62629.8,62778.04,62005.0,62319.99,2588.87096,1728374399999,161613997.1516698,463015.0,1101.95741,68799568.4451141,0,-0.0049466867210178345,-0.004958962074057997,62841.478,-163.09000000000378,62985.662,-40.00200000000768,62534.927,11.699500000002445,62276.34640000001,-65.64039999998931,63337.846999999994,-8.479900000013004,60872.5635,21.745450000002165,0.008562655773702002,0.006661551461908965,0.008835621004383875,64478.19,61689.26,0.22615483357416497,52.585844428871745,178.4402330955636,191.27885308050386,-12.838619984940266,62534.927,63763.650509151026,61306.20349084898,0.4125364663411891,3443.1607750000003,0.7518879103169384,-12.806333600260695,309.81000000000495,148.23999999999796,314.98999999999796,773.0400000000009,0.4007683949084195,0.4256517327538024,0.5743482672461976,178.84823428974613,4,1,10,4,False,False,1,1,low_vol,bull_stable
2024-10-08 08:00:00,62319.99,62670.16,62193.63,62624.01,2240.95507,1728388799999,139933853.7536158,382166.0,1177.26575,73532854.9497049,0,0.004878370487543471,0.004866509796492585,62635.96,-205.51800000000367,62984.925,-0.7369999999937136,62573.028000000006,38.10100000000239,62237.753,-38.59340000001248,63332.0512,-5.795799999992596,60900.00644999999,27.442949999996927,0.008726375587745047,0.006675867929355,0.008602645373993145,64478.19,61700.0,0.33259424301433715,57.17990263036721,158.09581396364229,184.64224525713155,-26.546431293489263,62573.028000000006,63760.45554195489,61385.60045804512,0.5214674151468912,3499.0838109999995,0.6404405241609687,10.932209077398912,304.0200000000041,46.150000000001455,126.36000000000058,476.5300000000061,0.6379871151868721,0.5253410770078492,0.47465892299215084,170.53710942986464,8,1,10,4,False,False,1,1,low_vol,bull_stable
2024-10-08 12:00:00,62624.02,63200.0,61864.89,62288.01,6977.22252,1728403199999,436305832.8348746,1196306.0,3351.64348,209667687.5759737,0,-0.005365354278654477,-0.005379799484187344,62417.162,-218.7980000000025,62931.73500000001,-53.18999999999505,62583.619000000006,10.59100000000035,62192.273,-45.479999999995925,63321.441699999996,-10.609500000005937,60925.670999999995,25.664550000001327,0.008809319738762037,0.006770152624132296,0.008628582098411556,64478.19,61700.0,0.21165219081488362,53.10656906480358,113.55137374389597,170.42407095448445,-56.872697210588484,62583.619000000006,63756.071999536216,61411.166000463796,0.3739356715719356,4053.24231,1.7213928964439336,-37.43527070080638,336.00999999999476,575.9800000000032,423.1200000000026,1335.1100000000006,0.2516721468642993,0.48036929743785783,0.5196307025621422,171.4587712475594,12,1,10,4,False,False,1,1,low_vol,bull_stable
2024-10-08 16:00:00,62288.01,62598.0,61860.31,62245.53,3585.78327,1728417599999,223119040.8541213,872389.0,1754.92408,109199399.0444919,0,-0.0006819932118558025,-0.0006822258750154557,62421.46800000001,4.306000000011409,62803.237,-128.49800000000687,62586.8955,3.276499999992666,62160.794799999996,-31.478200000005018,63312.837,-8.604699999996228,60953.4086,27.73760000000766,0.007724529075265845,0.006763526842681907,0.008486152744820216,64478.19,61700.0,0.19636165992966587,51.34321657391386,73.96913284529728,151.13308333264703,-77.16395048734975,62586.8955,63754.95730778172,61418.83369221828,0.3538752411363012,3966.2202380000003,0.9040807254334825,-2.445479849326102,42.4800000000032,309.98999999999796,385.22000000000116,737.6900000000023,0.05758516449999738,0.4894116425502761,0.510588357449724,243.29105646142412,16,1,10,4,False,False,1,1,low_vol,bull_stable
2024-10-08 20:00:00,62245.99,62565.95,62026.13,62160.49,1550.20254,1728431999999,96571957.7413319,325402.0,791.14569,49289189.9126673,0,-0.001366202520887816,-0.0013671366264336898,62327.60600000001,-93.86200000000099,62666.087,-137.15000000000146,62586.537,-0.3585000000020955,62132.7764,-28.018399999993562,63305.0819,-7.75510000000213,60984.331000000006,30.92240000000311,0.007696249914628939,0.006771043015882549,0.008471542169413232,64478.19,61700.0,0.16575180243251814,44.18704677208218,35.330634900863515,127.97259364629033,-92.64195874542682,62586.537,63755.14485488022,61417.92914511977,0.3177117335722231,3909.7367120000004,0.3964979368667012,-2.1178906180346955,85.5,319.9599999999991,134.36000000000058,539.8199999999997,0.15838612870956995,0.5103498862800212,0.48965011371997885,209.90934513628136,20,1,10,4,False,False,1,1,low_vol,bull_stable
2024-10-09 00:00:00,62160.5,62494.0,62002.5,62394.07,2218.57179,1728446399999,138172691.6374974,476599.0,1051.61189,65513264.1567399,0,0.0037576923862729927,0.003750649897063293,62342.422,14.815999999991618,62591.95,-74.13700000000244,62613.8165,27.27950000000419,62110.897800000006,-21.878599999996368,63301.1826,-3.899299999997311,61016.00130000001,31.670300000005227,0.007755389534380907,0.006706692844252085,0.008491195136670062,64478.19,61700.0,0.24982812550617456,47.60662814034878,23.28884152672981,107.03584322237825,-83.74700169564844,62613.8165,63734.365472719874,61493.26752728013,0.4019469450466688,3685.8743330000007,0.6019119453251309,8.336710323683045,233.5699999999997,99.93000000000029,158.0,491.5,0.47521871820956196,0.4740039942543396,0.5259960057456604,214.82243763678255,0,2,10,4,False,False,1,1,low_vol,bull_stable
2024-10-09 04:00:00,62394.07,62543.75,62200.0,62276.78,2041.93089,1728460799999,127412090.2498947,256814.0,1177.30143,73470020.490999,0,-0.0018798260796258903,-0.001881595170073273,62272.976,-69.44599999999627,62454.46800000001,-137.48199999998906,62624.75550000001,10.939000000005763,62089.8816,-21.016200000005483,63297.4292,-3.7534000000014203,61046.4852,30.48389999999199,0.007029355034041408,0.006689104537236729,0.008488244679933477,64478.19,61798.97,0.178339218130649,44.44244342983904,4.232520888574072,86.47517875561742,-82.24265786704335,62624.75550000001,63726.573221814084,61522.93777818593,0.3420902599809854,3129.816561,0.6524123220012574,-3.8384749398157054,117.29000000000087,149.6800000000003,76.77999999999884,343.75,0.34120727272727525,0.5765628189306642,0.4234371810693358,125.77017236856629,4,2,10,4,False,False,1,1,low_vol,bull_stable
2024-10-09 08:00:00,62276.79,62287.07,62046.69,62200.0,1718.42818,1728475199999,106811957.5196302,276675.0,803.49569,49946049.5102522,0,-0.0012328832672465762,-0.0012336438930614039,62255.373999999996,-17.602000000006228,62336.268000000004,-118.20000000000437,62640.822499999995,16.066999999988184,62059.412000000004,-30.469599999996717,63287.8292,-9.599999999998545,61074.54520000001,28.060000000004948,0.006994834308690319,0.0066590491828345975,0.008436202501692117,64478.19,61798.97,0.14968162375616734,34.35647452493656,-16.87077899475844,65.80598720554225,-82.67676620030069,62640.822499999995,63705.57912228974,61576.06587771025,0.29299377398939663,2892.209796,0.5941575131847732,-2.1186213490869874,76.79000000000087,10.279999999998836,153.30999999999767,240.37999999999738,0.3194525334886501,0.46757595071561264,0.5324240492843874,161.00469209018672,8,2,10,4,False,False,1,1,low_vol,bull_stable
2024-10-09 12:00:00,62199.99,62412.09,61634.61,62316.0,5229.60107,1728489599999,324085369.4872917,960798.0,2554.42661,158316767.4594826,0,0.0018649517684887762,0.001863214905048473,62269.46800000001,14.094000000011874,62345.46800000001,9.200000000004366,62659.172,18.3495000000039,62024.8136,-34.598400000002584,63275.2016,-12.627599999999802,61107.10375,32.558549999994284,0.0040045809127326375,0.0066659656736490405,0.008405669417462819,64478.19,61634.61,0.23962399510476196,36.077863850464084,-23.958882561535574,47.853013252126686,-71.81189581366226,62659.172,63685.691689427586,61632.65231057241,0.33284684963453554,3091.075564,1.6918386373035297,9.752953763987296,116.01000000000204,96.08999999999651,565.3799999999974,777.4799999999959,0.14921284148788733,0.4884553478952076,0.5115446521047924,183.72300050030395,12,2,10,4,False,False,1,1,low_vol,bull_stable
2024-10-09 16:00:00,62316.0,62350.0,60835.0,61031.98,5071.40002,1728503999999,311795902.9574843,1003401.0,2147.39383,132002090.7009165,0,-0.020604981064253125,-0.02082022555925352,62043.766,-225.70200000000477,62185.686,-159.78200000000652,62605.675,-53.49699999999575,61970.7732,-54.040399999998044,63241.9814,-33.22020000000339,61132.268200000006,25.164450000003853,0.007158416200465496,0.00811343258809525,0.00885468667538212,64478.19,60835.0,0.05406800084541379,29.984508752364647,-131.66815022710216,11.948780556280916,-143.61693078338308,62605.675,63844.11741129072,61367.23258870929,-0.1353525144378261,3322.296631,1.52647417833775,-104.49610138135291,1284.0199999999968,34.0,196.9800000000032,1515.0,0.8475379537953774,0.4234321531591586,0.5765678468408414,197.8548322046976,16,2,10,4,False,False,1,1,low_vol,bull_stable
2024-10-09 20:00:00,61031.99,61122.53,60301.0,60636.02,3731.22489,1728518399999,226500795.7414434,694076.0,1720.47226,104477353.7125983,0,-0.006487746260239402,-0.006508883156150811,61692.156,-351.6100000000006,62017.289000000004,-168.3969999999972,62501.4755,-104.19950000000244,61930.916600000004,-39.85659999999916,63212.8534,-29.127999999996973,61165.22325,32.955049999996845,0.007231772865963874,0.007789060302533482,0.008570101281597856,64478.19,60301.0,0.08020224121957503,20.633455256525707,-246.14181406506395,-39.66933836798806,-206.47247569707588,62501.4755,64018.715427575684,60984.23557242432,-0.11475296889290125,3436.532024,1.0857529811862447,-24.207240326209675,395.97000000000116,90.54000000000087,335.0199999999968,821.5299999999988,0.48199091938213057,0.4611011961811822,0.5388988038188178,186.01827026298594,20,2,10,4,False,False,1,1,low_vol,bull_stable
2024-10-10 00:00:00,60636.01,60956.0,60355.0,60865.29,2727.57646,1728532799999,165527601.839246,468560.0,1342.80151,81488083.3382747,0,0.0037810858958091664,0.003773955558493406,61409.85800000001,-282.2979999999952,61841.416999999994,-175.8720000000103,62413.170999999995,-88.30450000000565,61913.1026,-17.814000000005763,63187.1559,-25.697500000002037,61201.878300000004,36.65505000000121,0.007111128454584665,0.007883715451439456,0.008371832056108596,64478.19,60301.0,0.1350884206847188,25.297553027551885,-314.7347778803887,-94.6824262704682,-220.05235160992052,62413.170999999995,64095.20328309821,60731.138716901776,0.03987773731997723,3485.194163,0.7826182222376229,10.313200882647095,229.27999999999884,90.70999999999913,281.01000000000204,601.0,0.3814975041597318,0.49230572623434354,0.5076942737656565,171.78620173309457,0,3,10,4,False,False,1,1,low_vol,bull_stable
2024-10-10 04:00:00,60865.29,61149.58,60814.9,60900.0,1627.37524,1728547199999,99243374.2391954,280280.0,689.49805,42046886.752767,0,0.0005702757680114967,0.0005701132225799175,61149.85800000001,-260.0,61702.615999999995,-138.80099999999948,62317.1755,-95.99549999999726,61914.986999999994,1.8843999999953667,63159.9759,-27.18000000000029,61236.563449999994,34.685149999990244,0.00712291617556817,0.007830587897705889,0.008082417724666974,64478.19,60301.0,0.14339783442936513,33.32812862021386,-362.1200939421906,-148.16995980481266,-213.95013413737792,62317.1755,64116.52052687663,60517.830473123366,0.1061968441761328,2950.2094349999998,0.5516134619778275,0.9280526648338938,34.70999999999913,249.58000000000175,50.38999999999942,334.6800000000003,0.10371100752957779,0.42368719460178095,0.576312805398219,172.22825634240323,4,3,10,4,False,False,1,1,low_vol,bull_stable
2024-10-10 08:00:00,60900.01,61321.68,60630.71,61262.0,2559.67177,1728561599999,156113383.9785118,455724.0,1317.02581,80320640.8815864,0,0.005944170771756907,0.005926573886834904,60939.058000000005,-210.8000000000029,61604.263,-98.35299999999552,62203.75,-113.42549999999756,61905.217599999996,-9.769399999997404,63139.6103,-20.365599999997357,61273.7789,37.21545000000333,0.007576473468400761,0.007450359941639157,0.007817144450430163,64478.19,60301.0,0.23005896308283785,32.58449283924466,-366.24112397417775,-191.78419263868568,-174.45693133549207,62203.75,63966.684744781334,60440.815255218666,0.23290276262698253,2847.598285,0.8988879447930977,15.215126120525268,361.98999999999796,59.68000000000029,269.3000000000029,690.9700000000012,0.5238867099874052,0.5145291773093236,0.48547082269067643,178.04001487268815,8,3,10,4,False,False,1,1,low_vol,bull_stable
2024-10-10 12:00:00,61262.01,61320.0,60444.99,60789.36,5227.91174,1728575999999,318004046.376422,967908.0,2194.1677,133548844.641398,0,-0.0077150599066305725,-0.00774497494485172,60890.534,-48.52400000000489,61467.15,-137.11299999999756,62066.6185,-137.13150000000314,61886.45680000001,-18.760799999989104,63114.10399999999,-25.506300000008196,61306.2957,32.51680000000488,0.007820024670679137,0.007551495089526676,0.00789044194256255,64478.19,60301.0,0.11691112925196132,31.28718100440375,-402.99963896819827,-234.02728190458822,-168.97235706361005,62066.6185,63821.184660313185,60312.05233968681,0.1360187125197927,3215.369205,1.6259133575921647,-40.33365226067727,472.65000000000146,57.98999999999796,344.3700000000026,875.010000000002,0.5401652552542261,0.4197025139525405,0.5802974860474596,185.14237579687986,12,3,10,4,False,False,1,1,low_vol,bull_stable
2024-10-10 16:00:00,60789.36,61030.31,58946.0,59727.28,8517.95777,1728590399999,508384002.2596404,1287924.0,3546.43984,211549090.5168034,0,-0.017471478561379872,-0.01762590620600091,60708.786,-181.7479999999996,61200.471,-266.6790000000037,61896.2105,-170.4079999999958,61857.7222,-28.734600000010687,63080.1368,-33.96719999999186,61333.3021,27.006399999998393,0.008838183645323197,0.008254428358395632,0.008164948863481729,64478.19,58946.0,0.14122436141925684,20.123559928628197,-511.93078730860725,-289.607982985392,-222.32280432321522,61896.2105,63862.89266153055,59929.52833846945,-0.051418663987894145,3845.3078029999997,2.2151562908317852,-148.82131656529413,1062.0800000000017,240.9499999999971,781.2799999999988,2084.3099999999977,0.5095595184977296,0.4163486055883557,0.5836513944116444,151.2010313711616,16,3,10,4,False,False,1,1,low_vol,bull_stable
2024-10-14 00:00:00,62870.02,64392.49,62457.81,64299.99,5202.69582,1728878399999,330412985.8390324,836170.0,3080.62332,195788792.9670518,0,0.022744863131902937,0.02249005521089831,62938.99399999999,291.30199999998877,62961.448,136.30800000000454,62428.0985,228.63549999999668,62256.8602,49.03020000000106,62727.139899999995,-11.373600000013539,62025.9875,31.739900000007765,0.008713770293177136,0.008041303626725048,0.008109205131822063,64392.49,59586.29,0.9807540260496858,62.54858262767921,371.7882447690936,254.99724862589807,116.79099614319551,62428.0985,64416.96232003986,60439.234679960144,0.9705931801712009,2231.444887,2.3315367770496946,118.33460434282351,1429.9700000000012,92.5,412.2099999999991,1934.6800000000003,0.7391248165071231,0.5921205902827508,0.4078794097172492,160.71860222648957,0,0,10,4,False,False,1,1,low_vol,bull_stable
2024-10-14 04:00:00,64300.0,64686.0,63778.62,64620.87,6540.2077,1728892799999,420017800.6925101,724588.0,3300.59654,212067403.7512993,0,0.004990358474394885,0.004977947907204568,63350.902,411.90800000001036,63107.78600000001,146.33800000001065,62642.822499999995,214.7239999999947,62308.1176,51.25739999999496,62713.288499999995,-13.851399999999558,62060.91189999999,34.924399999988964,0.008751469692597923,0.007911236174436174,0.008122758523134726,64686.0,60087.64,0.9858362546647071,72.55935073579948,484.39883365073183,300.87756563086486,183.52126801986697,62642.822499999995,64603.37784336423,60682.26715663576,1.0044610208773188,2616.417298,2.499680653005681,32.63798091999768,320.8700000000026,65.12999999999738,521.3799999999974,907.3799999999974,0.3536225175780859,0.5046623427570962,0.49533765724290374,110.78975366485685,4,0,10,4,False,False,1,1,low_vol,bull_stable
2024-10-14 08:00:00,64620.87,65188.57,64340.98,64920.06,5338.83523,1728907199999,345891475.5551484,843475.0,2754.67393,178521438.2334481,0,0.0046299283807227365,0.004619243230610292,63889.052,538.1500000000015,63299.791000000005,192.00499999999738,62858.1255,215.30300000000716,62368.9456,60.82800000000134,62705.9092,-7.379299999993236,62101.414450000004,40.50255000001198,0.008604139800823515,0.00791011132704744,0.00812186669219383,65188.57,60578.0,0.9417620814779947,74.08328179587886,590.9732969209508,358.89671188888207,232.07658503206875,62858.1255,64826.321265674575,60889.92973432543,1.023813366525889,2996.52693,1.7816743699346629,24.7184247513794,299.18999999999505,268.51000000000204,279.8899999999994,847.5899999999965,0.3529890631083381,0.5159690852643153,0.48403091473568477,157.98858059157598,8,0,10,4,False,False,1,1,low_vol,bull_stable
2024-10-14 12:00:00,64920.05,66299.93,64660.56,65870.0,11165.96157,1728921599999,732459001.9203129,1322727.0,5877.57433,385620250.2500942,0,0.014632457209682315,0.014526435792220578,64516.188,627.1359999999986,63566.168999999994,266.3779999999897,63117.891,259.76550000000134,62447.3654,78.4198000000033,62706.909700000004,1.0005000000019209,62147.204450000005,45.79000000000087,0.009355418138640725,0.008265737473065209,0.008347868141556799,66299.93,60650.44,0.923899325425836,77.53530189667256,743.5157590623421,435.8205213235741,307.695237738768,63117.891,65238.21666209591,60997.565337904096,1.1489826183774954,4015.692027,2.78058214995679,163.38545487798214,949.9499999999971,429.929999999993,259.49000000000524,1639.3699999999953,0.5794604024716811,0.5263831774051145,0.4736168225948855,118.4606441377892,12,0,10,4,False,False,1,1,low_vol,bull_stable
2024-10-14 16:00:00,65870.0,66072.3,65459.0,65939.4,5541.11281,1728935999999,364580776.026947,820828.0,2695.76995,177359687.6121184,0,0.0010535904053436962,0.001053035768511758,65130.06399999999,613.8759999999893,63888.878000000004,322.70900000000984,63356.11749999999,238.22649999998976,62524.115,76.74959999999555,62705.666099999995,-1.2436000000088825,62192.9115,45.70704999999725,0.00847112725842777,0.008234553250257274,0.00834609449135796,66299.93,61129.72,0.9302678227770247,77.12957725607687,860.0921523746802,520.6748475337954,339.41730484088475,63356.11749999999,65622.83339299871,61089.40160700127,1.0698293526725318,4371.916846,1.2674332575812215,5.838063291543047,69.39999999999418,132.90000000000873,411.0,613.3000000000029,0.11315832382193682,0.4865033509397186,0.5134966490602815,148.13414347361032,16,0,10,4,False,False,1,1,low_vol,bull_stable
2024-10-14 20:00:00,65939.41,66500.0,65730.0,66083.99,3881.13909,1728950399999,256732432.7795942,429789.0,2231.88099,147704786.4334746,0,0.002192770938164612,0.0021903703246608183,65486.864,356.8000000000102,64212.929000000004,324.0509999999995,63547.3645,191.2470000000103,62591.3946,67.27960000000166,62708.2659,2.5998000000035972,62239.825300000004,46.913800000002084,0.008467245053207343,0.00755573135721755,0.00825227840105803,66500.0,62050.0,0.9065146067415742,76.81113745552089,953.1595585040122,607.1717897278388,345.9877687761734,63547.3645,66056.78789527134,61037.94110472867,1.0054199910584893,4662.336984,0.8324449955717745,8.510449003526649,144.58000000000175,416.00999999999476,209.4100000000035,770.0,0.18776623376623602,0.5750582337413731,0.4249417662586269,110.7378504180328,20,0,10,4,False,False,1,1,low_vol,bull_stable
2024-10-15 00:00:00,66084.0,66330.0,65324.4,65400.0,3574.82599,1728964799999,235256621.5023551,562660.0,1590.74315,104689472.006611,0,-0.010350313290707902,-0.010404250282621241,65642.69,155.82600000000093,64496.795999999995,283.8669999999911,63663.064,115.69949999999517,62646.767,55.3724000000002,62704.2858,-3.980100000000675,62278.897800000006,39.07250000000204,0.009358544079756488,0.007711432954505086,0.008402773010719778,66500.0,62050.0,0.7528089887640449,70.05295673723656,960.6500954030125,677.8674508628736,282.7826445401389,63663.064,66293.38958619758,61032.73841380242,0.8301750948845332,4812.593075999999,0.742806618707773,-37.000568956265035,684.0,246.0,75.59999999999854,1005.5999999999985,0.6801909307875905,0.4449847781262215,0.5550152218737785,157.39507365503965,0,1,10,4,False,False,1,1,low_vol,bull_stable
2024-10-15 04:00:00,65399.99,65846.0,65201.0,65638.74,3319.36953,1728979199999,217560109.7245253,412815.0,1440.63626,94416755.2517852,0,0.0036504587155963275,0.003643811962067558,65786.426,143.73600000000442,64837.739,340.9430000000066,63818.001000000004,154.93700000000536,62703.1436,56.376600000003236,62704.481900000006,0.1961000000083004,62320.40149999999,41.503699999986566,0.008724178075837493,0.007311288611780755,0.008406541520660485,66500.0,62050.0,0.8064584269662933,70.21487004417726,974.6159565586058,737.2171520020202,237.39880455658567,63818.001000000004,66533.46640371518,61102.535596284826,0.8352535807506419,4856.301494,0.6835180093536425,12.117221431073386,238.75000000000728,207.25999999999476,198.98999999999796,645.0,0.3701550387597012,0.4340090029084529,0.5659909970915471,124.36548455031459,4,1,10,4,False,False,1,1,low_vol,bull_stable
2024-10-15 08:00:00,65638.74,65850.0,65280.0,65399.69,3798.65244,1728993599999,249269064.6416353,549835.0,1903.21015,124909738.9828218,0,-0.0036419041559908605,-0.003648552034463819,65692.364,-94.06200000000536,65104.276,266.5369999999966,63959.5855,141.5844999999972,62740.527200000004,37.383600000001024,62701.2388,-3.2431000000069616,62356.23635000001,35.83485000001383,0.00909910939912454,0.00742640452732235,0.008294288814802502,66500.0,62050.0,0.7527393258426972,73.32066368148833,955.3816203522001,780.8500456720561,174.531574680144,63959.5855,66695.83871558674,61223.33228441326,0.7631526372991759,5017.544056,0.7570740580658292,-13.834328108400822,239.0500000000029,211.25999999999476,119.69000000000233,570.0,0.4193859649122858,0.5010224494241964,0.4989775505758036,144.74475058844817,8,1,10,4,False,False,1,1,low_vol,bull_stable
2024-10-15 12:00:00,65399.68,67950.0,64800.01,66022.0,20567.31949,1729007999999,1362472865.2930892,2458488.0,10827.45747,717841079.2646374,0,0.009515488529074023,0.00947050142578906,65708.884,16.520000000004075,65419.474,315.19800000000396,64122.30700000001,162.72150000000693,62790.3274,49.80019999999786,62702.8788,1.639999999999418,62395.65555,39.419199999996636,0.00921199547389365,0.007601548687563904,0.008388591478630929,67950.0,62050.0,0.6732203389830509,75.41620421753595,979.0674068531516,820.4935179082753,158.57388894487633,64122.30700000001,66945.76977767741,61298.8442223226,0.8364119079272382,6893.011967,2.9837928018209112,195.70809268089562,622.3199999999997,1928.0,599.6699999999983,3149.989999999998,0.1975625319445459,0.526439892921603,0.473560107078397,119.53370983493191,12,1,10,4,False,False,1,1,low_vol,bull_stable
2024-10-15 16:00:00,66022.01,67390.89,65982.55,66970.18,8440.07018,1729022399999,563900132.6376013,1689851.0,4221.13772,282006394.7067415,0,0.01436157644421554,0.014259425872444406,65886.122,177.23799999999756,65686.493,267.01900000000023,64323.97050000001,201.6635000000024,62867.0222,76.69479999999749,62714.42140000001,11.542600000007951,62440.2165,44.56094999999914,0.007663060177294384,0.008047200349243859,0.008540114061296669,67950.0,62050.0,0.8339288135593208,81.8605948573269,1062.1054742615524,868.8159091789307,193.28956508262172,64323.97050000001,67359.15283224235,61288.78816775766,0.9359226580705954,7216.749403,1.169511328256939,121.21271308461402,948.1699999999983,420.7100000000064,39.45999999999185,1408.3399999999965,0.6732536177343543,0.5001306422786166,0.49986935772138336,200.21764795325433,16,1,10,4,False,False,1,1,low_vol,bull_stable
2024-10-15 20:00:00,66970.18,67156.47,66130.64,67074.14,3983.7166,1729036799999,265563068.520312,571970.0,1837.49725,122514690.3533883,0,0.0015523326949398175,0.0015511290719964254,66220.95,334.82799999999406,65931.82,245.32700000000477,64519.803,195.83249999998952,62935.473,68.45079999999871,62730.3927,15.971299999990151,62488.027050000004,47.81055000000197,0.007695900434749117,0.008054396272478634,0.008481122399247773,67950.0,62050.0,0.8515491525423727,86.20456709177068,1123.3531285073186,919.7233530446083,203.6297754627103,64519.803,67737.98568962359,61301.620310376406,0.8968601608970134,6961.100293,0.5722826036576399,6.1840535255544875,103.9600000000064,82.33000000000175,839.5399999999936,1025.8300000000017,0.10134232767613174,0.4612520002050346,0.5387479997949653,143.57698035045965,20,1,10,4,False,False,1,1,low_vol,bull_stable
2024-10-16 00:00:00,67074.14,67561.04,66750.49,67095.98,3508.4024,1729051199999,235695513.4297446,743951.0,1649.22689,110812017.6097224,0,0.0003256098400963303,0.00032555684071678076,66512.398,291.44800000000396,66149.412,217.59199999998964,64724.601500000004,204.79850000000442,63009.7526,74.27960000000166,62744.433300000004,14.040600000007544,62531.56694999999,43.53989999998885,0.007761904010504877,0.007976690985787977,0.008447207471140058,67950.0,62050.0,0.8552508474576265,85.13082055627319,1160.2796595715845,967.8346143500037,192.4450452215808,64724.601500000004,68054.92131468673,61394.281685313275,0.8560286446878473,6778.0570099999995,0.517611816310173,1.1423703444575815,21.839999999996508,465.0599999999977,323.6499999999942,810.5499999999884,0.02694466720127916,0.4700791705079212,0.5299208294920789,212.048367085828,0,2,10,4,False,False,1,1,low_vol,bull_stable
2024-10-16 04:00:00,67095.99,67361.41,66775.67,66972.53,3070.41603,1729065599999,205914709.807758,602475.0,1351.6476,90658101.1940598,0,-0.0018399015857581968,-0.0018415962837181768,66826.96599999999,314.56799999998475,66259.66500000001,110.25300000001153,64912.916999999994,188.3154999999897,63104.7232,94.97060000000056,62756.6452,12.211899999994785,62575.76800000001,44.20105000001786,0.006782712779640217,0.008055248689520986,0.007982126268367678,67950.0,62050.0,0.8343271186440676,83.10884207705922,1166.1402789572967,1007.4957472714624,158.6445316858343,64912.916999999994,68307.05555233792,61518.778447662065,0.803407325340523,5968.502456,0.5144365865030985,-5.649263322534387,123.4600000000064,265.41999999999825,196.86000000000058,585.7400000000052,0.21077611226825094,0.4402164354255277,0.5597835645744723,196.2193377423189,4,2,10,4,False,False,1,1,low_vol,bull_stable
2024-10-16 08:00:00,66972.53,68424.0,66917.52,67894.72,8671.10496,1729079999999,587525018.298481,933301.0,4976.76815,337334074.8333571,0,0.013769675417667493,0.013675734809245723,67201.51,374.54400000000896,66455.197,195.53199999999197,65172.0375,259.12050000000454,63210.0216,105.29839999999967,62776.00420000001,19.359000000011292,62626.01175,50.2437499999869,0.007771705030277934,0.007985747082301303,0.008139391991438613,68424.0,62050.0,0.9169626608095389,81.60085517721538,1231.0075986588417,1052.1981175489382,178.80948110990357,65172.0375,68649.07337394028,61695.00162605972,0.8915234985646809,6281.501671,1.38041911220563,119.39830081172667,922.1900000000023,529.2799999999988,55.00999999999476,1506.479999999996,0.6121488503000404,0.5739485536108653,0.4260514463891348,107.63345667078627,8,2,10,4,False,False,1,1,low_vol,bull_stable
2024-10-16 12:00:00,67894.73,68308.91,67117.18,67749.99,9342.2106,1729094399999,633059873.47502,1745619.0,4680.97829,317272025.1761996,0,-0.0021316826993320603,-0.002133957968907612,67357.472,155.96199999999953,66621.79699999999,166.59999999999127,65417.363,245.325499999999,63318.6216,108.59999999999854,62797.484,21.479799999986426,62674.215149999996,48.20339999999851,0.007937292866828817,0.008094190257003612,0.008102497268842691,68424.0,62050.0,0.8942563539378734,78.3868813911125,1256.255583055674,1093.0096106502854,163.24597240538856,65417.363,68895.00330005272,61939.72269994727,0.835374966750392,6827.608822,1.3682990404923934,-19.914628709536586,144.7399999999907,414.18000000000757,632.8100000000122,1191.7300000000105,0.12145368497897126,0.5010568151824794,0.4989431848175206,186.8528846909103,12,2,10,4,False,False,1,1,low_vol,bull_stable
2024-10-16 16:00:00,67750.0,68100.0,67482.0,67728.0,3575.32974,1729108799999,242452795.8072381,819485.0,1732.02663,117459407.0145969,0,-0.0003245756936643973,-0.00032462837975558097,67488.24399999999,130.7719999999972,66854.597,232.8000000000029,65675.69649999999,258.33349999999336,63420.701400000005,102.0798000000068,62829.227199999994,31.74319999999716,62723.49965,49.28450000000157,0.00666148072905245,0.007921502525560066,0.008094308339304261,68424.0,62050.0,0.890806401004079,76.82219029642587,1259.966276437175,1126.4009438076635,133.56533262951166,65675.69649999999,69025.28593824623,62326.10706175374,0.806351500360973,6827.659197000001,0.5236538082584674,-1.1604651304394493,22.0,350.0,246.0,618.0,0.03559870550161812,0.4844382912777158,0.5155617087222841,229.20543267150515,16,2,10,4,False,False,1,1,low_vol,bull_stable
2024-10-16 20:00:00,67728.01,67954.03,67500.0,67620.01,1770.79171,1729123199999,119912499.2880256,264854.0,822.22646,55675041.6478926,0,-0.0015944660996929372,-0.0015957386135978771,67593.05,104.80600000001141,67052.724,198.12700000000768,65945.2315,269.5350000000035,63527.3414,106.63999999999214,62859.80720000001,30.580000000016298,62763.2628,39.76314999999886,0.006854087536772095,0.007733054454707249,0.00804550232613568,68424.0,62177.67,0.8712860191504443,69.92084072297426,1239.9003379020287,1149.1008226265367,90.79951527549201,65945.2315,68979.8944892574,62910.56851074259,0.7759414317057032,6672.801415,0.2653745555831141,-2.8234673512122868,108.0,226.02000000000407,120.00999999999476,454.02999999999884,0.2378697442900255,0.46432703256782243,0.5356729674321775,149.56812735474122,20,2,10,4,False,False,1,1,low_vol,bull_stable
2024-10-17 00:00:00,67620.0,67939.4,67406.99,67601.4,2503.78211,1729137599999,169343646.449068,459958.0,1159.72607,78442970.1956977,0,-0.0002752143928993478,-0.0002752522713303296,67718.824,125.77399999999034,67272.895,220.1710000000021,66188.5855,243.35400000000664,63634.4588,107.11740000000282,62897.6268,37.819599999987986,62802.54985,39.287050000006275,0.00656836362212596,0.007736532791430517,0.008043274912578124,68424.0,62457.81,0.8621230634626109,69.14032089404405,1208.5646842018177,1160.993594941593,47.57108926022465,66188.5855,68902.76349829327,63474.40750170674,0.7602656312313346,6543.3143820000005,0.38264738079644356,-0.6890768733558981,18.60000000000582,319.3999999999942,194.40999999998894,532.4099999999889,0.034935482053316445,0.46318969425019174,0.5368103057498083,183.70528256550247,0,3,10,4,False,False,1,1,low_vol,bull_stable
2024-10-17 04:00:00,67601.4,67601.4,67087.35,67303.18,3552.90409,1729151999999,239150232.1279215,451337.0,1500.2997,100980301.1472238,0,-0.004411447100208021,-0.004421206244843274,67600.51599999999,-118.30800000000454,67401.01299999999,128.11799999998766,66410.24350000001,221.65800000001036,63737.3126,102.85379999999714,62935.04449999999,37.41769999999087,62836.57575,34.02590000000055,0.006588949387907258,0.007945317775300068,0.008078295091104302,68424.0,62457.81,0.8121380646610304,63.560869807018335,1146.4515118247218,1158.0851783182188,-11.633666493497003,66410.24350000001,68669.2101488464,64151.27685115362,0.6976426921698891,4841.872842,0.7337871534297513,-15.673448445147718,298.22000000000116,0.0,215.8299999999872,514.0499999999884,0.5801381188600485,0.4222741909140587,0.5777258090859413,127.0332630904202,4,3,10,4,False,False,1,1,low_vol,bull_stable
2024-10-17 08:00:00,67303.18,67530.01,66741.09,66872.43,4840.70419,1729166399999,324867946.9875263,696080.0,1907.07404,128005026.6057216,0,-0.00640014335132455,-0.006420712077615659,67425.004,-175.5119999999879,67391.238,-9.77499999999418,66538.8655,128.62199999998847,63826.8798,89.56720000000496,62968.8888,33.84430000001157,62869.29104999999,32.71529999998893,0.005405946348600122,0.006810429699823591,0.008150914751487598,68424.0,63778.62,0.6659971842992376,67.35533391010381,1050.3605475768418,1136.5402521699434,-86.17970459310163,66538.8655,68573.74520272609,64503.98579727391,0.5819617247037069,4481.936243,1.0800475347145628,-30.981200737357394,430.75,226.83000000000175,131.3399999999965,788.9199999999983,0.5459995943821946,0.3939662423371505,0.6060337576628495,143.79726020812686,8,3,10,4,False,False,1,1,low_vol,bull_stable
2024-10-17 12:00:00,66872.44,67680.0,66666.0,67590.66,6644.01683,1729180799999,445619225.7887798,1363225.0,3478.60818,233336725.0440706,0,0.010740300599215713,0.010683033251507504,67397.536,-27.468000000008033,67442.88999999998,51.65199999998731,66687.35500000001,148.4895000000106,63933.1574,106.27759999999398,63011.5195,42.630700000001525,62906.553649999994,37.26260000000184,0.006411486253747634,0.007060730819171056,0.008241547278318936,68424.0,64340.98,0.7959010732252114,70.67054961347021,1020.4003841623926,1113.3122785684332,-92.91189440604057,66687.35500000001,68559.87514094694,64814.83485905308,0.741200342855376,4747.966266,1.3993395188119897,71.35873794044828,718.2200000000012,89.33999999999651,206.44000000000233,1014.0,0.7083037475345179,0.5235700433949684,0.4764299566050316,205.18084690041343,12,3,10,4,False,False,1,1,low_vol,bull_stable
2024-10-17 16:00:00,67590.67,67590.67,66720.0,66840.0,5364.13174,1729195199999,360275516.9787891,720889.0,2690.04593,180749455.908033,0,-0.01110597233404742,-0.011168104095495249,67241.534,-156.00199999999313,67417.29199999999,-25.597999999998137,66783.352,95.99699999998847,64025.95739999999,92.79999999999563,63042.684700000005,31.165200000003097,62942.2217,35.6680500000075,0.007439378149247096,0.007637431176495188,0.008428722355214089,68424.0,64660.56,0.5791084752247946,63.76151084154541,925.4171178500837,1075.7332464247634,-150.31612857467962,66783.352,68461.11591730602,65105.58808269399,0.5168819937703026,4933.5392,1.087278629508001,-59.57389870062565,750.6699999999983,0.0,120.0,870.6699999999983,0.862175106527157,0.5014876703978938,0.49851232960210623,134.3906218082556,16,3,10,4,False,False,1,1,low_vol,bull_stable
2024-10-17 20:00:00,66840.0,67480.0,66827.68,67421.78,2422.68965,1729209599999,162907871.2333748,290471.0,1418.1932,95372928.5034912,0,0.008704069419509297,0.008666407391432124,67205.61000000002,-35.92399999998452,67462.21699999999,44.92500000000291,66860.94099999999,77.58899999999267,64128.073,102.11560000000463,63076.4433,33.75859999999375,62979.950600000004,37.728900000001886,0.007936503582445388,0.007203032395860357,0.008490450951776665,68424.0,64800.01,0.7234484642617662,63.47865608233281,886.8637654076592,1037.9593502213424,-151.09558481368322,66860.94099999999,68504.02623963635,65217.85576036364,0.6706664348479346,4868.766562,0.4975982354357945,21.08725889552668,581.7799999999988,58.220000000001164,12.320000000006985,652.320000000007,0.8918628893794344,0.5853796420024332,0.41462035799756686,119.89608326431741,20,3,10,4,False,False,1,1,low_vol,bull_stable
2024-10-18 00:00:00,67421.78,68260.92,67192.36,67555.4,4815.67963,1729223999999,326509565.0550706,769247.0,2439.8995,165485141.1675012,0,0.001981852155193753,0.001979890877092537,67256.05399999999,50.44399999997404,67428.285,-33.93199999998615,66941.74100000001,80.80000000001746,64258.541399999995,130.46839999999793,63114.657300000006,38.21400000000722,63018.677599999995,38.726999999991676,0.006529886920472953,0.007205100831415815,0.007861895772837742,68424.0,64800.01,0.7603194269299842,56.68361496749671,857.2105831190711,1001.8095968008881,-144.59901368181704,66941.74100000001,68552.63652965042,65330.84547034959,0.6904713833718192,4483.224029,1.07415547357203,9.543965053438153,133.61999999999534,705.5200000000041,229.41999999999825,1068.5599999999977,0.12504679194429477,0.5066573541977917,0.4933426458022084,159.73799320201041,0,4,10,4,False,False,1,1,low_vol,bull_stable
2024-10-18 04:00:00,67555.41,68378.95,67544.0,67969.7,4436.03787,1729238399999,301567071.8561159,436719.0,1841.80869,125221522.4416544,0,0.006132744384608868,0.006114015641157129,67475.508,219.45400000001246,67450.256,21.970999999990454,67036.0265,94.28549999999814,64405.21499999999,146.67359999999462,63168.065800000004,53.40849999999773,63058.56095,39.8833500000037,0.006814638058627204,0.00728604720172306,0.0077839661110833255,68424.0,64800.01,0.8746409344396637,59.550887730464325,857.2588239685429,972.8994422344191,-115.64061826587624,67036.0265,68656.25025016551,65415.80274983451,0.7881310374275821,3992.6067559999997,1.1110630575710023,27.205086337154786,414.2899999999936,409.25,11.410000000003492,834.9499999999971,0.4961854003233667,0.41519228283774773,0.5848077171622523,98.44798732522993,4,4,10,4,False,False,1,1,low_vol,bull_stable
2024-10-18 08:00:00,67969.69,68050.0,67674.98,67702.0,3604.45968,1729252799999,244664439.6193929,404643.0,1451.3212,98523381.5481959,0,-0.0039385196639090125,-0.003946296057515543,67497.776,22.26799999999639,67447.65599999999,-2.6000000000058208,67151.1265,115.09999999999127,64541.9492,136.73420000001352,63227.5259,59.4600999999966,63096.2913,37.730349999998,0.006948586707925094,0.006869441710986504,0.007830724286345214,68424.0,64800.01,0.8007720771856434,56.140990875964214,826.1723024236126,943.5540142722579,-117.3817118486453,67151.1265,68599.99695273582,65702.25604726418,0.6901044703340516,3995.5197499999995,0.9021253567824312,-14.196235327447187,267.6900000000023,80.30999999999767,27.020000000004075,375.0200000000041,0.7138019305637017,0.4026459799378308,0.5973540200621691,112.26176346075815,8,4,10,4,False,False,1,1,low_vol,bull_stable
2024-10-18 12:00:00,67702.0,68870.68,67642.71,68735.35,8981.93414,1729267199999,614016142.602777,1292600.0,5236.98773,358113638.2312825,0,0.015263212312782493,0.015147901351137097,67876.84599999999,379.06999999999243,67559.19,111.5340000000142,67305.95700000001,154.83050000001094,64698.6562,156.70699999999488,63306.8216,79.2957000000024,63138.98805,42.696750000002794,0.008413700935663099,0.007500056507263109,0.008042620693412083,68870.68,64800.01,0.9667548585368041,65.08199694735906,874.8341752596461,929.8100464697355,-54.975871210089394,67305.95700000001,68736.03414512682,65875.8798548732,0.9997608013214031,4716.633993,1.9043101825009467,137.09316775824942,1033.3500000000058,135.3299999999872,59.2899999999936,1227.9699999999866,0.8415107860941368,0.5830579080598781,0.4169420919401219,143.9110975267071,12,4,10,4,False,False,1,1,low_vol,bull_stable
2024-10-18 16:00:00,68735.34,69000.0,68360.0,68608.01,5094.2734,1729281599999,350274011.1083933,814099.0,2461.85427,169299450.1120722,0,-0.0018526129567975058,-0.0018543311666278284,68114.09199999999,237.24599999999919,67659.851,100.66099999999278,67466.37299999999,160.4159999999829,64845.576400000005,146.92020000000775,63375.39699999999,68.57539999998698,63182.02555,43.037499999998545,0.008468808907227498,0.007435412355568419,0.008049174368132525,69000.0,64800.01,0.9066688254019639,57.06329825895614,892.8317773362069,922.4143926430298,-29.58261530682296,67466.37299999999,68702.76378503068,66229.9822149693,0.9616812960037017,4975.683122,1.023833969143986,-9.437716906308884,127.33000000000175,264.6600000000035,248.00999999999476,640.0,0.19895312500000273,0.4832591572332965,0.5167408427667035,159.80669588718973,16,4,10,4,False,False,1,1,low_vol,bull_stable
2024-10-18 20:00:00,68608.01,68690.0,68204.1,68428.0,1793.25028,1729295999999,122704669.6352147,293661.0,786.30711,53797830.7661055,0,-0.0026237461194399403,-0.0026271941738229957,68288.612,174.52000000000407,67772.33300000001,112.48200000001816,67586.673,120.30000000000291,64998.3492,152.77279999999155,63442.403,67.0060000000085,63222.4885,40.462950000001,0.008347896818449088,0.007320608781626866,0.007951514737700675,69000.0,65982.55,0.8104359641419078,56.66735502650177,882.3979695348098,914.4111080213859,-32.013138486576054,67586.673,68692.65830943102,66480.68769056897,0.8803517970925071,4799.717741,0.3736157784200002,-4.705033463334586,180.00999999999476,81.99000000000524,223.89999999999418,485.8999999999942,0.3704671743156965,0.4384815208282025,0.5615184791717975,163.75907104277715,20,4,10,4,False,False,1,1,low_vol,bull_stable
2024-10-19 00:00:00,68427.99,68693.26,68303.03,68450.01,1376.73627,1729310399999,94232160.8970785,227497.0,709.1446,48541972.9903666,0,0.00032165195533995217,0.00032160023643979153,68384.674,96.06200000000536,67930.09099999999,157.75799999997253,67660.66449999998,73.99149999998917,65172.8038,174.45460000000458,63515.263000000006,72.86000000000786,63265.34745,42.85895000000164,0.007881684415393376,0.006701291861170155,0.0074246942218685105,69000.0,66130.64,0.8083231103800133,57.10001042369356,865.9232999521191,904.7135464075326,-38.79024645541347,67660.66449999998,68790.73286889508,66530.59613110489,0.8492467897193596,4453.320949,0.30914822573233763,0.44282991323293236,22.019999999989523,243.25,124.9600000000064,390.2299999999959,0.05642826025674539,0.515091100200331,0.484908899799669,165.2437035017607,0,5,10,4,False,False,1,1,low_vol,bull_stable
2024-10-19 04:00:00,68450.0,68560.0,68302.31,68346.54,1113.67315,1729324799999,76157615.2206262,182320.0,465.6159,31839593.0257893,0,-0.0015116140961849434,-0.001512757737414266,68513.582,128.9079999999958,68005.679,75.58800000001793,67724.2845,63.620000000009895,65333.2068,160.40299999999843,63579.9883,64.72529999999097,63311.420150000005,46.07270000000426,0.007370314846390226,0.006725737287421566,0.007373178857054911,69000.0,66666.0,0.7200257069408713,57.15081544472984,834.8937064049678,890.7495784070197,-55.85587200205191,67724.2845,68858.57983763819,66589.9891623618,0.7742916590381337,3900.2865809999994,0.28553623608716056,-1.683444032082689,103.4600000000064,110.0,44.229999999995925,257.6900000000023,0.40149016259849224,0.4180902628387871,0.5819097371612129,163.71051057484863,4,5,10,4,False,False,1,1,low_vol,bull_stable
2024-10-19 08:00:00,68346.54,68475.7,68090.3,68090.3,1655.36285,1729339199999,113045563.7284313,180137.0,712.02084,48642014.1034964,0,-0.0037491290707618585,-0.0037561746705780485,68384.572,-129.00999999999476,68130.709,125.02999999999884,67774.0005,49.71600000000035,65482.732800000005,149.5260000000053,63658.991200000004,79.00290000000678,63358.996199999994,47.576049999988754,0.006302238339286513,0.006807234836952078,0.007418574641589811,69000.0,66666.0,0.6102399314481589,54.5969294880475,780.6275153762399,868.7251658008638,-88.09765042462391,67774.0005,68879.13114482195,66668.86985517804,0.6431050263070782,3529.409692,0.4690197496063316,-6.2061689835942015,256.2399999999907,129.1600000000035,0.0,385.3999999999942,0.6648676699532812,0.43012976882983694,0.5698702311701631,108.82025049674155,8,5,10,4,False,False,1,1,low_vol,bull_stable
2024-10-19 12:00:00,68090.3,68350.0,68088.0,68226.93,1346.90882,1729353599999,91878286.1840446,203676.0,656.93,44811259.6915475,0,0.0020066000590390765,0.002004589526248162,68308.356,-76.21600000000035,68211.224,80.51499999999942,67836.7205,62.720000000001164,65633.7776,151.04479999999603,63734.7677,75.77649999999267,63405.57535,46.57915000000503,0.0058340932929028515,0.006784280320786517,0.007416190712756935,69000.0,66666.0,0.6687789203084803,58.957853722491265,740.1144880417414,843.0030302490394,-102.88854220729797,67836.7205,68891.56940179557,66781.87159820442,0.6849599024731311,3421.831609,0.3936221807225699,2.702707317732253,136.6299999999901,123.07000000000698,2.3000000000029104,262.0,0.5214885496182828,0.4877316045788459,0.5122683954211541,151.21736302833028,12,5,10,4,False,False,1,1,low_vol,bull_stable
2024-10-19 16:00:00,68226.94,68242.43,68010.0,68181.98,1019.59496,1729367999999,69478916.2075505,170432.0,472.57968,32203548.2934082,0,-0.0006588307578839769,-0.0006590478822384502,68259.152,-49.203999999997905,68273.882,62.65799999999581,67851.0835,14.362999999997555,65773.91979999999,140.1421999999875,63801.94760000001,67.1799000000101,63453.16529999999,47.58994999999413,0.005854651666742564,0.0060799035524941635,0.00737921384521722,69000.0,66666.0,0.649520137103683,63.7261047022299,696.3534040840459,813.6731050160407,-117.31970093199482,67851.0835,68917.02205275174,66785.14494724825,0.6552136842906122,3042.223142,0.3351479863274277,-0.6717405202314831,44.9600000000064,15.489999999990687,171.97999999999593,232.42999999999302,0.19343458245496603,0.4634974656995166,0.5365025343004834,167.1565736260603,16,5,10,4,False,False,1,1,low_vol,bull_stable
2024-10-19 20:00:00,68181.98,68413.96,68168.45,68378.0,1681.39132,1729382399999,114836086.7235794,188366.0,1054.90525,72046677.4130845,0,0.0028749531767777725,0.0028708284026905426,68244.75,-14.402000000001863,68314.712,40.830000000001746,67882.484,31.400500000003376,65896.2988,122.37900000001537,63876.4676,74.5199999999968,63505.64685,52.48155000000406,0.005619450051333992,0.00608067694002319,0.0070323087722669285,69000.0,66666.0,0.7335047129391602,59.26701003747574,669.7689262928616,784.892269271405,-115.1233429785434,67882.484,68972.60905471686,66792.35894528314,0.7272748423935199,2766.758487,0.6077116336320105,4.833921316840572,196.02000000000407,35.9600000000064,13.529999999998836,245.5100000000093,0.7984196163088942,0.6274001997345865,0.3725998002654135,112.0298396687334,20,5,10,4,False,False,1,1,low_vol,bull_stable
2024-10-20 00:00:00,68377.99,68446.0,68100.0,68188.0,1054.72024,1729396799999,71993792.4797161,173345.0,521.21147,35588175.7165545,0,-0.0027786715025300834,-0.0027825391765147083,68213.04199999999,-31.70800000001327,68363.312,48.60000000000582,67905.484,23.0,65998.33859999999,102.0397999999841,63950.70020000001,74.232600000003,63556.86689999999,51.22004999999626,0.005526261481793052,0.006122363456264304,0.006866673362400836,69000.0,66666.0,0.6520994001713796,68.27836264922365,626.1512422537198,753.144063867868,-126.99282161414817,67905.484,69001.2812090412,66809.68679095879,0.6289088882819829,2511.7845429999998,0.41990872303890925,-2.9307210740296905,189.99000000000524,68.00999999999476,88.0,346.0,0.5491040462427897,0.4941703498550477,0.5058296501449523,164.35163887629574,0,6,10,4,False,False,1,1,low_vol,bull_stable
2024-10-20 04:00:00,68188.01,68433.5,68176.26,68378.0,1441.04305,1729411199999,98440813.9028504,128795.0,956.49272,65346241.9168471,0,0.0027864140317943598,0.0027825391765145878,68270.58200000001,57.5400000000227,68327.57699999999,-35.735000000015134,67943.3835,37.899499999999534,66115.0986,116.76000000000931,64028.065200000005,77.36499999999796,63607.686949999996,50.820050000002084,0.002410237267826844,0.006127264963068538,0.006707443733743256,69000.0,66666.0,0.7335047129391602,64.50734910366432,599.9989115420904,722.5150334027124,-122.51612186062209,67943.3835,69049.98695766501,66836.78004233498,0.6963740927201989,1757.695434,0.8198479794196245,4.015342574939742,189.99000000000524,55.5,11.75,257.24000000000524,0.7385709842948273,0.663750274497351,0.336249725502649,89.37623341648259,4,6,10,4,False,False,1,1,low_vol,bull_stable
2024-10-20 08:00:00,68378.01,68500.0,68355.0,68420.01,1130.42068,1729425599999,77335885.3722238,118555.0,565.18947,38667187.047027,0,0.0006143788937962302,0.0006141902403495016,68309.198,38.61599999999453,68308.777,-18.79999999998836,67984.31399999998,40.93049999998766,66232.1388,117.0402000000031,64101.905300000006,73.84010000000126,63659.486999999994,51.80004999999801,0.0023846299095553213,0.006123993947138228,0.0067067951044413755,69000.0,66666.0,0.7515038560411289,63.49253908359168,576.022824385771,693.2165915993241,-117.1937672135532,67984.31399999998,69098.19080024381,66870.43719975615,0.6955763868610227,1361.3101620000002,0.8303917149484996,0.6945066069027823,42.0,79.99000000000524,23.00999999999476,145.0,0.2896551724137931,0.49998153784660065,0.5000184621533993,104.87688530255834,8,6,10,4,False,False,1,1,low_vol,bull_stable
2024-10-20 12:00:00,68420.01,68772.7,68198.22,68625.99,3025.00337,1729439999999,207285143.1855069,351071.0,1465.05971,100396537.4175311,0,0.0030105227988128647,0.0030060002496032647,68398.0,88.80199999999604,68328.576,19.79899999999907,68050.45449999999,66.14050000000861,66349.3072,117.16839999999502,64180.638100000004,78.73279999999795,63709.14,49.653000000005704,0.002432319986009752,0.006027179405693717,0.0067060918620993745,69000.0,66666.0,0.8397557840616989,60.95383064448845,567.1052310366649,667.9943194867924,-100.88908845012747,68050.45449999999,69151.05151476222,66949.85748523776,0.761465137684546,1484.485471,2.0377453529149427,9.106841611870747,205.98000000001048,146.70999999999185,221.7899999999936,574.4799999999959,0.3585503411781297,0.4843167199512905,0.5156832800487094,116.05639963303578,12,6,10,4,False,False,1,1,low_vol,bull_stable
2024-10-20 16:00:00,68625.99,68660.0,68422.0,68508.29,1137.38491,1729454399999,77975598.3274387,167723.0,560.65476,38437642.5593878,0,-0.0017150936547510875,-0.0017165661117152836,68424.058,26.05800000000454,68334.40400000001,5.828000000008615,68132.2475,81.79300000000512,66460.73479999999,111.42759999999544,64256.201100000006,75.56300000000192,63756.27650000001,47.1365000000078,0.0025134487127569144,0.005812004765587327,0.006723161320638393,69000.0,66666.0,0.7893273350471266,64.16676330335824,544.2666011359543,643.2487758166249,-98.9821746806706,68132.2475,69099.26246453579,67165.23253546421,0.6944346849795202,1460.5503350000001,0.7787372216788406,-1.9507216421506368,117.70000000001164,34.00999999999476,86.2899999999936,238.0,0.49453781512609934,0.4929331794985745,0.5070668205014255,147.46371129541362,16,6,10,4,False,False,1,1,low_vol,bull_stable
2024-10-20 20:00:00,68508.3,69400.0,68461.93,69031.99,4653.90153,1729468799999,321051196.5428502,624306.0,2704.31761,186565771.2736355,0,0.007644330343087091,0.007615260502210681,68592.856,168.79799999999523,68402.949,68.5449999999837,68204.314,72.06650000000081,66578.22480000001,117.49000000001979,64332.0846,75.88349999999627,63795.75895,39.48244999999588,0.0033831923107975966,0.00558191143668097,0.006770907615245822,69400.0,66720.0,0.8626828358208974,56.34915199095909,561.9472574686079,626.9884721470215,-65.04121467841367,68204.314,69215.21856215439,67193.4094378456,0.9093739562496893,1814.573173,2.564736214139985,35.57596067951844,523.6900000000023,368.00999999999476,46.370000000009895,938.070000000007,0.558263242615155,0.5810861258166758,0.4189138741833242,134.1468004803273,20,6,10,4,False,False,1,1,low_vol,bull_stable
2024-10-21 00:00:00,69032.0,69519.52,68588.51,68939.99,4025.34961,1729483199999,278215743.603072,562353.0,2366.18445,163558716.3576129,0,-0.0013327154555445864,-0.001333604310602328,68705.254,112.39800000000105,68487.91799999999,84.96899999999732,68309.31349999999,104.9994999999908,66697.0244,118.79959999998391,64406.9861,74.90149999999994,63840.618950000004,44.86000000000058,0.0030786035212893846,0.004838080802253765,0.0067578545302127875,69519.52,66827.68,0.7847086008083703,57.21469800758046,562.0566348520952,614.0021046880363,-51.94546983594114,68309.31349999999,69144.52878858405,67474.09821141593,0.8775532540054432,2051.571849,1.9620807391961832,-5.364645639217374,92.00999999999476,487.5200000000041,351.4800000000105,931.0100000000093,0.09882815436997867,0.5878208551430643,0.4121791448569358,139.70289651437255,0,0,10,4,False,False,1,1,low_vol,bull_stable
2024-10-21 04:00:00,68940.0,69185.18,68488.33,68514.0,2657.04256,1729497599999,183004494.858142,381866.0,1152.73582,79394439.5973587,0,-0.006179142178581731,-0.006198312087472988,68724.052,18.797999999995227,68516.625,28.70700000000943,68363.9245,54.611000000004424,66803.18,106.15559999999823,64473.3957,66.40959999999905,63881.619000000006,41.000050000002375,0.0038462175133119917,0.004825832439154878,0.006848149938429024,69519.52,67192.36,0.5679196961102793,51.688459575136434,521.7550173052296,595.552687211475,-73.79766990624546,68363.9245,69090.56933036279,67637.2796696372,0.6032660618565722,2182.5852230000005,1.2173831894398377,-16.41824375278278,426.0,245.17999999999302,25.669999999998254,696.8499999999913,0.611322379278188,0.4338416844930027,0.5661583155069974,143.7184355827556,4,0,10,4,False,False,1,1,low_vol,bull_stable
2024-10-21 08:00:00,68513.99,68661.0,68119.01,68238.01,4244.21652,1729511999999,290193576.710302,494103.0,1717.85387,117464277.0382634,0,-0.004028227807455487,-0.004036362971301489,68646.456,-77.59599999999045,68522.228,5.603000000002794,68398.055,34.1304999999993,66913.694,110.51400000001013,64532.0958,58.70010000000184,63920.2591,38.64009999999689,0.004091626243308371,0.004935221009397667,0.006761903318586925,69519.52,67544.0,0.35130497286789975,46.21520487881518,462.2174535029335,568.8856404697667,-106.66818696683322,68398.055,69021.6110403966,67774.49895960338,0.3716675089072966,2505.047379,1.6942659670150693,-17.096671006725956,275.9800000000105,147.00999999999476,119.0,541.9900000000052,0.5091975866713552,0.40475170432633817,0.5952482956736618,116.41795315381319,8,0,10,4,False,False,1,1,low_vol,bull_stable
2024-10-21 12:00:00,68238.0,68328.68,66840.67,67341.02,12814.65836,1729526399999,864359246.3839977,1179282.0,4796.55067,323231125.5517434,0,-0.013145019908991973,-0.01323218034290391,68413.00200000001,-233.4539999999979,68418.53,-103.69800000000396,68366.621,-31.43399999999383,67003.64480000001,89.95080000000598,64584.64600000001,52.550200000005134,63954.82415,34.56504999999743,0.005699981135830761,0.005615772843749941,0.007080305010741738,69519.52,66840.67,0.18677790843085829,36.01190807411961,338.749020854375,522.8583165466885,-184.10929569231348,68366.621,69129.02415371533,67604.21784628466,-0.17261067520644888,3618.374083,3.5415515549391023,-168.44893926913042,896.9799999999959,90.67999999999302,500.3500000000058,1488.0099999999948,0.6028050886754787,0.37430187643332535,0.6256981235666746,92.02601949038616,12,0,10,4,False,False,1,1,low_vol,bull_stable
2024-10-21 16:00:00,67341.02,67941.17,66894.0,67763.0,5541.16575,1729540799999,373475772.5672322,733763.0,2786.40436,187827116.7115314,0,0.006266314350450886,0.006246762638288127,68159.204,-253.79800000000978,68376.03,-42.5,68369.671,3.0500000000029104,67107.67820000001,104.03340000000026,64643.6561,59.010099999992235,63994.40915,39.58499999999913,0.006174593446571384,0.0057442165226987306,0.007060835571180539,69519.52,66840.67,0.34430072605782325,45.64753692878076,271.81632837071083,472.64991891149293,-200.8335905407821,68369.671,69121.29091931487,67618.05108068514,0.0964243466611353,4067.018634,1.3624638214529508,34.72268645745194,421.9799999999959,178.16999999999825,447.0200000000041,1047.1699999999983,0.40297181928435366,0.5028552629020346,0.49714473709796536,132.4203305053634,16,0,10,4,False,False,1,1,low_vol,bull_stable
2024-10-21 20:00:00,67763.99,67933.79,67366.66,67377.5,2091.98904,1729555199999,141584759.4239518,335410.0,773.87911,52385083.1643746,0,-0.005688945294629821,-0.005705188979497373,67846.706,-312.4979999999923,68275.98000000001,-100.04999999998836,68301.77849999999,-67.8925000000163,67210.642,102.96379999999772,64696.6692,53.013099999996484,64034.15075,39.7416000000012,0.006238270867008724,0.004627810378058432,0.007068685908625063,69519.52,66840.67,0.2003956921813467,39.40545947550535,185.52642595904763,415.22522032100386,-229.69879436195623,68301.77849999999,69153.02201403066,67450.53498596931,-0.042898997035222486,4132.113233,0.5062758259606484,-11.901211205525156,386.49000000000524,169.79999999998836,10.839999999996508,567.1299999999901,0.681483963112535,0.3699250307735838,0.6300749692264163,160.33066788915875,20,0,10,4,False,False,1,1,low_vol,bull_stable
2024-10-22 00:00:00,67377.5,67694.92,66571.42,67390.02,4530.23136,1729569599999,304442452.0004482,656363.0,2089.2141,140426162.5526135,0,0.0001858187080256979,0.00018580144586795983,67621.91,-224.7960000000021,68172.981,-102.99900000001071,68240.879,-60.89949999998498,67303.75600000001,93.1140000000014,64748.7694,52.10020000000077,64070.8109,36.660149999996065,0.006223927778699816,0.004630187662175171,0.007008575077904828,69519.52,66571.42,0.27767036396323197,40.041696216156595,116.80486223526532,355.5411487038562,-238.7362864685909,68240.879,69170.53933067847,67311.21866932153,0.042381786163211484,4472.094301,1.012999962676771,0.8418017383727002,12.520000000004075,304.8999999999942,806.0800000000017,1123.5,0.0111437472185172,0.461171612215408,0.5388283877845921,144.88509478685876,0,1,10,4,False,False,1,1,low_vol,bull_stable
2024-10-22 04:00:00,67390.01,67800.0,67278.02,67402.0,2582.69229,1729583999999,174580327.9589702,276362.0,1380.51819,93331152.5708035,0,0.00017777112990913224,0.00017775533049424315,67454.70800000001,-167.20199999999022,68050.58200000001,-122.39899999999034,68189.579,-51.30000000000291,67394.3956,90.63959999999497,64801.112799999995,52.34339999999793,64099.02095,28.2100500000015,0.006058174029348545,0.0046171760557457905,0.00701011535168032,69519.52,66571.42,0.28173399816831185,37.13195546812794,62.587741229639505,296.9504672090129,-234.3627259793734,68189.579,69186.55806619808,67192.59993380192,0.10501728336012969,4427.863192999999,0.5832818624755556,0.45912812660090424,11.990000000005239,398.0,111.98999999999069,521.9799999999959,0.022970228744406553,0.5345267786430725,0.4654732213569275,107.0053916488828,4,1,10,4,False,False,1,1,low_vol,bull_stable
2024-10-22 08:00:00,67402.0,67526.67,66740.0,67299.15,5952.92995,1729598399999,399293745.1256588,685004.0,2823.99678,189417401.9931214,0,-0.0015259191121925753,-0.001527084512449612,67446.334,-8.37400000001071,67929.66799999999,-120.91400000001886,68132.03600000001,-57.54299999999057,67454.3788,59.9832000000024,64855.6195,54.50670000000537,64124.92675,25.905800000000454,0.006058699739508885,0.004613194146970384,0.006308316258949083,69519.52,66571.42,0.24684712187510413,38.005338457676956,11.192130855080904,239.79879993822652,-228.60666908314562,68132.03600000001,69196.3034811073,67067.76851889271,0.10870457155495576,4909.417697,1.2125531615771172,-9.08368958424859,102.85000000000582,124.66999999999825,559.1499999999942,786.6699999999983,0.1307409714365694,0.47438770550290116,0.5256122944970989,115.07005890435516,8,1,10,4,False,False,1,1,low_vol,bull_stable
2024-10-22 12:00:00,67299.15,67693.34,66644.18,67282.27,6233.58519,1729612799999,418870493.0534315,1213555.0,3079.12737,206976701.046075,0,-0.00025082040412083284,-0.0002508518648191612,67350.188,-96.14600000000792,67754.696,-174.9719999999943,68078.8225,-53.21350000001257,67507.60680000001,53.228000000002794,64907.862199999996,52.24269999999524,64150.868149999995,25.941399999996065,0.005141690161185493,0.0046121090573715716,0.006282991834982496,69519.52,66571.42,0.2411214002238745,34.48884082138818,-30.549183607668965,185.72920322904744,-216.2783868367164,68078.8225,69202.68958297936,66954.95541702062,0.14561979256108687,5067.386063,1.2301382038986755,-1.5635103564774384,16.879999999990105,394.1900000000023,638.0900000000111,1049.1600000000035,0.01608906172556145,0.49395769467297523,0.5060423053270248,194.68010190135863,12,1,10,4,False,False,1,1,low_vol,bull_stable
2024-10-22 16:00:00,67282.27,67635.72,66920.0,67482.98,3629.34667,1729627199999,244244731.3970659,587745.0,2143.11859,144248140.6711216,0,0.0029831038697116785,0.002978663244402077,67371.284,21.096000000005006,67608.995,-145.70100000000093,68048.4565,-30.36599999999453,67558.8652,51.258399999991525,64963.9054,56.043200000007346,64175.05585,24.187700000002224,0.005428542412983039,0.004629205802745446,0.0062669443235938115,69519.52,66571.42,0.3092025372273654,37.305765463575426,-46.89329968408856,139.20470264642026,-186.09800233050882,68048.4565,69203.4066213793,66893.5063786207,0.2551944064369269,5027.785769,0.7218578588565951,10.826718095802194,200.70999999999185,152.74000000000524,362.2700000000041,715.7200000000012,0.2804308947633034,0.5904970742296162,0.4095029257703839,161.9423696441762,16,1,10,4,False,False,1,1,low_vol,bull_stable
2024-10-22 20:00:00,67482.99,67836.01,67292.0,67426.0,1670.17722,1729641599999,112854042.1249811,250262.0,884.54354,59761330.4061387,0,-0.000844361052223741,-0.0008447177258053178,67378.48000000001,7.196000000010827,67500.19499999999,-108.80000000000291,68008.41,-40.04649999999674,67589.98520000001,31.120000000009895,65018.6753,54.769899999999325,64196.41565,21.359800000005635,0.005244379965364202,0.004593737078230196,0.005943340558769911,69519.52,66571.42,0.2898748346392592,33.059458971079366,-63.70953536010347,98.62185504511552,-162.331390405219,68008.41,69192.4793729318,66824.3406270682,0.2540642409498634,4929.099235,0.3388402505960098,-1.4102325948793226,56.99000000000524,353.0199999999895,134.0,544.0099999999948,0.10475910369295746,0.5296105882703872,0.47038941172961274,149.8415838769493,20,1,10,4,False,False,1,1,low_vol,bull_stable
2024-10-23 00:00:00,67426.01,67472.83,66890.0,67082.1,2192.04981,1729655999999,147241315.7515814,407801.0,935.71624,62855307.2360545,0,-0.005100406371429278,-0.005113457841453908,67314.5,-63.98000000001048,67384.604,-115.5909999999858,67953.416,-54.994000000006054,67612.8392,22.853999999992084,65068.4771,49.80179999999382,64215.5662,19.150549999998475,0.005310378770751274,0.004703781388006095,0.0059948095830970605,69519.52,66571.42,0.17322343204097776,31.07482278255941,-103.59223242409644,58.17903755127313,-161.77126997536956,67953.416,69203.85029929696,66702.98170070304,0.1515946497589372,4723.882564,0.4640356275376706,-11.180344817414339,343.90999999998894,46.820000000006985,192.10000000000582,582.8300000000017,0.5900691453768473,0.4268681467598585,0.5731318532401415,186.03637478475,0,2,10,4,False,False,1,1,low_vol,bull_stable
2024-10-23 04:00:00,67082.1,67302.83,66800.0,66852.34,2205.04466,1729670399999,147871865.4926555,350778.0,1055.59929,70804348.3094527,0,-0.0034250567588076652,-0.003430935693336271,67225.138,-89.36199999999371,67335.736,-48.86800000000221,67877.133,-76.28299999999581,67628.2062,15.36699999999837,65109.80039999999,41.32329999999638,64235.08795,19.521749999999884,0.0035936491287584193,0.004655262798168682,0.006012401838289556,69519.52,66571.42,0.09528849089243842,18.6293728033434,-151.98725454062514,16.14577913289348,-168.13303367351864,67877.133,69202.4133527053,66551.8526472947,0.11336746677482686,3662.921194,0.6019907454225181,-7.55240311620575,229.7600000000093,220.72999999999593,52.33999999999651,502.83000000000175,0.45693375494701693,0.4787201407521606,0.5212798592478394,159.07977120064317,4,2,10,4,False,False,1,1,low_vol,bull_stable
2024-10-23 08:00:00,66852.33,67048.0,66200.0,66414.0,4678.16343,1729684799999,311267135.5437809,608338.0,1974.32673,131394250.0583242,0,-0.006556838548957278,-0.006578429043509425,67051.484,-173.65400000000955,67200.836,-134.90000000000873,67788.433,-88.69999999999709,67648.4862,20.279999999998836,65147.62659999999,37.82619999999588,64248.44715,13.359199999998964,0.0030729625765879426,0.004800618181040248,0.0058987836944502225,69519.52,66200.0,0.06446715187737978,16.94050576253062,-223.13882737221138,-31.711142168127495,-191.4276852040839,67788.433,69255.9417480788,66320.92425192121,0.03171216123946053,3576.6209619999995,1.3079841223611328,-30.6739623161462,438.33000000000175,195.66999999999825,214.0,848.0,0.5168985849056624,0.4220303030328293,0.5779696969671707,130.0377827971692,8,2,10,4,False,False,1,1,low_vol,bull_stable
2024-10-23 12:00:00,66414.0,66910.15,65923.01,66223.44,6555.45611,1729699199999,435197228.0777571,989139.0,3089.79562,205207878.4404941,0,-0.00286927455054653,-0.0028733988097469345,66799.576,-251.9079999999958,67085.43000000001,-115.40599999998813,67680.705,-107.7280000000028,67660.1802,11.694000000003143,65181.66190000001,34.03530000001774,64261.940350000004,13.493200000004435,0.002815944745302336,0.004712621329419908,0.005895827482642799,69519.52,65923.01,0.0835337591164787,18.053021807896158,-291.54283654369647,-83.6774810432413,-207.86535550045517,67680.705,69276.68821781818,66084.72178218182,0.04345854526209246,4022.967669,1.6295075301038915,-18.809403383647755,190.55999999999767,496.1499999999942,300.43000000000757,987.1399999999994,0.19304252689587878,0.4713319055384538,0.5286680944615462,150.88789908777224,12,2,10,4,False,False,1,1,low_vol,bull_stable
2024-10-28 20:00:00,69629.99,70270.0,69427.79,69962.21,5821.51298,1730159999999,406829608.4760661,657439.0,3446.7735,240963645.3361919,0,0.00477136428877345,0.004760017409267646,69051.13799999999,446.9239999999845,68377.501,275.820000000007,67701.7075,113.61000000000058,67618.2038,26.724400000006426,66983.7555,71.94640000000072,64940.047600000005,32.3327500000014,0.006670799017510394,0.006193953447679278,0.005758250697357888,70270.0,65596.29,0.9341443949239484,82.88400597012335,493.9197037666163,225.92617199327694,267.9935317733393,67701.7075,69560.61146364556,65842.80353635445,1.108020248546584,3604.4955,1.6150701200764435,27.77655913940311,332.22000000000116,307.7899999999936,202.20000000001164,842.2100000000064,0.3944621887652707,0.5920752065384899,0.40792479346151017,112.9326692663322,20,0,10,4,False,False,1,1,low_vol,bull_stable
2024-10-29 00:00:00,69962.21,71587.88,69760.0,70938.14,9260.69533,1730174399999,656514034.4984916,1093283.0,5512.88826,390775131.720616,0,0.013949387819509829,0.013852990530288234,69555.662,504.5240000000049,68758.511,381.00999999999476,67906.1145,204.40699999999197,67666.8008,48.596999999994296,67063.7678,80.01230000000214,64978.8308,38.78319999999803,0.007062496079655432,0.005834214689304998,0.006058991994833432,71587.88,65596.29,0.891558000463983,85.06915622872349,655.18115792975,311.7771691805716,343.40398874917844,67906.1145,70215.23527012196,65596.99372987803,1.1565324644842745,4421.6222099999995,2.094411256813368,129.18103063649355,975.929999999993,649.7400000000052,202.2100000000064,1827.8800000000047,0.5339136048318218,0.5952996037069712,0.40470039629302873,118.05625398973146,0,1,10,4,False,False,1,1,low_vol,bull_stable
2024-10-29 04:00:00,70938.15,71370.0,70837.83,71017.97,5390.71759,1730188799999,383071666.2448383,533829.0,2703.35738,192130171.3187406,0,0.0011253466752862984,0.0011247139473641956,70008.5,452.8380000000034,69081.109,322.59799999999814,68122.0965,215.9820000000036,67706.5204,39.71959999999672,67142.3726,78.60480000000098,65018.1606,39.32979999999952,0.007008768179854869,0.0057215215564467535,0.005976423345764508,71587.88,66439.9,0.8892944417033473,86.64550521411947,780.4273552606319,405.5072063965837,374.9201488640482,68122.0965,70742.62761291146,65501.56538708854,1.0525356073301178,4754.544843000001,1.1338030806327595,6.066426117313867,79.82000000000698,352.02999999999884,100.31999999999243,532.1699999999983,0.14998966495670038,0.5014837699928554,0.49851623000714457,99.02744691917722,4,1,10,4,False,False,1,1,low_vol,bull_stable
2024-10-29 08:00:00,71017.96,71578.95,70974.0,71452.01,4333.82377,1730203199999,308848462.014301,397750.0,2237.17405,159457685.7084145,0,0.006111692575836658,0.006093091931903618,70600.062,591.5620000000054,69441.31,360.20100000000093,68348.997,226.90050000000338,67756.7608,50.240400000009686,67226.89259999999,84.51999999998952,65057.84894999999,39.68834999998944,0.0068859748167289245,0.005759589684741201,0.0060202449344226965,71587.88,66744.0,0.9719501721760222,87.21195520018286,904.2852323117695,505.2628115796209,399.0224207321486,68348.997,71294.76187311298,65403.23212688703,1.0266905428064332,5024.259288,0.8625796404160421,26.486998560093436,434.04999999998836,126.94000000000233,43.9600000000064,604.9499999999971,0.7174973138275733,0.5162125108746635,0.48378748912533653,91.77807430780693,8,1,10,4,False,False,1,1,low_vol,bull_stable
2024-10-29 12:00:00,71452.02,72429.99,70929.0,72402.01,11510.0098,1730217599999,825856591.4620034,1334201.0,6408.6996,459968843.7699387,0,0.013295637169619123,0.013208025896517392,71154.468,554.4059999999881,69879.341,438.0310000000027,68618.698,269.70100000000093,67834.52100000001,77.76020000000426,67318.8505,91.95790000000852,65100.59865,42.74970000000758,0.007252724599038682,0.006153685401131717,0.00619142027698949,72429.99,66744.0,0.9950791330973128,90.2488958267516,1066.8031105448608,617.570871372669,449.23223917219184,68618.698,72002.62635504954,65234.76964495047,1.0590118352172697,5954.200108,1.9330908587595625,153.03291411956036,949.9899999999907,27.980000000010477,523.0200000000041,1500.9900000000052,0.6329089467617954,0.5567935832687128,0.44320641673128724,115.91658245156316,12,1,10,4,False,False,1,1,low_vol,bull_stable
2024-10-29 16:00:00,72402.0,73620.12,72350.7,72536.16,14375.99601,1730231999999,1047469935.3382798,1514551.0,7574.38202,551971093.6279159,0,0.001852849112890853,0.0018511347053389664,71669.258,514.7900000000081,70360.198,480.8570000000036,68888.606,269.9079999999958,67920.484,85.96299999998882,67417.08899999999,98.2384999999922,65141.3095,40.71085000000312,0.0064697256978708826,0.006155178035064041,0.006147262753422843,73620.12,66744.0,0.8423587720982193,91.50195687207427,1192.676056618715,732.5919084218782,460.08414819683674,68888.606,72618.68708187513,65158.52491812486,0.988937628959845,7216.94889,1.9919769738039534,26.636551454050945,134.1600000000035,1083.9599999999919,51.30000000000291,1269.4199999999983,0.10568606135085604,0.5268770257539881,0.47312297424601196,105.35276991913967,16,1,10,4,False,False,1,1,low_vol,bull_stable
2024-10-29 20:00:00,72536.38,72978.9,71864.65,72736.42,5257.36344,1730246399999,380705297.3338431,771816.0,2461.96385,178305858.0174117,0,0.002760829908834417,0.002757025817965066,72028.914,359.6560000000027,70792.288,432.0899999999965,69181.10250000001,292.4965000000084,68028.39199999999,107.90799999999581,67516.0184,98.92940000000817,65178.84645,37.53694999999425,0.006478934821593683,0.00589673180920396,0.0057887096789782135,73620.12,66788.0,0.8706550821706882,90.850836361353,1293.6778684245073,844.8091004224041,448.86876800210325,69181.10250000001,73159.33983033846,65202.865169661556,0.9468458270308271,7419.840677,0.708554761330221,14.514686226764596,200.0399999999936,242.47999999999593,671.7300000000105,1114.25,0.17952883105227158,0.4682886922498932,0.5317113077501068,146.80666627072677,20,1,10,4,False,False,1,1,low_vol,bull_stable
2024-10-30 00:00:00,72736.41,72785.72,72000.01,72234.0,3553.7595,1730260799999,257098448.5472509,474516.0,1664.14089,120407704.5599991,0,-0.006907406220982515,-0.006931372779600197,72272.12,243.20599999999104,71140.31,348.0219999999972,69433.903,252.80049999999756,68117.81199999999,89.41999999999825,67612.7451,96.72669999999925,65216.46115,37.61470000000554,0.0076960651532163565,0.006399239143165295,0.005869324370330437,73620.12,66913.73,0.7933135412643769,83.74269960069086,1317.9884860111197,939.4449775401472,378.5435084709725,69433.903,73517.36978874476,65350.43621125524,0.8428578148006359,7508.331092999999,0.47330884266853424,-24.547260478175712,502.4100000000035,49.30999999999767,233.99000000000524,785.7100000000064,0.6394343969148915,0.4682761706300046,0.5317238293699954,133.52507393930287,0,2,10,4,False,False,1,1,low_vol,bull_stable
2024-10-30 04:00:00,72234.0,72610.0,72100.0,72227.99,3065.87039,1730275199999,221882979.1600971,287796.0,1320.86929,95607370.6497058,0,-8.320181631915613e-05,-8.320527778227688e-05,72427.31599999999,155.19599999999627,71513.689,373.3790000000008,69690.6645,256.76149999999325,68214.82179999999,97.00979999999981,67712.7319,99.98679999999877,65251.73115,35.2699999999968,0.00730831740042358,0.006356586932740348,0.005786135578380966,73620.12,66913.73,0.7924173810351038,83.22225785202826,1321.5360241657327,1015.8631868652643,305.67283730046836,69690.6645,73800.01896536791,65581.31003463209,0.8087255579171408,7052.965503000001,0.4346923841745607,-0.25508598504711955,6.009999999994761,376.0,127.99000000000524,510.0,0.011784313725479924,0.43083011411972966,0.5691698858802703,93.87089582739993,4,2,10,4,False,False,1,1,low_vol,bull_stable
2024-10-30 08:00:00,72227.99,72604.97,71926.82,71983.99,3249.22754,1730289599999,235084861.6111163,496451.0,1669.98257,120862302.5033624,0,-0.0033781917508710624,-0.0033839107241151467,72343.71200000001,-83.60399999997753,71749.09,235.40099999999802,69925.3855,234.721000000005,68306.7012,91.87940000000526,67805.2286,92.49670000000333,65284.821050000006,33.08990000000631,0.006588857840805673,0.006551050950840904,0.005823327951212804,73620.12,67036.85,0.7514715331438643,83.8862687527268,1289.7908073448198,1070.6487109611755,219.14209638364423,69925.3855,73993.34710448387,65857.42389551614,0.7530265400896273,6581.897634999999,0.49366120839100536,-10.976513672331075,244.0,376.9799999999959,57.169999999998254,678.1499999999942,0.3598024035980271,0.5139629494830639,0.48603705051693613,152.79046908484594,8,2,10,4,False,False,1,1,low_vol,bull_stable
2024-10-30 12:00:00,71984.0,72470.0,71436.0,72061.34,7786.81964,1730303999999,560448305.1776943,1451993.0,4033.86878,290399616.4735944,0,0.0010745444924626923,0.0010739675827693214,72248.74799999999,-94.96400000002177,71959.003,209.91300000000047,70168.25200000001,242.86650000000373,68399.88799999999,93.18679999999586,67897.1418,91.91319999999541,65317.82765,33.00659999999334,0.006603929396810315,0.006483697972926948,0.005821067270457555,73620.12,67036.85,0.7632210132654439,82.15099544255222,1256.3910983558453,1107.7971884401095,148.59390991573582,70168.25200000001,74130.73964106353,66205.76435893649,0.7388762024620334,6778.428301,1.1487647717467535,8.367284157962324,77.33999999999651,408.6600000000035,548.0,1034.0,0.07479690522243376,0.5180380394684472,0.48196196053155277,186.4680405002934,12,2,10,4,False,False,1,1,low_vol,bull_stable
2024-10-30 16:00:00,72061.34,72197.5,71641.77,71822.01,3301.81939,1730318399999,237563793.1890906,663164.0,1633.5019,117528180.0890297,0,-0.003321198301336037,-0.0033267257222482686,72065.86600000001,-182.88199999998324,72047.38999999998,88.38699999998789,70402.95049999999,234.69849999998405,68490.3452,90.45720000000438,67972.36200000001,75.22020000001066,65349.750949999994,31.923299999994924,0.005598237890568838,0.006584043048687262,0.005844684620648409,73620.12,67121.45,0.7233110774973954,77.53796058453648,1196.8135360612796,1125.6004579643436,71.21307809693599,70402.95049999999,74157.85110842835,66648.04989157163,0.6889609936431793,6182.540706999999,0.5340554225969936,-10.96599694938639,239.33000000000175,136.1600000000035,180.2399999999907,555.7299999999959,0.4306587731452387,0.4947278173201351,0.5052721826798648,200.84805426016956,16,2,10,4,False,False,1,1,low_vol,bull_stable
2024-10-30 20:00:00,71822.01,72961.0,71644.19,72344.74,5928.4941,1730332799999,429132149.6030376,666814.0,3164.8509,229093009.4710364,0,0.0072781310353191575,0.007251773252632488,72088.014,22.147999999986496,72180.067,132.6770000000106,70630.58799999999,227.6374999999971,68591.5946,101.2494000000006,68049.60070000001,77.2387000000017,65381.4446,31.693650000008347,0.005911960857503429,0.006473592124537821,0.005900153523309871,73620.12,67540.88,0.7902073285476487,83.00051764980142,1178.196317328373,1136.1196298371497,42.07668749122331,70630.58799999999,74269.22939922434,66991.94660077564,0.7355483560932143,6236.318358,0.9506400667302174,43.148356901916515,522.7300000000105,616.2599999999948,177.81999999999243,1316.8099999999977,0.3969669124627026,0.533837235327602,0.46616276467239803,112.47611767042157,20,2,10,4,False,False,1,1,low_vol,bull_stable
2024-10-31 00:00:00,72344.75,72599.99,72030.08,72353.74,2955.82677,1730347199999,213739294.2824407,439519.0,1445.54136,104516937.3557328,0,0.00012440434508431686,0.0001243966075054979,72113.164,25.15000000000873,72270.24,90.17300000000978,70855.775,225.18700000000536,68689.0098,97.4152000000031,68123.9375,74.33679999999003,65414.92335,33.47874999999476,0.0057350034563062305,0.006490020947397786,0.005899032522603978,73620.12,67618.0,0.7890112160370018,78.9313573868562,1150.9013873544027,1139.0759813406003,11.825406013802422,70855.775,74323.2791180923,67388.2708819077,0.7160004644528208,6098.518658,0.48467946656563304,0.3677176935045417,8.990000000005239,246.25,314.66999999999825,569.9100000000035,0.015774420522547742,0.4890480642070915,0.5109519357929085,148.69579112716406,0,3,10,4,False,False,1,1,low_vol,bull_stable
2024-10-31 04:00:00,72353.75,72478.0,72150.0,72417.19,2300.55532,1730361599999,166333128.4690547,270826.0,1129.48299,81665259.4527615,0,0.0008769415375071699,0.0008765572489264025,72199.80399999999,86.63999999998487,72271.758,1.5179999999963911,71075.5495,219.77449999999953,68788.8336,99.8237999999983,68189.40939999999,65.47189999998955,65448.159550000004,33.23620000000665,0.003889009882601379,0.006510016609851436,0.005890613729313241,73620.12,67618.0,0.799582480856765,77.65551425030984,1121.4623238436907,1135.5532498412185,-14.090925997527847,71075.5495,74337.83952299992,67813.25947700007,0.7056286367154857,5177.5732100000005,0.4443308142039772,2.017452519441099,63.44000000000233,60.80999999999767,203.75,328.0,0.19341463414634857,0.49096102153283583,0.5090389784671642,117.7220115706672,4,3,10,4,False,False,1,1,low_vol,bull_stable
2024-10-31 08:00:00,72417.19,72700.0,72149.79,72226.0,3129.22143,1730375999999,226477276.3660898,414405.0,1534.20367,111024641.7051374,0,-0.0026401190104172745,-0.002643610270861081,72232.736,32.93200000001525,72240.742,-31.01600000000326,71300.47,224.92050000000745,68891.7116,102.87799999999697,68252.2754,62.86600000000908,65478.97075,30.81119999999646,0.0039141853793558164,0.006418448367764448,0.005844910387298142,73620.12,67618.0,0.7677287358466681,67.62376291819936,1070.3657091404893,1122.5157417010728,-52.15003256058344,71300.47,74189.8321891413,68411.1078108587,0.6601616445799512,4052.8957519999994,0.7720952182043691,-8.261516985148129,191.19000000000233,282.8099999999977,76.2100000000064,550.2100000000064,0.3474855055342507,0.4902828720561332,0.5097171279438668,132.4307049757102,8,3,10,4,False,False,1,1,low_vol,bull_stable
2024-10-31 12:00:00,72226.0,72276.0,70431.77,70620.0,10391.35314,1730390399999,740317329.6128901,1608260.0,4860.02695,346226232.5587591,0,-0.022235759975632097,-0.022486701377531174,71992.334,-240.40200000000186,72029.1,-211.64199999999255,71410.694,110.22400000000198,68967.0648,75.35319999999774,68297.6355,45.36010000000533,65502.9507,23.979950000000827,0.007754124780355605,0.008371096938144137,0.0067095235523711785,73620.12,68238.81,0.44249262725990574,46.15853882195318,890.0208889697242,1076.016771154803,-185.99588218507893,71410.694,73988.0072542515,68833.38074574851,0.34660498705469983,4566.294722,2.2756641374757063,-231.0596342430709,1606.0,50.0,188.22999999999593,1844.229999999996,0.8708241379871293,0.4676991422120027,0.5323008577879973,154.76906407975275,12,3,10,4,False,False,1,1,low_vol,bull_stable
2024-10-31 16:00:00,70620.01,70949.51,70036.0,70092.07,5987.52232,1730404799999,422148475.5881239,1114454.0,3051.50967,215196050.9833572,0,-0.007475644293401196,-0.007503726967126929,71541.8,-450.53399999999965,71814.907,-214.1929999999993,71477.6085,66.91449999999895,69040.6262,73.56140000000596,68344.5562,46.9207000000024,65524.420999999995,21.470299999993586,0.007788587874590987,0.008569853483613651,0.006732195798152679,73620.12,68426.67,0.32067315560947146,37.1066892688792,696.4683274231647,1000.1070824084754,-303.6387549853107,71477.6085,73823.58415356603,69131.63284643397,0.20469887488092822,4809.671004,1.2448922836968332,-44.76058706312029,527.9399999999878,329.5,56.070000000006985,913.5099999999948,0.577924707994429,0.5096448091403524,0.4903551908596476,186.12941053721198,16,3,10,4,False,False,1,1,low_vol,bull_stable
2024-10-31 20:00:00,70092.07,70654.76,69685.76,70292.01,4587.62399,1730419199999,322129473.1760855,678078.0,2184.37415,153419119.7941458,0,0.002852533817306213,0.0028484730631762076,71129.454,-412.346000000005,71621.30900000001,-193.59799999999814,71567.499,89.89049999999406,69121.9976,81.37140000000363,68391.0889,46.53269999999611,65547.7854,23.364399999998568,0.007963195746399332,0.008503387654078619,0.006711933144055398,73620.12,68452.54,0.35596352644758295,26.678692061470883,552.837251255085,910.6531161777974,-357.8158649227124,71567.499,73540.2299352835,69594.7680647165,0.17671997808036055,4961.846364,0.9245800158757193,13.08635257256026,199.93999999998778,362.75,406.3100000000122,969.0,0.20633642930855292,0.4761449837130179,0.5238550162869822,147.80592338824175,20,3,10,4,False,False,1,1,low_vol,bull_stable
2024-11-01 00:00:00,70292.01,70470.0,68830.0,69369.99,6736.08255,1730433599999,468627725.6975632,897243.0,2932.13818,204120968.5997657,0,-0.013116995800802833,-0.013203783353623592,70520.014,-609.4400000000023,71359.90900000001,-261.3999999999942,71554.4995,-12.999499999990803,69179.9574,57.9597999999969,68430.79190000001,39.703000000008615,65566.01535,18.229950000008103,0.008625446582160981,0.008290365393430843,0.006999610223137907,73620.12,68830.0,0.11272995248553393,20.195872076932872,360.45418871592847,800.6133306854236,-440.1591419694952,71554.4995,73583.6090308602,69525.38996913981,-0.03829265172144934,5310.531865,1.2684384015083958,-88.35716652221124,922.0199999999895,177.99000000000524,539.9900000000052,1640.0,0.5622073170731643,0.4352883383235854,0.5647116616764146,133.19952559073076,0,4,11,4,False,False,1,1,low_vol,bull_stable
2024-11-01 04:00:00,69369.99,69699.14,69080.0,69273.7,3840.13342,1730447999999,266506698.7484559,490410.0,1739.04809,120693689.1959147,0,-0.0013880642047088276,-0.0013890284582275107,69929.554,-590.4599999999919,71081.14499999999,-278.7640000000247,71520.074,-34.42550000001211,69232.0584,52.10099999999511,68463.3089,32.51699999999255,65583.09385,17.07850000000326,0.008509684601988853,0.008211791239506869,0.0070002343498184166,73620.12,68830.0,0.09262815962856828,16.75358990410264,197.93772446199728,680.0782094407384,-482.14048497874114,71520.074,73681.94766471851,69358.20033528148,-0.019543310199045396,4915.863243,0.7811717352935321,-5.330351741608091,96.29000000000815,329.1499999999942,193.6999999999971,619.1399999999994,0.15552217592145273,0.45286137219680245,0.5471386278031974,127.70650036425036,4,4,11,4,False,False,1,1,low_vol,bull_stable
2024-11-01 08:00:00,69273.7,70228.0,69237.26,70002.01,4258.62726,1730462399999,297280642.7670129,491200.0,2367.54405,165248057.9617979,0,0.010513513786617468,0.0104586311383876,69805.956,-123.59799999999814,70899.145,-181.99999999998545,71473.2675,-46.8064999999915,69287.8354,55.77700000000186,68493.6272,30.318299999999,65604.02429999999,20.930449999985285,0.009661686509969047,0.007925371858437473,0.007058309346668267,73620.12,68830.0,0.24467236728933636,29.461033762457177,126.45311315807339,569.3531901842055,-442.90007702613207,71473.2675,73726.78491129806,69219.75008870194,0.1735642039808913,5011.54403,0.8497635129028289,44.773136410074976,728.3099999999977,225.99000000000524,36.44000000000233,990.7400000000052,0.7351171851343378,0.5559406600896083,0.4440593399103917,115.34233216738484,8,4,11,4,False,False,1,1,low_vol,bull_stable
2024-11-01 12:00:00,70002.01,71632.95,69044.0,69387.77,12583.25292,1730476799999,887892274.1855929,1387197.0,5787.92728,408606313.6658172,0,-0.00877460518633666,-0.008813328723340478,69665.09599999999,-140.86000000001513,70603.448,-295.6970000000001,71391.7575,-81.50999999999476,69333.1292,45.293799999999464,68516.7635,23.1362999999983,65623.5781,19.553800000008778,0.009173911388656142,0.00811656009318964,0.007182343812296218,73620.12,68830.0,0.11644175928786848,26.49517195263634,20.00638791245001,459.4838297298544,-439.4774418174044,71391.7575,73825.34894784486,68958.16605215515,0.08826542109714036,5677.019912,2.2165243587399983,-110.41307633281792,614.2399999999907,1630.9400000000023,343.7700000000041,2588.949999999997,0.23725448540913938,0.45997067028674166,0.5400293297132583,110.24152568650746,12,4,11,4,False,False,1,1,low_vol,bull_stable
2024-11-01 16:00:00,69387.78,70515.16,68820.14,69268.0,8722.26319,1730491199999,607307707.1307615,1056484.0,4193.24184,292027071.3786784,0,-0.0017260966882204354,-0.0017275881095810508,69460.294,-204.80199999999604,70294.874,-308.5740000000078,71282.557,-109.20050000000629,69372.7694,39.64020000000892,68538.4837,21.72019999999611,65641.45850000001,17.880400000009104,0.009096981247640667,0.0079357607348395,0.007185849984249614,73620.12,68820.14,0.09330455543564785,27.05139796030437,-73.17433856673597,352.95219607053633,-426.1265346372723,71282.557,73894.24995416262,68670.86404583738,0.1143197084501984,6253.663554000001,1.3947445548811177,-15.05546960604601,119.77999999999884,1127.3800000000047,447.8600000000006,1695.020000000004,0.07066583285152891,0.48075158346603386,0.5192484165339661,121.12498522301527,16,4,11,4,False,False,1,1,low_vol,bull_stable
2024-11-01 20:00:00,69268.0,69627.0,68854.5,69496.01,2161.50821,1730505599999,149742973.4755836,246737.0,1024.26276,70967885.9577165,0,0.0032917075705953813,0.0032863017608783397,69485.49799999999,25.203999999997905,70002.75600000001,-292.11799999998766,71137.25700000001,-145.29999999998836,69408.66519999999,35.895799999983865,68563.7185,25.234800000005635,65660.18185000001,18.72335000000021,0.009280211926836498,0.00723724744101542,0.0071517985337960265,73620.12,68820.14,0.14080683669515204,28.86254760464773,-127.15645374482847,256.93046610746336,-384.0869198522918,71137.25700000001,73809.36630978776,68465.14769021227,0.19289299019537728,6239.7588430000005,0.3464089341248921,7.115052938761071,228.00999999999476,130.99000000000524,413.5,772.5,0.29515857605177315,0.4738648482857255,0.5261351517142745,114.15038761291589,20,4,11,4,False,False,1,1,low_vol,bull_stable
2024-11-02 00:00:00,69496.0,69914.37,69479.91,69599.99,1888.97948,1730519999999,131593250.6886426,243436.0,993.17873,69200813.6122645,0,0.0014962010049210939,0.0014950828114200674,69550.75600000001,65.25800000001618,69740.155,-262.60100000000966,70990.44850000001,-146.80849999999919,69434.46919999999,25.804000000003725,68580.77119999999,17.052699999985634,65678.3877,18.205849999998463,0.009441796742218912,0.007227632759473976,0.007049092719804899,72978.9,68820.14,0.18751983764391472,31.2736184572028,-159.70635647700692,173.6031015905693,-333.3094580675762,70990.44850000001,73661.58089494705,68319.31610505297,0.23972490045227113,6115.734648,0.30887204705942306,2.8262929962513255,103.99000000000524,314.3799999999901,16.089999999996508,434.45999999999185,0.23935460111404316,0.5257752879348377,0.4742247120651623,128.87170166612927,0,5,11,4,False,False,1,1,low_vol,bull_stable
2024-11-02 04:00:00,69599.99,69823.94,69446.0,69813.91,1298.14761,1730534399999,90409396.6300232,205233.0,637.29919,44388338.1486729,0,0.0030735636599947824,0.0030688499193934787,69513.136,-37.620000000009895,69659.546,-80.60899999999674,70844.323,-146.1255000000092,69466.7818,32.31260000000475,68601.4104,20.639200000005076,65699.44720000001,21.059500000003027,0.006979074595907075,0.007238892882224094,0.007052836253147724,72961.0,68820.14,0.2399912095555039,27.499933322072053,-166.32355825888226,105.61776962067901,-271.9413278795613,70844.323,73431.73289843672,68256.91310156329,0.3008794430633962,5206.414095,0.24933621996119767,3.9899393194050794,213.91999999999825,10.029999999998836,153.99000000000524,377.9400000000023,0.5660157696988859,0.49092967940679716,0.5090703205932028,158.09681304270168,4,5,11,4,False,False,1,1,low_vol,bull_stable
2024-11-02 08:00:00,69813.91,69838.62,69417.88,69608.0,1279.6003,1730548799999,89069835.9062654,217628.0,554.99684,38632227.4266923,0,-0.0029494122303134196,-0.0029537703178729073,69557.182,44.046000000002095,69611.139,-48.40700000000652,70713.023,-131.3000000000029,69498.7818,32.0,68620.2104,18.80000000000291,65724.7188,25.27159999999276,0.006660997401148624,0.007151921476789931,0.0070543854462853635,72961.0,68820.14,0.19026482421525975,26.415058684478026,-186.03841938989353,47.28653181856451,-233.32495120845806,70713.023,73269.84158290667,68156.20441709334,0.2839066472319324,4735.6218930000005,0.2702074466484438,-3.774068774732721,205.9100000000035,24.70999999999185,190.11999999999534,420.7399999999907,0.48939962922471847,0.4337267191950486,0.5662732808049513,170.07498357104166,8,5,11,4,False,False,1,1,low_vol,bull_stable
2024-11-02 12:00:00,69608.0,69711.59,69000.14,69393.17,3365.13104,1730563199999,233439805.9906421,513673.0,1682.64105,116759628.9064554,0,-0.003086283185840699,-0.003091055579627696,69582.216,25.03399999999965,69521.25499999999,-89.88400000000547,70571.28199999999,-141.74100000000908,69536.0058,37.22400000000198,68637.942,17.731599999999162,65748.8746,24.155799999993178,0.006575969348675695,0.0071449406394345025,0.006991022737308236,72961.0,68820.14,0.1383842969817861,24.683122528188164,-216.5018756106001,-5.4711496672684135,-211.0307259433317,70571.28199999999,73088.47980382077,68054.08419617922,0.2659874011069422,4613.372598,0.7294297108061161,-10.385747346902626,214.83000000000175,103.58999999999651,393.02999999999884,711.4499999999971,0.3019607843137292,0.5000224448911802,0.4999775551088198,152.64576442764618,12,5,11,4,False,False,1,1,low_vol,bull_stable
2024-11-02 16:00:00,69393.18,69616.0,69215.0,69510.0,1553.51785,1730577599999,107889842.2168991,248328.0,873.16862,60652603.539603,0,0.0016835950857987392,0.00168217942829889,69585.014,2.797999999995227,69535.256,14.001000000003842,70447.58249999999,-123.69950000000244,69564.09,28.08419999999751,68657.02799999999,19.085999999995693,65777.32740000001,28.452800000013667,0.005115963819792611,0.007182193354669342,0.006899113696801747,72961.0,68820.14,0.1665982428770836,26.975167769303994,-228.58222591901722,-50.093364917618175,-178.48886100139904,70447.58249999999,72915.13602893108,67980.0289710689,0.3100177992073518,4095.116128,0.3793586803016298,2.615495017960623,116.82000000000698,106.0,178.17999999999302,401.0,0.2913216957606159,0.5620589554217225,0.4379410445782776,159.84882310814774,16,5,11,4,False,False,1,1,low_vol,bull_stable
2024-11-02 20:00:00,69510.0,69571.99,69149.0,69374.74,1136.29615,1730591999999,78830296.1986824,175263.0,486.2227,33737123.182113,0,-0.0019459070637317666,-0.0019478028005664484,69539.96399999999,-45.05000000000291,69545.36,10.104000000006636,70313.2525,-134.3299999999872,69597.7846,33.69460000000254,68677.7436,20.715600000010454,65806.39405,29.066649999993388,0.005138358861703496,0.007151976951320403,0.006843544894924726,72961.0,68820.14,0.13393353071584302,35.93638474534923,-246.23193370002264,-89.32107867409908,-156.91085502592355,70313.2525,72702.16477259195,67924.34022740806,0.30356907393218735,3824.732401,0.2970916735777144,-2.211126704776211,135.25999999999476,61.99000000000524,225.74000000000524,422.99000000000524,0.31977115298232367,0.4279013882076429,0.5720986117923571,154.24060004075523,20,5,11,4,False,False,1,1,low_vol,bull_stable
2024-11-03 00:00:00,69374.74,69391.0,67864.16,68379.89,5846.4092,1730606399999,400733973.4868284,820156.0,2380.49281,163153940.0979913,0,-0.014340233923759604,-0.0144440487594689,69253.16,-286.8039999999892,69383.148,-162.21199999999953,70141.1465,-172.10599999999977,69628.3824,30.59780000000319,68692.8182,15.074599999992643,65830.8535,24.45944999999483,0.005565741663636289,0.007674695044308457,0.006922938817724401,72961.0,67864.16,0.10118622519050947,32.50792781600916,-336.6152439706202,-138.7799117334033,-197.8353322372169,70141.1465,72568.05337380363,67714.23962619637,0.13713966139136796,3983.5105949999997,1.4676524790315013,-83.83887554202025,994.8500000000058,16.25999999999476,515.7299999999959,1526.8399999999965,0.6515744937256085,0.40717177477074307,0.5928282252292569,140.28371466027386,0,6,11,4,False,False,1,1,low_vol,bull_stable
2024-11-03 04:00:00,68379.9,68771.58,68303.99,68397.42,1961.6419,1730620799999,134450118.6156095,312564.0,1007.33991,69044381.1518605,0,0.00025636192161182514,0.00025632906650947704,69011.044,-242.11600000000908,69284.113,-99.03500000000349,69943.7805,-197.36600000000908,69662.3642,33.98179999999411,68700.8858,8.067600000009406,65856.20264999999,25.34914999999455,0.005118128193858222,0.007361706318214251,0.0069117067864515325,72700.0,67864.16,0.1102724655902584,29.89504961001755,-402.19390308324364,-191.4627100033714,-210.73119307987224,69943.7805,72255.42637806534,67632.13462193465,0.16552824663305093,2921.349493,0.6714848410641705,0.5028902869982718,17.520000000004075,374.1600000000035,75.90999999998894,467.5899999999965,0.037468722598866966,0.513518756914807,0.4864812430851931,159.33795051991905,4,6,11,4,False,False,1,1,low_vol,bull_stable
2024-11-03 08:00:00,68397.42,68603.58,68200.01,68358.86,2460.80349,1730635199999,168362434.4060136,372068.0,1358.08171,92928418.8590108,0,-0.0005637639548391471,-0.0005639229294897948,68804.182,-206.8619999999937,69193.199,-90.91400000000431,69744.0365,-199.7439999999915,69691.2614,28.897200000006706,68716.0744,15.18859999999404,65879.37955,23.176900000005844,0.005123716963648918,0.0073490361350626,0.006902212859077235,72700.0,67864.16,0.10229866993117999,36.79397328833497,-452.0657995038637,-243.58332790346986,-208.4824716003938,69744.0365,71861.07124602664,67627.00175397337,0.17284984278133,2295.203523,1.0721504499886565,-1.3873123076043754,38.55999999999767,206.1600000000035,158.85000000000582,403.570000000007,0.09554724087518152,0.5518854778607292,0.44811452213927083,151.19776996090005,8,6,11,4,False,False,1,1,low_vol,bull_stable
2024-11-09 08:00:00,76529.07,76735.59,76358.91,76487.11,1956.64753,1731153599999,149744288.4720185,264764.0,926.9712,70946272.949307,0,-0.0005484189800791794,-0.0005485694167721079,76556.004,11.877999999996973,76303.937,-4.327999999994063,75675.874,106.92900000000373,71760.8194,142.3423999999941,70470.3884,100.15109999998822,67840.7326,64.78300000001036,0.004920087347522283,0.00840564864365821,0.012328523780668385,77199.99,72656.31,0.843105148249876,64.27016028272595,1422.611902239063,1541.398458162188,-118.78655592312498,75675.874,77577.85768981015,73773.89031018985,0.7132605038482164,5084.8324463,0.3848007875704465,-1.0730626427770455,41.9600000000064,206.51999999998952,128.1999999999971,376.679999999993,0.11139428692791542,0.47375482082866505,0.526245179171335,135.31512239202326,8,5,11,4,False,False,1,1,low_vol,bull_stable
2024-11-09 12:00:00,76487.11,76541.53,76272.72,76319.9,2576.33768,1731167999999,196725409.9452578,329282.0,1239.41843,94655441.2160276,0,-0.0021861199880608417,-0.002188513036658969,76437.468,-118.53600000000733,76350.138,46.20100000000093,75823.3245,147.4505000000063,71901.7434,140.92400000001362,70566.9009,96.51249999999709,67904.67215,63.939549999995506,0.003967535439574615,0.007733935781968234,0.012333551528197246,77199.99,72656.31,0.8063045813085408,65.88007611117425,1342.4338184608641,1501.6055302219233,-159.1717117610592,75823.3245,77402.8187256343,74243.83027436571,0.657194465146138,4637.7265073,0.5555173803251924,-5.632183298242297,167.2100000000064,54.419999999998254,47.179999999993015,268.8099999999977,0.6220378706149617,0.48107763187316344,0.5189223681268366,127.81010911582055,12,5,11,4,False,False,1,1,low_vol,bull_stable
2024-11-09 16:00:00,76319.91,76700.0,75714.66,76204.92,3958.68374,1731182399999,301782406.1292977,621569.0,1736.46396,132399257.0251793,0,-0.0015065533366788175,-0.0015076893292559092,76376.496,-60.971999999994296,76381.551,31.413000000000466,75919.97,96.64549999999872,72025.8016,124.05819999999949,70656.81850000001,89.91760000001523,67970.01955,65.34739999999874,0.004024392259622964,0.007375461827151974,0.012281487121563042,77199.99,73488.0,0.7319308511068172,64.52378487293228,1255.1456466293894,1452.3135535034166,-197.16790687402727,75919.97,77326.91076007125,74513.02923992876,0.6012658130629353,4591.9371343,0.8620944982957538,-5.96396819735318,114.99000000000524,380.0899999999965,490.25999999999476,985.3399999999965,0.11670083422981473,0.4386468013229064,0.5613531986770935,157.0140584152853,16,5,11,4,False,False,1,1,low_vol,bull_stable
2024-11-09 20:00:00,76204.91,76900.0,76179.0,76677.46,3127.22992,1731196799999,239522466.3927689,528424.0,1734.48709,132888167.5429747,0,0.006200911962114919,0.006181765417460011,76443.69399999999,67.1979999999894,76434.448,52.896999999997206,76038.943,118.97299999999814,72171.5954,145.79379999999946,70752.36230000001,95.54379999999946,68035.14885,65.12930000000051,0.004340206948511844,0.007450985074617096,0.012201402523443226,77199.99,74150.0,0.8286781268135313,57.387172146927945,1210.1493222984282,1403.880707262419,-193.73138496399088,76038.943,77258.30036834753,74819.58563165247,0.7618252107933402,4404.5240023,0.7100040590917409,19.391677419211682,472.5500000000029,222.5399999999936,25.910000000003492,721.0,0.6554091539528473,0.554640091829257,0.445359908170743,168.9751036917682,20,5,11,4,False,False,1,1,low_vol,bull_stable
2024-11-10 00:00:00,76677.46,77498.0,76492.0,77205.96,6237.464965,1731211199999,480479286.805893,960127.0,3472.616045,267511835.2064597,0,0.00689250791562479,0.006868863168502883,76579.06999999999,135.37600000000384,76561.598,127.14999999999418,76108.0635,69.12050000000454,72330.3546,158.75920000000042,70851.562,99.19969999999739,68104.26865,69.1198000000004,0.004547587547996723,0.006135229558421777,0.012207547690967473,77498.0,74416.0,0.9052433484750183,57.968187168714685,1203.2644605314272,1363.7574579162208,-160.49299738479363,76108.0635,77428.54471405683,74787.58228594318,0.9157183337076829,4696.1456388,1.328209439133547,42.99177664469481,528.5,292.0399999999936,185.4600000000064,1006.0,0.5253479125248509,0.5567351583513063,0.44326484164869373,153.92904094652496,0,6,11,4,False,False,1,1,low_vol,bull_stable
2024-11-10 04:00:00,77205.97,79788.96,77138.0,78832.37,15561.725502,1731225599999,1227141467.6172795,1439033.0,8785.565558,692364232.8305565,0,0.021065860718524787,0.020847043192721838,77048.122,469.0520000000106,76802.063,240.4649999999965,76271.08249999999,163.01899999998568,72517.0818,186.7271999999939,70962.8735,111.31149999999616,68187.31049999999,83.04184999999416,0.007584851244131807,0.007515847966286846,0.012494136430437557,79788.96,74416.0,0.8219621958845758,78.63888097237088,1313.9000308218965,1353.785972497356,-39.885941675459435,76271.08249999999,78041.32796294008,74500.8370370599,1.2234272177560408,5326.181979999999,2.921741232356466,327.8211419650472,1626.3999999999942,956.5900000000111,67.97000000000116,2650.9600000000064,0.613513595074988,0.5645624295886003,0.4354375704113997,92.47258601336047,4,6,11,4,False,False,1,1,low_vol,bull_stable
2024-11-10 08:00:00,78832.36,80040.0,78832.36,79844.01,7359.556072,1731239999999,585466322.4063987,778547.0,4091.122218,325618635.6248148,0,0.012832799521313332,0.012751156876789951,77752.94399999999,704.8219999999856,77095.206,293.14300000001094,76510.88249999999,239.8000000000029,72721.9622,204.88039999999455,71078.2157,115.34219999999914,68273.38155,86.0710500000132,0.00814722841590173,0.007559283192328078,0.01257631781770014,80040.0,74416.0,0.9651511379800845,82.02637147551287,1466.307727991676,1376.29032359622,90.01740439545597,76510.88249999999,78805.27963561138,74216.4853643886,1.226362373859881,5117.4512169,1.4381292092625362,94.44370763784023,1011.6499999999942,195.99000000000524,0.0,1207.6399999999994,0.8377082574277058,0.5558925263936761,0.4441074736063238,105.7872230856481,8,6,11,4,False,False,1,1,low_vol,bull_stable
2024-11-10 12:00:00,79844.0,80080.0,79200.0,79694.03,9016.63483,1731254399999,717480557.4192199,1274985.0,4270.42555,339888073.7581394,0,-0.0018784126699046277,-0.001880179099386146,78450.76599999999,697.8220000000001,77413.63100000001,318.4250000000029,76757.70499999999,246.82249999999476,72919.56460000001,197.60240000001795,71193.1732,114.95750000000407,68360.25175,86.87019999999029,0.007795983926114025,0.007474880977990993,0.012593808558364122,80080.0,74512.19,0.9306783097842776,79.23385168450388,1557.0411918370228,1412.4404972443808,144.60069459264196,76757.70499999999,79305.98235190725,74209.42764809272,1.0761392098474507,5511.7460519,1.6358944597768255,-16.93696110457536,149.97000000000116,236.0,494.02999999999884,880.0,0.17042045454545587,0.47361633586307716,0.5263836641369228,141.40364160672124,12,6,11,4,False,False,1,1,low_vol,bull_stable
2024-11-10 16:00:00,79694.03,81069.99,79324.59,79748.99,11314.767361,1731268799999,908455632.1591613,1190343.0,5729.084411,460018566.17879987,0,0.0006896376052258901,0.000689399914486656,79065.07200000001,614.306000000026,77754.383,340.75199999999313,77007.8545,250.1495000000141,73122.38440000001,202.81979999999749,71310.5831,117.40989999999874,68445.87665,85.6249000000098,0.007586747067252062,0.007457124959078983,0.012570833627380013,81069.99,74512.19,0.7985604928482114,82.29898916686282,1614.7688778487645,1452.9061733652577,161.86270448350683,77007.8545,79702.66399205965,74313.04500794035,1.0085954142726705,6393.393075,1.7697593794512627,7.803089066528105,54.9600000000064,1321.0,369.4400000000023,1745.4000000000087,0.031488484015128985,0.5063369160153606,0.49366308398463943,105.20260488102491,16,6,11,4,False,False,1,1,low_vol,bull_stable
2024-11-10 20:00:00,79748.99,81500.0,78473.13,80370.01,12339.951705,1731283199999,986418207.4927845,1485563.0,6402.198395,512008055.63619274,0,0.007787183260878683,0.007757019641200594,79697.88200000001,632.8099999999977,78138.476,384.0929999999935,77223.37049999999,215.5159999999887,73341.9212,219.53679999998712,71438.96350000001,128.3804000000091,68536.28665,90.40999999998894,0.0076220933367716365,0.006757270715530821,0.012560993095971307,81500.0,75494.0,0.811856476856476,82.67385405426012,1691.135254321256,1500.5519895564573,190.58326476479874,77223.37049999999,80265.89791906421,74180.84308093577,1.0171094729144303,7344.899930500001,1.680070773157554,96.09346535722736,621.0199999999895,1129.9900000000052,1275.8600000000006,3026.8699999999953,0.20516903600088227,0.5188187561873444,0.48118124381265553,120.3864517069437,20,6,11,4,False,False,1,1,low_vol,bull_stable
2024-11-11 00:00:00,80370.01,81846.71,80216.01,81612.23,7866.798202,1731297599999,637842560.2647911,1142899.0,4170.456412,338220910.03434527,0,0.015456262852275415,0.015338031541382885,80253.854,555.9719999999943,78650.988,512.5120000000024,77477.4625,254.0920000000042,73583.9658,242.04460000000836,71574.0279,135.06439999998838,68633.12015,96.83350000000792,0.00801306432637147,0.007299245577955437,0.01268160188977264,81846.71,75494.0,0.963089767988778,84.60637835688459,1830.7887372632395,1566.599339097814,264.1893981654255,77477.4625,81074.57341829414,73880.35158170585,1.0747345013704541,7935.9149977,0.9912906330624721,121.59130081591962,1242.2200000000012,234.48000000001048,154.0,1630.7000000000116,0.7617710185809727,0.5301339000839924,0.46986609991600753,145.28134199621866,0,0,11,4,False,False,1,1,low_vol,bull_stable
2024-11-11 04:00:00,81612.23,81727.47,80432.0,81109.1,6018.85178,1731311999999,487783961.4737614,974135.0,2853.2504,231229782.3592336,0,-0.006164884846302954,-0.006183966212258293,80506.872,253.0179999999964,79129.908,478.91999999999825,77740.023,262.56050000000687,73818.65299999999,234.68719999998575,71708.2188,134.19090000000142,68727.86319999999,94.74304999999003,0.008573422292986684,0.007092345071485898,0.012731103048536883,81846.71,75555.0,0.8827647809578001,83.3744528683054,1879.204443417082,1629.1203599616679,250.0840834554142,77740.023,81596.6167678453,73883.4292321547,0.9367943842167129,8280.166407699999,0.7268998572785774,-37.10552813066556,503.1299999999901,115.24000000000524,677.1000000000058,1295.4700000000012,0.3883764193690241,0.47405227845634035,0.5259477215436597,161.84731500399235,4,0,11,4,False,False,1,1,low_vol,bull_stable
2024-11-11 08:00:00,81109.11,82380.94,81023.29,82134.0,8046.625461,1731326399999,657717920.3586407,1126944.0,4297.974041,351384265.8875639,0,0.012636066729873718,0.012556897863149912,80994.866,487.9939999999915,79722.816,592.9080000000104,78052.18350000001,312.1605000000127,74093.7352,275.0822000000044,71861.0588,152.8399999999965,68826.56284999999,98.69964999999502,0.008335530983145063,0.007346222780537908,0.012542490181595709,82380.94,75630.76,0.9634172718357137,87.38529534391722,1977.479946034291,1698.7922771761926,278.6876688580985,78052.18350000001,82272.10458211078,73832.26241788924,0.9836365918433592,8688.960579800001,0.9260745732587055,101.67769627549687,1024.8899999999994,246.94000000000233,85.82000000000698,1357.6500000000087,0.7549000110484977,0.5341337262224042,0.4658662737775959,140.05175280768546,8,0,11,4,False,False,1,1,low_vol,bull_stable
2024-11-11 12:00:00,82133.99,84263.51,81460.19,84059.54,17558.062176,1731340799999,1451685096.423204,2415264.0,9328.542486,771708732.0930364,0,0.023443884384055202,0.0231732974388638,81856.976,862.1100000000006,80461.024,738.2079999999987,78447.736,395.5524999999907,74406.9776,313.2424000000028,72034.67090000001,173.61210000001302,68935.47665,108.91380000000936,0.009697258258612701,0.008533317011959774,0.012836028196326241,84263.51,75630.76,0.9763725348237814,89.69667896678975,2185.54536892772,1796.1428955264983,389.40247340122187,78447.736,83345.03458471783,73550.43741528218,1.072948933266169,10132.0438054,1.7329240292706007,411.6291796621967,1925.5499999999884,203.97000000000116,673.8000000000029,2803.3199999999924,0.6868819827918302,0.5312968135373802,0.46870318646261977,137.55868818493013,12,0,11,4,False,False,1,1,low_vol,bull_stable
2024-11-22 00:00:00,98317.12,99299.99,97840.0,98836.5,7532.474903,1732247999999,741925816.6723607,882034.0,3888.982043,383172995.1477785,0,0.005282701527465461,0.005268797007208086,97926.088,384.89800000000105,96536.70999999999,538.1849999999977,94340.344,411.4119999999966,91850.3324,172.85980000000563,85693.229,300.2647000000143,77227.5892,153.27260000001115,0.009574831533678416,0.00812079685249075,0.011940223438869071,99299.99,90224.02,0.9489321802518073,73.23316468259723,2027.9160717194172,1633.6734045185058,394.24266720091146,94340.344,99601.00783504687,89079.68016495313,0.9273373229103075,10517.3882672,0.716192529136831,39.79181667567335,519.3800000000047,463.49000000000524,477.11999999999534,1459.9900000000052,0.3557421626175541,0.5162953867195912,0.48370461328040887,117.09750266127106,0,4,11,4,False,False,1,1,low_vol,bull_stable
2024-11-22 04:00:00,98836.49,99419.99,98517.21,99173.7,6632.8656,1732262399999,656690809.99516,796584.0,3230.24525,319835847.99274445,0,0.0034116950721645445,0.0034058884437475055,98165.83,239.74199999999837,96980.083,443.37300000000687,94775.825,435.48099999999977,92026.3024,175.97000000000116,85988.5661,295.33709999998973,77381.5677,153.97849999999744,0.009152236935319042,0.008003161871828533,0.011942126736567677,99419.99,90357.0,0.9728246417573,79.86359083167474,2108.8863006210013,1728.715983739005,380.1703168819963,94775.825,100126.62046527675,89425.02953472325,0.910955252218049,9910.420384000001,0.6692819621162096,22.629314881849727,337.20999999999185,246.29000000000815,319.27999999999884,902.7799999999988,0.3735240036332133,0.48700598576880555,0.5129940142311944,120.09650851360534,4,4,11,4,False,False,1,1,low_vol,bull_stable
2024-11-22 08:00:00,99173.7,99267.19,98219.84,98870.38,6290.74803,1732276799999,620862352.918142,971329.0,2856.75704,281900021.8197489,0,-0.003058472155420211,-0.003063158839885136,98605.50600000001,439.67600000000675,97467.121,487.03800000000047,95147.944,372.11900000000605,92204.9696,178.66719999999623,86287.31,298.7439000000013,77534.9796,153.41190000000643,0.008537731899790459,0.008047746848025129,0.011924061128690539,99419.99,90975.8,0.9349126440783544,79.63820028725283,2124.0951545966527,1807.7918179105345,316.3033366861182,95147.944,100553.30790405527,89742.58009594474,0.8443279736640227,9463.384497,0.6647461098082021,-19.240077686519545,303.31999999999243,93.49000000000524,650.5400000000081,1047.3500000000058,0.2896071036425175,0.45412040450140234,0.5458795954985977,154.40596179783728,8,4,11,4,False,False,1,1,low_vol,bull_stable
2024-11-22 12:00:00,98870.39,98949.0,97122.11,98664.0,11263.93551,1732291199999,1103510267.5813947,2231011.0,5069.95996,496789000.8786164,0,-0.0020873794558087244,-0.0020895610687363397,98772.34,166.833999999988,97904.86499999999,437.7439999999915,95500.1435,352.19950000000244,92362.86119999998,157.8915999999881,86580.2299,292.91990000000806,77686.4096,151.42999999999302,0.008824320672442649,0.008152237023785093,0.011890397450918177,99419.99,90975.8,0.9104721708061987,76.62172335409845,2095.3413489696395,1865.3017241223556,230.0396248472839,95500.1435,100855.33275260497,90144.95424739504,0.7954009980563224,10094.838452,1.1158113687067848,-23.512107575128365,206.38999999999942,78.61000000000058,1541.8899999999994,1826.8899999999994,0.11297341383443966,0.4501055564015743,0.5498944435984258,198.06674123971436,12,4,11,4,False,False,1,1,low_vol,bull_stable
2024-11-22 16:00:00,98663.99,99588.01,98220.0,99079.74,9541.05621,1732305599999,944737012.7227908,1604510.0,5290.72798,524016428.3595261,0,0.004213694964728898,0.004204842211921496,98924.864,152.5240000000049,98233.027,328.1620000000112,95871.5295,371.3859999999986,92514.61880000001,151.7576000000263,86827.54200000002,247.3121000000101,77839.70825,153.298649999997,0.00785938782460238,0.008113299461638074,0.011862176213001693,99588.01,90975.8,0.9409826281523569,76.21097423118036,2082.099349131153,1908.661249124115,173.43810000703775,95871.5295,101132.46101817516,90610.59798182485,0.8049089775181888,10115.0383225,0.9432545785592105,40.203100510272385,415.75,508.2699999999895,443.99000000000524,1368.0099999999948,0.3039085971593787,0.5545222524163286,0.4454777475836714,168.16901239071515,16,4,11,4,False,False,1,1,low_vol,bull_stable
2024-11-22 20:00:00,99079.74,99449.0,98535.0,98892.0,4928.22899,1732319999999,487810513.4733569,785843.0,2372.99592,234921005.4480695,0,-0.0018948374309419869,-0.0018966349063615404,98935.964,11.10000000000582,98431.026,197.99899999999616,96196.53,325.00049999999464,92733.49900000001,218.8801999999996,87082.7531,255.2110999999859,77991.0383,151.33005000000412,0.0074388932880093414,0.00815178198284808,0.010349355771236296,99588.01,91320.0,0.9158189213607634,71.55145476459147,2033.0205247661797,1933.5331042525281,99.48742051365161,96196.53,101354.4812965643,91038.57870343569,0.7612926959775137,9285.8428396,0.5307250052718198,-9.338192758505421,187.74000000000524,369.25999999999476,357.0,914.0,0.2054048140043821,0.48151088855958374,0.5184891114404162,159.4574849493753,20,4,11,4,False,False,1,1,low_vol,bull_stable
2024-11-23 00:00:00,98892.0,98908.85,98300.0,98666.67,3918.314,1732334399999,386187855.918752,536567.0,1798.85054,177296580.3979794,0,-0.002278546292925676,-0.0022811461295129793,98834.55799999999,-101.40600000001723,98500.194,69.16800000000512,96468.47,271.9400000000023,92917.5526,184.05359999998473,87326.69970000001,243.94660000001022,78141.8302,150.79189999999653,0.00682859975581295,0.008134894553329181,0.010144368895393292,99588.01,91320.0,0.8885656887207445,75.58989229222023,1953.42508659116,1937.5115007202546,15.913585870905308,96468.47,101540.18339565079,91396.75660434921,0.7167117725821265,8672.7841366,0.45179424949184777,-8.928059839218777,225.33000000000175,16.85000000000582,366.66999999999825,608.8500000000058,0.37009115545700844,0.4590878985196184,0.5409121014803816,136.93823414866702,0,5,11,4,False,False,1,1,low_vol,bull_stable
2024-11-23 04:00:00,98666.66,98800.0,98284.61,98560.85,3360.38068,1732348799999,331304729.9559532,536019.0,1462.48119,144179509.2035756,0,-0.0010724999637667931,-0.001073075503400557,98772.652,-61.905999999988126,98689.079,188.88499999999476,96780.973,312.502999999997,93142.25779999999,224.7051999999967,87569.3282,242.62849999999162,78289.4745,147.64429999999993,0.004845126879896943,0.007635035036739055,0.009443826266708545,99588.01,91500.0,0.873002135259478,73.91224566291281,1860.3612522763578,1922.0814510314754,-61.72019875511751,96780.973,101534.24119928374,92027.70480071625,0.6872266538913385,7323.810306600001,0.45882956266244695,-3.6040081575426317,105.80999999999767,133.3399999999965,276.24000000000524,515.3899999999994,0.20530084014047187,0.43521295033751944,0.5647870496624805,159.5113920247869,4,5,11,4,False,False,1,1,low_vol,bull_stable
2024-11-23 08:00:00,98560.84,98623.76,98300.0,98429.99,3176.75105,1732363199999,312731615.884615,471860.0,1300.28096,128004007.9260288,0,-0.001327707705442882,-0.0013285898902606053,98725.85,-46.80199999999604,98749.095,60.01600000000326,97100.473,319.5,93346.49339999999,204.23559999999998,87795.39259999999,226.06439999998838,78436.9245,147.4499999999971,0.003394641944194638,0.007574135362823812,0.00939138273373593,99588.01,91850.0,0.8503465361249223,67.4140338108314,1755.808319382675,1888.8268247017154,-133.0185053190403,97100.473,101343.61323455637,92857.33276544363,0.6566666344388463,6340.5072983,0.5010247446370327,-4.217796847358766,130.84999999999127,62.919999999998254,129.99000000000524,323.75999999999476,0.4041574005435921,0.40931157007093777,0.5906884299290622,148.53540380509202,8,5,11,4,False,False,1,1,low_vol,bull_stable
2024-11-23 12:00:00,98430.0,98847.68,98400.0,98400.0,4138.68982,1732377599999,408083428.1988196,737038.0,1872.14876,184617233.3455458,0,-0.00030468356239810035,-0.0003047299878649887,98589.902,-135.94800000000396,98757.383,8.288000000000466,97377.954,277.48099999999977,93562.2534,215.7600000000093,88023.6727,228.28010000000359,78586.35449999999,149.42999999999302,0.003031742578325347,0.007504896072820945,0.009306949287963452,99588.01,92720.0,0.8270226746903403,61.494086839645604,1651.4920520798478,1841.359870177342,-189.86781809749414,97377.954,101150.58958009335,93605.31841990665,0.6354551716302681,6078.3444793,0.6808909620200768,-1.2609907580183526,30.0,417.679999999993,0.0,447.679999999993,0.06701215153681306,0.4523530009311015,0.5476469990688985,178.08486068182808,12,5,11,4,False,False,1,1,low_vol,bull_stable
2024-11-23 16:00:00,98400.01,98459.56,97336.06,97504.0,7486.78427,1732391999999,732052648.4378462,1007034.0,3506.87807,342859984.6860299,0,-0.009105691056910614,-0.009147401254909246,98312.302,-277.6000000000058,98624.133,-133.25,97580.4215,202.46749999999884,93717.50839999999,155.2549999999901,88248.2326,224.55990000000747,78732.68445,146.32995000001392,0.0036449512222601313,0.007914413461524857,0.008889894170187183,99588.01,93138.0,0.6768981753516666,46.26546376630026,1479.466577103798,1768.9812115626332,-289.5146344588352,97580.4215,100870.25953288593,94290.58346711406,0.48838521847640054,6073.7754159999995,1.2326409452476208,-68.17234457235806,896.0099999999948,59.55000000000291,167.94000000000233,1123.5,0.7975166889185534,0.4684091251369796,0.5315908748630205,134.50821656972894,16,5,11,4,False,False,1,1,low_vol,bull_stable
2024-11-23 20:00:00,97504.0,98015.82,97136.0,97672.4,2676.92385,1732406399999,261249587.9335283,550620.0,1235.60918,120581599.382099,0,0.0017271086314407658,0.0017256188943735513,98113.448,-198.85399999999208,98474.003,-150.13000000000466,97727.04299999999,146.62149999999383,93902.0482,184.5398000000132,88477.3808,229.148199999996,78884.34135,151.65690000000177,0.003433181346234187,0.007428594121503661,0.008579503394321626,99588.01,93138.0,0.7030066620051748,59.67265357899779,1341.2623835800623,1683.4374459661192,-342.1750623860569,97727.04299999999,100732.99327019908,94721.0927298009,0.4909108609444199,5678.181241,0.47144036732588684,4.623338287044646,168.39999999999418,343.4200000000128,368.0,879.820000000007,0.19140278693368284,0.4615780086534773,0.5384219913465227,205.6913199081102,20,5,11,4,False,False,1,1,low_vol,bull_stable
2024-11-24 00:00:00,97672.4,98564.0,97620.74,98200.1,3989.58138,1732420799999,391739869.2074475,518148.0,1966.90305,193140090.7133809,0,0.005402754514069574,0.005388211992168613,98041.29800000001,-72.14999999999418,98406.975,-67.02799999999115,97937.048,210.00500000000466,94058.4924,156.4441999999981,88711.9218,234.54099999999744,79036.52685,152.18549999999232,0.004006389539198581,0.007133876394356724,0.008106057266401193,99588.01,93770.07,0.7614430537269219,54.076830758728555,1259.793429866826,1598.7086427462607,-338.91521287943465,97937.048,100380.97246600137,95493.12353399862,0.5538175388927634,5448.064576,0.7322933354305381,21.55472881004292,527.7000000000116,363.8999999999942,51.65999999998894,943.2599999999948,0.5594427835379583,0.49300988315721483,0.5069901168427852,129.87528029820513,0,6,11,4,False,False,1,1,low_vol,bull_stable
2024-11-24 04:00:00,98200.1,98431.06,97872.2,98431.05,3583.35015,1732435199999,351922394.5374466,488203.0,1948.83008,191419073.1340548,0,0.0023518305989504995,0.002349069373809188,98041.51,0.21199999998498242,98383.68000000001,-23.294999999998254,98144.27249999999,207.22449999999662,94206.472,147.97959999999148,88935.63539999998,223.71359999998822,79191.7946,155.26774999999907,0.004077539046722804,0.007131277988303205,0.008067209073197933,99588.01,94040.0,0.7914639663591102,51.32946385020582,1200.0312190673721,1518.973158010483,-318.9419389431109,98144.27249999999,99887.21482465339,96401.3301753466,0.5822682127640223,4680.00604,0.7656721207992288,8.427432529523863,230.9499999999971,0.00999999999476131,327.90000000000873,558.8600000000006,0.4132519772393745,0.5438570048757305,0.4561429951242694,136.24205828727062,4,6,11,4,False,False,1,1,low_vol,bull_stable
2024-11-24 08:00:00,98431.05,98472.98,97239.29,97280.03,3606.92172,1732449599999,352771298.0685443,657656.0,1618.93206,158316085.2828192,0,-0.011693667800963259,-0.011762576457682633,97817.51599999999,-223.99400000000605,98203.709,-179.971000000005,98218.368,74.09550000001036,94327.03199999999,120.55999999999767,89143.1318,207.49640000001818,79341.24465,149.45004999999946,0.005121177149723572,0.0069897552890349724,0.008281862106953837,99588.01,95600.0,0.4212702575971477,34.1707939671918,1047.7141454317025,1424.721355494727,-377.00721006302456,98218.368,99637.22287049227,96799.51312950773,0.1693326359466044,4086.5925909999996,0.8826232710213417,-42.17814437775901,1151.020000000004,41.929999999993015,40.74000000000524,1233.6900000000023,0.9329896489393623,0.4488403646309242,0.5511596353690759,182.3316531527055,8,6,11,4,False,False,1,1,low_vol,bull_stable
2024-11-24 12:00:00,97280.04,97606.52,95900.01,95901.51,9382.31921,1732463999999,908258277.0002482,1699854.0,4048.49485,392055616.2264352,0,-0.01417063707731181,-0.014271999272234584,97497.018,-320.4979999999923,97904.66,-299.04899999999907,98167.84300000001,-50.52499999999418,94422.7116,95.67960000000312,89343.56800000001,200.436200000011,79483.7422,142.49755000000005,0.0064421457454317205,0.0072599249383035105,0.008559091116718775,99588.01,95600.0,0.0756041233597697,22.538466573902724,806.4702370797459,1301.071131811731,-494.60089473198514,98167.84300000001,99833.13340851068,96502.55259148934,-0.1804617946568479,4532.001612999999,2.0702373942425165,-132.95344046840083,1378.5299999999988,326.4800000000105,1.5,1706.5100000000093,0.8078065759942756,0.4315025698214333,0.5684974301785667,181.1763128020881,12,6,11,4,False,False,1,1,low_vol,bull_stable
2024-11-24 16:00:00,95901.52,96747.98,95734.77,96320.02,5662.8696,1732478399999,544574252.2407312,928779.0,2784.58388,267802933.1662613,0,0.004363956313096828,0.004354461867952867,97226.542,-270.4759999999951,97669.995,-234.66500000000815,98085.0945,-82.74850000000151,94525.7182,103.0066000000079,89547.8603,204.29229999998643,79628.84655,145.1043500000087,0.006859162207901158,0.006849468704304109,0.00857147166796329,99588.01,95600.0,0.18054618719612162,29.00233164717052,641.6563460680336,1169.1881746629915,-527.5318285949579,98085.0945,99943.95515624786,96226.23384375215,0.025226785002045123,4706.457173,1.2032128184415969,24.712515541164112,418.5,427.95999999999185,166.75,1013.2099999999919,0.41304369281787917,0.4917266468576285,0.5082733531423714,164.01207613892433,16,6,11,4,False,False,1,1,low_vol,bull_stable
2024-11-24 20:00:00,96320.01,98369.46,96195.47,97900.04,4975.93632,1732492799999,484905920.8973706,672080.0,2756.37784,268579835.2238211,0,0.01640385872012895,0.016270768914879673,97166.53,-60.012000000002445,97603.914,-66.08099999999104,98146.4965,61.40199999998731,94673.295,147.57679999999527,89765.3758,217.51549999999406,79781.9354,153.0888500000001,0.009092833736144263,0.007213824189466112,0.00875290375350202,99588.01,95734.77,0.5619348911565318,44.87041065721266,631.2578121293191,1061.6021021562572,-430.3442900269381,98146.4965,99886.12616124547,96406.86683875452,0.42916409006743667,4868.012736999999,1.022169946717623,81.62455639363836,1580.0299999999988,469.4200000000128,124.5399999999936,2173.9900000000052,0.7267880717022595,0.5539415424030186,0.44605845759698143,135.06603717951117,20,6,11,4,False,False,1,1,low_vol,bull_stable
2024-11-25 00:00:00,97900.05,98050.0,96888.0,97898.8,3838.26336,1732507199999,374342332.5097342,1030336.0,1840.24148,179472768.6009654,0,-1.2665980524517728e-05,-1.2666060738726381e-05,97060.08,-106.44999999999709,97550.79500000001,-53.1189999999915,98149.94499999999,3.448499999998603,94809.2662,135.97119999999995,89985.0192,219.64340000000084,79934.0145,152.07910000000265,0.009091216196729816,0.00670366998735367,0.008728209227955214,99588.01,95734.77,0.5616130840539401,41.603219521906674,615.8180740049283,972.4452965259915,-356.6272225210631,98149.94499999999,99887.20339623961,96412.68660376038,0.4277180065603351,4934.163967999999,0.7778953810397573,-0.048615368965729974,1.25,149.9499999999971,1010.8000000000029,1162.0,0.0010757314974182443,0.4794463817094614,0.5205536182905386,268.43806778282146,0,0,11,4,False,False,1,1,low_vol,bull_stable
2024-11-25 04:00:00,97898.81,98376.99,97491.66,98047.34,5230.71565,1732521599999,512770031.8518766,758180.0,2569.44725,251940572.8292197,0,0.0015172811106978212,0.0015161312027221973,97213.54199999999,153.46199999998498,97515.52900000001,-35.26600000000326,98136.456,-13.488999999986845,94958.47459999999,149.20839999998861,90201.21539999999,216.19619999999122,80087.1212,153.10669999998936,0.009113878390730539,0.0066138953193929624,0.00866766374623491,99588.01,95734.77,0.6001624606824382,43.960588597005504,608.5528880213824,899.6668148250698,-291.1139268036874,98136.456,99872.43794482965,96400.47405517036,0.4743326823572597,5043.366551,1.0371476269086277,7.936466051176476,148.52999999999884,329.65000000000873,407.1499999999942,885.3300000000017,0.16776795093354854,0.4912228884015135,0.5087771115984865,144.94766122490333,4,0,11,4,False,False,1,1,low_vol,bull_stable
2024-11-25 08:00:00,98047.34,98871.8,97850.0,98188.09,5195.73129,1732535999999,511282917.3748322,991443.0,2470.20864,243087323.9334361,0,0.0014355310404137178,0.0014345016507591628,97670.85800000001,457.3160000000207,97583.938,68.4089999999851,98104.0355,-32.42050000000745,95117.2792,158.80460000001767,90413.9705,212.7551000000094,80242.65115,155.529950000011,0.008578916414081195,0.006503623557328993,0.008633134211933543,99588.01,95734.77,0.636690162045447,46.53620561873218,607.1536353217671,841.1641789244093,-234.0105436026422,98104.0355,99808.91030184226,96399.16069815774,0.5246512236291986,4814.261253,1.0792375022776937,7.458633544443808,140.75,683.7100000000064,197.3399999999965,1021.8000000000029,0.13774711293795225,0.4754304066406021,0.5245695933593979,190.8187596052528,8,0,11,4,False,False,1,1,low_vol,bull_stable
2024-11-25 12:00:00,98188.09,98313.08,94525.0,96000.56,14345.48831,1732550399999,1381536643.0241616,2164483.0,6049.52693,582407136.2101378,0,-0.02227897497547815,-0.02253090012515202,97606.96599999999,-63.89200000002165,97416.754,-167.18399999999383,97945.3785,-158.65699999999197,95226.2744,108.99519999999029,90608.8783,194.90780000000086,80388.39225,145.74109999999928,0.011221464904979302,0.00807687843650354,0.009271828933682384,99588.01,94525.0,0.2914392821661421,35.76039234574296,424.6344073055807,757.8582246006437,-333.223817295063,97945.3785,99813.86097408683,96076.89602591319,-0.02042727908124889,5981.117699,2.3984628010912514,-319.60277506950433,2187.529999999999,124.99000000000524,1475.5599999999977,3788.0800000000017,0.5774772444087765,0.42170240561159394,0.578297594388406,150.88249024546448,12,0,11,4,False,False,1,1,low_vol,bull_stable
2024-11-25 16:00:00,96000.57,96500.0,94400.0,94669.48,10283.14008,1732564799999,980520347.1737179,1781326.0,4871.03387,464549118.751689,0,-0.013865335785541277,-0.013962357422780495,96960.854,-646.1119999999792,97063.69200000001,-353.0619999999908,97735.3335,-210.0450000000128,95305.98019999999,79.70579999999609,90792.1584,183.28010000000359,80529.66965,141.27739999999176,0.011522645072684917,0.008528885927562017,0.009513596254621469,99588.01,94400.0,0.05194284513715205,31.54848997816535,170.61285364840296,640.4091504101955,-469.7962967617925,97735.3335,100055.80678464904,95414.86021535094,-0.16060952312658866,6610.473569,1.5555829658291158,-142.57919013895778,1331.090000000011,499.429999999993,269.4799999999959,2100.0,0.6338523809523863,0.4736912880797789,0.5263087119202211,173.2278259502228,16,0,11,4,False,False,1,1,low_vol,bull_stable
2024-11-30 20:00:00,97019.69,97040.0,96320.99,96407.99,1725.23724,1733011199999,166806528.1620136,337900.0,809.30116,78235972.1832245,0,-0.006304803314131635,-0.006324762523364935,96624.89,-46.40600000000268,96981.15800000001,78.29400000000896,96325.5895,42.59900000000198,96154.8448,-45.12019999999029,94258.853,56.385699999998906,84833.3008,139.56894999998622,0.007921359388027573,0.007361882309061652,0.009292404745695955,98619.99,94640.0,0.44421970909474723,58.139678119992105,399.52792712126393,380.78447267018646,18.74345445107747,96325.5895,98040.44055581909,94610.73844418091,0.5240255559572914,3607.985587,0.47817187690999496,-10.877281468415315,611.6999999999971,20.30999999999767,87.0,719.0099999999948,0.8507531188717842,0.46909557783484895,0.530904422165151,195.8571216559179,20,5,11,4,False,False,1,1,low_vol,bull_stable
2024-12-01 00:00:00,96407.99,96672.49,95693.88,96336.75,3622.03491,1733025599999,348520486.3880458,759921.0,1608.04782,154745768.1589992,0,-0.000738942902968942,-0.0007392160558470761,96535.564,-89.32600000000093,96891.04199999999,-90.11600000002363,96311.0275,-14.562000000005355,96099.985,-54.859800000005635,94307.30190000002,48.4489000000176,84966.83465,133.53385000000708,0.005572924354829738,0.0069149919556123094,0.009268366779785714,98619.99,94640.0,0.42632016663358396,57.10692587666705,353.3556199241866,375.2987021209865,-21.943082196799878,96311.0275,98020.0025476937,94602.05245230629,0.5075257096452978,3553.745601,1.0192161501320702,-2.676476991050251,71.24000000000524,264.5,642.8699999999953,978.6100000000006,0.0727971306240537,0.4439625403831351,0.5560374596168649,209.80499053224202,0,6,12,4,False,False,1,1,low_vol,bull_stable
2024-12-01 04:00:00,96336.76,96515.52,96195.99,96472.97,1284.90142,1733039999999,123842748.8806751,333904.0,619.26068,59683143.7451851,0,0.0014139982924481487,0.0014129995382429308,96576.56000000001,40.99600000001374,96736.392,-154.64999999997963,96341.5205,30.493000000002212,96051.6044,-48.38060000000405,94392.5517,85.24979999997595,85099.38844999998,132.55379999997967,0.004718559755339811,0.0066724379474314005,0.009270157077412494,98619.99,94640.0,0.46054638328236974,55.06984731563945,324.02044340310385,365.04305037741,-41.02260697430614,96341.5205,98038.56613504737,94644.47486495263,0.5387289231607296,2796.47811,0.4594712954860211,1.8168484138442014,136.2100000000064,42.55000000000291,140.76999999998952,319.52999999999884,0.4262823522048224,0.48195189946945505,0.518048100530545,259.8674067929663,4,6,12,4,False,False,1,1,low_vol,bull_stable
2024-12-01 08:00:00,96472.97,97179.04,96424.99,97108.89,2803.36709,1733054399999,271735512.6051469,510751.0,1393.78445,135086579.5494303,0,0.006591690916118775,0.006570060722555003,96669.256,92.69599999998172,96714.308,-22.08400000000256,96423.3935,81.87300000000687,96020.44880000001,-31.15559999998368,94469.0007,76.4490000000078,85230.2422,130.8537500000093,0.004930441797232332,0.006726774393222087,0.009319255517324185,98619.99,94640.0,0.6203256792102483,53.296343527144145,348.0731632979587,361.6490729615197,-13.575909663561049,96423.3935,98101.58570868094,94745.20129131907,0.7042365875774136,2477.4790970000004,1.1315401584597102,18.478929381699327,635.9199999999983,70.14999999999418,47.979999999995925,754.0499999999884,0.8433393011073643,0.4971822830380733,0.5028177169619267,182.1919797167912,8,6,12,4,False,False,1,1,low_vol,bull_stable
2024-12-01 12:00:00,97108.89,97388.78,96660.88,97028.02,3260.08114,1733068799999,316502594.3764406,733257.0,1498.29969,145499460.2436528,0,-0.0008327764842126495,-0.000833123435184092,96670.924,1.6680000000051223,96671.11000000002,-43.197999999989406,96509.8115,86.41799999999057,95989.79220000001,-30.656600000002072,94566.025,97.02429999999003,85360.29245,130.05025000000023,0.004902100017606141,0.006710026180874071,0.009318898867734036,98619.99,94640.0,0.6000065326797306,60.04879103940962,356.50007303553866,360.61927297632354,-4.119199940784881,96509.8115,98121.02209325081,94898.60090674918,0.660813397755305,2547.421762,1.2797571209568712,-2.714918910017166,80.86999999999534,279.8899999999994,367.1399999999994,727.8999999999942,0.11110042588267069,0.4595896929117538,0.5404103070882462,224.91986196392648,12,6,12,4,False,False,1,1,low_vol,bull_stable
2024-12-01 16:00:00,97028.02,97523.41,96958.48,97178.73,2968.12339,1733083199999,288531926.9369053,474575.0,1591.50247,154705375.7393283,0,0.0015532626554679574,0.0015520575907228456,96825.072,154.14800000000105,96724.981,53.87099999998463,96596.1475,86.33600000001024,95964.767,-25.02520000000368,94655.6302,89.60520000000542,85488.92604999998,128.63359999998647,0.004036009189134035,0.006709792441595376,0.009321137428631974,98619.99,94698.0,0.6325181859209209,49.463817172346744,371.0621239919128,362.70784317944145,8.354280812471359,96596.1475,98152.82600403464,95039.46899596538,0.6871235770552625,2538.9766609999997,1.1690235028907185,4.610275218507956,150.70999999999185,344.68000000000757,69.54000000000815,564.9300000000076,0.266776414777034,0.5361982171502647,0.4638017828497353,159.89058999329538,16,6,12,4,False,False,1,1,low_vol,bull_stable
2024-12-01 20:00:00,97178.73,97836.0,96800.01,97185.18,3000.09657,1733097599999,292194357.4190069,529792.0,1404.00058,136768712.7570421,0,6.637254880770271e-05,6.637034624754424e-05,96994.758,169.6860000000015,96765.161,40.179999999993015,96705.0495,108.90199999998731,95940.4706,-24.296400000006543,94751.362,95.73179999999411,85612.8419,123.91585000001942,0.004024977900759889,0.006585031236154432,0.009321210866230101,98619.99,94698.0,0.6341627592115201,41.206021675840425,378.7570399948745,365.9176825425281,12.839357452346405,96705.0495,98088.80863422029,95321.2903657797,0.6734877436854421,2499.2472040000002,1.2004000905546277,0.19912405602014652,6.44999999999709,650.820000000007,378.72000000000116,1035.9900000000052,0.006225928821703933,0.46798512889203425,0.5320148711079657,176.5916488481569,20,6,12,4,False,False,1,1,low_vol,bull_stable
2024-12-02 00:00:00,97185.17,98130.0,96350.0,96483.75,5392.949,1733111999999,525751607.1575739,1137615.0,2693.40316,262695452.0168548,0,-0.0072174584643460715,-0.007243630323258626,96996.91399999999,2.1559999999881256,96786.737,21.57600000000093,96773.263,68.21350000001257,95920.0656,-20.404999999998836,94818.787,67.42500000000291,85732.57985,119.73794999999518,0.004356041015459302,0.006845863399372407,0.00928818402929974,98619.99,94698.0,0.4553173261533042,41.10472280988047,324.5149708804529,357.6371402101131,-33.12216932966021,96773.263,97946.39471244464,95600.13128755537,0.3766067795590048,2793.9805659999997,1.9302027600431062,-38.923385407836676,701.4199999999983,944.8300000000017,133.75,1780.0,0.3940561797752799,0.49943048970053305,0.500569510299467,210.944883773238,0,0,12,4,False,False,1,1,low_vol,bull_stable
2024-12-02 04:00:00,96483.75,96924.0,95749.97,95999.99,5378.4519,1733126399999,517905051.0376519,1038685.0,2641.0178,254325258.1520139,0,-0.005013901304623758,-0.00502651308156774,96775.134,-221.77999999998428,96722.19499999999,-64.54200000000128,96791.0635,17.800499999997555,95886.6174,-33.448199999998906,94894.33279999999,75.5457999999926,85848.8977,116.31785000000673,0.004431149715769369,0.006863743676979832,0.009309013895455078,98619.99,95364.99,0.19508448540706605,35.71058055751834,239.7289056668087,334.0554933014522,-94.32658763464349,96791.0635,97901.15732746784,95680.96967253217,0.14369070414324014,3125.7833679999994,1.720673273478113,-26.967026998266128,483.75999999999476,440.25,250.02000000000407,1174.0299999999988,0.4120507993833166,0.4910367981537587,0.5089632018462413,193.1196967662758,4,0,12,4,False,False,1,1,low_vol,bull_stable
2024-12-02 08:00:00,95999.99,96112.0,94820.41,95128.68,6299.85507,1733140799999,599717246.6366644,1480721.0,3084.09049,293564417.2324553,0,-0.009076146778765448,-0.00911758592804284,96395.26599999999,-379.86800000001676,96533.095,-189.09999999999127,96717.9795,-73.08400000000256,95825.189,-61.42840000000433,94941.8407,47.50790000001143,85963.37109999999,114.47339999998803,0.004832873178704454,0.006764763560756167,0.009353000133123667,98619.99,94820.41,0.08113265150358444,35.3553460825883,101.06291262856394,287.45697716687454,-186.3940645383106,96717.9795,98053.31908129371,95382.63991870629,-0.09509188608797813,3573.5097729999993,1.762932094827099,-57.17840930026967,871.3100000000122,112.00999999999476,308.2699999999895,1291.5899999999965,0.6746026215749693,0.48954943498406545,0.5104505650159346,235.04048641550736,8,0,12,4,False,False,1,1,low_vol,bull_stable
2024-12-02 12:00:00,95128.67,97214.77,94766.0,97048.0,8297.68046,1733155199999,797734771.4551979,1485314.0,4187.90571,402776138.5477029,0,0.020176039444676386,0.01997520009549677,96369.12,-26.145999999993364,96597.09599999999,64.00099999998929,96789.12700000001,71.1475000000064,95797.528,-27.660999999992782,95002.0,60.15929999999935,86087.47115,124.1000500000082,0.008239435562122028,0.007866789345314748,0.009796667620887415,98619.99,94766.0,0.5921136276949336,51.90758362168393,144.3778991355939,258.84116156061845,-114.46326242502454,96789.12700000001,98027.3817430137,95550.87225698632,0.6045313985109161,4230.754094999999,1.9612769434665054,167.41432826028048,1919.3300000000017,166.77000000000407,362.66999999999825,2448.770000000004,0.7837934963267267,0.5047080000475217,0.49529199995247825,179.00351877372728,12,0,12,4,False,False,1,1,low_vol,bull_stable
2024-12-02 16:00:00,97048.01,97356.69,94395.0,95816.0,8796.99302,1733169599999,842776240.4105877,1664505.0,4089.01667,391749455.7448912,0,-0.012694748990190408,-0.012776015823412588,96095.28400000001,-273.83599999998114,96545.021,-52.07499999999709,96718.0315,-71.09550000001036,95768.24740000001,-29.28059999999823,95047.63969999999,45.63969999998517,86206.6312,119.16005000000587,0.009272798442362626,0.007448894458400288,0.009821553121058126,98619.99,94395.0,0.3363321569991877,47.046824547441936,78.38960766236414,222.7508507809676,-144.36124311860345,96718.0315,98009.91172220295,95426.15127779705,0.1508842365967065,4748.249906,1.852681133923451,-111.67561825735706,1232.0099999999948,308.68000000000757,1421.0,2961.6900000000023,0.41598209130597524,0.4648198152145402,0.5351801847854598,189.21294994957265,16,0,12,4,False,False,1,1,low_vol,bull_stable
2024-12-02 20:00:00,95816.01,96327.87,95112.01,95840.62,3792.74036,1733183999999,362754705.039912,753263.0,2126.49944,203347834.196666,0,0.0002569508224095074,0.00025691781620079955,95966.65800000001,-128.62600000000384,96481.786,-63.23500000000058,96609.089,-108.9424999999901,95767.02960000001,-1.2177999999985332,95094.87060000001,47.23090000002412,86325.52760000002,118.89640000001236,0.009253414004454221,0.007165787858092268,0.009614153672307202,98440.0,94395.0,0.3573844252163153,44.48759625250513,27.760039041895652,183.75268843315322,-155.99264939125757,96609.089,97802.60422561156,95415.57377438845,0.1780648526681969,4999.033799999999,0.7586946821603807,0.9745477546877311,24.610000000000582,487.25,704.0,1215.8600000000006,0.020240817199349077,0.5606762494018969,0.43932375059810314,198.60652944880204,20,0,12,4,False,False,1,1,low_vol,bull_stable
2024-12-03 00:00:00,95840.61,96305.52,95400.0,96079.36,3671.38924,1733198399999,351997126.6133343,574670.0,1877.27729,179996049.3418466,0,0.002491010596550769,0.0024879131723992694,95982.532,15.873999999996158,96378.833,-102.95299999999406,96546.5705,-62.51850000000559,95762.2164,-4.813200000004144,95143.9673,49.0966999999946,86446.81435,121.28674999998475,0.008985339876322029,0.0070662834102135355,0.009600572203232101,98130.0,94395.0,0.45096653279785825,43.43744242268592,6.821430703421356,148.36643688720685,-141.5450061837855,96546.5705,97711.80293004238,95381.33806995762,0.299520469927614,5085.836015,0.7218850999465425,9.145469500902474,238.75,226.1600000000035,440.6100000000006,905.5200000000041,0.26366065906882113,0.5113261404012831,0.4886738595987169,156.52657956801116,0,1,12,4,False,False,1,1,low_vol,bull_stable
2024-12-03 04:00:00,96079.36,96238.1,95277.35,95550.0,3510.45774,1733212799999,336369523.342183,601223.0,1453.28203,139248325.7503736,0,-0.005509612054035329,-0.005524845947523839,96066.796,84.26399999999558,96231.031,-147.80199999999604,96451.0705,-95.5,95715.21560000001,-47.00079999999434,95194.25529999999,50.287999999985914,86562.84065000001,116.02630000001227,0.00909502788538534,0.007131865118568396,0.009332659384322428,98130.0,94395.0,0.3092369477911647,43.94241698967088,-51.889347119635204,108.31528008583844,-160.20462720547363,96451.0705,97614.16851696813,95287.97248303187,0.11264206160851298,5110.873675,0.6868605962952117,-19.341260279485617,529.3600000000006,158.74000000000524,272.6499999999942,960.75,0.5509862086911274,0.4139864763049391,0.5860135236950608,171.26626911053486,4,1,12,4,False,False,1,1,low_vol,bull_stable
2024-12-03 08:00:00,95550.0,95662.94,94595.38,94988.01,4056.48891,1733227199999,385848164.3082707,630536.0,1849.78328,175900824.2988753,0,-0.005881632653061297,-0.005898997577275752,95654.798,-411.99800000000687,96011.959,-219.07200000000012,96368.47,-82.60050000000047,95656.9998,-58.2158000000054,95233.13299999999,38.877699999997276,86676.01199999999,113.17134999997506,0.00912183920428948,0.007014193747850759,0.009363989279630993,98130.0,94395.0,0.158771084337348,41.09472182973044,-142.12759929301683,58.226704210067396,-200.35430350308422,96368.47,97697.82861045944,95039.11138954056,-0.01922031765488088,5219.710227,0.7771482962822335,-23.85877762983703,561.9900000000052,112.94000000000233,392.6299999999901,1067.5599999999977,0.5264247442766743,0.4560059995332269,0.5439940004667732,155.43885709772593,8,1,12,4,False,False,1,1,low_vol,bull_stable
2024-12-03 12:00:00,94988.0,96250.0,93578.17,95682.54,13543.07849,1733241599999,1283733924.0999322,1786927.0,6708.64893,635938165.8911409,0,0.007311764926962949,0.007285163563697114,95628.106,-26.69199999999546,95861.69499999999,-150.26400000001013,96313.428,-55.04200000000128,95609.7038,-47.296000000002095,95284.0892,50.95620000001509,86792.33875,116.32675000000745,0.00960059820509304,0.007233387136109073,0.009425881763424286,98130.0,93578.17,0.4623129598425237,45.13941072511282,-155.80329430871643,15.420704506310635,-171.22399881502707,96313.428,97661.48158465516,94965.37441534484,0.26600039969427886,6274.008419,2.1586006242813744,99.02380630628834,694.5399999999936,567.4600000000064,1409.8300000000017,2671.8300000000017,0.2599491734129766,0.49535627626713996,0.50464372373286,131.9439299801326,12,1,12,4,False,False,1,1,low_vol,bull_stable
2024-12-03 16:00:00,95682.54,96169.99,94860.0,95428.6,5936.97324,1733255999999,566614109.8143818,1104977.0,2931.16895,279739959.2108077,0,-0.00265398472908418,-0.0026575127902180684,95545.702,-82.403999999995,95756.18000000001,-105.51499999998487,96271.45850000001,-41.96949999999197,95554.51400000001,-55.18979999999283,95335.89660000001,51.807400000005146,86908.35174999999,116.01299999999173,0.009405950579162915,0.007164854549022968,0.00942697657062108,98130.0,93578.17,0.40652440886412866,39.158062363934604,-184.99965599556162,-24.663367594063814,-160.33628840149782,96271.45850000001,97676.52882360948,94866.38817639054,0.20006536831736946,6328.410843,0.93814598756132,-15.756636315941428,253.93999999998778,487.45000000001164,568.6000000000058,1309.9900000000052,0.1938488080061579,0.4937143610908376,0.5062856389091623,186.11790138370236,16,1,12,4,False,False,1,1,low_vol,bull_stable
2024-12-03 20:00:00,95428.61,96140.01,95272.5,95849.69,5108.93521,1733270399999,489432693.8405541,663379.0,2518.95119,241267378.6825515,0,0.004412618439335825,0.004402911383802595,95499.768,-45.93400000000838,95741.15,-15.030000000013388,96231.6725,-39.786000000007334,95551.4966,-3.0174000000115484,95388.88549999999,52.988899999982095,87034.5002,126.14845000000787,0.009437905994196395,0.007181347538919689,0.00891169909204447,98130.0,93578.17,0.4990344542744354,42.716691905924506,-172.17481508359197,-54.16565709196944,-118.00915799162252,96231.6725,97637.22149146491,94826.12350853509,0.36411626264201435,6301.4591740000005,0.8107543140292984,22.543781713018042,421.08000000000175,290.31999999999243,156.11000000000058,867.5099999999948,0.48538921741536617,0.4930481766669342,0.5069518233330659,129.84682183902663,20,1,12,4,False,False,1,1,low_vol,bull_stable
2024-12-04 00:00:00,95849.69,96614.16,95224.17,95770.32,4788.30848,1733284799999,458867045.4255723,851781.0,2329.18945,223239095.2228407,0,-0.0008280673625548074,-0.0008284103997182646,95543.832,44.06399999999849,95805.314,64.16400000000431,96169.2045,-62.46799999999348,95573.5134,22.016799999997602,95439.7468,50.86130000000412,87162.89145000001,128.39125000001513,0.008913779120362045,0.007111114442412475,0.008685370517753326,98130.0,93578.17,0.4815975113306094,41.21710021688949,-166.49626661885122,-76.6317789973458,-89.86448762150542,96169.2045,97537.8606318091,94800.54836819091,0.3542787736344145,6150.304515,0.7785481951863972,-3.9650419741324185,79.36999999999534,764.4700000000012,546.1500000000087,1389.9900000000052,0.05710113022395488,0.48643262223573364,0.5135673777642663,177.88766190769732,0,2,12,4,False,False,1,1,low_vol,bull_stable
2024-12-04 04:00:00,95770.32,96714.41,95717.54,96588.81,3607.43743,1733299199999,347580712.2027581,567893.0,1710.13885,164749714.4928488,0,0.008546384725455658,0.008510071132787789,95863.992,320.1600000000035,95759.39499999999,-45.919000000008964,96178.24549999999,9.040999999982887,95645.0894,71.57600000000093,95503.03480000001,63.28800000001502,87294.37544999999,131.4839999999822,0.006532063987624511,0.007260510124027856,0.008372133381561137,98130.0,93578.17,0.6614131019831581,46.62302731046044,-94.85721848699905,-80.27686689527646,-14.58035159172259,96178.24549999999,97555.90244308228,94800.5885569177,0.6490082498627836,5681.280212,0.6349691082619673,30.830548149789013,818.4899999999907,125.60000000000582,52.78000000001339,996.8700000000099,0.8210599175418887,0.47405918555321974,0.5259408144467803,157.42282742794515,4,2,12,4,False,False,1,1,low_vol,bull_stable
2024-12-04 08:00:00,96588.81,96950.0,96172.0,96190.41,3780.1103,1733313599999,365301952.0402109,563797.0,1685.15272,162845415.0590349,0,-0.004124701401746145,-0.004133231446578353,95965.566,101.5740000000078,95796.836,37.44100000000617,96170.92850000001,-7.316999999980908,95679.6176,34.52820000000065,95564.4989,61.464099999997416,87428.47755000001,134.10210000001825,0.0051674219771395856,0.00732077963591556,0.008119725451708243,98130.0,93578.17,0.5738878648807192,48.27991818851358,-69.42996176274028,-78.10748586876923,8.677524106028955,96170.92850000001,97546.59386090482,94795.2631390952,0.5070807554488328,5179.59194,0.7298085146066544,-15.591826253165038,398.3999999999942,361.1900000000023,18.410000000003492,778.0,0.5120822622107895,0.44579458964464613,0.5542054103553539,149.14829337122782,8,2,12,4,False,False,1,1,low_vol,bull_stable
2024-12-04 12:00:00,96190.41,96560.0,95352.41,95742.81,7959.19099,1733327999999,763335875.7732683,1590698.0,3866.72429,370893518.6696426,0,-0.0046532705287357645,-0.0046641306953346656,96028.40800000001,62.84200000000419,95787.055,-9.781000000002678,96134.4205,-36.50800000001618,95718.75959999999,39.14199999999255,95623.36709999999,58.86819999998261,87560.82309999998,132.34554999996908,0.00541032614205374,0.007382343255686315,0.008079377003003721,98130.0,93578.17,0.475553788256591,48.485530152777805,-84.4230801495869,-79.37060472493276,-5.0524754246541335,96134.4205,97515.08104600944,94753.75995399055,0.3581800207401173,5596.237003,1.4222397989458417,-37.036268866346234,447.6000000000058,369.5899999999965,390.3999999999942,1207.5899999999965,0.37065560330907604,0.48581875907465816,0.5141812409253418,199.8567444855347,12,2,12,4,False,False,1,1,low_vol,bull_stable
2024-12-04 16:00:00,95742.8,97232.01,94587.83,97209.64,9467.01122,1733342399999,905312757.0217866,1536757.0,4847.19697,463789905.4485068,0,0.015320523807479614,0.015204349645972594,96300.398,271.9899999999907,95900.083,113.0280000000057,96139.458,5.037500000005821,95815.81539999999,97.05580000000191,95688.77769999999,65.41060000000289,87696.86125,136.03815000002214,0.007286064938079231,0.008043040386728146,0.008024545656370128,98130.0,93578.17,0.7978043995491922,61.45111090567322,21.804340831091395,-59.13561561372793,80.93995644481933,96139.458,97535.7357939058,94743.1802060942,0.8832267492439262,6175.799201,1.532920827229467,145.03957078168662,1466.8399999999965,22.369999999995343,1154.9700000000012,2644.179999999993,0.5547428692449078,0.5120092136111358,0.4879907863888642,162.32757776323834,16,2,12,4,False,False,1,1,low_vol,bull_stable
2024-12-04 20:00:00,97209.64,99000.0,97128.52,98587.32,14248.47886,1733356799999,1401596191.3225098,1537798.0,7595.19884,747138323.1521262,0,0.014172256990150345,0.01407276942975216,96863.798,563.3999999999942,96203.815,303.7320000000036,96217.42300000001,77.96500000001106,95931.3018,115.48640000000887,95757.4519,68.67420000000857,87842.859,145.997749999995,0.007905973356024,0.008631483082835286,0.00821959374166664,99000.0,93578.17,0.9238854777814883,59.00751816343351,214.68286905433342,-4.371918680115655,219.05478773444906,96217.42300000001,97955.02422540626,94479.82177459376,1.1819450186120566,7249.601313000001,1.9654155097397694,201.9331041226444,1377.6800000000076,412.679999999993,81.11999999999534,1871.479999999996,0.7361446555667229,0.5330533114887185,0.4669466885112815,107.92716998844605,20,2,12,4,False,False,1,1,low_vol,bull_stable
2024-12-10 00:00:00,97276.48,98138.0,95565.41,96931.99,7967.90111,1733803199999,773425354.3518345,1615824.0,3543.81352,344024322.4192573,0,-0.003541246922302954,-0.0035475319795320558,97435.85,-528.903999999995,98696.91799999999,-276.9170000000013,99200.56950000001,-225.39999999999418,98218.14399999999,-4.934800000017276,97091.45549999998,-14.98000000002503,92443.42404999999,105.54219999998168,0.009195790591184947,0.007502536569016,0.011453994059563833,101898.99,94150.05,0.3590091031805642,29.31630833328947,-312.60466530728445,119.85021901019175,-432.45488431747617,99200.56950000001,101479.84050936357,96921.29849063646,0.002345379140879894,7069.404759,1.1270964645016444,-28.21630528300179,344.4899999999907,861.5200000000041,1366.5800000000017,2572.5899999999965,0.13390785162034805,0.4447612327357311,0.5552387672642688,202.791673452383,0,1,12,4,False,False,1,1,low_vol,bull_stable
2024-12-10 04:00:00,96931.99,97519.2,95900.0,97196.44,4851.30267,1733817599999,470123890.0083031,965148.0,2470.57741,239468994.9088823,0,0.002728201494676785,0.002724486707903042,97257.444,-178.40600000000268,98425.361,-271.55699999998615,99073.3495,-127.22000000001572,98218.3692,0.22520000001532026,97079.41990000001,-12.035599999973783,92551.54629999999,108.12225000000035,0.009233993618209315,0.00674641526820778,0.011460431414337696,101351.0,94150.05,0.42305390261007236,32.71251300390536,-385.3707860356226,18.806018001028875,-404.17680403665145,99073.3495,101504.61760570749,96642.0813942925,0.11400606218749029,7215.6907009999995,0.6723268597596171,13.235331195423479,264.4499999999971,322.75999999999476,1031.9900000000052,1619.199999999997,0.16332139328063092,0.5092606209210195,0.49073937907898046,198.9461523331423,4,1,12,4,False,False,1,1,low_vol,bull_stable
2024-12-10 08:00:00,97196.44,97937.5,96938.19,97722.52,3732.90811,1733831999999,364073774.1386606,803589.0,2055.51224,200490036.4762375,0,0.005412543916217594,0.005397948741392412,97239.54800000001,-17.895999999993364,98187.515,-237.846000000005,98994.494,-78.85549999999057,98243.14459999999,24.775399999984074,97081.6051,2.1851999999926193,92664.91885,113.3725500000146,0.009492601627194721,0.006861914094545905,0.011435778125938541,101351.0,94150.05,0.4961109298078729,36.25210664731114,-396.02309388791036,-64.15980437675898,-331.8632895111514,98994.494,101496.14526664182,96492.8427333582,0.24577311854751746,7367.0181729999995,0.5067054298414855,20.204529080579814,526.0800000000017,214.97999999999593,258.25,999.3099999999977,0.5264432458396323,0.5506463538423398,0.44935364615766016,215.27157281136505,8,1,12,4,False,False,1,1,low_vol,bull_stable
2024-12-10 12:00:00,97722.53,98270.0,95555.0,95658.79,11589.32855,1733846399999,1127136401.9335518,2972933.0,5594.49693,544439284.8200713,0,-0.021118264244516127,-0.021344444815584698,96957.242,-282.3060000000114,97642.435,-545.0800000000017,98807.1735,-187.32050000000163,98236.32059999999,-6.823999999993248,97061.46899999998,-20.136100000017905,92769.42489999998,104.50604999998177,0.010059998716331163,0.00820905450546789,0.011809713552689848,101351.0,94150.05,0.20951957727799683,29.612547436644462,-564.4838696252991,-164.22461742646703,-400.2592521988321,98807.1735,101708.46877869178,95905.87822130823,-0.04258239813143935,8209.055639,1.411773663092357,-244.74650273541494,2063.7400000000052,547.4700000000012,103.7899999999936,2715.0,0.7601252302025802,0.4827283052563041,0.5172716947436959,256.5233168749884,12,1,12,4,False,False,1,1,low_vol,bull_stable
2024-12-10 16:00:00,95658.79,96500.0,94256.54,95856.5,17282.11364,1733860799999,1646492559.0426905,3639933.0,7773.95272,740618660.5997438,0,0.0020668252232753925,0.002064692278467394,96673.24799999999,-283.99400000000605,97319.001,-323.43399999999383,98618.9985,-188.1750000000029,98250.877,14.556400000001304,97038.033,-23.43599999998696,92874.97739999999,105.55250000000524,0.008878314068064384,0.008206641004391182,0.01173993917849282,101351.0,94150.05,0.23697567682041923,30.818209394869456,-674.2642053782329,-266.2325350168202,-408.0316703614127,98618.9985,101775.30491795977,95462.69208204023,0.06238429762695954,9324.109756,1.8534867233709984,35.719108382663705,197.7100000000064,643.5,1402.25,2243.4600000000064,0.08812726770256918,0.44982650166163357,0.5501734983383664,210.61850858191673,16,1,12,4,False,False,1,1,low_vol,bull_stable
2024-12-10 20:00:00,95856.5,97200.7,95616.0,96593.0,6285.13525,1733875199999,607408215.6173882,1558762.0,3084.74304,298123579.9465807,0,0.0076833600225336696,0.007653993339195992,96605.45,-67.79799999999523,97020.65,-298.35100000000966,98460.848,-158.15050000000338,98241.77699999999,-9.10000000000582,97019.6525,-18.3804999999993,92977.64395,102.66655000000901,0.009200801687215113,0.008456403697024953,0.011435541512263584,101351.0,94150.05,0.3392538484505514,34.26605317574469,-693.8383806219645,-351.753704137849,-342.08467648411545,98460.848,101693.32876892955,95228.36723107044,0.21108134378498705,9488.51791,0.6623937805266786,48.29095691606716,736.5,607.6999999999971,240.5,1584.699999999997,0.46475673629078146,0.4907997866871679,0.509200213312832,248.00770993750692,20,1,12,4,False,False,1,1,low_vol,bull_stable
2024-12-11 00:00:00,96593.0,97625.76,95658.24,97398.43,6101.81371,1733889599999,589253741.9175931,1979444.0,2922.35396,282263394.3505887,0,0.008338388910169359,0.008303816597335346,96645.848,40.39800000000105,96951.646,-69.00400000000081,98326.897,-133.95100000000093,98273.4256,31.648600000014994,97020.8365,1.184000000008382,93081.98415,104.340200000006,0.008778429292991836,0.00868350700341572,0.011346676671399405,101351.0,94150.05,0.4511043681736426,37.8958683238159,-637.0164566035528,-408.80625463098977,-228.21020197256303,98326.897,101498.7767083258,95155.0172916742,0.3536408872059536,9523.205681,0.6407310641388215,50.879295771383354,805.429999999993,227.33000000000175,934.7599999999948,1967.5199999999895,0.4093630560299246,0.4789320190504472,0.5210679809495529,324.40256193924347,0,2,12,4,False,False,1,1,low_vol,bull_stable
2024-12-14 20:00:00,101313.54,101499.08,100609.41,101420.0,1436.01207,1734220799999,145159071.7034576,413680.0,604.41503,61113305.4011312,0,0.0010507973564046758,0.0010502456553127708,101553.33,-133.60000000000582,101296.777,129.0,100912.07999999999,52.91799999999057,99602.15020000002,42.20020000002114,98329.3829,61.20339999999851,95668.87695,86.80230000001029,0.006056365108572851,0.007956314422049714,0.009017444602984672,102650.0,99205.0,0.6429608127721336,47.47654121412932,691.9862907703791,663.5219121827901,28.464378587589067,100912.07999999999,102487.86063328997,99336.29936671001,0.6611645648098736,3020.361208,0.4754438198307042,1.5089576869212062,106.4600000000064,79.08000000000175,704.1299999999901,889.6699999999983,0.11966234671283353,0.4208982937030606,0.5791017062969394,288.0755730695216,20,5,12,4,False,False,1,1,low_vol,bull_stable
2024-12-15 00:00:00,101420.0,102196.97,101237.14,101733.82,2717.2499,1734235199999,276648243.151608,450599.0,1915.36852,195028331.0325292,0,0.003094261486886296,0.0030894841122389677,101535.29400000001,-18.035999999992782,101434.822,138.04499999999825,100942.6355,30.555500000016764,99608.02679999999,5.8765999999741325,98392.201,62.81810000000405,95747.035,78.15804999999818,0.006077271902661794,0.007809568230473038,0.00850465098903285,102650.0,99205.0,0.734055152394777,70.58702026073556,688.6712102772581,668.5517718016837,20.119438475574384,100942.6355,102558.7953884745,99326.47561152551,0.7447729663513709,3066.081392,0.886228887168433,8.40788171581564,313.820000000007,463.1499999999942,182.86000000000058,959.8300000000017,0.3269537313899403,0.7048922956994129,0.2951077043005871,165.82906121369257,0,6,12,4,False,False,1,1,low_vol,bull_stable
2024-12-15 04:00:00,101733.83,102850.0,101534.01,101732.09,3091.00658,1734249599999,316220414.3185811,598866.0,1664.33384,170293037.5725348,0,-1.7005161115690726e-05,-1.700530570508219e-05,101564.91399999999,29.61999999998079,101620.715,185.8929999999964,100972.99,30.35450000000128,99647.8518,39.82500000001164,98459.4505,67.24950000000536,95812.45550000001,65.42050000000745,0.005715794411815924,0.007809655490771844,0.008150155617033557,102850.0,99205.0,0.6933031550068578,67.45449990301941,678.0878143321752,670.458980307782,7.6288340243932,100972.99,102625.95699190757,99320.02300809244,0.7296174103041131,2935.670666,1.0529132629892894,-0.05256306490256018,1.7400000000052387,1116.1699999999983,198.08000000000175,1315.9900000000052,0.0013221984969530405,0.5384439653958938,0.46155603460410627,193.74465388553133,4,6,12,4,False,False,1,1,low_vol,bull_stable
2024-12-15 08:00:00,101732.09,102691.01,101581.07,102671.44,1800.59415,1734263999999,184034838.239782,379887.0,985.64431,100758082.3537309,0,0.009233566321108722,0.009191197557761769,101774.17799999999,209.26399999999558,101741.625,120.91000000000349,101055.2685,82.27850000000035,99715.288,67.43619999999646,98534.97009999999,75.51959999998508,95885.57539999999,73.11989999997604,0.0040344377783303725,0.008049836141260572,0.008212850238909894,102850.0,99205.0,0.9510123456790129,76.20738244153927,737.0023865765543,683.7676615615364,53.23472501501783,101055.2685,102874.75168222803,99235.78531777198,0.9441292768699666,2498.045602,0.7208011529326757,16.625905501425386,939.3500000000058,19.569999999992433,151.01999999998952,1109.9399999999878,0.8463070075860102,0.5473994847756226,0.45260051522437744,210.97869278315716,8,6,12,4,False,False,1,1,low_vol,bull_stable
2024-12-15 12:00:00,102671.44,103359.97,102473.01,102704.01,4918.19696,1734278399999,505990525.6307724,732690.0,2507.12868,257961010.5789372,0,0.00031722551081392325,0.00031717520544005174,102052.272,278.0940000000119,101869.601,127.97599999999511,101165.4695,110.20100000000093,99781.2642,65.97620000000461,98605.5704,70.60030000000552,95954.1787,68.60330000001704,0.004010400388825832,0.007925339555773502,0.008212856873243312,103359.97,99205.0,0.842126417278583,74.53658071588582,777.359816265729,702.486092502375,74.87372376335406,101165.4695,103106.2829270097,99224.65607299031,0.8963648639762591,2671.8750849999997,1.8407286282247737,1.5601775429194846,32.56999999999243,655.9600000000064,198.43000000000757,886.9600000000064,0.03672093442769933,0.5097658146655435,0.49023418533445645,148.97532692549996,12,6,12,4,False,False,1,1,low_vol,bull_stable
2024-12-15 16:00:00,102704.0,103490.0,102583.65,103252.95,2441.92022,1734292799999,251955331.9371937,488269.0,1306.29196,134790534.2788252,0,0.005344874070642547,0.005330640924949448,102418.862,366.5899999999965,101986.09599999999,116.49499999999534,101310.196,144.72649999998976,99853.9232,72.65899999999965,98672.19630000001,66.62590000001364,96034.6657,80.48699999999371,0.0038495732668935856,0.007955960748862581,0.008236832525699997,103490.0,99205.0,0.9446791131855302,76.02471449445508,843.9101692556433,730.7709078530286,113.1392614026147,101310.196,103421.78932952131,99198.60267047868,0.9600208697477767,2505.835944,0.9744932527793607,13.051756066455743,548.9499999999971,237.0500000000029,120.35000000000582,906.3500000000058,0.605671098361553,0.5349445691554985,0.4650554308445015,199.95288789573968,16,6,12,4,False,False,1,1,low_vol,bull_stable
2024-12-15 20:00:00,103252.96,105250.0,102621.5,104463.99,7259.953965,1734307199999,755613550.557854,988498.0,4290.127045,446780452.4835402,0,0.011728865858070092,0.01166061585595764,102964.896,546.0339999999997,102250.095,263.9990000000107,101443.5385,133.34249999999884,99948.08280000002,94.1596000000136,98760.5857,88.38939999998547,96123.82565000001,89.15995000001567,0.00484270885990727,0.007752537423515648,0.008381751581844931,105250.0,99205.0,0.8699735318445004,86.42561868716919,983.0407287861453,781.2248720396519,201.8158567464934,101443.5385,103978.89368276816,98908.18331723183,1.095666343029343,2996.2804545,2.422988794021785,85.15102619124909,1211.0299999999988,786.0099999999948,631.4600000000064,2628.5,0.4607304546319189,0.5909303372559334,0.4090696627440667,136.15761267433876,20,6,12,4,False,False,1,1,low_vol,bull_stable
2024-12-16 00:00:00,104463.99,106648.0,104259.48,104582.28,8803.848246,1734321599999,927533507.9948965,1581154.0,4517.864256,476063630.7942388,0,0.0011323519233756851,0.0011317112965009409,103534.93400000001,570.038000000015,102549.924,299.8289999999979,101698.5865,255.04800000000978,100038.1794,90.0965999999753,98834.0294,73.44370000000345,96203.21565,79.38999999998487,0.004565757612616468,0.005301431369903657,0.008375434534934148,106648.0,99205.0,0.7224613731022436,82.29243431675343,1090.2796488879685,843.0358274093153,247.24382147865322,101698.5865,104422.11092537815,98975.06207462186,1.0294047435612064,3752.0614511,2.346403000254422,9.969054494465752,118.2899999999936,2065.720000000001,204.5100000000093,2388.520000000004,0.049524391673502165,0.513169256188926,0.4868307438110741,179.59805255825398,0,0,12,4,False,False,1,1,low_vol,bull_stable
2024-12-16 04:00:00,104582.28,105420.76,104469.89,104992.79,3083.27266,1734335999999,323697315.7042915,626479.0,1469.22962,154254887.0834747,0,0.003925234752961915,0.003917551119176663,103999.204,464.2699999999895,102886.691,336.7670000000071,101948.0115,249.42499999998836,100141.3954,103.21600000000035,98903.7626,69.7332000000024,96288.41954999998,85.2038999999786,0.00448508525733666,0.0052734904117171565,0.008371657679317145,106648.0,99205.0,0.7776152089211331,84.29191379118143,1194.6211429975083,913.352890526954,281.26825247055433,101948.0115,104920.53159373043,98975.49140626956,1.0121544016509718,3786.5903121,0.8142609592982485,12.102568997889326,410.50999999999476,427.97000000000116,112.38999999999942,950.8699999999953,0.4317204244533919,0.4765162805938804,0.5234837194061196,203.1863766469489,4,0,12,4,False,False,1,1,low_vol,bull_stable
2024-12-16 08:00:00,104992.79,105016.85,103625.78,103757.99,3972.26006,1734350399999,415014644.1767938,816810.0,1581.77142,165306624.2792963,0,-0.011760807575453391,-0.011830512939468189,104210.0,210.7960000000021,103131.136,244.44499999999243,102149.4565,201.44500000000698,100217.85879999999,76.46339999999327,98968.0452,64.28259999999136,96371.52949999999,83.10995000001276,0.006318767114830201,0.006066362226368784,0.00856525210784799,106648.0,99500.0,0.595689703413543,64.46071597425117,1164.2536965819454,963.5330517379523,200.7206448439931,102149.4565,105033.57699525812,99265.33600474188,0.7788603150673924,3952.4314811000004,1.005016805223523,-46.716986205318946,1234.7999999999884,24.060000000012224,132.2100000000064,1391.070000000007,0.8876620155707349,0.3982043965167779,0.6017956034832221,205.62853077650712,8,0,12,4,False,False,1,1,low_vol,bull_stable
2024-12-16 12:00:00,103758.0,106499.99,103333.0,106332.01,9289.30941,1734364799999,976231226.7231714,2000488.0,4838.54133,508294834.1516031,0,0.02480792081650751,0.024505200704502527,104825.812,615.8120000000054,103622.337,491.20100000000093,102459.557,310.10050000000047,100350.9968,133.1380000000063,99056.7653,88.72010000000591,96466.40954999998,94.88004999999248,0.009445523835757948,0.007926456852316886,0.009197738264660497,106648.0,99700.0,0.9545207253886003,77.88143612580018,1332.5286180901894,1037.3321650084,295.1964530817895,102459.557,105736.38217147673,99182.73182852328,1.090884895799132,4737.761215100001,1.9606959887284923,230.44845228331812,2574.0099999999948,167.98000000001048,425.0,3166.9900000000052,0.812762275851831,0.5208720171158557,0.4791279828841442,215.35379129975604,12,0,12,4,False,False,1,1,low_vol,bull_stable
2024-12-16 16:00:00,106332.0,107793.07,105797.41,106583.12,11995.104264,1734379199999,1281503651.8227463,2075532.0,5714.223554,610432286.7937083,0,0.0023615654401718533,0.0023587813268900267,105249.63799999999,423.8259999999864,104107.267,484.93000000000757,102771.04449999999,311.48749999998836,100488.636,137.63920000000508,99156.19630000001,99.43100000001141,96560.9782,94.56865000001562,0.00946288458821962,0.007925809032012811,0.009197529117688358,107793.07,99700.0,0.8504955474251414,80.87655258883183,1469.2139996924816,1123.7085319452162,345.50546774726536,102771.04449999999,106373.11346990825,99168.97553009173,1.0291508202433306,5665.5466515,2.1172015697415882,28.327223681120433,251.11999999999534,1209.9500000000116,534.5899999999965,1995.6600000000035,0.12583305773528303,0.47637964858293624,0.5236203514170638,173.03159308328293,16,0,12,4,False,False,1,1,low_vol,bull_stable
2024-12-16 20:00:00,106583.13,106648.48,105480.02,106058.66,4158.6081,1734393599999,440984054.2126535,947591.0,2227.46932,236198636.1452012,0,-0.00492066661212387,-0.004932812953858369,105544.91399999999,295.275999999998,104539.924,432.65699999999197,103080.31950000001,309.2750000000233,100611.569,122.93300000000454,99248.9491,92.75279999998747,96628.57144999999,67.5932499999908,0.00985387984238685,0.00793290850568449,0.009239736283581474,107793.07,99800.0,0.7830107830908523,75.84045564119428,1517.7232416920742,1202.5114738945879,315.21176779748635,103080.31950000001,106696.90235043786,99463.73664956217,0.9117616854317905,5772.306803500001,0.7204412796420411,-20.463124030577884,524.4700000000012,65.34999999999127,578.6399999999994,1168.4599999999919,0.4488557588620961,0.5356285724543267,0.4643714275456733,227.86253891055517,20,0,12,4,False,False,1,1,low_vol,bull_stable
2024-12-17 00:00:00,106058.65,107000.0,105657.34,106866.49,3882.88127,1734407999999,412743095.8274255,953417.0,2063.40297,219347768.026095,0,0.007616822614956664,0.007587961084374179,105919.65400000001,374.7400000000198,104959.429,419.50500000000466,103350.527,270.2074999999895,100746.8792,135.31019999999262,99354.9341,105.98500000000058,96711.93635000002,83.36490000002959,0.009775377479899327,0.007425020750243331,0.009283391095780011,107793.07,100609.41,0.8710156104269966,80.59500183472498,1602.8753459174914,1282.5842482991686,320.29109761832274,103350.527,107254.24795700904,99446.80604299097,0.9503348265309767,5980.535515500001,0.6492531078423623,29.575217868527652,807.8400000000111,133.50999999999476,401.3099999999977,1342.6600000000035,0.6016713091922072,0.5314102663767517,0.46858973362324824,245.54369132177973,0,1,12,4,False,False,1,1,low_vol,bull_stable
2024-12-17 04:00:00,106866.5,107143.29,106368.45,106805.75,2937.82223,1734422399999,313544305.8085825,565845.0,1347.79187,143853194.0752901,0,-0.0005683727424752316,-0.0005685343274923398,106529.206,609.551999999996,105369.603,410.17399999999907,103619.602,269.0749999999971,100860.8024,113.92320000000473,99456.5375,101.60340000000724,96794.0891,82.15274999997928,0.00981692887423871,0.007429247479168334,0.009200912533694693,107793.07,100609.41,0.8625603104823995,79.82403776188617,1646.4782156563015,1355.3630417705951,291.1151738857063,103619.602,107702.0528379393,99537.15116206069,0.8902249073510298,5782.4980425,0.508054167663819,-1.6697780777698008,60.75,276.7899999999936,437.3000000000029,774.8399999999965,0.07840328325847952,0.458772439066199,0.541227560933801,192.60695702476184,4,1,12,4,False,False,1,1,low_vol,bull_stable
2024-12-17 08:00:00,106805.75,107550.02,106708.86,106808.31,3622.94784,1734436799999,388254376.4761184,781740.0,1773.6244,190091789.0559965,0,2.3968747000946422e-05,2.3968459755119963e-05,106624.46599999999,95.25999999998021,105725.13900000001,355.53600000000733,103855.6175,236.01549999999406,101015.15179999999,154.34939999999187,99554.42379999999,97.88629999998375,96878.44555,84.35645000000659,0.009877945324313936,0.007390678195439362,0.008685014829680739,107793.07,100609.41,0.8629166747869458,79.10368836710467,1662.0809402020095,1416.706621456878,245.3743187451314,103855.6175,108107.51269868773,99603.72230131226,0.8472207523966365,5900.6008045,0.6139964318950396,0.08683752017458532,2.5599999999976717,741.7100000000064,96.88999999999942,841.1600000000035,0.0030434162347206966,0.48955283882861533,0.5104471611713847,215.7745666026481,8,1,12,4,False,False,1,1,low_vol,bull_stable
2024-12-17 12:00:00,106808.31,108353.0,105725.99,106478.47,8939.180456,1734451199999,957103321.52147,2080302.0,4309.442916,461499447.2130525,0,-0.00308814922734002,-0.0030929273998407153,106603.536,-20.929999999993015,105926.58700000001,201.44800000000396,104088.34099999999,232.72349999999278,101153.19100000002,138.03920000002836,99655.1286,100.7048000000068,96956.9908,78.54524999999558,0.009603031174068544,0.007408938900411104,0.008695364240487554,108353.0,100609.41,0.7579249417905649,76.2345153580676,1629.0521809121565,1459.175733347934,169.87644756422242,104088.34099999999,108381.34857608088,99795.33342391909,0.7783746543235748,6068.523453600001,1.4730404396306738,-27.60552321824941,329.8399999999965,1544.6900000000023,752.4799999999959,2627.0099999999948,0.12555719239743934,0.482084788109126,0.5179152118908741,232.71730671950985,12,1,12,4,False,False,1,1,low_vol,bull_stable
2024-12-17 16:00:00,106478.48,107633.0,106148.0,106475.89,5875.35581,1734465599999,628085063.9914241,1743855.0,2879.04806,307760446.2614762,0,-2.423025049103078e-05,-2.4230544048292196e-05,106686.982,83.44600000001083,106115.948,189.36099999998987,104332.936,244.59500000001572,101320.93939999999,167.74839999996766,99756.52,101.3914000000077,97031.91095,74.92015000000538,0.009620961184567239,0.007350503265860386,0.008373875523033775,108353.0,100609.41,0.75759176299365,73.45735569945096,1584.4044386661262,1484.2214744115727,100.18296425455355,104332.936,108582.37370261847,100083.49829738153,0.75214559548426,5775.67421,1.0172588682075265,-0.14236134300023304,2.5899999999965075,1154.520000000004,327.8899999999994,1485.0,0.0017441077441053923,0.4900210562736966,0.5099789437263035,296.80840725116866,16,1,12,4,False,False,1,1,low_vol,bull_stable
2024-12-17 20:00:00,106475.89,106903.99,105321.49,106133.74,3806.74886,1734479999999,404103164.1500863,1087640.0,1814.01023,192605565.9200697,0,-0.003213403522619007,-0.0032185775909381164,106540.432,-146.5500000000029,106230.04299999999,114.09499999998661,104558.367,225.43099999999686,101487.3742,166.43480000001728,99853.12770000001,96.60770000000775,97122.83970000001,90.9287500000064,0.009713224514436554,0.007445583359044261,0.008378385951178074,108353.0,100609.41,0.7134068306818936,70.36930134329205,1504.074105696549,1488.192000668568,15.88210502798097,104558.367,108679.38932043935,100437.34467956064,0.6911386153123349,5848.02183,0.6509464175512492,-12.23262019644989,342.1499999999942,428.1000000000058,812.25,1582.5,0.21620853080568353,0.4765247975932933,0.5234752024067068,285.71362072989496,20,1,12,4,False,False,1,1,low_vol,bull_stable
2024-12-18 00:00:00,106133.74,106524.98,104581.58,104763.98,5784.93924,1734494399999,610313044.7197427,1391596.0,2443.83038,257967576.7005689,0,-0.01290598069944593,-0.012989986435373184,106132.07800000001,-408.3539999999921,106330.64199999999,100.59900000000198,104730.889,172.5219999999972,101641.24740000001,153.87320000000182,99929.6786,76.55089999998745,97199.33965,76.49994999998307,0.009887198785230065,0.008107487070743186,0.00853078076264537,108353.0,100609.41,0.5365173001153205,58.176843595402026,1314.7281854987814,1453.4992376346108,-138.77105213582945,104730.889,108558.39378627544,100903.38421372455,0.5043227901528246,6029.289748,0.959472754136413,-74.6603141789074,1369.7600000000093,391.2399999999907,182.39999999999418,1943.3999999999942,0.70482659256973,0.42244702642719545,0.5775529735728046,240.55498982215758,0,2,12,4,False,False,1,1,low_vol,bull_stable
2024-12-18 04:00:00,104763.99,104763.99,103137.82,104250.75,7256.63713,1734508799999,753743839.7006749,1579781.0,3203.11557,332782088.8195091,0,-0.0048989165932794565,-0.004910955620059145,105620.56599999999,-511.512000000017,106122.51599999999,-208.12600000000384,104872.42650000002,141.53750000002037,101780.733,139.48559999998542,100001.9059,72.22729999999865,97283.96545,84.6258000000089,0.005375586832192503,0.008240888020842397,0.008579023371018048,108353.0,101237.14,0.42350608359355024,48.75179702828882,1110.4561604378541,1384.8906221952595,-274.4344617574054,104872.42650000002,108380.44457693362,101364.40842306642,0.41139206150507773,5826.0225199999995,1.24555596980425,-35.549660047564814,513.2400000000052,0.0,1112.929999999993,1626.1699999999983,0.31561275881365775,0.4414049528200675,0.5585950471799325,217.70152919304095,4,2,12,4,False,False,1,1,low_vol,bull_stable
2024-12-18 08:00:00,104250.75,105033.33,103729.18,105028.33,2927.64166,1734523199999,305513234.7057023,522308.0,1462.00273,152640251.6483163,0,0.007458747299180057,0.007431068391652388,105330.53799999999,-290.0280000000057,105967.03700000001,-155.47899999997753,105037.152,164.7254999999859,101942.65980000001,161.92680000001565,100080.4019,78.49599999999919,97368.01605,84.0506000000023,0.0060325860584374506,0.008344980806926148,0.008590187225898941,108353.0,101534.01,0.5124395255015779,52.42387652874582,999.7883782911085,1307.8701734144292,-308.0817951233207,105037.152,108218.84872595931,101855.4552740407,0.49861363279409665,4919.2762596,0.5951366635054675,21.83653932449202,777.5800000000017,5.0,521.570000000007,1304.1500000000087,0.5962350956561718,0.4993789882058175,0.5006210117941825,178.4057137648465,8,2,12,4,False,False,1,1,low_vol,bull_stable
2024-12-18 12:00:00,105028.33,105350.0,103650.0,104428.54,7242.86665,1734537599999,756651504.4909002,1321525.0,3471.53462,362691519.3872052,0,-0.005710744900923492,-0.005727113552461648,104921.068,-409.4699999999866,105804.025,-163.012000000017,105171.97449999998,134.8224999999802,102087.3018,144.64199999999255,100152.8355,72.43360000000393,97452.09875,84.08269999999902,0.0060879814212393395,0.008499727401429763,0.008651094647628107,108353.0,101581.07,0.42048131035022357,46.995617888386604,853.8427554890513,1217.0646898293537,-363.22193434030237,105171.97449999998,107969.2891287666,102374.65987123337,0.3671163957828045,5227.7021146,1.3854780726262157,-41.36216378955632,599.7900000000081,321.66999999999825,778.5399999999936,1700.0,0.35281764705882834,0.47930395349747323,0.5206960465025268,182.45883347859234,12,2,12,4,False,False,1,1,low_vol,bull_stable
2025-01-26 20:00:00,105081.64,105200.0,102520.44,102620.0,3923.998,1737935999999,406594989.188263,710303.0,1585.00518,164106452.7770266,0,-0.023425883287116922,-0.023704631174074835,104497.136,-488.48399999999674,104691.889,-176.5980000000127,104751.886,-132.17600000000675,104512.04959999998,-38.97920000000158,100938.28809999999,81.27369999999064,98581.31629999999,21.60000000000582,0.007882829072026278,0.00745229663561567,0.01452961789409217,107120.0,102195.7,0.0861645309993304,24.684333568780886,42.09656548428757,229.7498686546509,-187.65330317036333,104751.886,106240.36382709249,103263.40817290751,-0.21612957922400178,1544.3773239999998,2.5408285520773424,-91.92311916688023,2461.6399999999994,118.36000000000058,99.55999999999767,2679.5599999999977,0.9186732150054492,0.40392609272481794,0.5960739072751821,181.01512793839345,20,6,1,1,False,False,1,1,low_vol,bull_stable
2025-01-27 00:00:00,102620.01,103260.0,100720.53,101395.64,8353.88719,1737950399999,849469493.2389857,1503652.0,3746.94991,381105547.0354572,0,-0.011931007600857524,-0.012002753308791043,103776.594,-720.5420000000013,104364.354,-327.53499999998894,104633.166,-118.72000000000116,104452.3222,-59.72739999998885,101001.505,63.21690000001399,98600.38905,19.072750000006636,0.008323270572325086,0.0072605969583452055,0.014621716374700987,107120.0,100720.53,0.10549467377767228,20.99267989282977,-212.90354169804777,141.21918658411118,-354.12272828215896,104633.166,106712.76193874405,102553.57006125594,-0.27840265497807803,2254.306353,3.7057461950026274,-99.6702915605963,1224.3699999999953,639.9900000000052,675.1100000000006,2539.470000000001,0.48213603625953244,0.4485277122828852,0.5514722877171149,179.99429077758472,0,0,1,1,False,False,1,1,low_vol,bull_stable
2025-01-31 08:00:00,104188.57,104848.65,103936.54,104736.0,1992.8102,1738324799999,207844013.0502682,402042.0,1090.95163,113802528.0639469,0,0.005254319668109408,0.005240563894304688,104740.646,-165.60000000000582,104862.91700000002,115.20100000001548,103686.172,104.98400000001129,103668.30859999999,45.49499999999534,103226.57549999999,81.98199999998906,99456.8193,47.81800000001385,0.006053100353891133,0.006633187579302773,0.010204068073993178,106457.44,100272.68,0.7216642197918756,68.17640368891114,498.69213772758667,371.63616222885867,127.055975498728,103686.172,106387.11046367811,100985.2335363219,0.6943450423099147,3158.884535,0.6308588294127059,10.470861828669044,547.429999999993,112.64999999999418,252.0300000000134,912.1100000000006,0.6001798028746452,0.5474438207913629,0.4525561792086371,201.74625762152363,8,4,1,1,False,False,1,1,low_vol,bull_stable
2025-01-31 12:00:00,104736.01,106012.0,104106.0,105464.01,4829.65222,1738339199999,507009250.9669966,851907.0,2657.78046,279238684.4920315,0,0.006950905132905527,0.006926858955979432,104691.19399999999,-49.45200000000477,105035.99400000002,173.07700000000477,103819.8865,133.7144999999873,103723.38339999999,55.07480000000214,103315.60700000002,89.03150000002643,99507.77914999999,50.959849999984726,0.006329708809602047,0.006764047763539403,0.01024156793443124,106457.44,100272.68,0.8393745270632965,68.22089604456666,549.6367957538023,407.23628893384745,142.40050681995484,103819.8865,106597.6578972278,101042.1151027722,0.7959429097802698,3057.6023680000003,1.579555363557332,33.570454406146574,728.0,547.9900000000052,630.0099999999948,1906.0,0.38195173137460653,0.5503047298093029,0.4496952701906971,176.39096174920851,12,4,1,1,False,False,1,1,low_vol,bull_stable
2025-03-28 12:00:00,85255.25,85609.74,83953.86,84051.16,8382.63832,1743177599999,709055606.8245645,895815.0,3325.06878,281511047.6854029,0,-0.014123468745506074,-0.014224154071838286,85707.71599999999,-601.8500000000204,86458.675,-285.8009999999922,86935.9225,-119.28300000001036,85876.81820000001,-35.30459999998857,84649.7016,11.181700000001001,85851.39620000002,-62.288449999978184,0.007913522737417357,0.007958964228197554,0.006586910744279995,88539.63,83953.86,0.02121781074934042,20.609361501496878,-218.43009533656004,194.96640903092367,-413.3965043674837,86935.9225,88997.9593206331,84873.8856793669,-0.1994934501495208,3801.4253790000002,2.205130308833033,-118.39193031740155,1204.0899999999965,354.49000000000524,97.30000000000291,1655.8800000000047,0.7271601806894178,0.39666136758719184,0.6033386324128083,106.86551963749761,12,4,3,1,False,False,1,1,low_vol,bull_stable
2025-03-28 16:00:00,84051.15,84217.61,83585.0,83790.73,3857.86312,1743191999999,323504327.8274209,640514.0,1557.50265,130613766.2863081,0,-0.003098470027064537,-0.003103280224056139,85019.45999999999,-688.255999999994,86070.73,-387.945000000007,86756.9375,-178.98500000000058,85842.58940000001,-34.228799999997136,84666.3317,16.630099999994854,85789.7699,-61.62630000001809,0.006700013317339799,0.007429667062329371,0.006581690133428785,88539.63,83585.0,0.04152277768471021,20.38971917294863,-393.1284400140139,77.34743922193617,-470.47587923595006,86756.9375,89238.8597930209,84275.0152069791,-0.09756252408483795,3998.0952690000004,0.964925260764215,-11.95347324583768,260.41999999999825,166.4600000000064,205.72999999999593,632.6100000000006,0.41165963231690617,0.4037215944561558,0.5962784055438441,166.02818194337596,16,4,3,1,False,False,1,1,low_vol,bull_stable
2025-03-28 20:00:00,83790.74,84538.69,83697.83,84424.38,2408.65375,1743206399999,202450524.0759192,277967.0,1109.79688,93333061.4464791,0,0.00756229239201045,0.007533841604320581,84546.90400000001,-472.5559999999823,85773.169,-297.5610000000015,86589.438,-167.49950000000536,85837.2418,-5.347600000008242,84686.0976,19.76589999999851,85734.7109,-55.05899999999383,0.007717730147762565,0.007596079494548168,0.0065421886843037265,88539.63,83585.0,0.1694132558838912,31.98853772431731,-474.97268795203127,-33.116586212857314,-441.85610173917394,86589.438,89229.38380185864,83949.49219814135,0.08994271805207357,4061.4488539999998,0.5930528332587,18.214943928612442,633.6399999999994,114.30999999999767,92.91000000000349,840.8600000000006,0.7535618295554539,0.46075401248519016,0.5392459875148098,115.40346967678522,20,4,3,1,False,False,1,1,low_vol,bull_stable
2025-03-29 00:00:00,84424.38,84624.73,83709.67,84166.3,1526.01379,1743220799999,128534892.7953161,279258.0,708.15347,59642989.0398079,0,-0.0030569368706053757,-0.003061618846224735,84337.566,-209.33800000000338,85495.447,-277.7219999999943,86391.9415,-197.49649999999383,85837.07200000001,-0.16979999998875428,84697.71609999999,11.618499999996857,85676.76245000001,-57.94844999999623,0.007692205684231033,0.00747425388289422,0.006498614298698121,88539.63,83585.0,0.1173246034517214,31.63246726818427,-554.2704584111343,-137.34736065251272,-416.92309775862157,86391.9415,89139.75009404277,83644.13290595723,0.0950151868610548,3994.4727379999995,0.38203134433308533,-4.664927819703249,258.08000000000175,200.34999999999127,456.63000000000466,915.0599999999977,0.28203615063493365,0.46405443688683834,0.5359455631131617,182.99834629934767,0,5,3,1,False,False,1,1,low_vol,bull_stable
2025-03-29 04:00:00,84166.3,84258.45,83662.86,83731.82,1103.52164,1743235199999,92587207.4937691,247946.0,550.84043,46221954.0401796,0,-0.005162161102483909,-0.00517553108796871,84032.878,-304.6880000000092,85171.222,-324.2250000000058,86208.889,-183.05250000000524,85827.2406,-9.831400000010035,84717.64459999999,19.92849999999453,85614.13155,-62.63090000000375,0.007605335252001583,0.007377113388993227,0.00653911000835996,88275.0,83585.0,0.0313049040511742,26.03154103910711,-644.7412420083274,-238.82613692367568,-405.9151050846517,86208.889,89156.46147159253,83261.31652840746,0.07981202771552835,3350.7481749999997,0.32933589227426796,-5.696556485757251,434.4799999999959,92.14999999999418,68.9600000000064,595.5899999999965,0.7294951224835852,0.49916595201522285,0.5008340479847772,224.68612396219072,4,5,3,1,False,False,1,1,low_vol,bull_stable
2025-03-29 08:00:00,83731.83,83947.42,82007.0,82293.56,3638.90117,1743249599999,301828098.7336315,496112.0,1556.10537,129039545.0538645,0,-0.017176982418392495,-0.017326218196660536,83681.358,-351.5200000000041,84694.537,-476.6849999999977,85965.8915,-242.99749999999767,85784.0726,-43.16800000000512,84711.4209,-6.22369999998773,85548.4333,-65.69825000000128,0.00846415293850058,0.008111611563422846,0.006956405190897712,88275.0,82007.0,0.045717932354817754,13.201258240434427,-823.008422980376,-355.66259413501575,-467.3458288453603,85965.8915,89353.96370926293,82577.81929073707,-0.04195000477851549,3493.129424,1.0417309891235222,-62.50534141935788,1438.270000000004,215.5899999999965,286.5599999999977,1940.4199999999983,0.7412158192556279,0.4276305668394946,0.5723694331605054,136.33566200974894,8,5,3,1,False,False,1,1,low_vol,bull_stable
2025-04-17 20:00:00,84849.05,85140.0,84720.21,84947.91,1141.83592,1744934399999,97013872.497789,176923.0,539.9315,45874365.4109138,0,0.0011650099600397645,0.0011643318625453932,84712.13200000001,190.73600000001898,84481.39700000001,158.47400000001653,84531.70300000001,42.33750000000873,83649.7378,153.79820000000473,82611.3613,15.02410000000964,83622.2636,3.0094500000122935,0.005305419665178816,0.006121860561839434,0.0128714596961602,86496.42,83111.64,0.5425079325687355,50.284919099054655,269.4712857007544,288.96301178073253,-19.49172607997815,84531.70300000001,85820.63615012253,83242.76984987748,0.661454067637422,2906.0969350000005,0.39291047254760614,1.3302502195311678,98.86000000000058,192.0899999999965,128.8399999999965,419.7899999999936,0.23549870173182327,0.47286259833199157,0.5271374016680085,154.9460801688565,20,3,4,2,False,False,1,1,low_vol,bull_stable
2025-04-18 00:00:00,84947.92,85132.08,84724.6,84828.0,1247.74402,1744948799999,105923711.6526207,170198.0,597.10965,50698184.3659919,0,-0.0014115709262300102,-0.0014125681309972071,84743.736,31.603999999992084,84559.386,77.98899999998685,84526.9495,-4.75350000000617,83699.6562,49.91839999999502,82620.3383,8.976999999998952,83624.9037,2.6400999999896158,0.004888550056869212,0.005730345517176992,0.009014876871059738,86496.42,83111.64,0.5070817010263595,59.37354505964404,273.9263643708982,285.9556822987657,-12.029317927867453,84526.9495,85810.49541325649,83243.40358674352,0.6172729767165873,2747.587078,0.4541235580814593,-1.7612791820093565,119.91999999999825,184.1600000000035,103.39999999999418,407.4799999999959,0.2942966525964451,0.4785514019133507,0.5214485980866492,136.4045808049635,0,4,4,2,False,False,1,1,low_vol,bull_stable
2025-04-18 04:00:00,84827.99,84838.52,84413.23,84654.68,1523.46331,1744963199999,128922739.2508087,163610.0,697.28901,59007868.5577994,0,-0.0020431932852360557,-0.002045283452198497,84762.272,18.535999999992782,84540.196,-19.19000000000233,84530.10449999999,3.154999999984284,83740.4454,40.789199999999255,82614.07639999999,-6.261900000012247,83626.4849,1.5812000000005355,0.0039052552754097374,0.005679212661708046,0.0090134479996566,86496.42,83111.64,0.4558760096668008,61.909048704213696,260.469045786318,280.85835499627615,-20.389309209958128,84530.10449999999,85814.62914506301,83245.57985493696,0.5484908952423775,2441.230477,0.6240555016633115,-3.1127300052954956,173.31000000001222,10.529999999998836,241.4499999999971,425.29000000000815,0.4075101695313995,0.45769990351786016,0.5423000964821398,107.39346259674609,4,4,4,2,False,False,1,1,low_vol,bull_stable
2025-04-18 08:00:00,84654.68,84764.0,84472.25,84669.11,1166.67376,1744977599999,98706747.237354,135773.0,529.84301,44830682.662904,0,0.00017045720331121395,0.00017044267713283798,84789.75200000001,27.480000000010477,84573.70599999999,33.50999999999476,84494.562,-35.54249999998137,83798.3236,57.87820000000647,82611.0474,-3.028999999994994,83628.16875,1.6838500000012573,0.0033276952639727797,0.005245359610134649,0.008880682598166722,86496.42,83111.64,0.4601392114110819,61.57180115688284,248.1083654617978,274.3083570893805,-26.199991627582676,84494.562,85717.95845422105,83271.16554577896,0.5713374635825361,1935.0808140000001,0.6029069956971832,0.1988679463061784,14.430000000007567,94.88999999999942,182.42999999999302,291.75,0.04946015424167118,0.45414839020635905,0.5458516097936409,116.37614957586773,8,4,4,2,False,False,1,1,low_vol,bull_stable
2025-04-18 12:00:00,84669.11,84769.95,84338.0,84374.59,1234.717,1744991999999,104375663.2836171,160516.0,509.78882,43101206.3620992,0,-0.00347848229419212,-0.003484546280123291,84694.858,-94.89400000001478,84608.12700000001,34.42100000001665,84427.45300000001,-67.10899999999674,83853.8992,55.575599999996484,82603.2099,-7.837499999994179,83628.6719,0.5031500000040978,0.0033115980623046543,0.0051836480447826315,0.008891181247658659,86496.42,83111.64,0.37312617068169796,62.13269164331496,212.1021530655271,261.8671162846098,-49.76496321908269,84427.45300000001,85507.39921969932,83347.5067803007,0.47552517012618895,1890.144581,0.653239446554274,-4.294941222838013,294.5200000000041,100.83999999999651,36.58999999999651,431.9499999999971,0.6818381757147959,0.4128790807934125,0.5871209192065875,130.00225962710482,12,4,4,2,False,False,1,1,low_vol,bull_stable
2025-04-18 16:00:00,84374.6,84649.99,84303.96,84562.83,718.53494,1745006399999,60732947.7511891,110094.0,315.40369,26657988.1043759,0,0.0022310034336168183,0.0022285184407884323,84617.842,-77.01599999998871,84664.987,56.85999999998603,84376.133,-51.320000000006985,83907.5156,53.616399999998976,82603.3382,0.12829999999667052,83639.43595000001,10.764050000012503,0.0033430170094227354,0.005223317932246567,0.008884811950873248,86496.42,83111.64,0.42873982947193107,57.00974544186779,196.49133534119755,248.79196009592735,-52.300624754729796,84376.133,85311.49383825317,83440.77216174683,0.599799452983656,1819.9545070000004,0.39480928629607764,1.6030539183136545,188.22999999999593,87.16000000000349,70.63999999999942,346.02999999999884,0.5439701759962909,0.43895386632137884,0.5610461336786211,153.2201064571752,16,4,4,2,False,False,1,1,low_vol,bull_stable
2025-04-18 20:00:00,84562.83,84684.49,84342.15,84474.69,638.83012,1745020799999,53986674.4718975,99818.0,262.35438,22171158.2089762,0,-0.001042301919176536,-0.0010428454935671415,84547.18,-70.66200000001118,84645.45800000001,-19.528999999980442,84353.9605,-22.172500000000582,84021.8694,114.35379999999714,82603.8218,0.4836000000068452,83645.20525,5.769299999985378,0.00213547392013779,0.004940159773301806,0.006902057182976726,85500.0,83111.64,0.5707054212932734,43.7204715767292,174.99030908607529,234.03162989395696,-59.041320807881675,84353.9605,85255.64127130016,83452.27972869984,0.5669469194878791,1679.9647550000002,0.3802640014313871,-0.6658538601037767,88.13999999999942,121.66000000000349,132.54000000000815,342.34000000001106,0.2574633405386358,0.4106794150532539,0.5893205849467461,156.2512425055976,20,4,4,2,False,False,1,1,low_vol,bull_stable
2025-04-19 00:00:00,84474.7,84986.76,84364.45,84883.71,1105.44308,1745035199999,93637134.4224685,149665.0,637.63124,54016617.5912382,0,0.004841923657843639,0.004830239246993729,84592.986,45.80600000001141,84677.629,32.170999999987544,84398.22,44.259500000000116,84126.55679999999,104.68739999999525,82606.98980000001,3.1680000000051223,83654.13145,8.9262000000017,0.0026229268972535733,0.004385539284805611,0.0067718084806659695,85500.0,83111.64,0.7419610109028817,59.61827840340443,188.77896020714252,224.98109595659406,-36.20213574945154,84398.22,85313.24114214674,83483.19885785326,0.7652889521552435,1657.1773540000002,0.6670638343758105,5.352471001451538,409.0100000000093,103.04999999998836,110.25,622.3099999999977,0.6572447815397645,0.5768105581700327,0.42318944182996737,135.38915092760814,0,5,4,2,False,False,1,1,low_vol,bull_stable
2025-04-19 04:00:00,84883.72,85300.0,84883.71,85217.39,2259.71458,1745049599999,192286659.320126,136013.0,1284.97342,109350784.1897678,0,0.003931025163721014,0.003923318873447435,84702.64199999999,109.65599999998813,84746.19700000001,68.56800000001385,84476.89,78.66999999999825,84238.75860000002,112.20180000002438,82591.587,-15.402800000010757,83667.34575000001,13.214300000006915,0.0028307449107276713,0.0042983857751722875,0.006776655510726454,85500.0,83111.64,0.8816719422532614,70.553360368191,224.04905484378105,224.79468773403147,-0.7456328902504197,84476.89,85389.42259474396,83564.35740525604,0.9057389315544252,1510.977943,1.4955311495238681,8.882994876807262,333.66999999999825,82.61000000000058,0.00999999999476131,416.2899999999936,0.8015325854572615,0.5686441249584716,0.43135587504152845,60.19034492400364,4,5,4,2,False,False,1,1,low_vol,bull_stable
2025-04-19 08:00:00,85217.38,85436.72,85115.45,85217.4,1378.37688,1745063999999,117519368.6262974,132295.0,748.84984,63841518.7874746,0,1.1734694060905326e-07,1.1734693372390156e-07,84871.204,168.56200000000536,84783.031,36.83399999998801,84552.977,76.08699999999953,84326.2468,87.48819999997795,82574.7608,-16.82619999999588,83675.0545,7.708749999990687,0.00263965123884337,0.004303046393947177,0.0064641497252154335,85500.0,83140.89,0.8802090618919822,71.44790968932026,249.12985201102856,229.6617205894309,19.46813142159766,84552.977,85444.76997385749,83661.18402614251,0.8725208761883403,1241.533361,1.110221378900184,0.00016174830987425215,0.01999999998952262,219.32000000000698,101.93000000000757,321.2700000000041,6.225293363688601e-05,0.5432838078363589,0.45671619216364107,95.97882982482992,8,5,4,2,False,False,1,1,low_vol,bull_stable
2025-04-19 12:00:00,85217.4,85677.99,85070.0,85191.19,2584.44918,1745078399999,220675916.3218939,174358.0,1659.32401,141695878.0413666,0,-0.0003075662951461666,-0.0003076136033596449,84996.876,125.67200000000594,84807.359,24.327999999994063,84644.378,91.40099999999802,84404.7354,78.4886000000115,82601.5098,26.74899999999616,83683.1711,8.116600000008475,0.0026355600252950004,0.004159821413976007,0.006438734809089563,85677.99,83140.89,0.808127389539237,61.83519153477616,263.85013637840166,236.49940374722507,27.350732631176584,84644.378,85384.54044933149,83904.21555066851,0.8693864775860243,1385.794687,1.8649582107973546,-0.7948894592861483,26.20999999999185,460.59000000001106,121.19000000000233,607.9900000000052,0.043109261665474144,0.6420416477293626,0.35795835227063744,67.4642787907325,12,5,4,2,False,False,1,1,low_vol,bull_stable
2025-04-19 16:00:00,85191.18,85330.06,84694.49,85085.55,1789.11723,1745092799999,152271395.3481681,182437.0,813.4709,69251161.252905,0,-0.0012400343274932002,-0.0012408038062457036,85119.048,122.17199999999139,84833.114,25.755000000004657,84696.25,51.87200000000303,84463.85299999999,59.11759999998321,82617.5256,16.01579999999376,83691.0252,7.8540999999968335,0.0026237929160446097,0.0038321004631262237,0.006292605383496214,85677.99,83275.0,0.7534571512990063,61.90097335436743,263.94916103799187,241.98935520537844,21.959805832613426,84696.25,85405.21889728103,83987.28110271897,0.7745536521369356,1439.932008,1.2425011875977412,-2.2185667811095473,105.6299999999901,138.88000000000466,391.0599999999977,635.5699999999924,0.16619727174031398,0.45467724884634864,0.5453227511536514,101.97040022916777,16,5,4,2,False,False,1,1,low_vol,bull_stable
2025-04-19 20:00:00,85085.56,85367.93,85015.63,85077.01,549.48058,1745107199999,46832278.2452954,100458.0,272.05146,23186964.1363298,0,-0.00010036956921599671,-0.0001003746065782771,85157.708,38.66000000000349,84875.347,42.2329999999929,84707.7715,11.521500000002561,84514.9584,51.105400000014924,82633.7282,16.202600000004168,83698.75495,7.729749999998603,0.0024994761312921313,0.0032124636040808834,0.006266330109605106,85677.99,83275.0,0.7499032455399277,62.51917019459434,260.33752325233945,245.65898881477065,14.6785344375688,84707.7715,85434.2988467793,83981.2441532207,0.7541119075811998,1342.533735,0.40928623666950165,-0.05515112910715602,8.55000000000291,282.36999999999534,61.379999999990105,352.29999999998836,0.024269088844743665,0.49510659685188513,0.5048934031481149,182.82356766821493,20,5,4,2,False,False,1,1,low_vol,bull_stable
2025-04-20 00:00:00,85077.0,85320.76,85050.27,85168.81,882.54344,1745121599999,75204805.8521934,113197.0,499.96633,42603984.9369829,0,0.0010790224057004583,0.0010784406794506222,85147.992,-9.71600000000035,84925.31700000001,49.970000000015716,84749.5115,41.73999999999069,84541.16900000001,26.210600000005797,82654.4562,20.728000000002794,83702.18625,3.431299999996554,0.0025026541217154337,0.00286734491179523,0.005850832477860265,85677.99,83736.26,0.7377699268178353,58.189017113060835,261.86416004986677,248.9000230617899,12.96413698807686,84749.5115,85481.5258397051,84017.4971602949,0.7864004687182246,1314.120703,0.6715847623321402,0.952284145763958,91.80999999999767,151.9499999999971,26.729999999995925,270.4899999999907,0.33942105068579553,0.5665061994002244,0.43349380059977555,128.26224168636958,0,6,4,2,False,False,1,1,low_vol,bull_stable
2025-04-20 04:00:00,85168.82,85248.0,84678.18,84784.01,1167.69622,1745135999999,99155168.5449512,118487.0,469.01204,39830134.0020175,0,-0.004518085904922309,-0.004528323302309555,85061.314,-86.67799999999988,84966.25899999999,40.94199999998091,84787.193,37.681500000006054,84568.37240000001,27.20339999999851,82681.9032,27.447000000000116,83706.05615,3.8699000000051456,0.0027039969557080623,0.0029427133542351148,0.0058388421498105384,85677.99,83736.26,0.5395961333450039,46.338673791248404,229.37973976247304,244.99596640192655,-15.616226639453515,84787.193,85436.22561497006,84138.16038502994,0.4975478890223788,1307.4186249999998,0.8931310887513173,-5.27575183281306,384.8100000000122,79.17999999999302,105.83000000000175,569.820000000007,0.6753185216384253,0.4016558690238802,0.5983441309761197,101.47074039513461,4,6,4,2,False,False,1,1,low_vol,bull_stable
2025-04-20 08:00:00,84784.01,84785.0,83949.52,84129.83,1885.40107,1745150399999,159016861.7925174,173071.0,800.46338,67499197.7101737,0,-0.0077158417017547665,-0.0077457628187784355,84849.04199999999,-212.27200000001176,84922.959,-43.29999999998836,84793.973,6.779999999998836,84591.50640000001,23.13400000000547,82703.1145,21.21129999999539,83710.9673,4.911149999999907,0.0036539918001181615,0.0034625293935564637,0.005894175898586191,85677.99,83736.26,0.20269038434798084,37.409153372551515,149.1296698533988,225.822707092221,-76.6930372388222,84793.973,85410.12784537926,84177.81815462073,-0.038941635354010906,1424.1052379999999,1.3239197635757871,-14.547456200439056,654.179999999993,0.9900000000052387,180.30999999999767,835.4799999999959,0.7829989945899318,0.4245586749348774,0.5754413250651225,91.79532289116608,8,6,4,2,False,False,1,1,low_vol,bull_stable
2025-04-20 12:00:00,84129.82,84664.0,84099.3,84344.66,1721.01989,1745164799999,145237491.4778961,188296.0,910.56177,76830806.7152001,0,0.002553553240271622,0.0025502984628503274,84700.864,-148.17799999998533,84909.95599999999,-13.003000000011525,84777.707,-16.26600000000326,84603.90120000001,12.394799999994575,82714.4302,11.315700000006473,83716.87155,5.904249999992317,0.003770556155710816,0.0029826609421373753,0.005767126770230567,85677.99,83736.26,0.3133288356259652,44.49154951599856,101.69363593771413,200.99689286131962,-99.30325692360549,84777.707,85424.07963520937,84131.33436479061,0.16501753291295032,1532.324215,1.123143439980161,4.3947159166814105,214.8399999999965,319.3399999999965,30.520000000004075,564.6999999999971,0.3804497963520411,0.5290826534259288,0.47091734657407125,109.40954319824857,12,6,4,2,False,False,1,1,low_vol,bull_stable
2025-04-20 16:00:00,84344.65,84664.09,84272.74,84651.61,769.05869,1745179199999,64999086.3021496,116258.0,401.50036,33932602.6781179,0,0.003639234540752101,0.0036326285490484484,84615.784,-85.08000000000175,84886.746,-23.20999999999185,84782.1875,4.480500000005122,84626.3674,22.466199999995297,82732.7611,18.330900000000838,83727.2241,10.352550000010524,0.003609461414610925,0.0030889377410905855,0.005776056330684838,85677.99,83736.26,0.4714095162561226,49.71833796868562,87.85579015260737,178.36867231957717,-90.5128821669698,84782.1875,85423.48683364032,84140.88816635968,0.39819301755797853,1498.685776,0.5131553940897614,2.7987849485135623,306.9600000000064,12.479999999995925,71.90999999998894,391.34999999999127,0.7843618244538476,0.5220672560113715,0.47793274398862845,151.16921700735222,16,6,4,2,False,False,1,1,low_vol,bull_stable
2025-04-20 20:00:00,84651.61,85298.0,84616.73,85179.24,1665.95794,1745193599999,141640230.9221285,234821.0,761.97926,64786109.6953408,0,0.006232958829725854,0.006213614282735802,84617.87,2.0859999999956926,84882.931,-3.8150000000023283,84814.564,32.37649999999849,84629.7842,3.416799999991781,82744.625,11.863899999996647,83745.06925,17.845149999993737,0.003963082178622096,0.0033801320887162614,0.005275112500137785,85677.99,83949.52,0.7114500107031075,62.046848940164885,118.1031099488755,166.31555984543684,-48.21244989656134,84814.564,85467.88828032743,84161.23971967257,0.779092642796957,1439.310112,1.1574697670157132,10.383847252074895,527.6300000000047,118.75999999999476,34.88000000000466,681.2700000000041,0.7744800152656091,0.4573820513139725,0.5426179486860275,140.95253809348873,20,6,4,2,False,False,1,1,low_vol,bull_stable
2025-04-21 00:00:00,85179.24,87640.0,85144.76,87205.56,9533.33738,1745207999999,828204525.43074,770874.0,5438.53457,472291216.9417634,0,0.023788895040622426,0.023510348177109962,85102.18000000001,484.3100000000122,85081.747,198.81600000000617,84932.389,117.82499999999709,84675.0274,45.24320000001171,82789.87610000001,45.25110000000859,83769.511,24.441749999998137,0.00851448989963162,0.006212549118320723,0.006250128863200015,87640.0,83949.52,0.8822808957100424,75.5200618029067,302.09900882119837,193.47224964058915,108.62675918060921,84932.389,86186.05496810352,83678.72303189647,1.4066095187375667,2254.806162,4.228007507103842,226.7875623196624,2026.3199999999924,434.4400000000023,34.48000000001048,2495.2400000000052,0.8120741892563393,0.5704754120429544,0.4295245879570456,80.86087476744686,0,0,4,2,False,False,1,1,low_vol,bull_stable
2025-04-21 04:00:00,87205.56,87738.0,87038.0,87434.78,2859.73764,1745222399999,250004936.1160325,249245.0,1473.44625,128823430.4186169,0,0.002628502127616672,0.0026250536574515503,85763.17000000001,660.9900000000052,85306.106,224.35899999999674,85056.7325,124.34350000000268,84718.185,43.15759999999136,82835.6239,45.74779999999737,83793.10975,23.598750000004657,0.008463473882005215,0.0062183907599898955,0.006238485312478112,87738.0,83949.52,0.9199626235323926,77.82651447780813,461.0979722246266,246.99739415739666,214.10057806722992,85056.7325,86737.45702444605,83376.00797555395,1.2074471352715523,2282.335008,1.252987677083381,7.51682647116548,229.22000000000116,303.22000000000116,167.55999999999767,700.0,0.3274571428571445,0.5152382615070941,0.48476173849290594,87.15659664499853,4,0,4,2,False,False,1,1,low_vol,bull_stable
2025-04-21 08:00:00,87434.79,87795.26,86644.29,86971.92,3305.90555,1745236799999,288558536.2959693,259505.0,1545.54037,135020194.2048917,0,-0.005293774399615314,-0.005307836071479198,86288.622,525.4519999999902,85494.74299999999,188.6369999999879,85163.92850000001,107.19600000001083,84748.97720000001,30.79220000001078,82865.2432,29.6192999999912,83812.7835,19.673750000001746,0.008761519702135248,0.006371517622629716,0.0062891089137993355,87795.26,83949.52,0.7859085637614611,69.43363355649983,543.491827059479,306.29628073781316,237.1955463216658,85163.92850000001,87044.7889334961,83283.06806650393,0.9806288302421653,2434.01384,1.3582114841220458,-17.500718168136185,462.86999999999534,360.47000000000116,327.63000000000466,1150.9700000000012,0.40215644195764866,0.46750893110058755,0.5324910688994124,78.49740292792092,8,0,4,2,False,False,1,1,low_vol,bull_stable
2025-04-21 12:00:00,86971.92,88465.99,86779.97,88044.8,8328.4863,1745251199999,731168560.5502423,857631.0,4657.72284,409064581.7086554,0,0.012335935552532318,0.01226046790836452,86967.26000000001,678.6380000000063,85791.522,296.77900000000955,85333.4345,169.50599999999395,84821.61119999998,72.63399999997637,82906.7925,41.549299999998766,83837.0575,24.273999999990338,0.009262384371575423,0.006776623829859044,0.006256242646803591,88465.99,83949.52,0.9067435408626644,73.13048216012453,687.4376469208655,382.52455397442367,304.91309294644185,85333.4345,87593.81228597999,83073.05671402001,1.0997593669556625,3211.914412,2.5929975807836065,102.73967024694835,1072.8800000000047,421.1900000000023,191.9499999999971,1686.020000000004,0.6363388334657964,0.5592520263856351,0.44074797361436496,102.97561514869754,12,0,4,2,False,False,1,1,low_vol,bull_stable
2025-04-21 16:00:00,88044.81,88270.88,86389.78,87415.1,5561.20336,1745265599999,484852991.1312794,680764.0,2750.23259,239686295.41245,0,-0.007152040779239588,-0.007177739227100271,87414.432,447.1719999999914,86016.151,224.62900000000081,85470.734,137.2994999999937,84879.34,57.72880000001169,82944.7034,37.910900000002584,83854.72600000001,17.66850000001432,0.009846103905078379,0.007071322614832664,0.006357387036185968,88465.99,83949.52,0.7673204958739903,66.29963984597046,742.1491850240127,454.4494801843415,287.6997048396712,85470.734,87889.26739210727,83052.20060789272,0.9019721221020393,3679.780404,1.5112867479686705,-39.77395321236422,629.7099999999919,226.07000000000698,1025.320000000007,1881.1000000000058,0.3347562596353144,0.49453911536153566,0.5054608846384643,122.41307428110306,16,0,4,2,False,False,1,1,low_vol,bull_stable
2025-04-21 20:00:00,87415.09,87625.68,86887.15,87516.23,2184.70239,1745279999999,190510041.9428021,223376.0,1350.92215,117819506.4477576,0,0.0011568939462403005,0.0011562252601218018,87476.56599999999,62.13399999999092,86289.37299999999,273.2219999999943,85627.81599999999,157.08199999999488,84952.6714,73.33140000001004,82984.61230000001,39.90890000000945,83868.64189999999,13.915899999978137,0.009546028741025381,0.0069706442287934085,0.006231612804801869,88465.99,83949.52,0.7897118767533031,67.0545501490505,784.6241600618087,520.484416159835,264.1397439019737,85627.81599999999,88152.35743931145,83103.27456068853,0.8740112898513256,3781.4810210000005,0.5777372351910581,2.527468969327716,101.13999999999942,109.44999999999709,527.9400000000023,738.5299999999988,0.13694772047174736,0.6183552305263877,0.3816447694736123,102.24550539352869,20,0,4,2,False,False,1,1,low_vol,bull_stable
2025-04-22 00:00:00,87516.22,88877.0,87076.03,88157.55,5948.6986,1745294399999,523972235.6006353,544078.0,2943.1171,259152982.4685677,0,0.007328012186996746,0.00730129275981318,87621.12,144.55400000000373,86692.145,402.77200000001176,85807.552,179.73600000000442,85036.1962,83.52479999999923,83031.6609,47.04859999999462,83882.26275000001,13.620850000021164,0.008786787018739027,0.007077567290540484,0.006297568102678053,88877.0,83949.52,0.8539923043827682,70.89181954690865,860.120118737439,588.4115566753558,271.7085620620833,85807.552,88517.86285266858,83097.24114733141,0.9335292384794515,4187.810774,1.4204793198710082,43.59213583757048,641.3300000000017,719.4499999999971,440.1900000000023,1800.9700000000012,0.35610254473977987,0.4947497424058432,0.5052502575941568,91.46168541805093,0,1,4,2,False,False,1,1,low_vol,bull_stable
2025-04-22 04:00:00,88157.55,88486.0,87953.86,88476.83,2721.14964,1745308799999,240180187.9178923,259050.0,1190.22922,105056270.839034,0,0.003621697744549346,0.003615155189286262,87922.102,300.9820000000036,87105.362,413.21699999998964,86007.65900000001,200.10700000001816,85130.53279999999,94.33659999998054,83090.2466,58.585699999995995,83890.41719999998,8.154449999972712,0.00876396305794555,0.007045091431712853,0.0062862076033427085,88877.0,83949.52,0.918788102640701,72.18363804825856,934.9370650646597,657.7166583532166,277.22040671144305,86007.65900000001,88889.18440239955,83126.13359760048,0.9284485914897421,4287.823749,0.6346225496406243,9.855181513769265,319.27999999999884,9.169999999998254,203.69000000000233,532.1399999999994,0.5999924831811162,0.4373994000565143,0.5626005999434857,95.19873372344198,4,1,4,2,False,False,1,1,low_vol,bull_stable
2025-04-22 08:00:00,88476.82,88701.93,88241.33,88614.1,2659.83331,1745323199999,235429149.2380874,208321.0,1260.39404,111563677.3221452,0,0.0015514796359679117,0.0015502773348406629,88035.962,113.86000000000058,87501.611,396.2490000000107,86194.1785,186.51949999998033,85211.4942,80.96140000001469,83147.7876,57.54099999999744,83904.03259999999,13.615400000009686,0.008820132421534992,0.0070219844751596965,0.006165759859883713,88877.0,83949.52,0.9466461558443678,72.34772072435554,993.8500906479167,724.9433448121567,268.9067458357599,86194.1785,89247.20560579702,83141.15139420297,0.8963151023790642,4476.901211,0.5941237442239374,4.126677215534126,137.27999999999884,87.8299999999872,235.49000000000524,460.59999999999127,0.29804602692140997,0.4738620406253954,0.5261379593746046,78.32107343598912,8,1,4,2,False,False,1,1,low_vol,bull_stable
2025-04-25 20:00:00,95291.0,95345.45,94441.61,94638.68,1637.55808,1745625599999,155305661.4195551,248642.0,652.36351,61872291.760709,0,-0.0068455572929239095,-0.006869095603657356,94679.76599999999,265.36999999999534,94006.97,243.5130000000063,93547.898,185.2034999999887,88960.41440000001,202.13940000001458,86141.9865,169.44560000000638,84854.88955,47.24635000000126,0.005362281468564737,0.007604302970215725,0.007422422353288842,95758.04,90624.03,0.7819715972504919,60.22182941994619,1636.3339529921795,1715.4905497424033,-79.1565967502238,93547.898,95425.65979061376,91670.13620938624,0.7904473840751286,4079.974582,0.40136477497300255,-11.209997657130474,652.320000000007,54.44999999999709,197.06999999999243,903.8399999999965,0.721720658523643,0.3983757998983462,0.6016242001016537,151.83705728471017,20,4,4,2,False,False,1,1,low_vol,bull_stable
2025-04-26 00:00:00,94638.68,95199.0,94527.84,94739.99,2542.70188,1745639999999,241117530.262502,276316.0,1108.81904,105164444.3815801,0,0.0010704925301157076,0.0010699199615709929,94873.312,193.54600000001665,94218.975,212.00500000000466,93714.158,166.25999999999476,89158.233,197.81859999998414,86327.0863,185.09979999999632,84903.53355,48.64399999998568,0.0053377805024505945,0.007567641777574273,0.0074213074816931075,95758.04,91060.0,0.7833032498659037,59.054480988002766,1581.1088501636114,1688.614209826645,-107.50535966303369,93714.158,95372.72651535935,92055.58948464064,0.8092522227752976,3940.1859409999997,0.6453253521722568,2.7219433688511665,101.31000000001222,459.00999999999476,110.83999999999651,671.1600000000035,0.15094761308780574,0.4360790577619741,0.5639209422380259,108.67023073896496,0,5,4,2,False,False,1,1,low_vol,bull_stable
2025-04-26 04:00:00,94739.99,94830.93,94380.72,94570.31,1410.05819,1745654399999,133442922.5222416,199142.0,633.13933,59922718.7275875,0,-0.0017910071554789742,-0.0017926129263790087,94860.24,-13.072000000000116,94355.75499999999,136.77999999998428,93770.524,56.36600000000908,89350.681,192.44800000000396,86500.20939999999,173.12309999999707,84945.9726,42.43905000000086,0.005274336877043798,0.005882030684146272,0.0074417468445072766,95758.04,91660.01,0.710170496555663,56.43128517446235,1506.2872584869328,1652.1488195587028,-145.86156107176998,93770.524,95466.49177926387,92074.55622073614,0.7357904465458472,3636.4681579999997,0.38775485683766026,-2.525424307931731,169.68000000000757,90.93999999998778,189.5899999999965,450.20999999999185,0.37689078430068335,0.4490164551294156,0.5509835448705844,141.22963251608786,4,5,4,2,False,False,1,1,low_vol,bull_stable
2025-04-26 08:00:00,94570.31,94733.54,93990.6,94144.06,1747.48781,1745668799999,164761284.0032416,284282.0,812.80393,76643508.7450943,0,-0.004507228537159236,-0.00451741671686481,94676.80799999999,-183.43200000001525,94414.549,58.794000000008964,93819.28150000001,48.757500000006985,89537.00219999999,186.32119999999122,86618.3292,118.1198000000004,84984.03254999999,38.0599499999953,0.005515743633552256,0.0059422457812014955,0.0074849498056329565,95758.04,91660.01,0.6061571047552126,61.77088054010685,1396.4978375609207,1601.0186231591465,-204.52078559822576,93819.28150000001,95498.41039236655,92140.15260763347,0.5967104137974326,3560.8109400000003,0.4907555721001014,-7.876326925569897,426.25,163.22999999999593,153.45999999999185,742.9399999999878,0.5737340835060799,0.4651270957935895,0.5348729042064104,162.68039088638906,8,5,4,2,False,False,1,1,low_vol,bull_stable
2025-04-26 12:00:00,94144.07,94394.0,93870.69,94373.24,1638.82978,1745683199999,154306618.2842738,291676.0,747.20079,70370359.355951,0,0.002434354328887167,0.0024313960883523135,94493.25600000001,-183.5519999999815,94453.826,39.27700000000186,93831.2525,11.970999999990454,89731.3734,194.37120000000868,86735.90940000002,117.5802000000258,85021.52615,37.49360000001616,0.00538942735233853,0.005500916916046986,0.007460951317305218,95758.04,91660.01,0.6620815367383868,68.07029934354624,1312.848144954376,1543.3845275181925,-230.53638256381646,93831.2525,95523.18818258529,92139.31681741471,0.6601678791867084,3483.9744139999993,0.4703908769865037,3.9894923692522037,229.16999999999825,20.75999999999476,273.38000000000466,523.3099999999977,0.43792398387189096,0.455935570074886,0.5440644299251141,177.97821565092624,12,5,4,2,False,False,1,1,low_vol,bull_stable
2025-04-26 16:00:00,94373.24,94378.87,94041.0,94307.5,832.25743,1745697599999,78441985.3515034,187191.0,332.41435,31328750.0931671,0,-0.0006965957722762095,-0.0006968385078434454,94427.01999999999,-66.23600000001898,94553.393,99.56699999999546,93873.327,42.074500000002445,89924.14120000001,192.767800000016,86861.23240000001,125.3229999999894,85054.61605000001,33.08990000000631,0.004733317326225634,0.005237729786598006,0.007466777092677256,95758.04,91660.01,0.646039682481584,64.92670914693895,1227.10518755659,1480.128659525872,-253.02347196928213,93873.327,95568.86756016116,92177.78643983885,0.6280337994269887,3117.986353,0.2669214472985861,-0.5797470071834634,65.74000000000524,5.629999999990105,266.5,337.86999999999534,0.19457187675735088,0.3994128955989014,0.6005871044010985,224.91959008404407,16,5,4,2,False,False,1,1,low_vol,bull_stable
2025-04-26 20:00:00,94307.51,94888.0,94087.0,94628.0,1243.73366,1745711999999,117557021.4176823,237376.0,521.84719,49327333.1349779,0,0.0033984571746679126,0.003392695469332858,94404.622,-22.397999999986496,94638.967,85.5740000000078,93944.963,71.6359999999986,90129.20939999999,205.0681999999797,86991.5543,130.32189999999537,85086.00600000001,31.389949999997043,0.004617571894666754,0.005214417476639768,0.007423526289680504,95758.04,91660.01,0.7242479923280225,63.22162964337053,1171.5105036972818,1418.4050283601541,-246.8945246628723,93944.963,95640.94734580471,92248.97865419529,0.7013688987429625,2895.972609,0.4294701048396553,4.2267755802029825,320.49000000000524,260.0,220.50999999999476,801.0,0.40011235955056834,0.4195811424770798,0.5804188575229202,190.85758280434413,20,5,4,2,False,False,1,1,low_vol,bull_stable
2025-04-27 00:00:00,94628.0,95369.0,94041.6,94156.21,3925.87324,1745726399999,371858659.2449305,560746.0,1787.46473,169484239.914653,0,-0.004985733609502385,-0.004998203845431456,94321.802,-82.82000000000698,94591.021,-47.94600000001083,93977.87950000001,32.916500000006636,90321.07699999999,191.86759999999776,87114.29629999999,122.74199999998382,85115.67705,29.67104999998992,0.003914405151274406,0.00533270304878226,0.007495165934781806,95758.04,91660.01,0.6091219439584415,55.44652046767709,1076.9671986371832,1350.11746241556,-273.15026377837694,93977.87950000001,95662.84683983304,92292.91216016698,0.5529180880199338,2938.715061,1.3359149010738336,-19.573358159314022,471.7899999999936,741.0,114.61000000000058,1327.3999999999942,0.3554241374114778,0.45530373008171804,0.544696269918282,142.8334451267204,0,6,4,2,False,False,1,1,low_vol,bull_stable
2025-04-27 04:00:00,94156.22,94288.65,93655.0,94065.98,1858.72082,1745740799999,174743891.3830605,285465.0,668.30925,62823771.4486098,0,-0.0009583011040908973,-0.0009587605681540142,94306.186,-15.615999999994528,94491.497,-99.52399999999034,93996.6245,18.744999999995343,90512.90280000001,191.82580000002054,87267.38609999999,153.08980000000156,85148.51615,32.839099999997416,0.0034985789746548863,0.005324779342962305,0.007494438575459032,95758.04,91660.01,0.5871040475545571,50.8262139093029,983.423843406199,1276.778738613688,-293.3548952074889,93996.6245,95676.49142404294,92316.75757595708,0.5206431530400851,2037.33311,0.9123303454288827,-1.781214214002738,90.24000000000524,132.42999999999302,410.9799999999959,633.6499999999942,0.1424130040243132,0.3595533244201784,0.6404466755798216,153.5814291895649,4,6,4,2,False,False,1,1,low_vol,bull_stable
2025-04-27 08:00:00,94065.99,94331.85,93883.81,93920.01,1343.02543,1745755199999,126393661.068957,224740.0,650.11571,61190499.5491808,0,-0.0015517831207414456,-0.0015529883832003542,94215.54000000001,-90.64599999999336,94354.398,-137.09900000000198,94058.9275,62.302999999999884,90693.6288,180.7259999999951,87410.0928,142.70670000000973,85185.5118,36.99564999999711,0.0032803168261616978,0.004673370115093562,0.007502643114359842,95758.04,91660.01,0.5514844937689575,56.53656166839333,887.2834500667523,1198.8796809043008,-311.59623083754855,94058.9275,95620.5086733337,92497.34632666632,0.45552024372084127,1818.024632,0.7387278512956913,-2.0840841930005216,145.98000000001048,265.8600000000006,36.19999999999709,448.04000000000815,0.3258191232925806,0.4840680567009071,0.515931943299093,167.3386035586832,8,6,4,2,False,False,1,1,low_vol,bull_stable
2025-04-27 12:00:00,93920.0,94173.91,93602.58,93901.08,1432.64566,1745769599999,134502221.9269804,313036.0,754.95797,70887243.2117967,0,-0.0002015544930200619,-0.00020157480785663377,94134.25600000001,-81.28399999999965,94280.638,-73.75999999999476,94143.804,84.87649999999849,90867.3026,173.67379999998957,87553.0306,142.9377999999997,85222.83309999999,37.32129999999597,0.0026830216706028682,0.004480614753744425,0.007504290482360238,95758.04,91660.01,0.5468652010844254,51.529696198202714,800.338202292929,1119.1713851820266,-318.83318288909754,94143.804,95443.31440375964,92844.29359624037,0.40660944333428434,1797.5333899999998,0.7970064244536788,-0.28875616967869194,18.919999999998254,253.9100000000035,298.5,571.3300000000017,0.03311571246039626,0.5269676871809321,0.4730323128190678,218.50204048361826,12,6,4,2,False,False,1,1,low_vol,bull_stable
2025-04-27 16:00:00,93901.09,94434.79,93727.08,94433.5,1354.62397,1745783999999,127480362.8727638,227164.0,849.68106,79975773.8810432,0,0.005670009333226034,0.005653995334804554,94095.356,-38.90000000000873,94249.989,-30.64900000000489,94234.482,90.67799999999988,91051.62460000001,184.32200000001467,87688.9357,135.90510000000359,85258.14845,35.3153500000044,0.0033473037031057943,0.0045364156107357565,0.007516745094553945,95758.04,92434.78,0.6014335321341105,47.39448146095658,765.5702936120797,1048.4511668680373,-282.88087325595757,94234.482,95322.09328052716,93146.87071947285,0.59149316652156,1678.725599,0.8069359106735109,7.680730552911704,532.4100000000035,1.2899999999935972,174.00999999999476,707.7099999999919,0.752299670769114,0.6272449615667143,0.3727550384332857,167.69524608367885,16,6,4,2,False,False,1,1,low_vol,bull_stable
2025-04-27 20:00:00,94433.49,94545.45,93641.7,93749.3,1247.95188,1745798399999,117355995.6899267,307009.0,539.55847,50750711.1028862,0,-0.007245310191828058,-0.007271684924345066,94013.974,-81.38199999999779,94167.888,-82.10099999999511,94261.82149999999,27.33949999998731,91222.7868,171.16219999999157,87813.76110000002,124.82540000001609,85288.0231,29.87465000001248,0.003995451267565129,0.0047088822031890985,0.0076250345675804646,95758.04,92666.62,0.3502209340691359,34.14904671000184,675.0259743480419,973.7661283640383,-298.7401540159964,94261.82149999999,95264.37122969206,93259.27177030793,0.2443909838979212,1662.5149680000002,0.7506409891161954,-9.041798475074986,684.1900000000023,111.95999999999185,107.60000000000582,903.75,0.7570567081604451,0.4323551882465212,0.5676448117534788,246.01028687099696,20,6,4,2,False,False,1,1,low_vol,bull_stable
2025-04-28 00:00:00,93749.29,93987.3,92800.01,93849.93,3829.2548,1745812799999,357540875.9288636,709736.0,1910.52595,178433012.4650422,0,0.0010733946813468176,0.001072819005190834,93970.764,-43.2100000000064,94138.475,-29.413000000000466,94276.512,14.690500000011525,91398.0744,175.28759999999602,87930.96370000001,117.20259999998962,85316.6916,28.668499999999767,0.0038157981535302337,0.004641543088172498,0.007612324114745404,95758.04,92800.01,0.3549389289493341,32.02773655263587,604.421553564549,899.8972134041405,-295.4756598395916,94276.512,95243.50158762878,93309.52241237123,0.2794278214277049,1870.6916669999998,2.046972714718358,4.110301735841772,100.63999999999942,137.3700000000099,949.2799999999988,1187.2900000000081,0.08476446361040582,0.49892891692660407,0.501071083073396,185.34572314174548,0,0,4,2,False,False,1,1,low_vol,bull_stable
2025-04-28 04:00:00,93849.93,94800.0,93849.93,94692.49,3173.45503,1745827199999,299211017.3867554,363826.0,1924.85226,181448041.9920591,0,0.008977737117118911,0.00893767682390777,94125.26,154.49599999999919,94170.4,31.92499999998836,94312.113,35.60099999999511,91590.384,192.30960000000778,88052.67120000001,121.70750000000407,85353.1897,36.498099999997066,0.004777766741162309,0.004957135248523246,0.007669474288358491,95758.04,92800.01,0.6397771489809134,50.64068829044233,609.4294682946929,841.8036643822511,-232.37419608755818,94312.113,95285.61728366223,93338.60871633777,0.6953648311484905,2024.154192,1.567793126898309,28.490445012338707,842.5600000000122,107.50999999999476,0.0,950.070000000007,0.8868399170587494,0.6065478293543047,0.3934521706456953,114.64665374508238,4,0,4,2,False,False,1,1,low_vol,bull_stable
2025-04-28 08:00:00,94692.49,95550.0,94339.48,95319.99,4407.81686,1745841599999,418809445.5413878,503129.0,2405.94812,228728649.2888592,0,0.0066267134806572425,0.006604853335681837,94409.04199999999,283.78199999999197,94271.649,101.24900000001071,94412.52100000001,100.40800000001036,91793.40759999999,203.0235999999859,88167.2883,114.61709999998857,85394.02209999999,40.83239999998477,0.005146854523625876,0.004812538380831131,0.007693424610031728,95758.04,92800.01,0.8519115762855723,56.136812835673055,656.4649631026987,804.7359241263407,-148.27096102364203,94412.52100000001,95365.6587480087,93459.38325199131,0.9760429444200956,2381.710135,1.8506940854076688,29.209339406430278,627.5,230.00999999999476,353.0100000000093,1210.520000000004,0.5183722697683623,0.5458366797934522,0.45416332020654776,114.14471516858802,8,0,4,2,False,False,1,1,low_vol,bull_stable
2025-04-28 12:00:00,95319.99,95630.0,93583.9,93833.51,6874.85491,1745855999999,651573051.700964,1007946.0,3343.59707,317261916.6125729,0,-0.01559463025541663,-0.015717505640025085,94289.044,-119.99799999999232,94192.2,-79.4490000000078,94415.58350000001,3.0625,91974.3976,180.99000000000524,88271.385,104.0966999999946,85422.4874,28.465300000010757,0.007264977655834512,0.005991262353040698,0.008044722331041853,95758.04,92800.01,0.34938793724201594,43.9030646864315,567.2554509083711,757.2398294827468,-189.98437857437568,94415.58350000001,95360.41675775957,93470.75024224045,0.19197025230660325,2944.82226,2.3345568265298295,-107.21082038108558,1486.4800000000105,310.00999999999476,249.61000000000058,2046.1000000000058,0.7264943062411447,0.48635165596534746,0.5136483440346525,146.61342140237255,12,0,4,2,False,False,1,1,low_vol,bull_stable
2025-04-28 16:00:00,93833.5,94920.0,93444.0,94787.2,2284.50465,1745870399999,214898826.328487,537275.0,1154.52013,108637149.9937562,0,0.010163639833999705,0.010112337367027584,94496.624,207.58000000000175,94255.299,63.09900000000198,94423.16,7.576499999995576,92187.545,213.14740000000165,88389.5257,118.14070000000356,85456.64860000001,34.161200000016834,0.007855103214084044,0.006071458591036246,0.007998471558124998,95758.04,92800.01,0.6717950798335389,54.894654648072525,566.9753436232713,719.1869323108517,-152.2115886875804,94423.16,95377.80345972124,93468.51654027877,0.6906680427613764,2780.6854009999997,0.8215617089148015,23.218882461697554,953.6999999999971,132.8000000000029,389.5,1476.0,0.6461382113821118,0.505370006578888,0.494629993421112,235.18227463445962,16,0,4,2,False,False,1,1,low_vol,bull_stable
2025-04-28 20:00:00,94786.73,95180.0,94305.95,95011.18,1587.64726,1745884799999,150499779.6687139,302828.0,887.33239,84158534.8877083,0,0.0023629772796327497,0.002360189839062957,94728.874,232.25,94349.819,94.52000000000407,94420.658,-2.5020000000076834,92400.87539999999,213.33039999999164,88502.3883,112.86260000000766,85497.94189999999,41.293299999975716,0.007847596142257175,0.00600850892089892,0.007998451762034177,95630.0,92800.01,0.7813349163777943,54.8589255737574,578.1619792987622,690.9819417084339,-112.81996240967169,94420.658,95368.49835951714,93472.81764048286,0.8115092083126887,2753.578045,0.5765760890209305,3.7515744034511886,224.4499999999971,168.82000000000698,480.77999999999884,874.0500000000029,0.2567930896401766,0.5588976924257093,0.44110230757429075,190.74010180321793,20,0,4,2,False,False,1,1,low_vol,bull_stable
2025-04-29 00:00:00,95011.18,95461.53,94443.7,94658.76,2355.42851,1745899199999,223628653.1840067,553598.0,1179.80404,112038765.5371271,0,-0.0037092476906401828,-0.0037161440085714203,94722.128,-6.745999999999185,94423.694,73.875,94389.046,-31.611999999993714,92601.0184,200.14300000001094,88613.6929,111.30459999998857,85538.39975,40.45785000000615,0.00795532087041317,0.0060344125395795116,0.008042899622737952,95630.0,92800.01,0.6568044410050907,52.56345511070887,552.224420590981,663.2304374849433,-111.00601689396228,94389.046,95253.13875737782,93524.95324262218,0.6560677356088882,2854.818353,0.8250712370280184,-8.736867761185547,352.41999999999825,450.3500000000058,215.05999999999767,1017.8300000000017,0.3462464262204864,0.5008872207291063,0.49911277927089376,235.03069511542932,0,1,4,2,False,False,1,1,low_vol,bull_stable
2025-04-29 04:00:00,94658.75,94960.0,94200.0,94917.61,3096.90198,1745913599999,292487323.4630111,360039.0,790.20626,74738582.4689757,0,0.002734559379396151,0.0027308272741238936,94641.652,-80.47599999999511,94525.347,101.65299999999115,94402.99250000001,13.946500000005472,92795.7858,194.767399999997,88712.785,99.09210000000894,85578.44195000001,40.04220000001078,0.007967913758327684,0.005866676857352817,0.008022901193319632,95630.0,92800.01,0.7482711953045778,52.13273143681928,546.2588185197528,639.8361136919052,-93.57729517215239,94402.99250000001,95292.67488736265,93513.31011263737,0.7892141663754386,3021.243985,1.0250420010352126,8.468662356479511,258.8600000000006,42.38999999999942,458.75,760.0,0.3406052631578955,0.2551602424304046,0.7448397575695954,116.25779644469083,4,1,4,2,False,False,1,1,low_vol,bull_stable
2025-04-29 08:00:00,94917.61,95285.71,94743.01,95129.74,2370.90825,1745927999999,225220814.6415869,344827.0,1026.63872,97540595.029649,0,0.0022348856023661767,0.002232391960183896,94900.898,259.2459999999992,94594.97099999999,69.62399999999616,94422.48000000001,19.48750000000291,92954.26940000002,158.4836000000214,88814.64840000002,101.86340000001655,85615.73975,37.29779999998573,0.007821998416580805,0.005881908713206794,0.00739353547660479,95630.0,92800.01,0.8232290573464945,57.45429931745681,552.2817933241167,622.3252496183476,-70.04345629423085,94422.48000000001,95359.07960831956,93485.88039168046,0.8775679563164474,3122.872413,0.7592075296225046,5.298708712456188,212.13000000000466,155.97000000000116,174.60000000000582,542.7000000000116,0.39087893864013284,0.4330149511268519,0.5669850488731482,145.44088747424115,8,1,4,2,False,False,1,1,low_vol,bull_stable
2025-04-29 12:00:00,95129.74,95300.0,94531.85,94843.1,2872.24836,1745942399999,272562627.9936382,595211.0,1340.82521,127242345.2682092,0,-0.003013148149043632,-0.003017696819437535,94912.07800000001,11.180000000007567,94704.351,109.38000000000466,94436.1195,13.639499999990221,93102.4358,148.16639999998733,88910.31040000002,95.66199999999662,85652.95530000002,37.21555000002263,0.007446047020097602,0.005910200310235756,0.007423119091539214,95630.0,92800.01,0.7219424803621239,55.77664129400578,527.8409696714225,603.4283936289626,-75.58742395754007,94436.1195,95389.57705087145,93482.66194912855,0.7134235025083341,3285.302061,0.8742722302757536,-8.654509829527607,286.6399999999994,170.25999999999476,311.25,768.1499999999942,0.37315628457983674,0.4668207765988593,0.5331792234011408,207.22824957936436,12,1,4,2,False,False,1,1,low_vol,bull_stable
2025-04-29 16:00:00,94843.1,95459.99,94658.99,95300.79,3091.57412,1745956799999,294376855.6813315,579351.0,1477.18282,140654379.7233207,0,0.004825759596639001,0.004814152944427714,94970.0,57.921999999991385,94849.437,145.08600000001024,94493.95599999999,57.83649999999034,93269.0132,166.57739999999467,89008.99519999999,98.68479999997362,85694.74165000001,41.786349999994854,0.007533790784509656,0.005890659994785408,0.0073675466046447926,95630.0,92800.01,0.8836709670352172,59.80929566418304,539.1877776965557,590.5802704424812,-51.39249274592544,94493.95599999999,95511.03036861296,93476.88163138702,0.8966445448331949,3211.533993,0.9626471732008848,14.919193478310776,457.6899999999878,159.20000000001164,184.11000000000058,801.0,0.5713982521847538,0.47780928506414067,0.5221907149358593,187.39676860796078,16,1,4,2,False,False,1,1,low_vol,bull_stable
2025-04-29 20:00:00,95300.79,95408.0,93742.54,94256.82,3168.27898,1745971199999,298878528.5039733,587849.0,1298.02764,122473859.7857843,0,-0.01095447372471925,-0.011014915784636549,94889.612,-80.38800000000629,94805.87,-43.56700000001001,94488.135,-5.820999999996275,93393.25360000001,124.24040000000969,89107.4324,98.43720000001485,85731.1554,36.41374999999243,0.007977181467208735,0.006412187718135161,0.007427530250464583,95630.0,92800.01,0.5147756705854118,52.20595895405774,458.65347882513015,564.194912119011,-105.5414332938808,94488.135,95509.44218484695,93466.82781515304,0.38675542313224265,3211.016388,0.9866903799807079,-34.706828838990305,1043.9699999999866,107.2100000000064,514.2800000000134,1665.4600000000064,0.6268358291402871,0.40969486847398773,0.5903051315260123,185.542057284362,20,1,4,2,False,False,1,1,low_vol,bull_stable
2025-04-30 00:00:00,94256.82,95111.01,94136.48,95032.84,1764.9576,1745985599999,166983780.9804235,387747.0,952.20664,90113245.6380231,0,0.008233038203495413,0.008199331623132793,94912.658,23.046000000002095,94777.155,-28.714999999996508,94524.402,36.2670000000071,93545.6084,152.35479999998643,89212.4742,105.04179999999178,85771.01755,39.86215000000084,0.008149432107267792,0.006669924959636307,0.0073849354544176975,95630.0,92800.01,0.7889886536701535,53.607543735463636,452.234714993363,541.8028726938813,-89.56815770051833,94524.402,95569.9281446216,93478.8758553784,0.7431493476349216,2946.7304620000004,0.5989545439463406,14.530963348349575,776.0199999999895,78.16999999999825,120.34000000001106,974.5299999999988,0.796301807024915,0.5395068074156569,0.46049319258434307,219.69196313837796,0,2,4,2,False,False,1,1,low_vol,bull_stable
2025-04-30 04:00:00,95032.84,95180.0,94500.0,94620.99,1847.65644,1745999999999,175336917.4271713,296550.0,690.02569,65496618.3584011,0,-0.00433376504374694,-0.004343183023531521,94810.90800000001,-101.74999999998545,94855.903,78.74800000000687,94524.0515,-0.35050000000046566,93687.70360000001,142.09520000001066,89320.1875,107.71330000000307,85807.96244999999,36.94489999998768,0.006383536588249038,0.006711207301809003,0.007433823192391862,95630.0,92800.01,0.6434581040922431,55.42472938274251,409.1979659514618,515.2818913453975,-106.08392539393571,94524.0515,95569.43610359407,93478.66689640594,0.5463649931645856,2444.010615,0.7559936232110023,-8.007308892525915,411.84999999999127,147.1600000000035,120.99000000000524,680.0,0.6056617647058695,0.37345995449240554,0.6265400455075943,160.5006177447145,4,2,4,2,False,False,1,1,low_vol,bull_stable
2025-04-30 08:00:00,94620.99,95228.45,94527.58,95176.66,1661.24557,1746014399999,157693570.6036822,261424.0,891.12829,84611835.1049226,0,0.0058725870443756545,0.005855410618974299,94877.62000000001,66.71199999999953,94894.849,38.945999999996275,94575.074,51.02249999999185,93828.08579999999,140.38219999997818,89432.141,111.95350000000326,85849.90994999999,41.94749999999476,0.005806366134843467,0.006724327908449682,0.007413715789482385,95630.0,92800.01,0.8398086212318787,57.81399266147991,415.14344216135214,495.2542015085885,-80.11075934723635,94575.074,95644.20667157855,93505.94132842144,0.7813430063416638,2381.6847070000003,0.6975086018386227,9.75580921190845,555.6699999999983,51.7899999999936,93.41000000000349,700.8699999999953,0.7928289126371537,0.5364217705633971,0.4635782294366028,157.3662586200305,8,2,4,2,False,False,1,1,low_vol,bull_stable
2025-04-30 12:00:00,95176.66,95214.9,92910.0,94004.63,8257.162,1746028799999,775638255.9507765,1239978.0,3853.48116,361978704.2705082,0,-0.012314258558768443,-0.012390707295339611,94618.388,-259.2320000000036,94794.19399999999,-100.65500000001339,94572.00649999999,-3.0675000000046566,93938.64180000001,110.55600000002596,89534.5873,102.44629999999597,85893.86815000001,43.95820000002277,0.00699543604733703,0.007313014353381902,0.007661680908349544,95630.0,92800.01,0.42566228149216345,46.10008935334484,321.57532873991295,460.5184269548534,-138.94309821494045,94572.00649999999,95647.62173594141,93496.39126405856,0.23625489810796946,3048.6361810000003,2.7084773353609948,-101.68082782963755,1172.0299999999988,38.23999999999069,1094.6300000000047,2304.899999999994,0.5084949455507839,0.46668348761959616,0.5333165123804039,150.16999787578348,12,2,4,2,False,False,1,1,low_vol,bull_stable
2025-04-30 16:00:00,94004.63,94500.0,93528.71,94152.01,2035.58804,1746043199999,191403521.3398033,601892.0,974.58383,91629631.3615201,0,0.001567795118176507,0.0015665674104388407,94597.426,-20.961999999999534,94743.519,-50.67499999998836,94583.6065,11.60000000000582,94049.4,110.75819999998203,89630.4471,95.85980000000563,85938.3519,44.483749999984866,0.006970903975740659,0.0073116033639942565,0.007661694729755547,95630.0,92800.01,0.4777402040289886,42.996714155513885,256.35911077453056,419.6865637187889,-163.3274529442583,94583.6065,95634.33156985456,93532.88143014543,0.29461968102667563,3016.6521340000004,0.6747838164889316,3.1913849917304846,147.3799999999901,347.99000000000524,475.91999999999825,971.2899999999936,0.15173635062647725,0.4787726253294355,0.5212273746705645,295.68458262311265,16,2,4,2,False,False,1,1,low_vol,bull_stable
2025-04-30 20:00:00,94152.01,94784.1,94005.0,94172.0,2094.66545,1746057599999,197769624.6812684,426558.0,1031.79059,97442345.2978696,0,0.00021231623201667382,0.00021229369611525364,94425.258,-172.16800000000512,94668.958,-74.56100000000151,94597.1525,13.546000000002095,94114.1478,64.74780000001192,89726.3595,95.91240000000107,85988.9561,50.60420000000158,0.006885380686895732,0.007311145145964374,0.006763790066782411,95630.0,92800.01,0.48480383322909365,52.46270904543019,203.93695583553927,376.536642142139,-172.59968630659972,94597.1525,95617.3710188343,93576.9339811657,0.29163655033150376,2916.428481,0.7182296646896584,0.4447314756795105,19.99000000000524,612.1000000000058,147.00999999999476,779.1000000000058,0.025657810293935424,0.4925801349327646,0.5074198650672354,203.6401564746294,20,2,4,2,False,False,1,1,low_vol,bull_stable
2025-05-01 00:00:00,94172.0,95040.3,94130.43,94782.6,2877.4378,1746071999999,272640356.2656165,353264.0,1750.92805,165924948.3388107,0,0.006483880558977306,0.006462950628157958,94457.58,32.322000000000116,94634.244,-34.713999999992666,94614.6075,17.455000000001746,94181.504,67.35619999999471,89824.91,98.55049999999756,86043.91545,54.95935000000463,0.007214446425235627,0.007345555964108977,0.0067824558763817525,95630.0,92800.01,0.700564312948105,49.96477374020181,209.25023095929646,343.07935990557047,-133.829128946274,94614.6075,95634.98232982005,93594.23267017995,0.5823190140968265,2967.081436,0.9697872680835984,18.656963011086432,610.6000000000058,257.6999999999971,41.570000000006985,909.8700000000099,0.6710848802576184,0.6085024843977513,0.39149751560224866,122.77033407985395,0,3,5,2,False,False,1,1,low_vol,bull_stable
2025-05-01 04:00:00,94782.6,95180.0,94714.38,95025.84,1880.34885,1746086399999,178617836.1511623,225192.0,906.07052,86071326.1175435,0,0.0025662938134214386,0.0025630065043858083,94427.416,-30.164000000004307,94652.51800000001,18.27400000000489,94678.4345,63.82700000000477,94213.161,31.656999999991967,89934.1568,109.24679999999353,86096.92275,53.007299999997485,0.007200652424742714,0.007146362273611108,0.0060440633335289585,95630.0,92800.01,0.7865151466966306,50.1119343725567,230.43219601683086,320.54992712782257,-90.11773111099171,94678.4345,95628.16134707246,93728.70765292755,0.6828975884333882,2867.891485,0.6556555085277225,4.825527620829117,243.2399999999907,154.1600000000035,68.22000000000116,465.61999999999534,0.522400240539481,0.4818629904764746,0.5181370095235254,119.76075609587018,4,3,5,2,False,False,1,1,low_vol,bull_stable
2025-05-01 08:00:00,95025.84,96396.31,94913.04,96180.01,4237.08588,1746100799999,406019531.3927888,477152.0,2504.92488,240021312.7543669,0,0.01214585422238823,0.012072685205983404,94862.492,435.07600000000093,94740.44,87.92199999999139,94794.9385,116.50400000000081,94273.383,60.22200000000885,90046.72619999999,112.56939999999304,86156.9913,60.06854999999632,0.008044038014204443,0.007591753809386422,0.006249410395024557,96396.31,92910.0,0.9379573245064257,60.34831563093951,336.47228606457065,323.7343989151722,12.737887149398432,94794.9385,95878.91323116765,93710.96376883236,1.1388855109694322,2982.442661,1.4206763923432222,51.46302742621955,1154.1699999999983,216.3000000000029,112.80000000000291,1483.270000000004,0.7781253581613564,0.5911904905736771,0.40880950942632294,112.61324729155596,8,3,5,2,False,False,1,1,low_vol,bull_stable
2025-05-01 12:00:00,96180.01,97424.02,95769.66,96854.3,7399.49215,1746115199999,714263174.3505102,982427.0,3499.80115,338093659.6353524,0,0.007010708358212936,0.006986247600653071,95402.95,540.4579999999987,95000.188,259.7479999999923,94903.029,108.09049999999115,94327.7926,54.409599999999045,90169.35339999999,122.62720000000263,86222.60369999999,65.61239999999816,0.007033051604886892,0.0074986019147597165,0.006160697660218284,97424.02,92910.0,0.8737887736430054,62.46956154459315,469.5072023576504,352.88895960366784,116.61824275398254,94903.029,96323.04076817373,93483.01723182626,1.1870615595353569,3405.5639779999997,2.1727655677006346,51.87568146253601,674.2900000000081,569.7200000000012,410.34999999999127,1654.3600000000006,0.4075835972823375,0.47297856110300757,0.5270214388969925,132.7695171620663,12,3,5,2,False,False,1,1,low_vol,bull_stable
2025-05-01 16:00:00,96854.31,97367.26,96424.44,96523.26,3200.80242,1746129599999,310001362.5674403,513785.0,1423.93074,137935994.5820509,0,-0.0034179174285500213,-0.0034237718520882254,95873.202,470.2520000000077,95149.23,149.04200000000128,94963.19249999999,60.16349999999511,94388.9376,61.145000000004075,90280.78640000001,111.43300000001909,86293.7522,71.14850000001024,0.0069876868880313515,0.007449126967305836,0.006088649675038475,97424.02,92910.0,0.8004528114629513,58.83699575627362,541.9785789136804,390.7068834656704,151.27169544801,94963.19249999999,96549.778230861,93376.60676913898,0.9916429883537973,3549.1484599999994,0.9018508118423427,-10.940078376663084,331.0500000000029,512.9499999999971,98.81999999999243,942.8199999999924,0.3511274686578621,0.44486680311870047,0.5551331968812995,160.51756171816442,16,3,5,2,False,False,1,1,low_vol,bull_stable
2025-05-01 20:00:00,96523.26,96885.77,96184.19,96489.91,1785.28633,1746143999999,172315353.5457491,373896.0,840.21774,81109957.4306391,0,-0.0003455125738603959,-0.00034557227708228235,96214.664,341.46199999999953,95336.122,186.8920000000071,95096.0125,132.82000000000698,94454.8302,65.89259999999194,90388.51780000002,107.73140000000421,86364.1306,70.37840000000142,0.006721437243553377,0.006405833757332028,0.0060688767909636105,97424.02,92910.0,0.7930647183663343,60.78985335375807,589.921354518403,430.5497776762169,159.37157684218607,95096.0125,96728.4996926645,93463.5253073355,0.9269244825513536,3542.911449,0.5039037401016341,-0.6168388749560801,33.34999999999127,362.5100000000093,305.72000000000116,701.5800000000017,0.04753556258729038,0.4706347244590172,0.5293652755409828,209.43195145621263,20,3,5,2,False,False,1,1,low_vol,bull_stable
2025-05-02 00:00:00,96489.9,97233.1,96466.21,97102.32,2134.18118,1746158399999,206858644.7809263,431883.0,1140.88853,110555097.865335,0,0.006346881243852298,0.00632682461305885,96629.95999999999,415.29599999998754,95528.68800000001,192.56600000000617,95211.7685,115.7560000000085,94526.91900000001,72.08880000001227,90503.6487,115.1308999999892,86435.85020000002,71.71960000001127,0.006753567957844433,0.006184555043647145,0.00611097814305229,97424.02,92910.0,0.9287331469510555,61.569019305138454,669.6138270916854,478.36258755931067,191.2512395323747,95211.7685,97065.39846115268,93358.13853884733,1.0099592528231374,3590.20501,0.5944454910111108,13.545394502324566,612.4200000000128,130.77999999999884,23.689999999987776,766.8899999999994,0.7985760669718125,0.5345790416912963,0.4654209583087037,202.36473081446627,0,4,5,2,False,False,1,1,low_vol,bull_stable
2025-05-02 04:00:00,97102.32,97309.78,96350.0,96350.0,2432.89056,1746172799999,235390194.1600451,347651.0,1119.22965,108326319.7543953,0,-0.007747703659397698,-0.007777873045397041,96663.95800000001,33.99800000002142,95763.225,234.53699999999662,95278.7095,66.94099999999162,94580.0974,53.17839999998978,90617.9673,114.3185999999987,86504.3575,68.50729999998293,0.005757088988432536,0.006492255067415709,0.006225202354493846,97424.02,92910.0,0.7620701724848354,63.96503503968315,664.40589161955,515.5712483713586,148.83464324819136,95278.7095,97197.3958602521,93360.0231397479,0.7791729076187421,3007.7778659999994,0.8088664350853363,-18.849315094626114,752.320000000007,207.45999999999185,0.0,959.7799999999988,0.7838462981099917,0.4600411002457916,0.5399588997542084,142.89627561381144,4,4,5,2,False,False,1,1,low_vol,bull_stable
2025-05-02 08:00:00,96350.01,97100.0,96350.0,96928.97,1860.2708,1746187199999,180012083.6963695,289089.0,978.24871,94669795.4844124,0,0.006009029579657543,0.005991047362571591,96678.89199999999,14.933999999979278,96040.921,277.6959999999963,95392.22,113.51050000000396,94665.1978,85.10039999999572,90747.2718,129.30449999999837,86573.5583,69.20080000000598,0.005849274100596969,0.0065069716482663515,0.006047332175403238,97424.02,92910.0,0.8903305700905174,62.991979236184335,698.939664208403,552.2449315387674,146.69473266963553,95392.22,97421.88302989784,93362.55697010216,0.8785726934380208,2990.246142,0.6221129337385497,11.178422263373202,578.9600000000064,171.02999999999884,0.00999999999476131,750.0,0.7719466666666752,0.5258636054492711,0.47413639455072887,155.4015684168133,8,4,5,2,False,False,1,1,low_vol,bull_stable
2025-05-02 12:00:00,96928.97,97895.68,96650.94,97330.19,5047.18173,1746201599999,490735922.0162007,893008.0,2705.84713,263139233.1023472,0,0.004139319751360171,0.004130776335197885,96840.278,161.38600000001315,96356.74,315.81900000000314,95512.849,120.62900000000081,94767.73059999998,102.53279999998631,90884.1338,136.8619999999937,86644.82629999999,71.26799999998184,0.005778206072442982,0.006531875575499414,0.006001236223398258,97895.68,92910.0,0.8865771569775855,68.59008492207695,750.0370682115463,591.8033588733233,158.23370933822298,95512.849,97704.08623892358,93321.61176107642,0.9146837612372694,3285.4977699999995,1.536200016961205,20.8918990236932,401.22000000000116,565.4899999999907,278.02999999999884,1244.7399999999907,0.32233237463245673,0.5361105018106808,0.46388949818931924,176.93200835072764,12,4,5,2,False,False,1,1,low_vol,bull_stable
2025-05-02 16:00:00,97330.19,97783.02,96769.84,96924.23,2332.70775,1746215999999,227061138.6825314,514710.0,961.16141,93553914.0611553,0,-0.004170956616852406,-0.00417967931952777,96927.142,86.8640000000014,96570.90299999999,214.1629999999859,95602.5735,89.72449999999662,94853.81640000001,86.08580000002985,91016.41949999999,132.28569999999308,86713.88865000001,69.06235000002198,0.006103015569075213,0.006638570359885298,0.006026031899870446,97895.68,92910.0,0.8051519551996922,62.24308074715172,749.1389423654327,623.2704755717452,125.8684667936875,95602.5735,97873.27648088685,93331.87051911314,0.7910236413843537,3231.0247649999997,0.7219714857245919,-9.729622825045388,405.9600000000064,452.83000000000175,154.38999999999942,1013.1800000000076,0.4006790501194293,0.41203678857756615,0.5879632114224338,220.64915761522204,16,4,5,2,False,False,1,1,low_vol,bull_stable
2025-05-02 20:00:00,96924.23,97136.0,96561.57,96887.14,1098.51609,1746230399999,106329668.2479845,221922.0,534.95988,51778456.9569747,0,-0.0003826700506157632,-0.0003827432874838823,96884.106,-43.036000000007334,96757.033,186.13000000000466,95704.7755,102.20200000000477,94927.50899999999,73.6925999999803,91151.6592,135.23970000000554,86784.6765,70.78784999999334,0.0061572332616649135,0.006581612206557416,0.005978533909156625,97895.68,92910.0,0.7977126490268138,74.012792338592,736.9393401513516,646.0042484876665,90.93509166368517,95704.7755,98015.20235734085,93394.34864265916,0.7558757695019225,3152.841489,0.34842097004642664,-0.42036920776253034,37.08999999999651,211.77000000000407,325.56999999999243,574.429999999993,0.06456835471684445,0.4869841096273792,0.5130158903726207,202.01979927303566,20,4,5,2,False,False,1,1,low_vol,bull_stable
2025-05-03 00:00:00,96887.13,96935.67,96300.02,96337.5,2058.72462,1746244799999,198784328.9424419,206456.0,723.21385,69854276.7243251,0,-0.005672992308370373,-0.005689144847021539,96881.606,-2.5,96772.78199999999,15.748999999996158,95756.611,51.83550000000105,94983.1366,55.62760000000708,91274.5531,122.89390000001004,86853.61995,68.94344999999157,0.005415177201391218,0.006685606157681767,0.006031239223941757,97895.68,92910.0,0.6874689109609933,67.06270328170646,675.13715220413,651.8308292309592,23.306322973170722,95756.611,98075.37840747337,93437.84359252664,0.625258143211733,2935.005363,0.701438111818537,-11.679128934312718,549.6300000000047,48.5399999999936,37.479999999995925,635.6499999999942,0.8646739557932978,0.3512921752497427,0.6487078247502572,100.2834463601062,0,5,5,2,False,False,1,1,low_vol,bull_stable
2025-05-03 04:00:00,96337.5,96593.0,96132.67,96322.68,1508.87428,1746259199999,145379043.828817,186930.0,658.71544,63465815.5051431,0,-0.00015383417672254485,-0.00015384601041314172,96760.348,-121.25800000000163,96719.62000000001,-53.16199999998207,95859.90400000001,103.29300000000512,95029.9808,46.84420000000682,91389.3141,114.7609999999986,86923.2834,69.66345000000729,0.004855598287697237,0.006118529983541694,0.00600525538666439,97895.68,92910.0,0.6844963976829636,66.80449811849118,617.8405416790338,645.0327717205741,-27.19223004154037,95859.90400000001,98079.28812839015,93640.51987160987,0.6042577519772713,2345.943576,0.643184386630789,-0.23211643264162263,14.820000000006985,255.5,190.00999999999476,460.33000000000175,0.03219429539679562,0.4365608511797285,0.5634391488202716,123.8870610214126,4,5,5,2,False,False,1,1,low_vol,bull_stable
2025-05-03 08:00:00,96322.68,96421.91,95852.29,95942.02,2622.43769,1746273599999,252005021.0264537,243580.0,1025.05012,98537310.8040129,0,-0.003951924925676753,-0.003959754415497447,96482.71399999999,-277.63400000000547,96661.49600000001,-58.12399999999616,95905.363,45.45899999998801,95082.58459999999,52.603799999982584,91505.3942,116.08009999999194,86995.3435,72.06010000000242,0.004893558218205322,0.005976129803585754,0.00593960022477158,97895.68,92910.0,0.6081457293689142,59.39687284209568,535.5430771174579,623.134832799951,-87.59175568249316,95905.363,98090.39778633768,93720.32821366232,0.5083881959750048,2288.107103,1.146116668473102,-10.363676873145167,380.65999999998894,99.23000000001048,89.73000000001048,569.6200000000099,0.6682700747866689,0.3908768257521497,0.6091231742478502,92.88304577410187,8,5,5,2,False,False,1,1,low_vol,bull_stable
2025-05-03 12:00:00,95942.01,96509.44,95880.65,96418.68,1447.96366,1746287999999,139288786.5967755,181434.0,690.06838,66399060.599369,0,0.004968208924514883,0.004955908099777531,96381.60399999999,-101.11000000000058,96654.37299999999,-7.12300000002142,95995.2475,89.88450000000012,95135.51299999999,52.92840000000433,91629.27719999998,123.88299999998708,87067.76934999999,72.42584999998508,0.005202187850996354,0.005942571688759039,0.005940109992819069,97895.68,92910.0,0.7037515444232277,60.87714366038794,502.9861111262726,599.1050884652153,-96.11897733894273,95995.2475,98104.40481267784,93886.09018732216,0.6003795443456977,2254.374836,0.6422905529628614,7.193785977985233,476.66999999999825,90.76000000000931,61.36000000000058,628.7900000000081,0.7580750329998761,0.4765785213145474,0.5234214786854525,125.30286844353539,12,5,5,2,False,False,1,1,low_vol,bull_stable
2025-05-03 16:00:00,96418.68,96428.33,95869.68,96354.34,899.94616,1746302399999,86537419.9912564,188230.0,339.11193,32606276.9511909,0,-0.0006672980795837669,-0.0006675208220431974,96275.04400000001,-106.55999999998312,96579.57499999998,-74.79800000000978,96054.13149999999,58.88399999999092,95169.8864,34.373400000011316,91752.8783,123.60110000001441,87138.51350000002,70.74415000002773,0.0046897321900711735,0.005836916402562848,0.0058099404537843265,97895.68,92910.0,0.6908465846183472,51.64066955655902,466.6139456217643,572.6068598965252,-105.99291427476089,96054.13149999999,98132.59764117165,93975.66535882832,0.5722187612425516,2130.9513340000003,0.4223213105062867,-0.6005323442967854,64.33999999999651,9.650000000008731,484.6600000000035,558.6500000000087,0.11517050031324712,0.3768135751587628,0.6231864248412371,209.1569566783862,16,5,5,2,False,False,1,1,low_vol,bull_stable
2025-05-03 20:00:00,96354.34,96441.49,95753.01,95856.42,1185.40197,1746316799999,113911544.5794053,174609.0,493.24518,47408551.8602735,0,-0.005167592866081594,-0.005180991051606939,96178.828,-96.2160000000149,96530.217,-49.35799999997835,96146.721,92.58950000001641,95185.79040000001,15.904000000009546,91864.74270000002,111.8644000000204,87200.7017,62.18819999998959,0.0043190967678580616,0.005185043049705659,0.005830793476327539,97895.68,93528.71,0.5330263317586333,40.28619266412267,393.0795829544513,536.7014045081105,-143.62182155365917,96146.721,97992.75682410983,94300.68517589018,0.4213717859077865,2006.202475,0.5908685612602486,-6.125674763611067,497.91999999999825,87.15000000000873,103.41000000000349,688.4800000000105,0.7232163606785827,0.4160995109532339,0.5839004890467661,147.299400894365,20,5,5,2,False,False,1,1,low_vol,bull_stable
2025-05-04 00:00:00,95856.42,96304.48,95588.0,95722.23,1523.29654,1746331199999,146089548.9468605,359717.0,739.78812,70928728.5513138,0,-0.0013999062347623825,-0.0014008870189395643,96058.73799999998,-120.09000000001106,96409.54299999999,-120.67400000001362,96225.232,78.5109999999986,95194.415,8.624599999981001,91976.345,111.6022999999841,87267.0015,66.29979999999341,0.003663170478906582,0.005209999775267208,0.005825934995730851,97895.68,94005.0,0.44137014609271363,41.89167029385267,320.283035759785,493.41773075844543,-173.13469499866045,96225.232,97832.14603147704,94618.31796852297,0.3434882046746268,1972.5050489999999,0.7722649636675278,-2.1324723237379652,134.19000000000233,448.0599999999977,134.22999999999593,716.4799999999959,0.18729064314426513,0.485649445511115,0.514350554488885,236.14377801974132,0,6,5,2,False,False,1,1,low_vol,bull_stable
2025-05-04 04:00:00,95722.22,96142.86,95692.7,95879.99,1780.05807,1746345599999,170780495.5883457,244271.0,586.09527,56219983.2573138,0,0.0016481020135030722,0.0016467453837512274,96046.33200000001,-12.405999999973574,96264.523,-145.01999999998952,96310.6315,85.39949999999953,95219.24119999999,24.82619999999588,92089.8278,113.48279999999795,87333.65139999999,66.64989999998943,0.0033253751461563533,0.005210784478366143,0.00574230486089019,97895.68,94130.43,0.4646597171502589,43.977835527926786,272.18359809149115,449.1709042250546,-176.98730613356344,96310.6315,97610.25810608293,95011.00489391708,0.3343210665338899,1645.7926830000001,1.081580984280023,2.9337172893193926,157.77000000000407,262.86999999999534,29.520000000004075,450.1600000000035,0.3504753865292404,0.3292562640948,0.6707437359052,137.2264220571186,4,6,5,2,False,False,1,1,low_vol,bull_stable
2025-05-04 08:00:00,95879.99,95923.54,95286.78,95423.2,2146.9622,1746359999999,205043536.6575821,276306.0,807.53538,77139287.7073711,0,-0.0047641848940536136,-0.0047755697971541685,95847.236,-199.096000000005,96114.42000000001,-150.10299999998824,96342.6615,32.029999999998836,95232.9054,13.664200000013807,92195.5692,105.74139999999898,87395.9532,62.301800000015646,0.003383203779022429,0.005184696416176327,0.0057849740041121854,97895.68,94714.38,0.2228082859208484,32.895235456386416,194.95795777483727,398.3283149350111,-203.37035716017385,96342.6615,97508.40275788415,95176.92024211586,0.10563225596525021,1627.218128,1.3194065153630097,-10.228524881344113,456.79000000000815,43.54999999998836,136.41999999999825,636.7599999999948,0.7173660405804572,0.37612929561591724,0.6238707043840828,128.69625743760184,8,6,5,2,False,False,1,1,low_vol,bull_stable
2025-05-04 12:00:00,95423.19,95690.48,95209.07,95467.6,1981.94879,1746374399999,189233532.3924121,216919.0,718.93087,68649057.7483782,0,0.0004652956513719886,0.0004651874349175249,95669.888,-177.34799999999814,95972.466,-141.95400000001246,96364.7495,22.088000000003376,95250.85119999999,17.945799999986775,92300.7661,105.19689999999537,87456.0637,60.11049999999523,0.003426189020928792,0.005158638058929015,0.005778239645154818,97895.68,94913.04,0.1859292438913219,39.496288466391555,135.7736759566469,345.81738713933834,-210.04371118269142,96364.7495,97438.55055994625,95290.94844005376,0.08225525497017447,1715.5613980000003,1.1552770960634542,0.9221921532289745,44.41000000000349,222.8799999999901,214.11999999999534,481.40999999998894,0.0922498494007281,0.36273937733779693,0.637260622662203,109.44732835402877,12,6,5,2,False,False,1,1,low_vol,bull_stable
2025-05-04 16:00:00,95467.6,95640.98,95239.33,95584.07,863.77274,1746388799999,82442185.0649048,157210.0,390.34056,37258210.2757586,0,0.0012199950559141914,0.0012192514666679872,95615.418,-54.470000000001164,95897.12299999999,-75.34300000000803,96334.95249999998,-29.79700000002049,95279.6514,28.80020000001241,92408.3268,107.56070000000182,87514.33254999999,58.26884999999311,0.003170404863539995,0.004346571631426951,0.005739552479868388,97895.68,95209.07,0.1395811077901154,32.01004836914662,97.148000162284,296.0835097439275,-198.9355095816435,96334.95249999998,97462.08729110839,95207.81770889158,0.16690651999945125,1596.06621,0.5411885387887512,1.0537984722334544,116.47000000000116,56.90999999998894,228.27000000000407,401.6499999999942,0.2899788372961605,0.45190192040559185,0.5480980795944081,182.00389144024157,16,6,5,2,False,False,1,1,low_vol,bull_stable
2025-05-04 20:00:00,95584.07,95758.08,94151.38,94277.62,2740.34508,1746403199999,259953105.2030536,420303.0,1142.64466,108378203.3168268,0,-0.013668072514593788,-0.013762340578454484,95326.49600000001,-288.9219999999914,95692.617,-204.50599999999395,96206.11850000001,-128.83399999997346,95277.739,-1.912400000001071,92504.55619999999,96.22939999999653,87559.3163,44.98375000001397,0.005141352859479821,0.004935196055944576,0.006061225824109635,97895.68,94151.38,0.03371524717570469,17.128242680077193,-38.43961477818084,229.17888483950583,-267.61849961768667,96206.11850000001,97632.59647230466,94779.64052769536,-0.1759650472850581,1719.2132900000001,1.5939529411152933,-37.455235268450316,1306.4500000000116,174.00999999999476,126.23999999999069,1606.699999999997,0.8131262836870692,0.41697108453217135,0.5830289154678286,153.3759390623899,20,6,5,2,False,False,1,1,low_vol,bull_stable
2025-05-05 00:00:00,94277.61,94808.4,93514.1,94031.47,4140.14024,1746417599999,389989190.9722764,580848.0,2141.95329,201816026.9521152,0,-0.0026109059605025076,-0.002614320319812048,94956.79199999999,-369.704000000027,95501.562,-191.05499999999302,96081.52900000001,-124.58950000000186,95272.2184,-5.520600000003469,92598.1798,93.62360000000626,87604.6136,45.29729999999108,0.005105968955417458,0.004920552911220872,0.0060717381231833725,97895.68,93514.1,0.11807841007125212,17.73878403154805,-163.8670667710976,150.56969451738516,-314.4367612884828,96081.52900000001,97797.31046524738,94365.74753475263,-0.09741261970808099,1870.9835449999998,2.212814886087093,-10.809516829932281,246.13999999999942,530.7899999999936,517.3699999999953,1294.2999999999884,0.19017229390404206,0.517362496396982,0.48263750360301805,140.29669680947814,0,0,5,2,False,False,1,1,low_vol,bull_stable
2025-05-05 04:00:00,94031.47,94825.46,94020.66,94761.91,2335.74375,1746431999999,220813256.5056101,272908.0,1167.41069,110350658.015592,0,0.007768037658030913,0.007738021796190308,94824.53400000001,-132.25799999997253,95335.885,-165.6770000000106,95995.12899999999,-86.40000000002328,95274.89660000001,2.678200000009383,92702.05300000001,103.87320000001637,87652.63145,48.01785000000382,0.005584698863250066,0.005321139929757041,0.006153146488566469,97895.68,93514.1,0.28478539704855355,29.47308028875605,-202.00028908153763,80.0556977976006,-282.05598687913823,95995.12899999999,97796.2323891427,94194.02561085728,0.15764902574888467,1959.761554,1.1918509908680452,18.144145409510344,730.4400000000023,63.55000000000291,10.809999999997672,804.8000000000029,0.9076043737574548,0.49980255325525325,0.5001974467447468,116.83987166828553,4,0,5,2,False,False,1,1,low_vol,bull_stable
2025-05-05 08:00:00,94761.91,94798.01,93888.0,94038.18,2541.09717,1746446399999,239838651.6840155,260051.0,1115.11162,105262160.7835625,0,-0.007637351336628906,-0.007666665253517494,94538.65,-285.88400000002,95104.269,-231.61599999999453,95841.92199999999,-153.20699999999488,95272.536,-2.3606000000145286,92796.8065,94.75349999999162,87700.07234999999,47.44089999998687,0.005866867146175693,0.0052383303016279486,0.006208583416423335,97895.68,93514.1,0.11960982111475511,28.51416055229336,-287.30819500473444,6.582919237133595,-293.891114241868,95841.92199999999,97763.71959701295,93920.12440298703,0.030714888289083475,2123.876655,1.1964429120767373,-19.40725186780343,723.7300000000105,36.09999999999127,150.17999999999302,910.0099999999948,0.7952989527587769,0.4388307669478062,0.5611692330521938,102.33807784690107,8,0,5,2,False,False,1,1,low_vol,bull_stable
2025-05-05 12:00:00,94038.19,94531.74,93613.66,93770.31,4184.72517,1746460799999,393585089.8274001,752948.0,2065.15651,194279542.2099516,0,-0.002848523865519259,-0.0028525886305139866,94175.898,-362.75199999999313,94895.658,-208.61100000000442,95712.93749999999,-128.98450000000594,95266.62260000002,-5.913399999975809,92889.76270000002,92.95620000001509,87746.79225000001,46.71990000002552,0.005791305299970347,0.005046193890128888,0.0062202432425546095,97895.68,93514.1,0.058474340306463105,27.22655755081803,-372.23925297871756,-69.18151520603664,-303.0577377726809,95712.93749999999,97827.74228223648,93598.1327177635,0.04070760660339004,2423.808975,1.7265078284479907,-11.920289517384138,267.88000000000466,493.5500000000029,156.64999999999418,918.0800000000017,0.29178285116765873,0.4934987188178955,0.5065012811821045,179.92770598122698,12,0,5,2,False,False,1,1,low_vol,bull_stable
2025-05-05 16:00:00,93770.32,94900.0,93759.63,94347.17,2339.27872,1746475199999,220781948.4047265,420351.0,1037.15047,97903900.8446185,0,0.006151840598586089,0.0061329952766622665,94189.80799999999,13.90999999998894,94758.152,-137.50599999999395,95583.8475,-129.08999999998196,95275.1658,8.543199999985518,92984.39730000001,94.63459999999031,87795.69355000001,48.90129999999772,0.006368347453086712,0.005057235150300598,0.006277279284746411,97895.68,93514.1,0.19013004441320136,36.25136421708166,-388.52131545999146,-133.0494752568276,-255.47184020316385,95583.8475,97701.30365895013,93466.39134104988,0.20798037664846536,2505.407193,0.933692026803405,14.390869801104499,576.8499999999913,552.8300000000017,10.690000000002328,1140.3699999999953,0.5058445942983362,0.443363358599697,0.556636641400303,179.69256780141188,16,0,5,2,False,False,1,1,low_vol,bull_stable
2025-05-05 20:00:00,94347.16,95199.0,93876.0,94733.68,1710.19684,1746489599999,161991242.7819682,336194.0,872.86597,82687361.5336804,0,0.004096678257546005,0.004088309718861108,94330.25,140.44200000001,94643.521,-114.6310000000085,95454.022,-129.8255000000063,95291.81779999999,16.65199999998731,93079.56019999999,95.16289999998116,87835.57359999999,39.88004999997793,0.006544384230136625,0.005054813391164686,0.0063023055157135285,97783.02,93514.1,0.28568818342812413,35.244873797698105,-366.0176172278152,-179.64310365102514,-186.37451357679006,95454.022,97434.62144253228,93473.42255746771,0.31815050925213473,2498.42107,0.6845110540154067,7.006126210551884,386.5199999999895,465.320000000007,471.1600000000035,1323.0,0.29215419501132994,0.5103891842064214,0.4896108157935785,196.58204958442093,20,0,5,2,False,False,1,1,low_vol,bull_stable
2025-05-06 00:00:00,94733.68,94926.99,94012.78,94454.01,1586.4337,1746503999999,149820079.5559689,349717.0,760.79328,71849682.8040143,0,-0.002952170759121797,-0.002956537010614698,94268.67,-61.580000000001746,94546.60199999998,-96.91900000000896,95330.511,-123.5109999999986,95292.22799999999,0.41019999999844003,93171.9263,92.36610000001383,87873.34355,37.76995000001625,0.006458727145921833,0.0050261393715797095,0.006267333848675497,97136.0,93514.1,0.25950744084596217,33.964028279166556,-366.52523123707215,-217.01952916823456,-149.5057020688376,95330.511,97231.56834099501,93429.45365900498,0.2694701308848364,2442.36822,0.6495473069986147,-4.683423180425401,279.66999999999825,193.31000000001222,441.2299999999959,914.2100000000064,0.3059143960359177,0.47956197602206757,0.5204380239779324,220.44224098366038,0,1,5,2,False,False,1,1,low_vol,bull_stable
2025-05-08 08:00:00,99252.34,99888.0,99209.04,99409.14,3702.67483,1746705599999,368875320.9856716,341232.0,1768.77846,176199041.1428072,0,0.001579811619554894,0.0015785650299234087,98204.95599999999,497.04599999998754,97533.18599999999,444.56399999998393,95958.655,268.8834999999963,95845.9196,87.52599999999802,94695.76400000001,119.94040000002133,88820.23370000001,78.92565000001923,0.009613641950084016,0.007941808228924546,0.006809537256016182,99888.0,93377.0,0.92645369374904,78.7182325565221,918.4018314500863,465.1785722693203,453.22325918076604,95958.655,99648.31328218426,92268.99671781574,0.9675886946849357,3518.6505620000003,1.0522996713533839,5.8495287198674415,156.8000000000029,478.8600000000006,43.30000000000291,678.9600000000064,0.23094143984918322,0.4777028881037334,0.5222971118962666,92.15824118155145,8,3,5,2,False,False,1,1,low_vol,bull_stable
2025-05-08 12:00:00,99409.15,101525.03,99090.66,100758.08,7963.43171,1746719999999,798001833.064522,1136481.0,4413.18555,442426770.0962642,0,0.013569577203866867,0.0134783349767395,99120.57,915.614000000016,97925.592,392.40600000001723,96258.4635,299.8084999999992,95968.66139999998,122.74179999998887,94828.1825,132.41849999998522,88906.3974,86.16369999999006,0.008698015861054037,0.008232884063315462,0.0069956182021642015,101525.03,93377.0,0.9058729533396419,82.03187118502628,1121.1871349355933,596.3802848025749,524.8068501330184,96258.4635,100475.4485951095,92041.4784048905,1.0335110746796659,3885.028076,2.0497745586948493,108.06040139656655,1348.9300000000076,766.9499999999971,318.4899999999907,2434.3699999999953,0.5541187247624684,0.554181376912944,0.445818623087056,142.71246886852504,12,3,5,2,False,False,1,1,low_vol,bull_stable
2025-05-08 16:00:00,100758.08,101707.02,100596.0,101299.99,5099.76086,1746734399999,515951049.8407357,867663.0,2450.94163,247981791.2285781,0,0.0053783279713151,0.0053639164157197996,99974.468,853.8979999999865,98404.901,479.30899999999383,96621.55399999999,363.09049999999115,96091.12800000001,122.46660000002885,94959.6069,131.42440000000352,88995.6339,89.23649999999907,0.00830293150993452,0.00784434780003697,0.0069893448007481394,101707.02,93377.0,0.9511369720600913,87.90526632329366,1310.5167358437611,739.2075750108122,571.3091608329489,96621.55399999999,101262.78142487726,91980.32657512272,1.0040084843637809,3876.9629090000003,1.315400992916747,27.42818648035595,541.9100000000035,407.02999999999884,162.08000000000175,1111.020000000004,0.48775899623769287,0.4805993255926906,0.5194006744073094,170.13797780313956,16,3,5,2,False,False,1,1,low_vol,bull_stable
2025-05-08 20:00:00,101300.0,104145.76,101285.71,103261.6,7656.82539,1746748799999,786845703.003543,1399866.0,4232.64596,434893658.329458,0,0.019364365188979882,0.01917926166083443,100796.23000000001,821.762000000017,99031.579,626.6779999999999,97096.11850000001,474.56450000002224,96276.26739999998,185.13939999997092,95107.45460000001,147.847700000013,89098.85059999999,103.21669999998994,0.009483684695048147,0.008412110664471131,0.007166239970306329,104145.76,93377.0,0.9178958394466968,89.23035450736715,1600.3989389958297,911.4458478078158,688.9530911880139,97096.11850000001,102403.03754446057,91789.19945553945,1.0808908566671664,4425.549826,1.7301410425923422,148.2695630402133,1961.6000000000058,884.1599999999889,14.289999999993597,2860.0499999999884,0.6858621352773601,0.5527938465892063,0.44720615341079367,182.82590090512696,20,3,5,2,False,False,1,1,low_vol,bull_stable
2025-05-10 04:00:00,103226.25,104100.0,103034.5,103759.71,2472.72488,1746863999999,256087351.2019676,360934.0,1423.10708,147413699.9101966,0,0.00516796891953053,0.005154660799097121,103208.62000000001,160.2800000000134,102964.281,300.163000000015,100444.9365,346.2844999999943,97494.2932,145.39599999999336,95974.5617,105.64429999999993,89943.17775,126.64854999999807,0.008144972890297583,0.00821878441005816,0.007298497487842521,104361.3,95784.61,0.92985755577035,82.82461403380404,2011.1768693929043,1818.4420303349314,192.73483905797298,100444.9365,106125.0737491154,94764.7992508846,0.7917863912985762,4463.560468000001,0.5539803700940923,12.77896532638986,533.4600000000064,340.2899999999936,191.75,1065.5,0.5006663538245015,0.5755218024902147,0.42447819750978527,145.9660971260175,4,5,5,2,False,False,1,1,low_vol,bull_stable
2025-05-10 08:00:00,103759.71,104079.37,103366.0,103434.94,2876.2662,1746878399999,298211877.4404966,437344.0,1519.22559,157502119.0499922,0,-0.00313002031327958,-0.0031349290725473707,103316.41,107.7899999999936,103177.776,213.49499999999534,100791.3385,346.40200000000186,97620.94559999999,126.65239999999176,96073.9323,99.37059999999474,90071.8136,128.63584999999148,0.008308149537369065,0.008208048424190309,0.007292575273039868,104361.3,95784.61,0.8919909662119069,75.32998214777945,1964.7573770740855,1847.7050996827625,117.05227739132306,100791.3385,106302.77939659894,95279.89760340106,0.7398285266590944,4241.211002,0.678170974904021,-9.002771632399467,324.7700000000041,319.65999999998894,68.94000000000233,713.3699999999953,0.45526164542944925,0.5281936664972109,0.4718063335027891,152.0526855268125,8,5,5,2,False,False,1,1,low_vol,bull_stable
2025-05-10 12:00:00,103434.94,103825.4,103100.0,103138.77,1933.54411,1746892799999,200170553.6153308,267751.0,975.98717,101068225.5922463,0,-0.0028633457901169335,-0.0028674530068018684,103306.33,-10.080000000001746,103165.493,-12.282999999995809,101098.536,307.19749999999476,97756.72099999999,135.77539999999863,96168.4092,94.4768999999942,90211.8774,140.06380000000354,0.005766072335706806,0.008319513073816086,0.007201178321396974,104361.3,95784.61,0.8574589964193647,72.46660153653164,1882.3723346354236,1854.6385466732947,27.733787962128872,101098.536,106399.88407960872,95797.18792039127,0.6924259612236775,3668.882874,0.5270116753255613,-5.536405387373893,296.16999999999825,390.45999999999185,38.770000000004075,725.3999999999942,0.4082850840915366,0.5047659192010882,0.4952340807989118,138.47679947679083,12,5,5,2,False,False,1,1,low_vol,bull_stable
2025-05-10 16:00:00,103138.76,103619.68,103005.33,103191.35,2330.41287,1746907199999,240734847.1314196,325301.0,1253.72372,129508604.6312702,0,0.0005097985946507233,0.0005096686914949251,103350.202,43.87200000000303,103239.524,74.03100000000268,101405.732,307.1960000000108,97881.9686,125.24760000000242,96273.58319999998,105.17399999998452,90344.40605,132.52865000000747,0.005084011406187734,0.008320045446397596,0.00717109203420272,104361.3,95784.61,0.8635895666043664,72.13079262691146,1800.5685283414787,1843.8245430069317,-43.256014665452994,101405.732,106423.09988633872,96388.36411366129,0.6779436988128656,3528.5388209999996,0.6604469975307097,1.1880412060819587,52.59000000001106,428.3299999999872,133.42999999999302,614.3499999999913,0.08560266948809604,0.537983520490942,0.462016479509058,139.58942820290895,16,5,5,2,False,False,1,1,low_vol,bull_stable
2025-05-11 08:00:00,103385.46,104777.0,103380.95,104652.01,2472.65506,1746964799999,257788398.4243482,336695.0,1243.29686,129592878.0485499,0,0.012250657660114017,0.012176225631195813,104009.07800000001,302.64800000000105,103657.704,146.2839999999851,102784.07350000001,274.96100000001024,98469.4682,166.29019999998854,96726.3024,110.95889999999781,90850.28834999999,123.74004999999306,0.007639275418394105,0.008052634677477485,0.007670308689429883,104984.57,98723.25,0.946886598991904,63.43547526581364,1681.6200793747848,1779.903865446286,-98.28378607150125,102784.07350000001,105785.01635311941,99783.13064688061,0.8112249368658108,2592.361853,0.9538232701343489,30.291650651608684,1266.5499999999884,124.99000000000524,4.510000000009313,1396.050000000003,0.9072382794312422,0.5028185613564716,0.49718143864352843,136.1673957062171,8,6,5,2,False,False,1,1,low_vol,bull_stable
2025-05-11 12:00:00,104652.01,104888.0,103775.91,104150.0,4500.51294,1746979199999,469363926.815396,602440.0,2162.96928,225660253.3422519,0,-0.004796945610504699,-0.004808487880654366,104200.808,191.72999999999593,103775.505,117.80100000000675,103028.9565,244.88299999998708,98626.0146,156.546399999992,96827.99769999999,101.69529999999213,90973.55834999999,123.27000000000407,0.007823104395913575,0.008220910813476152,0.007720972976226328,104984.57,99090.66,0.8584012989679166,53.46785235729863,1619.386487071286,1747.800389771286,-128.4139027000001,103028.9565,105582.39115494562,100475.52184505438,0.7195167786707807,2910.629564,1.546233500705279,-21.5887157925526,502.00999999999476,235.99000000000524,374.0899999999965,1112.0899999999965,0.4514113066388479,0.4806050574315202,0.5193949425684797,133.86029726647115,12,6,5,2,False,False,1,1,low_vol,bull_stable
2025-05-11 16:00:00,104150.0,104832.82,103750.0,104420.0,2312.17239,1746993599999,240934842.0031322,496122.0,1173.17628,122285638.5886017,0,0.0025924147863658487,0.002589060275425337,104122.902,-77.90600000000268,103894.88100000001,119.37600000000384,103279.4995,250.54300000000512,98795.5742,169.55960000000778,96939.07939999999,111.08169999999518,91095.74835,122.19000000000233,0.007825483937535042,0.008218431634763695,0.007680422993310673,104984.57,99090.66,0.9042112960666168,60.27230906108618,1573.7118892600265,1712.9826896690342,-139.27080040900773,103279.4995,105255.49386283847,101303.50513716154,0.7885890064892936,2962.957355,0.7803596586019714,5.994109892462864,270.0,412.820000000007,400.0,1082.820000000007,0.24934892225854552,0.507391354154177,0.49260864584582303,214.5696411503296,16,6,5,2,False,False,1,1,low_vol,bull_stable
2025-05-11 20:00:00,104420.0,104578.62,103569.77,104118.0,1893.44005,1747007999999,196979707.2174427,472729.0,1051.33165,109378530.5340078,0,-0.002892166251675876,-0.0028963566459845012,104145.09599999999,22.19399999998859,103930.70999999999,35.82899999998335,103447.4955,167.99599999999919,98949.56060000001,153.98640000000887,97042.5368,103.45740000001388,91223.8484,128.1000500000082,0.0077838294044231095,0.007867641352288788,0.0076930925956667515,104984.57,100596.0,0.8025393237432682,58.308030985574604,1495.901741239708,1669.566499983169,-173.6647587434611,103447.4955,105058.49086753574,101836.50013246427,0.7081025537105154,2905.028872,0.6517801142184311,-5.476143412181483,302.0,158.61999999999534,548.2299999999959,1008.8499999999913,0.29935074589879823,0.5552495047308206,0.4447504952691794,249.66673753415114,20,6,5,2,False,False,1,1,low_vol,bull_stable
2025-05-12 00:00:00,104118.0,105086.42,103702.15,104100.13,4046.32885,1747022399999,422221885.9086791,685325.0,2147.81041,224230500.3651324,0,-0.0001716321865574688,-0.00017164691704670823,104288.028,142.93200000001525,103997.229,66.51900000001478,103587.5025,140.0069999999978,99104.47639999999,154.9157999999734,97137.18139999999,94.64459999998508,91360.07879999999,136.23039999998582,0.007691617781276623,0.00782776253972301,0.007690474270597483,105086.42,101285.71,0.7404984858092315,56.43416941184454,1416.466534201114,1618.9465068267582,-202.47997262564422,103587.5025,104864.82013099422,102310.18486900578,0.7006656322441077,3022.035137,1.3389416954353566,-0.6944802680560682,17.869999999995343,968.4199999999983,397.9800000000105,1384.270000000004,0.012909331272075022,0.5308047095578996,0.46919529044210034,169.369575584545,0,0,5,2,False,False,1,1,low_vol,bull_stable
2025-05-12 04:00:00,104100.13,105819.45,103750.0,104467.99,6956.58682,1747036799999,730018983.3617336,874969.0,3962.92658,416039069.594063,0,0.0035337131663524257,0.0035274842717529296,104251.224,-36.804000000003725,104130.151,132.92199999999139,103647.822,60.31949999999779,99276.70779999999,172.23140000000421,97231.2491,94.06770000001416,91500.80665000001,140.72785000002477,0.007631091690183218,0.006622498400357723,0.00763298588685613,105819.45,102315.14,0.6143434798861993,60.34612490594435,1367.4338616301247,1568.6439777874316,-201.21011615730686,103647.822,104973.36804646542,102322.27595353458,0.8093698639089121,3524.339408,1.9738697141963806,24.582582438707753,367.8600000000006,1351.4599999999919,350.13000000000466,2069.449999999997,0.1777573751479867,0.5696653664418724,0.4303346335581276,125.77561707193642,4,0,5,2,False,False,1,1,low_vol,bull_stable
2025-05-12 08:00:00,104467.99,104736.45,103625.0,103762.9,4195.60245,1747051199999,437679413.2024428,663617.0,2125.00337,221732501.3288337,0,-0.006749340156731343,-0.006772219960170253,104173.804,-77.41999999999825,104187.30600000001,57.15500000001339,103713.41500000001,65.59300000000803,99437.52120000002,160.8134000000282,97315.9681,84.71899999999732,91644.2545,143.44784999998228,0.008049208941779903,0.006552803481017658,0.007715093370189729,105819.45,102315.14,0.41313696562233243,53.49360727026528,1257.1881624747184,1506.3528147248892,-249.16465225017078,103713.41500000001,104913.5027585239,102513.32724147612,0.5206172422177077,3710.8583659999995,1.1306285598074484,-28.31754809746541,705.0900000000111,268.45999999999185,137.89999999999418,1111.449999999997,0.6343875118089098,0.5064834896356779,0.4935165103643221,158.1696568987369,8,0,5,2,False,False,1,1,low_vol,bull_stable
2025-05-12 12:00:00,103762.89,104629.96,102388.0,102527.26,7882.24448,1747065599999,815715248.0054992,1479231.0,4039.79147,418259139.4406145,0,-0.011908302485763245,-0.011979774291739272,103795.256,-378.5480000000098,103959.079,-228.2270000000135,103658.3395,-55.075500000006286,99570.4666,132.94539999998233,97394.85389999999,78.8857999999891,91768.4202,124.16569999999774,0.006952054298028974,0.006604849224547881,0.007949567465682084,105819.45,102315.14,0.060531174468010956,42.64890960863764,1057.9168236780533,1416.665616515522,-358.7487928374687,103658.3395,104970.64026605138,102346.03873394862,0.06904715395261771,4106.788457000001,1.919320793493698,-93.86415153457762,1235.6300000000047,867.070000000007,139.25999999999476,2241.9600000000064,0.5511382897107893,0.5125179103807752,0.4874820896192248,187.66621661549883,12,0,5,2,False,False,1,1,low_vol,bull_stable
2025-05-12 16:00:00,102527.27,103088.88,100718.37,101860.0,6054.64243,1747079999999,617480364.8862969,1157612.0,2988.87113,304965822.2933066,0,-0.006508122815337081,-0.006529392982759891,103343.65599999999,-451.6000000000058,103744.376,-214.70299999999406,103603.42400000001,-54.91549999998824,99699.2026,128.73600000000442,97466.054,71.20010000001639,91896.57015,128.14995000000636,0.006860350088389144,0.006606672283152366,0.007980805348482825,105819.45,100718.37,0.22380162632226985,40.97482481897384,836.5078052626777,1300.6340542649532,-464.1262490022755,103603.42400000001,105115.74550517612,102091.1024948239,-0.0764065359227286,4326.695619,1.3993687014663094,-39.404356537390946,667.2700000000041,561.6100000000006,1141.6300000000047,2370.5100000000093,0.2814879498504547,0.4936494870763161,0.5063505129236839,191.19411482735572,16,0,5,2,False,False,1,1,low_vol,bull_stable
2025-05-12 20:00:00,101859.99,103127.92,101770.2,102791.32,2137.37289,1747094399999,219233042.0184175,437653.0,1191.59501,122230763.5661893,0,0.009143137639898047,0.009101592202038315,103081.894,-261.7619999999879,103684.961,-59.41500000000815,103598.1905,-5.233500000016647,99845.67700000001,146.47440000000643,97548.2641,82.2100999999966,92024.23675000001,127.66660000001139,0.007534902245219353,0.0069503590818189645,0.008055459911274923,105819.45,100718.37,0.4063747284888712,48.14404497238904,727.7996819427935,1186.0671798005214,-458.2674978577279,103598.1905,105121.50439745489,102074.8766025451,0.23515947653727673,4245.155836,0.5034851422589802,19.542294521056668,931.3300000000017,336.59999999999127,89.79000000000815,1357.7200000000012,0.6859514480157919,0.5575045026420261,0.4424954973579739,204.76211804108735,20,0,5,2,False,False,1,1,low_vol,bull_stable
2025-05-13 00:00:00,102791.32,102791.32,101429.7,101719.4,3352.34144,1747108799999,342419286.384254,798827.0,1514.12973,154684006.7124818,0,-0.010428117860535435,-0.010482871667000017,102532.176,-549.7179999999935,103391.7,-293.2609999999986,103524.702,-73.4884999999922,99968.3836,122.70659999999043,97624.0175,75.75340000000142,92121.17335,96.93659999998636,0.006610014145170852,0.0072870164399685125,0.008230575093355801,105819.45,100718.37,0.19623883569753828,42.909511308075764,548.8261986358266,1058.6189835675825,-509.79278493175593,103524.702,105258.38379100386,101791.02020899615,-0.02065552322456151,4333.124474,0.7736545442243855,-34.958611645077085,1071.9200000000128,0.0,289.6999999999971,1361.62000000001,0.7872387303359271,0.45166333951949716,0.5483366604805028,238.2892716321879,0,1,5,2,False,False,1,1,low_vol,bull_stable
2025-05-13 04:00:00,101719.4,102943.28,101610.56,102665.5,3546.89229,1747123199999,363601013.9856538,454015.0,2136.47362,219051816.6185866,0,0.009301077277294345,0.009258088613037835,102312.696,-219.48000000001048,103243.25,-148.4499999999971,103509.3775,-15.324500000002445,100136.1412,167.75759999999718,97706.94009999999,82.92259999999078,92221.42474999999,100.25139999999374,0.007574269927908175,0.007609792714488177,0.008017590997172594,105819.45,100718.37,0.3817093635073365,38.95703088382694,477.8227436388115,942.4597355818285,-464.63699194301694,103509.3775,105268.85651021161,101749.8984897884,0.26019108636638105,4237.762409,0.8369728992987534,32.9899192835295,946.1000000000058,277.77999999999884,108.83999999999651,1332.7200000000012,0.7099015547151727,0.6023508596591751,0.3976491403408249,128.00360509396805,4,1,5,2,False,False,1,1,low_vol,bull_stable
2025-05-13 08:00:00,102665.5,103822.03,102540.18,103729.2,2797.46591,1747137599999,288841502.8440612,411752.0,1508.48758,155803277.6759636,0,0.010360832022441757,0.010307526479374182,102553.084,240.3880000000063,103174.17,-69.08000000000175,103534.5255,25.148000000001048,100330.0958,193.9545999999973,97801.1571,94.21700000000419,92331.19475,109.77000000000407,0.00838520353458796,0.007948271158241245,0.008083614103080273,105819.45,100718.37,0.5902338328353997,48.606512072080385,501.6015439273033,854.2880972509236,-352.6865533236203,103534.5255,105291.34062010271,101777.7103798973,0.5554055169984571,4286.291761,0.6526541042897522,28.98407438201717,1063.699999999997,92.83000000000175,125.32000000000698,1281.8500000000058,0.8298162811561355,0.5392335880153764,0.4607664119846236,147.18749512840355,8,1,5,2,False,False,1,1,low_vol,bull_stable
2025-05-13 12:00:00,103729.2,103966.0,102811.32,103682.55,4451.38278,1747151999999,460820760.5492674,899294.0,2168.73261,224587525.326739,0,-0.0004497287166969066,-0.00044982987498654633,102917.59400000001,364.5100000000093,103130.625,-43.544999999998254,103530.66750000001,-3.8579999999928987,100508.5086,178.41280000000552,97891.7026,90.54550000000745,92441.62844999999,110.43369999999413,0.008347538155463491,0.007865009143346145,0.008047340670163666,105819.45,100718.37,0.5810887106259863,51.58122878956266,510.79403368123167,785.5892845369852,-274.7952508557536,103530.66750000001,105285.73849870375,101775.59650129627,0.543269617044601,4542.086034,0.9800304852613895,-2.0019146651761086,46.64999999999418,236.8000000000029,871.2299999999959,1154.679999999993,0.040400803685864885,0.4872042502711933,0.5127957497288067,202.02576243061264,12,1,5,2,False,False,1,1,low_vol,bull_stable
2025-05-13 16:00:00,103682.54,104976.25,103532.18,104792.22,5053.45199,1747166399999,527482224.3490668,715366.0,2440.65494,254658939.9886228,0,0.01070257241937056,0.010645705281122473,103317.774,400.179999999993,103199.834,69.20900000000256,103598.53150000001,67.8640000000014,100723.5894,215.0807999999961,97998.0627,106.36009999999078,92556.1795,114.55105000000913,0.009056943572018398,0.008177980813710342,0.00802483050960608,105819.45,100718.37,0.7986249970594471,50.75895114153921,600.6957959251158,748.6105868146115,-147.91479088949563,103598.53150000001,105440.81515185063,101756.24784814939,0.8239697911884789,4642.798347999999,1.0884495968206114,54.084935890787264,1109.6800000000076,184.02999999999884,150.36000000000058,1444.070000000007,0.7684392030857246,0.48296786925643675,0.5170321307435632,141.55986866316306,16,1,5,2,False,False,1,1,low_vol,bull_stable
2025-05-13 20:00:00,104792.21,104928.0,103869.01,104103.72,2051.88968,1747180799999,214079330.0400637,424277.0,937.49997,97824098.3854012,0,-0.0065701442339899385,-0.006591822637279697,103794.638,476.8640000000014,103163.40699999999,-36.427000000010594,103646.77900000001,48.24749999999767,100930.2576,206.66820000000007,98098.44009999999,100.37739999999758,92682.9131,126.73360000000685,0.009266820795298178,0.008303639339040098,0.008089604139224627,105819.45,100718.37,0.6636535792420438,49.75444576265072,609.3630364760174,720.7610767468926,-111.39804027087519,103646.77900000001,105488.90713797612,101804.6508620239,0.6240253027408885,4152.3286339999995,0.49415397018404694,-13.481211149835461,688.4900000000052,135.7899999999936,234.7100000000064,1058.9900000000052,0.6501383393610911,0.4568958941301366,0.5431041058698635,206.77378717553663,20,1,5,2,False,False,1,1,low_vol,bull_stable
2025-05-14 00:00:00,104103.72,104115.86,103453.26,103587.44,3010.71837,1747195199999,312658133.1809115,507157.0,1379.63949,143258282.5751907,0,-0.0049592848363151365,-0.004971622898237575,103979.026,184.38799999999173,103145.861,-17.545999999987544,103666.5835,19.80449999998382,101115.063,184.80539999999746,98195.11439999999,96.67429999999877,92802.60359999999,119.69049999998242,0.009145115417419507,0.008392819127655892,0.008129240446777954,105819.45,100718.37,0.5624436393861704,45.69507728136707,568.0245721045067,690.2137758184155,-122.1892037139088,103666.5835,105496.57242967088,101836.5945703291,0.4783759620845836,4033.8402260000003,0.7463652998932635,-14.931009958756425,516.2799999999988,12.139999999999418,134.18000000000757,662.6000000000058,0.7791729550256479,0.4582426253306449,0.541757374669355,168.45049508898435,0,2,5,2,False,False,1,1,low_vol,bull_stable
2025-05-14 04:00:00,103587.44,103971.0,103381.02,103716.55,2102.25399,1747209599999,218031701.2132782,336510.0,993.45992,103036754.016037,0,0.0012463866275680413,0.0012456105325647044,103976.49600000001,-2.529999999984284,103264.79,118.92899999998917,103611.9345,-54.64899999999034,101294.72039999999,179.65739999999641,98293.2691,98.15470000001369,92923.14984999999,120.54624999999942,0.008155447939052096,0.0075744497802696,0.008123532783124837,105819.45,100718.37,0.5877539658268458,47.88643114593393,539.4630450658005,660.0636296678925,-120.600584602092,103611.9345,105361.73281789123,101862.13618210878,0.5298935880010668,3455.841177,0.6083190408145311,2.620221260887559,129.11000000000058,254.4499999999971,206.41999999999825,589.9799999999959,0.21883792670938249,0.47256893064572086,0.5274310693542792,160.071048313244,4,2,5,2,False,False,1,1,low_vol,bull_stable
2025-05-14 08:00:00,103716.55,104145.0,102875.22,103944.93,3535.76301,1747223999999,366035334.4245637,530488.0,1870.01331,193613500.3665459,0,0.002201962946125624,0.002199542178693046,104028.972,52.47599999998056,103473.283,208.4930000000022,103608.82949999999,-3.1050000000104774,101484.53880000001,189.8184000000183,98388.38339999999,95.11429999998654,93038.65955,115.50970000000962,0.00769476980561873,0.007402816521466692,0.008094056758605674,105819.45,100718.37,0.6325248770848519,49.20061643186485,529.1564008609275,633.8821839064996,-104.72578304557203,103608.82949999999,105355.89410318299,101861.764896817,0.5961900605700714,3203.953235,1.1035626148894149,7.785619134301605,228.3799999999901,200.07000000000698,841.3300000000017,1269.7799999999988,0.17985792814502538,0.5288853649724674,0.4711146350275326,150.03494252857178,8,2,5,2,False,False,1,1,low_vol,bull_stable
2025-05-14 12:00:00,103944.93,104356.95,102833.55,103514.24,5202.04446,1747238399999,539031189.727043,879190.0,2535.01997,262887346.8467024,0,-0.004143444033297139,-0.004152051883183401,103773.376,-255.59599999999045,103545.575,72.29200000000128,103615.268,6.438500000003842,101666.80380000001,182.26499999999942,98486.03279999999,97.64939999999478,93149.89695000001,111.23740000001271,0.007478915227895301,0.007336040469881086,0.008132489117130865,105819.45,100718.37,0.5480937370125559,45.11914156255021,480.6940853059932,603.2445641863983,-122.55047888040508,103615.268,105359.81400205905,101870.72199794094,0.47104461565337064,3510.420392,1.4818864634717517,-21.554380078733438,430.6899999999878,412.0200000000041,680.6900000000023,1523.3999999999942,0.2827162925036034,0.4873122460779583,0.5126877539220417,169.00855168777238,12,2,5,2,False,False,1,1,low_vol,bull_stable
2025-05-14 16:00:00,103514.24,103720.44,102602.05,103321.72,1856.97684,1747252799999,191820174.3368166,547593.0,863.31201,89178138.0739408,0,-0.0018598407330238098,-0.001861572384196605,103616.976,-156.40000000000873,103705.807,160.2320000000036,103548.75349999999,-66.51450000000477,101856.9874,190.18359999998938,98580.7507,94.71790000001783,93255.85720000001,105.96025000000373,0.006483608632163297,0.006760701169316653,0.008066726436796458,105819.45,100718.37,0.5103527096222771,47.617237036252945,421.88931858568685,566.973515066256,-145.08419648056918,103548.75349999999,105227.04815186112,101870.45884813886,0.4323618472631656,3360.8839319999997,0.552526322709082,-3.453681167313838,192.52000000000407,206.1999999999971,719.6699999999983,1118.3899999999994,0.17214030883681378,0.4649018724433849,0.5350981275566151,294.8841300573248,16,2,5,2,False,False,1,1,low_vol,bull_stable
2025-05-14 20:00:00,103321.73,103667.52,103304.66,103507.82,745.15143,1747267199999,77131746.5057979,224283.0,384.58863,39809449.7759442,0,0.0018011701702218552,0.0017995500083971782,103601.052,-15.923999999999069,103790.039,84.23200000000361,103516.6445,-32.10899999999674,102035.9648,178.9774000000034,98668.90400000001,88.1533000000054,93360.7876,104.93039999998291,0.0058990510711561,0.006706804283199149,0.008020253218825029,105819.45,100718.37,0.5468351800010999,55.97305133890507,385.85493647051044,530.749799347107,-144.89486287659656,103516.6445,105170.9056578811,101862.38334211889,0.49733279719530776,3080.7098459999997,0.24187653730762934,1.3421445280141588,186.09000000001106,159.6999999999971,17.069999999992433,362.8600000000006,0.512842418563663,0.5161214412485259,0.4838785587514742,300.9898269939575,20,2,5,2,False,False,1,1,low_vol,bull_stable
2025-05-15 00:00:00,103507.83,103866.51,102720.0,102753.63,1797.79721,1747281599999,185567025.7233139,464855.0,659.63706,68093306.5249615,0,-0.007286309382228295,-0.007312984187340399,103408.46800000001,-192.583999999988,103692.482,-97.5570000000007,103433.326,-83.31849999999395,102191.7674,155.80259999999544,98743.2404,74.33639999998559,93455.26434999998,94.47674999998708,0.005345739462089146,0.006845845609639343,0.008114740907886268,105819.45,100718.37,0.3989860970618004,55.38647375026072,293.0623586142028,483.2123112005262,-190.14995258632337,103433.326,105063.69924862732,101802.95275137268,0.29155202633131394,2980.742976,0.6031372796900956,-13.099306678566853,754.1999999999971,358.679999999993,33.63000000000466,1146.5099999999948,0.6578224350419974,0.3669140525587978,0.6330859474412022,258.5692075915503,0,3,5,2,False,False,1,1,low_vol,bull_stable
2025-05-15 04:00:00,102753.62,102962.38,101724.17,101779.99,2353.66229,1747295999999,240923000.3076947,598181.0,1041.33627,106602195.716421,0,-0.00947548033096246,-0.009520658309909719,102975.48000000001,-432.98799999999756,103502.226,-190.2560000000085,103316.4255,-116.90050000000338,102290.6868,98.91939999999886,98822.7052,79.46480000000156,93547.0451,91.7807500000199,0.005979692063203128,0.007105987639934874,0.00783155604286774,105819.45,100718.37,0.20811671253930727,43.93501610204557,139.35259124971344,414.44036721036366,-275.0877759606502,103316.4255,105070.66741582363,101562.18358417637,0.06207992576707294,2770.970927,0.8493998500908849,-22.302080734623065,973.6299999999901,208.7600000000093,55.820000000006985,1238.2100000000064,0.7863205756697047,0.44243232107865393,0.5575676789213461,254.14903511922262,4,3,5,2,False,False,1,1,low_vol,bull_stable
2025-05-15 08:00:00,101779.99,102441.0,101500.0,102371.61,2612.10704,1747310399999,266377257.1732878,525061.0,1380.44822,140783388.6558231,0,0.005812733917541113,0.005795905162302196,102746.954,-228.52600000001257,103260.16500000001,-242.06099999998696,103229.9995,-86.4259999999922,102407.981,117.29420000000391,98898.5493,75.84410000000207,93644.0375,96.99240000000282,0.004952260267355188,0.007271684569384543,0.007833918754794804,105819.45,100718.37,0.3240960737726138,54.15042349961505,64.53140495273692,344.4585747588383,-279.9271698061014,103229.9995,104991.97069503044,101468.02830496957,0.2564121642791163,2526.836432,1.0337459943667615,15.18348318765592,591.6199999999953,69.38999999999942,279.99000000000524,941.0,0.6287141339001013,0.528480724128365,0.471519275871635,201.01052214154288,8,3,5,2,False,False,1,1,low_vol,bull_stable
2025-05-15 12:00:00,102371.62,103291.99,101383.07,103251.35,4312.54952,1747324799999,441184221.1434048,1101180.0,2045.32912,209327580.7854101,0,0.008593593477723038,0.00855687874434289,102732.88,-14.073999999993248,103174.928,-85.23700000000827,103169.16750000001,-60.83199999999488,102533.11159999999,125.1305999999895,98980.951,82.40170000000217,93741.66965,97.63214999999036,0.005762625212123446,0.007514784064910722,0.007885166915597416,104976.25,100718.37,0.5948922938175824,53.75988827833896,75.35410623057396,290.6376810531855,-215.2835748226115,103169.16750000001,104832.41742955844,101505.91757044158,0.5247053971082427,2752.902416,1.5665464547291093,37.06029742742962,879.7300000000105,40.63999999999942,988.5499999999884,1908.9199999999983,0.4608522096263915,0.47427377019429573,0.5257262298057043,255.3431548769787,12,3,5,2,False,False,1,1,low_vol,bull_stable
2025-05-15 16:00:00,103251.36,104192.7,102552.35,103157.26,4442.22626,1747339199999,459594344.5665889,890090.0,2052.50863,212408897.2288115,0,-0.000911271378049916,-0.0009116868382292989,102662.768,-70.11200000000827,103131.91,-43.01799999999639,103138.8855,-30.28200000000652,102655.3082,122.19660000001022,99065.93600000002,84.98500000001513,93839.81445,98.14480000000913,0.005577735515575136,0.007373723328988867,0.007890624911623569,104976.25,100718.37,0.5727944423046203,45.80761686394434,75.4689393544686,247.6039327134421,-172.1349933589735,103138.8855,104778.5058074818,101499.26519251821,0.5056032789775003,2896.053205,1.5338897270017524,-4.048073645559724,94.10000000000582,941.3399999999965,604.9099999999889,1640.3499999999913,0.05736580607797502,0.46204504450432915,0.5379549554956709,200.37025309017014,16,3,5,2,False,False,1,1,low_vol,bull_stable
2025-05-15 20:00:00,103157.26,103980.84,102708.46,103763.71,2480.64372,1747353599999,256537625.6149135,560110.0,1295.92106,134028976.6527088,0,0.0058788882139755305,0.005861674980827532,102864.784,202.01600000000326,103136.62600000002,4.716000000014901,103200.708,61.82249999999476,102792.1042,136.7960000000021,99154.397,88.46099999998114,93933.591,93.77654999999504,0.005912200517064671,0.006956597954724532,0.00790871859241587,104976.25,100718.37,0.7152244779091961,50.54979149110283,123.0766412110388,222.69847441296147,-99.62183320192267,103200.708,104836.46403307565,101564.95196692435,0.6720922890137275,2933.8921779999996,0.8455129123698834,14.583427128580416,606.4500000000116,217.1299999999901,448.79999999998836,1272.37999999999,0.4766264795108508,0.5224132145828664,0.4775867854171336,225.79219880878338,20,3,5,2,False,False,1,1,low_vol,bull_stable
2025-05-16 00:00:00,103763.71,104466.01,103467.91,104023.49,3294.14952,1747367999999,342613963.0430899,619899.0,1618.00096,168309538.05277,0,0.002503572780888419,0.002500444063447018,103313.48400000001,448.70000000001164,103144.482,7.855999999985215,103308.88249999999,108.17449999999371,102948.9738,156.86960000000545,99243.3345,88.9375,94028.99145,95.400450000001,0.005925090307543287,0.006759486188429734,0.007800744078663599,104976.25,101383.07,0.7348421175671699,44.11484147362848,179.69673079995846,214.0981256903609,-34.40139489040243,103308.88249999999,104855.01535859538,101762.7496414046,0.7310951145069158,2909.730829,1.1321148633985896,8.247143074448651,259.77999999999884,442.5199999999895,295.8000000000029,998.0999999999913,0.26027452159102404,0.49117411039678616,0.5088258896032138,188.18180420662873,0,4,5,2,False,False,1,1,low_vol,bull_stable
2025-05-16 04:00:00,104023.49,104190.48,103694.18,103710.17,2338.96041,1747382399999,243145722.213136,400768.0,1317.46389,136948650.6535053,0,-0.0030120119984439198,-0.0030165572357507154,103581.19600000001,267.71199999999953,103164.075,19.59299999999348,103354.825,45.94250000000466,103082.5672,133.59339999999793,99332.0052,88.6707000000024,94121.15780000002,92.16635000001406,0.005845507222681261,0.006538541759310673,0.007756109295462066,104976.25,101383.07,0.6476435914705069,46.80347828347067,197.01518582490098,210.68153771726892,-13.666351892367942,103354.825,104890.77653625292,101818.87346374708,0.6156758503158551,2623.422424,0.8915683530804493,-7.04497681880531,313.320000000007,166.9899999999907,15.990000000005239,496.3000000000029,0.6313117066290653,0.5632689994953783,0.43673100050462166,171.34449915721316,4,4,5,2,False,False,1,1,low_vol,bull_stable
2025-05-16 08:00:00,103710.17,103900.0,103100.49,103651.71,3118.57852,1747396799999,322949476.6137954,551272.0,1271.34167,131706935.020241,0,-0.0005636862807185672,-0.0005638452115576644,103661.268,80.07199999998556,103197.07400000001,32.99900000001071,103451.4405,96.61549999999988,103172.54560000001,89.97840000000724,99415.51440000001,83.50920000001497,94212.25480000001,91.0969999999943,0.005808902999131117,0.006025488874316001,0.007172305558547773,104976.25,101383.07,0.6313738805180936,50.563960906198425,203.67511285781802,209.28025274537876,-5.605139887560739,103451.4405,104783.85291473406,102119.02808526593,0.5751529698257808,2749.5825919999997,1.1342007070722684,-1.7578999270676139,58.45999999999185,189.83000000000175,551.2200000000012,799.5099999999948,0.07311978586883496,0.4076670386352818,0.5923329613647181,176.77028058283426,8,4,5,2,False,False,1,1,low_vol,bull_stable
2025-05-16 12:00:00,103651.72,104286.0,103343.07,104183.33,3503.77985,1747411199999,363761601.0003442,779062.0,1812.46231,188178816.8364766,0,0.005128907183489684,0.005115799139896333,103866.48199999999,205.21399999999267,103264.625,67.5509999999922,103527.332,75.8914999999979,103271.16540000001,98.6198000000004,99514.7795,99.26509999998962,94311.10595000001,98.85115000000224,0.0059946323359505995,0.0057890450994718895,0.007197053834772554,104976.25,101383.07,0.7793263905509883,53.8256892764646,248.98035354905005,217.22027290611302,31.760080642937027,103527.332,104844.07062483886,102210.59337516113,0.7490995508240234,3025.445434,1.158103798741326,17.970561642031406,531.6100000000006,102.66999999999825,308.6499999999942,942.929999999993,0.5637852226570419,0.5172877257114199,0.4827122742885801,222.34901544970072,12,4,5,2,False,False,1,1,low_vol,bull_stable
2025-05-16 16:00:00,104183.32,104550.33,103587.0,104032.6,2352.84073,1747425599999,244925831.9359489,580856.0,1082.55281,112737388.239209,0,-0.0014467765620468365,-0.0014478241537997922,103920.26000000001,53.778000000020256,103392.522,127.8969999999972,103542.50200000001,15.170000000012806,103363.6346,92.46919999999227,99604.7771,89.99760000000242,94408.62565000002,97.51970000000438,0.005387482414235691,0.005342155521931193,0.0072047627943445346,104976.25,101383.07,0.7373774762188379,50.727799500245006,269.61448396470223,227.6991151178309,41.91536884687133,103542.50200000001,104875.9182980521,102209.08570194792,0.6837753148495158,3080.949786,0.7636738322355766,-3.404034822393169,150.72000000000116,367.00999999999476,445.6000000000058,963.3300000000017,0.15645728877954687,0.4601045859997502,0.5398954140002499,246.8743390038135,16,4,5,2,False,False,1,1,low_vol,bull_stable
2025-05-16 20:00:00,104032.6,104032.6,103397.5,103463.9,1075.57121,1747439999999,111435777.5178337,305585.0,453.33637,46969053.3920728,0,-0.0054665556758171086,-0.0054815519683101225,103808.342,-111.91800000000512,103560.913,168.39100000000326,103531.5695,-10.932500000009895,103417.75100000002,54.11640000001353,99693.20620000002,88.42910000000848,94506.69685000001,98.07119999999122,0.004590896241057163,0.005488062210311539,0.0070241865767640115,104976.25,101383.07,0.5791054163721248,49.5914597725029,237.34191396027745,229.62767488632022,7.714239073957231,103531.5695,104863.73590374771,102199.40309625228,0.47460170898709336,2953.140678,0.36421265604198216,-5.879669902770975,568.7000000000116,0.0,66.39999999999418,635.1000000000058,0.8954495355062296,0.42148429205352195,0.5785157079464781,284.11414991295646,20,4,5,2,False,False,1,1,low_vol,bull_stable
2025-05-17 00:00:00,103463.9,103600.0,102612.5,103508.48,2858.83928,1747454399999,294811054.7647619,606419.0,1381.64788,142505778.2243234,0,0.000430874923524005,0.0004307821235799664,103768.004,-40.338000000003376,103674.6,113.68700000000536,103467.38249999999,-64.18700000000536,103461.9208,44.169799999988754,99776.5244,83.3181999999797,94604.3327,97.63584999999148,0.004358480219209084,0.0048706873772663885,0.00698960543393165,104928.0,101383.07,0.5995633200091379,51.55296340274932,212.90862505127734,226.28386491931167,-13.375239868034328,103467.38249999999,104660.21758605892,102274.54741394107,0.5172268155423679,2977.8139020000003,0.9600463205843411,1.2318021561374217,44.580000000001746,91.52000000000407,851.3999999999942,987.5,0.04514430379747012,0.48328980564447815,0.5167101943555218,212.12070375638604,0,5,5,2,False,False,1,1,low_vol,bull_stable
2025-05-18 12:00:00,103800.55,105680.0,103701.4,105518.0,4982.50382,1747583999999,522726120.0079938,545204.0,3137.24621,329137570.2739231,0,0.01654577134184465,0.016410381446196432,103932.05600000001,471.88000000000466,103571.22,205.4100000000035,103566.06649999999,186.90049999998882,103539.13879999999,35.16580000000249,100516.716,90.28089999999793,95452.6169,99.00615000000107,0.005771720036191462,0.0050785894157728525,0.006516057462194887,105680.0,101383.07,0.9622986643952774,68.81936911709279,253.47867084860627,129.7035660319374,123.77510481666886,103566.06649999999,104842.29553286135,102289.83746713863,1.2647269611253458,2013.62022,2.4744009672290637,82.4393689155875,1717.449999999997,162.0,99.15000000000873,1978.6000000000058,0.8680127362781724,0.6296525448524393,0.37034745514756073,109.42369934801174,12,6,5,2,False,False,1,1,low_vol,bull_stable
2025-05-18 16:00:00,105518.0,105980.0,103851.01,103883.97,5395.35549,1747598399999,566207006.6631227,711164.0,2733.75208,286951733.2289424,0,-0.0154857938929851,-0.015606951238639434,104083.51999999999,151.4639999999781,103608.769,37.54899999999907,103641.6845,75.61800000001676,103548.11940000001,8.980600000024424,100584.5325,67.81650000000081,95544.09060000001,91.47370000001683,0.008008469631406199,0.00628614906344089,0.0068753773427745885,105980.0,101383.07,0.5440369986055907,51.820596110794035,242.61587440803123,152.2860277071562,90.32984670087504,103641.6845,104793.03037166505,102490.33862833495,0.6052183822267111,2267.271841,2.379668548090965,-83.55136309752564,1634.0299999999988,462.0,32.9600000000064,2128.9900000000052,0.7675141733873785,0.5066861831563948,0.4933138168436052,131.81040643533203,16,6,5,2,False,False,1,1,low_vol,bull_stable
2025-05-18 20:00:00,103883.98,106660.0,103285.71,106454.26,7319.32579,1747612799999,768789882.9938152,1202045.0,3701.17434,388894248.3171545,0,0.024741930829174086,0.024440806088969518,104715.23199999999,631.7119999999995,103909.081,300.31200000000536,103801.83,160.14549999999872,103614.4292,66.30979999998817,100685.5751,101.04260000000068,95651.77119999999,107.68059999997786,0.011082048361868513,0.0081168321076533,0.007691677018410187,106660.0,102552.35,0.9499129672683881,63.489578073859256,436.3776621037832,209.1043545864816,227.27330751730162,103801.83,105490.29710610255,102113.36289389746,1.2854550409698375,2867.311697,2.552678802816602,181.09425241236997,2570.279999999999,205.74000000000524,598.2699999999895,3374.2899999999936,0.761724688749338,0.5056714848048867,0.49432851519511334,164.22892415067645,20,6,5,2,False,False,1,1,low_vol,bull_stable
2025-05-22 20:00:00,111188.0,111717.34,110763.27,111696.21,2148.55731,1747958399999,238776204.8837662,410434.0,1023.92898,113798167.9998728,0,0.004570727056876667,0.004560313005096993,111240.49799999999,-16.926000000006752,110175.09,516.9049999999843,108070.531,345.49000000000524,105380.3066,163.63940000001458,103523.5552,172.95220000001427,98393.78975,132.52509999999893,0.009692227267455614,0.008084953547415253,0.008961885497675917,111980.0,104184.72,0.9635946367545497,82.12188741009699,1880.7348692235682,1544.7032674487286,336.0316017748396,108070.531,113092.1173275974,103048.9446724026,0.8610093268808472,6878.653499499999,0.3123514376986973,9.820469030067148,508.2100000000064,21.129999999990105,424.7299999999959,954.0699999999924,0.5326757994696515,0.4765658217420321,0.5234341782579679,191.0277180365275,20,3,5,2,False,False,1,1,low_vol,bull_stable
2025-05-23 00:00:00,111696.22,111800.0,111000.13,111100.01,2834.29482,1747972799999,315753691.9886454,605403.0,1389.57771,154823331.6509259,0,-0.005337692299497099,-0.005351988674834242,111251.41,10.912000000011176,110630.447,455.3570000000036,108349.6465,279.1154999999999,105535.87240000001,155.56580000001122,103696.4299,172.8747000000003,98523.86205,130.0722999999998,0.010131086412777912,0.008251634568814186,0.00900238993693388,111980.0,104184.72,0.8871124577949727,73.12634975712876,1844.1274217134342,1604.5880983016698,239.53932341176437,108349.6465,113394.29455650001,103304.9984435,0.772602119037438,6863.8700095,0.4129295595745795,-15.128593635218516,596.2100000000064,103.77999999999884,99.8799999999901,799.8699999999953,0.7453836248390487,0.49027281854891863,0.5097271814510814,213.5991625599485,0,4,5,2,False,False,1,1,low_vol,bull_stable
2025-05-23 04:00:00,111100.0,111181.82,110407.89,110715.42,3226.515,1747987199999,357229286.7735859,503850.0,1415.73599,156729530.2913976,0,-0.0034616558540363496,-0.003467661247738427,111198.1,-53.30999999999767,110804.65400000001,174.20700000000943,108606.73049999999,257.083999999988,105680.0244,144.1519999999873,103857.99459999999,161.56469999998808,98652.05410000001,128.1920500000124,0.007961941044058172,0.008352339084936529,0.009029431210469094,111980.0,104184.72,0.8377761927730625,71.43828512797748,1763.7511318213074,1636.4207050055975,127.33042681570987,108606.73049999999,113579.27904199155,103634.18195800843,0.7120330734021807,6015.9720605,0.5363247979798359,-11.169084537886093,384.58000000000175,81.82000000000698,307.52999999999884,773.9300000000076,0.4969183259467885,0.43878177848235633,0.5612182215176437,156.15919963180087,4,4,5,2,False,False,1,1,low_vol,bull_stable
2025-05-25 04:00:00,108095.76,108288.69,107454.54,107681.81,1293.71165,1748159999999,139580018.9564804,288781.0,555.73637,59955855.4533315,0,-0.0038293827463151686,-0.0038367336045914565,108285.834,-305.3499999999767,108262.61499999999,-125.81899999998859,109522.06300000001,-98.10899999998219,106890.01939999999,84.3582000000024,105153.88519999999,69.23729999999341,99991.03384999999,100.82789999998931,0.00870840300417816,0.008566436805668456,0.009701219245863426,111980.0,106800.0,0.1702335907335903,30.087894209497705,171.66473392113403,541.6389480173882,-369.9742140962542,109522.06300000001,112582.99410738038,106461.13189261964,0.19939653402148086,2888.15926,0.44793639600054463,-4.9541170712169285,413.9499999999971,192.93000000000757,227.27000000000407,834.1500000000087,0.4962536714020173,0.4295674155829083,0.5704325844170918,223.2189839211852,4,6,5,2,False,False,1,1,low_vol,bull_stable
2025-05-25 08:00:00,107681.82,107700.65,106708.98,107260.0,3399.35699,1748174399999,364131673.4838441,639342.0,1398.23445,149775431.8449555,0,-0.003917188984843389,-0.003924881264260813,107951.894,-333.9400000000023,108117.008,-145.60699999998906,109296.021,-226.04200000001583,106965.04980000001,75.03040000001783,105213.4853,59.60010000001057,100086.54609999999,95.51224999999977,0.008750258896452385,0.007114861202585132,0.009724471681649263,111980.0,106708.98,0.10453764167087275,30.61758081791578,59.16101650946075,445.1433617158027,-385.98234520634196,109296.021,112322.12244104412,106269.91955895587,0.16359009443888906,2732.976878,1.2438293998621968,-13.31592375677838,421.820000000007,18.829999999987194,551.0200000000041,991.6699999999983,0.42536327608983604,0.41132321615918305,0.588676783840817,188.0773340019225,8,6,5,2,False,False,1,1,low_vol,bull_stable
2025-05-25 12:00:00,107259.99,107743.34,106600.64,106967.97,5093.14772,1748188799999,546045845.9649655,660123.0,2164.02008,232137781.2783714,0,-0.0027226365840015143,-0.002726349700161075,107553.48800000001,-398.4059999999881,108081.975,-35.03299999999581,109092.147,-203.87399999999616,107035.3864,70.33659999999509,105250.549,37.06369999999879,100179.00180000001,92.45570000002044,0.007799969469336653,0.007037156672096117,0.009735275546659325,111980.0,106600.64,0.06828507480443802,30.906367346522842,-52.95296170777874,345.52409703108646,-398.4770587388652,109092.147,112170.94220693324,106013.35179306676,0.15503113113589156,2906.462846,1.7523525982826205,-13.866790310195901,292.0200000000041,483.34999999999127,367.33000000000175,1142.699999999997,0.2555526384877963,0.42488853631757606,0.5751114636824239,129.6100243485575,12,6,5,2,False,False,1,1,low_vol,bull_stable
2025-05-25 16:00:00,106967.97,107940.95,106640.52,107717.01,2103.88371,1748203199999,225250138.3844775,311695.0,733.10191,78571983.9434981,0,0.007002469991717941,0.006978066555381271,107544.508,-8.980000000010477,108017.046,-64.92900000000373,108928.899,-163.24799999999232,107129.84319999999,94.45679999998538,105303.20870000002,52.65970000001835,100274.51634999999,95.51454999997804,0.007444679912164039,0.007307895352120766,0.009746359392891656,111980.0,106600.64,0.2075284048660055,42.38321611238859,-80.43561744254839,260.33215413635946,-340.76777157890785,108928.899,111931.06408739867,105926.73391260134,0.2981641640749851,2884.719144,0.7293201192136575,14.732382545339211,749.0399999999936,223.94000000000233,327.4499999999971,1300.429999999993,0.5759940942611271,0.3484517259749114,0.6515482740250886,148.15219991412928,16,6,5,2,False,False,1,1,low_vol,bull_stable
2025-05-25 20:00:00,107717.02,109299.99,107176.0,109004.19,3324.06607,1748217599999,360449961.8824638,655934.0,1743.32972,189086623.3644336,0,0.011949644721850339,0.011878811447304714,107726.196,181.68799999999464,108158.68999999999,141.64399999998568,108814.5655,-114.33350000000792,107251.1364,121.29320000001462,105356.96289999998,53.75419999996666,100364.86425000001,90.34790000002249,0.007995939733921407,0.007855381204404323,0.009866900841091385,111980.0,106600.64,0.44680965765444264,50.318587672409095,1.6300581777031766,208.5917349446282,-206.96167676692502,108814.5655,111604.6642811864,106024.4667188136,0.5339816821681441,3018.8983849999995,1.1010857756976145,39.7214085684573,1287.1699999999983,295.8000000000029,541.0200000000041,2123.9900000000052,0.6060150942330214,0.5244570003387448,0.47554299966125524,197.3288094120223,20,6,5,2,False,False,1,1,low_vol,bull_stable
2025-05-26 00:00:00,109004.2,109844.91,108670.58,109623.53,3090.7964,1748231999999,338113769.4600295,603606.0,1641.89836,179615118.3149043,0,0.005681799938149101,0.005665719395079692,108114.54,388.3439999999973,108200.18699999999,41.49700000000303,108736.34199999999,-78.22350000000733,107380.435,129.29859999999462,105423.61510000001,66.65220000002591,100455.90795000002,91.04370000000927,0.006641948400178291,0.007996711098312504,0.00988655250349589,111800.0,106600.64,0.5813965564992613,54.333801993588985,115.3139914052008,189.93618623674274,-74.62219483154195,108736.34199999999,111326.84884571757,106145.83515428241,0.6712383044782603,2786.2735070000003,1.109293969969187,17.561286794351467,619.3300000000017,221.38000000000466,333.61999999999534,1174.3300000000017,0.5273900862619544,0.5312217783093056,0.4687782216906944,195.29141421285465,0,0,5,2,False,False,1,1,low_vol,bull_stable
2025-05-26 04:00:00,109623.54,110228.11,109365.29,110094.62,2472.4091,1748246399999,271372863.5150204,361108.0,1124.61626,123501472.7851918,0,0.0042973438275524245,0.004288136613850387,108681.46399999999,566.9239999999991,108316.679,116.49200000001292,108656.2625,-80.07949999999255,107519.79440000001,139.35940000001574,105495.6014,71.98629999998957,100539.16609999999,83.2581499999651,0.006656857173377084,0.007987495512000408,0.009893050708276297,111800.0,106600.64,0.6720019387001469,64.5465519843066,240.64830955889192,200.0786109011726,40.56969865771933,108656.2625,110942.6889547002,106369.83604529979,0.814542699819442,2766.896514,0.8935676081451017,10.624791985069445,471.08000000000175,133.49000000000524,258.25,862.820000000007,0.5459771447115249,0.45486657527672103,0.545133424723279,146.05511684939196,4,0,5,2,False,False,1,1,low_vol,bull_stable
2025-05-26 08:00:00,110094.62,110173.92,109556.69,109772.72,1654.27634,1748260799999,181592048.1898166,319092.0,798.01994,87602160.962765,0,-0.0029238485949630855,-0.002928131390467206,109242.41400000002,560.9500000000262,108397.951,81.2719999999972,108589.898,-66.36449999999604,107649.33480000001,129.54039999999804,105561.43690000002,65.8355000000156,100622.18515,83.01905000001716,0.006775884469006684,0.007931638496673969,0.009911417757766904,111381.61,106600.64,0.6634804234287186,57.97581429955154,310.4236493139615,222.14761858373038,88.27603073023113,108589.898,110642.79242643526,106537.00357356474,0.7880864171018053,2830.768611,0.5843912263163074,-4.836853552389675,321.8999999999942,79.30000000000291,216.02999999999884,617.2299999999959,0.5215235811609875,0.4823982068195451,0.517601793180455,192.88917594021808,8,0,5,2,False,False,1,1,low_vol,bull_stable
2025-05-26 12:00:00,109772.73,110420.74,109494.74,110009.82,3113.22041,1748275199999,342044174.8131138,598615.0,1536.05064,168796206.9512444,0,0.0021599173273652017,0.002157588059349235,109700.976,458.56199999997625,108622.742,224.79099999999744,108554.61800000002,-35.279999999984284,107771.1434,121.80859999998938,105631.8152,70.37829999998212,100701.56515000001,79.38000000000466,0.005370326512373295,0.007923407857227952,0.009888453489841032,111381.61,106600.64,0.7130728701497827,64.63428044561371,380.4673069646378,253.81155625991187,126.65575070472596,108554.61800000002,110473.59387239834,106635.64212760169,0.8791610986180058,2804.07492,1.1102486555530406,6.724298707465997,237.09000000001106,410.91999999999825,277.9899999999907,926.0,0.2560367170626469,0.4933960458006891,0.5066039541993109,192.281599490092,12,0,5,2,False,False,1,1,low_vol,bull_stable
2025-05-26 16:00:00,110009.83,110422.22,108858.28,109130.44,3037.99696,1748289599999,332410909.9131709,656499.0,1545.75152,169133903.50302,0,-0.00799365002142538,-0.008025770529672523,109726.226,25.25,108726.21099999998,103.46899999998277,108557.32250000001,2.7044999999925494,107877.7414,106.59799999999814,105690.85720000001,59.04200000001583,100779.8873,78.32214999999269,0.006215525397651097,0.007395536598207577,0.009968537589789958,110422.22,106600.64,0.6619775066857169,49.4815434237248,360.85903524406604,275.2210520567427,85.63798318732336,108557.32250000001,110479.54409322723,106635.10090677279,0.6490768551397305,2858.286535,1.0628734812970735,-24.28468446439424,879.3899999999994,412.3899999999994,272.1600000000035,1563.9400000000023,0.5622913922528985,0.5088061444274783,0.4911938555725217,216.09600294004244,16,0,5,2,False,False,1,1,low_vol,bull_stable
2025-05-26 20:00:00,109130.44,109888.89,108940.0,109434.79,1280.41672,1748303999999,140044516.2167519,348943.0,654.77616,71620158.6751542,0,0.0027888644085003467,0.002784982741443144,109688.478,-37.74799999999232,108901.509,175.29800000002433,108582.062,24.739499999996042,107956.0772,78.33580000000075,105747.608,56.75079999997979,100861.08485,81.19754999999714,0.005996137293164533,0.0074132703429541915,0.009718853823815553,110422.22,106600.64,0.7416173415184277,53.340811890906515,365.6627079958125,293.30938324455667,72.35332475125585,108582.062,110537.47077897948,106626.65322102053,0.7180434109652067,2856.957042,0.44817499919552517,3.570908618456754,304.34999999999127,454.1000000000058,190.44000000000233,948.8899999999994,0.3207431841414616,0.5113773896985663,0.4886226103014337,272.5229954822833,20,0,5,2,False,False,1,1,low_vol,bull_stable
2025-05-27 00:00:00,109434.78,109666.0,107516.57,108892.16,4704.3073,1748318399999,510766736.2102632,898416.0,2114.70326,229624869.9514102,0,-0.004958478012339507,-0.004970812053378435,109447.98599999999,-240.49200000001292,109064.725,163.21600000000035,108590.8665,8.80449999999837,108056.241,100.16379999999481,105802.1802,54.572200000009616,100938.05625,76.9713999999949,0.006111155567561838,0.0074888756913004855,0.009470237235672786,110422.22,106600.64,0.5996263325640189,49.57976738539001,321.9724492344103,299.0419964425274,22.930452791882885,108590.8665,110550.3972619002,106631.3357380998,0.5768789921184573,2987.452073,1.5746887933421923,-23.326204310338234,542.6199999999953,231.22000000000116,1375.5899999999965,2149.429999999993,0.25244832350902197,0.4495248981715118,0.5504751018284882,190.97731987023892,0,1,5,2,False,False,1,1,low_vol,bull_stable
2025-05-27 04:00:00,108892.15,109636.37,108550.0,109547.16,3340.1595,1748332799999,364337211.143723,532814.0,1688.19462,184162828.0526166,0,0.006015125423171064,0.005997106776419464,109402.874,-45.111999999993714,109322.644,257.9189999999944,108702.3095,111.4429999999993,108118.099,61.85800000000745,105866.2641,64.08389999999781,101017.33665,79.28040000000328,0.006060299243451544,0.006938044196878741,0.008862344451010074,110422.22,106600.64,0.7710214099927263,61.85640680973833,336.32370007110876,306.49833716824367,29.825362902865095,108702.3095,110609.94207792403,106794.67692207597,0.7214395239882632,2812.153251,1.187758703695199,20.09147832589635,655.0100000000093,89.20999999999185,342.1499999999942,1086.3699999999953,0.6029345434796728,0.5054233547829078,0.4945766452170922,159.51753202204864,4,1,5,2,False,False,1,1,low_vol,bull_stable
2025-05-27 08:00:00,109540.0,109899.0,109428.98,109585.49,1886.45358,1748347199999,206860201.6238607,305162.0,891.97185,97814086.2333621,0,0.00034989496761039796,0.00034983376864127646,109318.008,-84.86599999999453,109509.492,186.84799999999814,108763.269,60.959499999997206,108237.69119999999,119.59219999998459,105930.20550000001,63.94140000001062,101101.89435,84.55770000000484,0.0058610304243917645,0.006628148175206673,0.007934512295299893,110422.22,106600.64,0.7810512929207303,60.29804565664616,346.7924726631609,314.5571642672271,32.23530839593377,108763.269,110703.33568075206,106823.20231924794,0.7119053453568084,2790.4102380000004,0.6760488312113195,0.6600606142726193,45.49000000000524,313.50999999999476,111.02000000000407,470.0200000000041,0.09678311561211192,0.4728300019977168,0.5271699980022833,161.76491339903524,8,1,5,2,False,False,1,1,low_vol,bull_stable
2025-05-27 12:00:00,109585.49,110718.0,108670.29,110140.11,6777.89203,1748361599999,744534019.9730968,1029443.0,3154.24352,346494027.671737,0,0.005061071497695524,0.0050483073241581865,109519.942,201.93399999999383,109623.084,113.59200000000419,108890.88700000002,127.61800000001676,108375.9676,138.27640000001702,105983.51129999998,53.305799999972805,101191.57715,89.68279999999504,0.004843856690691472,0.006435925394595454,0.007922336487801574,110718.0,106600.64,0.8596455010006413,66.66915294692026,395.28564238440595,330.7028598906629,64.58278249374303,108890.88700000002,110841.13384477142,106940.64015522861,0.8202730473194045,3135.7928340000003,2.161460398949301,34.303396167490654,554.6199999999953,577.8899999999994,915.2000000000116,2047.7100000000064,0.27084889950236785,0.4653723467471641,0.5346276532528359,151.88247252147508,12,1,5,2,False,False,1,1,low_vol,bull_stable
2025-05-27 16:00:00,110140.11,110499.64,109574.46,109877.87,2624.04806,1748375999999,288951599.1277187,521923.0,1074.30883,118291290.0088837,0,-0.0023809672970183104,-0.002383806306941503,109608.558,88.61600000000908,109648.518,25.43399999999383,108924.3525,33.4654999999766,108514.2568,138.28919999999925,106042.2197,58.70840000001772,101277.86680000002,86.28965000002063,0.0046541291426824795,0.005582452861922862,0.007920717359109255,110718.0,106600.64,0.7959542036644829,68.14379358573265,407.8547566402558,346.1332392405815,61.721517399674326,108924.3525,110919.9934656192,106928.71153438078,0.7389000617914612,3089.118,0.8494489559803154,-6.247772616664341,262.24000000000524,359.52999999999884,303.40999999998894,925.179999999993,0.28344754534253574,0.4094089762974844,0.5905910237025156,198.89993935553147,16,1,5,2,False,False,1,1,low_vol,bull_stable
2025-05-27 20:00:00,109877.87,109897.49,108600.0,108938.17,1943.79588,1748390399999,212154083.0406026,447751.0,1046.47063,114166522.5435896,0,-0.00855222257220678,-0.008589002678911245,109617.76000000001,9.202000000004773,109532.87299999999,-115.64500000000407,108924.776,0.4235000000044238,108597.29199999999,83.03519999998389,106097.7467,55.52700000000186,101356.5451,78.67829999998503,0.005156630224894302,0.005897261926559191,0.007679737148800096,110718.0,106600.64,0.5677254357160896,62.53004998791642,338.09261246303504,344.5251138850722,-6.432501422037149,108924.776,110920.4253386142,106929.1266613858,0.5033557999746843,3036.256678,0.6401948471893982,-16.62377500069854,939.6999999999971,19.620000000009895,338.16999999999825,1297.4900000000052,0.724244502847801,0.5383644655116772,0.4616355344883229,230.34877509875164,20,1,5,2,False,False,1,1,low_vol,bull_stable
2025-05-28 00:00:00,108938.17,109284.7,108400.0,108863.64,2003.85357,1748404799999,218004240.4280606,448780.0,963.55132,104837067.3698391,0,-0.000684149550153057,-0.0006843836872524957,109481.05600000001,-136.7039999999979,109441.965,-90.90799999999581,108919.95800000001,-4.81799999998475,108664.2108,66.91880000001402,106139.86299999998,42.116299999979674,101433.0827,76.53759999999602,0.005114347981280752,0.005898973729658584,0.007630343302311626,110718.0,106600.64,0.549624030932442,57.97667859960297,273.6373415269045,330.34755941343866,-56.71021788653417,108919.95800000001,110915.71454884473,106924.2014511553,0.48589056364800237,3071.214401,0.6524629375752917,-1.3709355184880974,74.52999999999884,346.52999999999884,463.6399999999994,884.6999999999971,0.08424324629817914,0.4808491670376893,0.5191508329623107,223.9584801598053,0,2,5,2,False,False,1,1,low_vol,bull_stable
2025-05-28 04:00:00,108863.64,109089.68,108624.43,108816.44,1391.51979,1748419199999,151505647.6120597,248061.0,604.29786,65793646.9811827,0,-0.00043356992288701157,-0.0004336639415027725,109327.246,-153.81000000001222,109322.62700000001,-119.33799999998882,108972.6845,52.726499999989755,108729.06480000001,64.85400000000664,106186.5274,46.664400000023306,101507.26255000001,74.179850000015,0.0050111941906178,0.005308633303644687,0.007631877112341081,110718.0,106600.64,0.5381603746089734,48.42158183141905,216.25458120340772,307.5289637714325,-91.27438256802475,108972.6845,110893.95048014479,107051.41851985521,0.4593381391190235,2899.044339,0.47999258627413494,-0.6033211280460505,47.19999999999709,226.0399999999936,192.0100000000093,465.25,0.10145083288553915,0.4342718402876613,0.5657281597123387,178.26623938995505,4,2,5,2,False,False,1,1,low_vol,bull_stable
2025-05-28 08:00:00,108816.44,109130.44,108258.01,108870.38,1891.22828,1748433599999,205658874.1094695,372912.0,912.82962,99261960.7123673,0,0.0004956971575251767,0.0004955743402742861,109073.3,-253.94599999999627,109296.621,-26.0060000000085,109011.416,38.73149999999441,108791.234,62.16919999998936,106231.0312,44.503799999991315,101585.05529999999,77.7927499999787,0.004390212998302176,0.005273390894994953,0.007630093541032371,110718.0,106600.64,0.5512610021955828,43.00307877540178,173.13504441203258,280.6501798995525,-107.5151354875199,109011.416,110888.9815347608,107133.8504652392,0.4624417903426309,2784.3674710000005,0.6792308485491568,0.937476482627229,53.94000000000233,260.0599999999977,558.4300000000076,872.4300000000076,0.061827309927446165,0.48266495888058525,0.5173350411194148,197.179792594895,8,2,5,2,False,False,1,1,low_vol,bull_stable
2025-05-28 12:00:00,108870.39,109053.39,107045.45,107107.31,5751.05895,1748447999999,620113457.733074,812749.0,2165.11124,233566106.1259031,0,-0.016194211869197228,-0.016326771195632552,108519.188,-554.1120000000083,109063.87299999999,-232.74800000000687,108982.69100000002,-28.724999999976717,108832.94600000001,41.712000000014086,106260.9243,29.89310000000114,101651.73055,66.67525000000023,0.006524972015432191,0.006396813843959514,0.0079223989481252,110718.0,106600.64,0.12305700740280136,27.61975969397615,-3.2648780816380167,223.8671683033144,-227.13204638495242,108982.69100000002,110960.79288837568,107004.58911162436,0.025964508951555977,3231.431694,1.7797247457460879,-93.13386710854294,1763.0800000000017,183.0,61.86000000000058,2007.9400000000023,0.8780541251232605,0.37647175221530293,0.6235282477846971,141.32162564600387,12,2,5,2,False,False,1,1,low_vol,bull_stable
2025-05-28 16:00:00,107107.31,107842.29,106938.24,106946.01,2757.68701,1748462399999,296276896.8240742,562584.0,1252.9952,134649013.3196442,0,-0.0015059663061279815,-0.0015071014131506656,108120.75600000001,-398.43199999998615,108869.258,-194.6149999999907,108966.9915,-15.699500000016997,108867.791,34.84499999998661,106289.3831,28.458800000007614,101713.28224999999,61.551699999996345,0.0064494782267972795,0.006346544575762203,0.007924717398617533,110718.0,106600.64,0.08388141916179186,28.300777321793973,-154.29997544184153,148.2337395542832,-302.53371499612473,108966.9915,111006.6864907202,106927.29650927981,0.004587325753439233,3036.7696650000003,0.9080988399559766,-4.1529837199068185,161.3000000000029,734.9799999999959,7.769999999989523,904.0499999999884,0.17841933521376582,0.4543645437123048,0.5456354562876953,204.00574755581127,16,2,5,2,False,False,1,1,low_vol,bull_stable
2025-05-28 20:00:00,106946.0,108043.95,106769.43,107781.78,1838.44069,1748476799999,197577631.8062934,488176.0,978.48817,105175172.2117832,0,0.007814877806100462,0.007784499812766664,107904.38399999999,-216.37200000001758,108692.72,-176.53800000000047,109007.68199999999,40.69049999998242,108916.75300000001,48.962000000014086,106322.52100000001,33.13790000000154,101776.88504999998,63.602799999993294,0.006711070948376159,0.006553770955063792,0.007993888180287184,110718.0,106640.52,0.27989346360987566,34.33618389046205,-204.2028012888186,77.74643138566285,-281.94923267448144,109007.68199999999,110907.11207344267,107108.2519265573,0.17729741222374562,2886.597784,0.6368884159026985,14.367189346113019,835.7799999999988,262.16999999999825,176.57000000000698,1274.520000000004,0.6557606000690426,0.5322380946648869,0.4677619053351131,265.53807400770705,20,2,5,2,False,False,1,1,low_vol,bull_stable
2025-05-29 00:00:00,107781.78,108484.61,107421.12,108044.88,3012.04609,1748491199999,325425420.6883702,586838.0,1440.17029,155611181.2743675,0,0.0024410433748636162,0.0024380688681012543,107750.072,-154.3119999999908,108538.65900000001,-154.06099999998696,109024.0755,16.39350000002014,108937.12120000001,20.36819999999716,106365.3408,42.819799999997485,101840.65445,63.76940000001923,0.006810525086015315,0.0063891954605090106,0.007677909376852327,110718.0,106769.43,0.323015674028828,41.64411356295935,-219.98532522832102,18.20008006286607,-238.1854052911871,109024.0755,110881.80432907527,107166.34667092474,0.2364535973510665,2999.1570349999997,1.0042975592306724,7.352535152778359,263.1000000000058,439.7299999999959,360.6600000000035,1063.4900000000052,0.24739301732973937,0.47813687007691175,0.5218631299230883,194.83035201496537,0,3,5,2,False,False,1,1,low_vol,bull_stable
2025-05-29 04:00:00,108044.87,108106.94,106948.01,107880.72,2287.08404,1748505599999,246195578.2568029,383515.0,1082.37865,116510683.822965,0,-0.0015193686179298949,-0.00152052402890689,107552.13999999998,-197.93200000001525,108312.72,-225.93900000001304,108967.902,-56.173500000004424,108957.7358,20.61459999998624,106418.8754,53.534599999999045,101906.86465,66.21020000000135,0.0064245097206451305,0.00576137675036667,0.0076772881661617475,110718.0,106769.43,0.28144112932023646,37.77399108501343,-242.93897987916716,-34.02773192554058,-208.91124795362657,108967.902,110894.81663419568,107040.98736580432,0.2178956501999361,2550.076236,0.8968688887464306,-3.474923716944321,164.14999999999418,62.070000000006985,932.7100000000064,1158.9300000000076,0.1416392707065941,0.4732570518047076,0.5267429481952923,167.6873229372017,4,3,5,2,False,False,1,1,low_vol,bull_stable
2025-06-10 20:00:00,109526.3,110299.73,109239.68,110274.39,2166.36235,1749599999999,237847178.8524606,518777.0,1042.90571,114539746.5399837,0,0.006830231642993567,0.0068070112844995,109512.50600000001,141.2740000000049,109135.34100000001,471.36800000001676,107422.2285,235.8139999999985,105793.89039999999,116.71199999998498,106299.2298,25.925799999997253,105726.5575,47.58155000000261,0.00889001066163666,0.006749319655367229,0.0071662209788238606,110530.17,104964.14,0.95404624121681,73.40990623748291,1285.9616248155216,1037.6051568845053,248.35646793101637,107422.2285,111173.88958165338,103670.56741834662,0.8801198239824795,3378.181334,0.6412806583816143,14.796756673159905,748.0899999999965,25.339999999996508,286.6200000000099,1060.050000000003,0.7057119947172251,0.48140871262833757,0.5185912873716624,239.46917282789744,20,1,6,2,False,False,1,1,low_vol,bull_stable
2025-06-11 00:00:00,110274.39,110274.4,109533.97,109722.95,1393.61311,1749614399999,153022600.7860559,332156.0,521.27421,57240019.5439325,0,-0.005000617097043136,-0.005013162021769908,109616.068,103.5619999999908,109331.715,196.3739999999816,107622.08050000001,199.8520000000135,105899.83679999999,105.94640000000072,106323.8593,24.62949999999546,105768.67229999999,42.11479999999574,0.0071787218133985455,0.006939365885587071,0.007216405676791927,110530.17,104964.14,0.8549738323365125,68.24396714453337,1274.9067244711914,1085.0654704018425,189.8412540693489,107622.08050000001,111418.84007874058,103825.32092125944,0.7766661223117092,3075.046989,0.45320059009999086,-6.968925544529457,551.4400000000023,0.00999999999476131,188.97999999999593,740.429999999993,0.7447564253204321,0.37404513940027445,0.6259548605997255,238.34161548609427,0,2,6,2,False,False,1,1,low_vol,bull_stable
2025-06-11 04:00:00,109722.95,109745.29,109373.67,109446.74,1000.47435,1749628799999,109599176.5527946,195722.0,360.83103,39530956.072316,0,-0.0025173402647302723,-0.0025205140932575854,109597.16,-18.90799999999581,109512.798,181.08299999999872,107816.81000000001,194.72950000000128,105971.6118,71.77500000000873,106348.647,24.78770000000077,105799.59800000001,30.925700000021607,0.007254677218004484,0.006965419547948061,0.006995112242687336,110530.17,104964.14,0.8053495938757079,70.33553518025572,1229.6827800479077,1113.9889323310556,115.69384771685213,107816.81000000001,111565.75930183755,104067.86069816248,0.7173849082463035,2820.652569,0.3546960589884688,-2.518534365084847,276.20999999999185,22.339999999996508,73.07000000000698,371.61999999999534,0.7432592433130492,0.36065995095226583,0.6393400490477341,195.6292032874206,4,2,6,2,False,False,1,1,low_vol,bull_stable
2025-06-11 08:00:00,109446.74,109675.69,109193.89,109252.09,1633.7552,1749643199999,178736867.6732599,187975.0,559.461,61206485.3384296,0,-0.001778490615618189,-0.0017800740076969158,109644.49399999999,47.33399999998801,109581.53499999999,68.73699999999371,108005.835,189.02499999999418,106047.0132,75.40140000000247,106363.9978,15.350800000000163,105833.60325000001,34.00525000000198,0.006886289722184847,0.006989020240706375,0.006977637214788581,110530.17,104964.14,0.7703785283227,69.42459733923839,1164.7098004564468,1124.133105956134,40.5766945003129,108005.835,111636.25651936576,104375.41348063425,0.6716405372423135,2715.081482,0.6017333957861675,-2.905618291417418,194.65000000000873,228.9499999999971,58.19999999999709,481.8000000000029,0.4040058115400738,0.3424386958339903,0.6575613041660097,115.0570171100297,8,2,6,2,False,False,1,1,low_vol,bull_stable
2025-06-11 12:00:00,109252.1,110392.01,109008.82,109735.7,4399.26765,1749657599999,482990904.0855958,851848.0,2433.37006,267158744.9448431,0,0.004426551473752038,0.004416783110942443,109686.374,41.88000000000466,109528.803,-52.73199999998906,108221.29749999999,215.46249999997963,106138.3122,91.29899999999907,106371.3129,7.315100000007078,105864.13789999999,30.534649999972316,0.004757818613799072,0.006992401999373827,0.006976290054761624,110530.17,104964.14,0.8572645134862728,71.66874098863664,1139.1105737058097,1127.1285995060691,11.981974199740534,108221.29749999999,111716.12182661945,104726.47317338052,0.7166636085918645,2549.8938700000003,1.7252748052608162,19.473584699537167,483.59999999999127,656.3099999999977,243.27999999999884,1383.1899999999878,0.3496265878151198,0.5531307148361387,0.44686928516386126,193.63404724875062,12,2,6,2,False,False,1,1,low_vol,bull_stable
2025-06-11 16:00:00,109735.7,109815.84,108412.01,108742.37,2837.53217,1749671999999,309559733.7574663,656391.0,1355.71391,147922420.7276888,0,-0.009052022268049575,-0.00909324075057951,109379.97,-306.403999999995,109446.23800000001,-82.56499999998778,108374.0805,152.78300000001036,106207.4148,69.10259999999835,106362.50129999999,-8.81160000001546,105893.0582,28.920300000012503,0.005191947066068456,0.007415911949421572,0.007115905945804372,110530.17,105318.37,0.6569707202885755,55.83235451147883,1026.8328823917109,1107.0694560831976,-80.23657369148668,108374.0805,111663.4914520508,105084.66954794919,0.5559810715913113,2597.985112,1.0922049387017427,-25.685404389147035,993.3300000000017,80.13999999999942,330.3600000000006,1403.8300000000017,0.7075856763283307,0.4777792210898529,0.5222207789101472,231.32460203966605,16,2,6,2,False,False,1,1,low_vol,bull_stable
2025-06-11 20:00:00,108742.37,109219.51,108064.0,108645.12,1851.2739,1749686399999,200975356.8954578,442922.0,800.31846,86888591.3761769,0,-0.0008943156195694302,-0.0008947157583678394,109164.40400000001,-215.56599999999162,109390.236,-56.00200000000768,108507.1105,133.02999999999884,106248.104,40.689200000007986,106348.00630000001,-14.494999999980791,105921.80385000001,28.745650000011665,0.0051148005077702435,0.007426377315830337,0.006908162206975941,110530.17,105318.37,0.6383111401051457,56.00545079113824,919.4063962351647,1069.536844113591,-150.13044787842637,108507.1105,111598.88530503177,105415.33569496822,0.5223188150339076,2551.405115,0.7255899461501236,-1.6556231648712152,97.25,477.1399999999994,581.1199999999953,1155.5099999999948,0.08416197177004131,0.4323068887861488,0.5676931112138511,239.2525492851166,20,2,6,2,False,False,1,1,low_vol,bull_stable
2025-06-12 00:00:00,108645.13,108813.55,107730.0,107860.05,3756.8345,1749700799999,406706749.3719878,498042.0,1682.19753,182278745.9717049,0,-0.007226003340048748,-0.007252237356640303,108847.06599999999,-317.3380000000179,109222.11299999998,-168.12300000002142,108585.6135,78.50300000001153,106280.52880000001,32.42480000000796,106328.87959999999,-19.126700000022538,105945.15825,23.35439999998198,0.005346069647077542,0.0076511896971234806,0.006971054692962273,110530.17,105318.37,0.4876779615487943,45.73377682470992,762.1361133918981,1008.0566979692526,-245.92058457735448,108585.6135,111515.8694228216,105655.35757717841,0.3761945169448979,2692.598108,1.395245168166032,-27.146898645010367,785.0800000000017,168.41999999999825,130.0500000000029,1083.550000000003,0.7245443219048495,0.44776993237258655,0.5522300676274134,132.56958750778082,0,3,6,2,False,False,1,1,low_vol,bull_stable
2025-06-12 04:00:00,107860.04,107993.58,107320.0,107633.53,2337.6809,1749715199999,251755740.0181399,311048.0,1147.15014,123533636.4070022,0,-0.0021001288243422955,-0.0021023371873212654,108523.354,-323.711999999985,109083.924,-138.18899999998393,108680.59,94.97649999998976,106325.6616,45.13279999999213,106305.11670000001,-23.762899999972433,105968.46595000001,23.307700000019395,0.0052295904615975684,0.007553550297788976,0.006873671674284932,110530.17,105318.37,0.44421505046241266,30.62828112268727,612.1633719803067,928.8780327714634,-316.7146607911567,108680.59,111331.49854929285,106029.68145070714,0.3025092189092479,2401.665417,0.9733582719111951,-4.9094310402044385,226.50999999999476,133.54000000000815,313.52999999999884,673.5800000000017,0.3362777992220585,0.4907214410658016,0.5092785589341984,133.05836566487753,4,3,6,2,False,False,1,1,low_vol,bull_stable
2025-06-12 08:00:00,107633.53,107835.83,106874.47,106900.95,1866.42836,1749729599999,200386361.9522486,385568.0,861.90316,92567386.9899656,0,-0.006806243370444109,-0.006829511483916353,107956.40400000001,-566.9499999999971,108821.38900000001,-262.53499999998894,108742.68100000001,62.0910000000149,106353.2952,27.633599999986473,106282.82179999999,-22.294900000022608,105986.83949999999,18.373549999974784,0.0050362301720322045,0.007743322691755209,0.006948179271483668,110530.17,105319.0,0.30356906414490364,30.459622742145555,429.2477099401294,828.9519682051966,-399.7042582650672,108742.68100000001,111141.82750621164,106343.53449378838,0.11616954295379911,2324.322249,0.8029989648823433,-12.703365651658872,732.5800000000017,202.3000000000029,26.479999999995925,961.3600000000006,0.7620246317716581,0.46179279016098956,0.5382072098390104,206.5806586865193,8,3,6,2,False,False,1,1,low_vol,bull_stable
2025-06-12 12:00:00,106900.95,107822.5,106600.0,107020.95,3201.2854,1749743999999,343181119.2877534,635073.0,1584.95699,169930431.9291256,0,0.0011225344582999064,0.001121904887594032,107612.12,-344.2840000000142,108496.045,-325.3440000000119,108815.693,73.01199999998789,106387.2992,34.004000000000815,106258.6834,-24.13839999999618,106003.14569999998,16.306199999991804,0.004110835110397972,0.00773538131779871,0.006942059185364652,110530.17,105473.57,0.306011944785032,33.40692199348793,290.618656091654,721.2853057824882,-430.6666496908342,108815.693,110871.40887993904,106759.97712006095,0.0634749389460331,2427.8145539999996,1.3185872844882867,3.5935531723523995,120.0,801.5500000000029,300.9499999999971,1222.5,0.09815950920245399,0.4951001838199118,0.5048998161800882,198.38062548250147,12,3,6,2,False,False,1,1,low_vol,bull_stable
2025-06-12 16:00:00,107020.96,108450.16,106680.0,106788.8,2559.00784,1749758399999,275585406.137365,773724.0,1293.38747,139354485.7584002,0,-0.0021692014507439517,-0.002171557576101237,107240.856,-371.2639999999956,108202.63,-293.4149999999936,108767.17249999999,-48.52050000001327,106421.38799999999,34.08879999999772,106237.6498,-21.033599999995204,106019.915,16.769300000014482,0.004053506893485736,0.0061314320635142095,0.006941494517645572,110530.17,106600.0,0.0480386344611055,28.753990650916094,160.17516767940833,609.0632781618723,-448.88811048246396,108767.17249999999,110968.53098373895,106565.81401626102,0.0506473582985548,2544.3540270000003,1.0057593451400622,-5.551003518993147,232.1600000000035,1429.199999999997,108.80000000000291,1770.1600000000035,0.13115198626113064,0.505425364386535,0.49457463561346504,302.35311823038415,16,3,6,2,False,False,1,1,low_vol,bull_stable
2025-06-12 20:00:00,106789.8,106960.77,105671.72,105671.73,4057.43518,1749772799999,430693897.3193397,913965.0,1721.63119,182755824.414243,0,-0.010460553915766502,-0.010515650070894136,106803.192,-437.6640000000043,107825.129,-377.50100000000384,108668.9635,-98.20899999998801,106428.85720000001,7.469200000021374,106198.89550000001,-38.75429999998596,106032.5798,12.664800000013201,0.004734860258944845,0.006529184879503294,0.007102491053249627,110530.17,105671.72,2.05826961165831e-06,26.34912326616069,-32.96050179091981,480.65852217131385,-513.6190239622337,108668.9635,111228.87757542668,106109.04942457331,-0.08541681706649186,2850.05011,1.423636435641477,-42.44301946011776,1118.070000000007,170.97000000000116,0.00999999999476131,1289.050000000003,0.8673596834878433,0.4243151433413657,0.5756848566586342,225.2568333081787,20,3,6,2,False,False,1,1,low_vol,bull_stable
2025-06-13 00:00:00,105671.74,105694.0,102664.31,104277.22,11535.37443,1749787199999,1198076597.889339,1915386.0,5123.38754,531939857.4564956,0,-0.013196623164965615,-0.013284472327283388,106131.93000000001,-671.2619999999879,107327.64199999999,-497.48700000000827,108454.5885,-214.375,106416.13119999999,-12.726000000024214,106145.8128,-53.082700000013574,106038.00915,5.429349999991246,0.005577091236897385,0.0066749669340350724,0.00732987424558004,110530.17,102664.31,0.20505195871780116,16.997213447880384,-295.1449664552347,325.49782444600413,-620.6427909012389,108454.5885,111682.26231771584,105226.91468228416,-0.1471175118550604,3840.212033,3.0038378951144753,-152.22798941949003,1394.520000000004,22.25999999999476,1612.9100000000035,3029.6900000000023,0.46028471559796647,0.44414575106254267,0.5558542489374574,166.0445451184197,0,4,6,2,False,False,1,1,low_vol,bull_stable
2025-06-13 04:00:00,104277.22,104970.12,103782.75,104895.0,3355.01643,1749801599999,350214514.2909118,666305.0,1885.93155,196957158.4243126,0,0.0059244003628020625,0.005906920109009515,105730.73999999999,-401.1900000000169,106843.572,-484.06999999999243,108186.1875,-268.400999999998,106420.094,3.9628000000084285,106093.3617,-52.45110000000568,106038.43649999998,0.42734999998356216,0.005860434047119925,0.005589012773505367,0.007373014418920925,110400.0,102664.31,0.2883634168380586,15.614465039752389,-447.9150744804938,170.8152446607046,-618.7303191411984,108186.1875,111663.76638139597,104708.60861860403,0.02679901560150163,3735.786911,0.8980748929017274,19.87646055509888,617.7799999999988,75.11999999999534,494.47000000000116,1187.3699999999953,0.5202927478376591,0.5621228954756564,0.4378771045243436,198.59962354938452,4,4,6,2,False,False,1,1,low_vol,bull_stable
2025-06-13 08:00:00,104895.01,105434.34,104425.79,105039.48,3146.66203,1749815999999,330123262.698738,619698.0,1741.46629,182779920.9998648,0,0.001377377377377309,0.0013764296632975952,105334.446,-396.2939999999944,106473.28300000001,-370.28899999998976,107959.7605,-226.42699999999604,106419.9406,-0.1533999999955995,106044.9778,-48.38390000000072,106043.59875,5.16225000002305,0.005885497601986962,0.005576165281786429,0.007360380997077437,110400.0,102664.31,0.30704048378360527,18.419842458945823,-550.9768391785765,26.456827892848366,-577.4336670714249,107959.7605,111642.18844529847,104277.33255470154,0.1034843663772873,3766.699897,0.8353896291303081,4.334141094374159,144.47000000000116,394.8600000000006,469.22000000000116,1008.5500000000029,0.14324525308611447,0.5534328991791979,0.44656710082080214,196.9382139206097,8,4,6,2,False,False,1,1,low_vol,bull_stable
2025-06-13 12:00:00,105039.48,105747.47,104118.0,105436.87,3901.15519,1749830399999,409648641.6286346,1025707.0,1931.5671,202874563.5141173,0,0.0037832441668599337,0.003776105697364125,105064.06000000001,-270.38599999998405,106152.45800000001,-320.8249999999971,107771.347,-188.41350000000966,106438.31700000001,18.37640000000829,106009.9648,-35.012999999991735,106053.85574999999,10.256999999983236,0.006283005579020458,0.005718447811978207,0.0073422595272211455,110400.0,102664.31,0.35841146685040337,23.396612967216328,-593.7436709029571,-97.58327186631273,-496.1603990366444,107771.347,111569.27780519059,103973.4161948094,0.1926646219028674,3971.688026,0.9822410935757622,14.759022616582856,397.3899999999994,310.6000000000058,921.4799999999959,1629.4700000000012,0.24387684339079524,0.49512695751024455,0.5048730424897554,262.9239161336722,12,4,6,2,False,False,1,1,low_vol,bull_stable
2025-06-13 16:00:00,105436.87,105981.0,104668.73,105110.0,2950.53869,1749844799999,310921173.1640916,857134.0,1385.45781,146063615.8394603,0,-0.0031001489327214804,-0.0031049643493385355,104951.714,-112.346000000005,105877.45300000001,-275.00500000000466,107549.78300000001,-221.56399999998393,106443.96100000001,5.644000000000233,105972.42840000002,-37.53639999998268,106056.14570000001,2.289950000020326,0.006105814948438688,0.005610406150252812,0.007345783888031701,110400.0,102664.31,0.31615667122131336,22.99321519806064,-646.5592379701702,-207.37846508708424,-439.180772883086,107549.78300000001,111429.11054109802,103670.455458902,0.1855404739413356,3891.058445,0.7582869113136643,-9.147109370756935,326.86999999999534,544.1300000000047,441.2700000000041,1312.270000000004,0.24908745913569183,0.46956097023760773,0.5304390297623922,290.5008508802167,16,4,6,2,False,False,1,1,low_vol,bull_stable
2025-06-13 20:00:00,105110.01,106179.53,105020.87,106066.59,1292.07057,1749859199999,136477701.0212552,368347.0,725.89676,76685239.7609687,0,0.009100846731995071,0.009059683584213472,105309.58799999999,357.8739999999816,105720.75899999999,-156.6940000000177,107402.34150000001,-147.44150000000081,106474.663,30.70199999999022,105944.9299,-27.498500000016065,106065.72865,9.582949999996345,0.007139897596925439,0.006091851868394947,0.007442490412049211,110400.0,102664.31,0.4398159698746974,27.46687072181227,-604.2615855245967,-286.7550891745868,-317.50649635000997,107402.34150000001,111271.26233563267,103533.42066436735,0.32737414944009996,3786.4974120000006,0.3412310717300973,11.75893622449151,956.5800000000017,112.94000000000233,89.13999999999942,1158.6600000000035,0.8255916317124945,0.5618089111030522,0.43819108889694786,285.08272578331383,20,4,6,2,False,False,1,1,low_vol,bull_stable
2025-06-14 00:00:00,106066.59,106252.0,105197.96,105228.82,3017.48753,1749873599999,318910479.5396365,331857.0,1373.31624,145242101.076088,0,-0.00789852865072771,-0.007929887261890345,105376.352,66.76400000001013,105553.546,-167.21299999998882,107187.4675,-214.8740000000107,106540.94399999999,66.28099999998813,105908.5143,-36.415600000007544,106069.77275,4.044099999999162,0.00723874322774612,0.006085213505070403,0.006597912286978496,110392.01,102664.31,0.33185941483235765,28.001898314932433,-631.066882491461,-355.61744783796166,-275.44943465349934,107187.4675,111037.01113221592,103337.92386778408,0.24560003897494068,3901.603329,0.7733968001235525,-23.83371170891859,837.7699999999895,185.4100000000035,30.860000000000582,1054.0399999999936,0.7948180334712104,0.45511911030167546,0.5448808896983246,109.97791927908979,0,5,6,2,False,False,1,1,low_vol,bull_stable
2025-06-14 04:00:00,105228.83,105397.06,104792.98,105076.59,1002.68077,1749887999999,105458707.26951,163176.0,457.96315,48170785.4324291,0,-0.0014466569139519603,-0.0014477043323572294,105383.774,7.422000000005937,105359.11000000002,-194.43599999998696,106927.57749999998,-259.89000000001397,106612.3022,71.35820000001695,105888.20710000001,-20.307199999981094,106074.5657,4.792950000002747,0.007178627535409442,0.005725182500705826,0.006571147817734743,110392.01,102664.31,0.31216015114458373,27.81043674861735,-657.0202418530534,-415.89800664098004,-241.1222352120734,106927.57749999998,110597.25528291774,103257.89971708223,0.24779972391359806,3681.7428659999996,0.2723386196411252,-1.4505350684071754,152.24000000000524,168.22999999999593,283.6100000000006,604.0800000000017,0.2520196000529811,0.45673873849201274,0.5432612615079874,162.73973220808853,4,5,6,2,False,False,1,1,low_vol,bull_stable
2025-06-14 08:00:00,105076.59,105132.36,104836.06,105082.01,786.7679,1749902399999,82605938.0816111,152044.0,359.37051,37733270.968887,0,5.158142265559995e-05,5.158009237976318e-05,105312.802,-70.97200000000885,105188.43100000001,-170.67900000000373,106695.5305,-232.04699999999139,106664.0764,51.77419999999984,105869.56710000001,-18.639999999999418,106079.47510000001,4.909400000004098,0.007200549549828426,0.005715642826660903,0.006442233988894593,110392.01,102664.31,0.3128615241274892,30.871076492557776,-669.4342955767934,-466.60526442814273,-202.82903114865064,106695.5305,110204.35057979333,103186.71042020665,0.27007648393088435,3504.5188719999996,0.22450097395280916,0.0405826075817588,5.419999999998254,50.35000000000582,240.52999999999884,296.3000000000029,0.018292271346602093,0.45676813962542195,0.543231860374578,193.25140235131605,8,5,6,2,False,False,1,1,low_vol,bull_stable
2025-06-30 04:00:00,108503.74,108538.76,107481.31,107614.08,1581.27553,1751270399999,170671513.0980289,220883.0,668.40382,72107363.7381807,0,-0.008199348704477916,-0.008233148247018622,107926.456,-172.60599999999977,107724.48799999998,16.479999999981374,107467.0305,33.35099999999511,105777.29040000001,109.88140000001295,105408.4718,21.772099999987404,105709.21830000001,-6.620449999987613,0.0058767409391350675,0.004666823324433831,0.00819493983908289,108789.99,106356.76,0.5167287925925628,55.31543163192735,481.995104052432,519.1284752152326,-37.133371162800586,107467.0305,108431.92337751201,106502.13762248798,0.5761999095584459,1085.551277,1.456656690018338,-12.965429468328129,889.6600000000035,35.01999999998952,132.77000000000407,1057.449999999997,0.841325831008564,0.42269914845264195,0.5773008515473581,139.6865984513148,4,0,6,2,False,False,1,1,low_vol,bull_stable
2025-06-30 08:00:00,107614.07,107964.33,107400.0,107654.2,1242.20442,1751284799999,133689642.8742885,170564.0,580.79494,62511994.2678348,0,0.0003728136689920003,0.0003727441912437398,107907.152,-19.304000000003725,107767.334,42.84600000001956,107475.8525,8.822000000000116,105882.8664,105.57599999998638,105433.9138,25.44199999999546,105703.17109999999,-6.047200000015437,0.005823378194268279,0.0045376560704718915,0.008192944885933822,108789.99,106356.76,0.5332171640165528,53.46020862692051,440.5689676254551,503.4165736972771,-62.847606071821986,107475.8525,108444.37796688017,106507.32703311981,0.5920716625937043,1159.8627579999998,1.0709925906595927,0.4631107874582797,40.129999999990105,310.13000000000466,214.07000000000698,564.3300000000017,0.07111087484271611,0.4675518221067028,0.5324481778932971,137.30751336402426,8,0,6,2,False,False,1,1,low_vol,bull_stable
2025-06-30 12:00:00,107654.21,107858.79,106733.33,107580.46,2980.03437,1751299199999,319906008.3367137,565229.0,1260.03921,135237843.4066834,0,-0.0006849709532930071,-0.000685205653077578,107941.88200000001,34.73000000001048,107795.701,28.36699999999837,107511.39000000001,35.53750000002037,105985.9834,103.11699999999837,105449.0525,15.13870000001043,105696.99119999999,-6.179900000002817,0.005832573505283737,0.004337895773186976,0.008196224300721805,108789.99,106356.76,0.5029117674860192,50.953612057908074,397.2094707937649,482.1751531165747,-84.96568232280976,107511.39000000001,108437.49937464815,106585.28062535188,0.5372904118513188,1419.941899,2.09870162441062,-2.0412369832648256,73.75,204.5799999999872,847.1300000000047,1125.4599999999919,0.06552876157304616,0.4228270729642625,0.5771729270357375,189.67197348129915,12,0,6,2,False,False,1,1,low_vol,bull_stable
2025-06-30 16:00:00,107580.47,107807.94,107116.4,107745.97,1314.82691,1751313599999,141374468.9717099,326127.0,620.90681,66759615.2459664,0,0.0015384764110508709,0.0015372941686299106,107819.68999999999,-122.19200000002456,107849.22,53.51900000000023,107549.5085,38.118499999982305,106086.1132,100.12980000000971,105474.224,25.17149999999674,105691.36914999998,-5.622050000005402,0.005831328687043509,0.004343340981572385,0.008191229643192077,108789.99,106356.76,0.5709324642553316,53.68229006064347,371.9148283097602,460.1230881552118,-88.20825984545161,107549.5085,108446.44812914338,106652.56887085662,0.6095176830282518,1498.0211370000002,0.8777091841528534,2.0228301856499065,165.5,61.970000000001164,464.070000000007,691.5400000000081,0.23932093588223102,0.47223463809392213,0.5277653619060778,248.03797178139592,16,0,6,2,False,False,1,1,low_vol,bull_stable
2025-06-30 20:00:00,107745.97,107764.73,106900.02,107146.5,1071.61541,1751327999999,114953022.855324,215207.0,427.35375,45837440.7637926,0,-0.005563734773560425,-0.0055792699952403576,107548.242,-271.4479999999894,107823.652,-25.5679999999993,107541.421,-8.08749999999418,106250.91900000001,164.8058000000019,105494.92309999999,20.699099999983446,105691.56509999999,0.19595000000845175,0.006109665232884393,0.004488218675763577,0.006134351617983381,108789.99,106446.45,0.29871476484293014,47.28821027968746,300.03777418912796,428.106025361995,-128.06825117286706,107541.421,108450.35679776542,106632.48520223459,0.28275638336013337,1571.125015,0.6820688358780922,-5.9621839205002125,599.4700000000012,18.75999999999476,246.47999999999593,864.7099999999919,0.6932613246059451,0.3987939572462848,0.6012060427537153,200.8248462944369,20,0,6,2,False,False,1,1,low_vol,bull_stable
2025-07-01 00:00:00,107146.51,107540.0,107026.93,107192.38,973.46,1751342399999,104408384.4211499,229316.0,428.82279,45990264.3971503,0,0.000428198774575117,0.0004281071236421213,107463.902,-84.33999999999651,107695.179,-128.47299999999814,107560.98899999999,19.56799999998475,106417.1098,166.19079999999667,105516.02679999999,21.10370000000694,105692.79695,1.2318500000110362,0.004972628094096921,0.004352425790393015,0.006130966679445076,108789.99,106733.33,0.2232016959536346,49.6913968547641,243.96455202408833,391.2777306944137,-147.31317867032539,107560.98899999999,108418.18862639455,106703.78937360542,0.2849923234624029,1469.578248,0.66240773590982,0.41683437909789345,45.870000000009895,347.61999999999534,119.58000000000175,513.070000000007,0.08940300543787255,0.4405140324204384,0.5594859675795616,235.5679740307768,0,1,7,3,False,False,1,1,low_vol,bull_stable
2025-07-01 04:00:00,107192.39,107203.11,106615.97,107178.99,1267.97836,1751356799999,135558637.9649543,217668.0,561.02003,59977395.8990955,0,-0.00012491559567950894,-0.00012492339828231553,107368.86000000002,-95.04199999998673,107638.00600000001,-57.17299999999523,107567.55900000001,6.570000000021537,106541.4122,124.30240000000049,105539.40370000001,23.376900000017486,105689.783,-3.0139500000077533,0.004581405724579975,0.004324057645314655,0.0054569741789429384,108789.99,106615.97,0.25897645835825017,48.89851776771265,196.18416939307644,352.2590184341463,-156.07484904106985,107567.55900000001,108410.07897975773,106725.03902024229,0.2694007208519012,1464.33019,0.8659101401166905,-0.15839027214812684,13.39999999999418,10.720000000001164,563.0200000000041,587.1399999999994,0.02282249548658615,0.4424523696129956,0.5575476303870044,171.6653902516128,4,1,7,3,False,False,1,1,low_vol,bull_stable
2025-07-01 08:00:00,107178.99,107178.99,106301.86,106605.8,1434.81634,1751371199999,152936770.8879768,261927.0,624.47379,66554371.162071,0,-0.005347969784003426,-0.005362321365159273,107173.928,-194.93200000001525,107557.905,-80.10100000000966,107532.8425,-34.716500000009546,106650.4454,109.03319999999076,105559.005,19.601299999994808,105682.5876,-7.19539999999688,0.004767940174991441,0.004450898923789193,0.0055340415308955575,108789.99,106301.86,0.12215599667220031,44.81551181588206,110.78912124178896,303.96503899567483,-193.17591775388587,107532.8425,108473.28998575822,106592.39501424177,0.007126918813239725,1488.958874,0.9636373207175635,-7.673354431914386,573.1900000000023,0.0,303.9400000000023,877.1300000000047,0.6534835201167436,0.43522907607812716,0.5647709239218728,182.55089010207396,8,1,7,3,False,False,1,1,low_vol,bull_stable
2025-07-01 12:00:00,106605.79,107179.99,105623.39,105955.18,3974.69567,1751385599999,422558903.8920595,651087.0,1777.52682,189036901.2678155,0,-0.006103045050081746,-0.006121744751759409,106815.76999999999,-358.15800000001036,107317.73000000001,-240.17499999998836,107456.35149999999,-76.49100000000908,106730.92819999998,80.4827999999834,105564.4104,5.405399999988731,105672.9599,-9.627699999997276,0.003639000610890153,0.004603678670226036,0.005541093781234438,108789.99,105623.39,0.10477799532621518,38.50445045394316,-9.279695643024752,241.31609206793493,-250.59578771095968,107456.35149999999,108632.50129322219,106280.20170677779,-0.1381719015089758,1740.507528,2.283641757394341,-24.257746734374848,650.6100000000006,574.2000000000116,331.7899999999936,1556.6000000000058,0.4179686496209676,0.44721079739923836,0.5527892026007616,163.80801300442707,12,1,7,3,False,False,1,1,low_vol,bull_stable
2025-07-01 16:00:00,105955.19,106287.95,105387.68,105398.53,1690.90273,1751399999999,179006382.3740085,401818.0,732.1006,77522695.6593055,0,-0.005253636490448077,-0.0052674853645637435,106466.176,-349.59399999998277,107007.209,-310.5210000000079,107357.6085,-98.74299999998766,106813.11859999999,82.19040000000678,105563.6602,-0.7501999999949476,105656.05335,-16.906549999999697,0.0035129220448302714,0.004714823485682716,0.005515724228107138,108789.99,105387.68,0.0031890098198006007,23.34775065535908,-147.65008271069382,163.52285711220918,-311.172939822903,107357.6085,108851.70584840035,105863.51115159965,-0.15560604270447514,1753.180974,0.9644770021329241,-8.883388284126273,556.6600000000035,332.75999999999476,10.85000000000582,900.2700000000041,0.618325613427084,0.4329643491675006,0.5670356508324994,237.635195017989,16,1,7,3,False,False,1,1,low_vol,bull_stable
2025-07-01 20:00:00,105398.52,106100.0,105250.85,105681.14,1163.77127,1751414399999,122963866.3524876,251473.0,524.97324,55467647.7983407,0,0.0026813466943040876,0.0026777582973162507,106163.928,-302.24800000000687,106813.915,-193.29400000000896,107269.20150000001,-88.40699999999197,106898.32740000001,85.20880000002217,105566.1916,2.5314000000071246,105649.35960000001,-6.693749999991269,0.0033691466169828706,0.004770958966745026,0.0055216817338896804,108789.99,105250.85,0.12158038393507849,30.591670917984587,-231.83292063881527,84.4517015620043,-316.28462220081957,107269.20150000001,108939.33415943077,105599.06884056925,0.024570251640586172,1711.4305480000003,0.679999121997675,3.1204742477405696,282.61999999999534,418.8600000000006,147.66999999999825,849.1499999999942,0.33282694459164724,0.45109658017249393,0.5489034198275061,216.084557578054,20,1,7,3,False,False,1,1,low_vol,bull_stable
2025-07-02 00:00:00,105681.13,106216.08,105100.19,106194.7,1453.64233,1751428799999,153659545.1679964,278146.0,660.1804,69811274.3502963,0,0.004859523657674281,0.00484775428620973,105967.06999999999,-196.85800000000745,106667.96500000001,-145.94999999998254,107217.64950000001,-51.55199999999604,106958.99559999998,60.668199999970966,105578.4335,12.24189999999362,105651.67440000002,2.3148000000073807,0.0039416150175001965,0.00492425790918875,0.005031804834407015,108789.99,105100.19,0.2966312537264876,38.98348217612831,-254.17841564641276,16.725678120320893,-270.90409376673364,107217.64950000001,108955.69995792561,105479.59904207442,0.20571927433541473,1732.574339,0.8390071913676195,7.064009292431763,513.5699999999924,21.380000000004657,580.9400000000023,1115.8899999999994,0.4602335355635347,0.4541560096148273,0.5458439903851726,191.3441802427424,0,2,7,3,False,False,1,1,low_vol,bull_stable
2025-07-02 04:00:00,106194.7,107186.78,106131.55,107080.0,1903.51108,1751443199999,203133552.7917581,227442.0,931.22914,99363444.7563415,0,0.008336574235814131,0.008302016927692602,106061.91,94.84000000001106,106617.919,-50.04600000001665,107206.81000000001,-10.839500000001863,106993.91699999999,34.92140000000654,105593.5935,15.160000000003492,105659.12565000002,7.451249999998254,0.005002257302808763,0.0053017831214398825,0.004234005821131118,108789.99,105100.19,0.5365629573418603,38.255976720359286,-198.16672751112492,-26.252803005968268,-171.91392450515664,107206.81000000001,108945.48622928349,105468.13377071654,0.4635326008763944,1624.9220099999998,1.1714476561247393,15.868761427114732,885.3000000000029,106.77999999999884,63.14999999999418,1055.229999999996,0.8389640173232435,0.4892165586974151,0.5107834413025849,119.48551410585958,4,2,7,3,False,False,1,1,low_vol,bull_stable
2025-07-02 08:00:00,107080.0,107860.23,107080.0,107479.99,2147.6808,1751457599999,231148508.8602808,251471.0,984.42993,105944651.9585632,0,0.0037354314531192756,0.0037284720545688143,106366.872,304.96199999999953,106591.321,-26.597999999998137,107220.27050000001,13.460500000001048,107045.1248,51.207800000018324,105615.45150000001,21.85800000000745,105666.40394999999,7.278299999976298,0.005145720444871103,0.005366305075405682,0.004214986739575083,108789.99,105100.19,0.6449672068946829,41.00346416061332,-120.11658179244841,-45.0255587632643,-75.09102302918411,107220.27050000001,108963.23918613978,105477.30181386025,0.5745049242896053,1708.2073990000001,1.2572716880030326,8.022514411580369,399.99000000000524,380.2399999999907,0.0,780.2299999999959,0.5126565243582114,0.4583688274346914,0.5416311725653086,117.0895600500782,8,2,7,3,False,False,1,1,low_vol,bull_stable
2025-07-02 12:00:00,107479.98,108759.2,107186.1,108737.74,3227.14121,1751471999999,348553235.4854115,567794.0,1759.59956,190145339.2882083,0,0.011702178238014449,0.011634237274750183,107034.71399999999,667.8419999999896,106750.44499999999,159.12399999999616,107287.0485,66.77799999999115,107121.2048,76.08000000000175,105646.88880000002,31.437300000005052,105684.95255,18.548600000009174,0.005987053390210526,0.005952556528677055,0.004502666996580801,108789.99,105100.19,0.9858393408856849,59.274519708540126,42.73600054318376,-27.47324690197469,70.20924744515845,107287.0485,109157.06965584216,105417.02734415785,0.8878810395989041,1923.759979,1.677517593269363,37.76458163866162,1257.7600000000093,21.45999999999185,293.8799999999901,1573.0999999999913,0.7995423050028709,0.5452502526221963,0.4547497473778037,175.94333902729966,12,2,7,3,False,False,1,1,low_vol,bull_stable
2025-07-02 16:00:00,108737.75,109730.0,108650.97,109676.14,5656.10907,1751486399999,618402032.2659886,797725.0,3457.76322,378067654.6699123,0,0.008629938418804661,0.008592913363720332,107833.71399999999,799.0,106998.821,248.37600000000384,107347.0,59.951499999995576,107211.3276,90.12279999999737,105684.43179999999,37.54299999997602,105703.93069999998,18.978149999980815,0.006374474009826001,0.005845320952733413,0.004635277598076109,109730.0,105100.19,0.9883666932336315,64.53365842157775,244.69815478853707,26.96103343612766,217.73712135240942,107347.0,109441.11601800985,105252.88398199015,1.0561153202518128,2392.024886,2.364569492192148,48.81187296414251,938.3899999999994,53.86000000000058,86.77999999999884,1079.0299999999988,0.869660713789237,0.6113324862032761,0.38866751379672393,141.03776821262747,16,2,7,3,False,False,1,1,low_vol,bull_stable
2025-07-02 20:00:00,109676.14,109676.14,108720.0,108849.6,3303.81143,1751500799999,360802131.3058543,322130.0,1455.22804,158929373.1855536,0,-0.007536187907415393,-0.007564728453196338,108364.69399999999,530.9799999999959,107165.88200000001,167.06100000001607,107401.94399999999,54.94399999998859,107283.425,72.09739999999874,105702.3098,17.878000000011525,105720.4637,16.53300000001036,0.007080913639003763,0.005902977046585868,0.004784651655514272,109730.0,105100.19,0.8098410085943063,58.23169703432155,334.20721404301,88.41026955750414,245.7969444855059,107401.94399999999,109595.94150847071,105207.94649152926,0.8299128632577782,2595.608193,1.2728467412415816,-24.898143747146758,826.5399999999936,0.0,129.60000000000582,956.1399999999994,0.8644549961302677,0.44046946105516677,0.5595305389448332,97.50253815182181,20,2,7,3,False,False,1,1,low_vol,bull_stable
2025-07-03 00:00:00,108849.59,109115.03,108530.4,108628.21,1439.99562,1751515199999,156735199.7288773,291274.0,704.80511,76724063.5832751,0,-0.002033907336361329,-0.0020359785347814113,108674.33600000001,309.64200000002165,107368.12299999999,202.24099999997998,107463.014,61.070000000006985,107343.1254,59.70040000000154,105719.752,17.442199999990407,105740.40225,19.938550000006217,0.00679282979704235,0.005870205502422886,0.004778460118120734,109730.0,105100.19,0.7620226315982742,55.681065946831474,382.86602440997376,147.30142052799806,235.5646038819757,107463.014,109724.53806905673,105201.48993094327,0.7576129999991572,2596.1261210000002,0.5546709030628022,-2.9288176558461805,221.3799999999901,265.4400000000023,97.81000000001222,584.6300000000047,0.3786668491182258,0.4894494817977294,0.5105505182022706,202.27422636188297,0,3,7,3,False,False,1,1,low_vol,bull_stable
2025-07-03 04:00:00,108628.2,109548.0,108566.14,109280.0,1560.58968,1751529599999,170410389.4200961,253465.0,827.35439,90337396.4345138,0,0.006000190926463755,0.005982261465266785,109034.33800000002,360.0020000000077,107700.60500000001,332.48200000001816,107509.16750000001,46.1535000000149,107407.0654,63.94000000000233,105738.3024,18.550400000007357,105766.87485000001,26.472600000008242,0.006265893028610972,0.00569110354866135,0.004813594985569051,109730.0,105100.19,0.9028037867644676,63.64643484890739,468.6205222825665,211.56524087891177,257.05528140365476,107509.16750000001,109882.4211934401,105135.91380655993,0.8730811638247421,2354.715522,0.6627508356824771,9.363836037868976,651.8000000000029,268.0,62.05999999999767,981.8600000000006,0.6638420956144486,0.5301549796228308,0.46984502037716924,162.41617079000548,4,3,7,3,False,False,1,1,low_vol,bull_stable
2025-07-03 08:00:00,109279.99,110273.21,109279.99,109599.19,3249.5488,1751543999999,356863247.051213,398776.0,2028.27393,222780401.5854912,0,0.0029208455344069684,0.0029165881531763014,109206.628,172.28999999997905,108120.671,420.0659999999916,107563.93999999999,54.7724999999773,107474.409,67.34359999999288,105747.77429999999,9.471899999989546,105796.45074999999,29.57589999998163,0.0055449758623480234,0.005715080689294855,0.004823498599352307,110273.21,105100.19,0.8697047372714578,64.87453602245631,555.9291400199872,280.4380207071269,275.49111931286035,107563.93999999999,110080.10254396721,105047.77745603277,0.9044353185528002,2510.5801290000004,1.294341798719781,9.491430101317523,319.1999999999971,674.0200000000041,0.0,993.2200000000012,0.3213789492760886,0.6241709402856175,0.37582905971438246,122.71734463566142,8,3,7,3,False,False,1,1,low_vol,bull_stable
2025-07-03 12:00:00,109599.18,110529.18,108749.99,109127.84,4201.7259,1751558399999,461047557.4525379,1024223.0,2152.70217,236318361.3164496,0,-0.004300670470283596,-0.004309944954081492,109096.968,-109.66000000000349,108465.34099999999,344.6699999999837,107639.628,75.6880000000092,107524.96559999998,50.5565999999817,105771.10739999998,23.333099999988917,105823.35484999999,26.904099999999744,0.0061284861541531,0.005463029271679519,0.004855466810739085,110529.18,105100.19,0.7418783235924179,61.39901009904853,580.3973830903851,340.4298931837785,239.9674899066066,107639.628,110251.39477345637,105027.86122654362,0.7849052249084482,2814.375592,1.4929513715026563,-18.070238502355767,471.3399999999965,930.0,377.84999999999127,1779.1899999999878,0.26491830552105156,0.5123376015555893,0.4876623984444107,243.7624500922347,12,3,7,3,False,False,1,1,low_vol,bull_stable
2025-07-03 16:00:00,109127.85,109910.1,109020.8,109803.41,1688.44383,1751572799999,184886197.6476967,409043.0,898.7079,98436336.2275706,0,0.006190629265639291,0.006171546037915766,109287.73000000001,190.762000000017,108826.21200000001,360.8710000000283,107747.0885,107.46050000000105,107577.0734,52.1078000000125,105793.2374,22.13000000001921,105854.881,31.526150000005146,0.006182000503483599,0.005597214920367784,0.004868665090709637,110529.18,105100.19,0.8663158340685854,68.48177779627336,646.8450677399524,401.71292809501335,245.132139644939,107747.0885,110532.46693952662,104961.71006047337,0.86912784826996,2837.855742,0.5949716911297459,10.452529787386093,675.5599999999977,106.69000000000233,107.05000000000291,889.3000000000029,0.7596536601821606,0.5322699423172401,0.4677300576827598,242.260354020779,16,3,7,3,False,False,1,1,low_vol,bull_stable
2025-07-03 20:00:00,109803.41,110000.0,109510.0,109584.78,906.77842,1751587199999,99516457.3379051,192163.0,350.05336,38425588.7643767,0,-0.0019911039192681557,-0.0019930888018527817,109479.044,191.31399999998393,109076.69000000002,250.4780000000028,107847.3045,100.21600000000035,107628.209,51.13560000000871,105821.5,28.26260000000184,105880.0245,25.143500000005588,0.006121447684017275,0.005625503312006409,0.004872528925845455,110529.18,105100.19,0.8260449917940546,72.08129733097128,674.0931959669251,456.18898166939573,217.9042142975294,107847.3045,110749.22988817691,104945.37911182309,0.7993659842322035,2738.1824760000004,0.3311606979987114,-1.8054900659697857,218.63000000000466,196.5899999999965,74.77999999999884,490.0,0.44618367346939725,0.3860406823532479,0.6139593176467522,211.9183647974331,20,3,7,3,False,False,1,1,low_vol,bull_stable
2025-07-04 00:00:00,109584.77,109767.59,109103.71,109235.57,1002.72236,1751601599999,109696511.7433566,243872.0,440.34578,48177788.839732,0,-0.0031866651555078063,-0.0031917533854466215,109470.15800000001,-8.885999999984051,109252.24799999999,175.55799999997544,107921.7845,74.47999999999593,107657.68680000001,29.477800000007846,105857.44100000002,35.94100000002072,105902.71225,22.687749999997322,0.006332806312335645,0.005697733908421259,0.0048111270522189645,110529.18,105100.19,0.7617217935564463,73.9477336954894,659.9022628574021,496.931637906997,162.97062495040507,107921.7845,110888.49911252096,104955.06988747903,0.7214209439720294,2623.686632,0.3821806871942015,-3.1953404052605543,349.1999999999971,182.81999999999243,131.86000000000058,663.8799999999901,0.5259986744592431,0.4391502549120377,0.5608497450879624,243.2098951099485,0,4,7,3,False,False,1,1,low_vol,bull_stable
2025-07-04 04:00:00,109235.58,109329.6,108700.0,108700.0,1609.06105,1751615999999,175331785.0625571,266587.0,602.65785,65679935.0823049,0,-0.004902890148328121,-0.004914948745027432,109290.31999999999,-179.83800000001793,109248.474,-3.7739999999903375,107999.4595,77.67500000000291,107684.87520000001,27.188399999999092,105902.02470000001,44.58369999998831,105923.25285,20.540600000007544,0.005526836449848251,0.005661283972140921,0.004830836432394135,110529.18,105100.19,0.6630717684136467,68.26459541349234,598.5402239498362,517.2533551155649,81.28686883427133,107999.4595,110962.05133321807,105036.86766678192,0.6182310185536174,2461.8786160000004,0.6535907333296402,-7.889049570103501,535.5800000000017,94.02000000000407,0.0,629.6000000000058,0.8506670902160051,0.37454007727052996,0.62545992272947,165.6786111378434,4,4,7,3,False,False,1,1,low_vol,bull_stable
2025-07-04 08:00:00,108700.0,109111.0,108518.83,108888.0,1086.39121,1751630399999,118286241.0017868,214025.0,508.73831,55389545.4514621,0,0.0017295308187672553,0.0017280369026087138,109242.352,-47.96799999999348,109169.66,-78.81399999999849,108084.2405,84.78100000000268,107705.55940000001,20.68420000000333,105944.04350000001,42.018800000005285,105945.7877,22.534849999996368,0.004694886079898657,0.005665046923877757,0.004791710293034446,110529.18,105100.19,0.6977006772898834,66.96314752578515,558.6407322251034,525.5308305374726,33.10990168763078,108084.2405,111046.63230749498,105121.84869250502,0.63566056623004,2004.90683,0.5418661823801558,1.8789470789328493,188.0,223.0,181.16999999999825,592.1699999999983,0.3174764003580062,0.46828279289925406,0.531717207100746,197.00545993924234,8,4,7,3,False,False,1,1,low_vol,bull_stable
2025-07-04 12:00:00,108888.0,108978.64,107505.0,107573.29,3616.08946,1751644799999,390584703.4458293,627971.0,1611.09807,174018911.5378712,0,-0.012073965909925821,-0.012147448318040854,108796.32800000001,-446.02399999999034,109042.02900000001,-127.63099999999395,108103.9555,19.714999999996508,107700.74540000001,-4.813999999998487,105974.2647,30.2211999999854,105962.2744,16.486699999994016,0.005566287929524184,0.006355739743054562,0.005096417052403792,110529.18,105100.19,0.45553592841393986,52.94744678893268,416.13701953794225,503.65206833756656,-87.51504879962431,108103.9555,111046.16029882144,105161.75070117855,0.409818395338664,2036.1346330000001,1.775957935881738,-43.66054086728207,1314.7100000000064,90.63999999999942,68.2899999999936,1473.6399999999994,0.8921514073993695,0.44553601005214066,0.5544639899478593,173.66025009790548,12,4,7,3,False,False,1,1,low_vol,bull_stable
2025-07-04 16:00:00,107573.29,107922.5,107245.0,107469.23,3431.70312,1751659199999,369211260.116922,450795.0,1028.2864,110643824.9961749,0,-0.000967340498742697,-0.0009678086745108894,108373.218,-423.11000000001513,108926.13100000001,-115.89800000000105,108147.12700000001,43.17150000001129,107703.6218,2.876399999979185,105997.1086,22.843900000007125,105979.20715,16.932750000007218,0.005557996635518543,0.006228591753763442,0.005056967798627126,110529.18,105100.19,0.4363684589582957,49.93335117242467,291.4454267541005,461.21074002087335,-169.76531326677286,108147.12700000001,111021.3256200793,105272.92837992072,0.38207199821470395,2235.305383,1.5352278691309358,-3.3196254076376697,104.05999999999767,349.2100000000064,224.22999999999593,677.5,0.15359409594095597,0.2996431695991231,0.7003568304008769,131.3618877381211,16,4,7,3,False,False,1,1,low_vol,bull_stable
2025-07-04 20:00:00,107469.22,108279.33,107440.63,107984.24,1047.89895,1751673599999,113104610.2979134,171962.0,596.67181,64403221.0592109,0,0.004792162370568898,0.004780716512849372,108122.952,-250.2659999999887,108796.55500000001,-129.57600000000093,108248.58,101.45299999999406,107717.03460000001,13.41280000002007,106027.21860000001,30.110000000000582,105995.55285000001,16.34570000000531,0.005398374229619701,0.006103071231570469,0.0051013402095759644,110529.18,105100.19,0.5312314076835669,44.85975697940629,231.51468680377002,415.27152937745274,-183.75684257368272,108248.58,110934.05282561055,105563.10717438946,0.45078334111612195,2184.03631,0.4797992346564971,5.0217019163486585,515.0200000000041,295.0899999999965,28.589999999996508,838.6999999999971,0.614069393108389,0.5693982325299591,0.43060176747004086,164.10170083670758,20,4,7,3,False,False,1,1,low_vol,bull_stable
2025-07-05 00:00:00,107984.25,108259.99,107756.31,108154.72,766.63785,1751687999999,82824719.4582216,146244.0,436.76307,47195931.1554305,0,0.0015787488989134069,0.0015775039849692716,108013.896,-109.05600000001141,108652.10800000001,-144.44700000000012,108386.3895,137.80950000000303,107729.4694,12.434799999988172,106060.3599,33.141299999988405,106010.71675,15.163899999999558,0.005300927224149859,0.005925197805051326,0.005098212587049385,110529.18,105100.19,0.5626331969666557,38.40646193705712,195.52160351727798,371.3215442054178,-175.79994068813983,108386.3895,110715.25079583959,106057.52820416042,0.450261206965423,1935.7452149999997,0.39604274573913906,1.2103286615528415,170.47000000000116,105.27000000000407,227.94000000000233,503.68000000000757,0.3384490152477736,0.5697123746238202,0.4302876253761798,190.76021357411457,0,5,7,3,False,False,1,1,low_vol,bull_stable
2025-07-05 04:00:00,108154.72,108420.56,108000.0,108053.46,660.13042,1751702399999,71391425.6086205,133005.0,241.61303,26133771.6885227,0,-0.0009362513258782679,-0.0009366898829053052,107846.98800000001,-166.90799999998126,108544.67,-107.4380000000092,108505.0055,118.61599999999453,107751.5974,22.127999999996973,106092.8844,32.524499999999534,106022.76940000002,12.052650000012363,0.005195974413180735,0.005936281062641075,0.0050370498763315135,110529.18,105100.19,0.5439814772176794,43.17931812029021,157.0160071700957,328.4604367983534,-171.4444296282577,108505.0055,110466.37709463156,106543.63390536844,0.38489037435947626,1581.585667,0.41738518107094097,-0.6180479809775778,101.25999999999476,265.8399999999965,53.4600000000064,420.5599999999977,0.24077420582079923,0.36600802308125724,0.6339919769187429,201.4829130280044,4,5,7,3,False,False,1,1,low_vol,bull_stable
2025-07-05 08:00:00,108053.46,108219.19,107870.42,108112.21,675.37974,1751716799999,72993635.391305,114990.0,260.45259,28152891.6056083,0,0.0005437123438711833,0.0005435645858708841,107954.772,107.7839999999851,108375.55,-169.11999999999534,108600.88100000001,95.8755000000092,107764.28639999998,12.688999999983935,106135.9224,43.038000000000466,106039.18409999998,16.414699999964796,0.004603567026418654,0.005871560927617133,0.004990668464627998,110529.18,106131.55,0.4503925978311063,45.452606643424446,129.74505838334153,288.717361115351,-158.9723027320095,108600.88100000001,110249.23473053265,106952.52726946736,0.3517699839093112,1480.279258,0.4562515730393352,0.36721230143851036,58.75,106.97999999999593,183.04000000000815,348.7700000000041,0.16844912119734873,0.38563873710514324,0.6143612628948567,170.25977119183352,8,5,7,3,False,False,1,1,low_vol,bull_stable
2025-07-05 12:00:00,108112.2,108232.29,107971.0,108058.0,564.4708,1751731199999,61036349.7956326,115622.0,287.59907,31098920.2948607,0,-0.0005014234747399149,-0.0005015492295297845,108072.526,117.75400000000081,108222.872,-152.67799999999988,108649.781,48.89999999999418,107788.05219999999,23.765800000008312,106167.63459999999,31.712199999994482,106052.53575,13.351650000011432,0.004611493921648139,0.005610090956524641,0.004921433888372799,110529.18,107080.0,0.2835456543294354,37.96296296296304,102.57590980814712,251.48907085391025,-148.91316104576313,108649.781,110160.43782219173,107139.12417780828,0.3041312257997083,1446.048496,0.39035398989827524,-0.2830389099252196,54.19999999999709,120.08999999999651,87.0,261.2899999999936,0.20743235485475303,0.509502121278904,0.490497878721096,204.83256175518733,12,5,7,3,False,False,1,1,low_vol,bull_stable
2025-07-05 16:00:00,108058.0,108167.23,107864.75,108141.78,586.1961,1751745599999,63319613.8339829,113054.0,303.71947,32807203.425996,0,0.0007753243628421114,0.0007750239541743808,108104.03400000001,31.50800000001618,108113.49299999999,-109.37900000001537,108682.8705,33.08950000000186,107811.2158,23.163600000014412,106198.0522,30.417600000015227,106073.00645,20.47070000000531,0.004610412054799957,0.00555820529380766,0.004920602553154844,110529.18,107186.1,0.2858681216124043,34.945946671790054,86.80388844800473,218.55203437272917,-131.74814592472444,108682.8705,110112.45674089025,107253.28425910976,0.31075276030110216,1404.39587,0.4174008999328658,0.4544921177330306,83.77999999999884,25.44999999999709,193.25,302.4799999999959,0.27697699021422895,0.518119226654698,0.48188077334530205,192.86037556374052,16,5,7,3,False,False,1,1,low_vol,bull_stable
2025-07-05 20:00:00,108141.78,108250.0,107993.39,108198.12,484.16079,1751759999999,52362958.108985,87105.0,273.53805,29588089.1928829,0,0.0005209827321133176,0.0005208470677268941,108112.714,8.679999999993015,108063.30500000001,-50.18799999998009,108655.8895,-26.980999999999767,107829.0132,17.797399999995832,106233.6049,35.552700000000186,106091.8031,18.796650000003865,0.004414638471452386,0.004873405096715577,0.004904148375427203,110529.18,107245.0,0.29021551802885265,39.49606605235926,77.95203252826468,190.4320340038363,-112.48000147557161,108655.8895,110101.39562470646,107210.38337529355,0.34165770999656975,1291.9058440000001,0.37476476497771766,0.25223941115634224,56.33999999999651,51.88000000000466,148.38999999999942,256.6100000000006,0.21955496668094143,0.564973570040647,0.435026429959353,179.90924048186554,20,5,7,3,False,False,1,1,low_vol,bull_stable
2025-07-06 00:00:00,108198.12,108268.35,108025.97,108050.49,397.25464,1751774399999,42964165.0779616,76009.0,193.10968,20887137.262927,0,-0.0013644414524022208,-0.0013653731502352676,108112.12,-0.5940000000118744,107979.554,-83.75100000000384,108574.607,-81.28250000000116,107854.00260000002,24.989400000020396,106266.3475,32.742599999997765,106109.9274,18.124299999995856,0.004352598736838528,0.004406318893098083,0.004858372386552397,110529.18,107245.0,0.24526365789938645,27.513059184532196,58.3517233885359,164.01597188077622,-105.66424849224032,108574.607,109960.13584597636,107189.07815402365,0.3108603074118375,1222.992187,0.32482189520316207,-0.5420306979751214,147.6299999999901,70.23000000001048,24.520000000004075,242.38000000000466,0.6090849079956567,0.4861105712950263,0.5138894287049737,191.33571353628494,0,6,7,3,False,False,1,1,low_vol,bull_stable
2025-07-06 04:00:00,108050.49,108218.0,107930.45,108040.31,497.89684,1751788799999,53800914.5992056,71517.0,236.68469,25576783.948353,0,-9.421521364694208e-05,-9.421965217897036e-05,108097.73999999999,-14.380000000004657,108026.25600000001,46.70200000000477,108534.1425,-40.46450000000186,107873.85699999999,19.854399999967427,106305.7813,39.43379999999888,106120.839,10.911600000006729,0.0017848091423596905,0.0041059287701271045,0.004849410490872038,110529.18,107245.0,0.24216394960081342,29.06762731114418,41.51829915212875,139.51643733504673,-97.99813818291798,108534.1425,109933.06185649295,107135.22314350706,0.3234950078759259,911.1729249999999,0.5464350688427227,-0.046909457154737336,10.180000000007567,167.50999999999476,109.86000000000058,287.5500000000029,0.035402538688949624,0.4753689338538481,0.5246310661461518,143.63818818372096,4,6,7,3,False,False,1,1,low_vol,bull_stable
2025-07-06 08:00:00,108040.31,108111.0,107800.01,108076.01,740.99603,1751803199999,80007500.6739827,89136.0,387.09387,41797315.5280461,0,0.000330432224787236,0.00033037764408279846,108101.34199999999,3.6019999999989523,108086.93400000001,60.677999999999884,108506.5325,-27.610000000000582,107889.3746,15.517600000006496,106344.03700000001,38.2557000000088,106133.80894999999,12.969949999984237,0.001717445089486143,0.004089353418302632,0.0048394204729538485,110529.18,107245.0,0.25303424294648785,32.824793819319225,30.704439147521043,117.7540376975416,-87.04959855002056,108506.5325,109919.3626897711,107093.70231022891,0.34763827135171843,642.102216,1.1540156871223133,0.24484896675140946,35.69999999999709,34.99000000000524,240.3000000000029,310.99000000000524,0.11479468793207656,0.5223966854451298,0.4776033145548702,120.29214245587794,8,6,7,3,False,False,1,1,low_vol,bull_stable
2025-07-06 12:00:00,108076.0,109127.03,108045.76,108905.99,2193.35606,1751817599999,238471695.5692385,349421.0,1061.54877,115402701.6651122,0,0.00767959512939087,0.007650257145540969,108254.18399999998,152.84199999998964,108179.10900000001,92.17500000000291,108487.83200000001,-18.700499999991735,107917.7944,28.419800000003306,106386.511,42.47399999998743,106152.48515000001,18.67620000001625,0.0025487309115245467,0.0042388883159001425,0.004950827916363238,110529.18,107245.0,0.5057548611830073,52.80633444956398,88.09136433880485,111.82150302579427,-23.73013868698942,108487.83200000001,109867.05707503358,107108.60692496644,0.65159164648664,756.647927,2.898780240760509,16.84408651539595,829.9900000000052,221.0399999999936,30.24000000000524,1081.270000000004,0.7676066107447743,0.4839837860160288,0.5160162139839711,159.30883561148752,12,6,7,3,False,False,1,1,low_vol,bull_stable
2025-07-06 16:00:00,108906.0,108966.62,108266.67,108538.46,922.00834,1751831999999,100170930.2865501,217171.0,482.49821,52423824.8814507,0,-0.003374745502979226,-0.0033804528006532233,108322.25200000001,68.0680000000284,108217.48300000001,38.37399999999616,108434.79550000001,-53.03650000000198,107941.0958,23.301399999996647,106425.9293,39.41830000000482,106168.74125,16.256099999998696,0.0028550173094274386,0.004231589708366383,0.004974443496765014,110529.18,107245.0,0.3938456479242944,45.46007138366914,102.73010784378857,110.00322398939315,-7.273116145604575,108434.79550000001,109711.87545625566,107157.71554374436,0.5405865347319128,772.184976,1.1940252253755324,-3.111543499124341,367.5399999999936,60.61999999999534,271.79000000000815,699.9499999999971,0.5250946496178229,0.5233121969373943,0.4766878030626057,235.5412533470142,16,6,7,3,False,False,1,1,low_vol,bull_stable
2025-07-06 20:00:00,108538.45,109700.0,108536.86,109203.84,1696.09509,1751846399999,185318093.3042814,453337.0,848.4238,92692880.947285,0,0.006130361532676876,0.006111647310768338,108552.92199999999,230.6699999999837,108332.521,115.03799999998591,108438.59550000001,3.8000000000029104,107976.18699999999,35.0911999999953,106459.85029999999,33.920999999987544,106181.70715,12.9658999999956,0.0033335489921269205,0.004375952616115715,0.005043747032058762,110000.0,107245.0,0.7110127041742275,75.47503507494643,166.10724183947605,121.22402755940973,44.88321428006631,108438.59550000001,109724.77816147152,107152.4128385285,0.797486711228278,875.7814430000001,1.9366647964017203,10.397676095498124,665.3899999999994,496.1600000000035,1.5899999999965075,1163.1399999999994,0.5720635521089462,0.5002218360292524,0.49977816397074765,267.2827736326977,20,6,7,3,False,False,1,1,low_vol,bull_stable
2025-07-07 00:00:00,109203.85,109700.0,108679.75,109389.47,1313.66179,1751860799999,143512006.1683744,302304.0,663.10006,72450310.8907411,0,0.0016998486500108267,0.001698405542439212,108822.754,269.83200000000943,108460.247,127.72600000000966,108417.89850000001,-20.697000000000116,108019.4616,43.274600000004284,106493.9668,34.116500000003725,106197.46045,15.75329999999667,0.003333526464783498,0.004153514622664314,0.005035104419740329,110000.0,107245.0,0.7783920145190567,79.2553612890252,228.6768226983404,142.71458658719587,85.96223611114453,108417.89850000001,109622.33233623244,107213.46466376758,0.9033312045762284,939.609648,1.3980931260084295,2.2330262203023064,185.61999999999534,310.52999999999884,524.1000000000058,1020.25,0.18193580004900303,0.5047722823695739,0.49522771763042606,230.1231582597831,0,0,7,3,False,False,1,1,low_vol,bull_stable
2025-07-07 04:00:00,109389.46,109447.54,108654.94,109061.08,1068.89272,1751875199999,116530792.4979317,171343.0,553.67363,60349971.3939949,0,-0.003002025697720234,-0.003006540815462349,109019.768,197.01399999999558,108560.55500000001,100.30800000000454,108391.7135,-26.185000000012224,108054.74739999998,35.28579999998328,106542.3977,48.43090000000666,106215.88139999998,18.42094999998517,0.003559795574826759,0.004182755175769165,0.005058002680504322,109767.59,107245.0,0.7199267419596542,67.39509698763263,248.89621712967346,163.9509126956914,84.94530443398207,108391.7135,109508.9465516191,107274.4804483809,0.799564401102328,990.0518399999999,1.0796330826474705,-3.208843413546079,328.38000000000466,58.079999999987194,406.1399999999994,792.5999999999913,0.4143073429220392,0.5179880259639152,0.48201197403608476,160.2995294045973,4,0,7,3,False,False,1,1,low_vol,bull_stable
2025-07-07 08:00:00,109061.07,109087.86,108572.52,108642.01,1793.43934,1751889599999,195094169.8157934,215319.0,613.5573,66755976.9498323,0,-0.0038425256746036363,-0.0038499271426881278,108966.972,-52.796000000002095,108610.57800000001,50.02300000000105,108362.0355,-29.677999999999884,108083.37200000002,28.62460000003921,106595.74560000001,53.34790000000794,106231.4951,15.613700000016252,0.003868260520453879,0.0042096306609130385,0.005090174569686999,109700.0,107245.0,0.5690468431771872,57.28640511030755,228.47111342623248,176.85495284179962,51.61616058443286,108362.0355,109414.54477305664,107309.52622694336,0.6330033412375123,1110.776164,1.614582125656776,-6.8913367097942,419.0600000000122,26.789999999993597,69.48999999999069,515.3399999999965,0.813171886521549,0.34211210065237,0.65788789934763,120.05925999147539,8,0,7,3,False,False,1,1,low_vol,bull_stable
2025-07-07 12:00:00,108642.01,108660.0,107970.0,108292.59,2516.39623,1751903999999,272627274.0485764,542533.0,917.70866,99403939.9598369,0,-0.003216251245719781,-0.003221434498503568,108917.798,-49.17399999999907,108620.025,9.446999999985565,108341.665,-20.37050000000454,108101.1802,17.808199999984936,106645.6916,49.945999999996275,106246.35429999999,14.859199999991688,0.004039356454288155,0.004127908329477514,0.0051090577988205195,109700.0,107245.0,0.42671690427698433,53.328656260178754,181.99091977337957,177.8821462281156,4.108773545263972,108341.665,109382.33668953911,107300.99331046088,0.4764214783138133,1313.999708,1.9150660496189393,-8.093362509462061,349.41999999999825,17.99000000000524,322.5899999999965,690.0,0.5064057971014467,0.36469163681746575,0.6353083631825343,215.59919440826695,12,0,7,3,False,False,1,1,low_vol,bull_stable
2025-07-07 16:00:00,108292.59,108493.56,107513.2,108056.68,1826.11433,1751918399999,197272803.9145203,527560.0,744.57614,80438510.1001424,0,-0.0021784500675439133,-0.0021808263415824237,108688.366,-229.4320000000007,108620.644,0.6190000000060536,108300.099,-41.56599999999162,108092.77160000001,-8.408599999995204,106691.29969999999,45.6080999999831,106261.2159,14.861600000003818,0.004080023203393962,0.004125273397265447,0.004917614568839354,109700.0,107245.0,0.3306232179226041,49.26336176591522,124.68181170037133,167.24207932256678,-42.560267622195454,108300.099,109314.97968332346,107285.21831667655,0.3800750649806051,1456.8856769999998,1.2534369434946406,-3.9780988855314083,235.9100000000035,200.97000000000116,543.4799999999959,980.3600000000006,0.24063609286384935,0.40773796457749717,0.5922620354225029,288.8975741184836,16,0,7,3,False,False,1,1,low_vol,bull_stable
2025-07-07 20:00:00,108056.67,108300.0,107800.01,108262.94,886.8716,1751932799999,95811269.608508,202881.0,428.3065,46265392.5076911,0,0.0019088130414519622,0.0019069935728207317,108463.06000000001,-225.3059999999823,108642.907,22.263000000006286,108334.5815,34.482499999998254,108103.01600000002,10.2444000000105,106739.3441,48.04440000001341,106276.03925,14.82335000000603,0.004123104183195358,0.0030942602114634,0.004830640533860879,109700.0,107245.0,0.4146395112016303,52.61323064368053,94.81442717935715,152.75654889392487,-57.94212171456772,108334.5815,109290.64436065564,107378.51863934436,0.46253305982889653,1495.7831529999999,0.5929145533035697,1.692872076173368,206.27000000000407,37.05999999999767,256.6600000000035,499.99000000000524,0.4125482509650231,0.4829408225497356,0.5170591774502644,228.76028502885876,20,0,7,3,False,False,1,1,low_vol,bull_stable
2025-07-08 00:00:00,108262.94,108525.0,107429.57,107901.52,2011.55999,1751947199999,217015425.0438397,367410.0,761.90914,82256206.3743104,0,-0.0033383538263416224,-0.003343938562156595,108231.148,-231.91200000001118,108625.45800000001,-17.448999999993248,108356.196,21.614499999996042,108112.9102,9.894199999980628,106779.61290000001,40.268800000005285,106290.97925,14.940000000002328,0.00427207892067542,0.003190274834695528,0.0048327276853184905,109700.0,107429.57,0.20786811308870942,47.138971715997826,41.50232332749874,130.50570378063966,-89.00338045314092,108356.196,109247.21933022425,107465.17266977574,0.24485741025122332,1622.8395489999998,1.2395310375813378,-6.715298989532216,361.41999999999825,262.0599999999977,471.9499999999971,1095.429999999993,0.32993436367453927,0.37876530841120976,0.6212346915887903,182.64928802844204,0,1,7,3,False,False,1,1,low_vol,bull_stable
2025-07-08 04:00:00,107901.52,108499.0,107750.0,108484.61,1010.06569,1751961599999,109318428.7460685,178868.0,501.95486,54335837.7925897,0,0.0054039090459523376,0.005389360319259115,108199.66799999999,-31.480000000010477,108583.31999999999,-42.13800000002084,108381.2145,25.018500000005588,108115.46380000001,2.55360000001383,106828.85,49.23709999999846,106309.918,18.938750000001164,0.0038480304107867892,0.0032391227752673023,0.004729052044072143,109700.0,107429.57,0.46468730592883145,53.03126170488769,45.77492203813745,113.55954743213923,-67.78462539400178,108381.2145,109256.21857384112,107506.21042615888,0.559082867778038,1504.510512,0.6713583467471312,5.458303119197089,583.0899999999965,14.389999999999418,151.52000000000407,749.0,0.7784913217623451,0.4969526882949563,0.5030473117050437,177.08551213139415,4,1,7,3,False,False,1,1,low_vol,bull_stable
2025-07-08 08:00:00,108484.61,109005.0,108229.15,108756.37,1314.23794,1751975999999,142839081.7883814,198105.0,618.57998,67221448.1467998,0,0.002505055786253818,0.002501923364178466,108292.424,92.7560000000085,108605.111,21.79100000001199,108411.29699999999,30.082499999989523,108120.51640000001,5.0525999999954365,106893.96270000002,65.11270000001241,106328.4641,18.546099999992293,0.0037885054157821814,0.003265842891382304,0.004738394004966603,109700.0,107429.57,0.5843826940271193,57.277533548328435,70.27960852609249,104.90355965092988,-34.62395112483739,108411.29699999999,109294.84193745755,107527.75206254244,0.6952775605239554,1543.733472,0.8513373349982011,3.292239356111298,271.75999999999476,248.63000000000466,255.4600000000064,775.8500000000058,0.35027389314943963,0.47067578949973093,0.5293242105002691,150.73754452713487,8,1,7,3,False,False,1,1,low_vol,bull_stable
2025-07-08 12:00:00,108756.37,109216.56,108217.07,108268.35,1848.45054,1751990399999,200911170.2002917,435650.0,927.66571,100833301.1869041,0,-0.004487277388901312,-0.004497375437905034,108334.758,42.33400000000256,108511.56199999999,-93.54900000001362,108422.0415,10.74450000001525,108133.6018,13.085399999996298,106955.44610000002,61.483399999997346,106347.21560000001,18.75150000001304,0.0034132482495762965,0.0034280849951232274,0.004634322449591001,109700.0,107429.57,0.3694366265421094,52.140191757577654,49.74715938103327,93.87227959695056,-44.12512021591729,108422.0415,109292.39206567273,107551.69093432729,0.4117071292524479,1558.969017,1.18568779741182,-8.29451031264442,488.0199999999895,460.1900000000023,51.279999999998836,999.4899999999907,0.4882690171987654,0.5018612561848693,0.49813874381513074,235.68388256685515,12,1,7,3,False,False,1,1,low_vol,bull_stable
2025-07-08 16:00:00,108268.35,109147.56,108096.55,108771.88,2426.90745,1752004799999,264207724.5650227,402396.0,1265.2523,137752289.7168852,0,0.004650758970650148,0.004639977605911154,108436.546,101.78800000000047,108449.803,-61.75899999999092,108455.025,32.983499999987544,108155.95539999999,22.353599999987637,107019.4109,63.96479999998701,106366.936,19.72039999999106,0.003767788872928875,0.0035755921132471767,0.00467814626327359,109700.0,107429.57,0.5912139991103015,56.00365117791909,73.26119883282809,89.75006344412607,-16.488864611297984,108455.025,109325.93573943336,107584.11426056662,0.6819101462717994,1670.2935830000001,1.4529825622876742,11.286961594025177,503.52999999999884,375.679999999993,171.8000000000029,1051.0099999999948,0.47909154051816955,0.5213434488406222,0.4786565511593777,165.8060755468858,16,1,7,3,False,False,1,1,low_vol,bull_stable
2025-07-08 20:00:00,108771.87,108974.0,108624.0,108922.98,604.79919,1752019199999,65820983.0962903,140815.0,296.62667,32275275.7800007,0,0.0013891457976087374,0.001388181827212246,108640.83800000002,204.29200000001583,108435.99299999999,-13.810000000012224,108498.274,43.24900000001071,108182.8058,26.850400000010268,107084.39459999999,64.98369999998249,106388.89344999999,21.957449999987148,0.0037069054164763572,0.0035779937015153326,0.004679177956100009,109700.0,107429.57,0.6577652691340379,50.16603114232153,102.90255511179566,92.38056177765999,10.521993334135672,108498.274,109372.07389431112,107624.47410568889,0.7430224601565211,1623.8842300000001,0.37243984443398404,0.8401542531856683,151.11000000000058,51.020000000004075,147.86999999999534,350.0,0.4317428571428588,0.49045480699139166,0.5095451930086083,232.82934621655167,20,1,7,3,False,False,1,1,low_vol,bull_stable
2025-07-09 00:00:00,108922.99,109136.0,108348.0,108376.41,994.80226,1752033599999,108129357.0124723,179569.0,416.09357,45234379.1767887,0,-0.0050179493803785835,-0.005030581564529364,108619.198,-21.64000000001397,108409.433,-26.55999999998312,108510.0055,11.731499999994412,108195.4146,12.608800000001793,107140.7639,56.3693000000203,106421.20164999999,32.30819999999949,0.003853766726647094,0.003775471577914226,0.004734129913285978,109700.0,107429.57,0.41703113507132983,48.46994174353935,81.35213561396813,90.17487654492163,-8.8227409309535,108510.0055,109369.84147129499,107650.16952870501,0.4223133804237167,1544.020522,0.6442934182710299,-4.9918673841662144,546.5800000000017,213.00999999999476,28.410000000003492,788.0,0.6936294416243677,0.4182676163200514,0.5817323836799486,180.5072296478297,0,2,7,3,False,False,1,1,low_vol,bull_stable
2025-07-09 04:00:00,108376.41,108942.2,108324.53,108714.39,1001.59915,1752047999999,108855052.3146269,175567.0,481.0608,52272153.5361662,0,0.0031185753431026697,0.003113722673343962,108610.802,-8.396000000007916,108451.61300000001,42.18000000000757,108535.81899999999,25.81349999998929,108226.7724,31.35779999999795,107238.8457,98.08179999999993,106457.23019999999,36.028550000002724,0.003830405198487828,0.0038343880502205,0.004680033932885166,109700.0,107429.57,0.5658928044467332,45.074122158147404,90.502181470496,90.2403375300365,0.26184394045949944,108535.81899999999,109387.18740147157,107684.4505985284,0.604872931442694,1392.5408140000002,0.7192601753071489,3.1235624128625923,337.9799999999959,227.80999999999767,51.88000000000466,617.6699999999983,0.5471853902569283,0.4802927398650448,0.5197072601349553,175.286690289224,4,2,7,3,False,False,1,1,low_vol,bull_stable
2025-07-09 08:00:00,108714.39,109117.0,108553.18,109058.27,1275.99616,1752062399999,138906971.6590984,161421.0,739.47097,80490998.7356421,0,0.00316315071077522,0.0031581584742596783,108768.78600000001,157.9840000000113,108551.772,100.1589999999851,108586.20800000001,50.38900000002468,108264.09019999999,37.3177999999898,107340.6,101.75430000000051,106490.05505,32.82485000000452,0.0038039491606050584,0.003867872611018335,0.0046974973443725905,109700.0,107429.57,0.7173531005140005,46.769662921348335,124.07167971742456,97.0066059675141,27.065073749910454,108586.20800000001,109435.92170027972,107736.4942997203,0.7777770911805922,1337.5289970000001,0.9539951379461569,4.036168160450451,343.88000000000466,58.729999999995925,161.2100000000064,563.820000000007,0.6099109644922145,0.579524447785172,0.42047555221482796,126.50586660072709,8,2,7,3,False,False,1,1,low_vol,bull_stable
2025-07-09 12:00:00,109058.27,109769.39,108503.0,109071.32,4108.39131,1752076799999,448787915.9968869,585403.0,2058.33347,224870102.0583909,0,0.00011966080151459835,0.00011965364273196688,108828.674,59.887999999991735,108632.61000000002,80.83800000001793,108637.7585,51.550499999983,108301.9368,37.8466000000044,107421.67450000001,81.07450000000244,106519.65945,29.604400000011083,0.0037948391590589578,0.0038665219518113493,0.004697113656316934,109769.39,107429.57,0.7016565376823881,50.10642145390003,149.99967202235712,107.60521917848271,42.394452843874404,108637.7585,109473.00110128273,107802.51589871726,0.7595422571443093,1659.680968,2.4754102681256995,0.4916133970902107,13.05000000000291,698.0699999999924,555.2700000000041,1266.3899999999994,0.010304882382206837,0.5010071618518733,0.4989928381481266,142.48959162558447,12,2,7,3,False,False,1,1,low_vol,bull_stable
2025-07-09 16:00:00,109071.32,111999.79,109047.49,111750.0,6338.57455,1752091199999,701110536.7320927,620663.0,3647.11819,403300993.2069114,0,0.02455897664023854,0.024262253306647732,109394.07800000001,565.4040000000095,109017.45800000001,384.84799999999814,108821.45800000001,183.699500000017,108404.8208,102.88400000000547,107527.6331,105.95859999999811,106558.7695,39.110049999988405,0.008177860473947795,0.006626789227681989,0.005743049051390477,111999.79,107429.57,0.9453439878167803,71.97804451346208,382.2881027795229,162.54179589869076,219.74630688083212,108821.45800000001,110411.51388218913,107231.4021178109,1.4208927915062024,2092.3824240000004,3.0293575769397685,155.6689043058605,2678.679999999993,249.7899999999936,23.830000000001746,2952.2999999999884,0.9073197168309466,0.5753846012586536,0.42461539874134635,97.9183876602035,16,2,7,3,False,False,1,1,low_vol,bull_stable
2025-07-09 20:00:00,111749.99,111952.33,110559.4,111233.99,3562.92307,1752105599999,396264910.4797468,605861.0,1593.62627,177236882.0343145,0,-0.00461753914988805,-0.004628232915741869,109965.594,571.5159999999887,109292.396,274.9379999999801,108937.85800000001,116.39999999999418,108510.39700000001,105.57620000001043,107620.6626,93.02949999998964,106589.47805000002,30.708550000024843,0.00853055288606606,0.0066126179777510116,0.005709514183466974,111999.79,107429.57,0.8324369505187955,70.32122654153659,518.7607126003277,233.78557923901818,284.97513336130953,108937.85800000001,110860.11023753136,107015.60576246865,1.0972504427797662,2347.6681620000004,1.5176433908635165,-16.451936763764323,516.0,202.3399999999965,674.5900000000111,1392.9300000000076,0.3704421614869356,0.4472805723531943,0.5527194276468057,170.04605154160683,20,2,7,3,False,False,1,1,low_vol,bull_stable
2025-07-10 00:00:00,111234.0,111581.0,110880.0,111074.51,1687.73466,1752119999999,187676577.2653182,251716.0,853.18602,94893770.1661724,0,-0.0014337344187690393,-0.0014347631994105405,110437.61799999999,472.02399999999034,109524.21,231.81400000001304,109064.6605,126.80249999999069,108623.9166,113.51959999998508,107718.51759999999,97.85499999999593,106623.7516,34.273549999983516,0.0086226909321992,0.006557834024533282,0.005649522742667172,111999.79,107429.57,0.7975414750274601,71.07178916410537,607.0498432280147,308.4384320368175,298.61141119119713,109064.6605,111198.87749848077,106930.44350151923,0.9708634364337593,2385.017834,0.7076402683201068,-2.4197632717914623,159.49000000000524,347.0,194.50999999999476,701.0,0.2275178316690517,0.5055214188704283,0.49447858112957166,149.14429736247757,0,3,7,3,False,False,1,1,low_vol,bull_stable
2025-07-10 04:00:00,111074.52,111185.77,110898.0,111095.27,821.09355,1752134399999,91181893.566247,99939.0,385.93894,42855569.1955214,0,0.00018690156724532336,0.000186884103323393,110845.01800000001,407.4000000000233,109806.902,282.69199999999546,109159.232,94.57150000000547,108732.1992,108.28260000000591,107815.2633,96.74570000001404,106657.78575,34.03414999999222,0.008345492911303562,0.00645535868476119,0.005645972080669886,111999.79,107429.57,0.8020839259379215,70.30248031275949,670.9603604636359,380.9428177221812,290.0175427414547,109159.232,111478.97876793524,106839.48523206476,0.9172951174587104,2282.2821350000004,0.35976864446691204,0.15346367135002628,20.75,90.5,176.52000000000407,287.7700000000041,0.07210619592035204,0.47003041249075694,0.5299695875092431,121.7145110931635,4,3,7,3,False,False,1,1,low_vol,bull_stable
