timestamp,open,high,low,close,volume,close_time,quote_asset_volume,number_of_trades,taker_buy_base,taker_buy_quote,ignore,returns,log_returns,ma_5,ma_5_slope,ma_10,ma_10_slope,ma_20,ma_20_slope,ma_50,ma_50_slope,ma_100,ma_100_slope,ma_200,ma_200_slope,volatility_10,volatility_20,volatility_50,high_20,low_20,price_position,rsi,macd,macd_signal,macd_histogram,bb_middle,bb_upper,bb_lower,bb_position,volume_ma_10,volume_ratio,volume_price_trend,body_size,upper_wick,lower_wick,total_range,body_ratio,buy_pressure,sell_pressure,trade_intensity,hour,day_of_week,month,quarter,gap_up,gap_down,scenario_type
2024-07-11,6.096,6.248,5.895,12.829112814526718,2350422.86,1720742399999,14266314.81401,84775.0,1081010.37,6565968.70662,0,,,,,,,,,,,,,,,,,,,,,,0.0,0.0,0.0,,,,,,,,0.1930000000000005,0.15200000000000014,0.008000000000000007,0.35300000000000065,0.5467422096317285,0.45992165426777726,0.5400783457322228,0.03606797799779739,0,3,7,3,False,False,bubble
2024-07-12,5.902,6.104,5.801,6.543602169657904,2711128.45,1720828799999,16061145.58148,95781.0,1372630.27,8134873.01214,0,-0.48994117798633563,-0.6732292226329036,,,,,,,,,,,,,,,,,,,,-0.5014082565707305,-0.10028165131414611,-0.4011266052565844,,,,,,,91855.95290530226,0.20099999999999962,0.001000000000000334,0.10099999999999998,0.30299999999999994,0.6633663366336623,0.5062948124055132,0.4937051875944867,0.03532883143179734,0,4,7,3,False,False,bubble
2024-07-13,6.102,6.306,6.074,13.672293308221118,2003082.88,1720915199999,12463058.33448,83543.0,1021579.07,6357310.35747,0,1.0894138967705458,0.7368835944810637,,,,,,,,,,,,,,,,,,,,-0.31986491084679614,-0.14419830322067612,-0.17566660762612002,,,,,,,42339.454615762676,0.1299999999999999,0.07399999999999984,0.02800000000000047,0.2320000000000002,0.560344827586206,0.5100033953662466,0.48999660463375333,0.04170721083692753,0,5,7,3,False,False,bubble
2024-07-14,6.233,6.357,6.159,14.929825210924486,2826709.6,1721001599999,17678789.87336,76142.0,1418253.43,8866245.26725,0,0.09197666217028977,0.08798950545540779,,,,,,,,,,,,,,,,,,,,-0.07366897639333914,-0.13009243785520871,0.05642346146186958,,,,,,,39915.02644415938,0.08700000000000063,0.03699999999999992,0.07399999999999984,0.1980000000000004,0.4393939393939417,0.5017329795745554,0.4982670204254445,0.02693661917021826,0,6,7,3,False,False,bubble
2024-07-15,6.32,6.543,6.295,15.433073903184717,5049392.8,1721087999999,32365747.32191,127556.0,2394517.92,15347155.90215,0,0.03370760776837445,0.03315195831018823,12.681581481302988,,,,,,,,,,,,,,,,,,,0.16020430355982462,-0.07203308957220206,0.23223739313202668,,,,,,,131028.54734177173,0.1639999999999997,0.05900000000000016,0.025000000000000355,0.24800000000000022,0.6612903225806434,0.47421898332013307,0.525781016679867,0.025261651262306232,0,0,7,3,False,False,bubble
2024-07-16,6.486,6.513,6.126,8.739737073888428,4558393.8,1721174399999,28926424.01309,140931.0,2225905.16,14129314.79331,0,-0.4337008214491265,-0.5686327564181296,11.863706333175331,-0.8178751481276567,,,,,,,,,,,,,,,,,,-0.19232873475189827,-0.09609221860814131,-0.09623651614375696,,,,,,,-103344.21477483051,0.14900000000000002,0.027000000000000135,0.2109999999999994,0.38699999999999957,0.3850129198966413,0.4883090969455075,0.5116909030544925,0.03091681109253878,0,1,7,3,False,False,bubble
2024-07-17,6.335,6.535,6.246,7.632997645811523,3182801.28,1721260799999,20409441.02157,113708.0,1596276.58,10243934.47959,0,-0.1266330346920267,-0.13539946174196524,12.081585428406054,0.2178790952307228,,,,,,,,,,,,,,,,,,-0.554624958634717,-0.18779876661345646,-0.3668261920212605,,,,,,,-41185.05680290361,0.08000000000000007,0.20000000000000018,0.008999999999999453,0.2889999999999997,0.2768166089965403,0.5015319649488139,0.49846803505118603,0.035725761678718444,0,2,7,3,False,False,bubble
2024-07-18,6.254,6.407,6.02,10.590987817913984,3370663.16,1721347199999,20942036.0067,115888.0,1582766.83,9841354.80016,0,0.3875266716118546,0.32752278923701583,11.465324330344627,-0.6162610980614271,,,,,,,,,,,,,,,,,,-0.5961897361685278,-0.26947696052447073,-0.32671277564405704,,,,,,,-87297.75090647487,0.1609999999999996,0.15300000000000047,0.0730000000000004,0.38700000000000045,0.41602067183462377,0.4695713439369599,0.5304286560630401,0.03438136488251172,0,3,7,3,False,False,bubble
2024-07-19,6.092,6.48,5.978,14.87086129618947,2757057.53,1721433599999,17092640.49337,88094.0,1493081.34,9275795.77161,0,0.4041052215201639,0.33940024689813125,11.453531547397626,-0.011792782947001257,,,,,,,,,,,,,,,,,,-0.28054613926086525,-0.27169079627174963,-0.008855342989115611,,,,,,,110861.4959543738,0.24600000000000044,0.14200000000000035,0.11399999999999988,0.5020000000000007,0.49003984063745043,0.5415488519022671,0.45845114809773296,0.031952180555332846,0,4,7,3,False,False,bubble
2024-07-20,6.337,6.397,6.224,7.827872858741686,1720991.41,1721519999999,10890692.56024,52953.0,902767.47,5714858.14562,0,-0.4736099878258221,-0.6417128729842837,9.932491338509019,-1.521040208888607,11.307036409906003,,,,,,,,,,,,,,,,,-0.5918837533403156,-0.33572938768546284,-0.2561543656548528,,,,,3053064.377,0.5636931284400493,-1357.6770353423417,0.0039999999999995595,0.0600000000000005,0.10899999999999999,0.17300000000000004,0.023121387283234443,0.5245624497335521,0.47543755026644785,0.030768892681457372,0,5,7,3,False,False,bubble
2024-07-21,6.332,6.445,6.1,8.766059322912186,2339766.13,1721606399999,14729938.84413,77880.0,1143809.7,7207426.34326,0,0.11985203146507306,0.11319656181575147,9.937755788313769,0.005264449804750271,10.900731060744551,-0.40630534916145145,,,,,,,,,0.48949154335156475,,,,,,,-0.7542230349976204,-0.4194281171478944,-0.33479491784972604,,,,,3051998.704,0.7666340509691121,35837.251635875364,0.09799999999999986,0.015000000000000568,0.2320000000000002,0.34500000000000064,0.2840579710144918,0.4888564225861326,0.5111435774138674,0.03328537797066068,0,6,7,3,False,False,bubble
2024-07-22,6.43,6.476,6.08,14.720417524887065,2585309.02,1721692799999,16189745.26295,76605.0,1172894.72,7350320.76699,0,0.6792514153322855,0.5183481080004415,11.355239764128878,1.4174839758151094,11.718412596267466,0.8176815355229152,,,,,,,,,0.48306003129711905,,,,,,,-0.39782525910152877,-0.41510754553862134,0.017282286437092564,,,,,3039416.761,0.8505937892996965,-134291.3239004664,0.33399999999999963,0.04600000000000026,0.016000000000000014,0.3959999999999999,0.8434343434343426,0.45367679876040506,0.546323201239595,0.029630887219818696,0,0,7,3,False,False,bubble
2024-07-23,6.095,6.165,5.799,7.098614979733898,2986487.42,1721779199999,17898039.147,107148.0,1390273.76,8338394.2035,0,-0.5177708127006161,-0.7293357856198154,10.656765196492861,-0.6984745676360173,11.061044763418744,-0.6573678328487222,,,,,,,,,0.407244595632405,,,,,,,-0.7220696518549676,-0.4764999668018906,-0.24556968505307702,,,,,3137757.215,0.9517904717812911,-87693.77430774306,0.17799999999999994,0.07000000000000028,0.11799999999999944,0.36599999999999966,0.4863387978142079,0.4655213849854422,0.5344786150145578,0.035877599645137634,0,1,7,3,False,False,bubble
2024-07-24,5.917,5.997,5.654,6.19296045131714,2358741.13,1721865599999,13810419.50156,77804.0,1038934.4,6089588.24525,0,-0.12758186364556245,-0.1364864558354041,8.921185027518394,-1.735580168974467,10.187358287458009,-0.873686475960735,,,,,,,,,0.40863767601242296,,,,,,43.700961167182605,-1.0401245128106513,-0.5892248760036428,-0.4508996368070085,,,,,3090960.368,0.7631094705773336,-67369.82439918855,0.1689999999999996,0.08000000000000007,0.0940000000000003,0.34299999999999997,0.49271137026238954,0.44046139136938695,0.5595386086306131,0.03298539166101708,0,2,7,3,False,False,bubble
2024-07-25,5.747,5.779,5.54,13.697402998676115,2972357.49,1721951999999,16868022.73891,103777.0,1404441.52,7971995.8916,0,1.2117698161245167,0.793793016818793,10.09509105550528,1.1739060279868863,10.01379119700715,-0.1735670904508595,,,,,,,,,0.562163851585312,,,,,,50.72140666501175,-0.678814533852016,-0.6071428075733174,-0.07167172627869856,,,,,2883256.8370000003,1.0309027804448765,3619.781216074688,0.008000000000000007,0.02400000000000002,0.20699999999999985,0.23899999999999988,0.03347280334728038,0.47250087673673463,0.5274991232632654,0.03491403720755002,0,3,7,3,False,False,bubble
2024-07-26,5.755,5.891,5.726,7.556745774108079,2528303.82,1722038399999,14731225.61897,64349.0,1281901.66,7469244.17566,0,-0.44830813732804264,-0.5947656083648979,9.853228345744458,-0.24186270976082191,9.895492067029114,-0.11829912997803582,,,,,,,,,0.5637570027189912,,,,,,50.84378707399084,-0.8778541348174667,-0.6612850730221473,-0.21656906179531932,,,,,2680247.839,0.9433097130835891,49204.1751242398,0.1120000000000001,0.02400000000000002,0.028999999999999915,0.16500000000000004,0.6787878787878793,0.5070204181394624,0.49297958186053764,0.025451450688390765,0,4,7,3,False,False,bubble
2024-07-27,5.867,5.942,5.715,9.329356226243501,2061613.39,1722124799999,12055104.50057,66226.0,983835.65,5753295.07845,0,0.2345732548273589,0.21072536771641112,8.775016086015748,-1.0782122597287103,10.065127925072312,0.1696358580431987,,,,,,,,,0.5583957733461637,,,,,,46.028727983780946,-0.8823879840095934,-0.7055056552196366,-0.1768823287899568,,,,,2568129.05,0.8027686108686789,-14758.439130731065,0.041999999999999815,0.07500000000000018,0.11000000000000032,0.2270000000000003,0.185022026431717,0.4772163659647166,0.5227836340352833,0.03212338468562236,0,5,7,3,False,False,bubble
2024-07-28,5.825,5.844,5.67,9.391486093279624,1204090.29,1722211199999,6911612.14166,37155.0,567925.87,3260924.15182,0,0.006659609251638665,0.006637532016913533,9.23359030872489,0.4585742227091423,9.945177752608878,-0.11995017246343487,,,,,,,,,0.5531299099736794,,,,,,44.82243552855913,-0.8709282128266462,-0.7385901667410386,-0.13233804608560762,,,,,2351471.7630000003,0.5120581539383766,-22118.053395708223,0.1070000000000002,0.019000000000000128,0.04800000000000004,0.17400000000000038,0.614942528735632,0.471663856702972,0.528336143297028,0.030857320508746896,0,6,7,3,False,False,bubble
2024-07-29,5.72,5.88,5.622,10.030775563706545,2552750.24,1722297599999,14741753.65262,73040.0,1276172.08,7377277.42598,0,0.06807117255749162,0.06585437928902631,10.001153331202772,0.7675630224778818,9.461169179360585,-0.4840085732482926,,,,,,,,,0.5433230328526383,,,,,,44.96242789069997,-0.8010272011498056,-0.7510775736227921,-0.049949627527013485,,,,,2331041.034,1.0951116701792047,-30804.43626442803,0.07099999999999973,0.16000000000000014,0.027000000000000135,0.258,0.27519379844961134,0.49992046225407466,0.5000795377459254,0.02861227818354842,0,0,7,3,False,False,bubble
2024-07-30,5.65,5.726,5.481,9.272637191901044,1921244.42,1722383999999,10784712.48248,60151.0,861000.94,4837876.13269,0,-0.07558123167949293,-0.07859009754212262,9.116200169847758,-0.8849531613550141,9.60564561267652,0.14447643331593518,10.456341011291261,,,,,,,,0.5123396212813276,,,6.543,5.481,3.5702798417147297,50.55877285235352,-0.7976112108216675,-0.7603843010625673,-0.03722690975910026,10.456341011291261,16.72713140413815,4.185550618444375,0.40561765381757353,2351066.335,0.8171800137659663,-44213.44921224986,0.13100000000000023,0.07599999999999962,0.038000000000000256,0.2450000000000001,0.5346938775510212,0.4481475292977038,0.5518524707022961,0.03130835378041072,0,1,7,3,False,False,bubble
2024-07-31,5.519,5.559,5.335,7.2400901559682245,2644241.77,1722470399999,14491968.14833,81717.0,1291613.13,7079187.57328,0,-0.21919837839747436,-0.247434167037914,9.052869046219786,-0.06333112362797166,9.453048695982124,-0.1525969166943959,10.176889878363337,-0.27945113292792456,,,,,,,0.523095477087851,0.49317796610204323,,6.543,5.335,1.577061387390914,49.595862904617015,-0.9479857829658123,-0.7979045974432163,-0.15008118552259597,10.176889878363337,16.500375301976717,3.853404454749957,0.267786313586775,2381513.899,1.1103196882916868,-62285.093332125194,0.1299999999999999,0.040000000000000036,0.05400000000000027,0.2240000000000002,0.5803571428571419,0.4884625697445207,0.5115374302554793,0.03090375506775237,0,2,7,3,False,False,bubble
2024-08-01,5.389,5.422,5.026,12.963191349131822,4408677.71,1722556799999,23057405.0987,118524.0,2218655.08,11590078.92745,0,0.7904737468560212,0.5824802478836341,9.779636070797453,0.7267670245776667,9.277326078406599,-0.17572261757552532,10.497869337337033,0.32097945897369584,,,,,,,0.5381892662560801,0.49963005824023615,,6.543,5.026,5.232163051504166,52.30867885570557,-0.598453676980613,-0.7580144133506957,0.15956073637008272,10.497869337337033,16.69528582092891,4.300452853745155,0.6988991718018237,2563850.768,1.719553167846468,-40086.3254388574,0.04900000000000038,0.032999999999999474,0.31400000000000006,0.3959999999999999,0.12373737373737471,0.5032472831859601,0.4967527168140399,0.026884251423313955,0,3,8,3,False,False,bubble
2024-08-02,5.341,5.369,5.0,5.576773893278613,3554684.74,1722643199999,18373097.53989,93870.0,1623290.53,8402647.58704,0,-0.5697993076641499,-0.8435034528149579,9.01669363079725,-0.7629424400002041,9.12514196976107,-0.15218410864552823,10.093093366589907,-0.4047759707471261,,,,,,,0.5449514445577759,0.4696208061906542,,6.543,5.0,0.3738003196880188,41.47054791770086,-0.9070136339892692,-0.7878142574784105,-0.11919937651085866,10.093093366589907,16.472355882626676,3.713830850553137,0.14601554944966136,2620670.5,1.3564027755492345,-145116.3433183521,0.2190000000000003,0.02799999999999958,0.12199999999999989,0.3689999999999998,0.5934959349593508,0.4566623058673833,0.5433376941326167,0.02640740511913864,0,4,8,3,False,False,bubble
2024-08-03,5.123,5.209,4.854,6.988046122588875,3126943.96,1722729599999,15746333.90916,79104.0,1486544.56,7483923.45747,0,0.25306247954775296,0.2255905386354522,8.408147742573716,-0.6085458882235333,9.204650536888243,0.07950856712717247,9.696004412173128,-0.3970889544167786,,,,,,,0.5415727029147184,0.4717229787729646,,6.543,4.854,1.26349681621603,49.14041321323192,-1.0258464294899419,-0.8354206918807168,-0.1904257376092251,9.696004412173128,15.789917758239934,3.602091066106321,0.2778145063933302,2697490.7830000003,1.15920468744749,-47007.94317063657,0.07800000000000029,0.08599999999999941,0.19099999999999984,0.35499999999999954,0.21971830985915602,0.47539852936795196,0.524601470632048,0.025297543228117208,0,5,8,3,False,False,bubble
2024-08-04,5.044,5.097,4.534,12.845529272483196,4876624.24,1722815999999,23395140.70896,96819.0,2202195.34,10555925.17162,0,0.8382147237065298,0.6087948417599347,9.122726158690146,0.7145784161164297,9.119463164268954,-0.08518737261928955,9.56662718063805,-0.1293772315350772,,,,,,,0.4658910137135751,0.5026637434983144,,6.535,4.534,4.1536877923454245,53.79345100639988,-0.639994876349439,-0.7963355287744612,0.15634065242502226,9.56662718063805,15.24327788922604,3.889976472050062,0.7888060460444236,2887917.4579999996,1.6886300633319558,-345085.2039008924,0.35599999999999987,0.053000000000000824,0.15399999999999991,0.5630000000000006,0.6323268206039068,0.45158192052951773,0.5484180794704823,0.019853692889817566,0,6,8,3,False,False,bubble
2024-08-05,4.688,4.726,3.59,5.856941604085565,21997702.93,1722902399999,88685187.18137,439161.0,10505489.74,42364300.21631,0,-0.5440482459035845,-0.7853682774853633,8.846096448313615,-0.2766297103765307,8.949482747266702,-0.16998041700225208,9.422487407147909,-0.14413977349014218,,,,,,,0.478933630242352,0.5093914780415525,,6.535,3.59,0.7697594580935703,41.91349692439276,-0.887890312520657,-0.8146464855237004,-0.07324382699695653,9.422487407147909,15.329276005860585,3.515698808435232,0.1981823757972803,4834857.369,4.549814244995983,-2289863.274283274,0.48799999999999955,0.038000000000000256,0.6100000000000003,1.1360000000000001,0.42957746478873193,0.4775721253000847,0.5224278746999153,0.0199639481175592,0,0,8,3,False,False,bubble
2024-08-06,4.199,4.604,4.194,7.318011070698705,5497287.59,1722988799999,24332470.64108,137934.0,2380282.09,10522306.46691,0,0.24945945603998476,0.2227110226191464,7.7170603926269905,-1.1290360556866244,8.748348231712221,-0.2011345155544806,9.406738078392268,-0.015749328755640946,,,,,,,0.4794963297763672,0.5077357119571778,,6.48,3.59,1.2899692286154687,50.22551475429749,-0.9554394254318677,-0.842805073505334,-0.1126343519265337,9.406738078392268,15.33525624026857,3.4782199165159637,0.32384071780995394,5178424.789,1.061575250002149,404443.301264286,0.3100000000000005,0.09499999999999975,0.004999999999999893,0.41000000000000014,0.7560975609756108,0.43299209856328436,0.5670079014367156,0.02509128324501575,0,1,8,3,False,False,bubble
2024-08-07,4.509,4.641,4.403,4.697940416845269,5243270.78,1723075199999,23867799.5719,116284.0,2417585.33,11005552.54678,0,-0.358030430473683,-0.44321437590728535,7.541293697340322,-0.17576669528666855,8.278993664068786,-0.4693545676434354,9.112085708338832,-0.29465237005343603,,,,,,,0.4991377704828752,0.5138788753750121,,6.48,3.59,0.3833703864516503,48.51560281017074,-1.2064828062203343,-0.915540620048334,-0.2909421861720003,9.112085708338832,15.369439002332989,2.8547324143446753,0.14728335734772363,5582342.8379999995,0.9392599007549527,81399.19152805443,0.0699999999999994,0.06200000000000028,0.10600000000000076,0.23800000000000043,0.29411764705882043,0.4610834403635358,0.5389165596364642,0.022177759814266163,0,2,8,3,False,False,bubble
2024-08-08,4.579,4.904,4.48,9.506588293061661,4847719.81,1723161599999,22846212.93063,126282.0,2189605.49,10319762.74502,0,1.023565105034998,0.704860859283702,8.04500213143488,0.5037084340945572,8.226574937004298,-0.052418727064488024,8.843872058182441,-0.2682136501563903,,,,,,,0.5879651993718561,0.5519487781653926,,6.476,3.59,2.050099893645759,45.60361214271965,-1.0058242818838323,-0.9335973524154337,-0.07222692946839859,8.843872058182441,14.492106033568618,3.1956380827962647,0.5586657916232931,5811839.795,0.8341110527806624,317605.57829220354,0.2999999999999998,0.025000000000000355,0.09899999999999931,0.4239999999999995,0.7075471698113212,0.45167740212279317,0.5483225978772068,0.026049772872496112,0,3,8,3,False,False,bubble
2024-08-09,4.879,4.924,4.73,12.1659160625479,2737150.09,1723247999999,13160460.75688,94019.0,1332390.45,6405910.52183,0,0.27973524123550586,0.24665321375184565,7.909079489447819,-0.13592264198705983,8.515902824068984,0.2893278870646867,9.060774218372751,0.21690216019031006,,,,,,,0.5842942325394168,0.535703055055323,,6.476,3.59,2.9715578872307344,55.216272098648865,-0.6250106953719001,-0.8718800210067271,0.246869325634827,9.060774218372751,14.875454179609315,3.2460942571361873,0.7670088349552777,5893430.362000001,0.4644408980631643,-53856.61173191196,0.0959999999999992,0.04500000000000082,0.052999999999999936,0.19399999999999995,0.49484536082473823,0.4867801933360549,0.5132198066639451,0.03434923073582714,0,4,8,3,False,False,bubble
2024-08-10,4.783,4.832,4.723,6.719704488704785,1189116.19,1723334399999,5655926.59157,49593.0,484474.72,2304807.336,0,-0.44766144578368217,-0.593594097854988,8.081632066371665,0.17255257692384518,8.463864257342639,-0.05203856672634544,8.95845647666238,-0.10231774171037067,,,,,,,0.605474389672806,0.5518757279110637,,6.476,3.59,1.084443689779898,47.27333585839121,-0.7539854674383903,-0.8483011102930599,0.09431564285466953,8.95845647666238,14.866243696208706,3.0506692571160547,0.3105253367495593,5747917.804,0.2068777304317903,-7209.778279322854,0.029000000000000803,0.04899999999999949,0.030999999999999694,0.10899999999999999,0.26605504587156703,0.407424206376334,0.592575793623666,0.041705764682255314,0,5,8,3,False,False,bubble
2024-08-11,4.753,4.829,4.466,11.254072742076398,1800885.03,1723420799999,8373101.26817,62962.0,848795.92,3948669.81185,0,0.6747868542423963,0.5156859059813397,8.868844400647202,0.7872123342755373,8.292952396637096,-0.17091186070554265,8.785139237521848,-0.1733172391405322,,,,,,,0.5928833314467314,0.5516369047066614,,6.165,3.59,2.9763389289617077,51.77977268091334,-0.4847256650284937,-0.7755860212401466,0.29086035621165296,8.785139237521848,14.16058327418034,3.409695200863358,0.7296492613184471,5487138.536,0.3282011230780414,-98113.0043689522,0.258,0.07599999999999962,0.028999999999999915,0.36299999999999955,0.7107438016528935,0.4713215479391264,0.5286784520608736,0.0349616988042818,0,6,8,3,False,False,bubble
2024-08-12,4.495,4.68,4.45,7.566595557592182,2055574.69,1723507199999,9398489.06651,74860.0,1015281.25,4644185.24775,0,-0.3276571308000866,-0.3969868465543058,9.442575428796584,0.5737310281493819,8.491934563068453,0.1989821664313567,8.808538266414761,0.023399028892912455,,,,,,,0.5649636475767227,0.5416872177902511,,5.997,3.59,1.6520962017416625,47.77499551116887,-0.5624009152926597,-0.7329490000506492,0.17054808475798955,8.808538266414761,14.157078207767206,3.4599983250623154,0.3838989030239402,5337227.531,0.38513904045886926,42529.13151724146,0.09299999999999997,0.09199999999999964,0.04499999999999993,0.22999999999999954,0.4043478260869572,0.4939160104175052,0.5060839895824948,0.03641803937564536,0,0,8,3,False,False,bubble
2024-08-13,4.587,4.65,4.398,11.913523842534058,2199766.63,1723593599999,9955998.35062,52255.0,1045187.15,4733232.69043,0,0.5744893131733795,0.45393097409442096,9.923962538691066,0.48138710989448263,8.984482335062973,0.49254777199451993,9.094566435975608,0.2860281695608471,,,,,,,0.5795401843831195,0.5471358767142395,,5.942,3.59,3.5389131983563167,52.2394245693637,-0.2700849557003586,-0.6403761911805912,0.3702912354802326,9.094566435975608,14.465955034066578,3.723177837884637,0.7624049028551321,5244509.798,0.4194418000398976,-19657.897085876273,0.040000000000000036,0.06300000000000061,0.14900000000000002,0.25200000000000067,0.15873015873015844,0.47513546925657296,0.5248645307434271,0.023754792570882848,0,1,8,3,False,False,bubble
2024-08-14,4.546,4.554,4.343,10.901196853164297,2361315.25,1723679999999,10530674.74467,56898.0,1088343.4,4855954.88973,0,-0.08497292679731905,-0.08880162594468657,9.671018696814343,-0.25294384187672314,8.790049093131081,-0.1944332419318915,8.954756128700016,-0.1398103072755923,,,,,,,0.5379598054458149,0.48986575917988795,,5.942,3.59,3.108502063420194,53.15921542690107,-0.1187400183546874,-0.5360489566154104,0.417308938260723,8.954756128700016,13.954398096756105,3.9551141606439275,0.6946580112036579,4992978.899,0.47292714384852036,-85167.29733890462,0.16300000000000026,0.008000000000000007,0.040000000000000036,0.2110000000000003,0.7725118483412323,0.4609055906448747,0.5390944093551253,0.024095893168013038,0,2,8,3,False,False,bubble
2024-08-15,4.383,4.481,4.227,10.179419792155254,2334737.9,1723766399999,10191897.14502,87634.0,985276.31,4295864.14243,0,-0.06621080884339159,-0.06850457162836839,10.36296175750444,0.6919430606900967,9.22229691193805,0.43224781880696916,9.085889829602376,0.13113370090236032,,,,,,,0.4933796193256725,0.47474229191716105,,5.942,3.59,2.8016240612904992,47.370921607695855,-0.05638941967883149,-0.44011704922809464,0.38372762954926315,9.085889829602376,14.068690590923287,4.103089068281465,0.6097304523031932,3026682.396,0.7713851651846723,-56464.11530914898,0.10599999999999987,0.09799999999999986,0.04999999999999982,0.25399999999999956,0.4173228346456695,0.42200724543855656,0.5779927545614435,0.037534834209869986,0,3,8,3,False,False,bubble
2024-08-16,4.278,4.387,4.211,6.7251375756327425,1920753.49,1723852799999,8249236.79014,44366.0,1015534.24,4359112.40304,0,-0.3393397941191645,-0.4145156319996,9.457174724215706,-0.9057870332887337,9.163009562431455,-0.05928734950659553,8.955678897071838,-0.13021093253053806,,,,,,,0.515079822432885,0.4843812520655985,,5.88,3.59,1.3690557098832936,51.171564636638394,-0.28245189759351774,-0.4085840189011793,0.12613212130766155,8.955678897071838,14.046624809750977,3.864732984392699,0.28093056185453946,2669028.986,0.71964504697215,6736.334428337641,0.014000000000000234,0.09499999999999975,0.06699999999999928,0.17599999999999927,0.07954545454545621,0.5287165923618861,0.47128340763811394,0.023098226935930232,0,4,8,3,False,False,bubble
2024-08-17,4.293,4.384,4.275,7.7173278334704944,859646.82,1723939199999,3720796.35993,40634.0,473270.4,2048843.00253,0,0.1475345666433301,0.13761578593531482,9.487321179391369,0.030146455175662723,9.464948304093976,0.30193874166252144,8.871970984081383,-0.08370791299045521,,,,,,,0.4901113285319572,0.48418641955459907,,5.88,3.59,1.802326564834277,50.750432679890515,-0.3771984691510877,-0.402306908951161,0.025108439800073323,8.871970984081383,13.987739465904653,3.7562025022581125,0.38714861171753306,2230666.59,0.38537665102161234,15422.368392357877,0.07599999999999962,0.015000000000000568,0.017999999999999794,0.10899999999999999,0.697247706422015,0.5505405115091335,0.4494594884908665,0.047268249070007616,0,5,8,3,False,False,bubble
2024-08-18,4.37,4.529,4.346,5.2569605627489855,2034044.35,1724025599999,9004629.63291,44213.0,1024258.09,4531820.1599,0,-0.31881077541513203,-0.3839151486028188,8.156008523434355,-1.3313126559570136,9.039985531062708,-0.42496277303126817,8.633280234033503,-0.23869075004787987,,,,,,,0.3973111193991218,0.4928991970763679,,5.726,3.59,0.7804122484779895,41.604382868254405,-0.6434001696694072,-0.4505255610948103,-0.19287460857459687,8.633280234033503,13.96241901737593,3.304141450691075,0.1832208909779138,1949299.0440000002,1.0434747589195452,9776.821091782982,0.019999999999999574,0.13900000000000023,0.02400000000000002,0.18299999999999983,0.10928961748633657,0.5035574027675453,0.4964425972324547,0.021736497535070953,0,6,8,3,False,False,bubble
2024-08-19,4.391,4.504,4.344,5.373166837079247,1876212.07,1724111999999,8304032.43384,39373.0,913259.87,4041781.98718,0,0.022105220867301822,0.021864442320771244,7.050402520217345,-1.1056060032170105,8.360710608515845,-0.6792749225468633,8.438306716292413,-0.19497351774109006,,,,,,,0.3860108701918652,0.4918217496214447,,5.559,3.59,0.9056205368609686,49.36879048477261,-0.8353605436939455,-0.5274925576146373,-0.3078679860793082,8.438306716292413,13.951123159657268,2.925490272927557,0.22199873597257874,1863205.242,1.0069808884747653,38891.867510250806,0.08999999999999986,0.022999999999999687,0.04699999999999971,0.15999999999999925,0.5625000000000018,0.48675727259339074,0.5132427274066093,0.02098536760825763,0,0,8,3,False,False,bubble
2024-08-20,4.481,4.604,4.455,7.190272603142418,2015995.76,1724198399999,9152924.2015,77401.0,881048.13,3999807.1857,0,0.3381815270509849,0.2913116229453274,6.452573082414777,-0.5978294378025675,8.407767419959608,0.04705681144376328,8.435815838651123,-0.002490877641289302,,,,,,,0.3680729433167429,0.489829806454091,,5.422,3.59,1.9652143030253375,49.83486630521762,-0.8312827637287139,-0.5882505988374527,-0.24303216489126123,8.435815838651123,13.950956368221732,2.920675309080516,0.3870796465810382,1945893.1989999998,1.0360259037012032,19345.641080116104,0.04300000000000015,0.08000000000000007,0.0259999999999998,0.14900000000000002,0.2885906040268466,0.4370287614096966,0.5629712385903033,0.03839343392269833,0,1,8,3,False,False,bubble
2024-08-21,4.524,4.749,4.492,12.173661191655905,2872074.59,1724284799999,13248802.47603,87220.0,1387540.7,6410961.13251,0,0.6930736654317611,0.526545613977431,7.542277805619409,1.0897047232046315,8.499726264917559,0.0919588449579507,8.396339330777328,-0.039476507873795086,,,,,,,0.371485252928602,0.4831124550320281,,5.369,3.59,4.824992238142723,59.10771260318005,-0.4210793420086816,-0.5548163474716985,0.13373700546301692,8.396339330777328,13.784882196328365,3.007796465226293,0.8504956678573534,2053012.155,1.3989564469967786,88244.55526304164,0.13900000000000023,0.08599999999999941,0.03200000000000003,0.2569999999999997,0.5408560311284063,0.48311443749794813,0.5168855625020519,0.030368292071411698,0,2,8,3,False,False,bubble
2024-08-22,4.664,4.72,4.591,13.424554337911005,3039748.99,1724371199999,14158806.492,61121.0,1622459.96,7554867.26163,0,0.10275406277221588,0.09781074421486566,8.683723106507511,1.141445300888102,9.08552214294944,0.585795878031881,8.788728353008946,0.3923890222316171,,,,,,,0.34508149994864906,0.4565765809862481,,5.209,3.59,6.074462222304513,55.22634481941993,0.004890078037433909,-0.44287506236987206,0.447765140407306,8.788728353008946,14.448865723895459,3.128590982122433,0.9095153245526245,2151429.585,1.412897271281133,16949.061492601082,0.025000000000000355,0.030999999999999694,0.07299999999999951,0.12899999999999956,0.19379844961240653,0.5337480052917132,0.4662519947082868,0.020107252342569246,0,3,8,3,False,False,bubble
2024-08-23,4.69,4.953,4.684,12.766824692583931,3604290.98,1724457599999,17308988.02795,71503.0,1802725.48,8663113.18293,0,-0.04899452367440171,-0.05023545796163564,10.185695932474502,1.501972825966991,9.170852227954429,0.08533008500498873,9.077667281508699,0.28893892849975344,,,,,,,0.3052315819289523,0.45747842341872985,,5.097,3.59,6.089465622152574,50.84679737535026,0.2861026140242551,-0.2970795270910467,0.5831821411153018,9.077667281508699,14.937244532761405,3.2180900302559943,0.8147972330500921,2291882.0200000005,1.5726337344362948,155271.22583919816,0.20099999999999962,0.06200000000000028,0.006000000000000227,0.26900000000000013,0.747211895910779,0.5001609165306625,0.4998390834693374,0.01983829840508604,0,4,8,3,False,False,bubble
2024-08-24,4.892,5.1,4.845,8.979911012069183,3274573.09,1724543999999,16263900.72207,65838.0,1700011.8,8443436.66512,0,-0.296621420885846,-0.3518600127551942,10.907044767472488,0.7213488349979862,8.978723643844917,-0.19212858410951128,8.884386368487998,-0.1932809130207005,,,,,,,0.3220820286353921,0.43351194915005764,,5.1,3.59,3.5694774914365452,53.34133042990539,0.20107541711788812,-0.19744853824925973,0.39852395536714785,8.884386368487998,14.46923784377011,3.2995348932058883,0.5085521203208325,2383207.804,1.3740191201555834,60255.89411163377,0.08899999999999952,0.11899999999999977,0.0470000000000006,0.2549999999999999,0.3490196078431355,0.5191552465851358,0.4808447534148642,0.02010582698583161,0,5,8,3,False,False,bubble
2024-08-25,4.982,4.995,4.744,6.654536042123499,3038021.47,1724630399999,14732464.97782,62912.0,1407601.08,6830289.37954,0,-0.2589530082002297,-0.29969123896297317,10.799897455268704,-0.10714731220378404,8.626235268841741,-0.3524883750031762,8.924266090389896,0.03987972190189737,,,,,,,0.33359939589563314,0.41684413008346094,,5.1,4.194,2.7158234460524278,42.72523593868616,-0.053332787942515836,-0.16862538818791095,0.11529260024539512,8.924266090389896,14.428908941018985,3.4196232397608055,0.293834939899234,2453536.161,1.2382215996204347,-98807.3636097169,0.16300000000000026,0.0129999999999999,0.07500000000000018,0.25100000000000033,0.6494023904382472,0.4633282199944426,0.5366717800055574,0.020708214415614382,0,6,8,3,False,False,bubble
2024-08-26,4.823,4.866,4.53,8.950490988853664,2919726.61,1724716799999,13664083.01295,67183.0,1385369.0,6483634.77533,0,0.3450210401140925,0.2964096561389525,10.155263414708257,-0.6446340405604474,8.848770610163834,0.22253534132209296,9.005890086297644,0.08162399590774783,,,,,,,0.3254139154690149,0.4194533920416339,,5.1,4.211,5.331260954841021,52.28959221096341,-0.06889457350204786,-0.14867922525073834,0.07978465174869048,9.005890086297644,14.458413873924446,3.5533662986708405,0.4949198665057002,2553433.473,1.1434512161265145,-158134.1865968045,0.26500000000000057,0.04299999999999926,0.02799999999999958,0.3359999999999994,0.7886904761904793,0.4744858629075549,0.5255141370924451,0.02301003106588805,0,0,8,3,False,False,bubble
2024-08-27,4.557,4.658,4.24,10.46342989093917,4020085.47,1724803199999,17985690.71896,93324.0,1949821.66,8721214.32781,0,0.16903417968574197,0.15617792045919748,9.563038525313889,-0.5922248893943678,9.123380815910702,0.27461020574686756,9.29416456000234,0.2882744737046963,,,,,,,0.3260349567565603,0.4066682687687784,,5.1,4.211,7.033104489245415,47.35263055400751,0.040388550496615494,-0.11086567010126759,0.15125422059788307,9.29416456000234,14.385364870203357,4.202964249801323,0.6148319904634298,2869477.338,1.4009817804666698,-158757.21469942943,0.17900000000000027,0.10099999999999998,0.1379999999999999,0.41800000000000015,0.42822966507177085,0.48501995157829314,0.5149800484217069,0.023214431806595395,0,1,8,3,False,False,bubble
2024-08-28,4.378,4.453,4.165,9.885010051518407,3363625.7,1724889599999,14541157.51819,88095.0,1498175.74,6475210.94376,0,-0.055280137149066766,-0.056866836863423614,8.986675597100785,-0.5763629282131042,9.586185764787643,0.4628049488769417,9.313085647925176,0.018921087922835866,,,,,,,0.30033305090386536,0.3460057847367335,,5.1,4.165,6.1176578091105975,48.114929050263314,0.07940720973839532,-0.072811094133335,0.15221830387173033,9.313085647925176,14.410419052846889,4.215752243003463,0.5561003526903902,3002435.473,1.1202990806124145,-95269.43508451393,0.12400000000000055,0.07500000000000018,0.08899999999999952,0.28800000000000026,0.4305555555555571,0.44540501043264114,0.5545949895673589,0.026190488436332256,0,2,8,3,False,False,bubble
2024-08-29,4.255,4.403,4.179,7.501965204970154,2528160.83,1724975999999,10850019.33844,46224.0,1070052.57,4596550.53653,0,-0.24107662350653858,-0.2758544599191743,8.691086435680978,-0.29558916141980696,9.799065601576732,0.21287983678908873,9.07988810504629,-0.2331975428788855,9.517672211348817,,,,,,0.31897089915640153,0.34780428093249266,,5.1,4.165,3.5689467432835884,45.3215580422172,-0.08102798470837236,-0.07445447224834248,-0.006573512460029879,9.07988810504629,14.052914955199114,4.106861254893467,0.341351861992496,3067630.349,0.8241412889998763,-1188.604057357779,0.0030000000000001137,0.1479999999999997,0.07299999999999951,0.2239999999999993,0.013392857142857692,0.4232533616146565,0.5767466383853436,0.01828364693080068,0,3,8,3,False,False,bubble
2024-08-30,4.252,4.335,4.101,4.725139856963409,2493943.55,1725062399999,10540167.62173,46964.0,1170446.25,4949882.69724,0,-0.37014639126385984,-0.4622678536834646,8.305207198648962,-0.3858792370320163,9.552552326958832,-0.24651327461790018,8.98015987345922,-0.09972823158707023,9.355592752197552,-0.16207945915126487,,,,,0.3323309129071444,0.34260526243483225,0.4572450739659794,5.1,4.101,0.6247646215849944,46.42056696612934,-0.42731481171183816,-0.14502654014104163,-0.2822882715707965,8.98015987345922,14.225040735012024,3.7352790119064156,0.09436447377795483,3115425.128,0.8005146801910239,14663.355773753958,0.025000000000000355,0.05799999999999983,0.1509999999999998,0.23399999999999999,0.10683760683760836,0.4693154542331161,0.530684545766884,0.018831220137280173,0,4,8,3,False,False,bubble
2024-08-31,4.277,4.318,4.218,9.102803549660495,1087944.03,1725148799999,4651653.69586,31547.0,520758.58,2226708.85542,0,0.9264622477249536,0.6556852885904579,8.335669710810327,0.03046251216136575,9.245466562759292,-0.3070857641995399,8.872596413838425,-0.1075634596207955,9.406776779797603,0.05118402760005125,,,,,0.38940368759783717,0.37087617503692755,0.4655353936821229,5.1,4.101,5.006810360020517,52.21160708108213,-0.3445371330326008,-0.1849286587193535,-0.15960847431324732,8.872596413838425,14.008223188004639,3.7369696396722096,0.5224127595272386,2937012.072,0.3704254539407286,-4833.045725976127,0.019000000000000128,0.04099999999999948,0.040000000000000036,0.09999999999999964,0.19000000000000195,0.478663024604308,0.5213369753956919,0.028996896099517177,0,5,8,3,False,False,bubble
2024-09-01,4.259,4.259,4.032,7.0742262564585126,2516218.02,1725235199999,10468108.13323,40403.0,1127520.91,4688619.79698,0,-0.2228519249190697,-0.25212437395145254,7.657828983914196,-0.6778407268961315,8.610433754614043,-0.6350328081452492,8.847977948781741,-0.024618465056683192,9.274815438762351,-0.13196134103525203,,,,,0.3959441173954351,0.36603456152175684,0.4451678295335046,5.1,4.032,2.848526457358159,52.941412580711344,-0.4375803069378268,-0.23545898836304818,-0.2021213185747786,8.847977948781741,14.014591862561248,3.6813640350022343,0.3283448577807815,2884658.975,0.8722757323506498,-112278.39920150339,0.19100000000000072,0.0,0.03599999999999959,0.2270000000000003,0.8414096916299579,0.44810143677454467,0.5518985632254554,0.01605703467619233,0,6,9,3,False,False,bubble
2024-09-02,4.068,4.234,4.051,6.441147177888132,2199151.08,1725321599999,9124704.26325,38829.0,1087453.21,4513299.68212,0,-0.08949092884785848,-0.09375141703912605,6.969056409188141,-0.6887725747260545,7.977866003144461,-0.6325677514695816,8.574359115549445,-0.2736188332322964,9.105041878101623,-0.1697735606607278,,,,,0.3966466814654362,0.3455729231195768,0.44575639181902216,5.1,4.032,2.25575578453945,51.70017735901222,-0.5559927451035165,-0.29956573971114187,-0.2564270053923746,8.574359115549445,13.635957349762897,3.512760881335992,0.28927486547213055,2744144.9850000003,0.801397554437161,75683.66548672583,0.14000000000000057,0.0259999999999998,0.01699999999999946,0.18299999999999983,0.7650273224043754,0.49448772296262605,0.5055122770373739,0.017656358561777392,0,0,9,3,False,False,bubble
2024-09-03,4.209,4.285,4.056,6.525319689382287,2045219.35,1725407999999,8557835.91155,41621.0,1021159.38,4273391.00259,0,0.013067937926199091,0.012983289085042062,6.773727306070567,-0.19532910311757412,7.7324068708757725,-0.24545913226868876,8.355565257360345,-0.21879385818910002,8.926886793825574,-0.17815508427604954,,,,,0.38360413811036276,0.3447361085141343,0.44580045139460733,5.1,4.032,2.3345689975489585,48.87960667129821,-0.6357153069078283,-0.3667956531504792,-0.2689196537573491,8.355565257360345,13.37176874767134,3.3393617670493505,0.31756665459114114,2621209.611,0.7802578402799851,-70960.55729562722,0.14699999999999935,0.07600000000000051,0.006000000000000227,0.2290000000000001,0.6419213973799096,0.499290885351735,0.5007091146482651,0.020350384422091448,0,1,9,3,False,False,bubble
2024-09-04,4.063,4.197,3.868,7.486189527346793,4271469.46,1725494399999,17306441.51132,63486.0,2182306.16,8834575.91811,0,0.1472525307117123,0.13736998018421664,7.325937240147245,0.5522099340766777,7.815572219398102,0.08316534852232937,8.220903744119921,-0.13466151324042386,8.901815842894742,-0.025070950930832225,,,,,0.3719266416384758,0.34515012214654545,0.4399417431777488,5.1,3.868,2.9368421488204497,40.86350377799062,-0.614280799231329,-0.4162926823666492,-0.19798811686467988,8.220903744119921,13.175170533567698,3.266636954672145,0.4258503580854774,2744554.41,1.5563435158860632,51526.83494337666,0.04800000000000004,0.0860000000000003,0.19499999999999984,0.3290000000000002,0.14589665653495446,0.5109029059990049,0.4890970940009951,0.014862800868532956,0,2,9,3,False,False,bubble
2024-09-05,4.111,4.127,3.973,6.3005395177951815,1907467.81,1725580799999,7705627.49877,37512.0,907343.18,3666892.12144,0,-0.15837830517387697,-0.17242465925807562,6.765484433774181,-0.560452806373064,7.550577072292254,-0.26499514710584826,8.199673841228044,-0.021229902891876762,8.875166680334415,-0.0266491625603269,,,,,0.36336238206571186,0.33715075832230973,0.44027092111669053,5.1,3.868,1.9744638943142712,36.078955972912645,-0.6850687976913932,-0.470047905431598,-0.21502089225979515,8.199673841228044,13.184473375924881,3.2148743065312066,0.3095074525852159,2643328.5300000003,0.721615867400334,-41759.207711019255,0.08999999999999986,0.016000000000000014,0.04800000000000004,0.15399999999999991,0.5844155844155838,0.47567941919816725,0.5243205808018327,0.019665862670573717,0,3,9,3,False,False,bubble
2024-09-06,4.022,4.096,3.818,5.117470923699202,3968575.54,1725667199999,15761203.88402,74308.0,1872202.04,7433428.25698,0,-0.18777258530869168,-0.20797491067817137,6.374133367222319,-0.391351066551862,7.015981175568257,-0.5345958967239968,8.069680995739478,-0.12999284548856593,8.76569634245012,-0.10947033788429472,,,,,0.3637318604527531,0.33996196324046,0.4396081187630927,5.1,3.818,1.0136278656000022,35.35311042254942,-0.8270982706840986,-0.5414579784820982,-0.2856402922020004,8.069680995739478,13.239602704631565,2.8997592868473916,0.21448212968461625,2638177.537,1.5042867602128325,-61191.664630688836,0.06300000000000017,0.07399999999999984,0.14100000000000001,0.278,0.2266187050359718,0.47175668476755267,0.5282433152324474,0.01872409867244205,0,4,9,3,False,False,bubble
2024-09-07,3.96,4.133,3.935,8.837328407094676,1686608.94,1725753599999,6840358.24733,29572.0,833675.22,3383022.47939,0,0.7268937213045357,0.54632425778309,6.853369613063627,0.4792362458413084,6.911213011125885,-0.10476816444237169,8.248699387956764,0.17901839221728544,8.645025684668223,-0.120670657781897,,,,,0.4336039887617842,0.36380922346940514,0.4469344185694611,5.1,3.818,3.915232766844522,49.72628166197371,-0.632208534089183,-0.5596080896035152,-0.07260044448566783,8.248699387956764,13.25386228830396,3.2435364876095667,0.5588021839506043,2470475.861,0.6827060999160275,51122.27148269754,0.11899999999999977,0.05400000000000027,0.02499999999999991,0.19799999999999995,0.6010101010101,0.49429076309769826,0.5057092369023017,0.01753340641014271,0,5,9,3,False,False,bubble
2024-09-08,4.08,4.208,4.059,4.8714588226027455,1503933.15,1725839999999,6229901.43706,40230.0,739421.07,3063885.3401,0,-0.4487634047081581,-0.5955911694476418,6.522597439707719,-0.3307721733559079,6.648162372889144,-0.26305063823674146,8.223613987232937,-0.025085400723826368,8.585897403945445,-0.05912828072277776,,,,,0.453831061774077,0.3823601321277743,0.4463245414652,5.1,3.818,0.8217307508601761,46.779820601036654,-0.7886781542197099,-0.6054221025267541,-0.18325605169295578,8.223613987232937,13.294061807564184,3.153166166901692,0.1694419030219701,2368053.093,0.6350926651288556,30233.51760235341,0.08099999999999952,0.0470000000000006,0.020999999999999908,0.14900000000000002,0.5436241610738222,0.49165820302584595,0.508341796974154,0.02674985919420687,0,6,9,3,False,False,bubble
2024-09-09,4.162,4.341,4.111,4.808055355999747,2798131.43,1725926399999,11804326.7307,46853.0,1268016.84,5351969.20742,0,-0.013015293552070428,-0.013100734655604148,5.9869706054383105,-0.5356268342694088,6.656453922792776,0.008291549903632678,8.104503124875805,-0.11911086235713242,8.506737324607196,-0.07916007933824964,,,,,0.43205603760585726,0.3766522134102323,0.4464551050139191,5.1,3.818,0.7722740686425489,41.86271962961916,-0.9073383536040396,-0.6658053527422112,-0.24153300086182838,8.104503124875805,13.384741229864357,2.824265019887254,0.1878504621068404,2398471.881,1.166630908690649,84058.2621365058,0.12399999999999967,0.055000000000000604,0.051000000000000156,0.23000000000000043,0.5391304347826062,0.45316557557126613,0.5468344244287339,0.016744388593640865,0,0,9,3,False,False,bubble
2024-09-10,4.286,4.289,4.197,8.35926222150851,1848659.47,1726012799999,7839080.53131,35745.0,927860.05,3937082.15623,0,0.7385952537084204,0.5530774617088074,6.398715146180976,0.4117445407426654,6.582099789977579,-0.07435413281519754,7.913783176368435,-0.19071994850737006,8.379514218539626,-0.1272231060675697,,,,,0.39296120435085685,0.38094107719288267,0.44817367372234235,5.1,3.818,3.5423262258256725,46.173086745156475,-0.7066785507038391,-0.6739799923345369,-0.032698558369302244,7.913783176368435,12.838772440908691,2.9887939118281794,0.5452263975829864,2474543.425,0.7470709349139832,-15096.379246383158,0.034999999999999254,0.0030000000000001137,0.05400000000000027,0.09199999999999964,0.380434782608689,0.5019096621402102,0.4980903378597898,0.019335632429914203,0,1,9,3,False,False,bubble
2024-09-11,4.25,4.257,4.058,5.989644118836368,2947171.99,1726099199999,12240158.54185,46765.0,1459056.96,6062347.30327,0,-0.2834721581738492,-0.33333817437235486,6.573149785208409,0.1744346390274334,6.473641576215364,-0.10845821376221476,7.542037665414703,-0.37174551095373154,8.357334801321675,-0.02217941721795036,,,,,0.3980817518021924,0.3872700495316525,0.443047359270695,5.1,3.818,1.6939501706991953,43.34873759183033,-0.730442501913096,-0.6852724942502487,-0.04517000766284729,7.542037665414703,11.791707232377856,3.2923680984515515,0.31735126436104427,2517638.8219999997,1.1706095267703178,-41597.346365561374,0.05900000000000016,0.006999999999999673,0.133,0.19899999999999984,0.29648241206030257,0.4950701774279552,0.5049298225720448,0.015867753954868443,0,2,9,3,False,False,bubble
2024-09-12,4.192,4.3,4.189,7.7828921013619805,2205112.48,1726185599999,9352024.26962,37641.0,975304.62,4137888.81706,0,0.29939140739366565,0.26189600669321084,6.362262524061871,-0.21088726114653866,6.60781606856275,0.13417449234738577,7.292841035853607,-0.24919662956109612,8.38913343432257,0.03179863300089458,,,,,0.40250898084755365,0.3918317430846294,0.44309020628647994,5.1,3.818,3.0927395486442917,50.48953720571386,-0.5976857300161624,-0.6677551414034315,0.07006941138726908,7.292841035853607,10.766082096519934,3.819599975187281,0.5705466532481852,2518234.9620000003,0.8756579561776411,54193.88819852069,0.10199999999999942,0.006000000000000227,0.0030000000000001137,0.11099999999999977,0.9189189189189156,0.44229245847812715,0.5577075415218727,0.017069877542029058,0,3,9,3,False,False,bubble
2024-09-13,4.294,4.472,4.27,4.917249630896937,3251739.87,1726271999999,14194643.53504,56596.0,1491325.17,6514908.20375,0,-0.36819763567884556,-0.4591786484224293,6.371420685720709,0.009158161658838537,6.447009062714214,-0.16080700584853602,7.089707966794994,-0.20313306905861328,8.213530366966987,-0.17560306735558306,,,,,0.42720844247067435,0.39535028793482124,0.4168745776446725,4.995,3.818,0.9339419124018158,50.33373334264964,-0.7154610405041959,-0.6772963212235844,-0.03816471928061149,7.089707966794994,10.622207752763494,3.5572081808264935,0.19250410933819256,2638887.014,1.2322391420127699,95416.67993013507,0.12600000000000033,0.05200000000000049,0.02400000000000002,0.20200000000000085,0.6237623762376228,0.45862376131581517,0.5413762386841848,0.017404836260779988,0,4,9,3,False,False,bubble
2024-09-14,4.42,4.445,4.344,9.13564305069569,1857961.23,1726358399999,8172515.08683,30347.0,829481.38,3649907.84454,0,0.8578766051031845,0.6194342254322849,7.236938224659897,0.865517538939188,6.611954415049103,0.1649453523348896,7.213763317223604,0.12405535042860993,8.24510831249874,0.03157794553175286,,,,,0.499112271925987,0.42929718543880147,0.42543992736806496,4.866,3.818,5.0740868804348205,50.05736626997801,-0.4630717255977208,-0.6344514020984117,0.17137967650069086,7.213763317223604,10.854521369260361,3.573005265186847,0.7639395018843568,2397536.1909999996,0.7749460621176502,7146.004730769206,0.017000000000000348,0.008000000000000007,0.07599999999999962,0.10099999999999998,0.1683168316831718,0.4464470875961174,0.5535529124038826,0.016333494752202124,0,5,9,3,False,False,bubble
2024-09-15,4.437,4.558,4.355,5.705328053672674,2920077.53,1726444799999,13096611.08845,54422.0,1363491.05,6118268.12897,0,-0.3754869775436107,-0.47078309702160465,6.70615139109273,-0.5307868335671673,6.552433268636852,-0.05952114641225137,7.051505170464554,-0.16225814675904981,8.172627749047322,-0.07248056345141762,,,,,0.5167975130819609,0.43686931759078457,0.4297166706381256,4.658,3.818,2.2468191115150873,47.720356680039885,-0.5336970002842536,-0.6143005217355801,0.08060352145132654,7.051505170464554,10.655433319292968,3.4475770216361403,0.3132347453667323,2498797.1629999997,1.16859326288582,-28957.27097588498,0.04400000000000048,0.12099999999999955,0.03799999999999937,0.2029999999999994,0.21674876847290941,0.4669365919198728,0.5330634080801272,0.018637176390313172,0,6,9,3,False,False,bubble
2024-09-16,4.393,4.393,4.148,4.8254296179234695,3152928.3,1726531199999,13423563.17722,61198.0,1471493.12,6260182.74717,0,-0.154223986328497,-0.16750071368437502,6.473308490910151,-0.23284290018257892,6.52322913805928,-0.029204130577571874,6.769605156813768,-0.28190001365078654,8.0813066195402,-0.09132112950712212,,,,,0.5148660285091182,0.43833682739738483,0.43080403702252823,4.558,3.818,1.3613913755722564,47.331263997699075,-0.6531395038131356,-0.6220683181510912,-0.031071185662044365,6.769605156813768,10.123134191871065,3.4160761217564697,0.21012990814062238,2417232.4390000002,1.3043546202384881,-141390.13774186216,0.19700000000000006,0.0,0.04800000000000004,0.2450000000000001,0.8040816326530611,0.46670681347241555,0.5332931865275845,0.019409892701968516,0,0,9,3,False,False,bubble
2024-09-17,4.195,4.288,4.127,5.621839574710243,3322360.31,1726617599999,13932318.9294,48680.0,1717293.46,7204037.89038,0,0.1650443628539533,0.15275916599561462,6.041097985579803,-0.43221050533034777,6.201680254820837,-0.3215488832384432,6.55644663297336,-0.21315852384040745,7.993127899760274,-0.08817871977992642,,,,,0.4670424896467536,0.43866222607143934,0.43102671964595235,4.558,3.818,2.437621046905735,48.54199567916653,-0.6757453490130221,-0.6328037243234774,-0.042941624689544655,6.55644663297336,9.60421139615081,3.5086818697959106,0.346673360497688,2580807.576,1.2873336008836949,-30879.898019542048,0.038000000000000256,0.09299999999999997,0.03000000000000025,0.16100000000000048,0.23602484472049778,0.5168895904610659,0.4831104095389341,0.014652233790982171,0,1,9,3,False,False,bubble
2024-09-18,4.158,4.178,3.973,6.26247250667389,4814848.56,1726703999999,19623240.25152,73568.0,2416448.53,9853748.55713,0,0.11395432463877553,0.10791613944259418,6.310142560735192,0.26904457515538915,6.340781623227951,0.13910136840711385,6.494471998058548,-0.061974634914812476,7.932924606055732,-0.06020329370454203,,,,,0.43411150563820167,0.4334978977068567,0.43056206363703503,4.558,3.818,3.3033412252349876,48.00458456723546,-0.6346510582407552,-0.6331731911069329,-0.0014778671338222527,6.494471998058548,9.511536833637035,3.4774071624800613,0.46155212035074233,2911899.117,1.6535080257040373,22006.765128698946,0.017999999999999794,0.0019999999999997797,0.1850000000000005,0.20500000000000007,0.08780487804877946,0.5018742541717657,0.4981257458282343,0.015279400604865547,0,2,9,3,False,False,bubble
2024-09-19,4.177,4.352,4.177,8.697533056550936,4658192.56,1726790399999,19817235.20155,64863.0,2178485.68,9262543.92627,0,0.388833730971595,0.32846435248297456,6.222520561906243,-0.08762199882894972,6.72972939328307,0.38894777005511916,6.693091658037924,0.19861965997937592,7.962073464067386,0.0291488580116539,,,,,0.44122926130399864,0.42648693689871403,0.4307322370129727,4.558,3.818,6.593963589933701,53.755556853599,-0.40097234145473326,-0.5867330211764931,0.1857606797217598,6.693091658037924,9.742567108020722,3.6436162080551258,0.8286534735874524,3097905.23,1.5036588320682747,88121.93779693444,0.07800000000000029,0.09700000000000042,0.0,0.1750000000000007,0.44571428571428556,0.4676675882200972,0.5323324117799028,0.013924499505877019,0,3,9,3,True,False,bubble
2024-09-20,4.255,4.404,4.19,4.474368689514328,4540903.46,1726876799999,19590156.37523,55748.0,2318134.56,10011756.39755,0,-0.4855588750945583,-0.6646741619265032,5.976328689074574,-0.24619187283166877,6.341240040083652,-0.388489353199418,6.4616699150306145,-0.2314217430073091,7.792297010875036,-0.16977645319235002,,,,,0.4256983535033138,0.39912878003704155,0.42585428486883503,4.558,3.818,0.8869847155599034,49.08003980392704,-0.550211845144335,-0.5794287859700615,0.029216940825726567,6.4616699150306145,9.44289457394701,3.480445256114219,0.16669717098096473,3367129.6289999997,1.3485977554563582,90711.34996474735,0.08499999999999996,0.06400000000000006,0.0649999999999995,0.21399999999999952,0.3971962616822437,0.5105007363446569,0.48949926365534313,0.012276852060624958,0,4,9,3,False,False,bubble
2024-09-21,4.339,4.477,4.282,7.52851774779803,2465166.54,1726963199999,10802753.21114,35201.0,1185147.43,5192551.23226,0,0.6825877057116665,0.5203329093871322,6.516946315049485,0.5406176259749111,6.4951274029798185,0.15388736289616656,6.48438448959759,0.022714574566975898,7.831331887965423,0.039034877090387,,,,,0.45857939809588244,0.4193949274542472,0.4249169028337106,4.558,3.818,5.014213172700042,48.09139003992196,-0.41723133945236857,-0.546989296666523,0.1297579572141544,6.48438448959759,9.4920657859427,3.4767031932524817,0.6735777755889985,3318929.084,0.742759630473623,69297.30826728111,0.12299999999999933,0.015000000000000568,0.057000000000000384,0.19500000000000028,0.6307692307692264,0.48075755157702244,0.5192424484229776,0.014279359803415147,0,5,9,3,False,False,bubble
2024-09-22,4.46,4.483,4.234,8.415875615579209,2410272.28,1727049599999,10500125.54048,37253.0,1048031.75,4567696.20899,0,0.11786621185036283,0.11142170017538,7.075753523223279,0.5588072081737936,6.55842575440154,0.06329835142172158,6.583120911482145,0.09873642188455456,7.859888477825231,0.028556589859808135,,,,,0.453925170501898,0.417583699872804,0.42425213852546084,4.558,3.818,6.2133454264583925,55.67860797436907,-0.23750317785415387,-0.48509207290404915,0.24758889504989529,6.583120911482145,9.712035574203508,3.4542062487607827,0.7928738718784729,3339445.064,0.7217583262510588,-81566.8118063648,0.14900000000000002,0.022999999999999687,0.07699999999999996,0.24899999999999967,0.5983935742971896,0.43481882055250626,0.5651811794474938,0.015455930149103321,0,6,9,3,False,False,bubble
2024-09-23,4.31,4.462,4.233,10.893086182821744,3549403.67,1727135999999,15572255.46289,59614.0,1723667.44,7566842.61342,0,0.29434971242407615,0.25800841646239614,8.00187625845285,0.9261227352295709,7.156009409594022,0.5975836551924818,6.801509236154118,0.2183883246719729,7.820839616032001,-0.03904886179322986,,,,,0.42644418976981296,0.41962967617689845,0.4112355446502634,4.558,3.818,9.560927274083442,59.04909755771829,0.10362831227039582,-0.3673479958691602,0.47097630813955604,6.801509236154118,10.475646400689117,3.127372071619119,1.0568078658252078,3369211.4439999997,1.0534820176753503,121030.4661308282,0.14800000000000058,0.0039999999999995595,0.07699999999999996,0.2290000000000001,0.6462882096069892,0.4856216988134235,0.5143783011865765,0.01679549736871715,0,0,9,3,False,False,bubble
2024-09-24,4.458,4.684,4.401,7.90156302355858,4816662.23,1727222399999,21852476.87401,71793.0,2231481.85,10124952.98568,0,-0.27462585983949683,-0.3210677018444565,7.842682251854379,-0.1591940065984705,7.03260140688031,-0.12340800271371144,6.822277910964708,0.02076867481058997,7.861732044421461,0.04089242838946028,,,,,0.36689250950308355,0.4278060530173904,0.40472650159276247,4.684,3.818,4.715430743139238,49.30782989305618,0.1310756002356399,-0.26766327664820017,0.3987388768838401,6.822277910964708,10.517347257799175,3.127208564130241,0.646043959028602,3665081.5439999998,1.3142032918435935,191240.29042395615,0.1769999999999996,0.04900000000000038,0.057000000000000384,0.28300000000000036,0.625441696113072,0.4632838557998699,0.53671614420013,0.01490513483649444,0,1,9,3,False,False,bubble
2024-09-25,4.636,4.773,4.59,5.199792910613687,3965799.79,1727308799999,18568345.42913,76184.0,1950010.71,9129192.72577,0,-0.34192856589127263,-0.41844179107402935,7.987767096074249,0.14508484421986978,6.982047892574411,-0.05055351430589905,6.767240580605632,-0.055037330359075654,7.819367681219761,-0.042364363201699895,,,,,0.362725821750624,0.4351355646164172,0.4081901552999871,4.773,3.818,1.446903571323233,48.8174030406163,-0.06443967433119013,-0.22701855618479816,0.16257888185360803,6.767240580605632,10.527250868690533,3.007230292520732,0.2915633801642735,3769653.7700000005,1.0520329006236557,1711.2404703340983,0.0009999999999994458,0.13600000000000012,0.04600000000000026,0.18299999999999983,0.005464480874313916,0.49170679642403226,0.5082932035759677,0.019210248634361847,0,2,9,3,False,False,bubble
2024-09-26,4.637,4.878,4.564,13.719194890212675,3813731.87,1727395199999,18144226.1778,73685.0,1762258.07,8388560.60372,0,1.6384117840942083,0.9701771391921681,9.22590252455718,1.2381354284829307,7.871424419803333,0.8893765272289214,7.197326778931307,0.4300861983256752,7.99979277068711,0.1804250894673487,,,,,0.6093586954639373,0.5532049172754251,0.46033033552150776,4.878,3.935,10.375604337447163,57.3980124682069,0.4627236123360987,-0.08907012248061878,0.5517937348167175,7.197326778931307,11.989039219409424,2.40561433845319,1.1805362584143946,3835734.1270000003,0.9942638732843538,145574.8417058445,0.1770000000000005,0.06400000000000006,0.07299999999999951,0.31400000000000006,0.563694267515925,0.46208231990887183,0.5379176800911282,0.019320970249541953,0,3,9,3,False,False,bubble
2024-09-27,4.814,4.964,4.809,13.302875368956114,4302233.12,1727481599999,21054523.50476,68675.0,1884592.3,9228034.37419,0,-0.030345769164163205,-0.03081573408860413,10.20330247523256,0.9773999506753803,8.63952799922792,0.7681035794245865,7.420604127024378,0.22327734809307032,8.075718512204999,0.07592574151788867,,,,,0.6147776016663463,0.5383609201084371,0.4411125147708372,4.964,3.973,9.414606830429978,61.12990183142667,0.8372594037576828,0.09619578276704155,0.7410636209906413,7.420604127024378,12.900778467210271,1.940429786838484,1.0366865063760182,3933721.408,1.0936801755331629,60771.053626921544,0.06799999999999962,0.08200000000000074,0.004999999999999893,0.15500000000000025,0.4387096774193517,0.4380497865722348,0.5619502134277652,0.0159626403508325,0,4,9,3,False,False,bubble
2024-09-28,4.883,4.93,4.746,11.66811860010996,2346081.15,1727567999999,11323964.67363,44101.0,1009865.16,4874839.72068,0,-0.12288747533943367,-0.13111998850006798,10.358308958690204,0.1550064834576439,9.180092608571526,0.5405646093436065,7.760437115899738,0.3398329888753606,8.06576256295624,-0.00995594924875931,,,,,0.6234056360613238,0.5248085992850224,0.44112926439897515,4.964,3.973,7.765003632805202,53.608751845238295,0.9907497613024479,0.27510657847412284,0.715643182828325,7.760437115899738,13.415187973716627,2.1056862580828506,0.8455219851824601,3686844.6670000004,0.6363384850463514,-42289.04981564924,0.08900000000000041,0.04699999999999971,0.047999999999999154,0.18399999999999928,0.4836956521739172,0.43044766801864465,0.5695523319813552,0.01879772999326984,0,5,9,3,False,False,bubble
2024-09-29,4.794,4.858,4.682,8.97505375302227,2288995.53,1727654399999,10921605.08779,49414.0,1089780.66,5201560.09456,0,-0.23080540568573849,-0.2624112929647735,10.57300710458294,0.2146981458927364,9.20784467821866,0.027752069647133837,7.968787035750864,0.20834991985112605,8.110869548242588,0.045106985286349044,,,,,0.6318167702128352,0.5304315957338064,0.43692873005307653,4.964,3.973,5.047481082767171,54.7593262784205,0.8848837600521495,0.39706201478972825,0.4878217452624213,7.968787035750864,13.470509756209559,2.4670643152921707,0.5914501482898714,3449924.964,0.6634913958667767,-12891.714499373944,0.026999999999999247,0.06400000000000006,0.08499999999999996,0.17599999999999927,0.15340909090908728,0.47609558241470223,0.5239044175852978,0.021587634992017657,0,6,9,3,False,False,bubble
2024-09-30,4.767,4.771,4.399,11.77659181425308,4303691.53,1727740799999,19804776.77364,83551.0,2056858.54,9462975.0416,0,0.3121472180918603,0.2716648931384272,11.88836688531082,1.3153597807278796,9.938066990692535,0.7302223124738756,8.139653515388092,0.1708664796372279,8.121319929686123,0.01045038144353505,,,,,0.5955211367601398,0.5130274047692215,0.42979953462383635,4.964,3.973,7.874461972001086,59.581899612256365,1.0153406840704466,0.520717748645872,0.4946229354245747,8.139653515388092,13.89868350542294,2.3806235253532453,0.815759624898479,3426203.771,1.2561107913158036,-302441.0871722258,0.33499999999999996,0.0039999999999995595,0.03300000000000036,0.3719999999999999,0.9005376344086023,0.4779288956148769,0.522071104385123,0.019413798460597383,0,0,9,3,False,False,bubble
2024-10-01,4.432,4.563,4.051,9.72908001819855,8519076.94,1727827199999,36807460.52113,136213.0,4394384.58,19009272.08992,0,-0.17386284829677545,-0.19099447602056657,11.090343910907995,-0.7980229744028247,10.158123217732587,0.22005622704005212,8.326625310356203,0.18697179496811067,8.16456961889825,0.043249689212126796,,,,,0.5805178896363098,0.5091721966389695,0.4274219530616069,4.964,3.973,5.8083552151347595,55.47289651543053,0.9426454164898832,0.6051032822146742,0.33754213427520896,8.326625310356203,14.034331876862804,2.6189187438496004,0.6228562375711546,4031594.8109999998,2.113078654818221,-534364.4831498205,0.27800000000000047,0.13099999999999934,0.10299999999999976,0.5119999999999996,0.5429687500000013,0.5158287231057688,0.4841712768942312,0.015989173587625798,0,1,10,4,False,False,bubble
2024-10-02,4.154,4.27,4.004,10.848823774967444,4868593.35,1727913599999,20216542.77875,109613.0,2458963.3,10216605.91659,0,0.11509246040472254,0.10893732560386249,10.59953359211026,-0.4908103187977346,10.40141803367141,0.24329481593882285,8.479921894036476,0.1532965836802731,8.143275617546918,-0.021294001351332525,,,,,0.5805190649732334,0.5073358073930623,0.42137054454757233,4.964,3.973,6.93826818866543,56.03426423140204,0.9642723251477605,0.6769370908012915,0.287335234346469,8.479921894036476,14.28991211280423,2.6699316752687228,0.7038645326182142,4277426.918,1.1382060858859542,-60945.318777082015,0.0519999999999996,0.11599999999999966,0.09800000000000075,0.266,0.19548872180450977,0.5050664788013154,0.4949335211986846,0.02251430590316195,0,2,10,4,False,False,bubble
2024-10-03,4.102,4.173,3.989,10.784920780602341,4867140.66,1727999999999,19828943.46369,93879.0,1966602.68,8013340.66888,0,-0.005890315456367978,-0.005907731789931569,10.422894028208738,-0.17663956390152258,10.39060149344947,-0.01081654022194023,8.773305451521745,0.293383557485269,8.140950096095677,-0.00232552145124032,,,,,0.5781762155630286,0.49583512517962003,0.42093945945149486,4.964,3.973,6.873784844200139,52.92913954214866,0.9651299511822398,0.7345756628774812,0.23055428830475855,8.773305451521745,14.415996916487964,3.1306139865555256,0.6782496297706612,4409200.617000001,1.103860105896379,32036.274456362225,0.026999999999999247,0.04400000000000048,0.11300000000000043,0.18400000000000016,0.14673913043477838,0.4040570875960671,0.5959429124039329,0.01928832687568146,0,3,10,4,False,False,bubble
2024-10-04,4.129,4.212,4.106,5.663103884077425,3025511.57,1728086399999,12597674.72679,65274.0,1480880.3,6166717.19056,0,-0.47490537953111056,-0.6441768031653408,9.760504054419767,-0.6623899737889705,10.166755579501354,-0.22384591394811615,8.599678493190833,-0.17362695833091202,8.050623777934122,-0.09032631816155501,,,,,0.5953669172278523,0.4814397361039547,0.4275125615247945,4.964,3.973,1.7054529607239397,51.62706405926044,0.5462252624416575,0.6969055827903164,-0.15068032034865897,8.599678493190833,14.406733765475174,2.792623220906492,0.24715458425813833,4230085.551,0.7152364966436112,47628.54251634833,0.06500000000000039,0.017999999999999794,0.022999999999999687,0.10599999999999987,0.6132075471698157,0.48946443129946454,0.5105355687005354,0.021574533261494024,0,4,10,4,False,False,bubble
2024-10-05,4.194,4.234,4.075,5.061457799472706,1785207.19,1728172799999,7436986.80122,36880.0,816700.84,3404366.69144,0,-0.10623963411590032,-0.1123175868491785,8.417477251463692,-1.343026802956075,10.152922068387257,-0.013833511114096808,8.567484980480835,-0.03219351270999837,8.017350182410922,-0.03327359552319997,,,,,0.581824915278227,0.4723624450315533,0.4243316421081229,4.964,3.973,1.0983428854416803,46.38022847175236,0.16380423445772685,0.5902853131237985,-0.42648107866607166,8.567484980480835,14.448766521965506,2.686203438996162,0.2019334003756037,4012026.2909999997,0.4449639809202337,-23411.157713399953,0.054999999999999716,0.040000000000000036,0.06400000000000006,0.1589999999999998,0.34591194968553324,0.4574823833193278,0.5425176166806722,0.02065866651590172,0,5,10,4,False,False,bubble
2024-10-06,4.139,4.195,4.097,10.173151818180758,1577602.61,1728259199999,6557940.2341,31733.0,755681.21,3142060.42345,0,1.0099252470781401,0.6980975308710123,8.506291611460133,0.08881435999644083,9.798317761184064,-0.3546043072031928,8.834871090493698,0.26738611001286294,8.066466662105126,0.049116479694204074,,,,,0.40255706794317736,0.5130751176026332,0.4448147387823565,4.964,3.973,6.256459957800963,52.293980424864884,0.27009036804865083,0.526246324108769,-0.2561559560601182,8.834871090493698,14.481393555071776,3.1883486259156184,0.6185048617164282,3788413.3649999998,0.4164283191942546,19820.08594346447,0.0519999999999996,0.004000000000000448,0.041999999999999815,0.09799999999999986,0.5306122448979559,0.4790060597072668,0.5209939402927333,0.020114697959329568,0,6,10,4,False,False,bubble
2024-10-07,4.19,4.272,4.126,4.375531560850828,3779052.3,1728345599999,15901823.96343,67923.0,1732641.74,7290928.34497,0,-0.5698942039741137,-0.8437240632872312,7.211633168636811,-1.294658442823322,8.905583380373537,-0.892734380810527,8.772555689800729,-0.06231540069296848,8.048838082067164,-0.01762858003796275,,,,,0.44531527730370646,0.5361972836003932,0.45080417536405903,4.964,3.973,0.4061872460654163,42.170599635020196,-0.11220319873177154,0.39855641954066096,-0.5107596182724325,8.772555689800729,14.593204036128256,2.9519073434732013,0.12229086286202517,3736095.283,1.0114978376476274,-54102.39513242615,0.05900000000000016,0.08199999999999985,0.004999999999999893,0.1459999999999999,0.4041095890410973,0.4584857796225789,0.541514220377421,0.017973553845761808,0,0,10,4,False,False,bubble
2024-10-08,4.13,4.184,4.045,9.77220761933179,3238080.04,1728431999999,13334540.83259,57741.0,1481165.84,6099990.25798,0,1.233376101492814,0.8035143874676087,7.0090905363827005,-0.20254263225411062,8.71599228229572,-0.18959109807781793,8.948042445433623,0.1754867556328943,8.136818897712216,0.08798081564505189,,,,,0.5938581729189661,0.5938469150557286,0.479453307162437,4.964,3.989,5.931494994186448,52.12440652012863,0.020061791489816017,0.322857493930492,-0.302795702440676,8.948042445433623,14.66068075989087,3.2354041309763772,0.5721352489455189,3825295.172,0.8464915501689291,-21163.921830065643,0.0259999999999998,0.05400000000000027,0.05900000000000016,0.13900000000000023,0.18705035971222847,0.45742100927190177,0.5425789907280982,0.01783186310613866,0,1,10,4,False,False,bubble
2024-10-09,4.105,4.15,3.951,10.809704408430742,3076173.21,1728518399999,12500131.61043,58137.0,1407896.36,5725099.69408,0,0.10616810750587535,0.10090188748652722,8.038410641253364,1.0293201048706635,8.899457347836567,0.1834650655408474,9.053651013027613,0.10560856759398973,8.209207533817981,0.07238863610576551,,,,,0.5817517877429571,0.5911908274397307,0.4782300704375545,4.964,3.951,6.770685496970128,56.621209970654895,0.2062228605489267,0.2995305672541789,-0.09330770670525224,9.053651013027613,14.824587092357701,3.282714933697525,0.6521463217806927,3904012.94,0.7879515916768453,-59964.39005847953,0.0810000000000004,0.04499999999999993,0.07299999999999995,0.1990000000000003,0.4070351758793984,0.4576778561828773,0.5423221438171226,0.018899130845756243,0,2,10,4,False,False,bubble
2024-10-10,4.024,4.077,3.962,5.759430040657677,2490257.83,1728604799999,10043643.48152,49030.0,1211333.67,4886643.79651,0,-0.4671981931193453,-0.629605768469188,8.178005089490359,0.13959444823699485,8.297741170477027,-0.6017161773595401,9.11790408058478,0.06425306755716775,8.080922910798016,-0.12828462301996524,,,,,0.6084032232996714,0.5901904542708278,0.47682228720397674,4.964,3.951,1.7852221526729286,39.76737785203035,-0.05314545782311342,0.22899536223872047,-0.2821408200618339,9.11790408058478,14.699680565072224,3.5361275960973373,0.19915724418016523,3722669.5699999994,0.6689440959434927,30323.716120775563,0.04900000000000038,0.0039999999999995595,0.06199999999999983,0.11499999999999977,0.4260869565217433,0.48642901767324226,0.5135709823267578,0.019688724359918988,0,3,10,4,False,False,bubble
2024-10-11,4.073,4.196,4.053,11.989884365916568,2347729.65,1728691199999,9718414.52857,40200.0,1081519.82,4476260.7301,0,1.081783141956079,0.733224806245365,8.54135159903752,0.36334650954716174,8.523821605248827,0.2260804347718004,9.340972411490707,0.22306833090592626,8.052229511358128,-0.028693399439887912,,,,,0.6787534819599361,0.6158561060184271,0.4977154237305156,4.964,3.951,7.935720005840636,48.53159924746064,0.24126769142540816,0.23144982807605802,0.009817863349350142,9.340972411490707,15.011190427769183,3.6707543952122315,0.7335811380462948,3105534.841,0.7559823895725535,56488.4619936162,0.09799999999999986,0.024999999999999467,0.020000000000000462,0.1429999999999998,0.6853146853146853,0.4606662526070666,0.5393337473929334,0.017122925546389042,0,4,10,4,False,False,bubble
2024-10-12,4.172,4.263,4.152,11.032191879524097,2311858.57,1728777599999,9746467.49333,41063.0,1111794.34,4686774.63338,0,-0.07987503942197194,-0.08324579144741626,9.872683662772173,1.3313320637346528,8.542158415704494,0.018336810455666708,9.471788224687952,0.13081581319724478,8.017536855096932,-0.03469265626119622,,,,,0.6839950535732877,0.6180758238137681,0.49791373843263914,4.964,3.951,6.990317748789827,49.27786695342862,0.39278665341586994,0.2637171931440204,0.1290694602718495,9.471788224687952,15.172779502115766,3.7707969472601377,0.6368537135826116,2849861.3630000004,0.8112179069533213,18845.16695756402,0.03300000000000036,0.05799999999999983,0.019999999999999574,0.11099999999999977,0.2972972972973012,0.4809093230992933,0.5190906769007068,0.01776189968229761,0,5,10,4,False,False,bubble
2024-10-13,4.205,4.216,4.086,10.274603667356525,1965193.65,1728863999999,8160338.93552,38955.0,886413.52,3679686.64484,0,-0.0686706885123769,-0.07114234621672634,9.973162872377122,0.1004792096049485,8.491126704379912,-0.05103171132458151,9.440864098914691,-0.03092412577326087,8.043430708202678,0.02589385310574599,,,,,0.6861014994317923,0.6188087826093758,0.4953205053925293,4.964,3.951,6.242451794034079,51.543567715277085,0.4465875023988364,0.30029125499498366,0.14629624740385272,9.440864098914691,15.116045172924728,3.7656830249046536,0.5734548869515382,2559666.6619999995,0.7677537388655493,-20095.916040428092,0.04300000000000015,0.01100000000000012,0.07599999999999962,0.1299999999999999,0.3307692307692322,0.4510565765363633,0.5489434234636368,0.01982247398367077,0,6,10,4,False,False,bubble
2024-10-14,4.163,4.4,4.134,9.66208175807222,4101366.34,1728950399999,17620355.12387,70533.0,2033911.13,8737691.50772,0,-0.059615137392632356,-0.06146605920527529,9.743638342305418,-0.22952453007170348,8.891024491779392,0.39989778739948,9.528890035640373,0.08802593672568193,8.103581622521652,0.06015091431897446,,,,,0.654823306898587,0.6132983351809845,0.4931990820045757,4.964,3.951,5.637790481808705,47.35067891122734,0.43478770183120297,0.3271905443622275,0.10759715746897547,9.528890035640373,15.15796865894165,3.899811412339096,0.5118306859208279,2667252.139,1.5376747777349893,212853.2266794812,0.21499999999999986,0.02200000000000024,0.028999999999999915,0.266,0.8082706766917287,0.49591062133698594,0.5040893786630141,0.017197439622035814,0,0,10,4,False,False,bubble
2024-10-15,4.379,4.535,4.291,6.815945620328069,6569159.09,1729036799999,29005689.94078,101305.0,3009870.89,13292155.37626,0,-0.2945675899881862,-0.34894431665610237,9.954941458239496,0.21130311593407747,9.066473273864927,0.17544878208553527,9.609697671126092,0.08080763548571923,8.06089071515114,-0.04269090737051151,,,,,0.6674506982453757,0.611435351193085,0.4950173838418027,4.964,3.951,2.828179289563739,46.42167364791689,0.1935457992093781,0.3004615953316576,-0.10691579612227953,9.609697671126092,15.01922897105479,4.200166371197395,0.24177503595969138,3145647.329,2.088332989346372,42013.808707171076,0.027000000000000135,0.12900000000000045,0.08799999999999919,0.24399999999999977,0.11065573770491868,0.4581820669531083,0.5418179330468916,0.015421304098756422,0,1,10,4,False,False,bubble
2024-10-16,4.407,4.411,4.287,6.293954815489969,3164327.04,1729123199999,13725747.52256,46579.0,1551955.18,6731199.05376,0,-0.07658376899036579,-0.07967519162206411,8.815755548154176,-1.1391859100853203,8.678553573595849,-0.3879197002690784,9.238435667389956,-0.3712620037361365,7.977501213642156,-0.08338950150898494,,,,,0.6044548806855335,0.5005209838853806,0.49541194673414013,4.964,3.951,2.3128872808390604,44.32167590682345,-0.03930733171172385,0.23250780992298134,-0.2718151416347052,9.238435667389956,14.476934065855975,3.9999372689239374,0.21895754967089281,3304319.772,0.9576334187791798,-66073.10206082577,0.09299999999999997,0.0039999999999995595,0.027000000000000135,0.12399999999999967,0.7500000000000018,0.49045347095349534,0.5095465290465047,0.014720033489332379,0,2,10,4,False,False,bubble
2024-10-17,4.313,4.35,4.146,10.553534532349245,2710997.96,1729209599999,11458108.72244,44544.0,1262299.34,5334933.81291,0,0.6767731643665569,0.5168712109412312,8.720024078719206,-0.0957314694349698,9.29635387074569,0.6178002971498415,9.100968625559613,-0.13746704183034275,7.990871703258773,0.013370489616617576,,,,,0.5836115245626794,0.518825720133333,0.5020226624672645,4.93,3.951,6.744161932941008,49.73886049925654,0.11850135887404178,0.20970651971319343,-0.09120516083915164,9.100968625559613,14.02525285719392,4.176684393925307,0.647490055250887,3197514.338,0.8478454428747584,-76038.65395456683,0.1200000000000001,0.03699999999999992,0.04699999999999971,0.20399999999999974,0.5882352941176483,0.46562164878943696,0.534378351210563,0.016430849693446468,0,3,10,4,False,False,bubble
2024-10-18,4.193,4.312,4.173,7.511400706288437,2869979.62,1729295999999,12196185.43876,40366.0,1274322.76,5414455.66046,0,-0.28825734323755714,-0.340038870035705,8.167383486505587,-0.5526405922136188,9.070273179441354,-0.22608069130433606,8.893132730868537,-0.2078358946910761,7.9910604132851395,0.00018871002636622336,8.754366312316979,,,,0.47376906941079233,0.523695533253531,0.5027156998145159,4.858,3.951,3.9254693564370875,52.18870605655232,-0.0018871387160235287,0.16738778802735005,-0.16927492674337358,8.893132730868537,13.71093489776301,4.075330563974062,0.35660141525998407,3160704.296,0.9080190208340831,80082.903777725,0.11699999999999999,0.002000000000000668,0.019999999999999574,0.13900000000000023,0.8417266187050345,0.444018051947003,0.5559819480529969,0.014064908237919822,0,4,10,4,False,False,bubble
2024-10-19,4.311,4.483,4.31,4.792613367164735,3363117.5,1729382399999,14794341.83771,47421.0,1552289.14,6826335.5003,0,-0.36195477320862024,-0.4493461097620676,7.193489808324091,-0.9738936781814962,8.468564075314756,-0.6017091041265985,8.684010711575661,-0.20912201929287555,7.992409883489165,0.001349470204025316,8.674001317843357,-0.08036499447362111,,,0.49075416281161677,0.528615739585415,0.5025618475670544,4.771,3.951,1.0263577648350433,49.69684200045539,-0.31307042583245526,0.07129614525538899,-0.3843665710878442,8.684010711575661,13.838185142094321,3.529836281057001,0.12250042204922641,3189398.725,1.0544675626908329,95197.2935034808,0.12100000000000044,0.05099999999999927,0.001000000000000334,0.17300000000000004,0.6994219653179214,0.46156256509027704,0.538437434909723,0.014100310203256354,0,5,10,4,False,False,bubble
2024-10-20,4.433,4.594,4.357,9.398334430980219,3366066.45,1729468799999,15115842.37493,53808.0,1599930.87,7197173.37547,0,0.961004093376342,0.6734566346043519,7.709967570454521,0.51647776213043,8.83245451434701,0.3638904390322537,8.565097842412019,-0.1189128691636423,7.99832050111556,0.005910617626395442,8.70254864045658,0.028547322613222903,,,0.5427474496106444,0.5627221522781467,0.503748208245687,4.594,3.951,8.471748726252281,49.11620490245267,-0.1858992932593928,0.01985705755243264,-0.20575635081182544,8.565097842412019,13.524927781695709,3.605267903128329,0.5839985038568215,3276979.5870000003,1.0271856630884775,111645.2545464795,0.1459999999999999,0.015000000000000568,0.07599999999999962,0.2370000000000001,0.616033755274261,0.47531173069979055,0.5246882693002094,0.01598542417366716,0,6,10,4,False,False,bubble
2024-10-21,4.578,4.615,4.334,8.418259904799235,3629142.83,1729555199999,16181954.56423,61122.0,1817921.96,8101635.63802,0,-0.10428172495653198,-0.11012934062386684,8.134828588316376,0.42486101786185504,8.475292068235277,-0.3571624461117331,8.49955683674205,-0.06554100566996901,8.025201174082374,0.026880672966814068,8.650008306422363,-0.05254033403421765,,,0.4351977782325446,0.5611016695364917,0.502487831361065,4.615,3.951,6.727801061444629,55.180709852887745,-0.16232786335180904,-0.0165799266284157,-0.14574793672339334,8.49955683674205,13.429174763269302,3.5699389102147974,0.4917542360123552,3405120.905,1.0657897123920186,-160097.5871718717,0.2010000000000005,0.03699999999999992,0.04300000000000015,0.2810000000000006,0.7153024911032032,0.5009232331591644,0.4990767668408356,0.016841993512831787,0,0,10,4,False,False,bubble
2024-10-22,4.378,4.437,4.271,8.310456552590846,3090937.0,1729641599999,13438975.13422,45842.0,1318675.16,5735679.8367,0,-0.012805894974438958,-0.012888597257309954,7.686212992364695,-0.4486155959516811,8.20311853554195,-0.27217353269332634,8.372638475623223,-0.12691836111882715,8.06258736157643,0.037386187494055534,8.583814619839025,-0.06619368658333791,,,0.43382416817817093,0.5617847026133324,0.5020154873221018,4.615,3.951,6.565446615347658,47.83304669490486,-0.15061002626873865,-0.043385946556480294,-0.10722407971225836,8.372638475623223,13.176692019409913,3.5685849318365337,0.49352818172553464,3483028.7479999997,0.8874279323060013,-38839.738405300304,0.05600000000000005,0.05900000000000016,0.051000000000000156,0.16600000000000037,0.337349397590361,0.4266263466385759,0.5733736533614241,0.014831101377996382,0,1,10,4,False,False,bubble
2024-10-23,4.324,4.332,4.104,10.45406428617895,3130845.0,1729727999999,13199935.21505,55171.0,1508190.33,6357837.33536,0,0.25794103128062407,0.22947628220392624,8.274745708342797,0.5885327159781024,8.221064597424192,0.017946061882241793,8.356095650902052,-0.016542824721170746,8.141162253512363,0.07857489193593281,8.534024523668968,-0.049790096170056586,,,0.43725708763506205,0.5621433628922359,0.5023324358187796,4.615,3.951,9.793771515329741,49.489526916780314,0.03128701602011219,-0.028451354041161794,0.059738370061273985,8.356095650902052,13.127340083738416,3.5848512180656886,0.719855497324596,3599593.883,0.8697772864839598,-81132.49421564085,0.11399999999999988,0.008000000000000007,0.10599999999999987,0.22799999999999976,0.5,0.4817198967052026,0.5182801032947973,0.017621760259610424,0,2,10,4,False,False,bubble
2024-10-24,4.21,4.26,4.143,10.265553667447492,3252270.96,1729814399999,13684651.05359,52552.0,1547628.27,6514481.60316,0,-0.0180322804194617,-0.018196843285549165,9.369333768399349,1.0945880600565516,8.28141178836172,0.06034719093752727,8.586218140070555,0.23012248916850275,8.196749536314377,0.05558728280201386,8.549282689604558,0.015258165935589929,,,0.43608613550034403,0.5458230127110524,0.5025998972943428,4.615,3.951,9.509869981095617,57.51707112204326,0.15840451243285436,0.008919819253641433,0.14948469317921292,8.586218140070555,13.253401938515863,3.919034341625247,0.6799088700916752,3514684.345,0.9253379936171764,-3090.043667458154,0.0039999999999995595,0.04999999999999982,0.06300000000000061,0.11699999999999999,0.034188034188030424,0.47586080281576537,0.5241391971842346,0.016158555251497248,0,3,10,4,False,False,bubble
2024-10-25,4.206,4.22,3.848,4.848693466298648,5549275.62,1729900799999,22558947.81695,108789.0,2751865.62,11183787.37897,0,-0.5276734579183915,-0.7500847061540927,8.459405575463034,-0.9099281929363148,8.084686572958777,-0.1967252154029424,8.575579923411853,-0.010638216658701793,8.167712615284445,-0.02903692102993105,8.52143964780943,-0.027843041795128087,,,0.4633500519700447,0.5637098229732309,0.5091866277048979,4.615,3.848,1.304685092957819,37.75474303306904,-0.17592139118080752,-0.02804842283324836,-0.14787296834755917,8.575579923411853,13.277433168016872,3.8737266788068343,0.10367898962079534,3412695.9980000006,1.6260679601265788,-277067.9696148366,0.2100000000000004,0.013999999999999346,0.14800000000000013,0.3719999999999999,0.5645161290322593,0.49589636710097307,0.5041036328990269,0.019604180338045635,0,4,10,4,False,False,bubble
2024-10-26,3.996,4.061,3.943,11.208183518843988,3482001.47,1729987199999,13979888.11519,43907.0,1528693.59,6141547.45575,0,1.3115883890676208,0.8379349025502817,9.017390298271986,0.5579847228089516,8.576109443294179,0.491422870335402,8.627331508445014,0.05175158503316091,8.289526867187341,0.12181425190289552,8.527611604818729,0.006171957009298623,,,0.6067598299116977,0.5920991212703136,0.5356325369356927,4.615,3.848,9.596067169288116,50.254611599473485,0.07145690950932426,-0.008147356364733835,0.0796042658740581,8.627331508445014,13.425029747923933,3.829633268966094,0.7689677301046015,3444463.4410000006,1.01089807734731,33983.49783033063,0.039000000000000146,0.0259999999999998,0.052999999999999936,0.11799999999999988,0.33050847457627275,0.4390272672687872,0.5609727327312127,0.012609701741452739,0,5,10,4,False,False,bubble
2024-10-27,4.036,4.136,4.007,7.459902770905149,2787235.2,1730073599999,11318280.25932,33293.0,1421401.95,5771606.52754,0,-0.33442357020983515,-0.40710180207606794,8.847279541934844,-0.17011075633714157,8.26674626714977,-0.30936317614440867,8.781550068947729,0.15421856050271465,8.26197835446355,-0.027548512723791774,8.453502019565887,-0.07410958525284173,,,0.6007481431686514,0.5795540309663199,0.5323287876986857,4.615,3.848,4.709130079406972,46.252212236383194,-0.03455065713038685,-0.01342801651786444,-0.021122640612522413,8.781550068947729,13.185961366272796,4.37713877162266,0.349963229042068,3452087.165,0.8074058002530189,64241.10869888503,0.09200000000000053,0.008000000000000007,0.028999999999999915,0.12900000000000045,0.713178294573645,0.50996842677647,0.49003157322352997,0.011944811833604857,0,6,10,4,False,False,bubble
2024-10-28,4.129,4.226,4.004,7.520342726113636,5064133.38,1730159999999,20860299.66655,67527.0,2411152.66,9936423.92182,0,0.00810197626760134,0.008069331464292093,8.260535229921782,-0.586744312013062,8.26764046913229,0.0008942019825202152,8.668956824286822,-0.11259324466090703,8.314956032533768,0.052977678070218914,8.450426718239607,-0.003075301326280311,,,0.5872660004218664,0.5203814063472345,0.5265335061103431,4.615,3.848,4.787930542521036,47.10571238805535,-0.1123898578470861,-0.03322038478370877,-0.07916947306337734,8.668956824286822,13.08186090366805,4.256052744905594,0.36985734592102865,3671502.5409999997,1.3793081506681164,4907.105988372102,0.0030000000000001137,0.0940000000000003,0.125,0.22200000000000042,0.013513513513514,0.47612345076108564,0.5238765492389144,0.013334364427818447,0,0,10,4,False,False,bubble
2024-10-29,4.133,4.251,4.119,9.735946590339395,5447880.2,1730246399999,22741558.62705,64993.0,2644878.18,11038248.97064,0,0.29461474628440754,0.25821315767494213,8.154613814500163,-0.10592141542161926,8.761973791449755,0.4943333223174644,8.615268933382255,-0.05368789090456616,8.413513857220561,0.09855782468679308,8.46012559091388,0.009698872674272607,,,0.5638883301782658,0.5224777242602201,0.526824513441209,4.615,3.848,7.676592686231281,54.01442203432804,0.004649137687435356,-0.025646480289479946,0.030295617976915303,8.615268933382255,12.943832585143106,4.286705281621405,0.6294514470754347,3879978.8109999998,1.4041005029601954,80426.11137463688,0.05999999999999961,0.05800000000000072,0.014000000000000234,0.13200000000000056,0.45454545454544965,0.48548758102279854,0.5145124189772015,0.011929961308620552,0,1,10,4,False,False,bubble
2024-10-30,4.193,4.218,4.119,8.743581089613272,4299714.15,1730332799999,17948702.42749,55548.0,1976156.6,8249486.39746,0,-0.10192799349482973,-0.10750502847683195,8.933591339163087,0.778977524662924,8.69649845731306,-0.06547533413669449,8.764476485830034,0.14920755244777872,8.421200234582656,0.007686377362094987,8.40035722656114,-0.05976836435274002,,,0.49731771306204814,0.5079782990679557,0.5200317764813404,4.615,3.848,6.382765436262412,53.3247497017784,0.01713031489801331,-0.017091121251981294,0.03422143614999461,8.764476485830034,12.878984602980957,4.649968368679111,0.49746076619345325,3973343.5809999993,1.0821400320276007,-2050.9010970661907,0.0019999999999997797,0.025000000000000355,0.07200000000000006,0.0990000000000002,0.020202020202017938,0.4596018551605343,0.5403981448394657,0.012918998347832028,0,2,10,4,False,False,bubble
2024-10-31,4.192,4.215,3.901,9.651367244127002,6741494.0,1730419199999,27165478.93525,70454.0,3056513.46,12271594.29632,0,0.10382315268878939,0.09877974724157686,8.62222808421969,-0.31136325494339623,8.819809191245836,0.12331073393277592,8.647550629740556,-0.11692585608947859,8.494434697088469,0.07323446250581256,8.425884749205073,0.025527522643933764,,,0.4932117809030542,0.4540361137347989,0.5170388278963786,4.615,3.848,7.5663197446245105,48.6529776291726,0.09912978726183397,0.006153060450781759,0.09297672681105221,8.647550629740556,12.500737337601223,4.794363921879889,0.63025797742147,4284578.698,1.573432179725597,-373186.9739918868,0.2330000000000001,0.022999999999999687,0.058000000000000274,0.31400000000000006,0.7420382165605097,0.45338814512035464,0.5466118548796454,0.01045079918486911,0,3,10,4,False,False,bubble
2024-11-01,3.959,3.996,3.845,10.11581928775473,5578717.23,1730505599999,21935907.11889,60728.0,3006108.65,11825925.91732,0,0.04812292723710776,0.04700087600207038,9.153411387589607,0.5311833033699163,9.000345464762226,0.18053627351639,8.601732000152086,-0.04581862958846905,8.541093240816323,0.04665854372785461,8.465113337569447,0.03922858836437371,,,0.49206420019813435,0.4527979490819126,0.5163851124244786,4.615,3.845,8.14392115292822,54.21293570473399,0.1992950094059367,0.04478145024181275,0.15451355916412396,8.601732000152086,12.356049910094754,4.847414090209418,0.7016461210694016,4533356.721,1.2305930402868026,-71865.26363475645,0.051000000000000156,0.03699999999999992,0.06299999999999972,0.1509999999999998,0.33774834437086243,0.5388530241028187,0.46114697589718134,0.010885656593854641,0,4,11,4,False,False,bubble
2024-11-02,3.908,3.949,3.823,7.052508969610491,3320709.06,1730591999999,12913749.35063,37404.0,1541728.2,5997547.97743,0,-0.30282374872516726,-0.36071702891867635,9.059844636288979,-0.09356675130062797,8.66018993310538,-0.34015553165684587,8.440627265264787,-0.16110473488729937,8.583798427590596,0.042705186774272264,8.398664397278791,-0.0664489402906554,,,0.5043968939119208,0.459566659664261,0.515243068352993,4.615,3.823,4.077662840417285,53.615334784361615,0.031134232038315446,0.042052006601113294,-0.010917774562797848,8.440627265264787,12.169131601314307,4.712122929215267,0.3138505187947487,4552343.127,0.7294505197345156,0.0,0.0,0.040999999999999925,0.08499999999999996,0.1259999999999999,0.0,0.4642768071949067,0.5357231928050933,0.011263859412001604,0,5,11,4,False,False,bubble
2024-11-03,3.908,3.931,3.665,3.939313091878098,6064734.41,1730678399999,22855062.20248,87232.0,2710097.1,10217067.28423,0,-0.44143097033229783,-0.5823770697798148,7.900517936596718,-1.1593266996922607,8.027565875548442,-0.6326240575569386,8.15448883195508,-0.28613843330970745,8.479871828414243,-0.1039265991763525,8.362490070456492,-0.03617432682229982,,,0.5277960285791217,0.47249972896091275,0.5093145235401414,4.615,3.665,0.2887506230295766,40.82880599633544,-0.34931658072736926,-0.036221710864583215,-0.31309486986278606,8.15448883195508,12.338811978450416,3.970165685459743,-0.0036866886831489415,4833589.472,1.2547061443947136,-192432.7192528146,0.12400000000000011,0.02300000000000013,0.11899999999999977,0.266,0.46616541353383495,0.4468616293454473,0.5531383706545527,0.014383482293332611,0,6,11,4,False,False,bubble
2024-11-04,3.786,3.839,3.679,5.544326720207242,3353577.29,1730764799999,12649174.8278,41659.0,1554370.11,5862639.51278,0,0.4074348981395488,0.34176882641991907,7.2606670627155125,-0.6398508738812057,8.0971292009393,0.06956332539085786,8.090907886949038,-0.06358094500604139,8.476651801744934,-0.003220026669309206,8.324639775396129,-0.03785029506036253,,,0.5051289237748229,0.47242334687964593,0.5070334107592678,4.615,3.665,1.9782386528497282,45.2710704215707,-0.5153744884038307,-0.13205226637243273,-0.383322222031398,8.090907886949038,12.397721546397664,3.784094227500413,0.20435438260082292,4614019.639,0.7268233671252476,-28360.061649048574,0.03400000000000025,0.052999999999999936,0.07299999999999995,0.16000000000000014,0.21250000000000138,0.4634961343026032,0.5365038656973968,0.012422257308403946,0,0,11,4,False,False,bubble
2024-11-05,3.751,3.919,3.746,10.287702835569068,3347876.96,1730851199999,12897521.64149,52326.0,1550694.82,5969804.29828,0,0.8555369037098379,0.6181740901430677,7.387934181003925,0.12726711828841264,8.00508113261181,-0.09204806832748957,8.290595287952993,0.19968740100395443,8.585897266097847,0.10924546435291305,8.333601942819024,0.008962167422895462,,,0.3912738691977951,0.50175397992224,0.516863380931128,4.615,3.665,6.97126614270428,52.82283957478477,-0.26121464631630964,-0.1578847423612081,-0.10332990395510153,8.290595287952993,12.616902210773816,3.9642883651321705,0.7308097394895329,4600607.188,0.7277032841952774,91906.0039658849,0.10400000000000009,0.06400000000000006,0.004999999999999893,0.17300000000000004,0.6011560693641622,0.4631875180980367,0.5368124819019633,0.015629606650777273,0,1,11,4,False,False,bubble
2024-11-06,3.856,4.13,3.855,6.068260393477643,9391141.87,1730937599999,38095046.77657,123551.0,4489109.94,18210063.46765,0,-0.410144277058915,-0.5278773093745057,6.578422402148507,-0.809511778855418,7.8659168948690565,-0.13916423774275355,8.066331581009413,-0.22426370694357978,8.594825682473195,0.008928416375347581,8.293976791116735,-0.039625151702288974,,,0.40024934456497274,0.4972967161201173,0.5221360432104339,4.615,3.665,2.5297477826080446,44.0889147433406,-0.39570345890669945,-0.20544848567030638,-0.19025497323639307,8.066331581009413,12.363635979888162,3.769027182130664,0.26752040324940607,5260997.8549999995,1.785049553113722,623640.0307963681,0.2549999999999999,0.019000000000000128,0.0009999999999998899,0.2749999999999999,0.9272727272727271,0.47801534703042464,0.5219846529695754,0.0131561211309866,0,2,11,4,False,False,bubble
2024-11-07,4.111,4.199,4.045,4.399287421651447,7086769.64,1731023999999,29214285.34685,86396.0,3362425.46,13859156.43587,0,-0.2750331830881978,-0.321629394951755,6.047778092556699,-0.5306443095918079,7.553811364422839,-0.31210553044621747,7.910725916777565,-0.15560566423184774,8.557561980772746,-0.03726370170044824,8.245243293414239,-0.048733497702496464,,,0.41304820533268816,0.4968077460034717,0.524891238244312,4.615,3.665,0.7729341280541548,42.396992392614905,-0.6297001906385056,-0.29029882666394624,-0.33940136397455933,7.910725916777565,12.507576585730448,3.313875247824684,0.11806041266008863,5463261.481000001,1.2971683059004584,89640.48194599904,0.05200000000000049,0.03599999999999959,0.06599999999999984,0.15399999999999991,0.33766233766234105,0.47446518382951136,0.5255348161704886,0.012191168104626017,0,3,11,4,False,False,bubble
2024-11-08,4.164,4.392,4.116,10.407972080450541,11448594.98,1731110399999,49101904.78451,132245.0,5561986.39,23840502.62734,0,1.365831345600851,0.8611294805137232,7.341509890271189,1.2937317977144893,7.621013913433954,0.06720254901111478,8.191493852441855,0.28076793566429004,8.591770761250737,0.03420878047799114,8.276922112659062,0.03167881924482252,,,0.5926638579465604,0.5638305106861743,0.5533790078293148,4.615,3.665,7.097865347842673,57.09627241515061,-0.3265296208872748,-0.29754498550861197,-0.028984635378662804,8.191493852441855,12.670906906123221,3.71208079876049,0.7474072162408747,6063332.959000001,1.888168612447133,445513.42463607877,0.16100000000000048,0.06700000000000017,0.04800000000000004,0.2760000000000007,0.5833333333333336,0.48582261838386737,0.5141773816161327,0.01155119909744593,0,4,11,4,False,False,bubble
2024-11-09,4.324,4.641,4.262,5.470853758201376,8503678.87,1731196799999,37456696.224,100928.0,4263699.07,18783234.82037,0,-0.4743592972854561,-0.6431373743334136,7.326815297870016,-0.01469459240117299,7.2937411802927645,-0.3272727331411893,7.9951198188029124,-0.1963740336389428,8.611700462624478,0.019929701373740727,8.201998736749758,-0.07492337590930376,,,0.6195942467112253,0.546834755829882,0.5531324245413632,4.641,3.665,1.850259998157148,42.40049368741976,-0.4791258825905196,-0.3338611649249935,-0.14526471766552607,7.9951198188029124,12.594515301271215,3.3957243363346086,0.22558719181429607,6483729.431,1.3115412912423858,599681.400080925,0.30600000000000005,0.01100000000000012,0.06200000000000028,0.37900000000000045,0.807387862796833,0.5013946475615207,0.4986053524384793,0.011868745462162544,0,5,11,4,False,False,bubble
2024-11-10,4.632,5.478,4.582,14.711820986691224,35504372.79,1731283199999,181616069.23113,463995.0,17392570.06,88870028.92877,0,1.6891270790480704,0.9892166350202196,8.211638928094448,0.8848236302244326,7.799786554549186,0.5060453742564217,8.309797872897512,0.3146780540945997,8.755366527402343,0.14366606477786448,8.293349207683884,0.09135047093412574,,,0.8005606750632043,0.6516001994631897,0.5911454175828482,5.478,3.665,6.093116925919043,58.385517970970156,0.14394994065644795,-0.23829894380870525,0.3822488844651532,8.309797872897512,13.805023854773852,2.8145718910211723,1.0825077198743105,9360017.309999999,3.7931952061742504,4685350.275311017,0.609,0.2370000000000001,0.04999999999999982,0.8959999999999999,0.6796875,0.48987121003018286,0.5101287899698171,0.013068671927945922,0,6,11,4,False,False,bubble
2024-11-11,5.242,5.786,4.972,14.649887470799944,21631063.61,1731369599999,113557477.69406,308036.0,10833305.4,56977268.96425,0,-0.004209779057759544,-0.004218665125306472,9.927964343558907,1.7163254154644587,8.253193372853708,0.4534068183045221,8.626769418807967,0.3169715459104552,8.880046764506758,0.12468023710441578,8.369967621165994,0.07661841348211063,,,0.8021690005127896,0.6514745853057408,0.5914787301772012,5.786,3.665,5.179107718434675,58.24373067465809,0.6255337389052631,-0.06553240726591159,0.6910661461711747,8.626769418807967,14.81037222263658,2.4431666149793534,0.9870233618710706,10965251.947999999,1.9726918918580238,1935693.3472791472,0.46799999999999997,0.07599999999999962,0.2699999999999996,0.8139999999999992,0.5749385749385755,0.5008216699520861,0.4991783300479139,0.014240446311553332,0,0,11,4,False,False,bubble
2024-11-12,5.71,5.839,5.116,13.983715161987574,26930359.43,1731455999999,146369187.21862,470024.0,12316588.51,66988090.38447,0,-0.04547286183188648,-0.04653920440478196,11.844849891626133,1.916885548067226,8.946313992091415,0.6931206192377068,8.803251962598399,0.17648254379043138,8.941859344090075,0.06181257958331621,8.381349480061038,0.011381858895044061,,,0.7867640538109354,0.6529139215922827,0.591559409103182,5.839,3.665,4.746419117749572,55.094128338428696,0.9425724423698139,0.13608856266123354,0.8064838797085803,8.803251962598399,15.394480929810111,2.212022995386687,0.8929815839473609,13326216.985,2.0208555406468944,-1895972.7654746072,0.40200000000000014,0.12900000000000045,0.19200000000000017,0.7230000000000008,0.556016597510373,0.4573495776027227,0.5426504223972773,0.017453313284649316,0,1,11,4,False,False,bubble
2024-11-13,5.309,5.429,4.908,14.397587799123446,20191236.54,1731542399999,104152396.02957,353275.0,9507928.77,49077275.15211,0,0.02959675825355168,0.029167228745436685,12.642773035360714,0.7979231437345806,9.992141462815951,1.0458274707245359,9.009853669182196,0.20660170658379684,9.071779839601371,0.12992049551129625,8.466755942011416,0.08540646195037738,,,0.753033457066483,0.6523268414163251,0.588893055659339,5.839,3.665,4.93679291588015,56.87596159229423,1.2132385036891176,0.3515185508668104,0.8617199528223072,9.009853669182196,16.038591723755133,1.9811156146092594,0.8832646833691548,14738867.197999999,1.3699313704882192,-893922.4918801788,0.23599999999999977,0.1200000000000001,0.16500000000000004,0.5209999999999999,0.45297504798464455,0.4708938331322228,0.5291061668677772,0.01749645195330865,0,2,11,4,False,False,bubble
2024-11-14,5.072,5.216,4.686,10.792673857899226,13094082.94,1731628799999,65075478.51789,217531.0,6108952.04,30333515.45227,0,-0.2503831885952239,-0.28819312114188567,13.707137055300283,1.0643640199395694,10.51697617658515,0.5248347137691987,9.307052688762223,0.29719901958002737,9.183637458547082,0.11185761894571122,8.50150256988342,0.03474662787200522,,,0.7724303396824244,0.6397719212578783,0.5875238640003201,5.839,3.665,3.278598830680416,51.30252164528854,1.123901245836624,0.5059950898607731,0.6179061559758509,9.307052688762223,16.093442349585402,2.520663027939043,0.609455928953894,15712917.763,0.8333323662415708,-769177.3538576785,0.2969999999999997,0.14400000000000013,0.08900000000000041,0.5300000000000002,0.5603773584905652,0.4665429467640137,0.5334570532359862,0.016612923638621768,0,3,11,4,False,False,bubble
2024-11-15,4.777,5.174,4.704,11.649507345459806,10257406.37,1731715199999,50852669.1984,159210.0,5321253.78,26391556.04845,0,0.07939028815676274,0.07639633371590508,13.094674327054,-0.6124627282462836,10.653156627574223,0.13618045098907317,9.329118880093016,0.022066191330793572,9.142243707652025,-0.04139375089505748,8.571018239169568,0.06951566928614739,,,0.743041904032824,0.5810602727678452,0.5460596178901731,5.839,3.665,3.6727264698527162,51.73479180420522,1.1094510656625882,0.6266862850211362,0.482764780641452,9.329118880093016,16.144345007323544,2.513892752862488,0.6702356181620723,16403870.704,0.6253040245860255,829185.1013235579,0.38399999999999945,0.013000000000000789,0.0730000000000004,0.47000000000000064,0.8170212765957424,0.5187718598692899,0.4812281401307102,0.015521467538387096,0,4,11,4,False,False,bubble
2024-11-16,5.16,5.803,5.132,11.40759859255289,17564833.99,1731801599999,96363431.62348,305408.0,9029433.98,49481620.09356,0,-0.020765577953920533,-0.020984214608603054,12.44621655140459,-0.6484577756494101,11.187090447481747,0.5339338199075243,9.526503671175403,0.1973847910823867,9.104338172123962,-0.03790553552806308,8.59002834216448,0.019010102994911904,,,0.7190522915167369,0.5725455803539576,0.5460129597449206,5.839,3.665,3.561452894458551,55.262006315783225,1.0661888181073085,0.7145867916383707,0.3516020264689378,9.526503671175403,16.342454050478874,2.710553291871933,0.637992122645831,17221239.916,1.0199517616429448,2130514.6440108535,0.6269999999999998,0.016000000000000014,0.02800000000000047,0.6710000000000003,0.934426229508196,0.5140631551166742,0.4859368448833258,0.01738746863043936,0,5,11,4,False,False,bubble
2024-11-17,5.786,6.147,5.304,14.008991052316047,18374242.79,1731887999999,104089789.93016,306019.0,9335247.08,52975854.72507,0,0.22804032230423998,0.2054196649385076,12.451271729470283,0.005055178065694221,12.148060810548207,0.9609703630664601,9.850936087485524,0.32443241631012043,9.151155621168083,0.04681744904412177,8.60845909206216,0.018430749897680343,,,0.698706539240227,0.5722386143477001,0.5452808170989263,6.147,3.665,4.1676031637050945,62.31897421590575,1.2276620817062724,0.8172018496519511,0.41046023205432136,9.850936087485524,16.87921710067774,2.8226550742933094,0.7958088156283004,18349987.231,1.001321829748144,-1152557.4793105219,0.3619999999999992,0.36100000000000065,0.1200000000000001,0.843,0.42941874258600143,0.5080615939765756,0.4919384060234245,0.01665478156011674,0,6,11,4,False,False,bubble
2024-11-18,5.425,6.1,5.392,16.248433566225533,16117811.2,1731974399999,93810676.61151,289912.0,8099798.12,47169943.58549,0,0.15985751618702393,0.14829716670068854,12.821440882890702,0.37016915342041834,12.732106959125707,0.5840461485774995,10.176560436279832,0.32562434879430846,9.296623217432147,0.14546759626406391,8.70374638283737,0.09528729077520914,,,0.5806770672983483,0.5710989820395214,0.5430648843171744,6.147,3.665,5.06987653756065,62.89495092076996,1.5188270092058644,0.9575268815627338,0.5613001276431306,10.176560436279832,17.76364938052366,2.5894714920360045,0.900145113268529,18816908.852999996,0.8565599868668292,1735398.5510324468,0.5830000000000002,0.09199999999999964,0.032999999999999474,0.7079999999999993,0.8234463276836169,0.502537101315593,0.49746289868440696,0.017987057696767166,0,0,11,4,False,False,bubble
2024-11-19,6.008,6.044,5.659,6.475950197728356,9028491.8,1732060799999,52790110.77118,184668.0,4365262.71,25529737.14099,0,-0.6014415684235892,-0.9199011627017956,11.958096150856525,-0.8633447320341769,12.832616603078403,0.10050964395269624,10.063178891685585,-0.11338154459424743,9.190610385101653,-0.10601283233049408,8.655965157393888,-0.04778122544348129,,,0.5967618806891368,0.592393714272603,0.5517566297180829,6.147,3.665,1.132534326240272,45.90434812831084,0.950067786150715,0.9560350624803301,-0.005967276329615134,10.063178891685585,17.806598405786783,2.3197593775843854,0.26836921418084836,18869390.146,0.4784728987075341,-305057.22959387494,0.2030000000000003,0.03599999999999959,0.1459999999999999,0.3849999999999998,0.5272727272727283,0.48349855177361956,0.5165014482263804,0.02045391457297441,0,1,11,4,False,False,bubble
2024-11-20,5.805,6.08,5.532,16.143599678965412,13729161.22,1732147199999,80475104.06708,260709.0,6738716.99,39511050.36412,0,1.4928542045657314,0.9134283209081944,12.856914617557646,0.8988184667011208,12.975794472305825,0.14317786922742215,10.387790513427506,0.32461162174192104,9.31890077831699,0.12829039321533742,8.74173519860762,0.08577004121373122,,,0.5401996852749648,0.6685290444848605,0.5841813174574102,6.147,3.665,5.027638871460682,59.69111643562086,1.2648402305662962,1.0177960960975234,0.24704413446877282,10.387790513427506,18.58929315407878,2.18628787277623,0.8508996715436552,16691868.988999998,0.8225059296264288,-191569.6914418599,0.08099999999999952,0.27500000000000036,0.19200000000000017,0.548,0.1478102189781013,0.49083238822946823,0.5091676117705317,0.01898943393717391,0,2,11,4,False,False,bubble
2024-11-21,5.724,5.968,5.473,15.361194755228158,13681255.17,1732233599999,78622761.50223,242691.0,6761759.99,38854334.03328,0,-0.048465332348193835,-0.049679158173134,13.6476338500927,0.7907192325350536,13.046925200748642,0.07113072844281731,10.650059286801177,0.2622687733736715,9.409148197922205,0.09024741960521432,8.776211907734561,0.034476709126941785,,,0.541389659552774,0.6698527024734636,0.5847512416765892,6.147,3.665,4.71240723417734,60.7268230844293,1.4346286163992765,1.101162600157874,0.3334660162414025,10.650059286801177,19.145161896347517,2.1549566772548374,0.7772853775263915,15896888.145,0.8606247364395732,492372.2161111108,0.20599999999999952,0.038000000000000256,0.25100000000000033,0.4950000000000001,0.4161616161616151,0.494235353845827,0.5057646461541729,0.017738942588554907,0,3,11,4,False,False,bubble
2024-11-22,5.932,6.687,5.878,10.56382025422601,21148336.67,1732319999999,131792163.51566,374669.0,10701830.66,66796274.97874,0,-0.31230477690346115,-0.37440952888297435,12.958599690474694,-0.6890341596180054,12.704935709972489,-0.3419894907761538,10.825624851031952,0.17556556423077474,9.40472618739468,-0.004422010527525444,8.772838141745178,-0.00337376598938377,,,0.555865339740712,0.6702094229992449,0.5878177891603509,6.687,3.665,2.2828657360112543,50.15620911855516,1.168608119562844,1.114651704038868,0.05395641552397601,10.825624851031952,19.151118396523124,2.500131305540778,0.4842769323298721,15318685.868999999,1.3805581530199862,2496430.9728499143,0.6979999999999995,0.057000000000000384,0.05400000000000027,0.8090000000000002,0.8627935723114949,0.5060365184738663,0.4939634815261337,0.01771623961951992,0,4,11,4,False,False,bubble
2024-11-23,6.631,9.432,6.585,15.245506452567431,60359355.47,1732406399999,488516161.67068,1229537.0,29830081.32,241563846.69399,0,0.44318116795564855,0.36684982142986655,12.758014267743073,-0.2005854227316206,12.789727575316887,0.08479186534439798,11.39093451906642,0.5653096680344678,9.59637423876448,0.1916480513697998,8.8234990083493,0.05066086660412239,,,0.567327024383375,0.6567060173097569,0.5830045897054541,9.432,3.679,2.0105173739905147,59.8477157893906,1.3203378758172324,1.155788938394541,0.1645489374226914,11.39093451906642,19.27113377513574,3.5107352629970983,0.7445732530514519,19335497.762000002,3.121686144983765,17160993.221862752,1.8840000000000003,0.9169999999999998,0.04600000000000026,2.8470000000000004,0.6617492096944152,0.4942080823713607,0.5057919176286393,0.02037028047145249,0,5,11,4,False,False,bubble
2024-11-24,8.515,10.5,8.042,23.151283448814585,55980685.72,1732492799999,506362282.56499,1269042.0,28820999.24,261118959.54961,0,0.5185644059017649,0.41776541876408285,16.09308091796032,3.3350666502172484,14.025588534408422,1.2358609590915357,12.271282355496787,0.8803478364303672,9.958170751751316,0.361796512986837,8.987760467081118,0.16426145873181852,,,0.5641021164095947,0.6588827796532897,0.5842326768416084,10.5,3.746,2.8731541973370724,58.73761702660883,2.054828153200729,1.3355967813557788,0.7192313718449503,12.271282355496787,21.257658645620147,3.284906065373425,1.1053608674987083,23624158.04,2.369637285071261,2038051.9757134367,0.3099999999999987,1.6750000000000007,0.47300000000000075,2.458,0.1261187957689173,0.5148382673294628,0.48516173267053725,0.02266928287280008,0,6,11,4,False,False,bubble
2024-11-25,8.824,9.359,8.11,16.652458874034867,23515306.26,1732579199999,206296589.02029,499054.0,10934623.93,96149567.92274,0,-0.28071120070505107,-0.32949233390398686,16.19485275697421,0.10177183901388887,14.525883687265928,0.5002951528575057,12.589520157420075,0.31823780192328854,10.087756892868398,0.12958614111708222,9.077111777486763,0.08935131040564492,,,0.5833876502412899,0.6502169569180883,0.574168343876152,10.5,3.855,1.925877934392004,51.82947603511471,2.088441901274308,1.4861658053394846,0.6022760959348235,12.589520157420075,21.729607320827874,3.449432994012275,0.7222592981870407,24949948.029,0.9424992081212965,-1580121.9957144489,0.5920000000000005,0.5350000000000001,0.12199999999999989,1.2490000000000006,0.47397918334667755,0.4650002772279437,0.5349997227720563,0.021222517558655004,0,0,11,4,False,False,bubble
2024-11-26,8.231,8.468,7.55,15.410011412290997,20294174.75,1732665599999,162383626.05441,452089.0,9883121.92,79130152.74563,0,-0.07461045069332917,-0.07754049573631834,16.20461608838678,0.009763331412568022,14.92612496923974,0.4002412819738126,13.056607708360744,0.46708755094066845,10.3084464898972,0.22068959702880164,9.178642285982182,0.10153050849541856,,,0.5854644967740099,0.6388483930734771,0.5660554177609541,10.5,4.045,1.7606524263812544,51.28943529656319,1.9918649331441376,1.5873056309004152,0.4045593022437224,13.056607708360744,21.736719214313222,4.376496202408266,0.6355629880051876,25222882.104999997,0.8045938075402189,-411701.55287293525,0.16600000000000037,0.2370000000000001,0.5149999999999997,0.9180000000000001,0.18082788671024003,0.48699304316377784,0.5130069568362222,0.022276786593650476,0,1,11,4,False,False,bubble
2024-11-27,8.065,8.568,7.842,20.159443800969854,15952780.89,1732751999999,132066307.22486,339871.0,7988999.73,66169154.74103,0,0.3082043394783418,0.26865546367625837,18.123740797735547,1.9191247093487682,15.541170244105121,0.6150452748653805,13.844615527326663,0.7880078189659194,10.516191213529963,0.20774472363276253,9.32650505562109,0.1478627696389072,,,0.5871601654938833,0.6301921654194864,0.5442981657073236,10.5,4.116,2.513070770828611,54.83032161461645,2.272372001276997,1.7243189049757315,0.5480530963012655,13.844615527326663,22.064841601777985,5.6243894528753415,0.8841030779718968,24980735.915,0.6386033199454685,773408.2241773092,0.391,0.1120000000000001,0.22299999999999986,0.726,0.5385674931129477,0.5007904129748253,0.49920958702517476,0.021304812141753175,0,2,11,4,False,False,bubble
2024-11-28,8.457,8.752,8.002,15.898768829105041,12382641.04,1732838399999,103040894.0909,290584.0,6100532.48,50820476.04502,0,-0.21134883551002703,-0.23743117948856618,18.25439327304307,0.13065247530752444,15.506203770393071,-0.03496647371204986,14.119155364759388,0.2745398374327248,10.61797250194345,0.10178128841348766,9.413590017880715,0.0870849622596257,,,0.5988242919016141,0.5741455147997547,0.5463325867769174,10.5,4.262,1.8654647048901956,54.23402670940263,2.1263636152918526,1.8047278470389558,0.32163576825289675,14.119155364759388,22.22203515895567,6.016275570563106,0.6098136409243234,24607218.899,0.5032117237963536,232833.48218543208,0.15799999999999947,0.13700000000000045,0.45500000000000007,0.75,0.21066666666666597,0.49266811985369485,0.5073318801463051,0.023467045443804613,0,3,11,4,False,False,bubble
2024-11-29,8.615,9.076,8.44,9.851478052531109,16424896.92,1732924799999,142901889.34631,343708.0,8658812.43,75398442.67003,0,-0.38036220550005573,-0.4786201740751684,15.594432193786375,-2.6599610792566963,15.843756555873346,0.3375527854802751,14.338186579475874,0.21903121471648568,10.699813462180916,0.08184096023746612,9.390368186489466,-0.02322183139124867,,,0.572597560435466,0.5692915005814402,0.5445778598918033,10.5,4.582,0.8904153518977879,48.6272235979277,1.5053325544623561,1.7448487885236361,-0.23951623406127998,14.338186579475874,21.655499791578908,7.02087336737284,0.1934183082717009,25346859.411000002,0.6480052086007918,783590.5553244316,0.4109999999999996,0.05000000000000071,0.1750000000000007,0.636000000000001,0.646226415094338,0.527176059135962,0.472823940864038,0.020926036959262696,0,4,11,4,False,False,bubble
2024-11-30,9.027,9.224,8.604,17.285094910695992,18065505.49,1733011199999,161161814.30831,386446.0,8600270.62,76710853.68654,0,0.7545686869042953,0.562223064265595,15.720959401118597,0.1265272073322219,15.957906079046404,0.11414952317305804,14.466850275676114,0.1286636962002401,10.805717673076506,0.10590421089558966,9.428973592217316,0.038605405727849984,,,0.4016502973911673,0.46364682801645946,0.5346245832211126,10.5,4.686,2.167026988423803,54.0433792574149,1.5946100475753386,1.7148010403339768,-0.1201909927586382,14.466850275676114,21.901381006869716,7.032319544482511,0.6895374931463505,25780493.838,0.70074318992958,-162121.19927874912,0.08199999999999896,0.19700000000000095,0.3410000000000011,0.620000000000001,0.13225806451612715,0.4760603363554152,0.5239396636445848,0.021391374861551137,0,5,11,4,False,False,bubble
2024-12-01,8.945,9.388,8.696,23.68583033142323,14685246.0,1733097599999,132985400.07623,358926.0,7099730.6,64313443.34293,0,0.3703037474654809,0.3150324287436858,17.376123184945044,1.6551637838264472,16.79036963666591,0.8324635576195067,14.918647418707277,0.4517971430311629,11.058790442114487,0.25307276903798126,9.53816364860571,0.1091900563883943,,,0.40948723927810393,0.46722435383676386,0.5351412495933879,10.5,4.686,3.267944673447408,56.32639871108754,2.1569845837466524,1.8032377490165121,0.35374683473014024,14.918647418707277,23.42148721245899,6.41580762495556,1.0155444019513629,25880892.920999996,0.567416512437415,564754.0105086642,0.3439999999999994,0.0990000000000002,0.24900000000000055,0.6920000000000002,0.4971098265895944,0.48346010683103297,0.516539893168967,0.024441265743862923,0,6,12,4,False,False,bubble
2024-12-02,9.291,10.198,8.455,18.917923718916494,30869602.68,1733183999999,284454249.73618,700018.0,15729101.76,145297049.24157,0,-0.20129784541187512,-0.22476717544364574,17.127819168534373,-0.24830401641067112,17.625779983134958,0.8354103464690468,15.165357846553723,0.24671042784644648,11.231656843145688,0.1728664010312002,9.637543775674182,0.09938012706847132,,,0.3980037895925307,0.47119948718827837,0.5364208486598872,10.5,4.686,2.4478712966832634,51.68937314148966,2.192664566544188,1.8811231125220473,0.31154145402214084,15.165357846553723,23.838603381841303,6.492112311266144,0.7163299688158976,26853019.522000004,1.1495765924837358,2399381.325757349,0.7199999999999989,0.18700000000000117,0.8360000000000003,1.7430000000000003,0.4130808950086051,0.509533664007625,0.490466335992375,0.022676611916794518,0,0,12,4,False,False,bubble
2024-12-03,10.011,10.39,9.055,21.82812339914972,30261037.54,1733270399999,297014296.23261,773201.0,14775391.53,145038757.41535,0,0.15383293238058915,0.14308938497153362,18.31369008254331,1.1858709140089374,18.28404167779319,0.6582616946582327,15.53688462655504,0.3715267800013162,11.474977675967237,0.24332083282154926,9.789279649244444,0.15173587357026186,,,0.38248892115417843,0.4710393967867522,0.5358357698178848,10.5,4.686,2.9484216372806538,60.6396534565821,2.427784019677169,1.9904552939530717,0.4373287257240974,15.53688462655504,24.694705265320565,6.379063987789516,0.8434899536011626,23843187.729,1.2691691179864384,-698261.8791069811,0.23099999999999987,0.37900000000000134,0.7249999999999996,1.3350000000000009,0.17303370786516833,0.4882645385330697,0.5117354614669303,0.02555104064022783,0,1,12,4,False,False,bubble
2024-12-04,9.781,11.649,9.663,23.58327058410373,40288736.88,1733356799999,432800595.52399,996667.0,20295297.33,217817472.03932,0,0.08040760778466094,0.07733838454857395,21.060048588857832,2.7463585063145217,18.3272403913221,0.04319871352890914,16.176414462865264,0.6395298363102242,11.810324175242751,0.33534649927551463,9.935607445196945,0.14632779595250156,,,0.35259576608830395,0.4636028210657182,0.5325109663506601,11.649,4.704,2.7183974923115524,55.79111270340789,2.7243391043255265,2.1372320560275626,0.5871070482979639,16.176414462865264,25.717668904012,6.635160021718525,0.8881489675663788,22273992.845,1.8087792862447607,3015476.011877301,0.7309999999999999,1.1369999999999987,0.11800000000000033,1.9859999999999989,0.3680765357502519,0.5037461807365552,0.4962538192634448,0.024738104919212845,0,2,12,4,False,False,bubble
2024-12-05,10.513,11.233,9.895,18.134658745428542,25573286.13,1733443199999,272195831.75093,637780.0,12420286.98,132298071.34992,0,-0.23103715912702183,-0.2627126320055445,21.229961355804342,0.16991276694650992,18.47546037846147,0.14821998713937035,16.500672032863697,0.3242575699984336,12.047138253841522,0.2368140785987709,10.01231973374184,0.0767122885448952,,,0.3477052669345618,0.4702843994915146,0.5341718146893893,11.649,5.132,1.9951908463140315,52.012681452286536,2.4909891338927377,2.2079834716005977,0.28300566229213997,16.500672032863697,25.832651804339797,7.168692261387596,0.5875476990187682,22479790.832000002,1.1376122812315674,-347886.2173316237,0.14400000000000013,0.7200000000000006,0.4740000000000002,1.338000000000001,0.10762331838565024,0.4856742663755587,0.5143257336244413,0.024939305678507263,0,3,12,4,False,False,bubble
2024-12-06,10.37,10.887,10.011,22.417539981581733,16867235.82,1733529599999,176878636.17761,390657.0,8860704.16,93004417.9991,0,0.2361710411139022,0.21201873223972365,20.976303285836046,-0.25365806996829576,19.17621323539054,0.7007528569290713,17.051169102315143,0.5504970694514455,12.28441836282617,0.23728010898464724,10.137645033042473,0.1253252993006324,,,0.34853602558473723,0.47010912922540143,0.528498908691498,11.649,5.304,2.697169421841093,58.66687100860454,2.6214320860514277,2.290673194490764,0.33075889156066385,17.051169102315143,26.41702826089363,7.685309943736653,0.7864857771404432,22137096.939000003,0.7619443446662678,494516.3168367242,0.3030000000000008,0.2140000000000004,0.359,0.8760000000000012,0.34589041095890455,0.5253204647493924,0.4746795352506075,0.02316070067253023,0,4,12,4,False,False,bubble
2024-12-07,10.673,10.928,10.306,16.15450656175031,11608605.32,1733615999999,123318112.20788,276300.0,5853896.44,62176298.43261,0,-0.2793809412173296,-0.3276446325268219,20.42361985440281,-0.5526834314332376,18.77571951146859,-0.4004937239219508,17.158444877786856,0.10727577547171308,12.45728047993541,0.17286211710923993,10.224170446610273,0.08652541356780041,,,0.35671088054187877,0.47761642187195436,0.5283615246741532,11.649,5.392,1.7200745663657204,50.649595933303765,2.1941419086843474,2.2713669373294807,-0.07722502864513325,17.158444877786856,26.426224422569163,7.890665333004549,0.44583717107288356,21702679.382,0.534892725256222,-88100.53695493193,0.08099999999999952,0.2550000000000008,0.28600000000000136,0.6220000000000017,0.13022508038585096,0.5042721566142452,0.49572784338575476,0.02380130880356263,0,5,12,4,False,False,bubble
2024-12-08,10.592,10.8,10.1,21.546989098946728,9936977.11,1733702399999,103388097.89147,232973.0,5214882.66,54253603.58464,0,0.3338067007236496,0.2880370349878623,20.36739299436221,-0.05622686004059929,19.34054153845276,0.5648220269841708,17.423372654422913,0.26492777663605693,12.79236799457105,0.33508751463564046,10.39238893903011,0.168218492419836,,,0.3575225716205884,0.4804380210440172,0.5246381746499276,11.649,5.473,2.6026536753475926,48.81081080723522,2.264535483131116,2.270000646489808,-0.00546516335869196,17.423372654422913,26.88257279072013,7.964172518125697,0.7179685589218326,21458112.989,0.4630871836257903,-187631.74301359607,0.20000000000000107,0.20800000000000018,0.2919999999999998,0.7000000000000011,0.2857142857142868,0.5247956800415736,0.47520431995842644,0.02344505752816412,0,6,12,4,False,False,bubble
2024-12-09,10.393,10.397,7.5,16.141765284377815,30556061.58,1733788799999,276485826.55016,726480.0,15039414.7,135861851.26048,0,-0.25085749984591277,-0.28882605968360525,18.879091934417026,-1.488301059945183,19.96957026163743,0.6290287231846676,17.906663408755385,0.48329075433247226,12.927236611639003,0.13486861706795317,10.46277855637728,0.0703896173471712,,,0.34079955346318663,0.45929245068395386,0.5133804512250393,11.649,5.473,1.7274555188435585,49.61520794153912,1.8626945265282906,2.1885394224975045,-0.32584489596921395,17.906663408755385,25.882129463167683,9.931197354343087,0.3893545460330078,22871229.455,1.336004329811836,-5657223.10237875,1.9250000000000007,0.0039999999999995595,0.968,2.8970000000000002,0.6644804970659305,0.49219087547080403,0.5078091245291959,0.0237753153526666,0,0,12,4,False,False,bubble
2024-12-10,8.468,8.718,7.59,21.642200125242063,23727142.47,1733875199999,195806667.14147,531387.0,11705914.33,96719163.90098,0,0.34075794957740047,0.29323508806518483,19.580600210379732,0.7015082759627056,20.405280783092035,0.435710521454606,18.181593431069224,0.2749300223138391,13.191715416047858,0.26447880440885463,10.608458295065116,0.14567973868783568,,,0.2697546642514524,0.3331002547417195,0.513505715873845,11.649,5.473,2.6180699684653606,54.41262687753959,1.9654157070761755,2.143914679413239,-0.17849897233706358,18.181593431069224,26.279317474289126,10.083869387849322,0.7136777368370777,23437393.153,1.012362693884448,-204544.33163793274,0.0730000000000004,0.25,0.8049999999999997,1.1280000000000001,0.06471631205673793,0.4933554196338924,0.5066445803661076,0.022395743637139295,0,1,12,4,False,False,bubble
2024-12-11,8.394,9.269,8.023,15.717558754502365,16541944.16,1733961599999,145343557.87661,307678.0,8313346.91,73139265.88723,0,-0.2737541163307874,-0.3198666387574315,18.240603964963856,-1.3399962454158754,19.60845362539995,-0.7968271576920856,18.19941163103293,0.01781819996370615,13.339857460086089,0.14814204403823084,10.701222410831258,0.0927641157661423,,,0.26298259457512746,0.3408050184786305,0.5161566817232341,11.649,5.878,1.7050006505808988,46.90645854322123,1.5508764006421316,2.0253070236590176,-0.474430623016886,18.19941163103293,26.272536091889872,10.126287170175988,0.3462891976604605,23623062.969,0.7002455262345789,1178330.2689315095,0.5990000000000002,0.2759999999999998,0.37100000000000044,1.2460000000000004,0.48073836276083465,0.5025616595963651,0.4974383404036349,0.018599869339662914,0,2,12,4,False,False,bubble
2024-12-12,8.993,9.669,8.911,16.914179232760542,17978417.97,1734047999999,166091704.84427,331252.0,9326221.87,86238723.20952,0,0.07613271863325477,0.07337379858798862,18.3925384991659,0.15193453420204506,19.408079176784355,-0.2003744486155945,18.51692957995966,0.3175179489267279,13.469059759017718,0.12920229893162904,10.80511100626504,0.10388859543378182,,,0.25496970019522486,0.32983032500110165,0.5157362239987358,11.649,6.585,2.039727336643077,50.738707804080256,1.3038779918652068,1.8810212173002554,-0.5771432254350486,18.51692957995966,25.784971694493088,11.248887465426229,0.38973988304262847,22333944.498,0.8049817609070338,135942.66896029975,0.06799999999999962,0.6080000000000005,0.08200000000000074,0.7580000000000009,0.08970976253298092,0.5187454138379897,0.48125458616201033,0.01842498047118214,0,3,12,4,False,False,bubble
2024-12-13,9.062,9.234,8.772,19.139039491618544,11250987.35,1734134399999,101303527.0873,219145.0,5671462.71,51089108.08449,0,0.13153817446540583,0.12357792345023243,17.910948577700267,-0.48158992146563406,19.139170786031237,-0.26890839075311845,18.711606231912214,0.19467665195255535,13.646529475501143,0.1774697164834258,10.921639505907761,0.11652849964272072,,,0.2537504603359283,0.3185208058393717,0.5154313548731968,11.649,7.5,2.8052637964855496,57.15458111649808,1.2729834416284795,1.7594136621659002,-0.4864302205374207,18.711606231912214,25.81746598338254,11.605746480441887,0.5300761114527969,20432939.479,0.5506298964749163,34767.425869108876,0.027000000000001023,0.14499999999999957,0.28999999999999915,0.46199999999999974,0.05844155844156069,0.5040857778584206,0.49591422214157943,0.01947784609321421,0,4,12,4,False,False,bubble
2024-12-14,9.088,9.212,8.347,9.885301759828232,10546490.88,1734220799999,92005179.2644,186958.0,5332720.41,46531154.18683,0,-0.4835006341798266,-0.660681218264101,16.659655872790346,-1.2512927049099218,17.769373903603686,-1.3697968824275506,18.048307147462896,-0.6632990844493172,13.74726164137173,0.10073216587058731,10.95748712832809,0.03584762242032902,,,0.2969256879671104,0.3207422276532148,0.5143532456861769,11.649,7.5,0.574910040932329,44.45513302110901,0.49608147133861635,1.5067472240004436,-1.0106657526618272,18.048307147462896,25.851633114078332,10.24498118084746,-0.02304654595732807,17458714.879,0.6040817410155267,-624272.4274881732,0.536999999999999,0.12400000000000055,0.20400000000000063,0.8650000000000002,0.620809248554912,0.5056393136519737,0.4943606863480263,0.01772703377144531,0,5,12,4,False,False,bubble
2024-12-15,8.553,9.264,8.367,18.70200166035413,12168923.08,1734307199999,107736046.88319,228624.0,6482212.71,57394693.08218,0,0.8918999252359796,0.6375815755922801,16.071616179812764,-0.5880396929775813,17.826108195096246,0.056734291492560374,18.15078428677886,0.10247713931596181,13.897138004201937,0.14987636283020578,11.093332435694638,0.13584530736654798,,,0.4081605183754581,0.36911229231339027,0.4975031544460957,11.649,7.5,2.699928093601864,46.39597205232948,0.5850707291724007,1.3224119250348352,-0.7373411958624345,18.15078428677886,25.930723394957077,10.37084517860064,0.535425558343756,16118278.573999997,0.754976595306486,678818.4199695938,0.47499999999999964,0.23599999999999888,0.18599999999999994,0.8969999999999985,0.5295429208472692,0.5326858151198043,0.46731418488019566,0.018787529389165964,0,6,12,4,False,False,bubble
2024-12-16,9.028,9.204,8.587,20.35603577093236,11767882.69,1734393599999,104792203.54741,238401.0,5546709.05,49411973.09376,0,0.08844155511356666,0.0847469071995559,16.999311583098763,0.9276954032859983,17.61995777403131,-0.20615042106493675,18.398085504710927,0.24730121793206905,14.155060664202479,0.257922660000542,11.208519509333014,0.11518707363837599,,,0.4042240845462181,0.36767419423759595,0.49350691980165634,11.649,7.5,3.0985865921745868,51.089006785690174,0.7800699259923185,1.2139435252263318,-0.43387359923401325,18.398085504710927,26.125460490525057,10.670710518896795,0.6266892230424838,15608343.260999998,0.7539482245629477,-354548.52588391735,0.27200000000000024,0.17600000000000016,0.16900000000000048,0.6170000000000009,0.44084278768233365,0.47134299313787603,0.528657006862124,0.020258614593650408,0,0,12,4,False,False,bubble
2024-12-17,8.756,8.972,8.379,9.60930821130942,9689503.83,1734479999999,84365735.46092,210387.0,4606654.56,40130279.14099,0,-0.5279381349372974,-0.750645231937411,15.538337378808539,-1.460974204290224,16.96543793898722,-0.6545198350440913,17.870578725227908,-0.5275067794830193,14.196839973906394,0.04177930970391586,11.255898003220082,0.047378493887068274,,,0.4338009189570075,0.3865429168897819,0.5015380455925692,11.649,7.5,0.5083895423739264,41.72896998315302,0.0666685805566054,0.9844885362923865,-0.9178199557357811,17.870578725227908,26.481569193733314,9.2595882567225,0.0203066044414993,15416433.112,0.6285178782670413,-297678.9093501603,0.26900000000000013,0.2159999999999993,0.10800000000000054,0.593,0.45362563237774056,0.4754272913064115,0.5245727086935885,0.021712876499270655,0,1,12,4,False,False,bubble
2024-12-18,8.49,8.545,7.563,16.02165975395195,14284782.32,1734566399999,115825808.859,319289.0,6845430.87,55501906.53208,0,0.667306261973748,0.5112093073342844,14.914861431275217,-0.623475947533322,16.41290500448774,-0.552532934499478,17.87672327147025,0.006144546242342841,14.322554237178647,0.12571426327225232,11.368034047199604,0.11213604397952182,,,0.47076986304293733,0.4069518326072799,0.5072270821530237,11.649,7.5,2.0539069062308877,45.18505767371991,0.018502765391204434,0.7912913821121502,-0.7727886167209458,17.87672327147025,26.481962887305386,9.271483655635114,0.3922131398813893,15851213.632999998,0.9011790927012108,-1359974.5628090012,0.8109999999999999,0.054999999999999716,0.11600000000000055,0.9820000000000002,0.8258655804480649,0.4792114235031619,0.5207885764968381,0.02235168817049219,0,2,12,4,False,False,bubble
2024-12-19,7.679,7.802,6.76,12.32524624217937,22054262.66,1734652799999,161165199.42366,441293.0,11120317.88,81464483.80442,0,-0.2307135196065322,-0.26229184257851124,15.402850327745446,0.48798889647022925,16.031253100267897,-0.38165190421984363,18.000411680952663,0.123688409482412,14.394187540229968,0.0716333030513212,11.407693887406312,0.0396598402067081,,,0.4693042047668523,0.3994480852306491,0.5086368977147742,11.649,6.76,1.1383199513559767,46.216359428166015,-0.31431543563922837,0.5701700185618745,-0.8844854542011029,18.000411680952663,26.18057468213444,9.820248679770883,0.15311415934172665,15001033.741,1.4701828581134713,-2119552.785920042,0.7380000000000004,0.12299999999999933,0.18100000000000005,1.0419999999999998,0.7082533589251445,0.5042253305602011,0.49577466943979887,0.020009419802566184,0,3,12,4,False,False,bubble
2024-12-20,6.942,7.36,6.01,20.380556998789498,23182838.78,1734739199999,154686227.04389,416255.0,11824981.5,78997680.40722,0,0.6535618516929342,0.5029316592674301,15.738561395432521,0.33571106768707537,15.90508878762264,-0.12616431264525652,18.155184785357342,0.15477310440467917,14.608771335323219,0.21458379509325098,11.551603016205846,0.14390912879953355,,,0.4989888039156994,0.39105178170954363,0.5145218723426563,11.649,6.01,2.5484229471164213,48.73546192006753,0.07110039810513413,0.4703560944705265,-0.3992556963653924,18.155184785357342,26.395277865098738,9.915091705615946,0.6350331963423643,14946603.372,1.551043953131802,1165654.91056332,0.34799999999999986,0.07000000000000028,0.9320000000000004,1.3500000000000005,0.25777777777777755,0.510074784724013,0.48992521527598704,0.017955307542366475,0,4,12,4,False,False,bubble
2024-12-21,7.291,7.802,6.836,17.378906562787385,12411891.98,1734825599999,90177708.3012,233373.0,6083796.93,44214933.38853,0,-0.14728009819262522,-0.1593241537535107,15.143135553803523,-0.5954258416289981,16.071223568451142,0.16613478082850186,17.83983859692555,-0.31534618843179274,14.75403308082387,0.14526174550065107,11.647563160820098,0.09596014461425284,,,0.490004750189573,0.3877521091850386,0.5157872723761028,11.649,6.01,2.0161210432323795,50.79217207916736,0.1328062114362467,0.4028461178636705,-0.2700399064274238,17.83983859692555,25.66081699412259,10.018860199728508,0.4705323291582446,14533598.154000003,0.8540137031781041,-539721.503108368,0.3180000000000005,0.5109999999999992,0.13699999999999957,0.9659999999999993,0.32919254658385166,0.4901587074559764,0.5098412925440237,0.018802371175647307,0,5,12,4,False,False,bubble
2024-12-22,6.976,7.27,6.682,19.126221739506104,8776666.68,1734911999999,61095904.75564,151983.0,4401856.35,30656510.91574,0,0.10054229651364599,0.09580305515190016,17.04651825944286,1.903382705639336,16.2924278191257,0.22120425067455685,17.850253497955027,0.010414901029477619,14.995507336221783,0.24147425539791278,11.789652881906187,0.14208972108608897,,,0.4898673091937652,0.38324670734576405,0.5123104998115695,11.649,6.01,2.3259836388554893,48.35626143939343,0.31902472644603463,0.38608183958014336,-0.06705711313410873,17.850253497955027,25.677828699977365,10.022678295932689,0.581504693894312,13613423.025,0.6447068208989266,-164885.03299584144,0.13400000000000034,0.2939999999999996,0.15999999999999925,0.5879999999999992,0.22789115646258593,0.5015407911104584,0.49845920888954165,0.017316710949765727,0,6,12,4,False,False,bubble
2024-12-23,6.844,7.572,6.654,18.697361439718964,10441949.73,1734998399999,73711723.82206,196080.0,5037850.81,35584287.70727,0,-0.022422635564310567,-0.022677845051681193,17.581658596596263,0.535140337153404,16.24826001393574,-0.04416780518995722,17.69371539998349,-0.15653809797153784,15.290668303178602,0.2951609669568196,11.885270065796425,0.0956171838902371,,,0.4916843800907773,0.38315920258231534,0.5063314840184258,11.649,6.01,2.249931094115795,51.86106094227866,0.42707573592713644,0.394280618849542,0.032795117077594416,17.69371539998349,25.30867289335187,10.07875790661511,0.5658996481995807,13532519.263,0.7716190553336144,828701.9443715282,0.5409999999999995,0.18700000000000028,0.1900000000000004,0.9180000000000001,0.5893246187363828,0.48246265690459317,0.5175373430954068,0.018778102276881963,0,0,12,4,False,False,bubble
2024-12-24,7.384,7.64,7.154,12.985581749275719,7945555.67,1735084799999,58863793.85665,140063.0,4100248.55,30368920.91337,0,-0.30548586809204337,-0.3645427686751709,17.713725698015534,0.13206710141927047,16.55828801288049,0.3100279989447472,17.163830958242087,-0.5298844417414017,15.43949340375997,0.14882510058136766,11.958072602752454,0.07280253695602923,,,0.47104120383595477,0.39157837622460173,0.5083469121936132,11.233,6.01,1.335550784850798,43.71533880663507,0.051223580175523864,0.32566921111473845,-0.2744456309392146,17.163830958242087,24.52382388582338,9.803838030660796,0.21615127554616664,13272425.742,0.5986513561614168,179676.07270006742,0.16799999999999926,0.08800000000000008,0.23000000000000043,0.48599999999999977,0.34567901234567766,0.5160430208149306,0.4839569791850694,0.01762784200591977,0,1,12,4,False,False,bubble
2024-12-25,7.551,7.678,7.353,11.87382156660297,5305255.63,1735171199999,39701438.66863,104374.0,2627212.77,19661175.25253,0,-0.0856149692896706,-0.08950353724978656,16.012378611578228,-1.7013470864373055,15.875470003505374,-0.682818009375115,16.850789099300812,-0.31304185894127556,15.47121577838065,0.031722374620679616,12.028556522239246,0.07048391948679189,,,0.3860828141447491,0.38764253092810363,0.4976454530448119,10.928,6.01,1.1923183339981638,46.9998049507884,-0.33251864850605095,0.19403163919058058,-0.5265502876966315,16.850789099300812,24.56116343875569,9.140414759845935,0.17725512967443594,12586058.997000001,0.4215184142442487,-35124.83865201269,0.04900000000000038,0.12699999999999978,0.14900000000000002,0.3250000000000002,0.15076923076923185,0.4952094589266757,0.5047905410733243,0.019673698550883967,0,2,12,4,False,False,bubble
2024-12-26,7.502,7.592,6.881,17.65499109624308,5952209.03,1735257599999,42281673.81255,114773.0,2890798.12,20530536.21472,0,0.48688364543901996,0.3966824165610947,16.067595518269364,0.0552169066911361,15.605365536036448,-0.2701044674689257,16.61266165503388,-0.238127444266933,15.702950392435957,0.23173461405530738,12.148888037454576,0.12033151521533014,,,0.4136188805339963,0.3980418293114821,0.4952152424164227,10.928,6.01,2.3678306417737045,50.53961468577858,-0.16820608857296193,0.12158409363787209,-0.289790182210834,16.61266165503388,23.880627793923782,9.344695516143975,0.5717070925545344,12004491.631000001,0.49583182803253517,-452247.2870034653,0.5699999999999994,0.08999999999999986,0.051000000000000156,0.7109999999999994,0.80168776371308,0.4856681116926433,0.5143318883073567,0.01928242093339252,0,3,12,4,False,False,bubble
2024-12-27,6.933,7.312,6.815,7.83156632583003,6318307.4,1735343999999,44442597.7932,121691.0,3108713.73,21858795.27898,0,-0.5564106329401344,-0.8128559934508539,13.808664435534151,-2.258931082735213,15.427591347488507,-0.17777418854794114,16.19651464323786,-0.4161470117960171,15.77159597051953,0.06864557808357219,12.164578975646139,0.015690938191562864,,,0.41818010438129505,0.4148718624630072,0.5012792144695793,10.8,6.01,0.3802852454759979,42.584411089194795,-0.821189322862633,-0.06697058966222894,-0.7542187332004041,16.19651464323786,24.459876879974793,7.933152406500932,-0.006146776442842765,11667371.988,0.5415364665237757,-20052.331621465823,0.022999999999999687,0.37900000000000045,0.09499999999999975,0.4969999999999999,0.046277665995975235,0.4920168540707595,0.5079831459292405,0.019260063225160585,0,4,12,4,False,False,bubble
2024-12-28,6.912,7.184,6.792,11.978569057788803,4219904.23,1735430399999,29358460.19204,77581.0,2118051.35,14749305.88844,0,0.5295240516933568,0.4249566096851532,12.46490595914812,-1.3437584763860304,15.023282277872193,-0.4043090696163141,15.718093641179967,-0.4784210020578943,15.803007910066292,0.03141193954676247,12.197389335658515,0.032810360012376805,,,0.3975638006051736,0.424260973094537,0.4715079977936893,10.397,6.01,1.3605126641870988,51.47134463030822,-0.9926125583138088,-0.25209898339254494,-0.7405135749212639,15.718093641179967,23.782710881683556,7.6534764006763805,0.2681523826940079,10660884.179000001,0.3958306045864791,123971.13729232983,0.2010000000000005,0.07099999999999973,0.1200000000000001,0.39200000000000035,0.5127551020408172,0.5019192935570483,0.4980807064429517,0.018384540447260338,0,5,12,4,False,False,bubble
2024-12-29,7.114,7.152,6.81,12.011457701425153,3618120.74,1735516799999,25317807.49957,72017.0,1728997.02,12106472.44844,0,0.0027456237450136367,0.002741861405212001,12.270081149578008,-0.19482480957011283,14.99190342379677,-0.03137885407542207,15.511578262032334,-0.20651537914763374,15.93381998893077,0.1308120788644782,12.272760225777624,0.07537089011910858,,,0.3864525337702044,0.4184153742410671,0.46461268582068915,9.669,6.01,1.6401906809032938,44.63474736814924,-1.1129830924847504,-0.42427580521098607,-0.6887072872737643,15.511578262032334,23.740377799245955,7.282778724818712,0.28732495883644,8817269.987,0.4103447830603444,-126148.45262477185,0.24899999999999967,0.038000000000000256,0.055000000000000604,0.3420000000000005,0.7280701754385944,0.4778715648942108,0.5221284351057892,0.019904531986403524,0,6,12,4,False,False,bubble
2024-12-30,6.867,7.109,6.537,12.621534084669301,6758873.72,1735603199999,45867526.05747,123881.0,3300787.61,22408624.6714,0,0.050791202734016494,0.049543406824290634,12.419623653191273,0.14954250361326515,14.216001132384752,-0.7759022914120184,15.060544960003696,-0.45103330202863745,15.892014250890332,-0.041805738040437745,12.323690389146336,0.05093016336871159,,,0.326990006540702,0.41341724555719334,0.40411665462299245,9.669,6.01,1.8069237727983876,43.69196372652968,-1.1459398611349894,-0.5686086163957867,-0.5773312447392026,15.060544960003696,22.851722612883588,7.2693673071238045,0.3434761095177408,7174873.481000001,0.9420199168526633,-158511.0952541885,0.16300000000000026,0.242,0.16699999999999982,0.5720000000000001,0.2849650349650354,0.48836355682052895,0.511636443179471,0.01832864544183258,0,0,12,4,False,False,bubble
2024-12-31,6.706,6.929,6.565,13.883622806637609,4270052.58,1735689599999,28683741.656,81059.0,2069279.8,13899457.09765,0,0.0999948749099604,0.0953055206207076,11.66534999527018,-0.7542736579210931,13.866472756769776,-0.34952837561497674,14.968848162610456,-0.0916967973932401,15.876688957607085,-0.015325293283247277,12.378367861056923,0.05467747191058692,,,0.3234983494565049,0.40628823305983264,0.4040071175401388,9.669,6.01,2.151850999354361,54.124027416908376,-1.0580221053491297,-0.6664913141864554,-0.3915307911626743,14.968848162610456,22.770628612102605,7.167067713118308,0.43045014769394785,6360689.540999999,0.6713191317507192,-38853.402055489445,0.06300000000000061,0.22299999999999986,0.0779999999999994,0.3639999999999999,0.17307692307692482,0.484602885147611,0.515397114852389,0.018983138610438374,0,1,12,4,False,False,bubble
2025-01-01,6.642,7.141,6.52,15.857831141715439,4854650.19,1735775999999,33243559.05772,94540.0,2333502.86,15993805.99942,0,0.14219691521250355,0.13295352650299244,13.270602958447261,1.6052529631770813,13.539633696990709,-0.3268390597790667,14.916030758058202,-0.05281740455225403,15.914171277201643,0.03748231959455772,12.428015310645858,0.04964744958893519,,,0.3247724842008966,0.4066005992335425,0.4037865381575942,9.264,6.01,3.0263771179211556,49.82712646887143,-0.8195967359910465,-0.6971123985473736,-0.12248433744367293,14.916030758058202,22.676553401405368,7.1555081147110355,0.560678927627678,5968487.892,0.8133802527281729,298163.0705283757,0.4089999999999998,0.08999999999999986,0.12200000000000077,0.6210000000000004,0.6586151368760057,0.48067373933692215,0.5193262606630779,0.019474111686716606,0,2,1,1,False,False,bubble
2025-01-02,7.052,7.36,7.051,17.988593255393685,5662998.77,1735862399999,40879123.76941,116141.0,2780538.54,20074151.77783,0,0.13436655332223113,0.12607439233623208,14.472607797968237,1.202004839520976,13.468756878558178,-0.0708768184325308,14.858508446246962,-0.057522311811240456,15.985991386327045,0.07182010912540271,12.52888561296421,0.10087030231835215,,,0.32551789304231044,0.40662204511728894,0.4038259000452373,9.264,6.01,3.68119030589849,56.18022415565782,-0.45348077388156405,-0.6483860736142117,0.1949052997326477,14.858508446246962,22.503428214842213,7.2135886776517095,0.7047166552358648,5490592.796,1.031400247733833,101196.68770670796,0.125,0.18300000000000072,0.0009999999999994458,0.30900000000000016,0.4045307443365694,0.4910010849251871,0.5089989150748129,0.020508745404512953,0,3,1,1,False,False,bubble
2025-01-03,7.179,8.044,7.135,12.896940605136065,10892070.17,1735948799999,83477905.04738,190285.0,5514996.04,42272481.91229,0,-0.28304896208217634,-0.332747728137049,14.64970437871042,0.17709658074218204,13.459892764144215,-0.00886411441396362,15.009090388512352,0.15058194226539,16.02807672127178,0.04208533494473521,12.605857089909431,0.07697147694522144,,,0.32286266111139994,0.3944335083548295,0.40439006551410217,9.264,6.01,2.1164537815415074,41.26860422574224,-0.5676416329458949,-0.6322371854805484,0.06459555253465354,15.009090388512352,22.35432524910398,7.663855527920722,0.3562231280916346,5785244.246,1.8827329853067019,875675.6984938004,0.5749999999999993,0.2900000000000009,0.04400000000000048,0.9090000000000007,0.6325632563256313,0.506331299185892,0.49366870081410796,0.01747004903843729,0,4,1,1,False,False,bubble
2025-01-04,7.753,7.882,7.604,11.090500273905802,5399719.09,1736035199999,41742764.45914,96872.0,2682824.83,20743804.11467,0,-0.14006735291243166,-0.15090121014158345,14.343497616557721,-0.3062067621526978,13.381560634874498,-0.07833212926971633,14.628515319189935,-0.3805750693224166,16.0168965798407,-0.011180141431079704,12.579570143746365,-0.026286946163066816,,,0.32588916289492154,0.34801678536042313,0.40553016571756945,9.204,6.01,1.590638783314277,42.452601541608914,-0.7947185531320891,-0.6647334590108567,-0.12998509412123238,14.628515319189935,21.956834781224163,7.300195857155708,0.2586066584833328,5794690.592,0.9318390696225805,-53621.146496001915,0.07600000000000051,0.12899999999999956,0.07299999999999951,0.2779999999999996,0.273381294964031,0.4968452590373549,0.5031547409626451,0.01794019251471839,0,5,1,1,False,False,bubble
2025-01-05,7.678,7.735,7.46,15.904236391241273,3864962.36,1736121599999,29389920.34466,72382.0,1877012.27,14277865.30767,0,0.43404138663261516,0.3604966027320991,14.747620333478455,0.40412271692073354,13.206485164374318,-0.17507547050018069,14.405925350205383,-0.2225899689845523,16.10682933581447,0.08993275597376993,12.605583753969215,0.026013610222850758,,,0.3182985917496836,0.35931786553873113,0.4085296851486682,8.972,6.01,3.3403904089268313,46.39807257754879,-0.5795694578422932,-0.647700658777144,0.06813120093485081,14.405925350205383,21.25662353969385,7.555227160716913,0.6093546233969889,5585965.925,0.6919058246851013,-3020.6817975766385,0.006999999999999673,0.057000000000000384,0.2110000000000003,0.27500000000000036,0.025454545454544234,0.4856482664426259,0.5143517335573742,0.018727737364045118,0,6,1,1,False,False,bubble
2025-01-06,7.672,7.988,7.54,13.283603031551436,7081416.98,1736207999999,54984695.00266,126328.0,3563332.64,27671444.07027,0,-0.16477580534033454,-0.1800550935716408,14.232774711445654,-0.5148456220328015,13.751688834946458,0.5452036705721408,14.58964009121748,0.18371474101209806,16.09232157539918,-0.01450776041529167,12.621738598283633,0.016154844314417716,,,0.25421089198059854,0.33705310425145496,0.40939393464467305,8.545,6.01,2.8692714128408032,44.23057052207638,-0.613453945122215,-0.6408513160461582,0.02739737092394323,14.58964009121748,21.086673605140476,8.092606577294484,0.39948973967371143,5662276.882999999,1.250630643171252,89544.70695606763,0.09600000000000009,0.22000000000000064,0.13199999999999967,0.4480000000000004,0.21428571428571427,0.5031948619978032,0.49680513800219683,0.017839367510314296,0,0,1,1,False,False,bubble
2025-01-07,7.77,7.888,7.006,17.261153182026963,12003377.11,1736294399999,89383885.11418,211827.0,5819877.08,43361714.72763,0,0.29943307858778856,0.261928075957104,14.087286696772306,-0.14548801467334727,14.279947247370274,0.5282584124238152,14.651614762621232,0.06197467140375146,16.112575967715205,0.020254392316026326,12.704599592573677,0.08286099429004423,,,0.2167073990304568,0.31173061333102275,0.4104810848507831,8.044,6.01,5.531540404143048,54.73135266325693,-0.31571324429080505,-0.5758237016950876,0.2601104574042825,14.651614762621232,21.229309863121337,8.073919662121128,0.698362677163869,6440624.171,1.8636978018446155,-1165106.3775669413,0.7559999999999993,0.11800000000000033,0.008000000000000007,0.8819999999999997,0.8571428571428568,0.4848533064208628,0.5151466935791372,0.017647283598507223,0,1,1,1,False,False,bubble
2025-01-08,7.013,7.136,6.421,15.709904938669887,12158592.89,1736380799999,82605839.7277,201670.0,5778073.36,39270057.59654,0,-0.08986932836980444,-0.09416709458202782,14.649879563479072,0.5625928667067654,14.649791971094746,0.36984472372447286,14.82084769744576,0.16923293482452806,16.297255062534038,0.18467909481883282,12.743932723817847,0.03933313124417026,,,0.2212422867558963,0.30660616852088596,0.39951606127115763,8.044,6.01,4.7688814841051546,54.204122138946964,-0.20258904231985753,-0.5011767698200416,0.29858772750018403,14.82084769744576,21.320224798711315,8.321470596180205,0.5683955729427524,7294671.386,1.6667773291796095,-440302.622477902,0.2530000000000001,0.12300000000000022,0.3389999999999995,0.7149999999999999,0.3538461538461541,0.475225497907102,0.524774502092898,0.016586623289761286,0,2,1,1,False,False,bubble
2025-01-09,6.759,6.847,6.454,7.089916640401236,7236598.9,1736467199999,48101824.44933,121609.0,3450012.66,22961645.5148,0,-0.5486976739783176,-0.7956178181148624,13.849762836778158,-0.8001167267009137,14.096630226667937,-0.5531617444268093,14.156315679526344,-0.6645320179194165,16.116181401762752,-0.18107366077128617,12.717541090039871,-0.026391633777976153,,,0.29078479470467433,0.30129057815579396,0.3544599210008596,8.044,6.421,0.4121482688855424,39.09956288119738,-0.7992846566794913,-0.5607983471919316,-0.23848630948755978,14.156315679526344,20.97230167658831,7.340329682464381,-0.01836953906383359,7342443.903999999,0.9855844994685847,-215171.0619674555,0.20000000000000018,0.08800000000000008,0.10500000000000043,0.3930000000000007,0.5089058524173024,0.4767450438630777,0.5232549561369223,0.016804717475774427,0,3,1,1,False,False,bubble
2025-01-10,6.558,6.81,6.482,10.92292970515787,6645927.74,1736553599999,44240403.61073,115176.0,3398370.72,22629759.03772,0,0.540628791446512,0.4321906392253701,12.853501499561478,-0.99626133721668,13.800560916519965,-0.29606931014797233,13.83351683664487,-0.32279884288147365,16.02741610076135,-0.08876530100140201,12.718282149341777,0.0007410593019052669,,,0.33897347295787517,0.32249159654849024,0.36105337583057173,8.044,6.421,2.7738322274540166,53.63935665901081,-0.9519051396111049,-0.6390197056757663,-0.31288543393533863,13.83351683664487,20.61832370713427,7.048709966155472,0.28550700211183344,7580031.42,0.8767678353502129,175292.80363165156,0.17400000000000038,0.0779999999999994,0.07599999999999962,0.3279999999999994,0.5304878048780509,0.5113463240874779,0.488653675912522,0.017330311809860274,0,4,1,1,False,False,bubble
2025-01-11,6.731,6.878,6.582,15.55882101309123,3109598.81,1736639999999,20826689.69448,66834.0,1455549.64,9758836.73449,0,0.4244183047103438,0.35376352316055437,13.308545095869437,0.4550435963079593,13.770659903657545,-0.029901012862419307,13.655146800324127,-0.178370036320743,16.127316115938655,0.09990001517730462,12.766021151666667,0.04773900232489048,,,0.3602119002470998,0.33407837134708074,0.36075854300150423,8.044,6.421,5.630203951380917,54.166942672539115,-0.6908169790003225,-0.6493791603406776,-0.04143781865964491,13.655146800324127,20.029226749570736,7.28106685107752,0.6493293328547055,7405526.282000001,0.41990247439378403,4619.130733808847,0.01100000000000012,0.13600000000000012,0.14900000000000002,0.29600000000000026,0.03716216216216254,0.4680827749609281,0.5319172250390719,0.02149280472615051,0,5,1,1,False,False,bubble
2025-01-12,6.741,6.817,6.542,9.462522779880882,2241615.84,1736726399999,15016059.50107,45172.0,1078258.11,7225908.00723,0,-0.3918226341238136,-0.4972887193669355,11.748819015440223,-1.5597260804292148,12.918052856106266,-0.8526070475512793,13.19340486733222,-0.4617419329919077,16.01165644248492,-0.11565967345373451,12.804015340624701,0.037994188958034414,,,0.38577136194739375,0.34806235272479397,0.36247724574756807,8.044,6.421,1.874012803377006,47.40029742682743,-0.9647025586183364,-0.7124438399962094,-0.252258718622127,13.19340486733222,19.364258389299724,7.022551345364715,0.1977012925221899,7063387.989,0.31735703085982636,-36573.38214179772,0.10899999999999999,0.07600000000000051,0.08999999999999986,0.27500000000000036,0.3963636363636358,0.48101824173405205,0.518981758265948,0.020151534974877768,0,6,1,1,False,False,bubble
2025-01-13,6.632,6.808,6.0,10.865576698029319,10199678.51,1736812799999,64239204.83461,188229.0,5234371.09,32956011.2834,0,0.1482748259408786,0.13826066466574763,10.779953367312107,-0.9688656481281157,12.71491646539559,-0.2031363907106769,13.0874046147699,-0.10600025256231937,15.765942307469217,-0.24571413501570305,12.862056529610268,0.058041188985566095,,,0.37352951899679054,0.3398053824689481,0.3565216315403356,8.044,6.0,2.3804191281943825,48.23757680593811,-1.0563669872574355,-0.7812284694484547,-0.2751385178089808,13.0874046147699,19.345505556194542,6.829303673345258,0.3224838543244408,6994148.823000001,1.458315910645014,-362955.9904041013,0.23599999999999977,0.17600000000000016,0.3959999999999999,0.8079999999999998,0.29207920792079184,0.5131898113129842,0.4868101886870158,0.01845440518693368,0,0,1,1,False,False,bubble
2025-01-14,6.397,6.69,6.367,8.473439115204263,5174378.72,1736899199999,33667612.12478,95908.0,2666923.13,17349527.16141,0,-0.22015744302453044,-0.2486632297044083,11.056657862272711,0.27670449496060456,12.453210349525436,-0.2617061158701528,12.917385492199966,-0.17001912256993457,15.602361912292604,-0.16358039517661283,12.8450594025805,-0.016997127029767967,,,0.3789051395530323,0.3439720523016724,0.35548915357554806,8.044,6.0,1.2100974144834944,44.69034024260356,-1.3069712671600708,-0.886377028990778,-0.42059423816929287,12.917385492199966,19.49111220729576,6.343658777104171,0.16199185259780427,6971614.786,0.742206630577308,217621.6190869298,0.2679999999999998,0.025000000000000355,0.03000000000000025,0.3230000000000004,0.8297213622291005,0.5154093417421909,0.48459065825780917,0.018535172083422608,0,1,1,1,False,False,bubble
2025-01-15,6.668,7.196,6.558,15.579304394146632,9177823.38,1736985599999,63109151.99765,165320.0,4724151.31,32492938.63636,0,0.8386046305793362,0.6090069309798272,11.987932800070464,0.9312749377977525,12.420717149815973,-0.03249319970946374,12.813601157095144,-0.10378433510482132,15.605747771929716,0.0033858596371114658,12.95709713091346,0.112037728332961,,,0.44167722482135174,0.37531986292572334,0.3721508464407349,8.044,6.0,4.686548138036512,49.75166250283766,-0.921569740362914,-0.8934155712652052,-0.028154169097708737,12.813601157095144,19.13301861041766,6.494183703772627,0.718825806134819,7502900.887999999,1.2232366543291064,688508.8807201809,0.4969999999999999,0.030999999999999694,0.11000000000000032,0.6379999999999999,0.7789968652037617,0.5147354785988483,0.4852645214011517,0.0180129855582381,0,2,1,1,False,False,bubble
2025-01-16,7.166,7.393,6.847,12.69827493038415,10781374.02,1737071999999,77050710.06064,211336.0,5435027.05,38845717.3,0,-0.18492670730824967,-0.20447724010157664,11.41582358352905,-0.5721092165414134,12.362184339699244,-0.05853281011672884,13.056936587322848,0.2433354302277042,15.456524394518004,-0.14922337741171177,12.986357804023983,0.029260673110522717,,,0.44298037734344775,0.35151538476935507,0.3721319319040541,8.044,6.0,3.277042529542147,45.34536826814764,-0.8389404701483247,-0.8825205510418292,0.043580080893504514,13.056936587322848,18.927466231786365,7.186406942859332,0.4694523596114576,7872896.592,1.3694291413601738,-22570.915603628702,0.016000000000000014,0.22699999999999942,0.30299999999999994,0.5459999999999994,0.029304029304029363,0.5041126520532306,0.4958873479467694,0.01960195422289969,0,3,1,1,False,False,bubble
2025-01-17,7.154,7.6,7.152,20.723759350387887,8017976.75,1737158399999,59318992.42498,149265.0,4032311.79,29835594.5707,0,0.6320137549393057,0.489814684778031,13.668070897630448,2.252247314101398,12.708444956535335,0.34626061683609066,13.494196101952804,0.4372595146299556,15.553024204943661,0.09649981042565692,13.085498353443556,0.09914054941957318,,,0.4726444736748672,0.3590629925587245,0.37881943788116385,8.044,6.0,7.203404770248476,56.548283456112834,-0.12443227940840984,-0.7309028967151454,0.6064706173067356,13.494196101952804,20.26088212975889,6.727510074146718,1.034202652430371,7474356.556,1.0727313702426482,395852.5584265729,0.3490000000000002,0.09699999999999953,0.0019999999999997797,0.4479999999999995,0.7790178571428584,0.5029088903257296,0.4970911096742704,0.018616292445597326,0,4,1,1,True,False,bubble
2025-01-18,7.504,7.589,6.839,16.14953642830265,8528830.03,1737244799999,60425364.34095,159762.0,4056124.95,28732635.60262,0,-0.22072360736999297,-0.24938949163649676,14.724862843685116,1.056791946054668,12.752408105498612,0.04396314896327702,13.701100038296678,0.20690393634387405,15.67898537245909,0.1259611675154293,13.189399417320002,0.10390106387644593,,,0.48068488969170975,0.3652210708752767,0.3755803818803612,8.044,6.0,4.965526628328106,54.04527732893293,0.07189034096971803,-0.5703442491781727,0.6422345901478907,13.701100038296678,20.52966732814064,6.872532748452718,0.6792789238269277,7111380.2700000005,1.1993213280942996,-522892.41820605076,0.4609999999999994,0.08500000000000085,0.20399999999999974,0.75,0.6146666666666659,0.47557811982800186,0.5244218801719982,0.01873199482672772,0,5,1,1,False,False,bubble
2025-01-19,7.043,7.237,6.11,16.466763098095363,18463335.53,1737331199999,122447118.41131,341965.0,8828135.79,58632844.06901,0,0.019643082090998076,0.019452646541430058,16.323527640263336,1.5986647965782197,13.690092751268025,0.9376846457694139,13.893361488967983,0.19226145067130496,15.662618736207078,-0.016366636252012512,13.234168204641792,0.04476878732178946,,,0.42568469789086716,0.3653962589996574,0.36264304645691225,8.044,6.0,5.1207255861523295,50.484655691608886,0.25019092784807384,-0.40623721377292343,0.6564281416209973,13.893361488967983,20.809908597635363,6.976814380300603,0.6860322476443886,8234053.933,2.2423141359329253,-2086726.5486128083,0.7960000000000003,0.19399999999999995,0.13699999999999957,1.1269999999999998,0.7062999112688557,0.47814414549611983,0.5218558545038802,0.018521301280820086,0,6,1,1,False,False,bubble
2025-01-20,6.246,7.109,6.054,15.428377520262998,21982145.76,1737417599999,142145417.23696,428022.0,10624422.27,68813601.43558,0,-0.06305948361839675,-0.06513548180943252,16.293342265486608,-0.030185374776728224,14.140637532778538,0.45054478151051214,13.970599224649252,0.07723773568126902,15.497469679983874,-0.16514905622320342,13.27813006104918,0.04396185640738892,,,0.40792216837680395,0.36659051844630697,0.3602798003407926,8.044,6.0,4.612709158641388,51.899664732571686,0.30419976403282867,-0.264149818211773,0.5683495822446016,13.970599224649252,20.921105901728836,7.020092547569668,0.6048684911289277,9767675.735000001,2.2504991316647143,471523.5363918703,0.1349999999999998,0.7279999999999998,0.19200000000000017,1.0549999999999997,0.1279620853080567,0.48332052684924054,0.5166794731507595,0.019471347550558685,0,0,1,1,False,False,bubble
2025-01-21,6.381,6.845,6.155,10.367147146017242,8255422.94,1737503999999,53606715.74173,166517.0,4007424.42,26040807.39089,0,-0.32804683237745147,-0.39756663192539493,15.827116708613227,-0.46622555687338085,13.621470146071138,-0.5191673867073998,13.696065024864343,-0.27453419978490956,15.326454148525888,-0.17101553145798576,13.279055495835786,0.0009254347866054502,,,0.41045934966511133,0.3763507534446144,0.3625422627723571,8.044,6.0,2.136569053824482,44.00886677087585,-0.0606971578594937,-0.22345928614131716,0.16276212828182346,13.696065024864343,20.76543813204898,6.626691917679704,0.2645535305341357,10282258.148,0.8028803421557512,311793.9082494902,0.24099999999999966,0.22299999999999986,0.22599999999999998,0.6899999999999995,0.3492753623188403,0.48542932919679094,0.5145706708032091,0.02017062011361952,0,1,1,1,False,False,bubble
2025-01-22,6.623,6.696,6.412,11.990081663014232,4674155.01,1737590399999,30697513.9116,103355.0,2215649.64,14549999.4303,0,0.1565459131753979,0.14543790200975718,14.080381171138498,-1.7467355374747289,13.874226034384474,0.2527558883133363,13.396139445245371,-0.2999255796189715,15.12969331380318,-0.1967608347227081,13.302335494885208,0.023279999049421463,,,0.3847076475140155,0.3766703750505535,0.3625582971002432,8.044,6.0,2.9305683282848487,46.77136574728434,-0.21642849236956252,-0.22205312738696625,0.005624635017403734,13.396139445245371,20.202817979335457,6.589460911155286,0.3967148385817591,10525512.065000001,0.4440786330522342,-123524.18102536982,0.17600000000000016,0.07299999999999951,0.03500000000000014,0.2839999999999998,0.6197183098591559,0.47402142959738947,0.5259785704026105,0.022112018060778862,0,2,1,1,False,False,bubble
2025-01-23,6.447,6.503,6.191,13.52212577958106,6958597.48,1737676799999,44105927.12862,132219.0,3469926.51,21999424.89726,0,0.12777595346099435,0.12024751052947542,13.55489904139418,-0.5254821297443186,14.139880942539648,0.2656549081551738,13.427398703967617,0.031259258722245775,14.928470417712726,-0.20122289609045474,13.36939729647774,0.06706180159253172,,,0.38434494493373655,0.3690839616581892,0.36270064193102175,7.988,6.0,3.783765482686649,56.36615172743792,-0.21375945463999102,-0.22039439283757123,0.006634938197580209,13.427398703967617,20.230165562347004,6.624631845588228,0.506962393213341,10201403.962,0.6821215497318428,-103618.01738482987,0.09600000000000009,0.05600000000000005,0.16000000000000014,0.3120000000000003,0.3076923076923077,0.4986531438228842,0.5013468561771158,0.019000811640566398,0,3,1,1,False,False,bubble
2025-01-24,6.351,6.546,6.203,14.83068513956642,4639656.86,1737763199999,29663019.71726,75822.0,2269216.13,14508331.41454,0,0.09677171927814299,0.09237106417618908,13.22768344968839,-0.32721559170578907,14.775605544975864,0.6357246024362162,13.614407947250651,0.18700924328303437,14.862390945595484,-0.06607947211724152,13.454764599718503,0.0853673032407638,,,0.3700322643585224,0.365996643367837,0.36045113905177906,7.988,6.0,4.4419945370052405,54.07105660925963,-0.10484582138134968,-0.19728467854632692,0.09243885716497724,13.614407947250651,20.352007782603593,6.876808111897708,0.5902604207757951,10147931.775999999,0.45720221247179194,-22646.726918595505,0.030999999999999694,0.19500000000000028,0.11699999999999999,0.34299999999999997,0.09037900874635481,0.4890913700027376,0.5109086299972624,0.016342156820623153,0,4,1,1,False,False,bubble
2025-01-25,6.319,6.41,6.246,11.392259028649665,3418652.69,1737849599999,21638569.56774,53842.0,1650660.35,10451133.75911,0,-0.2318453988173117,-0.26376426247002843,12.420459751365723,-0.8072236983226677,14.356901008426167,-0.4187045365496971,13.388809079121069,-0.2255988681295822,14.641885326536842,-0.22050561905864186,13.463151844681507,0.008387244963003582,,,0.2785446121544938,0.36190975602143777,0.3617969197248962,7.988,6.0,2.7124039379525473,45.548249869158546,-0.2926102050680104,-0.21634978385066364,-0.07626042121734675,13.388809079121069,20.10570340139621,6.671914756845929,0.3513784827721441,9572014.707,0.3571507978879247,1622.7781756332995,0.004000000000000448,0.08699999999999974,0.07299999999999951,0.1639999999999997,0.024390243902441797,0.48283943988472255,0.5171605601152774,0.015749479365802437,0,5,1,1,False,False,bubble
2025-01-26,6.323,6.47,6.166,15.814534322722805,3801099.68,1737935999999,24056036.93107,69887.0,1770498.62,11209426.8477,0,0.3881824739897366,0.327995318854266,13.509937186706836,1.089477435341113,14.668526947660032,0.31162593923386517,13.515355643679637,0.12654656455856816,14.635085881756293,-0.00679944478054928,13.546183180845851,0.08303133616434444,11.150274746581415,,0.29466567587232234,0.36637501996214145,0.36177283063661486,7.888,6.0,5.1983762302557235,57.03857129838191,-0.0836103659213201,-0.18980190026479496,0.10619153434347486,13.515355643679637,20.318713534942283,6.711997752416993,0.668973815268188,8873987.273,0.42834179980911496,-87768.55183931727,0.1460000000000008,0.14699999999999935,0.010999999999999233,0.3039999999999994,0.48026315789474044,0.4657858959384091,0.534214104061591,0.01838599507603547,0,6,1,1,False,False,bubble
2025-01-27,6.176,6.212,5.485,11.947604562009039,12932411.15,1738022399999,75005877.7112,206013.0,6070202.8,35250692.55778,0,-0.2445174598127524,-0.280398607811376,13.501441766505797,-0.008495420201038328,13.790911468822149,-0.8776154788378836,13.249678212678742,-0.2656774310008956,14.443098191017537,-0.1919876907387561,13.617733092794293,0.07154991194844129,11.145867205318828,-0.0044075412625872445,0.22758742060464965,0.3686031292722974,0.3621409125611759,7.6,5.485,3.055604993857702,51.13690032523571,-0.2273842578613774,-0.19731837178411146,-0.03006588607726593,13.249678212678742,19.84907416020068,6.650282265156802,0.4013490279243945,9365430.713000001,1.380866673013632,-468975.2464950615,0.22299999999999986,0.03599999999999959,0.46799999999999997,0.7269999999999994,0.3067400275103164,0.4693790453762367,0.5306209546237632,0.01592997605864085,0,0,1,1,False,False,bubble
2025-01-28,5.953,6.037,5.6,11.964712649310712,5048053.65,1738108799999,29604653.84519,90408.0,2282133.79,13384491.85132,0,0.0014319261415860485,0.0014309019129784659,13.189959140451728,-0.31148262605406885,13.372429090922955,-0.41848237789919374,13.062418598210783,-0.18725961446795836,14.359557138316195,-0.08354105270134227,13.643396874977597,0.025663782183304562,11.172972757717089,0.027105552398261068,0.21751352362667498,0.3674415522458761,0.359610081305339,7.6,5.485,3.0636939240239784,53.861026945311764,-0.3360715991936374,-0.2250690172660167,-0.11100258192762069,13.062418598210783,19.57991287510407,6.544924321317497,0.41578773204360076,9017353.075,0.5598154589283397,-257787.38612464306,0.30400000000000027,0.08399999999999963,0.04900000000000038,0.4370000000000003,0.6956521739130437,0.4520819207220589,0.5479180792779411,0.01790947685351957,0,1,1,1,False,False,bubble
2025-01-29,5.648,5.881,5.544,8.678213769822158,6047240.35,1738195199999,34660578.88806,106514.0,2975719.84,17059478.98597,0,-0.27468264184998126,-0.32114598452630794,11.959464866502875,-1.2304942739488531,12.593574158095633,-0.778854932827322,13.141833454681827,0.0794148564710433,14.100277411207799,-0.259279727108396,13.645996413627827,0.0025995386502302154,11.148002360025096,-0.02497039769199283,0.23277828459775773,0.34868994245094964,0.36016859238550375,7.6,5.485,1.509793744596765,41.663810222928106,-0.679566474108956,-0.3159685086346046,-0.3635979654743514,13.141833454681827,19.385880106232328,6.897786803131323,0.14256996031962094,7775743.557000001,0.777705733949528,127389.2019206941,0.1200000000000001,0.11300000000000043,0.10400000000000009,0.33700000000000063,0.3560830860534121,0.4920789761564546,0.5079210238435454,0.01761365413564222,0,2,1,1,False,False,bubble
2025-01-30,5.767,6.257,5.722,16.13692097573143,5322849.22,1738281599999,32264526.71484,95088.0,2521017.58,15271304.52567,0,0.8594749338678858,0.6202941542533497,12.90839725591923,0.9489323894163544,12.664428503642476,0.07085434554684333,13.402533018210509,0.2606995635286822,14.108664655632378,0.008387244424579166,13.724261057859234,0.07826464423140678,11.154037838849131,0.006035478824035323,0.3660326639792493,0.37785538975312394,0.3751794225080851,7.6,5.485,5.036369255664981,53.740095230312846,-0.3459454568434772,-0.3219638982763791,-0.023981558567098105,13.402533018210509,19.691726648183234,7.113339388237782,0.7173878018709356,6109813.903,0.8711966198162615,329448.19201456325,0.35799999999999965,0.13199999999999967,0.04499999999999993,0.5349999999999993,0.6691588785046731,0.4736218284236878,0.5263781715763123,0.0178641167671475,0,3,1,1,False,False,bubble
2025-01-31,6.125,6.499,6.029,9.739550798741195,8668790.29,1738367999999,54551317.92092,143316.0,4238949.76,26699756.1113,0,-0.3964430504810268,-0.5049148774965638,11.693400551122906,-1.2149967047963237,12.60166886891487,-0.06275963472760537,13.111569507493005,-0.2909635107175035,13.965172086951993,-0.14349256868038474,13.717115922984856,-0.007145134874377845,11.125570223326912,-0.028467615522218992,0.37452818705255675,0.38264535966490043,0.38081760833174444,7.6,5.485,2.0116079426672324,37.61419353711006,-0.5909505946792208,-0.3757612375569475,-0.21518935712227333,13.111569507493005,19.518078680604624,6.705060334381387,0.23682869893449063,6151150.637999999,1.4092957237052142,277401.2892800002,0.19599999999999973,0.17799999999999994,0.09600000000000009,0.46999999999999975,0.41702127659574434,0.4889897688365928,0.5110102311634072,0.016532410544678203,0,4,1,1,False,False,bubble
2025-02-01,6.322,6.492,5.861,10.915127008899542,6999151.58,1738454399999,43729791.24776,119497.0,3372252.35,21083006.03717,0,0.12070127611124382,0.11395462874856524,11.486905040501007,-0.20649551062189886,12.494173403503403,-0.1074954654114677,13.184199718943939,0.0726302114509334,13.80069383729761,-0.1644782496543833,13.723611656399376,0.006495733414519478,11.136447173001969,0.01087694967505648,0.3735470159740144,0.3694465789269977,0.3807768788121858,7.6,5.485,2.567435938013969,43.60772952414327,-0.6823935480743177,-0.4370876996604216,-0.24530584841389613,13.184199718943939,19.447867278458528,6.92053215942935,0.31887027939424667,6383650.295,1.0964183901931615,-460630.76368928904,0.4169999999999998,0.16999999999999993,0.04400000000000048,0.6310000000000002,0.6608557844690961,0.481808732309238,0.5181912676907621,0.017073069304779937,0,5,2,1,False,False,bubble
2025-02-02,5.906,6.048,4.863,14.6459662942588,17423977.29,1738540799999,94054582.95351,275392.0,8424782.05,45521441.5352,0,0.3418044776132567,0.2940153331609492,12.023155769490625,0.5362507289896179,12.606557454971178,0.11238405146777453,13.373219198755413,0.18901947981147416,13.895907127986225,0.09521329068861561,13.821584384678976,0.09797272827960057,11.171512016244206,0.03506484324223713,0.3847988545662604,0.3743477964528003,0.37475854786419555,7.6,4.863,3.574339164873512,47.947560107500095,-0.4486435138899729,-0.4393988625063319,-0.009244651383641,13.373219198755413,19.570085218033167,7.176353179477657,0.6026928040354604,7430188.275999999,2.345025003778249,-2218938.344128706,0.7530000000000001,0.14200000000000035,0.28999999999999915,1.1849999999999996,0.6354430379746838,0.48351658807746306,0.5164834119225369,0.015805346587432337,0,6,2,1,False,False,bubble
2025-02-03,5.155,5.28,3.78,9.545438782955335,44336682.05,1738627199999,202947672.5342,733019.0,21807863.63,99965830.6181,0,-0.34825476235752806,-0.42810153322633565,12.196600772117261,0.17344500262663587,12.078032819310067,-0.5285246356611104,13.426819182142967,0.05359998338755467,13.712775870438247,-0.18313125754797888,13.804956937320092,-0.016627447358883884,11.16628427106941,-0.005227745174796183,0.4060055894814438,0.38063326931776015,0.36016826815219716,7.6,3.78,1.5092771683129151,43.924972149201196,-0.6672729636342538,-0.4849736827319163,-0.1822992809023375,13.426819182142967,19.461666305645323,7.391972058640613,0.17841932697252372,11399890.794999998,3.8892198923033634,197893.20534640568,0.020999999999999908,0.10400000000000009,1.3750000000000004,1.5000000000000004,0.013999999999999934,0.49186954507345687,0.5081304549265432,0.016533014337278315,0,0,2,1,False,False,bubble
2025-02-04,5.177,5.229,4.581,12.105560969066538,16164176.0,1738713599999,77585820.91313,249624.0,8068002.38,38687062.62503,0,0.2682037195275555,0.23760150519824064,11.390328770784283,-0.806272001332978,12.149363013351756,0.07133019404168905,13.253132010888962,-0.1736871712540058,13.547766374400931,-0.16500949603731563,13.851413519301705,0.04645658198161229,11.152457769433795,-0.013826501635614719,0.4020991564354067,0.33863247226004173,0.3614792349318561,7.6,3.78,2.1794662222687275,51.8929579913411,-0.6267333215089721,-0.5133256104873275,-0.1134077110216446,13.253132010888962,19.226780108602874,7.2794839131750475,0.403947217592078,12674443.125999998,1.2753361894725979,-1355342.4234930451,0.4349999999999996,0.05200000000000049,0.1609999999999996,0.6479999999999997,0.6712962962962961,0.4991285902850847,0.5008714097149153,0.015443038977056425,0,1,2,1,False,False,bubble
2025-02-05,4.743,4.865,4.628,11.521184015409473,6698304.03,1738799999999,31817396.22512,133306.0,3428248.58,16296036.83003,0,-0.04827343029788789,-0.04947750214484956,11.746655414117939,0.3563266433336558,11.720027982620422,-0.42933503073133394,13.194277465140226,-0.058854545748735276,13.586003890482932,0.038237516082000766,13.891421932194662,0.04000841289295742,11.170924325217136,0.01846655578334122,0.38733286489944024,0.33530238479570973,0.35203794757800705,7.6,3.78,2.026487962149077,49.47760213636135,-0.6344461985229604,-0.5375497280944541,-0.09689647042850624,13.194277465140226,19.213959925832306,7.174595004448146,0.36103141979200026,12964163.560999999,0.5166784573862104,-74865.05980388017,0.05400000000000027,0.12199999999999989,0.06099999999999994,0.2370000000000001,0.22784810126582383,0.511808446532995,0.488191553467005,0.019901455562924036,0,2,2,1,False,False,bubble
2025-02-06,4.689,4.838,4.441,9.926079805666363,6626961.02,1738886399999,30663679.50018,125782.0,3268238.12,15110863.05461,0,-0.1384496773603887,-0.14902181190570815,11.548845973471302,-0.19780944064663686,11.517875506986154,-0.20215247563426786,12.65439348790415,-0.5398839772360766,13.464092291517222,-0.1219115989657098,13.893323264347933,0.0019013321532703742,11.176724427630907,0.0058001024137706025,0.3804335537825561,0.3071240215097958,0.34200577913039926,7.589,3.78,1.6135678145619226,45.99927432105356,-0.7605036750402316,-0.5821405174836096,-0.17836315755662202,12.65439348790415,17.686548299126645,7.622238676681654,0.22891198854283873,12333618.548,0.5373087382432965,-281246.58626146294,0.19899999999999984,0.14900000000000002,0.04900000000000038,0.39700000000000024,0.501259445843828,0.4931729808182877,0.5068270191817122,0.018980344025020388,0,3,2,1,False,False,bubble
2025-02-07,4.49,4.938,4.459,6.11585035792277,9796463.72,1738972799999,46069424.52144,170753.0,4910104.72,23103271.50219,0,-0.3838604486706324,-0.4842817967400607,9.842822786204096,-1.7060231872672063,10.93298927784736,-0.5848862291387942,12.152709184385156,-0.501684303518994,13.339904373832088,-0.12418791768513415,13.867045957031028,-0.026277307316904697,11.133701591796084,-0.04302283583482236,0.40342643526424704,0.31546826155096247,0.3451932205027869,7.237,3.78,0.6756871153956522,40.81567953007946,-1.1545498741254434,-0.6966223888119765,-0.45792748531346694,12.152709184385156,17.692708120170415,6.612710248599897,-0.04484295903629994,12808459.555,0.7648432411355653,224729.56863251663,0.10299999999999976,0.34499999999999975,0.031000000000000583,0.4790000000000001,0.21503131524008295,0.5012119536538231,0.4987880463461769,0.01743006506025217,0,4,2,1,False,False,bubble
2025-02-08,4.594,4.765,4.499,9.771464772348727,4650038.29,1739059199999,21408624.47075,88835.0,2338742.63,10773887.45149,0,0.5977279038049546,0.4685825598828889,9.888027984082774,0.04520519787867805,11.042314378100016,0.10932510025265607,11.817944268097825,-0.3347649162873303,13.127722529303272,-0.21218184452881594,13.868246932313246,0.0012009752822184083,11.147065840759158,0.013364248963073422,0.430820357005064,0.34301398544848943,0.3432580335501518,7.109,3.78,1.7997791445925886,48.2996740025424,-1.1585023004730335,-0.7889983711441879,-0.36950392932884557,11.817944268097825,17.06154601913042,6.5743425170652285,0.30485937024621534,12668739.349,0.3670482249180577,153887.61595471375,0.1509999999999998,0.019999999999999574,0.09500000000000064,0.266,0.5676691729323301,0.5029512627948705,0.4970487372051296,0.01910414376394307,0,5,2,1,False,False,bubble
2025-02-09,4.745,4.878,4.511,5.4281672735144975,7038964.34,1739145599999,33382952.55632,126782.0,3519031.84,16701269.74321,0,-0.4444878633881877,-0.5878648220550475,8.552549244972365,-1.3354787391104086,9.971439007878324,-1.0708753702216924,11.3179337557604,-0.5000105123374254,12.888707743517815,-0.2390147857854572,13.821370412170843,-0.046876520142403066,11.143241874870146,-0.0038239658890120154,0.3631454679351243,0.35842848296534047,0.3490994526920293,6.845,3.78,0.5377380990259373,39.08589260056223,-1.4948704999347253,-0.9301727969022955,-0.5646977030324298,11.3179337557604,17.000719735032597,5.635147776488203,-0.018211182308172574,12840350.861,0.548190965823173,25218.628826131524,0.01699999999999946,0.11600000000000055,0.23399999999999999,0.367,0.046321525885557116,0.4999360232587852,0.5000639767412147,0.018011456497874515,0,6,2,1,False,False,bubble
2025-02-10,4.763,4.92,4.608,10.912038702405285,7055381.19,1739231999999,33963107.56035,151287.0,3706196.89,17851580.33669,0,1.0102620557859532,0.6982650895856827,8.430720182371527,-0.12182906260083826,10.088687798244733,0.11724879036640878,11.345178333579803,0.027244577819402593,12.7244240827758,-0.16428366074201506,13.85996570949879,0.0385952973279462,11.129315053388794,-0.013926821481351936,0.4683070486275113,0.4134821523704514,0.37533072345845575,6.696,3.78,2.4458294589867235,48.94757948901216,-1.3039114482061915,-1.0049205271630748,-0.29899092104311675,11.345178333579803,17.013978978776564,5.676377688383042,0.4617961842121294,12679009.951,0.5564615231998883,122972.83468500614,0.08199999999999985,0.07500000000000018,0.15500000000000025,0.3120000000000003,0.2628205128205121,0.5253007300658691,0.474699269934131,0.02144278188886914,0,0,2,1,False,False,bubble
2025-02-11,4.846,5.21,4.749,6.205778543019038,9664290.61,1739318399999,48092494.39658,179353.0,4935650.84,24547948.99677,0,-0.43129064034100884,-0.5643857668146769,7.6866599298420635,-0.7440602525294633,9.617752951656682,-0.47093484658805096,11.055963177580043,-0.28921515599975933,12.4745924248418,-0.2498316579339992,13.882630364010202,0.022664654511412863,11.122560217233348,-0.006754836155446142,0.4969301724863117,0.4278662028643463,0.38140634021027336,6.546,3.78,0.8769987501876493,44.656610161064705,-1.514868426680959,-1.1069101070666516,-0.4079583196143073,11.055963177580043,17.159754930250912,4.952171424909174,0.10269084930373945,12945523.853999998,0.7465353058705199,-71808.97047677908,0.03699999999999992,0.3639999999999999,0.0600000000000005,0.4610000000000003,0.08026030368763536,0.5107101016698421,0.4892898983301579,0.01855832023660555,0,1,2,1,False,False,bubble
2025-02-12,4.809,5.332,4.752,12.43445458495624,15217967.69,1739404799999,76387644.97893,267926.0,7174417.47,35983384.65054,0,1.003689706095607,0.6949903339564483,8.950380775248757,1.2637208454066933,9.396601780726426,-0.2211511709302556,11.001579617848801,-0.054383559731242315,12.463569881555411,-0.011022543286388853,13.95153164265769,0.06890127864748763,11.138085709026909,0.015525491793560775,0.5786155811113269,0.4787484019139672,0.4013041811792757,6.546,3.78,3.1288700596371077,53.30477121262713,-1.166010210725391,-1.1187301277983994,-0.047280082926991485,11.001579617848801,17.031791790238795,4.9713674454588075,0.6188080059328607,12724922.894,1.1959182634556873,1322751.1945144525,0.41800000000000015,0.10499999999999954,0.057000000000000384,0.5800000000000001,0.720689655172414,0.47144386268571453,0.5285561373142855,0.017605898859678813,0,2,2,1,False,False,bubble
2025-02-13,5.228,5.277,5.067,6.016520957751323,6378691.02,1739491199999,32892476.25896,139497.0,3234216.13,16676101.59015,0,-0.5161411450221243,-0.7259620367419917,8.199392012329277,-0.75098876291948,9.043709998206024,-0.3528917825204019,10.560871408758047,-0.44070820909075437,12.346423869378377,-0.11714601217703446,13.908819823879512,-0.04271181877817831,11.121210883349267,-0.016874825677641425,0.595530196096613,0.4973655800197687,0.4092671262457971,6.499,3.78,0.8225527612178458,40.929883086285095,-1.3913722942896491,-1.1732585610966495,-0.21811373319299965,10.560871408758047,16.700144737026704,4.421598080489387,0.1298950862733229,8929123.791,0.7143692000808997,-117152.15954084545,0.09699999999999953,0.04900000000000038,0.06400000000000006,0.20999999999999996,0.46190476190475976,0.5070344557934082,0.4929655442065918,0.02186922043450852,0,3,2,1,False,False,bubble
2025-02-14,5.132,5.378,5.1,11.791264709898376,6591725.25,1739577599999,34458402.38985,125833.0,3323000.76,17375204.75081,0,0.9598144496957535,0.6728498002385037,9.472011499606053,1.272619487276776,9.012280372289208,-0.031429625916816306,10.580821692820482,0.019950284062435486,12.229149341651485,-0.11727452772689162,13.96604986704372,0.057230043164208766,11.130013329080228,0.008802445730960784,0.6554464074531325,0.5312113273015546,0.4244668217904236,6.499,3.78,2.9464011437654936,51.85954237795901,-1.0914186154944776,-1.156890571976215,0.06547195648173743,10.580821692820482,16.73404793722534,4.427595448415622,0.5983584032992898,7971878.716,0.8268722449038323,50102.76451958692,0.038000000000000256,0.20800000000000018,0.03200000000000003,0.27800000000000047,0.13669064748201507,0.5041170003255218,0.4958829996744783,0.019089539570843004,0,4,2,1,False,False,bubble
2025-02-15,5.17,5.22,4.976,10.957425624465802,4188333.3,1739663999999,21309634.37438,81045.0,1933784.35,9841458.77818,0,-0.07071667933403225,-0.07334161285714827,9.481088884018154,0.009077384412101708,8.955904533194843,-0.05637583909436472,10.337966257907633,-0.24285543491284933,12.2916665276242,0.06251718597271427,14.031631249071863,0.06558138202814234,11.13843727124305,0.00842394216282294,0.6562801137089844,0.5287522000846242,0.41525959678182706,6.499,3.78,2.639729909696875,50.03857572229174,-0.9104914310541989,-1.107610743791812,0.19711931273761296,10.337966257907633,15.983941538985071,4.691990976830195,0.5548584908469485,7720881.643000001,0.5424682689958442,-119898.12928433248,0.1479999999999997,0.04999999999999982,0.04600000000000026,0.24399999999999977,0.6065573770491796,0.46170736937291984,0.5382926306270802,0.019350179222842653,0,5,2,1,False,False,bubble
2025-02-16,5.022,5.047,4.826,9.922197335895666,3661323.85,1739750399999,18041643.15161,75461.0,1664341.27,8203732.80711,0,-0.0944773274352575,-0.09924296324795534,10.224372642593481,0.7432837585753269,8.955516286217772,-0.00038824697707084965,10.236695896601963,-0.10127036130566935,12.250539093186337,-0.04112743443786293,14.026773501626314,-0.004857747445548455,11.15184780714269,0.013410535899639697,0.6542123116597208,0.5247562386256392,0.41086740089731133,6.499,3.78,2.258991296761922,45.46922611564385,-0.8409457063666519,-1.05427773630678,0.213332029940128,10.236695896601963,15.833551024052959,4.639840769150969,0.4719039930867808,7424317.925999999,0.49315289114681166,-103526.08257666281,0.14200000000000035,0.024999999999999467,0.05400000000000027,0.22100000000000009,0.6425339366515851,0.4545736291532911,0.5454263708467089,0.02061030465797228,0,6,2,1,False,False,bubble
2025-02-17,4.88,5.07,4.776,7.594285136710279,6062988.09,1739836799999,29747663.84043,108434.0,3002655.01,14736639.68334,0,-0.2346165995674837,-0.26737839366689703,9.256338752944291,-0.96803388964919,9.103359764096524,0.14784347787875163,10.018174520971943,-0.2185213756300204,12.162195641892037,-0.08834345129429977,14.048007815411404,0.02123431378509011,11.125003276080578,-0.026844531062112154,0.6419366059157683,0.5297396679010029,0.4130120630215853,6.499,3.78,1.402826457046811,48.023436014532614,-0.9625772860323174,-1.0359376462518874,0.07336036021957004,10.018174520971943,15.671938998652806,4.36441004329108,0.2856393387246361,7050970.363,0.8598799566390972,12424.155922130993,0.009999999999999787,0.1800000000000006,0.10400000000000009,0.2940000000000005,0.03401360544217609,0.49524342872327826,0.5047565712767218,0.01788458073649292,0,0,2,1,False,False,bubble
2025-02-18,4.89,4.918,4.56,5.7465938336520885,7479844.27,1739923199999,35401333.72014,142732.0,3797910.22,17986260.19988,0,-0.24330022771025162,-0.2787887062071083,9.202353328124442,-0.05398542481984947,8.70087267022686,-0.40248709386966475,9.871593524163439,-0.14658099680850434,12.024696836871694,-0.13749880502034273,13.958355543881012,-0.08965227153039201,11.125852375782447,0.0008490997018686386,0.6358977268346264,0.5286510829795764,0.41529286599267873,6.499,3.78,0.7232783500007682,43.46387490781648,-1.1942973195068394,-1.0676095809028778,-0.12668773860396154,9.871593524163439,15.816165353892028,3.927021694434849,0.15304484421549291,7333950.961,1.019892866720247,-185084.08111860888,0.12099999999999955,0.02800000000000047,0.20900000000000052,0.35800000000000054,0.3379888268156407,0.5077525791857161,0.4922474208142838,0.019082215464360196,0,1,2,1,False,False,bubble
2025-02-19,4.77,4.908,4.699,6.17398333840208,4658637.52,1740009599999,22463306.77473,98660.0,2408992.88,11621817.13488,0,0.07437266616046467,0.07173692487614458,8.078897053825184,-1.123456274299258,8.775454276715617,0.07458160648875811,9.373446642296972,-0.4981468818664663,11.870504047506984,-0.1541927893647106,13.873596502557033,-0.08475904132397893,11.121782061861513,-0.004070313920934154,0.6076291719400517,0.49673635092256885,0.41525603393151733,6.499,3.78,0.8804646334689521,44.486033936590175,-1.3281403787503336,-1.119715740472369,-0.20842463827796465,9.373446642296972,14.750007357231103,3.9968859273628414,0.20246190143375986,7095918.278999999,0.6565235585909994,114292.4281484589,0.11600000000000055,0.02200000000000024,0.07099999999999973,0.20900000000000052,0.5550239234449773,0.5171024510187692,0.4828975489812309,0.021177865755050203,0,2,2,1,False,False,bubble
2025-02-20,4.886,5.069,4.881,11.343652539815125,6201014.48,1740095999999,30896537.28438,115087.0,2938549.29,14644507.02837,0,0.8373312524602685,0.6083141124919543,8.156142436895047,0.0772453830698634,8.818615660456603,0.043161383740985215,9.453651729350668,0.08020508705369522,11.780220475468978,-0.09028357203800574,13.847195876335311,-0.026400626221722234,11.114272678198175,-0.007509383663338198,0.5822213451200241,0.5144962667732292,0.42953450468998733,6.492,3.78,2.788957426185518,51.36141815732374,-1.0054724076318013,-1.0968670739042554,0.09139466627245407,9.453651729350668,14.900605416494674,4.0066980422066605,0.6734915439913938,7010481.608,0.884534733380332,204331.42269340865,0.1609999999999996,0.02200000000000024,0.004999999999999893,0.18799999999999972,0.8563829787234033,0.4738820235749554,0.5261179764250445,0.018559382560899937,0,3,2,1,False,False,bubble
2025-02-21,5.047,5.339,4.952,13.650538811795162,11452215.06,1740182399999,59144646.00061,201261.0,5216111.63,26935241.19565,0,0.20336362242082862,0.18512065434673408,8.901810732074946,0.7456682951798985,9.563091687334214,0.7444760268776118,9.590422319495449,0.13677059014478132,11.693459386597008,-0.08676108887197032,13.839725386462026,-0.007470489873284691,11.153240664236723,0.03896798603854812,0.5480103521048311,0.5148932471588359,0.4298510494518609,6.048,3.78,4.352089423190106,57.45138011997326,-0.5571863754279125,-0.9889309342089869,0.43174455878107443,9.590422319495449,15.321832057632747,3.859012581358151,0.8541987641612276,7189274.053,1.5929584789191789,31767.586851594995,0.014000000000000234,0.27800000000000047,0.09499999999999975,0.38700000000000045,0.03617571059431581,0.4554674884004492,0.5445325115995509,0.017573980137952454,0,4,2,1,False,False,bubble
2025-02-22,5.062,5.216,5.025,9.819066083601019,5842036.36,1740268799999,29810432.46009,99472.0,2817311.98,14375794.34331,0,-0.2806828932557185,-0.32945297990270356,9.346766921453096,0.44495618937814996,9.301552837198694,-0.2615388501355209,9.34907730896256,-0.24134501053288915,11.631901896166307,-0.06155749043070102,13.829989308719043,-0.009736077742983795,11.165745939301232,0.012505275064508936,0.48330931068488825,0.519392068956082,0.42981118583170963,5.378,3.78,3.779140227535055,50.0469118283231,-0.5052599709596937,-0.8921967415591283,0.38693677059943465,9.34907730896256,14.567704439245357,4.130450178679761,0.5450299248159728,6251680.92,0.9344744933015552,-20777.841232957842,0.019000000000000128,0.15399999999999991,0.017999999999999794,0.19099999999999984,0.09947643979057667,0.4822482789203318,0.5177517210796683,0.01702693955845218,0,5,2,1,False,False,bubble
2025-02-23,5.043,5.135,4.905,7.0178955823206275,3679542.01,1740355199999,18479372.25974,73707.0,1746792.84,8775724.73937,0,-0.2852787095463867,-0.3358626158426665,9.601027271186803,0.25426034973370726,9.401690299655623,0.10013746245692978,9.222700148930825,-0.12637716003173516,11.550449802334604,-0.08145209383170204,13.783673191087653,-0.046316117631389986,11.177345715128611,0.011599775827379588,0.45736278265795377,0.5168052336629058,0.4317664527062009,5.378,4.441,2.7501553706730277,51.61581584652689,-0.6822741388322058,-0.8502122210137438,0.16793808218153805,9.222700148930825,14.54273685291965,3.9026634449419992,0.29278295533590104,5981766.019,0.615126368753408,-65667.01980963688,0.08999999999999986,0.09199999999999964,0.04800000000000004,0.22999999999999954,0.39130434782608714,0.4747310494764538,0.5252689505235463,0.02003156909193707,0,6,2,1,False,False,bubble
2025-02-24,4.953,4.981,4.336,5.578903152135402,9862579.39,1740441599999,45790466.25867,181286.0,4949971.68,23004489.46032,0,-0.20504614429007928,-0.22947120914454813,9.482011233933466,-0.11901603725333665,8.780454143879325,-0.6212361557762982,8.896367258084268,-0.32633289084655637,11.343943137552484,-0.2065066647821201,13.725386236683478,-0.058286954404174196,11.157707289423978,-0.019638425704632922,0.3447134146232786,0.5190054855000837,0.4302295904532346,5.378,4.336,1.1928053283449158,44.093701286782384,-0.9279766677632537,-0.8657651103636459,-0.06221155739960782,8.896367258084268,14.272234619359406,3.52049989680913,0.19144847863564346,6308851.433,1.5632923828910206,-1069292.3748092067,0.5369999999999999,0.02799999999999958,0.08000000000000007,0.6449999999999996,0.8325581395348841,0.5018942291120051,0.4981057708879949,0.018381195509950668,0,0,2,1,False,False,bubble
2025-02-25,4.416,4.758,4.138,10.637393505985187,19174046.17,1740527999999,84262017.17944,290984.0,9688429.11,42590713.52638,0,0.9067177213702979,0.6453832933075648,9.340759427167479,-0.1412518067659878,8.748450932031265,-0.03200321184806043,8.852177732613052,-0.04418952547121613,11.29101894704116,-0.05292419051132491,13.69167026122017,-0.03371597546330918,11.150064676641167,-0.007642612782811753,0.45332168803248846,0.5509358251033615,0.4453607661475048,5.378,4.138,5.241446375794506,54.86989635384259,-0.7063771204048255,-0.8338875123718819,0.12751039196705638,8.852177732613052,14.151178970418016,3.5531764948080884,0.668448325755783,7807422.720000001,2.4558739622081074,972596.5448550683,0.2239999999999993,0.11800000000000033,0.27800000000000047,0.6200000000000001,0.361290322580644,0.5052887128830773,0.4947112871169227,0.015175930913073418,0,1,2,1,False,False,bubble
2025-02-26,4.64,4.931,4.591,5.097660082471777,12186062.66,1740614399999,58110608.18479,219023.0,5954542.11,28409154.418,0,-0.5207792134789833,-0.7355938555736445,7.630183681302803,-1.7105757458646753,8.265997206688876,-0.4824537253423884,8.610756746453324,-0.24142098615972785,11.047749085050059,-0.24326986199110046,13.580162526382633,-0.11150773483753618,11.141954454610001,-0.008110222031165293,0.4889280668259131,0.5665409479918505,0.4521207243322193,5.378,4.138,0.7739194213482075,41.813651217154316,-0.9666254162828558,-0.8604350931540767,-0.10619032312877907,8.610756746453324,14.138765283526395,3.082748209380254,0.18224572733369584,8659896.601,1.4071833904567426,299398.95328448317,0.11399999999999988,0.1770000000000005,0.04899999999999949,0.33999999999999986,0.33529411764705863,0.4886354416628283,0.5113645583371716,0.01797323763309781,0,2,2,1,False,False,bubble
2025-02-27,4.755,5.183,4.714,8.814016822434143,13238904.52,1740700799999,66072774.30909,208649.0,6468368.43,32259093.5922,0,0.7290318851861071,0.547561647934298,7.429173829069427,-0.2010098522333763,8.387970375261261,0.12197316857238505,8.745665069678893,0.13490832322556834,10.90983132272534,-0.13791776232471875,13.60354319262969,0.023380666247057036,11.12975417501179,-0.012200279598211239,0.5256163583176868,0.571751840324971,0.46123464887307997,5.378,4.138,3.7709813084146306,53.32168611607995,-0.8630464732127141,-0.8609573691658042,-0.002089104046909873,8.745665069678893,14.147563838985498,3.3437663003722884,0.5063266413972455,9377488.243999999,1.4117751124316953,501262.6869162834,0.17900000000000027,0.24899999999999967,0.04099999999999948,0.4689999999999994,0.38166311300639766,0.4885878903521241,0.5114121096478759,0.015760291924818565,0,3,2,1,False,False,bubble
2025-02-28,4.934,4.935,4.454,9.319053249713255,14950436.65,1740787199999,69431164.52674,282803.0,7083467.46,32889179.01789,0,0.05729923568941375,0.05571776586703848,7.8894053625479525,0.46023153347852563,8.745216316867378,0.35724594160611645,8.723044493547118,-0.02262057613177504,10.954414054911583,0.044582732186242424,13.535297728337168,-0.06824546429252187,11.138516463472394,0.008762288460603784,0.5108180420077352,0.5621570132356428,0.45228645611260343,5.378,4.138,4.178268749768753,46.64465216134018,-0.7317717860305066,-0.8351202525387448,0.10334846650823815,8.723044493547118,14.110626690383741,3.335462296710494,0.5553131937844114,10124547.482,1.4766523320256773,-672678.7467166607,0.22200000000000042,0.0009999999999994458,0.258,0.48099999999999987,0.4615384615384625,0.4737966940918745,0.5262033059081255,0.018916036141325678,0,4,2,1,False,False,bubble
2025-03-01,4.713,4.819,4.525,10.319489742292948,6300022.18,1740873599999,29319655.79143,117188.0,3006941.46,13998901.40347,0,0.1073538765979769,0.10197327436593726,8.837522680579463,0.9481173180315103,9.159766957256464,0.41455064038908596,8.96761061698604,0.24456612343892203,10.942345255654283,-0.012068799257299645,13.484880678207817,-0.05041705012935083,11.130546292971188,-0.007970170501206297,0.5103700572170391,0.5461654766303349,0.4476195689378036,5.378,4.138,4.985072372816893,49.13807510762275,-0.5407750683340371,-0.7762512156978033,0.2354761473637662,8.96761061698604,14.166190765630096,3.769030468341983,0.6300238802377144,10288685.948,0.6123252485148164,-64176.79640067902,0.04900000000000038,0.10599999999999987,0.13899999999999935,0.2939999999999996,0.16666666666666818,0.47729061487208924,0.5227093851279108,0.01860120435322023,0,5,3,1,False,False,bubble
2025-03-02,4.663,5.23,4.568,6.769986860353048,14370599.81,1740959999999,71023839.18815,273565.0,7007984.36,34635346.34633,0,-0.34396108437346196,-0.421535169196134,8.064041351453033,-0.7734813291264295,8.702400389310258,-0.457366567946206,8.76050802488343,-0.2071025921026095,10.76656857259952,-0.1757766830547638,13.446942344269086,-0.03793833393873136,11.109890243007133,-0.0206560499640549,0.4699854082968831,0.5171187336530735,0.44881839276090035,5.378,4.138,2.1225700486718124,46.01195418036359,-0.6681223135034173,-0.7546254352589262,0.0865031217555089,8.76050802488343,13.962952568550012,3.5580634812168475,0.30869366815705634,11105644.481,1.293990622028809,1666915.6297620074,0.5419999999999998,0.025000000000000355,0.09500000000000064,0.6620000000000008,0.8187311178247721,0.4876612286651659,0.5123387713348341,0.01903643575194653,0,6,3,1,False,False,bubble
2025-03-03,5.205,5.25,4.435,12.514740753039765,14498771.22,1741046399999,70039849.52499,314155.0,7026989.45,33970639.75541,0,0.8485620446813,0.614408063711597,9.547457485566632,1.4834161341135985,8.588820583434718,-0.11357980587554017,9.075956135384466,0.3154481105010358,10.827612932062697,0.06104435946317821,13.41963468727381,-0.027307656995276375,11.121566847811556,0.011676604804423008,0.5351594021741984,0.5292223449753026,0.45715353311987494,5.378,4.138,6.7554360911611,55.7297772366804,-0.3020109008889946,-0.66410252838494,0.36209162749594537,9.075956135384466,14.390053757161333,3.7618585136076,0.8235530152441457,11410300.097,1.27067396096024,-2039020.2753198852,0.7320000000000002,0.04499999999999993,0.038000000000000256,0.8150000000000004,0.8981595092024538,0.4846610339162245,0.5153389660837755,0.021667698264432645,0,0,3,1,False,False,bubble
2025-03-04,4.474,4.515,4.017,9.670648870994755,16361521.68,1741132799999,69736115.41545,304317.0,8285163.52,35304394.001,0,-0.22725935264413644,-0.25781180110900515,9.718783895278753,0.17132640971212076,8.57397886217409,-0.014841721260626883,8.937765849686391,-0.1381902856980748,10.803714375522006,-0.02389855654069173,13.284828341495611,-0.13480634577819828,11.136294404288364,0.014727556476808346,0.5311740524583265,0.4947578792536137,0.45928362755287444,5.378,4.017,4.15404031667506,54.46585398518286,-0.2386088798768533,-0.5790037986833226,0.3403949188064693,8.937765849686391,14.022945053654151,3.852586645718631,0.5720606877272413,12462248.629,1.312886796522923,-523071.22741783934,0.14400000000000013,0.04099999999999948,0.3129999999999997,0.49799999999999933,0.28915662650602475,0.5063809883971623,0.49361901160283767,0.01859955363271566,0,1,3,1,False,False,bubble
2025-03-05,4.33,4.549,4.278,4.616850283371487,7554050.49,1741219199999,33242894.90277,110871.0,3720179.1,16380477.1452,0,-0.5225914677536438,-0.7393826929154645,8.778343302010402,-0.9404405932683506,8.333874332279176,-0.24010452989491426,8.8677823159674,-0.06998353371899135,10.726582598885352,-0.07713177663665327,13.164472255588977,-0.12035608590663394,11.120792016537871,-0.01550238775049273,0.5553802000989377,0.4951723507294824,0.4653243010352084,5.378,4.017,0.44074230960432503,48.39670460137781,-0.5893677663600574,-0.5810765922186696,-0.008291174141387803,8.8677823159674,14.156681545006993,3.5788830869278057,0.0981269590791735,12849699.477,0.5878776000575877,341938.5441200926,0.19599999999999973,0.023000000000000576,0.05200000000000049,0.2710000000000008,0.7232472324723216,0.4924747464853124,0.5075252535146876,0.014677026602717346,0,2,3,1,False,False,bubble
2025-03-06,4.525,4.664,4.343,6.171947859541841,7174387.38,1741305599999,32228062.56605,111294.0,3522888.29,15830565.29966,0,0.33683084369691385,0.29030177081632275,7.9488349254601784,-0.8295083765502236,8.393178803019818,0.059304470740642046,8.586816473449574,-0.2809658425178263,10.538435468193256,-0.1881471306920961,13.072091620061487,-0.09238063552749054,11.125366953021835,0.004574936483964009,0.550574834076582,0.45521120325894177,0.453856638645261,5.339,4.017,1.6300664595626628,44.24673455897274,-0.7334090500770714,-0.6115430837903499,-0.12186596628672142,8.586816473449574,13.818523441071157,3.3551095058279907,0.2692083454928697,12580880.276,0.5702611599989762,-150589.21809544822,0.0940000000000003,0.13899999999999935,0.08800000000000008,0.32099999999999973,0.2928348909657333,0.49103680961258606,0.5089631903874139,0.015512683397923796,0,3,3,1,False,False,bubble
2025-03-07,4.431,4.677,4.213,11.79011441711475,12234991.06,1741391999999,55005773.6129,184724.0,6009886.5,27023360.07116,0,0.9102744685192401,0.6472469325299819,8.95286043681252,1.0040255113523413,8.508450894132775,0.11527209111295633,8.62845091308202,0.041634439632446174,10.520272257927868,-0.018163210265388585,12.988398326222935,-0.08369329383855195,11.157451690922011,0.03208473790017585,0.5511281099789535,0.49243924687115936,0.4676192269912397,5.339,4.017,5.879814233823563,48.07238274122089,-0.3897311389939624,-0.5671806948310725,0.17744955583711008,8.62845091308202,13.952038167522069,3.3048636586419713,0.7969485943332476,11886974.765,1.0292771122914048,-49702.06253215874,0.017999999999999794,0.24599999999999955,0.20000000000000018,0.4639999999999995,0.03879310344827546,0.491204813352761,0.508795186647239,0.015098008579991556,0,4,3,1,False,False,bubble
2025-03-08,4.412,4.446,4.26,6.117861352312195,4166889.83,1741478399999,18123616.9715,71908.0,2023047.77,8802822.18579,0,-0.4811024612762542,-0.6560488358770719,7.673484556667006,-1.2793758801455137,8.610471021116819,0.10202012698404417,8.438234113902848,-0.1902167991791721,10.228154297966354,-0.292117959961514,12.890589251455008,-0.09780907476792677,11.15208963466786,-0.005362056254151426,0.545981450121177,0.5079303318842584,0.4677815068270443,5.339,4.017,1.5891538217187553,46.306026650891894,-0.5685138618162995,-0.5674473282281179,-0.0010665335881815396,8.438234113902848,13.83849516970917,3.037973058096526,0.2851610563256192,11085057.482,0.37590150856377846,-117084.59980058977,0.12300000000000022,0.03399999999999981,0.028999999999999915,0.18599999999999994,0.6612903225806466,0.4855054615158856,0.5144945384841144,0.017256995729114346,0,5,3,1,False,False,bubble
2025-03-09,4.289,4.353,3.978,9.590566497944733,8567666.17,1741564799999,35586918.80742,119722.0,3823823.03,15895777.00169,0,0.5676338422282254,0.4495673756713109,7.657468082057003,-0.01601647461000333,8.688125988667878,0.07765496755105872,8.53804818196457,0.09981406806172188,10.096974899359195,-0.13117939860715921,12.887980135909142,-0.0026091155458658477,11.139174161199305,-0.012915473468554595,0.5287968477723383,0.5131511300345474,0.47113686150721973,5.339,3.978,4.123854884603037,52.533681836323,-0.42508209330110347,-0.5389742812427151,0.1138921879416116,8.53804818196457,13.946418995515378,3.129677368413761,0.5973045628956369,10617933.647,0.8069052279697299,-539349.46745162,0.2699999999999996,0.06400000000000006,0.040999999999999925,0.37499999999999956,0.7199999999999998,0.44630859257673433,0.5536914074232657,0.013973700378197625,0,6,3,1,False,False,bubble
2025-03-10,4.019,4.285,3.775,5.8621066573949525,11244883.73,1741651199999,45402780.00654,170281.0,5286741.07,21392965.67189,0,-0.38876325411525925,-0.49227092205229445,7.906519356861693,0.2490512748046907,8.342431329436048,-0.34569465923182996,8.543823823151712,0.005775641187142355,9.884881770545187,-0.21209312881400777,12.773750253376134,-0.11422988253300836,11.101361922796723,-0.037812238402581855,0.5534114674107192,0.5196128583852281,0.4757827316165673,5.339,3.775,1.3344671722474117,50.26687661891946,-0.6052895315361777,-0.5522373313014076,-0.053052200234770086,8.543823823151712,13.939875675614232,3.147771970689191,0.25151117529264094,10247378.355,1.0973424948746318,-422487.54496889905,0.15100000000000025,0.266,0.09299999999999997,0.5100000000000002,0.29607843137254936,0.47014635250479375,0.5298536474952062,0.015142975604604139,0,0,3,1,False,False,bubble
2025-03-11,3.87,4.123,3.65,4.397565771665719,11221604.68,1741737599999,43769628.43574,165697.0,5484689.48,21428080.34347,0,-0.24983183884614912,-0.2874578827123775,7.551642939286469,-0.35487641757522415,7.750238932373326,-0.5921923970627221,8.455002944814895,-0.08882087833681673,9.664265535573241,-0.2206162349719456,12.58086760777856,-0.1928826455975745,11.059515628192134,-0.04184629460458922,0.5629445762798829,0.5260030423769934,0.477620540178201,5.339,3.65,0.44260850897911125,43.6926754918457,-0.8564092813621569,-0.6130717213135575,-0.2433375600485994,8.455002944814895,14.069365410594557,2.8406404790352333,0.13865557328371358,10739536.605,1.0448872323574523,504798.1422750782,0.1719999999999997,0.0810000000000004,0.2200000000000002,0.4730000000000003,0.36363636363636276,0.4887616019636864,0.5112383980363135,0.014765891753014418,0,1,3,1,False,False,bubble
2025-03-12,4.044,4.097,3.847,10.010179025334992,9411906.66,1741823999999,37514123.4441,120929.0,5073984.08,20230465.01191,0,1.2763000134829854,0.8225513236944081,7.1956558609305175,-0.3559870783559518,8.074258148871518,0.32401921649819254,8.388329269090889,-0.06667367572400629,9.657126173159597,-0.0071393624136444345,12.491790160842744,-0.08907744693581598,11.06466696825846,0.005151340066326782,0.6628650982471104,0.5660264956335288,0.5034225907735341,5.339,3.65,3.765647735544695,54.95835264288823,-0.5956660419717181,-0.6095905854451896,0.013924543473471496,8.388329269090889,13.888768133677765,2.887890404504012,0.6474291230365231,10243667.290000001,0.918802455560815,-172311.0076298858,0.07599999999999962,0.053000000000000824,0.121,0.25000000000000044,0.30399999999999794,0.53910267741648,0.46089732258351995,0.012848512460704746,0,2,3,1,False,False,bubble
2025-03-13,3.968,4.109,3.826,10.697117625720056,7535359.95,1741910399999,29891231.34995,95434.0,3817995.57,15142218.87259,0,0.06862400748742603,0.06637184658846483,8.11150711561209,0.9158512546815727,7.892495836139548,-0.18176231273197008,8.240658209787131,-0.14767105930375735,9.631266892413713,-0.02585928074588395,12.380480103108447,-0.11131005773429692,11.084879876176446,0.020212907917985135,0.623719596210989,0.5658077184685752,0.5033874884639385,5.25,3.65,4.404448516075035,52.02447407580492,-0.3297932903733152,-0.5536311264308148,0.22383783605749963,8.240658209787131,13.28600940321335,3.1953070163609123,0.7434379017196602,9547326.163,0.7892639071243596,24687.419191027526,0.0129999999999999,0.1280000000000001,0.1419999999999999,0.2829999999999999,0.045936395759716975,0.5066772649659556,0.49332273503404445,0.012664822998933182,0,3,3,1,False,False,bubble
2025-03-14,3.98,4.228,3.969,4.573330360036881,7564082.21,1741996799999,31249570.66996,92817.0,3931627.44,16244229.47302,0,-0.572470779507855,-0.8497326409128062,7.10805988803052,-1.00344722758157,7.382763985043761,-0.5097318510957871,7.978371423608925,-0.26228678617820655,9.452290984022829,-0.17897590839088373,12.190380700867777,-0.19009940224066924,11.062994073032362,-0.021885803144083837,0.6544265151531761,0.5801324909076067,0.5123134677108595,5.25,3.65,0.5770814750230504,45.44793523098688,-0.6062373461797979,-0.5641523703806115,-0.04208497579918635,7.978371423608925,13.219825342757439,2.7369175044604104,0.1751816274552691,8667582.216,0.8726865256653713,391409.42860085535,0.2070000000000003,0.04099999999999948,0.01100000000000012,0.2589999999999999,0.7992277992278007,0.519775873773852,0.48022412622614796,0.012270755053044301,0,4,3,1,False,False,bubble
2025-03-15,4.187,4.429,4.186,5.230704141754887,4603294.28,1742083199999,19892249.77856,72994.0,2229183.01,9625657.84484,0,0.1437407162758968,0.13430422065740297,6.981779384902507,-0.12628050312801342,7.4441493708821,0.061385385838338635,7.889011851580638,-0.08935957202828693,9.260291364066598,-0.19199961995623127,12.061341154831041,-0.1290395460367364,11.03683044428644,-0.026163628745921486,0.6174951516904942,0.5730020607883306,0.5123732131743461,5.25,3.65,0.9879400885968045,45.08653500797584,-0.7634758079289696,-0.6040170578902831,-0.15945875003868648,7.889011851580638,13.258779956422849,2.519243746738426,0.25247462665765674,8372506.595000001,0.5498107678707657,178106.91983759232,0.16199999999999992,0.08000000000000007,0.001000000000000334,0.24300000000000033,0.6666666666666654,0.48425820171548967,0.5157417982845104,0.015856904981534223,0,5,3,1,False,False,bubble
2025-03-16,4.35,4.366,4.183,7.8018626072027555,4860914.03,1742169599999,20839179.10875,81076.0,2284152.7,9793276.07697,0,0.49155111735783463,0.3998165968344805,7.662638752009914,0.6808593671074075,7.607140845648192,0.1629914747660921,8.000159824334007,0.1111479727533693,9.18848343563766,-0.07180792842893702,11.91518438108725,-0.14615677374379032,11.026414707064863,-0.01041573722157807,0.6242878473697397,0.5732457500819611,0.5133469517741235,5.25,3.65,2.594914129501722,51.01551101433395,-0.6728610977203262,-0.6177858658562918,-0.0550752318640344,8.000159824334007,13.259484585366755,2.74083506330126,0.48114803457275823,8141159.26,0.5970788526252219,-57003.13072660419,0.0519999999999996,0.016000000000000014,0.11500000000000021,0.18299999999999983,0.28415300546447897,0.46990189209332717,0.5300981079066729,0.016679167642057638,0,6,3,1,False,False,bubble
2025-03-17,4.298,4.468,4.298,5.168729452652444,4964214.66,1742255999999,21822005.2642,85102.0,2491777.46,10954333.81902,0,-0.3375005799409204,-0.4117355965046643,6.694348837473404,-0.96828991453651,6.945002349201961,-0.6621384964462305,7.726726621667369,-0.27343320266663795,8.975567338236253,-0.2129160974014077,11.805326609996273,-0.10985777109097761,11.014748528303274,-0.011666178761588597,0.5848013668760195,0.554802003297821,0.5153814980502931,5.25,3.65,0.9492059079077777,42.29882887141066,-0.8042492419629204,-0.6550785410776175,-0.14917070088530282,7.726726621667369,12.977371546590351,2.476081696744388,0.25641114514590346,7414081.619999999,0.6695656878943289,83160.41310376876,0.07200000000000006,0.09799999999999986,0.0,0.16999999999999993,0.42352941176470643,0.5019479677375595,0.4980520322624405,0.017143094291575216,0,0,3,1,False,False,bubble
2025-03-18,4.372,4.487,4.232,11.84142234960514,4943541.34,1742342399999,21364537.492,85313.0,2416714.32,10450653.11308,0,1.2909735280356878,0.8289768486406068,6.923209782250422,0.22886094477701757,7.517358448931256,0.5723560997292951,8.063914735024037,0.33718811335666743,8.973443693988175,-0.0021236442480780937,11.708270942502857,-0.09705566749341621,11.050329940766483,0.035581412463209006,0.667949627522469,0.5954487456924086,0.5402648079880749,5.25,3.65,5.119638968503211,52.106617738271744,-0.36572884761587243,-0.5972086023852686,0.2314797547693962,8.063914735024037,13.467594888330929,2.6602345817171438,0.8495310147353354,7491746.771,0.6598649809061999,90499.61263157865,0.07800000000000029,0.03699999999999992,0.13999999999999968,0.2549999999999999,0.3058823529411777,0.48886297368355774,0.5111370263164422,0.017257466688849414,0,1,3,1,False,False,bubble
2025-03-19,4.45,4.596,4.438,4.6893442868981,7492558.96,1742428799999,33867600.18981,121492.0,3719443.75,16812531.28188,0,-0.6039880895681025,-0.9263109913317297,6.946412567622664,0.023202785372242296,7.027236227826592,-0.49012222110466475,7.857681108247235,-0.20623362677680213,8.827936326739923,-0.14550736724825164,11.593746732528059,-0.11452420997479784,11.02826264445267,-0.022067296313812435,0.7037516130132468,0.6058893067177283,0.5496664720436257,5.25,3.65,0.6495901793113126,50.067598520621445,-0.5885270297238359,-0.5954722878529821,0.006945258129146259,7.857681108247235,13.452289087325905,2.263073129168565,0.2168401402567171,7384236.05,1.014669480941092,148167.45808539382,0.08800000000000008,0.05799999999999983,0.012000000000000455,0.15800000000000036,0.5569620253164549,0.4964183491723901,0.5035816508276099,0.0162150208825317,0,2,3,1,False,False,bubble
2025-03-20,4.538,4.567,4.327,11.582128732368236,4472127.93,1742515199999,19766437.71043,76918.0,2135342.66,9435121.95817,0,1.4698823596144108,0.9041705218191782,8.216697485745335,1.2702849181226714,7.5992384353239215,0.5720022074973299,7.970834882379985,0.1131537741327504,8.886014625990844,0.058078299250921006,11.493146018599322,-0.1006007139287366,11.050802156832217,0.022539512379546878,0.7962082906562868,0.676578769859995,0.5794827283505527,5.25,3.65,4.957580457730147,54.588111856808176,-0.20652539863446506,-0.5176829100092788,0.31115751137481373,7.970834882379985,13.777421136026401,2.164248628733568,0.8109653152676785,6706960.47,0.6667890693561819,-136982.32310929932,0.13900000000000023,0.028999999999999915,0.07200000000000006,0.2400000000000002,0.5791666666666672,0.4774779911092571,0.522522008890743,0.01719941853273415,0,3,3,1,False,False,bubble
2025-03-21,4.4,4.586,4.378,11.820062250094276,5759787.32,1742601599999,25824060.86648,98687.0,2760688.02,12377265.70526,0,0.020543159485103546,0.02033499486253779,9.020337414323638,0.8036399285783027,8.341488083166777,0.7422496478428551,8.04586350777005,0.0750286253900656,8.799677451478102,-0.08633717451274237,11.454171053555239,-0.038974965044083376,11.07769673219325,0.026894575361032125,0.7799735144462588,0.6774095232078502,0.5703654018014789,5.25,3.65,5.106288906308922,50.02794764653387,0.1140976459252041,-0.39132679882238225,0.5054244447475864,8.04586350777005,14.016685445541631,2.0750415699984703,0.8160535334715429,6160778.733999999,0.9349122194915045,130934.01500340947,0.09899999999999931,0.08700000000000063,0.02200000000000024,0.20800000000000018,0.4759615384615347,0.47930381221089946,0.5206961877891005,0.01713379236370832,0,4,3,1,False,False,bubble
2025-03-22,4.5,4.547,4.415,11.805950612225251,3327416.15,1742687999999,14884753.97717,60812.0,1646884.68,7366586.29198,0,-0.0011938717047714764,-0.0011945849373238254,10.3477816462382,1.327444231914562,8.521065241855803,0.17957715868902646,8.297661695363661,0.25179818759361083,8.841005447747783,0.04132799626968087,11.403088767349887,-0.051082286205351934,11.104099886807465,0.02640315461421494,0.7081164988735594,0.6675907564304165,0.5657043921654531,5.25,3.65,5.097469132640781,55.93494610809444,0.3628720641869574,-0.24048702622051438,0.6033590904074717,8.297661695363661,14.463496964308614,2.1318264264187095,0.7844942139900777,5552329.683,0.5992828848380183,-39198.27871749277,0.05400000000000027,0.04699999999999971,0.030999999999999694,0.13199999999999967,0.40909090909091217,0.49494400632755237,0.5050559936724476,0.018276042808772208,0,5,3,1,False,False,bubble
2025-03-23,4.446,4.518,4.4,8.183467137841056,2678878.36,1742774399999,11938772.51575,49106.0,1321408.92,5888362.36915,0,-0.3068353911825664,-0.3664877772371112,9.616190603885384,-0.7315910423528162,8.269700193067901,-0.25136504878790156,8.081098014603725,-0.21656368075993626,8.786372250326613,-0.05463319742117001,11.293533043812111,-0.10955572353777576,11.107586274859937,0.0034863880524724777,0.7254229146697772,0.6586277413432058,0.5691205556267337,4.677,3.65,4.414281536359354,48.53640862634519,0.2646724615729319,-0.13945512866182513,0.40412759023475703,8.081098014603725,13.918807185695405,2.2433888435120455,0.5087679190789653,5066681.523999999,0.528724441690407,33742.057615834776,0.05600000000000005,0.016000000000000014,0.045999999999999375,0.11799999999999944,0.47457627118644335,0.49326947416903244,0.5067305258309676,0.018330806181136198,0,6,3,1,False,False,bubble
2025-03-24,4.503,4.773,4.469,6.191672425585958,5907545.08,1742860799999,27545851.99246,114916.0,2762158.45,12875006.40433,0,-0.24339252283972257,-0.2789106842517109,9.916656231622955,0.30046562773757124,8.43153439962281,0.161834206554909,7.907149192333286,-0.1739488222704395,8.617286372953156,-0.16908587737345648,11.256596750469692,-0.036936293342419546,11.10704193939889,-0.0005443354610470408,0.6953717759513615,0.6591163841337194,0.5705824988858138,4.773,3.65,2.263288001412252,50.35564581531005,0.02582963391398252,-0.10639817614666361,0.13222781006064613,7.907149192333286,13.752752542682634,2.0615458419839374,0.3532677754602691,4901027.811000001,1.205368609976247,154840.1420346513,0.11699999999999999,0.15299999999999958,0.03399999999999981,0.3039999999999994,0.38486842105263236,0.4675645149710817,0.5324354850289182,0.019452411863778787,0,0,3,1,False,False,bubble
2025-03-25,4.62,4.721,4.582,6.831294991909562,3866173.71,1742947199999,17997907.50254,62227.0,1880590.72,8755292.00309,0,0.10330368313421756,0.09830902706751851,8.96648948353122,-0.9501667480917355,8.591593484638278,0.16005908501546706,8.017871427760188,0.11072223542690196,8.56300349713224,-0.05428287582091684,11.137889683785245,-0.11870706668444697,11.11561105973994,0.008569120341050507,0.6958034762250145,0.6404228369917665,0.5666913451251099,4.773,3.65,2.832853955395871,52.673927846653804,-0.11056827003133485,-0.10723219492359787,-0.00333607510773698,8.017871427760188,13.682142275015572,2.3536005805048044,0.39525779505886616,4827315.754000001,0.8008951365562568,14226.180318181143,0.01699999999999946,0.08400000000000052,0.038000000000000256,0.13900000000000023,0.1223021582733772,0.4864216822787303,0.5135783177212697,0.016095241618101015,0,1,3,1,False,False,bubble
2025-03-26,4.637,4.767,4.596,9.193139609639058,5629934.83,1743033599999,26385206.37269,82380.0,2799584.18,13113755.54878,0,0.3457389295187332,0.2969432521711337,8.441104955440178,-0.5253845280910419,8.730721184881908,0.13912770024363041,8.16893101526505,0.1510595875048626,8.504755069943691,-0.05824842718854839,11.026260722172312,-0.1116289616129329,11.117390115752665,0.0017790560127242117,0.6902489058977593,0.6405445961782723,0.5672050395918194,4.773,3.65,4.936010338057933,49.033266485798286,-0.02776343016925864,-0.09133844197273003,0.06357501180347139,8.16893101526505,13.786877289158149,2.550984741371951,0.5911550720174703,4904217.834000001,1.147978132408545,69205.58233987572,0.057000000000000384,0.0730000000000004,0.04099999999999948,0.17100000000000026,0.3333333333333351,0.4972675998098543,0.5027324001901456,0.014632496198894722,0,2,3,1,False,False,bubble
2025-03-27,4.695,4.759,4.495,10.51801922684811,5678166.73,1743119999999,26282376.30249,82314.0,2880656.99,13330940.09589,0,0.14411612065805124,0.13463239187813955,8.183518678364749,-0.25758627707542914,9.265650162301474,0.5349289774195665,8.105326255751718,-0.063604759513332,8.484691774172465,-0.020063295771226564,11.035347832327698,0.009087110155386213,11.14562291777389,0.028232802021225467,0.6670244464782168,0.6167355790818814,0.5666669613478111,4.773,3.65,6.115778474486297,49.79123957666552,0.1431169514962729,-0.04444736327892945,0.18756431477520236,8.105326255751718,13.577564448570202,2.6330880629332345,0.7204484605826096,4975613.040999999,1.1411994227064735,-83466.87353429926,0.07000000000000028,0.06400000000000006,0.1299999999999999,0.26400000000000023,0.26515151515151597,0.5073216633073401,0.49267833669266,0.014496580307355645,0,3,3,1,False,False,bubble
2025-03-28,4.623,4.646,4.242,10.244862605994099,5665177.03,1743206399999,24664573.42327,87773.0,2641597.62,11484765.10895,0,-0.02597034811999177,-0.026313532394360434,8.595797771995358,0.4122790936306089,9.105994187940372,-0.1596559743611028,8.311676318435813,0.20635006268409484,8.491067430179019,0.006375656006554209,10.977579860848119,-0.05776797147957957,11.17280695402386,0.027184036249970234,0.5527125885815627,0.6009276038052435,0.5658120875300663,4.773,3.65,5.872540165622529,57.65491289362923,0.25357635824306435,0.015157381025469305,0.23841897721759503,8.311676318435813,13.779603830548822,2.843748806322804,0.6767750471523013,5047776.61,1.122311359575003,-420141.7775762165,0.3410000000000002,0.022999999999999687,0.040000000000000036,0.4039999999999999,0.8440594059405947,0.4662868620012039,0.5337131379987962,0.015493425807383816,0,4,3,1,False,False,bubble
2025-03-29,4.282,4.304,3.996,5.2523064637706085,4478918.92,1743292799999,18416274.9407,60001.0,2056888.73,8450256.30061,0,-0.4873228987280346,-0.6681090642053804,8.407924579632288,-0.1878731923630692,9.162290405627623,0.056296217687251016,8.094763316727107,-0.21691300170870598,8.473796552295976,-0.0172708778830426,10.906850463064032,-0.0707293977840866,11.157272175235173,-0.015534778788687476,0.5374518694475601,0.6094685027947132,0.5679141940664884,4.773,3.65,1.4268089615054398,50.026102225690124,-0.06103771742605879,-8.163866483631467e-05,-0.06095607876122248,8.094763316727107,13.691750426900343,2.497776206553871,0.2460725925391206,4746412.606000001,0.9436429766637106,-242669.124110229,0.2320000000000002,0.02200000000000024,0.053999999999999826,0.3080000000000003,0.7532467532467533,0.45923776847471937,0.5407622315252807,0.013396313054936927,0,5,3,1,False,False,bubble
2025-03-30,4.05,4.173,3.985,11.11571075025488,3302917.68,1743379199999,13489067.99243,49789.0,1635251.3,6683374.76323,0,1.1163484703204007,0.7496921839534687,9.264807731301351,0.8568831516690629,9.115648607416286,-0.046641798211336294,8.357443521370104,0.26268020464299724,8.500681471854097,0.026884919558121112,10.814202000578684,-0.0926484624853483,11.182902508392266,0.025630333157092622,0.4403171460993017,0.6373339203321997,0.5812530228396833,4.773,3.65,6.648006010912629,53.709049126126594,0.160901314147317,0.03211495189759435,0.12878636224972267,8.357443521370104,14.006124917921964,2.7087621248182447,0.7441514253723456,4629491.581,0.7134514929361959,-6524.281837036876,0.008000000000000007,0.12300000000000022,0.05699999999999994,0.18800000000000017,0.0425531914893617,0.49509296277708015,0.5049070372229199,0.015074247929787944,0,6,3,1,False,False,bubble
2025-03-31,4.043,4.093,3.949,4.6094629330615335,4622562.33,1743465599999,18612600.45437,57577.0,2348559.81,9456950.09413,0,-0.5853200000768426,-0.8802481407125314,8.348072395985847,-0.9167353353155043,8.394588675713013,-0.7210599317032731,8.368038379439893,0.01059485806978877,8.484307385045039,-0.016374086809058497,10.686507564281428,-0.12769443629725608,11.167035362550761,-0.015867145841504282,0.4865985796805542,0.6535110590117414,0.5844660572398142,4.773,3.826,0.8273103833807115,49.42397804331399,-0.18606538230659986,-0.011521114943244492,-0.17454426736335538,8.368038379439893,13.986159228343418,2.7499175305363686,0.1654953188563119,4515769.082,1.023648961242434,-25159.913720930497,0.023000000000000576,0.04999999999999982,0.07099999999999973,0.14400000000000013,0.15972222222222607,0.5080644980724359,0.4919355019275641,0.012455646000991836,0,0,3,1,False,False,bubble
2025-04-01,4.021,4.282,4.015,8.432805626808877,4417348.85,1743551999999,18446448.51082,63437.0,2259214.74,9431975.02059,0,0.8294551337693346,0.604018181409992,7.931029675977999,-0.41704272000784837,8.057274177171374,-0.3373144985416392,8.289169709513589,-0.07886866992630459,8.43472272353311,-0.049584661511929085,10.579573403154457,-0.1069341611269703,11.184613142530322,0.017577779979561114,0.5517769392674142,0.6203269622790493,0.579480035580328,4.773,3.826,4.864631073715817,46.27035319867738,-0.15078898507205452,-0.0393746889690065,-0.11141429610304801,8.289169709513589,13.854263030709905,2.7240763883172727,0.5129050771483209,4624762.352,0.9551515329408649,165925.29262437928,0.15000000000000036,0.11099999999999977,0.006000000000000227,0.26700000000000035,0.5617977528089894,0.5114413230007859,0.488558676999214,0.014360876207456427,0,1,4,2,False,False,bubble
2025-04-02,4.171,4.24,3.911,10.897465117523229,6989787.29,1743638399999,28697020.10393,96232.0,3362206.84,13801248.72944,0,0.29227040202123367,0.256400672952539,8.061550178283825,0.1305205023058269,8.32867397513959,0.27139979796821656,8.299187084103746,0.010017374590157502,8.528556455023194,0.09383373149008456,10.501574439932497,-0.07799896322195998,11.193422252864462,0.008809110334139447,0.5363297100709348,0.6209308766588105,0.5741447832896438,4.773,3.911,8.104947932161522,57.56925044700864,0.07517862438603551,-0.016464026297998095,0.0916426506840336,8.299187084103746,13.883219531267066,2.715154636940425,0.7326524834879321,5055853.245,1.3825138807010606,-345216.05891632795,0.2060000000000004,0.06899999999999995,0.053999999999999826,0.3290000000000002,0.6261398176291803,0.4810170468005758,0.5189829531994242,0.01376751480516083,0,2,4,2,False,False,bubble
2025-04-03,3.965,4.111,3.845,4.744123507251172,5063977.24,1743724799999,20124962.32355,75552.0,2376831.91,9459094.74694,0,-0.564658069001517,-0.8316235083952247,7.959913586979939,-0.1016365913038868,8.183919083306112,-0.1447548918334789,8.30772674146446,0.008539657360714159,8.374749833469092,-0.15380662155410185,10.419159857512252,-0.08241458242024535,11.188616230132352,-0.004806022732109838,0.5709457207023858,0.6204519330462224,0.5691578302978522,4.773,3.845,0.9688830897103148,41.5096713333575,-0.23950282001335843,-0.061071785041070165,-0.17843103497228827,8.30772674146446,13.868240679361577,2.7472128035673427,0.1795617029276815,4971496.461,1.0186022015152754,120053.93708953366,0.0940000000000003,0.0519999999999996,0.11999999999999966,0.26599999999999957,0.35338345864661824,0.46936070155007253,0.5306392984499274,0.014919498334870083,0,3,4,2,False,False,bubble
2025-04-04,4.06,4.131,3.946,10.801274058425832,4789003.5,1743811199999,19400131.17652,69545.0,2426275.88,9831751.06859,0,1.2767691528090674,0.8227573997765444,7.897026248614128,-0.06288733836581084,8.580916989957739,0.3969979066516274,8.586255237298008,0.2785284958335481,8.470444895482585,0.0956950620134922,10.40843438243048,-0.010725475081772018,11.218495452334864,0.029879222202511713,0.6783529367832547,0.6692194465041791,0.5848602299817726,4.773,3.845,7.495984976751978,48.894750237954895,-0.00012723738341335888,-0.048882875509538806,0.04875563812612545,8.586255237298008,14.055112428364518,3.1173980462314983,0.7025120371351169,5063779.44,0.9457369849426143,-28316.354767183802,0.024999999999999467,0.07100000000000062,0.08899999999999997,0.18500000000000005,0.13513513513513223,0.5066348103525086,0.49336518964749143,0.014521810226281939,0,4,4,2,False,False,bubble
2025-04-05,4.034,4.069,3.897,9.570817504228788,2096452.45,1743897599999,8312692.42919,33727.0,1001927.67,3971374.27352,0,-0.11391772373715414,-0.12094547008937152,8.88929716284758,0.992270914233452,8.618684779416713,0.03776778945897341,8.67470298214931,0.08844774485130102,8.426035951369192,-0.04440894411339258,10.327592646510336,-0.08084173592014388,11.238240341982458,0.01974488964759402,0.6854867101396126,0.6695662571595319,0.5741568016957669,4.773,3.845,6.170061965763783,47.63752678648957,0.08926310636374346,-0.021253679134882356,0.11051678549862581,8.67470298214931,14.14736280165707,3.202043162641547,0.5818719371963522,4710431.202,0.4450659313546217,-41045.78526641903,0.07799999999999985,0.03500000000000014,0.05900000000000016,0.17200000000000015,0.45348837209302195,0.477915761933928,0.522084238066072,0.016087653216270183,0,5,4,2,False,False,bubble
2025-04-06,3.955,3.976,3.601,10.077897827580287,6022544.15,1743983999999,22780191.53283,109315.0,2744278.79,10377112.11244,0,0.05298192376225441,0.05162606658688167,9.21831560300186,0.3290184401542806,8.574672639489929,-0.04401213992678343,8.920161400895703,0.2454584187463933,8.408445395431482,-0.017590555937710306,10.350055961527842,0.022463315017505536,11.257317468586988,0.019077126604530648,0.6867422349794642,0.6592663269174325,0.5735442070557217,4.773,3.601,5.526363334112874,52.14352852786963,0.19873188459409974,0.022743433610914066,0.17598845098318566,8.920161400895703,14.1664058682477,3.6739169335437056,0.610339542303958,4744868.944,1.2692751309002224,-415610.35211071814,0.27200000000000024,0.020999999999999908,0.08199999999999985,0.375,0.7253333333333339,0.45566769153531234,0.5443323084646876,0.018150966979627703,0,6,4,2,False,False,bubble
2025-04-07,3.685,3.735,3.282,6.200945957435435,15127726.43,1744070399999,53106083.73806,235409.0,7673125.69,26915823.81251,0,-0.3846984695096588,-0.4856428378499656,8.279011770984303,-0.9393038320175577,8.170280974634064,-0.404391664855865,8.638137581287218,-0.28202381960848477,8.334020367862278,-0.07442502756920355,10.292279730524307,-0.05777623100353502,11.244834533091412,-0.012482935495576442,0.7076921995280999,0.6186106846601644,0.5773351231788565,4.773,3.282,1.9577102330217542,50.01006358468294,-0.0270392432950306,0.012786898229725133,-0.039826141524755734,8.638137581287218,13.829309301860292,3.446965860714145,0.26525611605247257,5691123.884000001,2.658126362796287,-369670.20871572045,0.09200000000000008,0.04999999999999982,0.31099999999999994,0.45299999999999985,0.20309050772626958,0.5072226633331576,0.49277733666684237,0.015561426304825108,0,0,4,2,False,False,bubble
2025-04-08,3.592,3.706,3.342,5.4612110549046395,5407861.13,1744156799999,19214035.31453,99875.0,2680667.41,9528865.19587,0,-0.11929387993517238,-0.12703128410343215,8.422429280514995,0.14341750953069266,8.191171433747467,0.020890459113402926,8.676730919687545,0.03859333840032697,8.291358886226163,-0.04266148163611483,10.226777264059102,-0.06550246646520463,11.249768744918363,0.004934211826951085,0.6802989862532204,0.5980430517523334,0.5760948260125855,4.773,3.282,1.4615768309219583,48.51641617678852,-0.26262750673432667,-0.04229598276308523,-0.22033152397124145,8.676730919687545,13.754533137205874,3.598928702169216,0.18337484141373034,5784018.1049999995,0.9349661484159549,-323598.703854717,0.21399999999999997,0.11399999999999988,0.03600000000000003,0.3639999999999999,0.587912087912088,0.4956982706395791,0.5043017293604208,0.018468484600306295,0,1,4,2,False,False,bubble
2025-04-09,3.377,3.753,3.25,10.363701667318958,11027926.38,1744243199999,38644970.63227,172602.0,5395151.04,18911138.43921,0,0.8976929408379957,0.6406389067194761,8.334914802293621,-0.08751447822137415,8.115970525453875,-0.07520090829359205,8.615809566435079,-0.06092135325246595,8.383701042899501,0.09234215667333778,10.204198939885599,-0.02257832417350336,11.263944664515968,0.014175919597605002,0.6496846511970559,0.5422017432585936,0.58363078507709,4.773,3.25,4.670848107235036,51.20142786669457,-0.053130427735091246,-0.044462871757486436,-0.00866755597760481,8.615809566435079,13.574686000911019,3.6569331319591383,0.6762387230232124,6556518.975,1.681978870502697,865127.4395204254,0.266,0.11000000000000032,0.12699999999999978,0.5030000000000001,0.5288270377733597,0.4892262474461676,0.5107737525538324,0.01565135584447019,0,2,4,2,False,False,bubble
2025-04-10,3.643,3.65,3.389,4.664710038728869,7342100.4,1744329599999,25713225.08489,97417.0,3707847.54,12988340.63156,0,-0.5498992359613524,-0.7982838011982486,7.353693309193639,-0.9812214930999819,8.121495236020609,0.005524710566733759,8.258041955866812,-0.357767610568267,8.353515576906037,-0.030185465993463723,10.11200981220651,-0.09218912767908805,11.245188836631717,-0.018755827884250564,0.6452625201338869,0.5619292586592647,0.5919208378712104,4.773,3.25,0.9288969394148848,44.48732610950497,-0.3430094794866356,-0.10417219330331629,-0.23883728618331934,8.258041955866812,13.275666945369153,3.240416966364471,0.1419290077819928,6828472.782000001,1.0752185202163993,-362771.9110623104,0.17999999999999972,0.007000000000000117,0.07400000000000029,0.2610000000000001,0.6896551724137917,0.5050118274056835,0.4949881725943165,0.013268274021423079,0,3,4,2,False,False,bubble
2025-04-11,3.462,3.599,3.45,9.22135070075782,5169131.93,1744415999999,18210104.07846,66128.0,2299536.13,8106540.73196,0,0.9768325628382752,0.6814958480567324,7.182383883829144,-0.17130942536449556,8.200349743415504,0.07885450739489563,8.128811960293438,-0.12922999557337356,8.31106954012489,-0.042446036781147,10.045645007796935,-0.06636480440957548,11.236830159221396,-0.008358677410321036,0.6636309569502925,0.5956846881502034,0.5955995492415128,4.773,3.25,3.920781812710323,49.10802029830387,-0.2027210543496487,-0.12388196551258276,-0.07883908883706595,8.128811960293438,12.88817862783661,3.3694452927502683,0.6147777442653268,6903651.090000001,0.7487533571167194,140311.40670516904,0.09499999999999975,0.04200000000000026,0.01200000000000001,0.14900000000000002,0.6375838926174479,0.4448592454478135,0.5551407545521865,0.01279286365592917,0,4,4,2,False,False,bubble
2025-04-12,3.558,3.756,3.525,10.356055291222841,4420760.89,1744502399999,16213880.21817,59446.0,2114125.13,7757205.23343,0,0.12305188548698931,0.11604987725978323,8.013405750586625,0.8310218667574807,8.146208760785465,-0.05414098263003986,8.237441367962528,0.10862940766909013,8.245179869713445,-0.06588967041144578,9.969319628155226,-0.07632537964170893,11.249102620559718,0.012272461338321605,0.6625048174187053,0.5866774262705571,0.5955369072315664,4.773,3.25,4.665827505727408,54.76850414179391,1.9486001036739253e-05,-0.09910167520985887,0.0991211612108956,8.237441367962528,13.100115124871012,3.374767611054045,0.7178445469686674,6646748.45,0.6651012782046836,193882.11943772828,0.15500000000000025,0.042999999999999705,0.03299999999999992,0.23099999999999987,0.6709956709956725,0.47822652765099,0.5217734723490101,0.013447006404365833,0,5,4,2,False,False,bubble
2025-04-13,3.713,3.816,3.615,7.719365215864522,6619352.13,1744588799999,24512218.15014,83080.0,3485220.68,12914682.81519,0,-0.25460370780301034,-0.2938392661954069,8.465036582778602,0.4516308321919773,8.4437329316468,0.297524170861335,8.313826007476456,0.07638463951392716,8.203185852358715,-0.04199401735472996,9.91754387426251,-0.05177575389271638,11.261700482085974,0.012597861526256082,0.6313729231896178,0.5870825333755347,0.5951725735489691,4.767,3.25,2.9461866947030457,46.62313783796302,-0.05147268339383082,-0.08957587684665326,0.03810319345282244,8.313826007476456,13.088388459401017,3.539263555551895,0.4377470922626307,6802285.939,0.9731070098139842,-80223.76672502006,0.04499999999999993,0.10299999999999976,0.052999999999999936,0.20099999999999962,0.22388059701492544,0.5265199088298087,0.4734800911701913,0.012551077260789268,0,6,4,2,False,False,bubble
2025-04-14,3.669,3.798,3.633,5.8859508720527085,5218014.54,1744675199999,19399479.06089,78953.0,2684428.37,9979608.09435,0,-0.23750843398934607,-0.2711638315313775,7.569486423725353,-0.8955501590532489,7.952200613009486,-0.4915323186373133,8.266558801483614,-0.047267205992842065,8.180546958153355,-0.02263889420535925,9.865498380243979,-0.05204549401853065,11.222534261995172,-0.039166220090802284,0.5122463808955746,0.5935313784307605,0.5945136676389479,4.767,3.25,1.7376076941679024,51.399177630422066,-0.23748424315663375,-0.11915755010864935,-0.11832669304798439,8.266558801483614,13.120967911184565,3.4121496917826617,0.2547994126954044,6845187.043,0.7622895484406124,12803.198162486784,0.008000000000000007,0.121,0.03600000000000003,0.16500000000000004,0.04848484848484852,0.5144539842543252,0.4855460157456748,0.015130850900235322,0,0,4,2,False,False,bubble
2025-04-15,3.676,3.735,3.516,3.997993646520011,4692519.65,1744761599999,17067918.11525,74167.0,2203694.13,8021066.03067,0,-0.320756538165647,-0.3867756562879198,7.43614314528358,-0.13334327844177274,7.39491822723861,-0.5572823857708764,8.006801503327662,-0.25975729815595194,8.14892876804105,-0.031618190112306266,9.746435952796768,-0.1190624274472114,11.176009853382991,-0.046524408612180324,0.5231694315094866,0.5998482204120679,0.596111713529521,4.759,3.25,0.4956883012061039,44.92355181786838,-0.5311196969374308,-0.20154997947440564,-0.3295697174630251,8.006801503327662,13.196827088496782,2.816775918158542,0.11379690802843878,7104793.763000001,0.6604723242548539,-201636.68879521344,0.15700000000000003,0.05899999999999972,0.0030000000000001137,0.21899999999999986,0.7168949771689503,0.4696185193385391,0.530381480661461,0.015805368018011388,0,1,4,2,False,False,bubble
2025-04-16,3.519,3.619,3.469,5.210713209430039,4278941.46,1744847999999,15156297.33255,65749.0,2106421.0,7466525.43971,0,0.30333203855029134,0.26492409188899707,6.634015647018025,-0.8021274982655555,6.908199765423585,-0.4867184618150251,7.7414362024567565,-0.26536530087090515,8.040395162109945,-0.10853360593110395,9.665707054575552,-0.08072889822121532,11.143722826429592,-0.03228702695339969,0.5309414267161827,0.6014730206157238,0.5862751243376982,4.646,3.25,1.4045223563252427,43.298401511966404,-0.6583821563120429,-0.2929164148419331,-0.3654657414701098,7.7414362024567565,12.933560945790234,2.5493114591232793,0.25629216186725046,6930433.494,0.6174132489265614,46206.24480818357,0.03799999999999981,0.06200000000000028,0.050000000000000266,0.15000000000000036,0.25333333333333147,0.4922761901958808,0.5077238098041191,0.015365716174111903,0,2,4,2,False,False,bubble
2025-04-17,3.557,3.698,3.54,4.09376862115111,3658951.76,1744934399999,13306605.40582,61775.0,1811790.6,6587540.86049,0,-0.21435541419887572,-0.24125076973214965,5.381558313003678,-1.2524573340143466,6.697482031795152,-0.2107177336284325,7.433881503214609,-0.3075546992421474,8.020317332883533,-0.020077829226412547,9.534033208966795,-0.1316738456087574,11.119316400770238,-0.024406425659353914,0.5182611936915953,0.605198404387691,0.580945677302349,4.304,3.25,0.8005394887581686,49.13035388953904,-0.8396872736185399,-0.40227058659725445,-0.43741668702128544,7.433881503214609,12.729317354852494,2.138445651576724,0.18462342141011887,5783556.027,0.6326474132728238,79206.99621028944,0.07699999999999996,0.06400000000000006,0.016999999999999904,0.15799999999999992,0.4873417721518987,0.4951665719692353,0.5048334280307647,0.01688325073736419,0,3,4,2,False,False,bubble
2025-04-18,3.636,3.748,3.613,8.276770672456156,2261720.31,1745020799999,8349845.00944,43780.0,1051826.37,3883316.24,0,1.0217973799723064,0.7039869078483201,5.493039404322005,0.11148109131832662,6.979037993550304,0.28155596175515196,7.585104713648884,0.15122321043427522,8.009572409883972,-0.010744922999560202,9.459701866304657,-0.0743313426621377,11.101817295061252,-0.017499105708985496,0.5943274215740266,0.6217307704487922,0.5885032404037548,4.282,3.25,4.870901814395499,46.44614125982498,-0.6384795833856938,-0.44951238595494236,-0.1889671974307514,7.585104713648884,12.790195690977562,2.3800137363202056,0.5664412939005192,5468941.945,0.4135571985853289,25517.48285910858,0.0389999999999997,0.0730000000000004,0.02300000000000013,0.13500000000000023,0.2888888888888862,0.4650558980920148,0.5349441019079852,0.01935694692505989,0,4,4,2,False,False,bubble
2025-04-19,3.675,3.892,3.645,4.269672738490297,2997616.3,1745107199999,11258754.33272,44305.0,1384417.8,5197996.74915,0,-0.48413784705922513,-0.6619156946538947,5.169783777609522,-0.3232556267124824,6.369635100667437,-0.6094028928828674,7.242802813060656,-0.34230190058822796,7.908584799659513,-0.10098761022445935,9.431499427285548,-0.02820243901910935,11.07452025866271,-0.027297036398541863,0.5675519712893371,0.5970086521631182,0.5949777564710278,4.282,3.25,0.9880549791572648,43.078437126840335,-0.7932166460736383,-0.5182532379786816,-0.2749634080949567,7.242802813060656,12.370131362664834,2.1154742634564787,0.2100702592191132,4665910.937,0.6424503897469057,167213.97047619024,0.20500000000000007,0.01200000000000001,0.029999999999999805,0.2469999999999999,0.8299595141700411,0.4618395623215687,0.5381604376784314,0.014780077089919748,0,5,4,2,False,False,bubble
2025-04-20,3.88,3.952,3.787,10.527130417332796,3877366.27,1745193599999,15032456.82721,61831.0,1842256.94,7140252.91293,0,1.465559086632728,0.9024185917701486,6.475611131772078,1.305827354162556,6.955877138527829,0.5862420378603925,7.538686187274219,0.29588337421356226,7.91273761316031,0.004152813500796881,9.427541434407297,-0.003957992878250494,11.072911791874537,-0.0016084667881735015,0.6824529715638348,0.6475875470550078,0.6243030973547946,4.282,3.25,7.051482962531779,50.50997236103266,-0.40623946843061987,-0.4958504840690693,0.08961101563844942,7.538686187274219,12.708975912026066,2.3683964625223703,0.7890016216839774,4319437.524,0.8976553656480204,-1998.6424072164878,0.0019999999999997797,0.07200000000000006,0.09100000000000019,0.16500000000000004,0.012121212121210784,0.4751310069038177,0.5248689930961823,0.015946649270253233,0,6,4,2,False,False,bubble
2025-04-21,3.879,3.982,3.771,8.999368164065038,4698554.41,1745279999999,18310416.41735,66634.0,2304025.89,8979221.61454,0,-0.14512618279643574,-0.15680140315475746,7.23334212269908,0.7577309909270014,6.933678884858551,-0.022198253669277968,7.567014314137028,0.028328126862809277,7.95732523923455,0.04458762607424038,9.361946905917035,-0.06559452849026215,11.063984028791849,-0.0089277630826885,0.6382732309888172,0.6342435435133299,0.6216873654572684,4.24,3.25,5.807442589964683,53.355775744166785,-0.2202954837182114,-0.44073948399889773,0.22044400028068634,7.567014314137028,12.76407011707697,2.369958511197085,0.6378043554119369,4272379.772,1.0997511131367654,-118736.03202166078,0.0990000000000002,0.1030000000000002,0.008999999999999897,0.2110000000000003,0.4691943127962088,0.4903690984393645,0.5096309015606355,0.014181808740616456,0,0,4,2,False,False,bubble
2025-04-22,3.78,4.04,3.689,10.155640381285806,7580714.41,1745366399999,29130025.8996,111369.0,3981312.62,15293992.60039,0,0.1284837108718173,0.12087488285299428,8.445716474726018,1.2123743520269379,6.913637393864848,-0.020041490993703448,7.529923077325156,-0.03709123681187165,7.91014323179947,-0.047182007435080386,9.368878081931085,0.006931176014049356,11.086446711277892,0.02246268248604366,0.638273014433089,0.6333811833214498,0.6136770579333743,4.131,3.25,7.8384113294958055,55.57372377863543,0.02013585478026947,-0.34856441624306433,0.3687002710233338,7.529923077325156,12.636702163256912,2.4231439913934008,0.757081543941662,4588375.124,1.6521566360928601,455243.96060052805,0.22699999999999987,0.03300000000000036,0.09099999999999975,0.351,0.6467236467236464,0.5251896331496282,0.4748103668503718,0.014691095585013603,0,1,4,2,False,False,bubble
2025-04-23,4.008,4.198,3.999,8.811523963043935,7854197.12,1745452799999,32163360.06342,128773.0,3924007.93,16069423.20707,0,-0.13235171469036322,-0.14196884769417786,8.552667132843574,0.10695065811755633,7.0228532685827885,0.10921587471794059,7.733293100114794,0.20337002278963823,7.892960733640455,-0.017182498159015402,9.34833755458123,-0.020540527349854898,11.10519704209575,0.018750330817857375,0.631300088227978,0.6150765058418843,0.6126492110198609,4.198,3.25,5.866586458907102,47.98699627200868,0.1010555555130006,-0.2586404218918514,0.359695977404852,7.733293100114794,12.694846321832111,2.7717398783974776,0.6086586009205338,4711859.623,1.6668996422689057,168570.2401597204,0.08499999999999996,0.10500000000000043,0.008999999999999897,0.1990000000000003,0.427135678391959,0.49960649956287323,0.5003935004371268,0.01639543775545068,0,2,4,2,False,False,bubble
2025-04-24,4.093,4.286,3.929,11.822793035381515,6601559.83,1745539199999,27028911.05917,101444.0,3124448.11,12803960.24538,0,0.3417421418777302,0.29396887543587374,10.063291192221817,1.5106240593782427,7.61653748491567,0.5936842163328819,7.784369048962579,0.051075948847784325,8.037079588680655,0.14411885504020017,9.381831093783003,0.033493539201773004,11.113445248181751,0.00824820608600163,0.619429622937724,0.5590691278113389,0.6055366423210445,4.286,3.25,8.274896752298764,59.97891217652875,0.403517747834659,-0.12620878794654933,0.5297265357812083,7.784369048962579,12.897615556564851,2.6711225413603072,0.8948982295704587,4850214.152,1.3610862578671559,283868.68558025936,0.17600000000000016,0.01699999999999946,0.16400000000000015,0.35699999999999976,0.49299719887955257,0.47328937258151,0.52671062741849,0.01536667130380306,0,3,4,2,False,False,bubble
2025-04-25,4.268,4.374,4.215,11.524987627589272,6676283.69,1745625599999,28631883.35244,106913.0,3338811.91,14313626.00451,0,-0.025189090843510065,-0.025511766119629947,10.262862634273114,0.1995714420512975,8.369236883022596,0.7526993981069259,7.882077555130603,0.09770850616802385,8.144140384041604,0.10706079536094926,9.34128792611743,-0.04054316766557342,11.149192528515444,0.0357472803336929,0.5987154132338428,0.5574838714542766,0.6055900258960643,4.374,3.25,7.362088636645263,53.64416327416986,0.6121345013358948,0.021459869909939477,0.5906746314259552,7.882077555130603,13.209267334674191,2.554887775587014,0.8419166787006018,5048590.556,1.3224054547393564,-23458.480990865173,0.014000000000000234,0.10599999999999987,0.0389999999999997,0.1589999999999998,0.08805031446541038,0.5001003649681639,0.4998996350318361,0.016013849165837347,0,4,4,2,False,False,bubble
2025-04-26,4.254,4.362,4.201,7.052775954078451,4527685.25,1745711999999,19398530.3994,67971.0,2331683.29,9991996.02607,0,-0.3880448134109009,-0.49109622367847344,9.873544192275796,-0.38931844199731813,8.553443157487438,0.1842062744648416,7.730821461455511,-0.15125609367509174,8.049393614780877,-0.09474676926072689,9.284832936354373,-0.05645498976305596,11.135595370189176,-0.0135971583262684,0.6279930915382598,0.5689690937434858,0.6004260906330342,4.374,3.25,3.383252628183677,45.2735645189668,0.4118471576014038,0.09953732744823234,0.31230983015317143,7.730821461455511,12.966499939756394,2.4951429831546275,0.4352475987412902,5073464.9350000005,0.8924246659842145,9579.023801128838,0.009000000000000341,0.0990000000000002,0.052999999999999936,0.16100000000000048,0.055900621118014374,0.5149835205528035,0.48501647944719656,0.01501230678523866,0,5,4,2,False,False,bubble
2025-04-27,4.264,4.291,4.056,5.9440876603799415,5800570.8,1745798399999,23934326.15395,78025.0,2866540.67,11827166.71567,0,-0.15719885346100948,-0.17102423666030117,9.031233648094624,-0.8423105441811725,8.73847506141032,0.18503190392288182,7.717978546602735,-0.012842914852775777,8.045918140942232,-0.0034754738386446604,9.137036219454293,-0.14779671690008023,11.111267286448925,-0.02432808374025086,0.6244896445974483,0.5609842913296235,0.5954179919182646,4.374,3.25,2.3968751426867816,47.343728493629726,0.16179108814000998,0.11198807958658788,0.049803008553422096,7.717978546602735,12.970690390925007,2.4652667022804637,0.3311452313779389,5287626.839,1.0970083511220334,-235397.31372273064,0.17400000000000038,0.027000000000000135,0.03399999999999981,0.23500000000000032,0.7404255319148942,0.49418251562415205,0.505817484375848,0.013451262417140052,0,6,4,2,False,False,bubble
2025-04-28,4.09,4.267,4.009,10.192172464284248,5819426.05,1745884799999,24277650.26853,89859.0,2889147.23,12053179.17221,0,0.7146739830604671,0.5392229652062781,9.307363348342687,0.27612970024806316,8.93001524059313,0.19154017918281063,7.954526617071717,0.23654807046898174,8.057950260269022,0.012032119326789825,9.077462579814108,-0.059573639640184695,11.133430998567055,0.02216371211813062,0.5837608221863684,0.573775119850913,0.5979456348613754,4.374,3.25,6.176310021605205,56.00900731269711,0.30291299997726817,0.15017306366472394,0.15273993631254423,7.954526617071717,13.205425275104133,2.7036279590393013,0.7130726560290356,5643397.413000001,1.0311919618835461,216272.06836185866,0.15200000000000014,0.025000000000000355,0.08099999999999952,0.258,0.5891472868217059,0.49646600973647564,0.5035339902635243,0.015441213485305824,0,0,4,2,False,False,bubble
2025-04-29,4.242,4.33,4.101,10.483497794437389,3884592.85,1745971199999,16492193.97532,69421.0,1824108.69,7745743.97131,0,0.02858324181365779,0.028182361997354844,9.039504300153862,-0.267859048188825,9.551397746187838,0.621382505594708,7.960516423427639,0.005989806355922056,8.150378083009873,0.09242782274085037,9.017629926777529,-0.059832653036579586,11.125899065709659,-0.007531932857396839,0.5448684007980417,0.5466949191903566,0.5933083606387904,4.374,3.389,7.202535831916133,59.47210475868873,0.43326622789642677,0.20679169651106452,0.22647453138536225,7.960516423427639,13.22324640626095,2.697786440594328,0.7397027188588008,5732095.068,0.6776916300090925,-86995.83233144735,0.09499999999999975,0.08800000000000008,0.04600000000000026,0.2290000000000001,0.41484716157205115,0.46957525806082867,0.5304247419391713,0.017870856143907075,0,1,4,2,False,False,bubble
2025-04-30,4.146,4.175,4.026,11.475434658039742,4199576.05,1746057599999,17225903.43127,74041.0,1828310.54,7502115.20129,0,0.09461888417896946,0.09040625170655447,9.029593706243954,-0.009910593909907561,9.646228170258535,0.09483042407069675,8.301052654393182,0.34053623096554286,8.291935460737353,0.14155737772748012,8.978100498155296,-0.03952942862223274,11.12811527960224,0.002216213892580754,0.306802528057725,0.5243020663152627,0.5905838239819391,4.374,3.45,8.68553534419886,59.20904058528612,0.6095861850105262,0.2873505942109569,0.3222355907995693,8.301052654393182,13.547215455037268,3.0548898537490956,0.8025432229492413,5764316.046,0.7285471539878853,-83039.60359295845,0.08099999999999952,0.028999999999999915,0.03900000000000059,0.14900000000000002,0.5436241610738222,0.4353559783731027,0.5646440216268973,0.017630589163875245,0,2,4,2,False,False,bubble
2025-05-01,4.066,4.224,4.064,11.14444691769582,3925860.31,1746143999999,16310211.5887,59680.0,2013583.35,8366592.61134,0,-0.028843154983417607,-0.029267294367013866,9.847927898967429,0.8183341927234746,9.86073604562161,0.21450787536307558,8.397207465240081,0.09615481084689925,8.314620818584569,0.022685357847215926,8.985873495872083,0.007772997716786634,11.132464495853934,0.004349216251695154,0.3008997207825505,0.48691148898060727,0.5684526223364391,4.374,3.469,8.481156815133506,60.609537938885005,0.7143781700153848,0.3727561093718425,0.34162206064354234,8.397207465240081,13.78302885323464,3.011386077245521,0.7550436836412328,5687046.636,0.6903161801326927,108166.38492496866,0.11099999999999977,0.0470000000000006,0.0019999999999997797,0.16000000000000014,0.6937499999999979,0.5129024445599798,0.4870975554400202,0.015201763508493251,0,3,5,2,False,False,bubble
2025-05-02,4.177,4.287,4.126,9.162000492688327,3231292.82,1746230399999,13584720.47159,56806.0,1428983.05,6008059.48027,0,-0.1778864792168059,-0.19587679031874633,10.491510465429105,0.6435825664616761,9.761372056761862,-0.09936398885974818,8.337504725313357,-0.059702739926724036,8.283918475923935,-0.030702342660633875,8.957592684168823,-0.0282808117032598,11.129964089527016,-0.002500406326918281,0.3083897163182232,0.4905276788363423,0.5700551221270744,4.374,3.469,6.290608279213623,51.42652630924165,0.6301952164429192,0.4242439307860579,0.20595128565686133,8.337504725313357,13.657974181003667,3.0170352696230482,0.5774833662932846,5252104.477,0.6152377269246009,-12377.468307397521,0.016000000000000014,0.11000000000000032,0.034999999999999254,0.1609999999999996,0.09937888198757798,0.4422326076904414,0.5577673923095586,0.017579960456818023,0,4,5,2,False,False,bubble
2025-05-03,4.161,4.172,4.012,6.5315731316574785,2386438.85,1746316799999,9770735.75926,41297.0,1060428.58,4345441.41323,0,-0.287101857627059,-0.3384167265949538,9.759390598903751,-0.7321198665253537,9.533376973623218,-0.22799508313864436,8.278115121103003,-0.05938960421035411,8.323083331356345,0.03916485543241066,8.887687157689589,-0.06990552647923387,11.128542227083663,-0.0014218624433528504,0.32090383204031975,0.4917350361997438,0.5643372777123431,4.374,3.469,3.3840587090137895,53.814232733375064,0.34722353779031856,0.40883985218691005,-0.06161631439659149,8.278115121103003,13.653867255573251,2.9023629866327543,0.3375537091594685,4705328.65,0.5071779311313355,-76278.86735159831,0.133,0.01100000000000012,0.016000000000000014,0.16000000000000014,0.8312499999999993,0.4443560663622284,0.5556439336377716,0.017304864107454503,0,5,5,2,False,False,bubble
2025-05-04,4.028,4.051,3.894,6.77121843375947,4232639.09,1746403199999,16832510.33527,56855.0,2084252.46,8294968.27692,0,0.03669028842997557,0.036033223530287505,9.016934726768167,-0.7424558721355847,9.028219513461014,-0.505157460162204,8.322378499188343,0.044263378085339866,8.353893617196439,0.0308102858400936,8.807092490631518,-0.08059466705807061,11.130928545175008,0.002386318091344819,0.2998340351204263,0.48635607933861735,0.5644868938940247,4.374,3.469,3.6488601478005207,42.05366374295588,0.14068212091917687,0.35520830593336344,-0.21452618501418658,8.322378499188343,13.629334811973406,3.0154221864032795,0.35385596055389124,4468436.576,0.9472304279160031,-113486.8474975168,0.10799999999999965,0.023000000000000576,0.0259999999999998,0.15700000000000003,0.6878980891719721,0.4924238555855704,0.5075761444144297,0.013432517819514822,0,6,5,2,False,False,bubble
2025-05-05,3.919,4.022,3.884,6.483954312704431,3957728.74,1746489599999,15583547.87631,53905.0,1913418.11,7533527.60428,0,-0.04242428801629228,-0.04335048848556573,8.018638657701107,-0.9982960690670595,8.52411618197253,-0.5041033314884835,8.446676532497563,0.12429803330921985,8.32753545130647,-0.026358165889968532,8.758009443472066,-0.049083047159452775,11.110580644076785,-0.02034790109822282,0.2999232802432206,0.477931637775103,0.5625122919799933,4.374,3.469,3.3314412295076594,44.383351608089974,-0.04565694891780936,0.2750352549631289,-0.3206922038809383,8.446676532497563,13.433996861752856,3.45935620324227,0.3032287791622354,4196581.081,0.9430840638153275,-2019.2493571426617,0.0009999999999998899,0.1030000000000002,0.03400000000000025,0.13800000000000034,0.007246376811593387,0.48346368225327135,0.5165363177467287,0.013620185601704476,0,0,5,2,False,False,bubble
2025-05-06,3.918,3.977,3.823,8.353602428260324,4277490.05,1746575999999,16647357.33486,58381.0,1904669.65,7416181.47635,0,0.28834998295601344,0.2533623166688924,7.460469759814006,-0.5581688978871009,8.654198829390717,0.13008264741818643,8.603820993439077,0.1571444609415149,8.39123291081863,0.06369745951215933,8.683400124527441,-0.07460931894462419,11.114791652686645,0.004211008609859235,0.2837047364243557,0.47761215652919237,0.5591427818363996,4.374,3.54,5.771705549472813,46.10047366212256,-0.04198307192047501,0.21163158958640815,-0.25361466150688317,8.603820993439077,13.354262432093723,3.853379554784433,0.4736636512195782,4171561.5609999998,1.0253930063001653,57862.93329504839,0.052999999999999936,0.005999999999999783,0.0950000000000002,0.15399999999999991,0.34415584415584394,0.44527740046993214,0.5547225995300679,0.013648424500718594,0,1,5,2,False,False,bubble
2025-05-07,3.972,4.007,3.88,10.259264494515158,2714666.36,1746662399999,10722428.10713,42851.0,1305600.71,5157361.70321,0,0.22812458249245382,0.20548827612017734,7.679922560179373,0.2194528003653664,9.08571651280424,0.4315176834135226,8.91209578710728,0.3082747936682022,8.359589753716829,-0.03164315710180077,8.666516723852503,-0.016883400674938542,11.1421249083234,0.027333255636754927,0.27902576645535887,0.47241189230541486,0.5337161379059377,4.374,3.613,8.733593291084311,53.05851165289672,0.11339238767235926,0.1919837492035984,-0.07859136153123913,8.91209578710728,13.208754211147637,4.615437363066922,0.6567693512556521,3862971.117,0.7027405273763013,-1367.2457114079668,0.0030000000000001137,0.0349999999999997,0.08899999999999997,0.12699999999999978,0.023622047244095425,0.4809433414130494,0.5190566585869506,0.01578499687158609,0,2,5,2,False,False,bubble
2025-05-08,3.968,4.494,3.966,8.32800736571991,8866998.35,1746748799999,37857544.83749,128737.0,4463929.71,19070402.99258,0,-0.18824518364135578,-0.20855693471386505,8.039209406991858,0.3592868468124859,8.899300002947804,-0.18641650985643565,8.914657621770468,0.002561834663188378,8.432363015293266,0.07277326157643671,8.630149671016595,-0.03636705283590835,11.136773272997095,-0.00535163532630456,0.18202864093917787,0.4266498806894439,0.5255678273504097,4.494,3.645,5.515909735830285,42.26385701988598,0.07977267892897721,0.16954153514867418,-0.08976885621969696,8.914657621770468,13.209781899953349,4.6195333435875865,0.4317074177538411,4167728.347,2.127537500466558,1087988.963580248,0.48800000000000043,0.03799999999999937,0.0019999999999997797,0.5279999999999996,0.9242424242424258,0.503431886845902,0.49656811315409793,0.014518667413533465,0,3,5,2,False,False,bubble
2025-05-09,4.455,4.863,4.434,12.079041229205135,11614442.99,1746835199999,54075725.50422,195060.0,5552111.06,25837698.57125,0,0.4504119291399027,0.3718476051488283,9.100773966080991,1.061564559089133,9.05885434642458,0.15955434347677588,9.30512604630621,0.39046842453574193,8.442301265230004,0.009938249936737975,8.664157945610423,0.0340082745938286,11.155077179619127,0.018303906622032073,0.2325058312716797,0.4145175333698964,0.4906122092451674,4.863,3.689,7.146542784672174,51.063825709620986,0.35175113350857856,0.20598345482065505,0.1457676786879235,9.30512604630621,13.22582863967503,5.384423452937391,0.8537523080162361,4940713.361,2.3507623578570116,894020.185271543,0.3440000000000003,0.06400000000000006,0.020999999999999908,0.42900000000000027,0.801864801864802,0.47803506933396206,0.521964930666038,0.01679460652292547,0,4,5,2,False,False,bubble
2025-05-10,4.799,5.323,4.797,11.773451688738929,11854751.74,1746921599999,59975887.70994,226499.0,5775502.12,29249698.39611,0,-0.025299155344162716,-0.025624681059028858,10.158673441287892,1.0578994752069004,9.088656049494498,0.029801703069917806,9.367442109876517,0.06231606357030728,8.441369054002896,-0.0009322112271075156,8.6205232527405,-0.04363469286992405,11.172392155299868,0.017314975680740474,0.23231742696038257,0.26507426497205444,0.49079947767986554,5.323,3.689,4.947644852349405,60.79061075182974,0.5364535931732579,0.27207748249117564,0.2643761106820823,9.367442109876517,13.407719272868851,5.327164946884183,0.7977530354725043,5706230.930000001,2.0775099860881374,1259829.8369243578,0.5099999999999998,0.014000000000000234,0.002000000000000668,0.5260000000000007,0.969581749049428,0.4871887869665333,0.5128112130334667,0.019106178262320996,0,5,5,2,False,False,bubble
2025-05-11,5.309,5.362,4.954,12.631063810690561,8101384.06,1747007999999,41321350.97102,158765.0,3867634.6,19737219.36435,0,0.0728428794396736,0.07031202183577762,11.014165717773938,0.8554922764860464,9.237317738793973,0.14866168929947499,9.549026892207792,0.1815847823312744,8.457871317972202,0.016502263969305986,8.649438382859993,0.028915130119493426,11.183277152922425,0.01088499762255779,0.2319055185581033,0.2617079137934677,0.49061379655579795,5.362,3.689,5.3449275616799525,65.46270325179415,0.7434635688135405,0.3663546997556486,0.37710886905789187,9.549026892207792,13.838414663354301,5.259639121061282,0.8592630327356685,6123783.305,1.3229377423243098,-323506.0125673379,0.21199999999999974,0.052999999999999936,0.14300000000000068,0.40800000000000036,0.5196078431372538,0.47740417826827486,0.5225958217317251,0.019597268667201045,0,6,5,2,False,False,bubble
2025-05-12,5.097,5.4,4.89,5.514717456840989,9921543.44,1747094399999,51272954.62515,221378.0,4981305.52,25772689.68772,0,-0.5634003960795848,-0.8287387420576917,10.065256310239105,-0.948909407534833,8.872589435209239,-0.36472830358473374,9.316980745985552,-0.23204614622224007,8.404496324352202,-0.05337499362000031,8.595434287339407,-0.05400409552058605,11.159522971869395,-0.02375418105303062,0.29483385115696953,0.29404489581606186,0.49623180651676363,5.4,3.823,1.0727441070646726,40.45073662896226,0.3294926033378598,0.35898228047209085,-0.029489677134231063,9.316980745985552,13.956066177837895,4.677895314133208,0.09019257728711907,6792808.367000001,1.460595221293102,-56449.82534039796,0.029000000000000803,0.30299999999999994,0.17799999999999994,0.5100000000000007,0.056862745098040714,0.5020696175070116,0.49793038249298843,0.022312859016217743,0,0,5,2,False,False,bubble
2025-05-13,5.069,5.273,4.823,7.635662910413566,6748215.11,1747180799999,33947513.86252,129114.0,3255718.69,16387138.50751,0,0.38459730170610107,0.32540934047041997,9.926787419177836,-0.1384688910612688,8.982998413084847,0.11040897787560766,9.258187693354033,-0.05879305263151835,8.433376134048752,0.028879809696549685,8.525331253500955,-0.07010303383845162,11.173457819089968,0.013934847220573587,0.29939748857059567,0.30326403258831813,0.49552328236832804,5.4,3.823,2.417668300832952,44.590144261998816,0.17059370527765516,0.32130456543320374,-0.15071086015554858,9.258187693354033,13.95370628369555,4.562669103012517,0.32722624224319624,7228985.992999999,0.9334940082239002,169104.83799723812,0.12600000000000033,0.0779999999999994,0.24599999999999955,0.4499999999999993,0.2800000000000012,0.48245626983280915,0.5175437301671909,0.01913305931944425,0,1,5,2,False,False,bubble
2025-05-14,5.194,5.267,4.947,8.905860005690126,5284499.6,1747267199999,26933285.50359,108903.0,2383257.42,12156512.93212,0,0.16635059852422995,0.15387972757235116,9.292151174474833,-0.6346362447030032,9.196462570277912,0.21346415719306577,9.112341041869463,-0.14584665148457,8.474867434324365,0.041491300275612986,8.518935465728303,-0.0063957877726519285,11.161946201524197,-0.01151161756577146,0.3008793807827529,0.2964736866014634,0.49560091535518114,5.4,3.823,3.2231198514204973,45.16980225503078,0.14548244282773304,0.2861401409121096,-0.14065769808437656,9.112341041869463,13.651040363488438,4.573641720250488,0.4772532810010332,7334172.044,0.7205311749297164,-218704.0257940325,0.21399999999999952,0.0730000000000004,0.03300000000000036,0.3200000000000003,0.668749999999998,0.45099017889981485,0.5490098211001851,0.020608006101467017,0,2,5,2,False,False,bubble
2025-05-15,4.981,5.028,4.679,9.541312787995603,7496534.85,1747353599999,36075159.04859,128537.0,3805301.12,18316547.80885,0,0.07135220875911741,0.06892159712217051,8.845723394326168,-0.4464277801486656,9.50219841780703,0.3057358475291174,9.01315729988978,-0.09918374197968305,8.481830897891495,0.00696346356713029,8.493292983917593,-0.02564248181070994,11.17235325160965,0.010407050085452951,0.2979934887861749,0.29632947381568253,0.4944048179056542,5.4,3.823,3.626070252375143,47.02058751226453,0.1748418472707911,0.2638804821838459,-0.0890386349130548,9.01315729988978,13.414482810645394,4.6118317891341665,0.5599995940785517,7688052.654999999,0.9750889056573456,-302570.9849096391,0.20199999999999996,0.04699999999999971,0.09999999999999964,0.3489999999999993,0.5787965616045856,0.5076080077183928,0.49239199228160724,0.01714618854869994,0,3,5,2,False,False,bubble
2025-05-16,4.778,4.956,4.711,7.5523292305976675,4420510.08,1747439999999,21419277.14438,86430.0,2165355.68,10500415.55329,0,-0.20846015654160022,-0.2337750617512913,7.82997647830759,-1.0157469160185775,9.422071098040764,-0.08012731976626597,9.03813496371574,0.02497766382595934,8.422517097966486,-0.05931379992500929,8.453604436069474,-0.039688547848118816,11.17251318413207,0.00015993252242019196,0.30235607822821975,0.28538964566239267,0.49627457671790287,5.4,3.823,2.3648251303726484,47.009165027509916,0.037186374979096826,0.2185416607428961,-0.18135528576379928,9.03813496371574,13.398092970477693,4.678176956953786,0.3296077931468946,7702354.658,0.573916714599563,-22199.673973634883,0.022999999999999687,0.17800000000000082,0.043999999999999595,0.2450000000000001,0.09387755102040685,0.4898429459072742,0.5101570540927258,0.01955204228377192,0,4,5,2,False,False,bubble
2025-05-17,4.755,4.768,4.557,10.321198979190246,3799964.46,1747526399999,17716336.13431,82251.0,1912931.09,8920381.12533,0,0.3666246086538072,0.3123439104128676,8.791272782777442,0.9612963044698519,9.428264546508272,0.006193448467508134,9.256990529656257,0.21885556594051714,8.42404382543041,0.0015267274639239048,8.457555627804714,0.003951191735239945,11.175439446076323,0.0029262619442533833,0.3149024763490225,0.2900589847097498,0.4974579065611904,5.4,3.823,4.120608103481448,57.005240275209985,0.14979136808582005,0.2047916022114809,-0.05500023412566085,9.256990529656257,13.396887045680977,5.1170940136315375,0.6285308032960061,7810884.468,0.48649605247240224,-114278.63675709767,0.1429999999999998,0.0129999999999999,0.054999999999999716,0.2109999999999994,0.6777251184834132,0.5034076266071184,0.49659237339288165,0.02164520243960387,0,5,5,2,False,False,bubble
2025-05-18,4.613,4.921,4.508,13.39470845210434,4741500.76,1747612799999,22382505.92091,94925.0,2319304.14,10943774.10885,0,0.2977860885262409,0.26065980387350857,9.943081891115597,1.1518091083381545,9.934934655146716,0.5066701086384438,9.417117329047262,0.16012679939100494,8.586891865197083,0.16284803976667384,8.530344208746529,0.07278858094181473,11.198695082888781,0.02325563681245768,0.3110705534366058,0.2539553950255964,0.49085995766908136,5.4,3.823,6.069567819977385,61.08260439729586,0.48148787199921195,0.26013085616902715,0.2213570158301848,9.417117329047262,13.939398135602362,4.894836522492161,0.9397771050939066,7398334.708999999,0.6408875708518583,186082.31516912425,0.17999999999999972,0.1280000000000001,0.10500000000000043,0.41300000000000026,0.43583535108958743,0.48914979821705235,0.5108502017829477,0.020020032644685267,0,6,5,2,False,False,bubble
2025-05-19,4.794,4.821,4.412,9.073057482224371,5563926.25,1747699199999,25288508.28723,109919.0,2607074.92,11858418.45071,0,-0.32263867372201205,-0.38955043163953856,9.976521386422444,0.03343949530684753,9.63433628044864,-0.30059837469807604,9.346595313436609,-0.07052201561065274,8.546038799836474,-0.04085306536060962,8.523360135845286,-0.0069840729012433655,11.195803534079266,-0.002891548809515143,0.31072283660907557,0.2671847156273353,0.4729018301787405,5.4,3.823,3.32914234763752,53.81684940065058,0.39112992308623973,0.28633066955246966,0.10479925353377006,9.346595313436609,13.842771591374012,4.850419035499206,0.46958106018279583,6793283.034999999,0.8190334807682572,-228686.30737533906,0.1979999999999995,0.027000000000000135,0.18400000000000016,0.4089999999999998,0.4841075794621017,0.4685674832587869,0.5314325167412131,0.019755653662735014,0,0,5,2,False,False,bubble
2025-05-20,4.597,4.727,4.519,11.176584603875433,4133769.06,1747785599999,19064153.19373,87956.0,1916822.25,8846474.88771,0,0.23184324862619055,0.20851162375852822,10.303575749598412,0.3270543631759679,9.57464957196229,-0.059686708486349715,9.331652810728395,-0.014942502708214178,8.677381233252753,0.13134243341627894,8.580844309148894,0.05748417330360844,11.20110736065987,0.005303826580604465,0.3167731229393866,0.2706526980886781,0.4631852073688549,5.4,3.823,4.663021308735213,54.13313249876969,0.48368207055865575,0.3258009497537069,0.15788112080494887,9.331652810728395,13.799939745187146,4.8633658762696435,0.7064473276010101,6021184.766999999,0.6865374872160938,72853.63225848497,0.07999999999999918,0.05000000000000071,0.07800000000000029,0.20800000000000018,0.38461538461538036,0.46369843650627157,0.5363015634937284,0.021277434400266183,0,1,5,2,False,False,bubble
2025-05-21,4.677,4.877,4.612,9.732840665368798,6374820.22,1747871999999,30074951.66896,127248.0,3202320.24,15115669.16237,0,-0.1291757714611692,-0.13831512669825138,10.739678036552638,0.4361022869542257,9.284827257430114,-0.28982231453217544,9.261072498112044,-0.07058031261635023,8.70338193402395,0.026000700771197316,8.56905232877853,-0.01179198037036322,11.214509019138662,0.01340165847879149,0.32153841398019795,0.2728685445705583,0.45226081833371384,5.4,3.823,3.7475210306713986,49.21869420617682,0.4355119337908313,0.3477431465611318,0.0877687872296995,9.261072498112044,13.652730648478604,4.869414347745485,0.5537118499555089,5848528.382999999,1.089987053585955,85869.93240538937,0.06300000000000061,0.13699999999999957,0.0649999999999995,0.2649999999999997,0.23773584905660636,0.5023389098806618,0.49766109011933823,0.01996103350503585,0,2,5,2,False,False,bubble
2025-05-22,4.741,4.977,4.732,7.208291208367539,4934402.45,1747958399999,24070590.66579,94638.0,2429196.24,11853524.40016,0,-0.25938464871659317,-0.3002738825464986,10.117096482388096,-0.6225815541645421,9.45418463258277,0.16935737515265537,9.163387033896004,-0.09768546421604007,8.629598455840837,-0.07378347818311326,8.579077455432015,0.010025126653484762,11.230853909721109,0.016344890582447036,0.2693966142302002,0.2767568260830993,0.45382647442449703,5.4,3.823,2.1466653191931124,48.3669042318178,0.1914201385134806,0.3164785449516016,-0.125058406438121,9.163387033896004,13.650207218060409,4.6765668497316,0.2821290195193582,5349814.284,0.9223502327468832,216530.74042194136,0.20700000000000074,0.028999999999999915,0.008999999999999453,0.2450000000000001,0.8448979591836762,0.4922979559561462,0.5077020440438538,0.019179221994752374,0,3,5,2,False,False,bubble
2025-05-23,4.948,5.12,4.531,10.446659575514802,10214231.78,1748044799999,49463918.76731,184794.0,4891652.63,23761673.41517,0,0.4492560405145807,0.37105034925702013,9.527486707070189,-0.589609775317907,9.735284299092893,0.28109966651012286,9.35914135608887,0.19575432219286526,8.743649177206109,0.11405072136527217,8.5591995053376,-0.019877950094414842,11.255365573997647,0.02451166427653817,0.2786722279132785,0.28150886624561117,0.44731579817322953,5.4,3.823,4.200164600833735,47.583042243944654,0.256330081604073,0.3044488522820959,-0.04811877067802289,9.35914135608887,13.701802119183611,5.016480592994129,0.6252133517621263,5696415.950999999,1.7930979527937918,-798889.9957275675,0.38700000000000045,0.1719999999999997,0.03000000000000025,0.5890000000000004,0.6570458404074706,0.4789055834407549,0.5210944165592452,0.018091815809568403,0,4,5,2,False,False,bubble
2025-05-24,4.562,4.633,4.511,4.658403435075613,3091142.26,1748131199999,14183295.70758,67200.0,1465635.62,6727448.52337,0,-0.5540772242646712,-0.807609490529514,8.644555897640437,-0.8829308094297517,9.310538642031442,-0.4247456570614503,9.253500606154677,-0.10564074993419226,8.620791764739105,-0.12285741246700432,8.545618330110845,-0.01358117522675606,11.22721907699518,-0.028146497002467186,0.3369734256596037,0.31380598579085234,0.42280074764571157,5.4,3.823,0.5297421909166852,40.93670899157847,-0.15747692098510413,0.2120636976286559,-0.36954061861376003,9.253500606154677,13.949640778903117,4.557360433406239,0.010758090469245706,5477080.217,0.5643777592312009,-10843.735180881244,0.017000000000000348,0.07099999999999973,0.03399999999999981,0.12199999999999989,0.13934426229508495,0.4741404622380596,0.5258595377619404,0.021739536503894197,0,5,5,2,False,False,bubble
2025-05-25,4.546,4.564,4.35,11.233275855859242,3942315.1,1748217599999,17574502.99951,84934.0,1799403.37,8026332.14822,0,1.411400389085646,0.8802076530536547,8.655894148037198,0.011338250396761396,9.479734948817804,0.1691963067863611,9.490966683312418,0.23746607715774104,8.654040931771714,0.033249167032609606,8.540038441570454,-0.0055798885403905985,11.253044154307087,0.025825077311907307,0.5621970462636002,0.4384010716200791,0.463265146490819,5.4,3.823,4.6989701051739,48.44584105397645,0.04460116948172832,0.1785711919992704,-0.1339700225175421,9.490966683312418,14.076448350986883,4.905485015637953,0.6899810422130026,5121658.242000001,0.7697341200299479,-19082.713355335647,0.023000000000000576,0.017999999999999794,0.17300000000000004,0.2140000000000004,0.10747663551402117,0.4564331679119206,0.5435668320880794,0.0215441936642761,0,6,5,2,False,False,bubble
2025-05-26,4.523,4.617,4.426,10.33936632880499,3794527.16,1748303999999,17172749.48579,73519.0,1786371.24,8085237.09258,0,-0.07957692293187935,-0.08292184826679613,8.777199280724437,0.12130513268723853,9.758438658638537,0.2787037098207339,9.590254878339652,0.09928819502723307,8.659270301796209,0.0052293700244945285,8.533857848613845,-0.006180592956608777,11.282744548842855,0.02970039453576767,0.5550504992174499,0.43817257027701517,0.4638491440436443,5.4,3.88,4.249583111055913,56.22586172639239,0.13110716219663665,0.16907838603874367,-0.03797122384210702,9.590254878339652,14.15800387338178,5.022505883297523,0.582000067350289,5059059.95,0.7500458973608328,-46141.718726508516,0.054999999999999716,0.0940000000000003,0.041999999999999815,0.19099999999999984,0.2879581151832448,0.4707757158338537,0.5292242841661463,0.019375009559820886,0,0,5,2,False,False,bubble
2025-05-27,4.468,4.614,4.373,10.953655664603811,3874357.43,1748390399999,17567270.89795,74880.0,1909084.52,8662571.58012,0,0.05941266768809994,0.05771466747430032,9.52627217197169,0.7490728912472537,9.821684327179893,0.06324566854135583,9.624974436844083,0.03471955850443109,8.754324495939574,0.09505419414336558,8.544172431900925,0.010314583287080126,11.28547296676362,0.0027284179207658354,0.5496633329669586,0.43699623155759565,0.4588882363051392,5.4,3.966,4.872842164995684,54.454855964718675,0.24639155179829153,0.18454101919065324,0.06185053260763829,9.624974436844083,14.22457969612473,5.0253691775634355,0.6444342669491955,5066499.2469999995,0.7647010768419839,58098.018757833364,0.06700000000000017,0.07899999999999974,0.09499999999999975,0.24099999999999966,0.27800829875518784,0.49274868271511024,0.5072513172848898,0.01932707587074639,0,1,5,2,False,False,bubble
2025-05-28,4.536,4.661,4.419,12.099089573191392,4289732.2,1748476799999,19466976.74673,82731.0,2100431.83,9536611.87762,0,0.10457092532943069,0.09945695669134182,9.856758171507009,0.330485999535318,9.6921224392886,-0.12956188789129364,9.813528547217658,0.18855411037357506,8.887082066305311,0.13275757036573665,8.589220476265737,0.0450480443648118,11.318614145838572,0.033141179074950955,0.5457296745661353,0.43236094388572843,0.4578523574622191,5.4,4.35,7.3800853078013215,54.30175631487176,0.42527984346129166,0.23268878404478094,0.19259105941651072,9.813528547217658,14.497674700815423,5.129382393619893,0.7439677319011765,5021322.391,0.8543032822765433,49187.668004410196,0.051000000000000156,0.07399999999999984,0.11699999999999999,0.242,0.21074380165289322,0.4896417146972485,0.5103582853027515,0.019285819287273923,0,2,5,2,False,False,bubble
2025-05-29,4.588,4.682,4.33,8.890649065056975,4814923.2,1748563199999,21822337.54306,85482.0,2416497.31,10963114.66907,0,-0.26518032524063073,-0.30813015033363844,10.703207297503281,0.8464491259962728,9.67388159757186,-0.018240841716739453,9.65410893901025,-0.15941960820740775,8.85762101426007,-0.02946105204524052,8.620661028579786,0.03144055231404863,11.2895082862304,-0.029105859608170803,0.5411722351689159,0.43111489251804663,0.44582027822893194,5.4,4.33,4.262288845847639,49.18028485704596,0.3046440218251565,0.24707983160085606,0.05756419022430043,9.65410893901025,14.229367027582889,5.078850850437611,0.41656646912879897,4946422.085999999,0.9734153528118468,-267670.6814911708,0.2560000000000002,0.0940000000000003,0.0019999999999997797,0.3520000000000003,0.7272727272727273,0.5018766052177115,0.49812339478228856,0.017753554199992222,0,3,5,2,False,False,bubble
2025-05-30,4.333,4.358,4.008,4.180748414703914,8486843.25,1748649599999,35385205.26849,139910.0,4049401.9,16888344.75924,0,-0.5297589203992361,-0.7545097804636125,9.292701809272216,-1.410505488231065,8.974297978654707,-0.6995836189171527,9.274473775308499,-0.3796351637017512,8.847941781779571,-0.009679232480499067,8.600728679342804,-0.019932349236981395,11.23716259094992,-0.05234569528048105,0.5727427084467545,0.4507072071071573,0.4452523796037326,5.4,4.008,0.12410087263212226,46.02495313373546,-0.1690615201894392,0.163851561242797,-0.3329130814322362,9.274473775308499,14.342750568082497,4.206196982534499,-0.002510573994978723,5381729.505,1.5769732094701405,-554426.7404778383,0.2839999999999998,0.024999999999999467,0.04100000000000037,0.34999999999999964,0.8114285714285717,0.47713876416887985,0.5228612358311201,0.016485517156217065,0,4,5,2,False,False,bubble
2025-05-31,4.049,4.121,3.895,4.69494831955178,5429234.96,1748735999999,21774544.9834,90597.0,2624912.27,10524878.68956,0,0.12299230995086852,0.1159968279598133,8.163818207421574,-1.1288836018506423,8.470508744073005,-0.5037892345817028,8.877668000751559,-0.39680577455694,8.75741373415545,-0.09052804762412059,8.534241637140171,-0.0664870422026329,11.19071875673774,-0.046443834212180235,0.5709568445530164,0.45106689747454587,0.425951019202621,5.4,3.895,0.5315271226257672,42.99427286975827,-0.4972529180171197,0.031630665390813675,-0.5288835834079334,8.877668000751559,14.080330297138659,3.675005704364459,0.09802122039475854,5287170.979,1.0268695643784285,36203.83895282682,0.026999999999999247,0.04500000000000082,0.15400000000000036,0.22600000000000042,0.119469026548669,0.48347737560431536,0.5165226243956846,0.016686881423897706,0,5,5,2,False,False,bubble
2025-06-01,4.077,4.102,3.971,5.744392360586899,2555495.93,1748822399999,10339304.6365,50061.0,1360590.11,5508512.59739,0,0.22352621788503702,0.2017370322652275,7.121965546618192,-1.0418526608033822,8.324118859294943,-0.14638988477806159,8.889151745938856,0.01148374518729689,8.665180475542734,-0.09223325861271725,8.45518017262809,-0.07906146451208151,11.147452779545057,-0.043265977192682215,0.5626222670336841,0.42968597013418464,0.42649661640036257,5.273,3.895,1.3420844416450652,39.96826847469824,-0.664999896881965,-0.10769544706374208,-0.5573044498182229,8.889151745938856,14.061484894672411,3.716818597205301,0.19600185303976883,5049280.327,0.5061109236369796,-6269.617100098041,0.01100000000000012,0.025000000000000355,0.09499999999999975,0.13100000000000023,0.08396946564885574,0.5324172478725098,0.4675827521274902,0.019589544014652373,0,6,6,2,False,False,bubble
2025-06-02,4.066,4.171,3.952,5.390712203442443,3601436.52,1748908799999,14548595.17963,59863.0,1698283.22,6865450.86227,0,-0.06156963782124403,-0.06354662690333764,5.780290072668403,-1.3416754739497891,7.818524122087706,-0.5055947372072369,8.776904210590299,-0.11224753534855658,8.61860741529429,-0.0465730602484431,8.410896633826502,-0.04428353880158831,11.120442971272775,-0.0270098082722825,0.5498542411362896,0.42442952188866023,0.4244512905916843,5.267,3.895,1.0901692444915763,44.61056299816821,-0.8170610478801112,-0.24956856722701592,-0.5674924806530953,8.776904210590299,14.157038199235783,3.3967702219448146,0.1853059780393711,4388000.801,0.820746550269374,72631.03655681224,0.08199999999999985,0.023000000000000576,0.11399999999999988,0.2190000000000003,0.37442922374429105,0.47155717185874485,0.5284428281412552,0.016621978387668487,0,0,6,2,False,False,bubble
2025-06-03,4.149,4.223,4.097,9.791957382503805,3668892.34,1748995199999,15293548.21726,59104.0,1744469.47,7273771.28714,0,0.8164496661963849,0.5968838630721924,5.960551736157768,0.18026166348936545,8.331879516830524,0.5133553947428178,8.821209079430982,0.0443048688406833,8.696727545503313,0.07812013020902242,8.438637251828334,0.027740618001832473,11.111155221457993,-0.00928774981478142,0.5552245948452827,0.4570643833838791,0.4351699883283931,5.12,3.895,4.813842761227596,48.10118684184763,-0.5757895587611692,-0.3148127655338466,-0.26097679322732265,8.821209079430982,14.220374573655345,3.4220435852066196,0.5898979948022762,4445775.809,0.8252535659968993,-9729.463775313403,0.012000000000000455,0.07399999999999984,0.03999999999999915,0.12599999999999945,0.09523809523809927,0.4754757862423404,0.5245242137576596,0.016109494234982105,0,1,6,2,False,False,bubble
2025-06-04,4.137,4.214,3.985,10.477711502209338,5036516.92,1749081599999,20666912.36441,66246.0,2577645.97,10586914.66578,0,0.07003238401862677,0.06768891345379462,7.219944353658853,1.259392617501085,8.256323081465535,-0.07555643536498913,8.86802901514167,0.04681993571068688,8.8263219026171,0.12959435711378653,8.487625335329074,0.04898808350074013,11.106505786006277,-0.004649435451716144,0.34815327235837706,0.4570668977748815,0.43120998505699837,5.12,3.895,5.373642042619868,51.04316798183182,-0.32549345307880806,-0.3169489030428389,-0.008544550035969156,8.86802901514167,14.309561344987397,3.426496685295941,0.6479070957861336,4555195.990999999,1.1056641536282912,-159483.61530577627,0.13099999999999934,0.07700000000000085,0.02100000000000035,0.22900000000000054,0.5720524017467207,0.5117913849875442,0.4882086150124558,0.013153137585408927,0,2,6,2,False,False,bubble
2025-06-05,4.006,4.078,3.742,8.696788673086136,6640572.84,1749167999999,26049696.81582,107730.0,3218645.46,12633001.86266,0,-0.1699725010320885,-0.18629644745368204,8.020312424365724,0.8003680707068703,8.092065315893649,-0.16425776557188598,8.925251987266094,0.05722297212442484,8.89604341189022,0.06972150927312093,8.468219287000084,-0.01940604832899062,11.079944774110126,-0.026561011896150788,0.35291956475763436,0.4558359155266637,0.43170758598890774,5.12,3.742,3.5956376437490096,52.12893605466114,-0.26775110647050404,-0.30710934372837195,0.03935823725786791,8.925251987266094,14.332490214533717,3.518013759998472,0.47887430657041663,4839800.559,1.372075720692936,-318270.09118322516,0.19200000000000017,0.07200000000000006,0.07200000000000006,0.3360000000000003,0.5714285714285714,0.4846939469758154,0.5153060530241845,0.016222998014731514,0,3,6,2,False,False,bubble
2025-06-06,3.814,3.992,3.802,6.239734713907095,3530206.93,1749254399999,13806599.21622,58440.0,1799715.69,7039230.19222,0,-0.2825242801153558,-0.3320161718029716,8.119380895029764,0.09906847066404012,7.620673220823979,-0.47139209506967017,8.721178774001936,-0.20407321326415762,8.93896273374534,0.04291932185511982,8.479640033314437,0.011420746314353636,11.029901279848534,-0.05004349426159216,0.36680386936691606,0.4581422777267222,0.43277593193057934,5.12,3.742,1.8125796182199525,43.845458502445005,-0.41546438599713476,-0.32878035218212454,-0.08668403381501022,8.721178774001936,14.21398722859099,3.2283703194128837,0.2741188245858382,4805385.509000001,0.7346355299461989,64791.42241740916,0.06999999999999984,0.1080000000000001,0.01200000000000001,0.18999999999999995,0.3684210526315782,0.5098045881406731,0.4901954118593269,0.0165542703753063,0,4,6,2,False,False,bubble
2025-06-07,3.886,4.058,3.868,7.619907700501928,2274474.36,1749340799999,9105229.27172,34519.0,1179050.65,4717325.26831,0,0.2211909720326266,0.19982658914951262,8.56521999444166,0.4458390994118968,7.172755033555032,-0.4479181872689466,8.432438736421815,-0.288740037580121,8.925825474306258,-0.013137259439082172,8.467698942095115,-0.011941091219322075,11.035621067362401,0.005719787513866592,0.3722110783335053,0.4563372201950409,0.41161920400996044,5.12,3.742,2.814156531568888,54.97408794094234,-0.41636025694066614,-0.3462963331338329,-0.07006392380683324,8.432438736421815,13.479907920989508,3.384969551854123,0.41951104541617135,4603859.725,0.4940364163680074,86083.34987641596,0.14499999999999957,0.027000000000000135,0.018000000000000238,0.18999999999999995,0.76315789473684,0.5183837948386457,0.4816162051613543,0.015176693396534926,0,5,6,2,False,False,bubble
2025-06-08,4.031,4.112,3.977,11.433216315860435,2726928.43,1749427199999,11047026.10726,38159.0,1313494.43,5323800.54109,0,0.500440263220947,0.4057585738568436,8.893471781112988,0.32825178667132704,7.427011758635378,0.2542567250803458,8.550446678103619,0.11800794168180317,9.069096345853659,0.1432708715474007,8.488840572756587,0.021141630661471567,11.012069150546877,-0.023551916815524265,0.38674434341956604,0.4578046593646394,0.408262010176603,5.12,3.742,5.581434191480721,50.3701537848228,-0.10812174483716142,-0.2986614154744986,0.19053967063733718,8.550446678103619,13.76845690123416,3.3324364549730774,0.776232655215775,4395060.248000001,0.6204530259263012,-4058.935891837759,0.005999999999999339,0.0810000000000004,0.04800000000000049,0.13500000000000023,0.04444444444443947,0.481675432163799,0.5183245678362011,0.013993399892787065,0,6,6,2,False,False,bubble
2025-06-09,4.026,4.162,3.963,9.31633326065388,4628656.78,1749513599999,18745020.62485,56359.0,2167938.88,8790196.40432,0,-0.18515201643390267,-0.20475370637067816,8.661196132801894,-0.23227564831109326,7.940570243230374,0.5135584845949959,8.45743411094254,-0.09301256716107886,9.04488040272008,-0.02421594313357822,8.478809007940196,-0.01003156481639067,10.981844843074008,-0.030224307472868972,0.3374953511293365,0.46068275798098857,0.3581321986814395,5.12,3.742,4.045234586831552,48.18808600534755,-0.03426034238123954,-0.24578120085584682,0.21152085847460728,8.45743411094254,13.542980210489993,3.371888011395087,0.5844451247613083,4009241.6010000007,1.154496845200225,144897.08180869502,0.125,0.01100000000000012,0.06299999999999972,0.19899999999999984,0.6281407035175884,0.46837321993012404,0.531626780069876,0.012176102631658076,0,0,6,2,False,False,bubble
2025-06-10,4.152,4.317,4.097,7.942542161546885,6662210.27,1749599999999,28115017.89895,88726.0,3336413.93,14082926.29038,0,-0.1474604933798357,-0.15953572882178696,8.510346830494045,-0.150849302307849,8.265329627429884,0.3247593841995098,8.367919185751443,-0.0895149251910965,9.023743882669716,-0.021136520050363927,8.490534560952135,0.011725553011938672,10.96873845261061,-0.013106390463397233,0.3483830967167458,0.4611233331057249,0.3581587679531636,5.12,3.742,3.0482889416160264,44.806675563121395,-0.08559146411939444,-0.21374325350855636,0.1281517893891619,8.367919185751443,13.421868017564895,3.313970353937991,0.45791637011371117,4132539.132,1.612134829749508,229510.01411948967,0.14199999999999946,0.023000000000000576,0.054999999999999716,0.21999999999999975,0.6454545454545437,0.5007968519132315,0.49920314808676847,0.013317802411541119,0,1,6,2,False,False,bubble
2025-06-11,4.295,4.346,4.146,7.112523532401543,5328497.22,1749686399999,22710210.94322,76185.0,2500874.07,10672111.99322,0,-0.10450289243207345,-0.11037628744981802,8.684904594192933,0.1745577636988873,8.40214274461135,0.13681311718146638,8.363130801953144,-0.004788383798299378,8.962881545692033,-0.060862336977683285,8.43651238874575,-0.054022172206384056,10.92807353800978,-0.040664914600830215,0.3507377560418556,0.45653883389430144,0.3586775850377712,5.12,3.742,2.4459532165468376,41.30497282519958,-0.19104506593587622,-0.20920361599402032,0.018158550058144096,8.363130801953144,13.421884900749575,3.3043767031567137,0.37639177106383326,4409839.261,1.208320055364485,-130296.27575686925,0.10599999999999987,0.051000000000000156,0.04300000000000015,0.20000000000000018,0.5299999999999989,0.46933947166439544,0.5306605283356045,0.014297652199957421,0,2,6,2,False,False,bubble
2025-06-12,4.188,4.204,3.907,6.625585700998011,5999705.47,1749772799999,24319792.4322,82855.0,2941965.33,11934310.5363,0,-0.06846203449243526,-0.0709183323823637,8.48604019429215,-0.19886439990078308,8.525630094366905,0.12348734975555509,8.172077108227306,-0.1910536937258378,8.919162780451114,-0.043718765240919666,8.406061757045784,-0.03045063169996709,10.8454450492707,-0.08262848873908091,0.35102228600018925,0.4491154886869537,0.3581325620830566,4.682,3.742,3.06764436276384,45.63627318203817,-0.3103323010215959,-0.22942935299953546,-0.08090294802206047,8.172077108227306,13.187949965096031,3.156204251358581,0.34584025040511807,4649666.156,1.2903518809103935,-386708.1587252325,0.2689999999999997,0.016000000000000014,0.01200000000000001,0.2969999999999997,0.9057239057239056,0.49035162554404527,0.5096483744559547,0.013809844568920149,0,3,6,2,False,False,bubble
2025-06-13,3.919,3.919,3.664,7.29655097291942,9117736.81,1749859199999,34520828.85073,136245.0,4438620.61,16802429.93665,0,0.10126882395021197,0.09646299138001838,7.6587071257039465,-0.827333068588203,8.276089453408467,-0.24954064095843798,8.303984485119496,0.13190737689219034,8.828637939201872,-0.0905248412492412,8.432858763941262,0.026797006895478148,10.798665509765122,-0.046779539505577006,0.23438948083834837,0.42570533878485656,0.3557420696755524,4.682,3.664,3.568321191472906,57.109037281092725,-0.3467301153540383,-0.25288950547043604,-0.09384060988360227,8.303984485119496,13.062971764892154,3.5449972053468377,0.3941546328058055,5194550.602999999,1.7552503588538055,-188450.28874968117,0.08099999999999996,0.0,0.17399999999999993,0.2549999999999999,0.3176470588235294,0.4868116619830355,0.5131883380169645,0.014942852907376254,0,4,6,2,False,False,bubble
2025-06-14,3.838,3.846,3.716,5.200955378667032,2930108.58,1749945599999,11099648.82719,39568.0,1329309.06,5037314.76827,0,-0.287203584547004,-0.3385594316639453,6.835631549306578,-0.8230755763973683,7.748413841054235,-0.5276756123542317,8.002368461259886,-0.3016160238596104,8.702157294223428,-0.1264806449784448,8.423148839132516,-0.009709924808745996,10.747620229597,-0.05104528016812182,0.24824075947834356,0.2977562068487201,0.35871802851476264,4.682,3.664,1.5097793503605421,51.07680443453561,-0.53846560002376,-0.3100047243811008,-0.22846087564265916,8.002368461259886,12.744262527575437,3.2604743949443344,0.20461032623093273,4983909.768999999,0.5879136492850099,-43516.46405940598,0.05699999999999994,0.008000000000000007,0.06499999999999995,0.1299999999999999,0.43846153846153835,0.45367228677921556,0.5463277132207844,0.013503936430915471,0,5,6,2,False,False,bubble
2025-06-15,3.782,3.834,3.735,10.941769810031703,1774308.52,1750031999999,6722221.63703,32858.0,902855.93,3421889.36039,0,1.1037999777717764,0.7437452227572873,7.435477079003542,0.5998455296969638,7.972911954748793,0.2244981136945574,8.03248863532122,0.03012017406133438,8.779937171342493,0.07777987711906498,8.414665393061686,-0.00848344607083007,10.701531859642312,-0.046088369954688346,0.4332625593538165,0.38538981182211896,0.38357070402905796,4.682,3.664,7.149086257398528,59.21941132801899,-0.22459264220571917,-0.29292230794602453,0.06832966574030536,8.03248863532122,12.844027039162663,3.2209502314797778,0.8023233870883963,4497283.336999999,0.3945289604954237,18770.785718064148,0.039000000000000146,0.0129999999999999,0.04700000000000015,0.0990000000000002,0.39393939393939464,0.5088494587175854,0.4911505412824146,0.018518763580079072,0,6,6,2,False,False,bubble
2025-06-16,3.821,3.991,3.786,10.015137912229783,4011866.39,1750118399999,15689055.96405,58486.0,1879836.22,7350898.67779,0,-0.08468757009970729,-0.08848981854563306,8.015999954969189,0.5805228759656469,8.350452274581063,0.37754031983226977,7.985562747702521,-0.04692588761869931,8.86135817637949,0.08142100503699723,8.453638158660862,0.038972765599176284,10.672113705057932,-0.029418154584380574,0.4188872376308353,0.3867674591670342,0.3828311726772441,4.682,3.664,6.238838813585247,58.03965638589745,-0.050040674028139165,-0.2443459811624475,0.19430530713430832,7.985562747702521,12.694354617989362,3.2767708774156805,0.7155091178837374,4545449.283,0.8826116276347858,27298.75062549085,0.0259999999999998,0.14400000000000013,0.03500000000000014,0.20500000000000007,0.1268292682926819,0.4685689993778681,0.5314310006221319,0.014578252193488427,0,0,6,2,False,False,bubble
2025-06-17,3.846,3.897,3.663,7.1307055466270475,5144535.08,1750204799999,19358889.35551,73349.0,2444785.68,9205177.34036,0,-0.28800725370745706,-0.33968755541342943,8.117023924094998,0.10102396912580858,8.301532059193573,-0.04892021538748992,7.737143546374303,-0.24841920132821826,8.800128838026346,-0.0612293383531437,8.429039549147683,-0.024598609513178715,10.658509842528412,-0.013603862529519617,0.4338646060590156,0.39395507824981885,0.3746143013874861,4.682,3.663,3.4030476414396915,45.11576511066499,-0.1428103386775117,-0.22403885266546036,0.08122851398794867,7.737143546374303,12.038816661935401,3.4354704308132042,0.4295113804029536,4832455.3549999995,1.0645799499579651,-171172.4695191059,0.12700000000000022,0.05099999999999971,0.05600000000000005,0.23399999999999999,0.5427350427350437,0.4752199454338253,0.5247800545661747,0.01425765377422599,0,1,6,2,False,False,bubble
2025-06-18,3.719,3.786,3.572,6.496021842899559,6307506.25,1750291199999,23022607.40297,82876.0,2649698.2,9683750.63802,0,-0.08900713955685713,-0.09322021880761652,7.956918098091025,-0.1601058260039725,7.807812611897487,-0.49371944729608597,7.617412185266431,-0.11973136110787141,8.720379318995588,-0.07974951903075755,8.43537870100273,0.00633915185504641,10.604564477189431,-0.05394536533898098,0.40559252856680367,0.3888437355639766,0.37512814121251725,4.358,3.572,3.7201295711190334,42.67862132767043,-0.26449569516821647,-0.2321302211660116,-0.03236547400220488,7.617412185266431,11.917203029432303,3.31762134110056,0.36959943134345474,5190513.137,1.2151989761932471,-164514.14526754513,0.09699999999999998,0.06700000000000017,0.04999999999999982,0.21399999999999997,0.4532710280373831,0.4200864961489337,0.5799135038510663,0.013139265617057454,0,2,6,2,False,False,bubble
2025-06-19,3.622,3.657,3.496,5.631247926921762,6333647.02,1750377599999,22613412.42896,65731.0,2577885.31,9202452.71294,0,-0.13312361579002907,-0.1428588911328065,8.042976607741972,0.08605850965094675,7.439304078524275,-0.36850853337321166,7.6899371608773235,0.0725249756108921,8.603495584373228,-0.11688373462236079,8.44771552255529,0.01233682155256055,10.514291565166925,-0.09027291202250609,0.403351489080127,0.3676264629371335,0.37594317580676045,4.346,3.496,2.512056384613837,44.16666662628264,-0.42580384303616103,-0.2708649455400415,-0.15493889749611955,7.6899371608773235,11.789948697175646,3.589925624579002,0.24894104373493534,5361012.161,1.1814274673867875,-129400.8502153506,0.07399999999999984,0.03500000000000014,0.052000000000000046,0.16100000000000003,0.4596273291925455,0.40701436342437664,0.5929856365756233,0.010378064927274713,0,3,6,2,False,False,bubble
2025-06-20,3.547,3.577,3.33,7.004647364954376,7730014.2,1750463999999,26776699.46793,85268.0,3236233.84,11213699.37917,0,0.24388900219908516,0.21824276380799765,7.255552118726506,-0.787424489015466,7.345514598865025,-0.09378947965925022,7.805422113147455,0.11548495227013156,8.5206995933184,-0.08279599105482838,8.417660205951485,-0.030055316603805338,10.454725183397116,-0.059566381769808885,0.4064000498480273,0.369654882278318,0.37683741771914064,4.346,3.33,3.6167789025141497,51.51814115125326,-0.4377734755906548,-0.30424665155016417,-0.13352682404049065,7.805422113147455,11.67380618486925,3.937038041425661,0.39649751248243315,5467792.554,1.4137358218436904,-241835.2807779034,0.11000000000000032,0.029999999999999805,0.10699999999999976,0.2469999999999999,0.44534412955465735,0.4186582011712216,0.5813417988287783,0.011030768869738946,0,4,6,2,False,False,bubble
2025-06-21,3.437,3.508,3.209,3.3780082228503407,5927367.37,1750550399999,19991562.12894,72359.0,2521773.6,8492917.30544,0,-0.5177475685997873,-0.72928758542526,5.928126180850617,-1.3274259378758888,6.972063067909903,-0.37345153095512185,7.687102906260625,-0.11831920688682995,8.40501974792164,-0.1156798453967589,8.344469111922786,-0.07319109402869906,10.362474607515617,-0.09225057588149888,0.44210032296591084,0.3899453527198634,0.38402433626700083,4.346,3.209,0.14864399547083612,42.270274420795296,-0.7314670682659719,-0.38969073489332573,-0.3417763333726461,7.687102906260625,11.945964607920406,3.4282412046008437,-0.005897465716123859,5527679.569,1.0723066154632959,-194877.07675589158,0.11299999999999999,0.07100000000000017,0.11499999999999977,0.29899999999999993,0.3779264214046823,0.42544580799283244,0.5745541920071676,0.012207611825484,0,5,6,2,False,False,bubble
2025-06-22,3.325,3.363,3.007,7.514067933010032,11019675.81,1750636799999,34950831.97557,142255.0,5037701.92,15990281.56871,0,1.2244078277197654,0.7994907353503298,6.004798658127214,0.0766724772765972,7.060911291111106,0.08884822320120289,7.793270692739005,0.10616778647838032,8.424669643948691,0.019649896027051028,8.373876487652518,0.02940737572973262,10.282128594260149,-0.08034601325546831,0.5860788765283291,0.4712685329410502,0.4156966299205174,4.346,3.007,3.365995469014213,42.941428627529085,-0.6232909937023718,-0.436410786655135,-0.18688020704723685,7.793270692739005,11.914745596986393,3.6717957884916173,0.46612829554763996,6029676.603,1.827573273916097,-566896.6797563172,0.17200000000000015,0.03799999999999981,0.1459999999999999,0.35599999999999987,0.48314606741573096,0.4571551837694216,0.5428448162305785,0.012909181944436894,0,6,6,2,False,False,bubble
2025-06-23,3.153,3.421,3.111,5.767456823672974,8879579.75,1750723199999,28957754.83726,106245.0,4284297.3,13973084.86825,0,-0.2324454775906436,-0.2645457630740875,5.8590856542818965,-0.1457130038453176,6.908001876186461,-0.15290941492464505,7.592045664797465,-0.20122502794154062,8.404594411746961,-0.02007523220173013,8.379244014471698,0.0053675268191799574,10.220292584651371,-0.06183600960877733,0.597126267445063,0.4444977513086671,0.41791573119761594,4.346,3.007,2.06158089893426,43.521903994139336,-0.6707654284078952,-0.48328171500568706,-0.18748371340220815,7.592045664797465,11.695586656774633,3.4885046728202953,0.27768117283441995,6005860.897,1.4784857495509858,740669.0371868067,0.2629999999999999,0.004999999999999893,0.041999999999999815,0.3099999999999996,0.8483870967741943,0.4824887461594114,0.5175112538405886,0.011965093280456206,0,0,6,2,False,False,bubble
2025-06-24,3.416,3.525,3.385,4.957653062533926,4687786.75,1750809599999,16125431.26595,64500.0,2260205.94,7775712.74439,0,-0.14040915881938565,-0.15129876901622283,5.72436668140433,-0.1347189728775664,6.883671644573151,-0.024330231613309827,7.316042742813693,-0.2760029219837721,8.37406838674355,-0.03052602500341095,8.350801919025011,-0.028442095446687077,10.132993150056132,-0.08729943459523959,0.5884554467841239,0.44632951568493245,0.41867233345729316,4.346,3.007,1.4567984036847843,44.43685785294105,-0.7649161781010019,-0.53960860762475,-0.22530757047625183,7.316042742813693,11.344229901868035,3.2878555837593506,0.20726413804051963,6181628.714,0.7583416874234482,31562.966993559625,0.02300000000000013,0.08599999999999985,0.03100000000000014,0.14000000000000012,0.1642857142857151,0.48214777261359,0.51785222738641,0.013759158306422535,0,1,6,2,False,False,bubble
2025-06-25,3.438,3.465,3.341,5.915095487361761,3894305.42,1750895999999,13255574.27421,47982.0,1865945.53,6352366.73786,0,0.19312412804022894,0.17657518467747507,5.506456305885807,-0.21791037551852277,6.3810042123061566,-0.5026674322669944,7.176958083527474,-0.13908465928621894,8.32529824792558,-0.048770138817969766,8.358265579372103,0.007463660347092116,10.081796094684188,-0.051197055371943634,0.4773105733049685,0.44501240798914005,0.4178554171244731,4.346,3.007,2.1718412900386563,47.778821466444484,-0.7535868435084687,-0.5824042548014938,-0.1711825887069749,7.176958083527474,11.196494297527607,3.157421869527341,0.3430338067647433,6393628.404,0.6090916102605578,-98518.34008141921,0.0860000000000003,0.02699999999999969,0.010999999999999677,0.12399999999999967,0.6935483870967785,0.4791471979616843,0.5208528020383157,0.012321067514011266,0,2,6,2,False,False,bubble
2025-06-26,3.352,3.433,3.271,8.777004547036421,3980149.78,1750982399999,13292768.83147,49441.0,1913609.46,6390096.39661,0,0.4838314217901365,0.3946275411160829,6.586255570723023,1.0797992648372157,6.25719087578682,-0.12381333651933613,7.303821575183941,0.12686349165646682,8.295653048976005,-0.029645198949575402,8.327621401346418,-0.03064417802568542,10.017946171924637,-0.0638499227595517,0.49721634391630526,0.4477345422730513,0.42145487417111666,4.346,3.007,4.309189355516372,53.66763777150223,-0.5078222621470134,-0.5674878562705977,0.0596655941235843,7.303821575183941,11.358813642536749,3.2488295078311316,0.6816505368423826,6390456.743,0.6228271217639944,-62931.962511933314,0.052999999999999936,0.08099999999999996,0.028000000000000025,0.16199999999999992,0.3271604938271603,0.4807883033989741,0.5192116966010258,0.012421894333835849,0,3,6,2,False,False,bubble
2025-06-27,3.299,3.394,3.274,5.9975634469849135,3955846.51,1751068799999,13169767.74878,50281.0,1964277.0,6541756.89328,0,-0.316673084211856,-0.38078188709143895,6.282954673517999,-0.3033008972050242,6.143876665822607,-0.11331420996421304,7.22270436250809,-0.08111721267585104,8.249044170601305,-0.04660887837470007,8.340703592947285,0.013082191600867432,9.967225162737673,-0.05072100918696343,0.4996150448005792,0.45550600648951955,0.42344180842983015,4.346,3.007,2.233430505589928,47.93406433873844,-0.5312063130827793,-0.5602315476330341,0.02902523455025474,7.22270436250809,11.315801580737542,3.129607144278637,0.3503406039237526,6271587.886,0.6307567687651471,71946.28390421336,0.06000000000000005,0.03500000000000014,0.02499999999999991,0.1200000000000001,0.5,0.49655035781456547,0.5034496421854345,0.012710553827832921,0,4,6,2,False,False,bubble
2025-06-28,3.36,3.426,3.33,7.022881228097875,1866680.64,1751155199999,6302639.11863,22221.0,893876.73,3019304.49753,0,0.17095572063158548,0.15782027060566567,6.534039554402979,0.2510848808849797,6.196562604342438,0.052685938519831055,7.0021876081199625,-0.220516754388127,8.147920970579161,-0.10112320002214403,8.29511111790458,-0.045592475042704805,9.89412856825195,-0.07309659448572248,0.49708746865301984,0.44467406190318065,0.4201023103886135,4.346,3.007,2.999164472067121,52.999750162630626,-0.46168178568631646,-0.5405215952436906,0.07883980955737413,7.0021876081199625,10.583361440268888,3.421013775971038,0.5028892230519698,5827505.325,0.32032242544540274,26674.805215838016,0.04700000000000015,0.019000000000000128,0.029999999999999805,0.09600000000000009,0.4895833333333345,0.4788589493272936,0.5211410506727063,0.011904018032779299,0,5,6,2,False,False,bubble
2025-06-29,3.408,3.582,3.379,9.315846382039084,2800833.68,1751241599999,9697718.23224,37258.0,1327370.56,4594240.1251,0,0.32649920730074067,0.2825432970084005,7.405678218304011,0.8716386639010327,6.565022449854171,0.3684598455117323,7.002163264189223,-2.4343930739689768e-05,8.098768864445164,-0.04915210613399701,8.27006895922403,-0.025042158680550486,9.862120006389635,-0.03200856186231604,0.4946286204291183,0.44537372866552744,0.42157223468305366,4.346,3.007,4.7116104421501745,46.980095189137664,-0.21903507204778094,-0.4762242906045087,0.25718921855672777,7.002163264189223,10.583270866607423,3.421055661771023,0.8230401561080585,5474223.990999999,0.5116403136964733,110159.00003522144,0.133,0.040999999999999925,0.028999999999999915,0.20299999999999985,0.655172413793104,0.4739198080480095,0.5260801919519905,0.013302467856641883,0,6,6,2,False,False,bubble
2025-06-30,3.542,3.56,3.352,6.916060881473328,3677669.93,1751327999999,12629243.19344,49972.0,1832344.69,6293210.77454,0,-0.257602519637135,-0.2978704914236844,7.605871297126325,0.20019307882231363,6.556163801506065,-0.008858648348105902,6.950839200185546,-0.05132406400367717,7.984468805860819,-0.11430005858434544,8.22117006191651,-0.04889889730752017,9.8121294146332,-0.049990591756435165,0.5085509353815303,0.4488959694201724,0.42407679955216865,4.346,3.007,2.9193882609957638,44.5425840921106,-0.2178670021818334,-0.4245528329199737,0.20668583073814029,6.950839200185546,10.504517601186237,3.3971607991848543,0.49510671552293195,5068989.564,0.7255232790611442,-149557.88475571893,0.14500000000000002,0.018000000000000238,0.04499999999999993,0.20800000000000018,0.6971153846153841,0.49823522090792954,0.5017647790920704,0.01358795132547417,0,0,6,2,False,False,bubble
2025-07-01,3.397,3.42,3.256,8.746425142421327,3435357.79,1751414399999,11444382.01102,40172.0,1766902.35,5889065.75917,0,0.264654156797717,0.23479869096477904,7.599755416203306,-0.00611588092301929,7.093005493463164,0.5368416919570995,7.032534280686534,0.08169508050098795,8.049102959572425,0.06463415371160597,8.226799641962314,0.005629580045804161,9.760166342887212,-0.05196307174598758,0.4621492286204504,0.44908859972910586,0.4152580922062241,4.204,3.007,4.794841388823166,52.95495081887888,-0.06845706905246818,-0.35333368014647265,0.2848766110940045,7.032534280686534,10.67585545708499,3.3892131042880767,0.735209960740962,4819788.606,0.7127610919954941,-117309.83327641987,0.11599999999999966,0.02300000000000013,0.025000000000000355,0.16400000000000015,0.707317073170729,0.514328479887389,0.485671520112611,0.011693687369896922,0,1,7,3,False,False,bubble
2025-07-02,3.28,3.625,3.241,9.613000287527997,6939908.98,1751500799999,24139240.06007,76135.0,3594358.41,12501223.4338,0,0.09907763812024939,0.09447131725772816,8.322842784311922,0.7230873681086161,7.302898728914961,0.20989323545179683,7.181905010013033,0.14937072932649897,8.088649707114714,0.03954674754228904,8.261012920581734,0.03421327861942025,9.758804835525712,-0.0013615073614996476,0.27739514044587565,0.4476384925398636,0.4129111401153016,3.991,3.007,6.713414926349591,55.65262150847636,0.1185106345081346,-0.2589648172155512,0.3774754517236858,7.181905010013033,10.995936280928694,3.3678737390973708,0.8187041616640068,4411811.923,1.573029200048245,558407.7935751288,0.2650000000000001,0.08000000000000007,0.0389999999999997,0.3839999999999999,0.6901041666666672,0.5179258719903269,0.48207412800967314,0.010970604977588625,0,2,7,3,False,False,bubble
2025-07-03,3.545,3.665,3.499,10.05606855591038,5719860.72,1751587199999,20503938.84525,62773.0,2851034.43,10221822.53186,0,0.04609052898471511,0.045059909684222084,8.929480249874425,0.6066374655625033,7.731759902138703,0.4288611732237415,7.319880889162581,0.13797587914954867,8.11165387811912,0.02300417100440555,8.293260656221742,0.03224773564000749,9.715575170003493,-0.04322966552221885,0.258186873607943,0.44775636349943376,0.4127017173908411,3.991,3.007,7.163687556819493,58.149026472422655,0.29898923124842014,-0.14737400752275692,0.44636323877117706,7.319880889162581,11.345179559243697,3.294582219081467,0.8398738691224445,4095840.0200000005,1.39650491524813,-9681.00544992921,0.005999999999999783,0.1200000000000001,0.040000000000000036,0.16599999999999993,0.03614457831325172,0.4984447296122274,0.5015552703877726,0.010974567926192441,0,3,7,3,False,False,bubble
2025-07-04,3.539,3.561,3.313,5.773319290020804,5659272.37,1751673599999,19296990.85477,55577.0,2910856.66,9905023.2134,0,-0.42588703946060735,-0.5549291066594427,8.220974831470768,-0.7085054184036572,7.813326524887389,0.08156662274868598,7.348499084730269,0.028618195567688076,8.036294008159622,-0.07535986995949706,8.259062453025559,-0.034198203196183385,9.642661587598935,-0.07291358240455814,0.2987207499498351,0.45492945518294753,0.41861200336809906,3.991,3.007,2.8113000914845565,47.95179635669705,0.09533874046117408,-0.09883145792597073,0.1941701983871448,7.348499084730269,11.318121021110422,3.3788771483501177,0.30159574136348954,4192988.582000001,1.3496989699172042,-289440.03926815523,0.18100000000000005,0.021999999999999797,0.04499999999999993,0.24799999999999978,0.7298387096774203,0.5143517522553875,0.4856482477446124,0.009820520442630683,0,4,7,3,False,False,bubble
2025-07-05,3.358,3.39,3.308,8.920188532165398,2237505.07,1751759999999,7505825.11236,26609.0,1007197.44,3380042.15963,0,0.5450710560186693,0.4350699002427525,8.62180036160918,0.4008255301384125,8.113835829367753,0.3005093044803644,7.2474200208369535,-0.10107906389331589,8.063651194190978,0.02735718603135595,8.243084146078731,-0.01597830694682756,9.639215989203215,-0.0034455983957197844,0.3348985421371922,0.4031927558879949,0.4223031942159948,3.991,3.007,6.009337939192478,59.36844969394377,0.18572933548029447,-0.0419192992447177,0.22764863472501218,7.2474200208369535,10.923925532159373,3.5709145095145347,0.7274943565536446,4027308.547,0.555583224847957,-1332.6414949377272,0.002000000000000224,0.03200000000000003,0.04800000000000004,0.0820000000000003,0.024390243902441665,0.4501430872735408,0.5498569127264592,0.011892263555854201,0,5,7,3,False,False,bubble
2025-07-06,3.356,3.448,3.328,6.343384898155394,3771010.63,1751846399999,12766488.87439,37457.0,1930952.52,6537381.58545,0,-0.28887322557345974,-0.34090456067585156,8.141192312755994,-0.48060804885318653,7.870473864479649,-0.2433619648881038,7.063832370133234,-0.18358765070371952,7.98409491257028,-0.0795562816206985,8.204069369000345,-0.03901477707838552,9.590824614924232,-0.048391374278983434,0.3238164604955863,0.4094682296540963,0.4232362892067224,3.897,3.007,3.748747076579096,47.910964791902344,0.04887461905880475,-0.02376051558401321,0.07263513464281796,7.063832370133234,10.518416490037874,3.6092482502285947,0.3957258751021921,4006394.632,0.9412479239763517,43822.829132896164,0.039000000000000146,0.052999999999999936,0.028000000000000025,0.1200000000000001,0.3250000000000009,0.5120517308114828,0.48794826918851725,0.009932881043085259,0,6,7,3,False,False,bubble
2025-07-07,3.395,3.437,3.323,8.282532869127856,2853677.78,1751932799999,9657326.46942,34832.0,1288963.08,4362642.35663,0,0.30569609161448663,0.26673630210156335,7.8750988290759665,-0.2660934836800273,8.098970806693945,0.22849694221429573,7.121423736258275,0.0575913661250409,7.88185140091075,-0.1022435116595295,8.234371633053918,0.030302264053572614,9.570611048058975,-0.020213566865256993,0.3123067747947676,0.4055276147049933,0.42332776269986905,3.786,3.007,6.772185968071703,54.457419574719104,0.09578515380263308,0.00014861829331605167,0.09563653550931703,7.121423736258275,10.61884061530019,3.6240068572163597,0.6659952434934859,3896177.7590000005,0.7324300780189325,-21854.380642120686,0.0259999999999998,0.041999999999999815,0.04600000000000026,0.11399999999999988,0.22807017543859498,0.4516848710228245,0.5483151289771755,0.012206003159894247,0,0,7,3,False,False,bubble
2025-07-08,3.369,3.477,3.327,7.346581113374136,3238505.57,1752019199999,10985328.82606,39191.0,1573544.78,5339906.08026,0,-0.1130030837839916,-0.11991377332346198,7.333201340568718,-0.5418974885072485,8.13134079522157,0.03236998852762518,7.163951699782004,0.04252796352372901,7.847321873533747,-0.03452952737700343,8.19668033668511,-0.037691296368807414,9.505441168631897,-0.06516987942707786,0.3158622264549514,0.4060737535653276,0.42046929991009097,3.665,3.007,6.5951080750366815,54.21500304595132,0.05678403493721529,0.0114757016220959,0.04530833331511939,7.163951699782004,10.650015342804275,3.677888056759732,0.526194216786272,4033360.2520000003,0.8029299064952454,75940.02375482318,0.07899999999999974,0.028999999999999915,0.04200000000000026,0.1499999999999999,0.5266666666666652,0.4858860810914091,0.5141139189085909,0.012101569428518847,0,1,7,3,False,False,bubble
2025-07-09,3.448,3.659,3.417,9.299010761114115,5645429.86,1752105599999,20033638.8888,62212.0,2662471.59,9455467.35609,0,0.265760306407788,0.2356729743650793,8.03833963478738,0.7051382942186626,8.129657233129073,-0.0016835620924968708,7.347339841491622,0.18338814170961815,7.80977039667852,-0.03755147685522697,8.243575814965636,0.04689547828052554,9.465041689623531,-0.04039947900836616,0.3104965950800229,0.40516642593584806,0.4207693026139031,3.665,3.007,9.562326384671909,55.768028657329644,0.1813298648773305,0.04544653427314282,0.13588333060418767,7.347339841491622,10.87949918744866,3.815180495534584,0.7762716412916655,4317819.87,1.3074722961984053,281616.57074245997,0.17200000000000015,0.0389999999999997,0.03100000000000014,0.242,0.7107438016528932,0.4716153873179109,0.528384612682089,0.01101988715523604,0,2,7,3,False,False,bubble
2025-07-10,3.62,3.656,3.59,7.674073863089305,959864.95,1752191999999,3482003.85836,10831.0,490550.56,1779901.49841,0,-0.17474298500866836,-0.1920604078410594,7.789116700972161,-0.24922293381521943,8.20545853129067,0.07580129816159697,7.380811166398368,0.033471324906746425,7.76859506063293,-0.04117533604558954,8.23598849732844,-0.007587317637195667,9.407780950241449,-0.05726073938208209,0.3025548174649556,0.40781059991527535,0.4212515850046595,3.665,3.007,7.092817421108367,48.037238822143635,0.14721747350789371,0.065800722120093,0.08141675138780072,7.380811166398368,10.911984259397478,3.849638073399259,0.5415248260234479,4046039.3720000004,0.2372356919318678,3712.1848895027206,0.01399999999999979,0.02200000000000024,0.03000000000000025,0.06600000000000028,0.21212121212120805,0.5110620613868649,0.48893793861313506,0.011283879049860088,0,3,7,3,False,False,bubble
