timestamp,open,high,low,close,volume,close_time,quote_asset_volume,number_of_trades,taker_buy_base,taker_buy_quote,ignore,returns,log_returns,ma_5,ma_5_slope,ma_10,ma_10_slope,ma_20,ma_20_slope,ma_50,ma_50_slope,ma_100,ma_100_slope,ma_200,ma_200_slope,volatility_10,volatility_20,volatility_50,high_20,low_20,price_position,rsi,macd,macd_signal,macd_histogram,bb_middle,bb_upper,bb_lower,bb_position,volume_ma_10,volume_ratio,volume_price_trend,body_size,upper_wick,lower_wick,total_range,body_ratio,buy_pressure,sell_pressure,trade_intensity,hour,day_of_week,month,quarter,gap_up,gap_down,scenario_type
2024-07-11,6.096,6.248,5.895,3.6044234969186366,2350422.86,1720742399999,14266314.81401,84775.0,1081010.37,6565968.70662,0,,,,,,,,,,,,,,,,,,,,,,0.0,0.0,0.0,,,,,,,,0.1930000000000005,0.15200000000000014,0.008000000000000007,0.35300000000000065,0.5467422096317285,0.45992165426777726,0.5400783457322228,0.03606797799779739,0,3,7,3,False,False,crash
2024-07-12,5.902,6.104,5.801,4.802400326803967,2711128.45,1720828799999,16061145.58148,95781.0,1372630.27,8134873.01214,0,0.332362950943323,0.28695402069389886,,,,,,,,,,,,,,,,,,,,0.09556510323871636,0.019113020647743274,0.0764520825909731,,,,,,,91855.95290530226,0.20099999999999962,0.001000000000000334,0.10099999999999998,0.30299999999999994,0.6633663366336623,0.5062948124055132,0.4937051875944867,0.03532883143179734,0,4,7,3,False,False,crash
2024-07-13,6.102,6.306,6.074,3.13071438403519,2003082.88,1720915199999,12463058.33448,83543.0,1021579.07,6357310.35747,0,-0.34809383412675554,-0.4278546447849073,,,,,,,,,,,,,,,,,,,,0.03599512198562893,0.022489440915320406,0.013505681070308525,,,,,,,42339.454615762676,0.1299999999999999,0.07399999999999984,0.02800000000000047,0.2320000000000002,0.560344827586206,0.5100033953662466,0.48999660463375333,0.04170721083692753,0,5,7,3,False,False,crash
2024-07-14,6.233,6.357,6.159,2.790029231257843,2826709.6,1721001599999,17678789.87336,76142.0,1418253.43,8866245.26725,0,-0.10882025984696708,-0.11520914328898324,,,,,,,,,,,,,,,,,,,,-0.03826387975313894,0.010338776781628537,-0.048602656534767474,,,,,,,39915.02644415938,0.08700000000000063,0.03699999999999992,0.07399999999999984,0.1980000000000004,0.4393939393939417,0.5017329795745554,0.4982670204254445,0.02693661917021826,0,6,7,3,False,False,crash
2024-07-15,6.32,6.543,6.295,5.449852137150114,5049392.8,1721087999999,32365747.32191,127556.0,2394517.92,15347155.90215,0,0.9533315551296677,0.6695364045772236,3.9554839152331502,,,,,,,,,,,,,,,,,,,0.11617165131761631,0.031505351688826094,0.08466629962879021,,,,,,,131028.54734177173,0.1639999999999997,0.05900000000000016,0.025000000000000355,0.24800000000000022,0.6612903225806434,0.47421898332013307,0.525781016679867,0.025261651262306232,0,0,7,3,False,False,crash
2024-07-16,6.486,6.513,6.126,5.304194901279668,4558393.8,1721174399999,28926424.01309,140931.0,2225905.16,14129314.79331,0,-0.026726823444904513,-0.02709047920706988,4.295438196105356,0.3399542808722056,,,,,,,,,,,,,,,,,,0.2242248759182277,0.07004925653470642,0.15417561938352128,,,,,,,-103344.21477483051,0.14900000000000002,0.027000000000000135,0.2109999999999994,0.38699999999999957,0.3850129198966413,0.4883090969455075,0.5116909030544925,0.03091681109253878,0,1,7,3,False,False,crash
2024-07-17,6.335,6.535,6.246,3.427086000193196,3182801.28,1721260799999,20409441.02157,113708.0,1596276.58,10243934.47959,0,-0.353891388989799,-0.4367876608327841,4.020375330783202,-0.2750628653221536,,,,,,,,,,,,,,,,,,0.15658581047969244,0.08735656732370363,0.06922924315598881,,,,,,,-41185.05680290361,0.08000000000000007,0.20000000000000018,0.008999999999999453,0.2889999999999997,0.2768166089965403,0.5015319649488139,0.49846803505118603,0.035725761678718444,0,2,7,3,False,False,crash
2024-07-18,6.254,6.407,6.02,5.808827024423655,3370663.16,1721347199999,20942036.0067,115888.0,1582766.83,9841354.80016,0,0.6949755635242862,0.5276683239286594,4.555997858860895,0.5356225280776927,,,,,,,,,,,,,,,,,,0.2918042219923329,0.1282460982574295,0.16355812373490342,,,,,,,-87297.75090647487,0.1609999999999996,0.15300000000000047,0.0730000000000004,0.38700000000000045,0.41602067183462377,0.4695713439369599,0.5304286560630401,0.03438136488251172,0,3,7,3,False,False,crash
2024-07-19,6.092,6.48,5.978,4.5471315568575505,2757057.53,1721433599999,17092640.49337,88094.0,1493081.34,9275795.77161,0,-0.21720313968056026,-0.24488205430188253,4.907418323980837,0.35142046511994174,,,,,,,,,,,,,,,,,,0.2937710971665659,0.1613510980392568,0.13241999912730912,,,,,,,110861.4959543738,0.24600000000000044,0.14200000000000035,0.11399999999999988,0.5020000000000007,0.49003984063745043,0.5415488519022671,0.45845114809773296,0.031952180555332846,0,4,7,3,False,False,crash
2024-07-20,6.337,6.397,6.224,3.6795083298172764,1720991.41,1721519999999,10890692.56024,52953.0,902767.47,5714858.14562,0,-0.19080671324140763,-0.2117174698690395,4.553349562514269,-0.35406876146656785,4.25441673887371,,,,,,,,,,,,,,,,,0.222752168184003,0.17363131206820606,0.049120856115796946,,,,,3053064.377,0.5636931284400493,-1357.6770353423417,0.0039999999999995595,0.0600000000000005,0.10899999999999999,0.17300000000000004,0.023121387283234443,0.5245624497335521,0.47543755026644785,0.030768892681457372,0,5,7,3,False,False,crash
2024-07-21,6.332,6.445,6.1,3.34606821819891,2339766.13,1721606399999,14729938.84413,77880.0,1143809.7,7207426.34326,0,-0.09062083347285832,-0.09499314688471631,4.1617242258981175,-0.3916253366161513,4.228581211001737,-0.02583552787197263,,,,,,,,,0.4486423256925095,,,,,,,0.1379728597274359,0.16649962160005202,-0.02852676187261613,,,,,3051998.704,0.7666340509691121,35837.251635875364,0.09799999999999986,0.015000000000000568,0.2320000000000002,0.34500000000000064,0.2840579710144918,0.4888564225861326,0.5111435774138674,0.03328537797066068,0,6,7,3,False,False,crash
2024-07-22,6.43,6.476,6.08,4.1014696236023385,2585309.02,1721692799999,16189745.26295,76605.0,1172894.72,7350320.76699,0,0.22575792128052874,0.20355936392320814,4.296600950579945,0.13487672468182765,4.158488140681574,-0.07009307032016299,,,,,,,,,0.44279742188589616,,,,,,,0.13023792550188062,0.15924728238041777,-0.029009356878537146,,,,,3039416.761,0.8505937892996965,-134291.3239004664,0.33399999999999963,0.04600000000000026,0.016000000000000014,0.3959999999999999,0.8434343434343426,0.45367679876040506,0.546323201239595,0.029630887219818696,0,0,7,3,False,False,crash
2024-07-23,6.095,6.165,5.799,4.0969909111529095,2986487.42,1721779199999,17898039.147,107148.0,1390273.76,8338394.2035,0,-0.0010919774764771573,-0.0010925741182675362,3.9542337279257973,-0.3423672226541479,4.255115793393346,0.09662765271177154,,,,,,,,,0.4208570958116216,,,,,,,0.12233632275937545,0.1518650904562093,-0.029528767696833852,,,,,3137757.215,0.9517904717812911,-87693.77430774306,0.17799999999999994,0.07000000000000028,0.11799999999999944,0.36599999999999966,0.4863387978142079,0.4655213849854422,0.5344786150145578,0.035877599645137634,0,1,7,3,False,False,crash
2024-07-24,5.917,5.997,5.654,5.418171658697177,2358741.13,1721865599999,13810419.50156,77804.0,1038934.4,6089588.24525,0,0.3224758795406948,0.2795056460514374,4.128441748293723,0.17420802036792526,4.51793003613728,0.26281424274393395,,,,,,,,,0.42048944184343584,,,,,,56.119878691105704,0.22014479821810173,0.1655210320085878,0.054623766209513924,,,,,3090960.368,0.7631094705773336,-67369.82439918855,0.1689999999999996,0.08000000000000007,0.0940000000000003,0.34299999999999997,0.49271137026238954,0.44046139136938695,0.5595386086306131,0.03298539166101708,0,2,7,3,False,False,crash
2024-07-25,5.747,5.779,5.54,3.956240754815753,2972357.49,1721951999999,16868022.73891,103777.0,1404441.52,7971995.8916,0,-0.2698199680578137,-0.31446415614630596,4.183788233293417,0.055346484999694745,4.3685688979038435,-0.1493611382334361,,,,,,,,,0.3210463016329544,,,,,,51.08049139009866,0.17764532884373718,0.16794589137561772,0.009699437468119465,,,,,2883256.8370000003,1.0309027804448765,3619.781216074688,0.008000000000000007,0.02400000000000002,0.20699999999999985,0.23899999999999988,0.03347280334728038,0.47250087673673463,0.5274991232632654,0.03491403720755002,0,3,7,3,False,False,crash
2024-07-26,5.755,5.891,5.726,3.9186816907352164,2528303.82,1722038399999,14731225.61897,64349.0,1281901.66,7469244.17566,0,-0.0094936244804662,-0.009538976196368043,4.298310927800679,0.11452269450726149,4.230017576849398,-0.1385513210544458,,,,,,,,,0.32087760783648916,,,,,,47.07765210081859,0.13932741093040235,0.16222219528657467,-0.022894784356172315,,,,,2680247.839,0.9433097130835891,49204.1751242398,0.1120000000000001,0.02400000000000002,0.028999999999999915,0.16500000000000004,0.6787878787878793,0.5070204181394624,0.49297958186053764,0.025451450688390765,0,4,7,3,False,False,crash
2024-07-27,5.867,5.942,5.715,3.131027147530117,2061613.39,1722124799999,12055104.50057,66226.0,983835.65,5753295.07845,0,-0.20099987836912592,-0.22439418098699526,4.104222432586235,-0.1940884952144435,4.20041169158309,-0.029605885266307475,,,,,,,,,0.3047975611739687,,,,,,50.001098496584184,0.044885632355953664,0.13875488270045047,-0.09386925034449681,,,,,2568129.05,0.8027686108686789,-14758.439130731065,0.041999999999999815,0.07500000000000018,0.11000000000000032,0.2270000000000003,0.185022026431717,0.4772163659647166,0.5227836340352833,0.03212338468562236,0,5,7,3,False,False,crash
2024-07-28,5.825,5.844,5.67,5.710382867718904,1204090.29,1722211199999,6911612.14166,37155.0,567925.87,3260924.15182,0,0.8238049683547104,0.6009249606911001,4.426900823899433,0.32267839131319764,4.190567275912615,-0.009844415670475115,,,,,,,,,0.3372003987092385,,,,,,58.863173547750016,0.17614183898811575,0.14623227395798352,0.02990956503013223,,,,,2351471.7630000003,0.5120581539383766,-22118.053395708223,0.1070000000000002,0.019000000000000128,0.04800000000000004,0.17400000000000038,0.614942528735632,0.471663856702972,0.528336143297028,0.030857320508746896,0,6,7,3,False,False,crash
2024-07-29,5.72,5.88,5.622,3.7573871806734735,2552750.24,1722297599999,14741753.65262,73040.0,1276172.08,7377277.42598,0,-0.34200783595191453,-0.41856225646924095,4.094743928294693,-0.33215689560474004,4.111592838294207,-0.07897443761840783,,,,,,,,,0.34981840824061977,,,,,,44.633168500239805,0.12117605616936888,0.1412210304002606,-0.020044974230891716,,,,,2331041.034,1.0951116701792047,-30804.43626442803,0.07099999999999973,0.16000000000000014,0.027000000000000135,0.258,0.27519379844961134,0.49992046225407466,0.5000795377459254,0.02861227818354842,0,0,7,3,False,False,crash
2024-07-30,5.65,5.726,5.481,4.884113879128653,1921244.42,1722383999999,10784712.48248,60151.0,861000.94,4837876.13269,0,0.2998697350783064,0.26226405566083816,4.280318553157273,0.18557462486258025,4.232053393225345,0.12046055493113794,4.243235066049527,,,,,,,,0.35032889945573487,,,6.543,5.481,-0.5620396618374266,48.745943860678096,0.16661210476456034,0.14629924527312055,0.020312859491439794,4.243235066049527,6.114345465908846,2.3721246661902082,0.6712562799948391,2351066.335,0.8171800137659663,-44213.44921224986,0.13100000000000023,0.07599999999999962,0.038000000000000256,0.2450000000000001,0.5346938775510212,0.4481475292977038,0.5518524707022961,0.03130835378041072,0,1,7,3,False,False,crash
2024-07-31,5.519,5.559,5.335,5.316363167754779,2644241.77,1722470399999,14491968.14833,81717.0,1291613.13,7079187.57328,0,0.08850106678987624,0.08480158174699286,4.559854848561185,0.2795362954039122,4.4290828881809325,0.1970294949555873,4.328832049591334,0.08559698354180689,,,,,,,0.34541995341274034,0.3899818769380124,,6.543,5.335,-0.015427841262600212,56.17248151770399,0.234792859824819,0.16399796818346024,0.07079489164135877,4.328832049591334,6.23323105356956,2.4244330456131076,0.7592763165966074,2381513.899,1.1103196882916868,-62285.093332125194,0.1299999999999999,0.040000000000000036,0.05400000000000027,0.2240000000000002,0.5803571428571419,0.4884625697445207,0.5115374302554793,0.03090375506775237,0,2,7,3,False,False,crash
2024-08-01,5.389,5.422,5.026,4.04975733516397,4408677.71,1722556799999,23057405.0987,118524.0,2218655.08,11590078.92745,0,-0.23824667213728468,-0.2721324924186539,4.743600886087956,0.18374603752677032,4.4239116593370955,-0.005171228843837028,4.291199900009334,-0.03763214958199956,,,,,,,0.3566905639412992,0.39134653541222003,,6.543,5.026,-0.6435350460356161,43.801246007819756,0.1844953466901451,0.16809744388479722,0.01639790280534789,4.291199900009334,6.185917551497299,2.3964822485213695,0.43628534450614476,2563850.768,1.719553167846468,-40086.3254388574,0.04900000000000038,0.032999999999999474,0.31400000000000006,0.3959999999999999,0.12373737373737471,0.5032472831859601,0.4967527168140399,0.026884251423313955,0,3,8,3,False,False,crash
2024-08-02,5.341,5.369,5.0,3.596554443822264,3554684.74,1722643199999,18373097.53989,93870.0,1623290.53,8402647.58704,0,-0.11190865373748526,-0.11868067386771466,4.320835201308628,-0.4227656847793275,4.373868012604031,-0.05004364673306494,4.314491902998689,0.023292002989354188,,,,,,,0.36006647841529615,0.3821393621657665,,6.543,5.0,-0.9095564200763032,46.447876111126945,0.10683301490563313,0.1558445580889644,-0.049011543183331285,4.314491902998689,6.1599552724841935,2.4690285335131836,0.3054858549220141,2620670.5,1.3564027755492345,-145116.3433183521,0.2190000000000003,0.02799999999999958,0.12199999999999989,0.3689999999999998,0.5934959349593508,0.4566623058673833,0.5433376941326167,0.02640740511913864,0,4,8,3,False,False,crash
2024-08-03,5.123,5.209,4.854,3.298969689402063,3126943.96,1722729599999,15746333.90916,79104.0,1486544.56,7483923.45747,0,-0.08274162370358584,-0.08636608382178693,4.229151703054345,-0.0916834982542829,4.1619478156745195,-0.21192019692951103,4.3399389259059,0.025447022907211014,,,,,,,0.34682978727118424,0.3815686087888228,,6.543,4.854,-0.9206810601527158,48.514723819382084,0.021030033640307977,0.12888165319923311,-0.10785161955892514,4.3399389259059,6.109362821910111,2.570515029901689,0.20584515139232654,2697490.7830000003,1.15920468744749,-47007.94317063657,0.07800000000000029,0.08599999999999941,0.19099999999999984,0.35499999999999954,0.21971830985915602,0.47539852936795196,0.524601470632048,0.025297543228117208,0,5,8,3,False,False,crash
2024-08-04,5.044,5.097,4.534,4.388735612593416,4876624.24,1722815999999,23395140.70896,96819.0,2202195.34,10555925.17162,0,0.3303352336616565,0.2854309658577449,4.130076049747298,-0.0990756533070476,4.205197301452285,0.043249485777765884,4.2868830996780645,-0.05305582622783511,,,,,,,0.34770429187058266,0.3265843004151263,,6.535,4.534,-0.07259589575541438,53.842747300310506,0.04049871132359151,0.11120506482410479,-0.07070635350051328,4.2868830996780645,5.978084152434969,2.5956820469211603,0.5301124791606878,2887917.4579999996,1.6886300633319558,-345085.2039008924,0.35599999999999987,0.053000000000000824,0.15399999999999991,0.5630000000000006,0.6323268206039068,0.45158192052951773,0.5484180794704823,0.019853692889817566,0,6,8,3,False,False,crash
2024-08-05,4.688,4.726,3.59,2.424348349914908,21997702.93,1722902399999,88685187.18137,439161.0,10505489.74,42364300.21631,0,-0.4475975397200337,-0.5934784036553861,3.5516730861793233,-0.5784029635679744,4.055763967370255,-0.14943333408203063,4.142890772109827,-0.14399232756823732,,,,,,,0.3826746584891818,0.3437123039038941,,6.535,3.59,-0.39580701191344375,44.32472313515344,-0.10141283237267551,0.06868148538474873,-0.17009431775742423,4.142890772109827,5.955431956451845,2.3303495877678095,0.025930103812019437,4834857.369,4.549814244995983,-2289863.274283274,0.48799999999999955,0.038000000000000256,0.6100000000000003,1.1360000000000001,0.42957746478873193,0.4775721253000847,0.5224278746999153,0.0199639481175592,0,0,8,3,False,False,crash
2024-08-06,4.199,4.604,4.194,2.540508381968069,5497287.59,1722988799999,24332470.64108,137934.0,2380282.09,10522306.46691,0,0.04791391965483771,0.046801444791428545,3.249823295540144,-0.30184979063917927,3.99671209081405,-0.0590518765562047,4.09856189119857,-0.044328880911256974,,,,,,,0.375312232453263,0.332802774505471,,6.48,3.59,-0.36314588859236346,44.77246940620885,-0.20217506111767314,0.014510176084264359,-0.2166852372019375,4.09856189119857,6.024624315586006,2.172499466811134,0.09553400515405844,5178424.789,1.061575250002149,404443.301264286,0.3100000000000005,0.09499999999999975,0.004999999999999893,0.41000000000000014,0.7560975609756108,0.43299209856328436,0.5670079014367156,0.02509128324501575,0,1,8,3,False,False,crash
2024-08-07,4.509,4.641,4.403,2.3890995657848855,5243270.78,1723075199999,23867799.5719,116284.0,2417585.33,11005552.54678,0,-0.05959784162014492,-0.0614476671467435,3.008332319932668,-0.2414909756074759,3.6645837606206477,-0.3321283301934024,3.9275755182666323,-0.17098637293193786,,,,,,,0.25377055303091806,0.2941632806590971,,6.48,3.59,-0.4155364824273751,38.95916606680228,-0.29089403409070114,-0.04657066595072874,-0.2443233681399724,3.9275755182666323,5.821259258829437,2.0338917777038272,0.0937875159596317,5582342.8379999995,0.9392599007549527,81399.19152805443,0.0699999999999994,0.06200000000000028,0.10600000000000076,0.23800000000000043,0.29411764705882043,0.4610834403635358,0.5389165596364642,0.022177759814266163,0,2,8,3,False,False,crash
2024-08-08,4.579,4.904,4.48,3.4571664030167795,4847719.81,1723161599999,22846212.93063,126282.0,2189605.49,10319762.74502,0,0.44705831959791276,0.36953275063669555,3.0399716626556113,0.03163934272294311,3.6345616828549785,-0.03002207776566923,3.8730772605745925,-0.054498257692039864,,,,,,,0.27519170722641945,0.306330797338484,,6.476,3.59,-0.04602688738157325,48.127121305957694,-0.2718862562808062,-0.09163378401674424,-0.18025247226406196,3.8730772605745925,5.754382231401073,1.9917722897481118,0.38946213824782,5811839.795,0.8341110527806624,317605.57829220354,0.2999999999999998,0.025000000000000355,0.09899999999999931,0.4239999999999995,0.7075471698113212,0.45167740212279317,0.5483225978772068,0.026049772872496112,0,3,8,3,False,False,crash
2024-08-09,4.879,4.924,4.73,2.2649908575220326,2737150.09,1723247999999,13160460.75688,94019.0,1332390.45,6405910.52183,0,-0.3448418174070057,-0.42287857236137427,2.615222711641335,-0.42474895101427634,3.372649380694317,-0.2619123021606615,3.802351386959831,-0.07072587361476135,,,,,,,0.2797379344400167,0.3139380509851508,,6.476,3.59,-0.45911612698474263,44.28908682790571,-0.34899802651159995,-0.14310663251571537,-0.20589139399588458,3.802351386959831,5.815996671811455,1.7887061021082071,0.11826431372914835,5893430.362000001,0.4644408980631643,-53856.61173191196,0.0959999999999992,0.04500000000000082,0.052999999999999936,0.19399999999999995,0.49484536082473823,0.4867801933360549,0.5132198066639451,0.03434923073582714,0,4,8,3,False,False,crash
2024-08-10,4.783,4.832,4.723,4.152620173260874,1189116.19,1723334399999,5655926.59157,49593.0,484474.72,2304807.336,0,0.8333937902972217,0.6061687795523591,2.960877076310528,0.3456543646691932,3.256275081244926,-0.11637429944939104,3.8426789847129292,0.04032759775309813,,,,,,,0.3931066881884399,0.3613200700666833,,6.476,3.59,0.1949480849829778,53.278894577553125,-0.25485592926582923,-0.16545649186573813,-0.0893994374000911,3.8426789847129292,5.850144651849437,1.8352133175764211,0.5771971330872253,5747917.804,0.2068777304317903,-7209.778279322854,0.029000000000000803,0.04899999999999949,0.030999999999999694,0.10899999999999999,0.26605504587156703,0.407424206376334,0.592575793623666,0.041705764682255314,0,5,8,3,False,False,crash
2024-08-11,4.753,4.829,4.466,3.9208223726604956,1800885.03,1723420799999,8373101.26817,62962.0,848795.92,3948669.81185,0,-0.055819649023753026,-0.05743808132134474,3.236939874449013,0.2760627981384851,3.243381584994579,-0.01289349625034708,3.833646622165837,-0.009032362547092276,,,,,,,0.38299770304235903,0.36023272615035706,,6.165,3.59,0.12847470782931872,43.23711962370547,-0.19668452743437737,-0.17170209897946598,-0.024982428454911387,3.833646622165837,5.83783248103935,1.8294607632923237,0.5217484197158384,5487138.536,0.3282011230780414,-98113.0043689522,0.258,0.07599999999999962,0.028999999999999915,0.36299999999999955,0.7107438016528935,0.4713215479391264,0.5286784520608736,0.0349616988042818,0,6,8,3,False,False,crash
2024-08-12,4.495,4.68,4.45,4.4063137358413496,2055574.69,1723507199999,9398489.06651,74860.0,1015281.25,4644185.24775,0,0.12382386066916395,0.1167370316018703,3.6403827084603066,0.40344283401129344,3.3243575141964867,0.08097592920190788,3.849112763400259,0.015466141234421915,,,,,,,0.37877204756460664,0.36035651348845515,,5.997,3.59,0.33914156038277926,52.758278642715865,-0.11013856794021581,-0.15938939277161596,0.04925082483140014,3.849112763400259,5.866585279269419,1.8316402475310984,0.6380938198806241,5337227.531,0.38513904045886926,42529.13151724146,0.09299999999999997,0.09199999999999964,0.04499999999999993,0.22999999999999954,0.4043478260869572,0.4939160104175052,0.5060839895824948,0.03641803937564536,0,0,8,3,False,False,crash
2024-08-13,4.587,4.65,4.398,3.472831521243754,2199766.63,1723593599999,9955998.35062,52255.0,1045187.15,4733232.69043,0,-0.2118510552266326,-0.23806819077571395,3.6435157321057012,0.0031330236453945837,3.3417436973806565,0.017386183184169735,3.7518457565275876,-0.09726700687267131,,,,,,,0.3870158172052314,0.35949973964236936,,5.942,3.59,-0.04981653008343779,43.90111755854106,-0.11554258183217359,-0.15062003058372747,0.035077448751553886,3.7518457565275876,5.633829719048575,1.8698617940066,0.4258723132501928,5244509.798,0.4194418000398976,-19657.897085876273,0.040000000000000036,0.06300000000000061,0.14900000000000002,0.25200000000000067,0.15873015873015844,0.47513546925657296,0.5248645307434271,0.023754792570882848,0,1,8,3,False,False,crash
2024-08-14,4.546,4.554,4.343,3.561638062231759,2361315.25,1723679999999,10530674.74467,56898.0,1088343.4,4855954.88973,0,0.02557179651381425,0.025250307307139317,3.902845173047646,0.2593294409419449,3.259033942344491,-0.08270975503616551,3.732115621898388,-0.01973013462919937,,,,,,,0.37574757346849436,0.35249052580698575,,5.942,3.59,-0.012058647010306418,42.184942210024396,-0.11137548879882786,-0.14277112222674757,0.031395633427919706,3.732115621898388,5.613350846258832,1.850880397537944,0.45468999371820035,4992978.899,0.47292714384852036,-85167.29733890462,0.16300000000000026,0.008000000000000007,0.040000000000000036,0.2110000000000003,0.7725118483412323,0.4609055906448747,0.5390944093551253,0.024095893168013038,0,2,8,3,False,False,crash
2024-08-15,4.383,4.481,4.227,3.354670345706492,2334737.9,1723766399999,10191897.14502,87634.0,985276.31,4295864.14243,0,-0.05811026075894388,-0.05986706089456213,3.7432552075367704,-0.15958996551087568,3.352066141923649,0.09303219957915809,3.703915054646952,-0.02820056725143605,,,,,,,0.33840276507804273,0.3530587822837755,,5.942,3.59,-0.10005512512479078,46.581626933659976,-0.12335168117302153,-0.13888723401600236,0.015535552842980832,3.703915054646952,5.590277243073249,1.8175528662206553,0.4074290422371595,3026682.396,0.7713851651846723,-56464.11530914898,0.10599999999999987,0.09799999999999986,0.04999999999999982,0.25399999999999956,0.4173228346456695,0.42200724543855656,0.5779927545614435,0.037534834209869986,0,3,8,3,False,False,crash
2024-08-16,4.278,4.387,4.211,2.138781268248891,1920753.49,1723852799999,8249236.79014,44366.0,1015534.24,4359112.40304,0,-0.36244666454746255,-0.4501173419941868,3.3868469866544495,-0.35640822088232094,3.3118934305517316,-0.04017271137191747,3.654302760682891,-0.049612293964061305,,,,,,,0.3657917470958724,0.3607020289839042,,5.88,3.59,-0.6337199701969908,43.331085241297416,-0.22832302119303272,-0.15677439145140845,-0.07154862974162426,3.654302760682891,5.652956864355113,1.655648657010668,0.12086448834506687,2669028.986,0.71964504697215,6736.334428337641,0.014000000000000234,0.09499999999999975,0.06699999999999928,0.17599999999999927,0.07954545454545621,0.5287165923618861,0.47128340763811394,0.023098226935930232,0,4,8,3,False,False,crash
2024-08-17,4.293,4.384,4.275,2.671871623387719,859646.82,1723939199999,3720796.35993,40634.0,473270.4,2048843.00253,0,0.24924959043394446,0.22254304339256942,3.0399585641637232,-0.34688842249072627,3.3401706363120147,0.02827720576028314,3.5023771984663314,-0.1519255622165594,,,,,,,0.37005100807317937,0.314516356812967,,5.88,3.59,-0.4009294221014326,47.19170894108714,-0.2654378259703658,-0.1785070783551999,-0.0869307476151659,3.5023771984663314,5.2942015894141745,1.7105528075184881,0.2682514036324482,2230666.59,0.38537665102161234,15422.368392357877,0.07599999999999962,0.015000000000000568,0.017999999999999794,0.10899999999999999,0.697247706422015,0.5505405115091335,0.4494594884908665,0.047268249070007616,0,5,8,3,False,False,crash
2024-08-18,4.37,4.529,4.346,2.630582924398085,2034044.35,1724025599999,9004629.63291,44213.0,1024258.09,4531820.1599,0,-0.015453099852635543,-0.015573743492827264,2.8715088447945893,-0.1684497193691339,3.2575122884501453,-0.08265834786186943,3.4460369856525617,-0.056340212813769774,,,,,,,0.34499352171492303,0.30376277768915505,,5.726,3.59,-0.4491652975664394,41.31059119353872,-0.2947851296216335,-0.20176268860848662,-0.09302244101314688,3.4460369856525617,5.274584027584692,1.6174899437204318,0.2770213063830097,1949299.0440000002,1.0434747589195452,9776.821091782982,0.019999999999999574,0.13900000000000023,0.02400000000000002,0.18299999999999983,0.10928961748633657,0.5035574027675453,0.4964425972324547,0.021736497535070953,0,6,8,3,False,False,crash
2024-08-19,4.391,4.504,4.344,2.455141419516642,1876212.07,1724111999999,8304032.43384,39373.0,913259.87,4041781.98718,0,-0.06669301440918707,-0.06902110160954661,2.6502095162515658,-0.2212993285430236,3.276527344649606,0.019015056199460645,3.3245883626719612,-0.12144862298060044,,,,,,,0.3229673521923185,0.29715564212647444,,5.559,3.59,-0.576362915430857,50.18488349160911,-0.32841399036890495,-0.2270929489605703,-0.10132104140833464,3.3245883626719612,5.071817077409393,1.5773596479345293,0.25119257833226005,1863205.242,1.0069808884747653,38891.867510250806,0.08999999999999986,0.022999999999999687,0.04699999999999971,0.15999999999999925,0.5625000000000018,0.48675727259339074,0.5132427274066093,0.02098536760825763,0,0,8,3,False,False,crash
2024-08-20,4.481,4.604,4.455,3.7610390222591428,2015995.76,1724198399999,9152924.2015,77401.0,881048.13,3999807.1857,0,0.5319032102841557,0.42651089065684883,2.7314832515620964,0.08127373531053061,3.237369229549433,-0.039158115100172974,3.2468221553971794,-0.07776620727478178,,,,,,,0.2462823359745581,0.3194544528516479,,5.422,3.59,0.09336191171350597,56.41207871024057,-0.24684461107327582,-0.23104328138311142,-0.0158013296901644,3.2468221553971794,4.740895323958997,1.7527489868353627,0.6720855703997898,1945893.1989999998,1.0360259037012032,19345.641080116104,0.04300000000000015,0.08000000000000007,0.0259999999999998,0.14900000000000002,0.2885906040268466,0.4370287614096966,0.5629712385903033,0.03839343392269833,0,1,8,3,False,False,crash
2024-08-21,4.524,4.749,4.492,3.741403810783611,2872074.59,1724284799999,13248802.47603,87220.0,1387540.7,6410961.13251,0,-0.005220688049053401,-0.005234363458368628,3.05200776006904,0.3205245085069435,3.2194273733617442,-0.01794185618768873,3.231404479178162,-0.015417676219017462,,,,,,,0.24515966751345408,0.313476289106717,,5.369,3.59,0.08510613309927549,57.20409793221859,-0.18169027537733173,-0.22117268018195552,0.03948240480462378,3.231404479178162,4.696676972101931,1.7661319862543936,0.6740288356153499,2053012.155,1.3989564469967786,88244.55526304164,0.13900000000000023,0.08599999999999941,0.03200000000000003,0.2569999999999997,0.5408560311284063,0.48311443749794813,0.5168855625020519,0.030368292071411698,0,2,8,3,False,False,crash
2024-08-22,4.664,4.72,4.591,4.310566197378922,3039748.99,1724371199999,14158806.492,61121.0,1622459.96,7554867.26163,0,0.15212535598398924,0.14160837231199655,3.37974667486728,0.32773891479824035,3.2098526195155017,-0.009574753846242512,3.2671050668559944,0.03570058767783246,,,,,,,0.2466364844464365,0.3123731416908826,,5.209,3.59,0.4450686827541211,54.80152632906447,-0.08316961941561507,-0.19357206802868743,0.11040244861307236,3.2671050668559944,4.802931701884899,1.73127843182709,0.8397066787109371,2151429.585,1.412897271281133,16949.061492601082,0.025000000000000355,0.030999999999999694,0.07299999999999951,0.12899999999999956,0.19379844961240653,0.5337480052917132,0.4662519947082868,0.020107252342569246,0,3,8,3,False,False,crash
2024-08-23,4.69,4.953,4.684,2.4873128775681375,3604290.98,1724457599999,17308988.02795,71503.0,1802725.48,8663113.18293,0,-0.4229730472343586,-0.5498663016661457,3.351092665501291,-0.028654009365989275,3.11130075514794,-0.09855186436756158,3.226522226264298,-0.04058284059169637,,,,,,,0.27631079198727776,0.3288986955251854,,5.097,3.59,-0.7317101011492116,51.16792350478576,-0.15047797863945434,-0.18495325015084083,0.03447527151138649,3.226522226264298,4.801206660241602,1.6518377922869936,0.2652833378084899,2291882.0200000005,1.5726337344362948,155271.22583919816,0.20099999999999962,0.06200000000000028,0.006000000000000227,0.26900000000000013,0.747211895910779,0.5001609165306625,0.4998390834693374,0.01983829840508604,0,4,8,3,False,False,crash
2024-08-24,4.892,5.1,4.845,3.6267536307827317,3274573.09,1724543999999,16263900.72207,65838.0,1700011.8,8443436.66512,0,0.4581010951580138,0.37713496942548935,3.585415107754509,0.2343224422532182,3.117812312003037,0.006511556855096856,3.188423127173764,-0.03809909909053388,,,,,,,0.3118413605559794,0.33610822504758125,,5.1,3.59,0.02434015283624627,47.00177960630053,-0.11060204069640367,-0.1700830082599534,0.05948096756354973,3.188423127173764,4.679354447641437,1.697491806706092,0.6469988917636638,2383207.804,1.3740191201555834,60255.89411163377,0.08899999999999952,0.11899999999999977,0.0470000000000006,0.2549999999999999,0.3490196078431355,0.5191552465851358,0.4808447534148642,0.02010582698583161,0,5,8,3,False,False,crash
2024-08-25,4.982,4.995,4.744,4.72774297045966,3038021.47,1724630399999,14732464.97782,62912.0,1407601.08,6830289.37954,0,0.3035743399640056,0.26510998380779327,3.778755897394612,0.1933407896401027,3.2551195744783543,0.13730726247531733,3.3035928582010015,0.11516973102723727,,,,,,,0.3193038305182059,0.3202401040395995,,5.1,4.194,0.5891202764455414,54.185778192825,0.00972842257447537,-0.13412072209306766,0.14384914466754303,3.3035928582010015,4.898260019444991,1.7089256969570121,0.9465352227946077,2453536.161,1.2382215996204347,-98807.3636097169,0.16300000000000026,0.0129999999999999,0.07500000000000018,0.25100000000000033,0.6494023904382472,0.4633282199944426,0.5366717800055574,0.020708214415614382,0,6,8,3,False,False,crash
2024-08-26,4.823,4.866,4.53,4.551227422970296,2919726.61,1724716799999,13664083.01295,67183.0,1385369.0,6483634.77533,0,-0.0373361133615524,-0.0380509554826475,3.94072061983195,0.16196472243733817,3.496364189950495,0.24124461547214082,3.4041288102511134,0.1005359520501119,,,,,,,0.28354738991743006,0.3212342472736684,,5.1,4.211,0.3827080123400405,50.7766123121982,0.08981254901177316,-0.0893340678720995,0.17914661688387268,3.4041288102511134,5.0489753379317355,1.759282282570491,0.8486947242235092,2553433.473,1.1434512161265145,-158134.1865968045,0.26500000000000057,0.04299999999999926,0.02799999999999958,0.3359999999999994,0.7886904761904793,0.4744858629075549,0.5255141370924451,0.02301003106588805,0,0,8,3,False,False,crash
2024-08-27,4.557,4.658,4.24,2.981578927699234,4020085.47,1724803199999,17985690.71896,93324.0,1949821.66,8721214.32781,0,-0.3448846540493581,-0.42294395816278824,3.674923165896012,-0.2657974539359378,3.5273349203816466,0.030970730431151505,3.4337527783468302,0.02962396809571688,,,,,,,0.3129501207390446,0.3335858696820137,,5.1,4.211,-1.382925840608287,47.53536381291369,0.026318892905278002,-0.06620347571662401,0.09252236862190201,3.4337527783468302,5.021994634489551,1.8455109222041095,0.3576495610858138,2869477.338,1.4009817804666698,-158757.21469942943,0.17900000000000027,0.10099999999999998,0.1379999999999999,0.41800000000000015,0.42822966507177085,0.48501995157829314,0.5149800484217069,0.023214431806595395,0,1,8,3,False,False,crash
2024-08-28,4.378,4.453,4.165,3.958843488030304,3363625.7,1724889599999,14541157.51819,88095.0,1498175.74,6475210.94376,0,0.3277674628205083,0.28349893242405977,3.9692292879884454,0.29430612209243323,3.6601609767448684,0.13282605636322176,3.4588366325975066,0.025083854250676385,,,,,,,0.3229865222215489,0.32730759610038823,,5.1,4.165,-0.22048824809593162,51.82968349741357,0.05423164700317695,-0.04211645117266381,0.09634809817584077,3.4588366325975066,5.064387594290082,1.8532856709049315,0.6557119229979749,3002435.473,1.1202990806124145,-95269.43508451393,0.12400000000000055,0.07500000000000018,0.08899999999999952,0.28800000000000026,0.4305555555555571,0.44540501043264114,0.5545949895673589,0.026190488436332256,0,2,8,3,False,False,crash
2024-08-29,4.255,4.403,4.179,3.7833542245496283,2528160.83,1724975999999,10850019.33844,46224.0,1070052.57,4596550.53653,0,-0.04432841662249931,-0.04534095698328466,4.000549406741824,0.03132011875337826,3.792982257248167,0.13282128050329867,3.5347548009488863,0.07591816835137966,3.785725822938229,,,,,,0.32185923611059986,0.3146892240414058,,5.1,4.165,-0.40817729994692176,51.98042888559123,0.06148344589619903,-0.021396471758891245,0.08287991765509027,3.5347548009488863,5.043277504398997,2.0262320974987755,0.5823983036623099,3067630.349,0.8241412889998763,-1188.604057357779,0.0030000000000001137,0.1479999999999997,0.07299999999999951,0.2239999999999993,0.013392857142857692,0.4232533616146565,0.5767466383853436,0.01828364693080068,0,3,8,3,False,False,crash
2024-08-30,4.252,4.335,4.101,2.8511836444402903,2493943.55,1725062399999,10540167.62173,46964.0,1170446.25,4949882.69724,0,-0.24638733906030275,-0.2828767552511108,3.6252375415379503,-0.3753118652038734,3.701996719466281,-0.090985537781886,3.4696829745078572,-0.06507182644102905,3.7706610258886624,-0.015064797049566536,,,,,0.2967527847715071,0.26541668486080405,0.3398879648412043,5.1,4.101,-1.2510674229826928,53.37974634496689,-0.007896797212248785,-0.018696536849562753,0.010799739637313968,3.4696829745078572,4.978263248400597,1.9611027006151176,0.2950061588464259,3115425.128,0.8005146801910239,14663.355773753958,0.025000000000000355,0.05799999999999983,0.1509999999999998,0.23399999999999999,0.10683760683760836,0.4693154542331161,0.530684545766884,0.018831220137280173,0,4,8,3,False,False,crash
2024-08-31,4.277,4.318,4.218,3.189373101889195,1087944.03,1725148799999,4651653.69586,31547.0,520758.58,2226708.85542,0,0.11861370561253137,0.11209015579992256,3.3528666773217304,-0.2723708642162199,3.64679364857684,-0.0552030708894411,3.433110510969292,-0.03657246353856536,3.738400481390367,-0.032260544498295296,,,,,0.29843856365566285,0.2658316300623254,0.33753747008665375,5.1,4.101,-0.9125394375483535,52.501363746509156,-0.03518646917066759,-0.021994523313783723,-0.013191945856883866,3.433110510969292,4.93106803756365,1.9351529843749335,0.4186434178697178,2937012.072,0.3704254539407286,-4833.045725976127,0.019000000000000128,0.04099999999999948,0.040000000000000036,0.09999999999999964,0.19000000000000195,0.478663024604308,0.5213369753956919,0.028996896099517177,0,5,8,3,False,False,crash
2024-09-01,4.259,4.259,4.032,2.683184653995704,2516218.02,1725235199999,10468108.13323,40403.0,1127520.91,4688619.79698,0,-0.15871095407233948,-0.17281998492180725,3.2931878225810243,-0.05967885474070611,3.4840554942385182,-0.16273815433832173,3.34695405687701,-0.0861564540922819,3.7294498867895767,-0.008950594600790396,,,,,0.3000748793955845,0.26773414571577103,0.33412933966708747,5.1,4.032,-1.2629357172324873,50.24331730749093,-0.09654598613049714,-0.03690481587712641,-0.059641170253370734,3.34695405687701,4.806962719573326,1.8869453941806937,0.27268306009381166,2884658.975,0.8722757323506498,-112278.39920150339,0.19100000000000072,0.0,0.03599999999999959,0.2270000000000003,0.8414096916299579,0.44810143677454467,0.5518985632254554,0.01605703467619233,0,6,9,3,False,False,crash
2024-09-02,4.068,4.234,4.051,1.8601256487436602,2199151.08,1725321599999,9124704.26325,38829.0,1087453.21,4513299.68212,0,-0.3067470604478799,-0.3663603542469595,2.8734442547236956,-0.4197435678573287,3.42133677135607,-0.0627187228824484,3.2663187632520048,-0.08063529362500521,3.710851815139293,-0.01859807165028382,,,,,0.2838864207809756,0.2726612863703333,0.33714327647893644,5.1,4.032,-2.033590216532154,47.403243614985676,-0.20917657122020783,-0.0713591669457427,-0.13781740427446515,3.2663187632520048,4.868290753255608,1.6643467732484016,0.06110558633887792,2744144.9850000003,0.801397554437161,75683.66548672583,0.14000000000000057,0.0259999999999998,0.01699999999999946,0.18299999999999983,0.7650273224043754,0.49448772296262605,0.5055122770373739,0.017656358561777392,0,0,9,3,False,False,crash
2024-09-03,4.209,4.285,4.056,2.704541164225594,2045219.35,1725407999999,8557835.91155,41621.0,1021159.38,4273391.00259,0,0.45395617013950473,0.3742882343237626,2.657681642658889,-0.21576261206480662,3.3291155247003568,-0.09222124665571307,3.2234639183516967,-0.04285484490030811,3.655945595680803,-0.05490621945848995,,,,,0.28315663527942836,0.29060773970395704,0.316307860941648,5.1,4.032,-1.2429389848074968,45.195737511372926,-0.22767534666549416,-0.10262240288969299,-0.12505294377580117,3.2234639183516967,4.837979817598989,1.6089480191044043,0.3392946286970505,2621209.611,0.7802578402799851,-70960.55729562722,0.14699999999999935,0.07600000000000051,0.006000000000000227,0.2290000000000001,0.6419213973799096,0.499290885351735,0.5007091146482651,0.020350384422091448,0,1,9,3,False,False,crash
2024-09-04,4.063,4.197,3.868,3.9495258349566207,4271469.46,1725494399999,17306441.51132,63486.0,2182306.16,8834575.91811,0,0.46033119672907996,0.3786632570690502,2.8773500807621546,0.21966843810326564,3.2512938111500524,-0.07782171355030432,3.253206692814204,0.02974277446250717,3.6288522143543416,-0.02709338132646133,,,,,0.3049289950669774,0.3054266420081933,0.321953171817468,5.1,3.868,0.0661735673349195,50.85150936195143,-0.14025908193706949,-0.11014973869916829,-0.030109343237901195,3.253206692814204,4.899504016788355,1.6069093688400524,0.7114803723489955,2744554.41,1.5563435158860632,51526.83494337666,0.04800000000000004,0.0860000000000003,0.19499999999999984,0.3290000000000002,0.14589665653495446,0.5109029059990049,0.4890970940009951,0.014862800868532956,0,2,9,3,False,False,crash
2024-09-05,4.111,4.127,3.973,1.8623384169556287,1907467.81,1725580799999,7705627.49877,37512.0,907343.18,3666892.12144,0,-0.5284653158937791,-0.7517626184132246,2.6119431437754415,-0.26540693698671314,2.9824049105485857,-0.26888890060146675,3.2393845502495404,-0.013822142564663409,3.5975572626895898,-0.031294951664751824,,,,,0.35157251408214857,0.3192336881235393,0.3272201970748317,5.1,3.868,-1.6279720641593922,41.090093652518966,-0.2366714425523475,-0.13545407946980415,-0.10121736308254337,3.2393845502495404,4.929146300896612,1.549622799602469,0.09253245826916415,2643328.5300000003,0.721615867400334,-41759.207711019255,0.08999999999999986,0.016000000000000014,0.04800000000000004,0.15399999999999991,0.5844155844155838,0.47567941919816725,0.5243205808018327,0.019665862670573717,0,3,9,3,False,False,crash
2024-09-06,4.022,4.096,3.818,1.947970570180101,3968575.54,1725667199999,15761203.88402,74308.0,1872202.04,7433428.25698,0,0.0459809841459724,0.04495518588471975,2.464900327012321,-0.1470428167631206,2.8790440747966723,-0.10336083575191335,3.2031894975891597,-0.0361950526603807,3.5203401336047193,-0.07721712908487044,,,,,0.33355618846325735,0.31556727212317304,0.3131544265220826,5.1,3.818,-1.4586813025116223,47.752960447380936,-0.30268002690763796,-0.1688992689573709,-0.13378075795026706,3.2031894975891597,4.973240206662569,1.43313878851575,0.145428540274379,2638177.537,1.5042867602128325,-61191.664630688836,0.06300000000000017,0.07399999999999984,0.14100000000000001,0.278,0.2266187050359718,0.47175668476755267,0.5282433152324474,0.01872409867244205,0,4,9,3,False,False,crash
2024-09-07,3.96,4.133,3.935,3.4883207516363997,1686608.94,1725753599999,6840358.24733,29572.0,833675.22,3383022.47939,0,0.7907461257558346,0.5826323630343522,2.790539347590869,0.325639020578548,2.831991801157282,-0.04705227363939013,3.2460763889510753,0.04288689136191559,3.499163917500297,-0.02117621610442244,,,,,0.40640058696651793,0.3576372236085129,0.3293380201399382,5.1,3.818,-0.25716010012761353,49.441896732642036,-0.2280698716634726,-0.18073338949859125,-0.047336482164881344,3.2460763889510753,4.999194724683915,1.492958053218236,0.5690895639352437,2470475.861,0.6827060999160275,51122.27148269754,0.11899999999999977,0.05400000000000027,0.02499999999999991,0.19799999999999995,0.6010101010101,0.49429076309769826,0.5057092369023017,0.01753340641014271,0,5,9,3,False,False,crash
2024-09-08,4.08,4.208,4.059,2.713125496204671,1503933.15,1725839999999,6229901.43706,40230.0,739421.07,3063885.3401,0,-0.22222591058120966,-0.25131917046799124,2.792256213986684,0.001716866395815142,2.7249689283227867,-0.10702287283449552,3.2589755927854767,0.012899203834401352,3.4798362608280446,-0.019327656672252225,,,,,0.4152002391889134,0.36251679282192567,0.32982501385845203,5.1,3.818,-0.861836586423814,41.65879014898466,-0.22885447272697457,-0.19035760614426794,-0.038496866582706624,3.2589755927854767,4.991263052804223,1.5266881327667305,0.3424481764201829,2368053.093,0.6350926651288556,30233.51760235341,0.08099999999999952,0.0470000000000006,0.020999999999999908,0.14900000000000002,0.5436241610738222,0.49165820302584595,0.508341796974154,0.02674985919420687,0,6,9,3,False,False,crash
2024-09-09,4.162,4.341,4.111,1.9162975334163164,2798131.43,1725926399999,11804326.7307,46853.0,1268016.84,5351969.20742,0,-0.29369373584193537,-0.3477063336301425,2.3856105536786236,-0.4066456603080604,2.6314803172203893,-0.09348861110239737,3.1667385183433354,-0.09223707444214124,3.451240847132392,-0.02859541369565255,,,,,0.4190860764252961,0.35360279919969984,0.332747458128014,5.1,3.818,-1.4833872594256508,39.62348473673256,-0.2904257842928688,-0.21037124177398814,-0.08005454251888067,3.1667385183433354,4.980977949273293,1.3524990874133775,0.15538148835017393,2398471.881,1.166630908690649,84058.2621365058,0.12399999999999967,0.055000000000000604,0.051000000000000156,0.23000000000000043,0.5391304347826062,0.45316557557126613,0.5468344244287339,0.016744388593640865,0,0,9,3,False,False,crash
2024-09-10,4.286,4.289,4.197,4.228991802406607,1848659.47,1726012799999,7839080.53131,35745.0,927860.05,3937082.15623,0,1.206855526692293,0.7915686637328567,2.8589412307688193,0.4733306770901957,2.73544218727213,0.10396187005174085,3.191117917924485,0.024379399581149652,3.453791290708478,0.0025504435760859145,,,,,0.5603962505485341,0.4411736474708187,0.37072045634257167,5.1,3.818,0.32058642933432663,54.64079418585225,-0.1508672885997675,-0.19847045113914402,0.04760316253937652,3.191117917924485,5.050416717512455,1.3318191183365153,0.7791035751521271,2474543.425,0.7470709349139832,-15096.379246383158,0.034999999999999254,0.0030000000000001137,0.05400000000000027,0.09199999999999964,0.380434782608689,0.5019096621402102,0.4980903378597898,0.019335632429914203,0,1,9,3,False,False,crash
2024-09-11,4.25,4.257,4.058,2.0737409386642134,2947171.99,1726099199999,12240158.54185,46765.0,1459056.96,6062347.30327,0,-0.5096370398533043,-0.7126094270929711,2.8840953044656414,0.0251540736968221,2.6744978157389814,-0.0609443715331488,3.0792766549887496,-0.11184126293573549,3.413326291258704,-0.04046499944977411,,,,,0.5916315993036338,0.4603233650977186,0.3792812700053594,5.1,3.818,-1.36057649090155,43.55195781093285,-0.21173614533704654,-0.20112358997872454,-0.010612555358322007,3.0792766549887496,4.924093555086804,1.2344597548906955,0.2274700496642537,2517638.8219999997,1.1706095267703178,-41597.346365561374,0.05900000000000016,0.006999999999999673,0.133,0.19899999999999984,0.29648241206030257,0.4950701774279552,0.5049298225720448,0.015867753954868443,0,2,9,3,False,False,crash
2024-09-12,4.192,4.3,4.189,2.6522858081856824,2205112.48,1726185599999,9352024.26962,37641.0,975304.62,4137888.81706,0,0.2789860868031737,0.2460676443539363,2.716888315775498,-0.16720698869014328,2.7537138316831835,0.07921601594420213,3.087525301519627,0.008248646530877313,3.3580085742484744,-0.05531771701022947,,,,,0.5745685349142967,0.4487761550571471,0.3786904284111476,5.1,3.818,-0.9092934413528222,46.23496534642211,-0.2108607455501592,-0.20307102109301148,-0.007789724457147734,3.087525301519627,4.922647491158511,1.2524031118807426,0.38141402905176824,2518234.9620000003,0.8756579561776411,54193.88819852069,0.10199999999999942,0.006000000000000227,0.0030000000000001137,0.11099999999999977,0.9189189189189156,0.44229245847812715,0.5577075415218727,0.017069877542029058,0,3,9,3,False,False,crash
2024-09-13,4.294,4.472,4.27,3.8783463798971662,3251739.87,1726271999999,14194643.53504,56596.0,1491325.17,6514908.20375,0,0.4622656306222821,0.3799870347160991,2.949932492513997,0.23304417673849898,2.8710943532503403,0.11738052156715684,3.1001049389753486,0.01257963745572166,3.3564506867501023,-0.001557887498372157,,,,,0.5750334026321882,0.4489580281093609,0.3803005396013395,4.995,3.818,0.051271350804729124,53.3535450936923,-0.10996651782504152,-0.1844501204394175,0.07448360261437598,3.1001049389753486,4.9541426228684635,1.2460672550822334,0.7098774603350197,2638887.014,1.2322391420127699,95416.67993013507,0.12600000000000033,0.05200000000000049,0.02400000000000002,0.20200000000000085,0.6237623762376228,0.45862376131581517,0.5413762386841848,0.017404836260779988,0,4,9,3,False,False,crash
2024-09-14,4.42,4.445,4.344,3.9616502622963505,1857961.23,1726358399999,8172515.08683,30347.0,829481.38,3649907.84454,0,0.02147922703113303,0.021251799318528646,3.359003038290004,0.4090705457760069,2.8723067959843136,0.0012124427339732513,3.061800303567183,-0.038304635408165755,3.3573100581813247,0.0008593714312223888,,,,,0.5670293451286218,0.44624648271084827,0.38020584918804373,4.866,3.818,0.13707086096980012,52.56405311326207,-0.023019830067535718,-0.15216406236504115,0.12914423229750543,3.061800303567183,4.802436884874627,1.3211637222597388,0.7584830079962077,2397536.1909999996,0.7749460621176502,7146.004730769206,0.017000000000000348,0.008000000000000007,0.07599999999999962,0.10099999999999998,0.1683168316831718,0.4464470875961174,0.5535529124038826,0.016333494752202124,0,5,9,3,False,False,crash
2024-09-15,4.437,4.558,4.355,2.554244661149787,2920077.53,1726444799999,13096611.08845,54422.0,1363491.05,6118268.12897,0,-0.35525740738425704,-0.4389041230563684,3.0240536100386395,-0.33494942825136453,2.9414974204037296,0.06919062441941604,2.9619511654761577,-0.09984913809102514,3.3457744084537184,-0.011535649727606234,,,,,0.547139153590971,0.45596758111950275,0.3830094918779768,4.658,3.818,-1.5044706414883482,49.59607574094252,-0.06690854339665098,-0.13511295857136313,0.06820441517471215,2.9619511654761577,4.566644754359638,1.3572575765926773,0.3729643755198006,2498797.1629999997,1.16859326288582,-28957.27097588498,0.04400000000000048,0.12099999999999955,0.03799999999999937,0.2029999999999994,0.21674876847290941,0.4669365919198728,0.5330634080801272,0.018637176390313172,0,6,9,3,False,False,crash
2024-09-16,4.393,4.393,4.148,2.4609576445260655,3152928.3,1726531199999,13423563.17722,61198.0,1471493.12,6260182.74717,0,-0.036522349656876174,-0.037205987719407835,3.1014969512110104,0.07744334117237095,2.992796127838326,0.0512987074345963,2.935920101317499,-0.026031064158658523,3.2807859039898615,-0.06498850446385696,,,,,0.5493745861989645,0.44675377699118074,0.3669939420825048,4.558,3.818,-1.833841020910723,51.97238022452735,-0.10797349626669162,-0.12968506611042882,0.021711569843737205,2.935920101317499,4.556089301411133,1.3157509012238646,0.3534219584090402,2417232.4390000002,1.3043546202384881,-141390.13774186216,0.19700000000000006,0.0,0.04800000000000004,0.2450000000000001,0.8040816326530611,0.46670681347241555,0.5332931865275845,0.019409892701968516,0,0,9,3,False,False,crash
2024-09-17,4.195,4.288,4.127,3.8507715452887306,3322360.31,1726617599999,13932318.9294,48680.0,1717293.46,7204037.89038,0,0.5647451527067291,0.44772296901102404,3.3411940986316195,0.2396971474206091,3.029041207203559,0.036245079365233135,2.930516504180421,-0.005403597137078275,3.282653591282166,0.0018676872923046872,,,,,0.5234039887845187,0.4568870686645331,0.36997333906630375,4.558,3.818,0.04428587201179798,53.63270552851852,-0.028048079836035633,-0.10935766885555019,0.08130958901951456,2.930516504180421,4.5369837664569115,1.3240492419039305,0.7864219715888376,2580807.576,1.2873336008836949,-30879.898019542048,0.038000000000000256,0.09299999999999997,0.03000000000000025,0.16100000000000048,0.23602484472049778,0.5168895904610659,0.4831104095389341,0.014652233790982171,0,1,9,3,False,False,crash
2024-09-18,4.158,4.178,3.973,4.172026747090875,4814848.56,1726703999999,19623240.25152,73568.0,2416448.53,9853748.55713,0,0.08342619083575298,0.08012841861786663,3.3999301720703614,0.058736073438741876,3.1749313322921795,0.14589012508862043,2.949950130307483,0.01943362612706201,3.268411848641411,-0.014241742640755284,,,,,0.5105026376809366,0.4558742498723404,0.36838554912252597,4.558,3.818,0.4784145230957773,50.74901962963073,0.060518380244404923,-0.07538245903555917,0.1359008392799641,2.949950130307483,4.608418875367352,1.291481385247613,0.8684352268994,2911899.117,1.6535080257040373,22006.765128698946,0.017999999999999794,0.0019999999999997797,0.1850000000000005,0.20500000000000007,0.08780487804877946,0.5018742541717657,0.4981257458282343,0.015279400604865547,0,2,9,3,False,False,crash
2024-09-19,4.177,4.352,4.177,3.9546819993158504,4658192.56,1726790399999,19817235.20155,64863.0,2178485.68,9262543.92627,0,-0.052095722523010646,-0.05350175495078313,3.3985365194742614,-0.0013936525961000257,3.3787697788821327,0.2038384465899532,3.005125048051261,0.05517491774377792,3.241178225272632,-0.02723362336877866,,,,,0.4929948985702253,0.45033173687574735,0.36867496095873026,4.558,3.818,0.1847054044808789,58.0580335241809,0.11188034623711918,-0.037929897981023496,0.14981024421814268,3.005125048051261,4.722148735226682,1.2881013608758398,0.7765124786445585,3097905.23,1.5036588320682747,88121.93779693444,0.07800000000000029,0.09700000000000042,0.0,0.1750000000000007,0.44571428571428556,0.4676675882200972,0.5323324117799028,0.013924499505877019,0,3,9,3,True,False,crash
2024-09-20,4.255,4.404,4.19,4.245171397704534,4540903.46,1726876799999,19590156.37523,55748.0,2318134.56,10011756.39755,0,0.07345455296758074,0.07088200205867803,3.7367218667852113,0.33818534731094996,3.380387738411925,0.0016179595297924898,3.0579149628420277,0.05278991479076689,3.2450865065234433,0.0039082812508111076,,,,,0.33083777664562247,0.4503530506570797,0.36626039427699214,4.558,3.818,0.577258645546668,58.70955237139758,0.17401915654461542,0.004459912924104283,0.16955924362051114,3.0579149628420277,4.861527783231617,1.2543021424524379,0.8291328442115569,3367129.6289999997,1.3485977554563582,90711.34996474735,0.08499999999999996,0.06400000000000006,0.0649999999999995,0.21399999999999952,0.3971962616822437,0.5105007363446569,0.48949926365534313,0.012276852060624958,0,4,9,3,False,False,crash
2024-09-21,4.339,4.477,4.282,3.859711900841744,2465166.54,1726963199999,10802753.21114,35201.0,1185147.43,5192551.23226,0,-0.09079951331793512,-0.09518965171785514,4.016472718048346,0.27975085126313504,3.558984834629679,0.17859709621775366,3.11674132518433,0.05882636234230221,3.2503496556638334,0.0052631491403900554,,,,,0.2731681121468111,0.4485605938379812,0.3660700725440063,4.558,3.818,0.05636743356992453,51.543227856558914,0.18997137961078314,0.041562206261440054,0.1484091733493431,3.11674132518433,4.945464545886291,1.2880181044823684,0.7031391539317313,3318929.084,0.742759630473623,69297.30826728111,0.12299999999999933,0.015000000000000568,0.057000000000000384,0.19500000000000028,0.6307692307692264,0.48075755157702244,0.5192424484229776,0.014279359803415147,0,5,9,3,False,False,crash
2024-09-22,4.46,4.483,4.234,3.2015707464763743,2410272.28,1727049599999,10500125.54048,37253.0,1048031.75,4567696.20899,0,-0.1705156165209738,-0.18695099595558878,3.8866325582858763,-0.1298401597624701,3.613913328458748,0.05492849382906906,3.1838135800709653,0.06707225488663537,3.2484016768053197,-0.0019479788585137214,,,,,0.2764861338354223,0.44302166806552834,0.3669809373362198,4.558,3.818,-0.8330125047616567,52.04955611272596,0.14780335540144574,0.0628104360894412,0.08499291931200453,3.1838135800709653,4.9142364222272965,1.453390737914634,0.5051308749436297,3339445.064,0.7217583262510588,-81566.8118063648,0.14900000000000002,0.022999999999999687,0.07699999999999996,0.24899999999999967,0.5983935742971896,0.43481882055250626,0.5651811794474938,0.015455930149103321,0,6,9,3,False,False,crash
2024-09-23,4.31,4.462,4.233,3.6853401200352067,3549403.67,1727135999999,15572255.46289,59614.0,1723667.44,7566842.61342,0,0.15110375870696147,0.1407212722510371,3.789295232874742,-0.09733732541113449,3.594612702472552,-0.019300625986196085,3.2328535278614465,0.049039947790481264,3.234333766954155,-0.014067909851164462,,,,,0.24004381531628954,0.4357316317914419,0.36514593790983996,4.558,3.818,-0.1792701080605316,57.623330076713174,0.15167264993271035,0.08058287885809504,0.07108977107461531,3.2328535278614465,4.96167751221919,1.5040295435037037,0.6308654311450504,3369211.4439999997,1.0534820176753503,121030.4661308282,0.14800000000000058,0.0039999999999995595,0.07699999999999996,0.2290000000000001,0.6462882096069892,0.4856216988134235,0.5143783011865765,0.01679549736871715,0,0,9,3,False,False,crash
2024-09-24,4.458,4.684,4.401,3.2382579784139605,4816662.23,1727222399999,21852476.87401,71793.0,2231481.85,10124952.98568,0,-0.12131367175330754,-0.1293272956696744,3.646010428694364,-0.1432848041803778,3.522273474084313,-0.07233922838823892,3.1972901350343133,-0.03556339282713328,3.2506119595241363,0.016278192569981087,,,,,0.24408651959478367,0.4293590296246633,0.35883637665621876,4.684,3.818,-0.6694480618776438,44.91263922071086,0.11731101298391211,0.08792850568325847,0.029382507300653643,3.1972901350343133,4.892985531363152,1.5015947387054749,0.5120799535896429,3665081.5439999998,1.3142032918435935,191240.29042395615,0.1769999999999996,0.04900000000000038,0.057000000000000384,0.28300000000000036,0.625441696113072,0.4632838557998699,0.53671614420013,0.01490513483649444,0,1,9,3,False,False,crash
2024-09-25,4.636,4.773,4.59,3.0314910536502375,3965799.79,1727308799999,18568345.42913,76184.0,1950010.71,9129192.72577,0,-0.06385128243086846,-0.0659809288338278,3.403274359883505,-0.24273606881085907,3.569998113334358,0.047724639250045,3.2557477668690438,0.05845763183473052,3.2604316129577797,0.009819653433643438,,,,,0.21157803861191687,0.4075802482393817,0.35927255127714236,4.773,3.818,-0.8235695773295946,56.14831184411763,0.07255839729662128,0.08485448400593104,-0.012296086709309761,3.2557477668690438,4.834229116825617,1.6772664169124705,0.4289644083457254,3769653.7700000005,1.0520329006236557,1711.2404703340983,0.0009999999999994458,0.13600000000000012,0.04600000000000026,0.18299999999999983,0.005464480874313916,0.49170679642403226,0.5082932035759677,0.019210248634361847,0,2,9,3,False,False,crash
2024-09-26,4.637,4.878,4.564,2.865608807888539,3813731.87,1727395199999,18144226.1778,73685.0,1762258.07,8388560.60372,0,-0.054719688373138564,-0.05627376941303544,3.2044537412928635,-0.19882061859064137,3.610463229670606,0.04046511633624794,3.3016296787544652,0.045881911885421456,3.269961797799853,0.009530184842073464,,,,,0.21232664686309227,0.40874901101248406,0.3592401895550184,4.878,3.935,-1.1340309566399374,51.44604946112877,0.023436158594287715,0.07257081892360238,-0.04913466032931467,3.3016296787544652,4.76952758371803,1.8337317737909,0.35148119995554167,3835734.1270000003,0.9942638732843538,145574.8417058445,0.1770000000000005,0.06400000000000006,0.07299999999999951,0.31400000000000006,0.563694267515925,0.46208231990887183,0.5379176800911282,0.019320970249541953,0,3,9,3,False,False,crash
2024-09-27,4.814,4.964,4.809,3.356998265426657,4302233.12,1727481599999,21054523.50476,68675.0,1884592.3,9228034.37419,0,0.17147820602219155,0.15826637531182264,3.23553924508292,0.031085503790056368,3.5610859016843976,-0.0493773279862082,3.2950635544439786,-0.006566124310486643,3.26795843504805,-0.0020033627518030173,,,,,0.1182604576488849,0.3743302091533008,0.35526753034177555,4.964,3.973,-0.6215960994685595,46.07500785365663,0.023882154416362322,0.06283308602215437,-0.03895093160579205,3.2950635544439786,4.760618242037872,1.8295088668500847,0.521130126192821,3933721.408,1.0936801755331629,60771.053626921544,0.06799999999999962,0.08200000000000074,0.004999999999999893,0.15500000000000025,0.4387096774193517,0.4380497865722348,0.5619502134277652,0.0159626403508325,0,4,9,3,False,False,crash
2024-09-28,4.883,4.93,4.746,2.794912890320261,2346081.15,1727567999999,11323964.67363,44101.0,1009865.16,4874839.72068,0,-0.16743689768780912,-0.1832462614269026,3.057453799139931,-0.17808544594298903,3.4233745160073368,-0.13771138567706087,3.299152924149758,0.004089369705779333,3.278556875704015,0.010598440655964936,,,,,0.12335468053816455,0.37241207284411776,0.35207283991631166,4.964,3.973,-1.188786185347869,41.8068175455285,-0.02087929934310795,0.04609060894910191,-0.06696990829220986,3.299152924149758,4.7583130575187935,1.8399927907807225,0.3272156625245566,3686844.6670000004,0.6363384850463514,-42289.04981564924,0.08900000000000041,0.04699999999999971,0.047999999999999154,0.18399999999999928,0.4836956521739172,0.43044766801864465,0.5695523319813552,0.01879772999326984,0,5,9,3,False,False,crash
2024-09-29,4.794,4.858,4.682,4.713882554629312,2288995.53,1727654399999,10921605.08779,49414.0,1089780.66,5201560.09456,0,0.6865937292554265,0.5227109501717856,3.3525787143830015,0.2951249152430706,3.4992945715386825,0.07592005553134573,3.439032175210408,0.13987925106065013,3.289782123331384,0.011225247627368873,,,,,0.2579939819697143,0.388289111678164,0.3460325268460437,4.964,3.973,0.7476110541163591,64.14906035400479,0.09736932747789417,0.05634635265486037,0.041022974823033805,3.439032175210408,4.876229828430021,2.001834521990795,0.9435195035849738,3449924.964,0.6634913958667767,-12891.714499373944,0.026999999999999247,0.06400000000000006,0.08499999999999996,0.17599999999999927,0.15340909090908728,0.47609558241470223,0.5239044175852978,0.021587634992017657,0,6,9,3,False,False,crash
2024-09-30,4.767,4.771,4.399,4.358865823367216,4303691.53,1727740799999,19804776.77364,83551.0,2056858.54,9462975.0416,0,-0.0753130200313219,-0.07829999877378535,3.6180536683263975,0.26547495394339604,3.510664014104951,0.011369442566268706,3.4455258762584386,0.006493701048030598,3.2985429923455185,0.008760869014134531,,,,,0.26021980390171806,0.2900126568672264,0.3461706256356027,4.964,3.973,0.3893701547600564,62.0220206408214,0.1605842180491912,0.07719392573372655,0.08339029231546466,3.4455258762584386,4.898835388923297,1.9922163635935801,0.8142276091739168,3426203.771,1.2561107913158036,-302441.0871722258,0.33499999999999996,0.0039999999999995595,0.03300000000000036,0.3719999999999999,0.9005376344086023,0.4779288956148769,0.522071104385123,0.019413798460597383,0,0,9,3,False,False,crash
2024-10-01,4.432,4.563,4.051,3.013383475770893,8519076.94,1727827199999,36807460.52113,136213.0,4394384.58,19009272.08992,0,-0.30867716560197767,-0.3691483654784687,3.647608601902868,0.029554933576470432,3.4260311715978657,-0.08463284250708547,3.4925080031137723,0.04698212685533365,3.2706843871441094,-0.027858605201409148,,,,,0.27953859894519734,0.2729540253453251,0.3497847849883558,4.964,3.973,-0.9683315077993,44.66572973716766,0.10094960922358709,0.08194506243169866,0.019004546791888427,3.4925080031137723,4.813856779535806,2.171159226691738,0.3186986903487137,4031594.8109999998,2.113078654818221,-534364.4831498205,0.27800000000000047,0.13099999999999934,0.10299999999999976,0.5119999999999996,0.5429687500000013,0.5158287231057688,0.4841712768942312,0.015989173587625798,0,1,10,4,False,False,crash
2024-10-02,4.154,4.27,4.004,2.710995044758766,4868593.35,1727913599999,20216542.77875,109613.0,2458963.3,10216605.91659,0,-0.10034847321739193,-0.10574778309995178,3.51840795776929,-0.129200644133578,3.376973601426105,-0.04905757017176082,3.4954434649424266,0.00293546182865434,3.2554476576144094,-0.01523672952970001,,,,,0.27550234779955785,0.26934977693170437,0.34846198584561,4.964,3.973,-1.2734661505966025,40.67061435504829,0.02895476041368683,0.0713470020280963,-0.042392241614409465,3.4954434649424266,4.809171717386079,2.1817152124987746,0.20144190066533305,4277426.918,1.1382060858859542,-60945.318777082015,0.0519999999999996,0.11599999999999966,0.09800000000000075,0.266,0.19548872180450977,0.5050664788013154,0.4949335211986846,0.02251430590316195,0,2,10,4,False,False,crash
2024-10-03,4.102,4.173,3.989,2.3267893576344307,4867140.66,1727999999999,19828943.46369,93879.0,1966602.68,8013340.66888,0,-0.14172127974454607,-0.15282638346353625,3.4247832512321237,-0.09362470653716626,3.2411185251860273,-0.13585507624007764,3.4178656138292896,-0.07757785111313709,3.2307506835224626,-0.02469697409194671,,,,,0.27460559870721957,0.25172041203925033,0.3494830295803859,4.964,3.973,-1.6611610921953261,39.82201763996269,-0.05843031566568291,0.04539153848934046,-0.10382185415502337,3.4178656138292896,4.816866042451659,2.01886518520692,0.11005149324033137,4409200.617000001,1.103860105896379,32036.274456362225,0.026999999999999247,0.04400000000000048,0.11300000000000043,0.18400000000000016,0.14673913043477838,0.4040570875960671,0.5959429124039329,0.01928832687568146,0,3,10,4,False,False,crash
2024-10-04,4.129,4.212,4.106,3.6013372909432957,3025511.57,1728086399999,12597674.72679,65274.0,1480880.3,6166717.19056,0,0.5477710859932141,0.436815886967249,3.2022741984949206,-0.22250905273720312,3.2774264564389606,0.0363079312529333,3.3998499652616374,-0.018015648567652143,3.2356840224271988,0.004933338904736129,,,,,0.3236428444134512,0.2799362071184141,0.3562861228187127,4.964,3.973,-0.37503805152038744,46.415651353611274,-0.024555194658605117,0.03140219185975134,-0.05595738651835646,3.3998499652616374,4.778497608282625,2.02120232224065,0.573074264733861,4230085.551,0.7152364966436112,47628.54251634833,0.06500000000000039,0.017999999999999794,0.022999999999999687,0.10599999999999987,0.6132075471698157,0.48946443129946454,0.5105355687005354,0.021574533261494024,0,4,10,4,False,False,crash
2024-10-05,4.194,4.234,4.075,2.793619323724569,1785207.19,1728172799999,7436986.80122,36880.0,816700.84,3404366.69144,0,-0.22428278774387211,-0.253967242410712,2.8892248985663906,-0.3130492999285299,3.253639283446394,-0.023787172992566497,3.411818698390376,0.011968733128738585,3.2487807835367124,0.013096761109513633,,,,,0.3336993977719422,0.27194096783205113,0.3534935354590607,4.964,3.973,-1.1900914997733907,44.331372556273344,-0.062168368523401796,0.012688079783120714,-0.07485644830652251,3.411818698390376,4.763447854637093,2.060189542143659,0.2713132437959317,4012026.2909999997,0.4449639809202337,-23411.157713399953,0.054999999999999716,0.040000000000000036,0.06400000000000006,0.1589999999999998,0.34591194968553324,0.4574823833193278,0.5425176166806722,0.02065866651590172,0,5,10,4,False,False,crash
2024-10-06,4.139,4.195,4.097,3.2392435556379175,1577602.61,1728259199999,6557940.2341,31733.0,755681.21,3142060.42345,0,0.15951501628332942,0.14800182828360448,2.9343969145397955,0.04517201597340481,3.2910027582213317,0.03736347477493762,3.4507329939459686,0.03891429555559256,3.260128222181716,0.011347438645003649,,,,,0.33429461053798715,0.2728139827447403,0.35273748642709213,4.964,3.973,-0.740420226399679,50.204945610837726,-0.05538053617340655,-0.0009256434081847398,-0.05445489276522181,3.4507329939459686,4.729971297266826,2.171494690625111,0.41733774787737676,3788413.3649999998,0.4164283191942546,19820.08594346447,0.0519999999999996,0.004000000000000448,0.041999999999999815,0.09799999999999986,0.5306122448979559,0.4790060597072668,0.5209939402927333,0.020114697959329568,0,6,10,4,False,False,crash
2024-10-07,4.19,4.272,4.126,2.4321601168009,3779052.3,1728345599999,15901823.96343,67923.0,1732641.74,7290928.34497,0,-0.24915799783942927,-0.28656003262654045,2.8786299289482224,-0.055766985591573004,3.1985189433587564,-0.09248381486257529,3.379802422521577,-0.07093057142439152,3.2561597660297723,-0.0039684561519437445,,,,,0.3442905252344767,0.25075769856870456,0.35526599971012546,4.964,3.973,-1.5548333836519665,43.41418934275105,-0.11381404114917348,-0.02350332295638249,-0.09031071819279099,3.379802422521577,4.72144144123113,2.0381634038120238,0.14683409899923736,3736095.283,1.0114978376476274,-54102.39513242615,0.05900000000000016,0.08199999999999985,0.004999999999999893,0.1459999999999999,0.4041095890410973,0.4584857796225789,0.541514220377421,0.017973553845761808,0,0,10,4,False,False,crash
2024-10-08,4.13,4.184,4.045,3.4544135958967237,3238080.04,1728431999999,13334540.83259,57741.0,1481165.84,6099990.25798,0,0.42030681780952284,0.3508729171535965,3.1041547766006814,0.22552484765245895,3.2644690139164028,0.06595007055764635,3.3439217649618698,-0.03588065755970726,3.276145209557374,0.019985443527601898,,,,,0.3599352154026877,0.26724159725799107,0.3585770832215833,4.964,3.989,-0.5482937477982317,51.071200068245126,-0.07675096504961854,-0.0341528513750297,-0.042598113674588836,3.3439217649618698,4.633734193879426,2.0541093360443137,0.5428325190770497,3825295.172,0.8464915501689291,-21163.921830065643,0.0259999999999998,0.05400000000000027,0.05900000000000016,0.13900000000000023,0.18705035971222847,0.45742100927190177,0.5425789907280982,0.01783186310613866,0,1,10,4,False,False,crash
2024-10-09,4.105,4.15,3.951,1.7813925558180121,3076173.21,1728518399999,12500131.61043,58137.0,1407896.36,5725099.69408,0,-0.4843140503111688,-0.662257323421779,2.7401658295756244,-0.363988947025057,2.9712200140352722,-0.2932489998811305,3.235257292786978,-0.10866447217489172,3.2365522802285516,-0.039592929328822635,,,,,0.32649538757637075,0.2898552216113817,0.3602396599166524,4.964,3.951,-2.1417645056090695,44.59097260941896,-0.18029865546166368,-0.0633820121923565,-0.11691664326930719,3.235257292786978,4.66681783979427,1.8036967457796866,-0.0077901664754249774,3904012.94,0.7879515916768453,-59964.39005847953,0.0810000000000004,0.04499999999999993,0.07299999999999995,0.1990000000000003,0.4070351758793984,0.4576778561828773,0.5423221438171226,0.018899130845756243,0,2,10,4,False,False,crash
2024-10-10,4.024,4.077,3.962,3.5040669058643585,2490257.83,1728604799999,10043643.48152,49030.0,1211333.67,4886643.79651,0,0.9670380312414057,0.6765288738623111,2.8822553460035825,0.14208951642795808,2.8857401222849868,-0.08547989175028547,3.1982020681949686,-0.037055224592009495,3.2318055421301666,-0.004746738098384995,,,,,0.45647717970953333,0.36200616455988704,0.3831276472936507,4.964,3.951,-0.4411975262938217,52.434547336767686,-0.12194976212880926,-0.07509556217964705,-0.046854199949162206,3.1982020681949686,4.556169350506231,1.840234785883706,0.6126186328837053,3722669.5699999994,0.6689440959434927,30323.716120775563,0.04900000000000038,0.0039999999999995595,0.06199999999999983,0.11499999999999977,0.4260869565217433,0.48642901767324226,0.5135709823267578,0.019688724359918988,0,3,10,4,False,False,crash
2024-10-11,4.073,4.196,4.053,3.4055865032420694,2347729.65,1728691199999,9718414.52857,40200.0,1081519.82,4476260.7301,0,-0.028104601101501148,-0.028507094614488335,2.915523935524413,0.03326858952083045,2.924960425032104,0.03922030274711741,3.1754957983149845,-0.02270626987998403,3.2137059482474295,-0.018099593882737075,,,,,0.4397080553712454,0.3610607195497383,0.38310918825837603,4.964,3.951,-0.5384141132852226,50.19099824165022,-0.08270106286491696,-0.07661666231670104,-0.006084400548215921,3.1754957983149845,4.501705948015918,1.8492856486140519,0.5867474528750105,3105534.841,0.7559823895725535,56488.4619936162,0.09799999999999986,0.024999999999999467,0.020000000000000462,0.1429999999999998,0.6853146853146853,0.4606662526070666,0.5393337473929334,0.017122925546389042,0,4,10,4,False,False,crash
2024-10-12,4.172,4.263,4.152,3.473069999973853,2311858.57,1728777599999,9746467.49333,41063.0,1111794.34,4686774.63338,0,0.019815528593251086,0.019621756619722968,3.123705912159003,0.20818197663459026,3.001167920553613,0.07620749552150885,3.189070760989859,0.01357496267487468,3.233421090695544,0.019715142448114342,,,,,0.4356525368257003,0.35755313059891064,0.3768236982298365,4.964,3.951,-0.4717966436585855,52.77366023569823,-0.04562489631927624,-0.07041830911721608,0.02479341279793984,3.189070760989859,4.521946036545853,1.8561954854338654,0.6065363144595529,2849861.3630000004,0.8112179069533213,18845.16695756402,0.03300000000000036,0.05799999999999983,0.019999999999999574,0.11099999999999977,0.2972972972973012,0.4809093230992933,0.5190906769007068,0.01776189968229761,0,5,10,4,False,False,crash
2024-10-13,4.205,4.216,4.086,3.4426711573880064,1965193.65,1728863999999,8160338.93552,38955.0,886413.52,3679686.64484,0,-0.008752729598330955,-0.008791259730016713,3.12135742445726,-0.0023484877017430072,3.11275610052897,0.11158817997535708,3.176937312857499,-0.012133448132360058,3.22973944122765,-0.003681649467893955,,,,,0.4294851438706585,0.35708331574787566,0.37270002248521744,4.964,3.951,-0.501805372766035,43.85078917113443,-0.018481654743991882,-0.06003097824257125,0.041549323498579364,3.176937312857499,4.495128166298175,1.8587464594168235,0.6007949053192496,2559666.6619999995,0.7677537388655493,-20095.916040428092,0.04300000000000015,0.01100000000000012,0.07599999999999962,0.1299999999999999,0.3307692307692322,0.4510565765363633,0.5489434234636368,0.01982247398367077,0,6,10,4,False,False,crash
2024-10-14,4.163,4.4,4.134,3.7040245966749685,4101366.34,1728950399999,17620355.12387,70533.0,2033911.13,8737691.50772,0,0.07591588837234564,0.07317228802643624,3.505883832628651,0.38452640817139105,3.123024831102138,0.010268730573167684,3.200225643770549,0.023288330913049826,3.209265073751956,-0.020474367475693978,,,,,0.40128164869284766,0.3549005652456046,0.37102308851453114,4.964,3.951,-0.24380592628334793,46.80338064126155,0.02384374227086239,-0.04325603413988452,0.06709977641074691,3.200225643770549,4.539270291629069,1.8611809959120296,0.6881188030997043,2667252.139,1.5376747777349893,212853.2266794812,0.21499999999999986,0.02200000000000024,0.028999999999999915,0.266,0.8082706766917287,0.49591062133698594,0.5040893786630141,0.017197439622035814,0,0,10,4,False,False,crash
2024-10-15,4.379,4.535,4.291,4.303197720950693,6569159.09,1729036799999,29005689.94078,101305.0,3009870.89,13292155.37626,0,0.16176272825336802,0.14993844502654222,3.665709995645918,0.1598261630172666,3.2739826708247506,0.15095783972261279,3.2638109771355723,0.06358533336502337,3.2043044797115634,-0.0049605940403925075,,,,,0.38875500212786196,0.3544394644740336,0.37109942776270805,4.964,3.951,0.34767790814481014,56.791065291610145,0.10453022856636585,-0.013698781598634444,0.11822901016500029,3.2638109771355723,4.68723582042219,1.8403861338489542,0.8651006755703476,3145647.329,2.088332989346372,42013.808707171076,0.027000000000000135,0.12900000000000045,0.08799999999999919,0.24399999999999977,0.11065573770491868,0.4581820669531083,0.5418179330468916,0.015421304098756422,0,1,10,4,False,False,crash
2024-10-16,4.407,4.411,4.287,2.0141265601792995,3164327.04,1729123199999,13725747.52256,46579.0,1551955.18,6731199.05376,0,-0.5319465451533274,-0.7591727698292228,3.3874180070333635,-0.27829198861255433,3.1514709712788886,-0.12251169954586194,3.22123686475011,-0.04257411238546238,3.1849554323611646,-0.019349047350398774,,,,,0.43625704703399465,0.3784149382304197,0.37614474311096063,4.964,3.951,-1.912017216012537,46.96567487535616,-0.016049058284349105,-0.014168836935777376,-0.0018802213485717284,3.22123686475011,4.742389608026242,1.7000841214739781,0.10322514951028616,3304319.772,0.9576334187791798,-66073.10206082577,0.09299999999999997,0.0039999999999995595,0.027000000000000135,0.12399999999999967,0.7500000000000018,0.49045347095349534,0.5095465290465047,0.014720033489332379,0,2,10,4,False,False,crash
2024-10-17,4.313,4.35,4.146,1.826830642942505,2710997.96,1729209599999,11458108.72244,44544.0,1262299.34,5334933.81291,0,-0.09299113617771926,-0.09760305623307612,3.058170135627095,-0.32924787140626854,3.090938023893049,-0.06053294738583981,3.1447284836259026,-0.07650838112420733,3.142315175459409,-0.042640256901755436,,,,,0.4276955478053414,0.3783653436289723,0.3745867858184226,4.93,3.951,-2.1697337661465737,47.785084205699725,-0.1252780991203588,-0.036390689372693664,-0.08888740974766515,3.1447284836259026,4.7862886420788655,1.5031683251729402,0.09858375159232369,3197514.338,0.8478454428747584,-76038.65395456683,0.1200000000000001,0.03699999999999992,0.04699999999999971,0.20399999999999974,0.5882352941176483,0.46562164878943696,0.534378351210563,0.016430849693446468,0,3,10,4,False,False,crash
2024-10-18,4.193,4.312,4.173,3.4699578522811043,2869979.62,1729295999999,12196185.43876,40366.0,1274322.76,5414455.66046,0,0.8994414538021918,0.6415598712711924,3.063627474605714,0.0054573389786192195,3.0924924495314867,0.001554425638437884,3.178480731723945,0.03375224809804234,3.136047248014038,-0.006267927445371413,3.4608865354761336,,,,0.4953000981911954,0.4216098888344451,0.39330052903506146,4.858,3.951,-0.5303662047617376,49.43636994635802,-0.0783530620033801,-0.044783163898830955,-0.03356989810454915,3.178480731723945,4.817513677574906,1.5394477858729831,0.5889174074551103,3160704.296,0.9080190208340831,80082.903777725,0.11699999999999999,0.002000000000000668,0.019999999999999574,0.13900000000000023,0.8417266187050345,0.444018051947003,0.5559819480529969,0.014064908237919822,0,4,10,4,False,False,crash
2024-10-19,4.311,4.483,4.31,2.3965990513263025,3363117.5,1729382399999,14794341.83771,47421.0,1552289.14,6826335.5003,0,-0.30932906007754246,-0.37009177714359803,2.802142365535981,-0.2614851090697332,3.154013099082316,0.061520649550829365,3.062616556558794,-0.11586417516515102,3.1269555561517586,-0.009091691862279205,3.4488082910202102,-0.012078244455923315,,,0.4751303627472891,0.4052671917813619,0.3944132556581545,4.771,3.951,-1.8956109130167047,48.33470224191347,-0.12631958328985204,-0.06109044777703518,-0.06522913551281687,3.062616556558794,4.566711164526237,1.5585219485913508,0.2785985330628525,3189398.725,1.0544675626908329,95197.2935034808,0.12100000000000044,0.05099999999999927,0.001000000000000334,0.17300000000000004,0.6994219653179214,0.46156256509027704,0.538437434909723,0.014100310203256354,0,5,10,4,False,False,crash
2024-10-20,4.433,4.594,4.357,2.559748031047649,3366066.45,1729468799999,15115842.37493,53808.0,1599930.87,7197173.37547,0,0.06807520833785619,0.06585815785064611,2.453452427555372,-0.348689937980609,3.059581211600645,-0.09443188748167097,2.972660666942816,-0.089955889615978,3.1143630547349272,-0.012592501416831325,3.426381768062647,-0.02242652295756331,,,0.36933450624096587,0.4044836728555481,0.394331771620581,4.594,3.951,-2.163688909723718,47.08068404991543,-0.14944591829960352,-0.07876154188154885,-0.07068437641805467,2.972660666942816,4.361086595211443,1.584234738674189,0.35130188529031897,3276979.5870000003,1.0271856630884775,111645.2545464795,0.1459999999999999,0.015000000000000568,0.07599999999999962,0.2370000000000001,0.616033755274261,0.47531173069979055,0.5246882693002094,0.01598542417366716,0,6,10,4,False,False,crash
2024-10-21,4.578,4.615,4.334,3.316893538998832,3629142.83,1729555199999,16181954.56423,61122.0,1817921.96,8101635.63802,0,0.29578907719339087,0.25911983560584073,2.7140058233192788,0.2605533957639068,3.050711915176321,-0.008869296424323991,2.9878361701042127,0.015175503161396708,3.1270372324349904,0.012674177700063183,3.4282435596122838,0.0018617915496368376,,,0.3782174468465502,0.3994534606169834,0.3943861461551033,4.615,3.951,-0.9549796099415178,53.81745991595075,-0.10546268249290902,-0.0841017700038209,-0.021360912489088127,2.9878361701042127,4.384745024983585,1.5909273152248404,0.6177805437145127,3405120.905,1.0657897123920186,-160097.5871718717,0.2010000000000005,0.03699999999999992,0.04300000000000015,0.2810000000000006,0.7153024911032032,0.5009232331591644,0.4990767668408356,0.016841993512831787,0,0,10,4,False,False,crash
2024-10-22,4.378,4.437,4.271,2.761411455937885,3090937.0,1729641599999,13438975.13422,45842.0,1318675.16,5735679.8367,0,-0.16747057948342026,-0.18328671779212427,2.9009219859183544,0.18691616259907562,2.9795460607727247,-0.07116585440359646,2.9903569906631686,0.002520820558955972,3.145062948578875,0.018025716143884374,3.4279573818590836,-0.00028617775320016747,,,0.38488441469536044,0.4012575793966008,0.3921508465074266,4.615,3.951,-1.791549012141739,46.88432342971482,-0.11411298946981452,-0.09010401389701962,-0.024008975572794897,2.9903569906631686,4.385342990122726,1.5953709912036114,0.41793984498268044,3483028.7479999997,0.8874279323060013,-38839.738405300304,0.05600000000000005,0.05900000000000016,0.051000000000000156,0.16600000000000037,0.337349397590361,0.4266263466385759,0.5733736533614241,0.014831101377996382,0,1,10,4,False,False,crash
2024-10-23,4.324,4.332,4.104,1.9892876675285907,3130845.0,1729727999999,13199935.21505,55171.0,1508190.33,6357837.33536,0,-0.27961200303887723,-0.32796532745001045,2.604787948967852,-0.29613403695050255,2.834207711786783,-0.14533834898594167,2.9734819061578768,-0.01687508450529185,3.1307578786449346,-0.014305069933940207,3.3933517371628685,-0.03460564469621508,,,0.3979318342265307,0.4062203855819032,0.39135024171720006,4.615,3.951,-2.954386042878628,51.01706781509592,-0.18118378302032712,-0.10831996772168112,-0.072863815298646,2.9734819061578768,4.409819033081073,1.5371447792346813,0.15739441660971787,3599593.883,0.8697772864839598,-81132.49421564085,0.11399999999999988,0.008000000000000007,0.10599999999999987,0.22799999999999976,0.5,0.4817198967052026,0.5182801032947973,0.017621760259610424,0,2,10,4,False,False,crash
2024-10-24,4.21,4.26,4.143,4.029907628807616,3252270.96,1729814399999,13684651.05359,52552.0,1547628.27,6514481.60316,0,1.0258043593133053,0.7059668361654234,2.9314496644641146,0.3266617154962628,2.8667960150000478,0.03258830321326478,2.994910423051093,0.02142851689321601,3.1323655145219544,0.0016076358770198418,3.3806088644381482,-0.0127428727247203,,,0.5119355716239345,0.44820283843049236,0.410871963607805,4.615,3.951,0.11883679037291603,52.494911814228196,-0.06888285475393685,-0.10043254512813227,0.031549690374195416,2.994910423051093,4.482558154548709,1.5072626915534761,0.847863672239997,3514684.345,0.9253379936171764,-3090.043667458154,0.0039999999999995595,0.04999999999999982,0.06300000000000061,0.11699999999999999,0.034188034188030424,0.47586080281576537,0.5241391971842346,0.016158555251497248,0,3,10,4,False,False,crash
2024-10-25,4.206,4.22,3.848,1.8559106230608118,5549275.62,1729900799999,22558947.81695,108789.0,2751865.62,11183787.37897,0,-0.5394657163370404,-0.7753679772784486,2.7906821828667474,-0.14076748159736718,2.6220673052110595,-0.2447287097889883,2.948024988017905,-0.04688543503318776,3.1322369586440586,-0.00012855587789584177,3.3648971106668246,-0.01571175377132361,,,0.5501900955966761,0.46491177034997055,0.4112018812049143,4.615,3.848,-2.597248209829449,43.85721027301608,-0.1535370697642997,-0.11105345005536577,-0.04248361970893394,2.948024988017905,4.519148788241461,1.3769011877943487,0.15244165838436938,3412695.9980000006,1.6260679601265788,-277067.9696148366,0.2100000000000004,0.013999999999999346,0.14800000000000013,0.3719999999999999,0.5645161290322593,0.49589636710097307,0.5041036328990269,0.019604180338045635,0,4,10,4,False,False,crash
2024-10-26,3.996,4.061,3.943,2.5656917030309563,3482001.47,1729987199999,13979888.11519,43907.0,1528693.59,6141547.45575,0,0.3824435676754503,0.3238526345399675,2.6404418156731717,-0.1502403671935757,2.6772238194962257,0.055156514285166214,2.9143473953875567,-0.03367759263034831,3.1445913813010753,0.012354422657016695,3.3324657574528977,-0.03243135321392687,,,0.52033261022253,0.4698144989676493,0.4135475819042097,4.615,3.848,-1.6718491485906688,46.5775006295317,-0.16149117406523583,-0.12114099485733978,-0.04035017920789605,2.9143473953875567,4.48806102954033,1.3406337612347832,0.38922517896837594,3444463.4410000006,1.01089807734731,33983.49783033063,0.039000000000000146,0.0259999999999998,0.052999999999999936,0.11799999999999988,0.33050847457627275,0.4390272672687872,0.5609727327312127,0.012609701741452739,0,5,10,4,False,False,crash
2024-10-27,4.036,4.136,4.007,2.98416775449583,2787235.2,1730073599999,11318280.25932,33293.0,1421401.95,5771606.52754,0,0.1631045736985901,0.1510927866899109,2.684993075384761,0.04455125971158935,2.7929575306515577,0.11573371115533204,2.9419477772723033,0.02760038188474656,3.1345083213582643,-0.010083059942811001,3.31683611942928,-0.01562963802361761,,,0.5145022883814078,0.46355662097253253,0.4007592329288397,4.615,3.848,-1.1262480384669744,48.31978076759624,-0.13249996194409652,-0.12341278827469114,-0.009087173669405382,2.9419477772723033,4.499331822145635,1.384563732398972,0.5135547739051611,3452087.165,0.8074058002530189,64241.10869888503,0.09200000000000053,0.008000000000000007,0.028999999999999915,0.12900000000000045,0.713178294573645,0.50996842677647,0.49003157322352997,0.011944811833604857,0,6,10,4,False,False,crash
2024-10-28,4.129,4.226,4.004,1.929443397076596,5064133.38,1730159999999,20860299.66655,67527.0,2411152.66,9936423.92182,0,-0.35344003561134507,-0.4360893327301504,2.6730242212943622,-0.011968854090398828,2.638906085131107,-0.1540514455204507,2.865699267331297,-0.0762485099410064,3.1188346793757025,-0.015673641982561826,3.2993354701018736,-0.01750064932740658,,,0.46271531762529317,0.467850046948058,0.4030955908969913,4.615,3.848,-2.501377578778883,43.85427489751218,-0.19241363381489052,-0.13721295738273104,-0.05520067643215948,2.865699267331297,4.46616835972536,1.2652301749372337,0.20750579479976033,3671502.5409999997,1.3793081506681164,4907.105988372102,0.0030000000000001137,0.0940000000000003,0.125,0.22200000000000042,0.013513513513514,0.47612345076108564,0.5238765492389144,0.013334364427818447,0,0,10,4,False,False,crash
2024-10-29,4.133,4.251,4.119,2.5847912762709484,5447880.2,1730246399999,22741558.62705,64993.0,2644878.18,11038248.97064,0,0.33965644194968636,0.29241319448544395,2.3840009507870286,-0.2890232705073337,2.6577253076255714,0.018819222494464327,2.9058692033539435,0.040169936022646624,3.1322045542327954,0.013369874857092956,3.2917227006825938,-0.007612769419279797,,,0.4555099812791641,0.4531480106515344,0.4016539017194223,4.615,3.848,-1.6469474885646036,44.07188478282006,-0.18488333356351427,-0.1467470326188877,-0.03813630094462658,2.9058692033539435,4.430270520125029,1.3814678865828576,0.3946872048880517,3879978.8109999998,1.4041005029601954,80426.11137463688,0.05999999999999961,0.05800000000000072,0.014000000000000234,0.13200000000000056,0.45454545454544965,0.48548758102279854,0.5145124189772015,0.011929961308620552,0,1,10,4,False,False,crash
2024-10-30,4.193,4.218,4.119,4.082004778806544,4299714.15,1730332799999,17948702.42749,55548.0,1976156.6,8249486.39746,0,0.5792396145407959,0.4569434745779913,2.8292197819361746,0.44521883114914607,2.8099509824014612,0.15222567477588989,2.934766097001053,0.028896893647109678,3.129264813760794,-0.0029397404720015174,3.2915280522346357,-0.0001946484479580235,,,0.48034518874332455,0.4214834628503236,0.3744176206425812,4.615,3.848,0.30509097627971854,57.545986152338095,-0.05744075813793259,-0.1288857777226967,0.0714450195847641,2.934766097001053,4.527301369387834,1.3422308246142725,0.860192550111022,3973343.5809999993,1.0821400320276007,-2050.9010970661907,0.0019999999999997797,0.025000000000000355,0.07200000000000006,0.0990000000000002,0.020202020202017938,0.4596018551605343,0.5403981448394657,0.012918998347832028,0,2,10,4,False,False,crash
2024-10-31,4.192,4.215,3.901,3.932820948516777,6741494.0,1730419199999,27165478.93525,70454.0,3056513.46,12271594.29632,0,-0.03654670642825264,-0.03723126809746671,3.1026456310333392,0.2734258490971646,2.8715437233532555,0.061592740951794234,2.9611278192647887,0.026361722263735565,3.166446413957845,0.03718160019705108,3.289886352608275,-0.0016416996263606265,,,0.48021963318229355,0.4216069018002191,0.3655592164622009,4.615,3.848,0.11058793809227797,57.706498517680316,0.031161304615551888,-0.09687636125504698,0.12803766587059887,2.9611278192647887,4.603164016328352,1.319091622201226,0.7958805448350217,4284578.698,1.573432179725597,-373186.9739918868,0.2330000000000001,0.022999999999999687,0.058000000000000274,0.31400000000000006,0.7420382165605097,0.45338814512035464,0.5466118548796454,0.01045079918486911,0,3,10,4,False,False,crash
2024-11-01,3.959,3.996,3.845,1.8937862659513724,5578717.23,1730505599999,21935907.11889,60728.0,3006108.65,11825925.91732,0,-0.5184661873138174,-0.730778826562206,2.8845693333244475,-0.2180762977088917,2.784781204354604,-0.0867625189986514,2.8821636325636644,-0.07896418670112437,3.1512764231131585,-0.01516999084468651,3.2546424986808167,-0.035243853927458435,,,0.5144706854931654,0.44261617034077483,0.37361181872112686,4.615,3.845,-2.534043810452763,44.39469337262223,-0.0624342767892494,-0.08998794436188746,0.027553667572638066,2.8821636325636644,4.571745953022344,1.1925813121049853,0.20750837214490608,4533356.721,1.2305930402868026,-71865.26363475645,0.051000000000000156,0.03699999999999992,0.06299999999999972,0.1509999999999998,0.33774834437086243,0.5388530241028187,0.46114697589718134,0.010885656593854641,0,4,11,4,False,False,crash
2024-11-02,3.908,3.949,3.823,1.892944568689127,3320709.06,1730591999999,12913749.35063,37404.0,1541728.2,5997547.97743,0,-0.0004444520891181414,-0.0004445508872230027,2.8772695676469535,-0.007299765677494019,2.775146894470658,-0.009634309883946202,2.80467730312872,-0.07748632943494416,3.1115683868889983,-0.03970803622416019,3.23400953681955,-0.02063296186126662,,,0.5003953360557106,0.4425544525446022,0.36902448404805305,4.615,3.823,-2.436938675897566,48.06094628039815,-0.13511979047160327,-0.09901431358383064,-0.03610547688777263,2.80467730312872,4.527836765437976,1.0815178408194648,0.23544737025737766,4552343.127,0.7294505197345156,0.0,0.0,0.040999999999999925,0.08499999999999996,0.1259999999999999,0.0,0.4642768071949067,0.5357231928050933,0.011263859412001604,0,5,11,4,False,False,crash
2024-11-03,3.908,3.931,3.665,3.2431081279050473,6064734.41,1730678399999,22855062.20248,87232.0,2710097.1,10217067.28423,0,0.7132610122603404,0.5383985791650736,3.008932937973774,0.1316633703268204,2.696466944380401,-0.07867995009025686,2.781631479690224,-0.02304582343849626,3.0971975442011717,-0.014370842687826624,3.2272538011912486,-0.006755735628301451,,,0.4428925952703501,0.46622070066707244,0.3808683893210725,4.615,3.665,-0.4440967074683712,52.41058836223437,-0.08282194842805657,-0.09577584055267584,0.012953892124619268,2.781631479690224,4.466039660233736,1.0972232991467115,0.6369848037860745,4833589.472,1.2547061443947136,-192432.7192528146,0.12400000000000011,0.02300000000000013,0.11899999999999977,0.266,0.46616541353383495,0.4468616293454473,0.5531383706545527,0.014383482293332611,0,6,11,4,False,False,crash
2024-11-04,3.786,3.839,3.679,3.648778577492145,3353577.29,1730764799999,12649174.8278,41659.0,1554370.11,5862639.51278,0,0.125086933148032,0.11786030658027048,2.922287697710894,-0.08664524026288012,2.8757537398235344,0.17928679544313342,2.748910522517297,-0.032720957172927,3.119088222528019,0.021890678326847546,3.232431315490869,0.005177514299620434,,,0.3871416437927992,0.4659954190224028,0.3762167064676947,4.615,3.665,-0.017075181587215982,51.200510756330665,-0.008542840325132861,-0.07832924050716725,0.06978640018203439,2.748910522517297,4.331194940736101,1.1666261042984931,0.7843572383743247,4614019.639,0.7268233671252476,-28360.061649048574,0.03400000000000025,0.052999999999999936,0.07299999999999995,0.16000000000000014,0.21250000000000138,0.4634961343026032,0.5365038656973968,0.012422257308403946,0,0,11,4,False,False,crash
2024-11-05,3.751,3.919,3.746,2.1413044445728038,3347876.96,1730851199999,12897521.64149,52326.0,1550694.82,5969804.29828,0,-0.413144865029176,-0.5329772784175012,2.5639843969220992,-0.3583033007887946,2.833315013977719,-0.04243872584581565,2.7552694167369722,0.006358894219675282,3.112695158528954,-0.006393063999065252,3.1967405312594077,-0.035690784231461326,,,0.41255715868357573,0.45837031856883315,0.38210379708992015,4.615,3.665,-1.603890058344417,47.90144968458697,-0.07050395038820056,-0.07676418248337392,0.00626023209517336,2.7552694167369722,4.326101101886936,1.1844377315870083,0.3045732786114655,4600607.188,0.7277032841952774,91906.0039658849,0.10400000000000009,0.06400000000000006,0.004999999999999893,0.17300000000000004,0.6011560693641622,0.4631875180980367,0.5368124819019633,0.015629606650777273,0,1,11,4,False,False,crash
2024-11-06,3.856,4.13,3.855,3.322434930229936,9391141.87,1730937599999,38095046.77657,123551.0,4489109.94,18210063.46765,0,0.5515939074664233,0.43928272996242074,2.8497141297778117,0.28572973285571246,2.8671417315511296,0.033826717573410825,2.8300496311013434,0.07478021436437121,3.1021284262277784,-0.010566732301175552,3.192391008754973,-0.004349522504434766,,,0.4406943886563693,0.46710484141206876,0.3817548994694464,4.615,3.665,-0.36059481028427776,54.390072548479345,-0.0240242804947286,-0.06621620208564487,0.04219192159091627,2.8300496311013434,4.356553681358231,1.3035455808444556,0.6612787398257252,5260997.8549999995,1.785049553113722,623640.0307963681,0.2549999999999999,0.019000000000000128,0.0009999999999998899,0.2749999999999999,0.9272727272727271,0.47801534703042464,0.5219846529695754,0.0131561211309866,0,2,11,4,False,False,crash
2024-11-07,4.111,4.199,4.045,2.0356312495661553,7086769.64,1731023999999,29214285.34685,86396.0,3362425.46,13859156.43587,0,-0.38730741389560486,-0.4898919596919524,2.8782514659532175,0.02853733617540577,2.8777605168000853,0.010618785248955653,2.7583333009655964,-0.07171633013574708,3.059400516277284,-0.04272790995049425,3.163906182459347,-0.028484826295625876,,,0.44466721742771537,0.443001483422764,0.386973193828913,4.615,3.665,-1.7151250004566785,43.08974996150083,-0.08998580959986269,-0.07097012358848843,-0.019015686011374253,2.7583333009655964,4.293004382928696,1.2236622190024973,0.2645417119364153,5463261.481000001,1.2971683059004584,89640.48194599904,0.05200000000000049,0.03599999999999959,0.06599999999999984,0.15399999999999991,0.33766233766234105,0.47446518382951136,0.5255348161704886,0.012191168104626017,0,3,11,4,False,False,crash
2024-11-08,4.164,4.392,4.116,2.2906202034007643,11448594.98,1731110399999,49101904.78451,132245.0,5561986.39,23840502.62734,0,0.12526284114028696,0.11801664493675455,2.687753881052361,-0.19049758490085633,2.8483434095130673,-0.029417107287017963,2.7530343585693196,-0.005298942396276818,3.026119280358982,-0.03328123591830234,3.1336487528158075,-0.030257429643539613,,,0.43667284636213527,0.4344070568875846,0.3868111225297027,4.615,3.665,-1.4467155753676162,51.737332492927585,-0.12029859181679603,-0.08083581723414995,-0.039462774582646076,2.7530343585693196,4.293684605095574,1.2123841120430643,0.34992889975801694,6063332.959000001,1.888168612447133,445513.42463607877,0.16100000000000048,0.06700000000000017,0.04800000000000004,0.2760000000000007,0.5833333333333336,0.48582261838386737,0.5141773816161327,0.01155119909744593,0,4,11,4,False,False,crash
2024-11-09,4.324,4.641,4.262,1.9900532041003,8503678.87,1731196799999,37456696.224,100928.0,4263699.07,18783234.82037,0,-0.13121642726028004,-0.14066123796957614,2.3560088063739917,-0.33174507467836944,2.639148252042443,-0.20919515747062434,2.724549617221952,-0.02848474134736767,2.981016916486898,-0.045102363872083995,3.1130517115051703,-0.02059704131063711,,,0.4017064018220766,0.43706122911151,0.38770113282266955,4.641,3.665,-1.7161340121923156,47.62164699241765,-0.16665385313532122,-0.09799942441438421,-0.06865442872093701,2.724549617221952,4.300899040344699,1.1482001940992044,0.26702614206353603,6483729.431,1.3115412912423858,599681.400080925,0.30600000000000005,0.01100000000000012,0.06200000000000028,0.37900000000000045,0.807387862796833,0.5013946475615207,0.4986053524384793,0.011868745462162544,0,5,11,4,False,False,crash
2024-11-10,4.632,5.478,4.582,4.2554561915913665,35504372.79,1731283199999,181616069.23113,463995.0,17392570.06,88870028.92877,0,1.1383630260856528,0.7600405952355769,2.7788391557777046,0.4228303494037129,2.6714117763499017,0.03226352430745871,2.7714777498515786,0.046928132629626695,2.98893180230189,0.007914885814992001,3.119640728982862,0.006589017477691694,,,0.5377120000400936,0.49620158890172467,0.4163957760821827,5.478,3.665,0.32567909078398594,54.55706396894026,-0.020356980771512934,-0.08247093568580996,0.062113954914297026,2.7714777498515786,4.472989570995639,1.069965928707518,0.9360764419320907,9360017.309999999,3.7931952061742504,4685350.275311017,0.609,0.2370000000000001,0.04999999999999982,0.8959999999999999,0.6796875,0.48987121003018286,0.5101287899698171,0.013068671927945922,0,6,11,4,False,False,crash
2024-11-11,5.242,5.786,4.972,2.7858049376883955,21631063.61,1731369599999,113557477.69406,308036.0,10833305.4,56977268.96425,0,-0.34535692243923244,-0.4236651116241657,2.671513157269396,-0.10732599850830837,2.760613643523604,0.08920186717370227,2.7726974239391042,0.0012196740875256573,2.98061648612613,-0.008315316175759868,3.114509081465725,-0.005131647517137239,,,0.5172604762895441,0.5030934889463585,0.41923415756586335,5.786,3.665,-0.4145191241450281,52.98103904035478,-0.022742072754845744,-0.07052516309961712,0.04778309034477138,2.7726974239391042,4.4742138345522156,1.071181013325993,0.5038517153485955,10965251.947999999,1.9726918918580238,1935693.3472791472,0.46799999999999997,0.07599999999999962,0.2699999999999996,0.8139999999999992,0.5749385749385755,0.5008216699520861,0.4991783300479139,0.014240446311553332,0,0,11,4,False,False,crash
2024-11-12,5.71,5.839,5.116,5.253021479726986,26930359.43,1731455999999,146369187.21862,470024.0,12316588.51,66988090.38447,0,0.8856386564113985,0.634266573284226,3.3149912033015623,0.6434780460321661,3.0966213346273896,0.3360076911037857,2.935884114549024,0.16318669060991997,3.0119701133199657,0.03135362719383572,3.1231519401370607,0.008642858671335851,,,0.5647024322474231,0.5230485030114403,0.4346257221881883,5.839,3.665,0.7304606622479233,58.24783203514434,0.17246342916163115,-0.02192744464736747,0.1943908738089986,2.935884114549024,4.923089484142409,0.9486787449556395,1.083014066042929,13326216.985,2.0208555406468944,-1895972.7654746072,0.40200000000000014,0.12900000000000045,0.19200000000000017,0.7230000000000008,0.556016597510373,0.4573495776027227,0.5426504223972773,0.017453313284649316,0,1,11,4,False,False,crash
2024-11-13,5.309,5.429,4.908,4.882415558039014,20191236.54,1731542399999,104152396.02957,353275.0,9507928.77,49077275.15211,0,-0.0705510006228326,-0.07316334220477742,3.8333502742292125,0.5183590709276502,3.2605520776407864,0.16393074301339672,2.9785095110105937,0.04262539646156949,3.044853264912467,0.032883151592501214,3.147732612218302,0.02458067208124115,,,0.5435913974976615,0.48410857685362124,0.4341873852015246,5.839,3.665,0.5599887571476605,52.659395523441844,0.29387281236140694,0.04123260675438742,0.2526402056070195,2.9785095110105937,5.09677286781683,0.8602461542043582,0.9494025827598208,14738867.197999999,1.3699313704882192,-893922.4918801788,0.23599999999999977,0.1200000000000001,0.16500000000000004,0.5209999999999999,0.45297504798464455,0.4708938331322228,0.5291061668677772,0.01749645195330865,0,2,11,4,False,False,crash
2024-11-14,5.072,5.216,4.686,3.9541334047622683,13094082.94,1731628799999,65075478.51789,217531.0,6108952.04,30333515.45227,0,-0.19012764117308845,-0.21087862542812336,4.226166314361605,0.3928160401323928,3.2910875603677985,0.03053548272701212,3.083420650095667,0.10491113908507321,3.0633061119347076,0.018452847022240704,3.1618688624462434,0.014136250227941627,,,0.5540949474901685,0.46536690844205447,0.43545633486731167,5.839,3.665,0.13299604634878942,50.06732587958516,0.31159414808432473,0.09530491502037489,0.21628923306394984,3.083420650095667,5.17525565961513,0.9915856405762042,0.7081217569034333,15712917.763,0.8333323662415708,-769177.3538576785,0.2969999999999997,0.14400000000000013,0.08900000000000041,0.5300000000000002,0.5603773584905652,0.4665429467640137,0.5334570532359862,0.016612923638621768,0,3,11,4,False,False,crash
2024-11-15,4.777,5.174,4.704,5.033496062560995,10257406.37,1731715199999,50852669.1984,159210.0,5321253.78,26391556.04845,0,0.27297072387562005,0.24135332156974906,4.3817742885555315,0.15560797419392625,3.5803067221666183,0.2892191617988198,3.2068108680721688,0.12339021797650185,3.1066638570281566,0.04335774509344903,3.1883128274140047,0.026443964967761246,,,0.5228477719372467,0.4628518172655293,0.4357632919533735,5.839,3.665,0.6294830094576793,60.55850046411455,0.40803045905249924,0.15785002382679977,0.25018043522569944,3.2068108680721688,5.4553272464084515,0.9582944897358856,0.9061978849894845,16403870.704,0.6253040245860255,829185.1013235579,0.38399999999999945,0.013000000000000789,0.0730000000000004,0.47000000000000064,0.8170212765957424,0.5187718598692899,0.4812281401307102,0.015521467538387096,0,4,11,4,False,False,crash
2024-11-16,5.16,5.803,5.132,4.412284249968681,17564833.99,1731801599999,96363431.62348,305408.0,9029433.98,49481620.09356,0,-0.12341557535186531,-0.1317222590675146,4.707070151011589,0.32529586245605735,3.6892916541404923,0.10898493197387404,3.278216692845811,0.07140582477364221,3.1277695767189972,0.02110571969084063,3.1978640058835235,0.009551178469518806,,,0.5137438663949412,0.4659487146474182,0.43666596741173375,5.839,3.665,0.34373700550537295,58.13291972400906,0.42938069531304945,0.2121561581240497,0.21722453718899976,3.278216692845811,5.5868637482044665,0.9695696374871554,0.7456130213777283,17221239.916,1.0199517616429448,2130514.6440108535,0.6269999999999998,0.016000000000000014,0.02800000000000047,0.6710000000000003,0.934426229508196,0.5140631551166742,0.4859368448833258,0.01738746863043936,0,5,11,4,False,False,crash
2024-11-17,5.786,6.147,5.304,3.803771986822362,18374242.79,1731887999999,104089789.93016,306019.0,9335247.08,52975854.72507,0,-0.1379132051953902,-0.14839932335879497,4.417220252430664,-0.2898498985809246,3.8661057278661133,0.17681407372562097,3.3719331223330995,0.09371642948728853,3.1479467586490393,0.020177181930042032,3.213251817176527,0.015387811293003484,,,0.492117575437845,0.4571224031704201,0.43633540020965655,6.147,3.665,0.055911356495713854,51.900957516924244,0.3926725722996651,0.2482594409591728,0.14441313134049233,3.3719331223330995,5.60084160691552,1.1430246377506799,0.5968722734639699,18349987.231,1.001321829748144,-1152557.4793105219,0.3619999999999992,0.36100000000000065,0.1200000000000001,0.843,0.42941874258600143,0.5080615939765756,0.4919384060234245,0.01665478156011674,0,6,11,4,False,False,crash
2024-11-18,5.425,6.1,5.392,2.812814630239955,16117811.2,1731974399999,93810676.61151,289912.0,8099798.12,47169943.58549,0,-0.26051965260153365,-0.3018075727104947,4.003300066870852,-0.413920185559812,3.9183251705500326,0.052219442683919315,3.38333429003155,0.011401167698450454,3.1099254001612517,-0.03802135848778754,3.1998537617463176,-0.013398055430209332,,,0.5084571940926846,0.46154130668013366,0.43029529360805,6.147,3.665,-0.34334624083805204,47.27382327527862,0.2803870164529796,0.2546849560579342,0.025702060395045412,3.38333429003155,5.597574251112992,1.1690943289501083,0.37117031807317047,18816908.852999996,0.8565599868668292,1735398.5510324468,0.5830000000000002,0.09199999999999964,0.032999999999999474,0.7079999999999993,0.8234463276836169,0.502537101315593,0.49746289868440696,0.017987057696767166,0,0,11,4,False,False,crash
2024-11-19,6.008,6.044,5.659,4.251541280354593,9028491.8,1732060799999,52790110.77118,184668.0,4365262.71,25529737.14099,0,0.511490033736032,0.41309594159078283,4.062781641989317,0.05948157511846475,4.144473978175461,0.22614880762542855,3.391811115108952,0.008476825077401884,3.1077789093009995,-0.0021464908602522037,3.203160950823259,0.003307189076941164,,,0.5160153101389708,0.4579873752358986,0.43428618644916084,6.147,3.665,0.2363180017544695,56.91272622635502,0.3039889260813542,0.2645457500626182,0.03944317601873598,3.391811115108952,5.618575781134297,1.1650464490836066,0.693044684596198,18869390.146,0.4784728987075341,-305057.22959387494,0.2030000000000003,0.03599999999999959,0.1459999999999999,0.3849999999999998,0.5272727272727283,0.48349855177361956,0.5165014482263804,0.02045391457297441,0,1,11,4,False,False,crash
2024-11-20,5.805,6.08,5.532,4.271643291575471,13729161.22,1732147199999,80475104.06708,260709.0,6738716.99,39511050.36412,0,0.004728170302324308,0.0047170276143338715,3.9104110877922125,-0.15237055419710455,4.146092688173872,0.00161870999841085,3.408752232261887,0.016941117152935004,3.132944105617091,0.025165196316091265,3.2018142463806005,-0.0013467044426582753,,,0.38774531168472626,0.45750152911164693,0.4308112354437784,6.147,3.665,0.24441711989342116,53.365416350127305,0.32061976869577613,0.2757605537892498,0.044859214906526335,3.408752232261887,5.657890413864326,1.1596140506594477,0.691827044325663,16691868.988999998,0.8225059296264288,-191569.6914418599,0.08099999999999952,0.27500000000000036,0.19200000000000017,0.548,0.1478102189781013,0.49083238822946823,0.5091676117705317,0.01898943393717391,0,2,11,4,False,False,crash
2024-11-21,5.724,5.968,5.473,3.9201638281807254,13681255.17,1732233599999,78622761.50223,242691.0,6761759.99,38854334.03328,0,-0.08228202576931765,-0.085865153176281,3.8119870034346213,-0.0984240843575912,4.259528577223105,0.1134358890492333,3.5100711103733553,0.10131887811146845,3.15712748128553,0.02418337566843931,3.2062875694499695,0.004473323069368984,,,0.36589593281268856,0.43703344364088426,0.43065916240318586,6.147,3.665,0.10280573254662584,57.15623523005765,0.3019575968129562,0.28099996239399105,0.020957634418965143,3.5100711103733553,5.651864102476242,1.3682781182704686,0.5957358435944659,15896888.145,0.8606247364395732,492372.2161111108,0.20599999999999952,0.038000000000000256,0.25100000000000033,0.4950000000000001,0.4161616161616151,0.494235353845827,0.5057646461541729,0.017738942588554907,0,3,11,4,False,False,crash
2024-11-22,5.932,6.687,5.878,5.799406557231357,21148336.67,1732319999999,131792163.51566,374669.0,10701830.66,66796274.97874,0,0.479378620745744,0.3916221487665089,4.21111391751642,0.399126914081799,4.314167084973542,0.05463850775043699,3.705394209800466,0.19532309942711068,3.2265798252774687,0.06945234399193856,3.2286652543999654,0.022377684949995924,,,0.2788224128341996,0.4438090892436143,0.4328930226547208,6.687,3.665,0.7062893968336721,61.86096360458698,0.43380622575423944,0.31156121506604073,0.12224501068819871,3.705394209800466,5.9368677882081275,1.4739206313928044,0.9691994491203297,15318685.868999999,1.3805581530199862,2496430.9728499143,0.6979999999999995,0.057000000000000384,0.05400000000000027,0.8090000000000002,0.8627935723114949,0.5060365184738663,0.4939634815261337,0.01771623961951992,0,4,11,4,False,False,crash
2024-11-23,6.631,9.432,6.585,7.873739433919474,60359355.47,1732406399999,488516161.67068,1229537.0,29830081.32,241563846.69399,0,0.3576801964507219,0.30577750541675686,5.223298878252325,1.0121849607359046,4.613299472561589,0.2991323875880463,3.9369257751011872,0.23153156530072128,3.3120278681369926,0.0854480428595239,3.2738559452820954,0.045190690882130014,,,0.2924449676281246,0.42612274579038495,0.4296937393964089,9.432,3.679,0.7291394809524552,67.75929804606156,0.6976366206348752,0.38877629617980763,0.30886032445506756,3.9369257751011872,6.829448230791088,1.0444033194112867,1.1805156604876401,19335497.762000002,3.121686144983765,17160993.221862752,1.8840000000000003,0.9169999999999998,0.04600000000000026,2.8470000000000004,0.6617492096944152,0.4942080823713607,0.5057919176286393,0.02037028047145249,0,5,11,4,False,False,crash
2024-11-24,8.515,10.5,8.042,5.915210505887188,55980685.72,1732492799999,506362282.56499,1269042.0,28820999.24,261118959.54961,0,-0.24874190268414165,-0.2860060147337575,5.556032723358844,0.33273384510651915,4.8094071826740805,0.19610771011249195,4.050247371520939,0.11332159641975181,3.374459691780245,0.06243182364325239,3.311620237658479,0.03776429237638368,,,0.2990448265528652,0.4338103846550274,0.4300785607770093,10.5,3.746,0.3211741939424324,55.10435665081146,0.7401551452067583,0.45905206598519777,0.2811030792215605,4.050247371520939,7.070024471292682,1.0304702717491958,0.808791522146985,23624158.04,2.369637285071261,2038051.9757134367,0.3099999999999987,1.6750000000000007,0.47300000000000075,2.458,0.1261187957689173,0.5148382673294628,0.48516173267053725,0.02266928287280008,0,6,11,4,False,False,crash
2024-11-25,8.824,9.359,8.11,7.848624030604246,23515306.26,1732579199999,206296589.02029,499054.0,10934623.93,96149567.92274,0,0.32685455957870024,0.28281114842310423,6.2714288711645985,0.7153961478057544,5.0909199794784055,0.28151279680432495,4.335613350822512,0.2853659793015728,3.4666473012795715,0.09218760949932658,3.363387761730644,0.05176752407216467,,,0.3034150674536533,0.41934157275731054,0.43124311664545034,10.5,3.855,0.6009968443347249,65.13822119132627,0.9192649810145044,0.5510946489910591,0.3681703320234453,4.335613350822512,7.6592268735927735,1.0119998280522506,1.0284926565188615,24949948.029,0.9424992081212965,-1580121.9957144489,0.5920000000000005,0.5350000000000001,0.12199999999999989,1.2490000000000006,0.47397918334667755,0.4650002772279437,0.5349997227720563,0.021222517558655004,0,0,11,4,False,False,crash
2024-11-26,8.231,8.468,7.55,4.464682929173011,20294174.75,1732665599999,162383626.05441,452089.0,9883121.92,79130152.74563,0,-0.43115087284550613,-0.5641400344012208,6.380332691363056,0.10890382019845735,5.096159847398839,0.005239867920433738,4.3927257507696655,0.05711239994715367,3.5072977575270134,0.0406504562474419,3.381728761778393,0.0183410000477493,,,0.3400410547746768,0.42534692322193196,0.4349848884973425,10.5,4.045,0.06501672024368882,47.765315541543906,0.7791732262652085,0.596710364445889,0.18246286181931948,4.3927257507696655,7.682112974172834,1.103338527366497,0.5109377786068159,25222882.104999997,0.8045938075402189,-411701.55287293525,0.16600000000000037,0.2370000000000001,0.5149999999999997,0.9180000000000001,0.18082788671024003,0.48699304316377784,0.5130069568362222,0.022276786593650476,0,1,11,4,False,False,crash
2024-11-27,8.065,8.568,7.842,4.035043529116663,15952780.89,1732751999999,132066307.22486,339871.0,7988999.73,66169154.74103,0,-0.09623066338014952,-0.10118110975481634,6.027460085740117,-0.352872605622939,5.119287001628268,0.023127154229428903,4.492696364747191,0.0999706139775256,3.5189103561914123,0.011612598664398899,3.3975277828743935,0.0157990210960004,,,0.33770249889681336,0.41315187732514375,0.43321602130453357,10.5,4.116,-0.012681151454156697,47.6059870708728,0.6262620334939974,0.6026206982555107,0.02364133523848677,4.492696364747191,7.596767852731963,1.3886248767624196,0.4262818466968288,24980735.915,0.6386033199454685,773408.2241773092,0.391,0.1120000000000001,0.22299999999999986,0.726,0.5385674931129477,0.5007904129748253,0.49920958702517476,0.021304812141753175,0,2,11,4,False,False,crash
2024-11-28,8.457,8.752,8.002,7.782226296752075,12382641.04,1732838399999,103040894.0909,290584.0,6100532.48,50820476.04502,0,0.9286598126131569,0.6568253641013425,6.009157458306636,-0.018302627433480545,5.616228168279481,0.49694116665121246,4.767276669414756,0.2745803046675652,3.638927031010094,0.1200166748186815,3.4377396556193225,0.04021187274492899,,,0.41446559132572014,0.4529539193358884,0.4413934703302113,10.5,4.262,0.5643197013068412,59.32924225620935,0.7982434903251452,0.6417452566694376,0.15649823365570759,4.767276669414756,8.019206135242994,1.515347203586519,0.9635631951767191,24607218.899,0.5032117237963536,232833.48218543208,0.15799999999999947,0.13700000000000045,0.45500000000000007,0.75,0.21066666666666597,0.49266811985369485,0.5073318801463051,0.023467045443804613,0,3,11,4,False,False,crash
2024-11-29,8.615,9.076,8.44,4.472852887980096,16424896.92,1732924799999,142901889.34631,343708.0,8658812.43,75398442.67003,0,-0.42524764541390314,-0.5538160186337154,5.720685934725218,-0.2884715235814186,5.63835932904203,0.02213116076254984,4.891416653608745,0.12413998419398897,3.658302750652408,0.019375719642314326,3.4450541463912874,0.007314490771964888,,,0.43530727147664966,0.46676131543085797,0.43014393481651614,10.5,4.582,-0.01844324299085902,48.76763542052942,0.6598944054865399,0.645375086432858,0.014519319053681867,4.891416653608745,7.8754783650560105,1.9073549421614802,0.4298667711825493,25346859.411000002,0.6480052086007918,783590.5553244316,0.4109999999999996,0.05000000000000071,0.1750000000000007,0.636000000000001,0.646226415094338,0.527176059135962,0.472823940864038,0.020926036959262696,0,4,11,4,False,False,crash
2024-11-30,9.027,9.224,8.604,5.474773559590972,18065505.49,1733011199999,161161814.30831,386446.0,8600270.62,76710853.68654,0,0.22400036323647887,0.20212448085191945,5.245915840522564,-0.47477009420265404,5.758672355843581,0.12031302680155065,4.952382522008726,0.06096586839998075,3.6996864917793864,0.04138374112697818,3.4566962200134075,0.011642073622120108,,,0.4365388459088657,0.4026244163182651,0.4302752717330693,10.5,4.686,0.1356679669059119,52.29704044085477,0.6239063794254056,0.6410813450313676,-0.01717496560596199,4.952382522008726,7.9315554288654715,1.9732096151519807,0.5876738366510939,25780493.838,0.70074318992958,-162121.19927874912,0.08199999999999896,0.19700000000000095,0.3410000000000011,0.620000000000001,0.13225806451612715,0.4760603363554152,0.5239396636445848,0.021391374861551137,0,5,11,4,False,False,crash
2024-12-01,8.945,9.388,8.696,6.41421640506601,14685246.0,1733097599999,132985400.07623,358926.0,7099730.6,64313443.34293,0,0.17159483132033415,0.15836592431979654,5.6358225357011635,0.3899066951785999,6.008077613532109,0.24940525768852773,5.133803095377607,0.1814205733688805,3.7585094198812294,0.058822928101843086,3.495965255288387,0.03926903527497938,,,0.43190503911120387,0.39035490397548334,0.4303091088532743,10.5,4.686,0.29725084366460436,55.56401407655654,0.6635418979119807,0.6455734556074902,0.017968442304490462,5.133803095377607,7.997114377845188,2.2704918129100258,0.7235896106596121,25880892.920999996,0.567416512437415,564754.0105086642,0.3439999999999994,0.0990000000000002,0.24900000000000055,0.6920000000000002,0.4971098265895944,0.48346010683103297,0.516539893168967,0.024441265743862923,0,6,12,4,False,False,crash
2024-12-02,9.291,10.198,8.455,9.579764416203394,30869602.68,1733183999999,284454249.73618,700018.0,15729101.76,145297049.24157,0,0.4935206128432468,0.40113616028166177,6.74476671311851,1.1089441774173467,6.386113399429313,0.3780357858972039,5.3501402422014275,0.21633714682382088,3.881251285057537,0.12274186517630747,3.5554953631425934,0.05953010785420654,,,0.4332021370006567,0.3575428526342773,0.4337456171705246,10.5,4.686,0.8417207458210173,63.19974826697258,0.939555984248182,0.7043699613356287,0.2351860229125533,5.3501402422014275,8.83724259674796,1.8630378876548956,1.106466880515756,26853019.522000004,1.1495765924837358,2399381.325757349,0.7199999999999989,0.18700000000000117,0.8360000000000003,1.7430000000000003,0.4130808950086051,0.509533664007625,0.490466335992375,0.022676611916794518,0,0,12,4,False,False,crash
2024-12-03,10.011,10.39,9.055,5.059059629485933,30261037.54,1733270399999,297014296.23261,773201.0,14775391.53,145038757.41535,0,-0.4719014571037943,-0.638472378416768,6.200133379665281,-0.5446333334532296,6.1046454189859585,-0.2814679804433542,5.358972445773773,0.008832203572345598,3.908351985713756,0.027100700656219168,3.558808529732856,0.003313166590262817,,,0.46317253655502,0.3774553645000083,0.44128593356963586,10.5,4.686,0.06416574294563694,51.406098722606835,0.7844731232150588,0.7203905937115147,0.0640825295035441,5.358972445773773,8.84197915759087,1.8759657339566767,0.45694627643548597,23843187.729,1.2691691179864384,-698261.8791069811,0.23099999999999987,0.37900000000000134,0.7249999999999996,1.3350000000000009,0.17303370786516833,0.4882645385330697,0.5117354614669303,0.02555104064022783,0,1,12,4,False,False,crash
2024-12-04,9.781,11.649,9.663,8.273127850483906,40288736.88,1733356799999,432800595.52399,996667.0,20295297.33,217817472.03932,0,0.635309416450694,0.4918320319801319,6.960188372166044,0.7600549925007636,6.340437153445631,0.2357917344596725,5.574922168059856,0.21594972228608267,3.9877505883044204,0.07939860259066434,3.596027534007992,0.03721900427513569,,,0.4843104108136278,0.39288391179808135,0.4478550161196534,11.649,4.704,0.5139132974058901,56.27018598220536,0.9104224990298002,0.7583969747751719,0.15202552425462834,5.574922168059856,9.222845533330522,1.9269988027891891,0.8698276268783199,22273992.845,1.8087792862447607,3015476.011877301,0.7309999999999999,1.1369999999999987,0.11800000000000033,1.9859999999999989,0.3680765357502519,0.5037461807365552,0.4962538192634448,0.024738104919212845,0,2,12,4,False,False,crash
2024-12-05,10.513,11.233,9.895,7.439706084889242,25573286.13,1733443199999,272195831.75093,637780.0,12420286.98,132298071.34992,0,-0.10073841244287274,-0.1061813106877822,7.3531748772256975,0.39298650505965327,6.29954535887413,-0.04089179457150127,5.695232669176268,0.12031050111641228,4.09626217879862,0.10851159049419934,3.640608805579892,0.04458127157190006,,,0.4844186188647325,0.3934332349102257,0.4394899339479402,11.649,5.132,0.3541055830733838,55.4329415918764,0.9322418121816058,0.7931659422564588,0.1390758699251471,5.695232669176268,9.425751827907499,1.9647135104450375,0.7338110784969508,22479790.832000002,1.1376122812315674,-347886.2173316237,0.14400000000000013,0.7200000000000006,0.4740000000000002,1.338000000000001,0.10762331838565024,0.4856742663755587,0.5143257336244413,0.024939305678507263,0,3,12,4,False,False,crash
2024-12-06,10.37,10.887,10.011,6.969860546322442,16867235.82,1733529599999,176878636.17761,390657.0,8860704.16,93004417.9991,0,-0.06315377693765356,-0.06523612647443253,7.464303705476984,0.11112882825128612,6.5500631205890745,0.2505177617149448,5.823111483993956,0.12787881481768792,4.199122776866218,0.10286059806759784,3.6707189761628136,0.030110170582921647,,,0.45316430736518465,0.39195888066921103,0.439229269884417,11.649,5.304,0.2625469734156725,51.88896459635376,0.9012323215495543,0.8147792181150779,0.08645310343447643,5.823111483993956,9.54378862732082,2.102434340667092,0.6541048871151333,22137096.939000003,0.7619443446662678,494516.3168367242,0.3030000000000008,0.2140000000000004,0.359,0.8760000000000012,0.34589041095890455,0.5253204647493924,0.4746795352506075,0.02316070067253023,0,4,12,4,False,False,crash
2024-12-07,10.673,10.928,10.306,8.698332870454413,11608605.32,1733615999999,123318112.20788,276300.0,5853896.44,62176298.43261,0,0.2479923827233499,0.22153616634154957,7.288017396327187,-0.1762863091497966,7.016392054722848,0.46632893413377374,6.067839528175559,0.24472804418160266,4.303690277229685,0.1045675003634674,3.7198687626218616,0.049149786459047995,,,0.447139325887725,0.3896005148879628,0.4247670909024592,11.649,5.392,0.5284214272741591,51.34581343188321,1.0045505148990772,0.8527334774718779,0.15181703742719932,6.067839528175559,9.872204393274576,2.2634746630765417,0.8457204337064014,21702679.382,0.534892725256222,-88100.53695493193,0.08099999999999952,0.2550000000000008,0.28600000000000136,0.6220000000000017,0.13022508038585096,0.5042721566142452,0.49572784338575476,0.02380130880356263,0,5,12,4,False,False,crash
2024-12-08,10.592,10.8,10.1,7.949926169634193,9936977.11,1733702399999,103388097.89147,232973.0,5214882.66,54253603.58464,0,-0.08604024609845973,-0.08996874142794609,7.866190704356839,0.578173308029652,7.033162042011059,0.01676998728821122,6.3246951051452704,0.25685557696971184,4.414756819595842,0.11106654236615743,3.7708561878738003,0.05098742525193867,,,0.3612114488770744,0.38275908281905063,0.4215667492515839,11.649,5.473,0.4010566984511324,53.45741599585087,1.014347989225449,0.8850563798225922,0.12929160940285678,6.3246951051452704,9.889884386860363,2.759505823430178,0.7279305439439501,21458112.989,0.4630871836257903,-187631.74301359607,0.20000000000000107,0.20800000000000018,0.2919999999999998,0.7000000000000011,0.2857142857142868,0.5247956800415736,0.47520431995842644,0.02344505752816412,0,6,12,4,False,False,crash
2024-12-09,10.393,10.397,7.5,7.244406416406558,30556061.58,1733788799999,276485826.55016,726480.0,15039414.7,135861851.26048,0,-0.08874544721213418,-0.09293299947107432,7.66044641754137,-0.2057442868154693,7.310317394853707,0.27715535284264714,6.474338361947869,0.14964325680259893,4.50844998730302,0.09369316770717795,3.811406521018974,0.040550333145173756,,,0.3245329680893586,0.3737734062979325,0.4224048570021791,11.649,5.473,0.28682098711246085,48.92859670819029,0.9541837738193992,0.8988818586219537,0.05530191519744554,6.474338361947869,9.922458198898063,3.026218524997675,0.6116649204309271,22871229.455,1.336004329811836,-5657223.10237875,1.9250000000000007,0.0039999999999995595,0.968,2.8970000000000002,0.6644804970659305,0.49219087547080403,0.5078091245291959,0.0237753153526666,0,0,12,4,False,False,crash
2024-12-10,8.468,8.718,7.59,4.26156428712265,23727142.47,1733875199999,195806667.14147,531387.0,11705914.33,96719163.90098,0,-0.41174417306690625,-0.5305933458851038,7.0248180579880515,-0.6356283595533183,7.1889964676068745,-0.12132092724683208,6.473834411725228,-0.0005039502226411585,4.5273434022654975,0.018893414962477095,3.8271903173502437,0.015783796331269695,,,0.3573251710440585,0.3899532479862701,0.4274850118843388,11.649,5.473,-0.19615215558247248,49.634631233952824,0.6582251585718479,0.8507505186119326,-0.1925253600400847,6.473834411725228,9.923312416513596,3.02435640693686,0.1793326234387303,23437393.153,1.012362693884448,-204544.33163793274,0.0730000000000004,0.25,0.8049999999999997,1.1280000000000001,0.06471631205673793,0.4933554196338924,0.5066445803661076,0.022395743637139295,0,1,12,4,False,False,crash
2024-12-11,8.394,9.269,8.023,7.964334800471148,16541944.16,1733961599999,145343557.87661,307678.0,8313346.91,73139265.88723,0,0.8688759018694889,0.6253371281253058,7.2237129088177925,0.198894850829741,7.344008307147388,0.15501183954051356,6.676042960339748,0.20220854861451976,4.631401869156162,0.10405846689066411,3.888232408867518,0.061042091517274244,,,0.4447891087341817,0.4269157070233771,0.4399629263678704,11.649,5.878,0.3615204991285996,56.3233859784692,0.7142253139746799,0.8234454776844822,-0.10922016370980225,6.676042960339748,9.96565531690283,3.3864306037766663,0.6958121049674955,23623062.969,0.7002455262345789,1178330.2689315095,0.5990000000000002,0.2759999999999998,0.37100000000000044,1.2460000000000004,0.48073836276083465,0.5025616595963651,0.4974383404036349,0.018599869339662914,0,2,12,4,False,False,crash
2024-12-12,8.993,9.669,8.911,9.03868901301443,17978417.97,1734047999999,166091704.84427,331252.0,9326221.87,86238723.20952,0,0.1348956616539685,0.12654071864954555,7.291784137329796,0.06807122851200376,7.2899007668284925,-0.05410754031889553,6.838007083128902,0.16196412278915417,4.772389896065879,0.14098802690971723,3.9515738873554067,0.06334147848788874,,,0.4237020398975951,0.41832526008862264,0.43645564923064656,11.649,6.585,0.4845357450660408,52.21234002488776,0.8356642297327754,0.8258892280941409,0.00977500163863454,6.838007083128902,10.262111033951863,3.413903132305942,0.8213515070645867,22333944.498,0.8049817609070338,135942.66896029975,0.06799999999999962,0.6080000000000005,0.08200000000000074,0.7580000000000009,0.08970976253298092,0.5187454138379897,0.48125458616201033,0.01842498047118214,0,3,12,4,False,False,crash
2024-12-13,9.062,9.234,8.772,8.067874976449916,11250987.35,1734134399999,101303527.0873,219145.0,5671462.71,51089108.08449,0,-0.10740650941377439,-0.11362401945726767,7.3153738986929415,0.02358976136314528,7.590782301524891,0.30088153469639867,6.847713860255425,0.009706777126522681,4.853149243018725,0.08075934695284648,3.9927573787703396,0.04118349141493294,,,0.3862656960536793,0.41606754153298975,0.41710696740607217,11.649,7.5,0.13687032452396153,56.89808109819273,0.843841585546846,0.829479699584682,0.014361885962163923,6.847713860255425,10.28525479484961,3.4101729256612385,0.6774758671111704,20432939.479,0.5506298964749163,34767.425869108876,0.027000000000001023,0.14499999999999957,0.28999999999999915,0.46199999999999974,0.05844155844156069,0.5040857778584206,0.49591422214157943,0.01947784609321421,0,4,12,4,False,False,crash
2024-12-14,9.088,9.212,8.347,8.055454591281162,10546490.88,1734220799999,92005179.2644,186958.0,5332720.41,46531154.18683,0,-0.0015394865692650583,-0.001540672796323598,7.477583533667861,0.16220963497491958,7.569014975604615,-0.021767325920276193,6.954726064525123,0.10701220426969815,4.977140122383132,0.12399087936440711,4.054688540513594,0.06193116174325475,,,0.33825237757879206,0.40956401161524564,0.4073415752536081,11.649,7.5,0.13387673928203472,55.14723163118485,0.8396411175182337,0.8315119831713924,0.00812913434684126,6.954726064525123,10.40327448214019,3.506177646910056,0.659593021970281,17458714.879,0.6040817410155267,-624272.4274881732,0.536999999999999,0.12400000000000055,0.20400000000000063,0.8650000000000002,0.620809248554912,0.5056393136519737,0.4943606863480263,0.01772703377144531,0,5,12,4,False,False,crash
2024-12-15,8.553,9.264,8.367,9.013916273838774,12168923.08,1734307199999,107736046.88319,228624.0,6482212.71,57394693.08218,0,0.11898294152076838,0.11242018481749502,8.428053931011085,0.9504703973432242,7.726435994499569,0.1574210188949543,7.01299067668685,0.05826461216172696,5.106104613799288,0.12896449141615562,4.125347997550182,0.07065945703658727,,,0.3352726009095516,0.4057874295498203,0.40533314473474946,11.649,7.5,0.3648870267145756,55.18123431745664,0.9032400745942217,0.8458576014559582,0.0573824731382635,7.01299067668685,10.563012910561888,3.462968442811813,0.7818187415924727,16118278.573999997,0.754976595306486,678818.4199695938,0.47499999999999964,0.23599999999999888,0.18599999999999994,0.8969999999999985,0.5295429208472692,0.5326858151198043,0.46731418488019566,0.018787529389165964,0,6,12,4,False,False,crash
2024-12-16,9.028,9.204,8.587,7.829407664262519,11767882.69,1734393599999,104792203.54741,238401.0,5546709.05,49411973.09376,0,-0.13140887640748022,-0.14088277814555955,8.40106850376936,-0.02698542724172448,7.812390706293577,0.08595471179400782,7.181226913441324,0.16823623675447408,5.203009411994621,0.09690479819533326,4.168758866676443,0.04341086912626135,,,0.3387623707325463,0.39130900495830373,0.4064807635046771,11.649,7.5,0.07939447198421777,46.21243293150056,0.8482842678403326,0.8463429347328331,0.0019413331074995543,7.181226913441324,10.536324230539615,3.826129596343034,0.59659641577577,15608343.260999998,0.7539482245629477,-354548.52588391735,0.27200000000000024,0.17600000000000016,0.16900000000000048,0.6170000000000009,0.44084278768233365,0.47134299313787603,0.528657006862124,0.020258614593650408,0,0,12,4,False,False,crash
2024-12-17,8.756,8.972,8.379,7.859378147460413,9689503.83,1734479999999,84365735.46092,210387.0,4606654.56,40130279.14099,0,0.0038279374996266213,0.003820629590418926,8.165206330658558,-0.23586217311080304,7.728495233994176,-0.08389547229940142,7.372443644358514,0.19121673091718971,5.3216081070023,0.1185986950076785,4.220221393189,0.051462526512557005,,,0.3319890657473699,0.3894110399901209,0.4016305601448446,11.649,7.5,0.08661801577739534,57.521317998910924,0.7979514746803895,0.8366646427223444,-0.038713168041954904,7.372443644358514,10.391658006405233,4.353229282311794,0.5806392731206749,15416433.112,0.6285178782670413,-297678.9093501603,0.26900000000000013,0.2159999999999993,0.10800000000000054,0.593,0.45362563237774056,0.4754272913064115,0.5245727086935885,0.021712876499270655,0,1,12,4,False,False,crash
2024-12-18,8.49,8.545,7.563,4.633309184719005,14284782.32,1734566399999,115825808.859,319289.0,6845430.87,55501906.53208,0,-0.4104738189476024,-0.5284361476882832,7.478293172312375,-0.6869131583461829,7.396833535502658,-0.3316616984915175,7.214997788756858,-0.15744585560165536,5.362578465171261,0.040970358168960885,4.247391509702028,0.027170116513027587,,,0.359313724746065,0.35223722930964324,0.4063844487787084,11.649,7.5,-0.6909353616006255,40.23018391535368,0.49207325537991853,0.7677463652538593,-0.2756731098739408,7.214997788756858,10.463917116643813,3.9660784608699027,0.10268502485148785,15851213.632999998,0.9011790927012108,-1359974.5628090012,0.8109999999999999,0.054999999999999716,0.11600000000000055,0.9820000000000002,0.8258655804480649,0.4792114235031619,0.5207885764968381,0.02235168817049219,0,2,12,4,False,False,crash
2024-12-19,7.679,7.802,6.76,5.110236714154642,22054262.66,1734652799999,161165199.42366,441293.0,11120317.88,81464483.80442,0,0.10293453564648325,0.09797438732822218,6.889249596887071,-0.5890435754253041,7.183416565277466,-0.21341697022519224,7.246866980065586,0.03186919130872745,5.383143103878222,0.020564638706961347,4.256203958819508,0.008812449117480803,,,0.35931278419211726,0.3357190832315029,0.4000368165013985,11.649,6.76,-0.33744391201582297,43.62536106753622,0.28486290636296285,0.67116967347568,-0.38630676711271716,7.246866980065586,10.393422738284873,4.100311221846299,0.16048110535944932,15001033.741,1.4701828581134713,-2119552.785920042,0.7380000000000004,0.12299999999999933,0.18100000000000005,1.0419999999999998,0.7082533589251445,0.5042253305602011,0.49577466943979887,0.020009419802566184,0,3,12,4,False,False,crash
2024-12-20,6.942,7.36,6.01,4.3467510811618695,23182838.78,1734739199999,154686227.04389,416255.0,11824981.5,78997680.40722,0,-0.14940318339422975,-0.16181703869750483,5.955816558351691,-0.9334330385353802,7.191935244681387,0.008518679403921148,7.190465856144131,-0.05640112392145458,5.391421706531123,0.008278602652900702,4.2789340602444845,0.022730101424976112,,,0.3331828998573975,0.33629259867470623,0.40098491362800437,11.649,6.01,-0.2949545874868116,42.935345484259976,0.05836747807546416,0.5486092343956368,-0.49024175632017264,7.190465856144131,10.506633517882655,3.874298194405608,0.0712347708180374,14946603.372,1.551043953131802,1165654.91056332,0.34799999999999986,0.07000000000000028,0.9320000000000004,1.3500000000000005,0.25777777777777755,0.510074784724013,0.48992521527598704,0.017955307542366475,0,4,12,4,False,False,crash
2024-12-21,7.291,7.802,6.836,5.311214367432812,12411891.98,1734825599999,90177708.3012,233373.0,6083796.93,44214933.38853,0,0.22188141631821834,0.20039181538453202,5.452177898985748,-0.5036386593659428,6.926623201377555,-0.2653120433038323,7.135315754262471,-0.05515010188165981,5.459770268560753,0.06834856202963024,4.3055233458369555,0.02658928559247098,,,0.184713732081195,0.33753152867083314,0.39235909183198103,11.649,6.01,-0.12392013345756128,40.486164106505974,-0.04281411929142287,0.4303245636582249,-0.4731386829496478,7.135315754262471,10.541310163083951,3.7293213454409915,0.23222190528186698,14533598.154000003,0.8540137031781041,-539721.503108368,0.3180000000000005,0.5109999999999992,0.13699999999999957,0.9659999999999993,0.32919254658385166,0.4901587074559764,0.5098412925440237,0.018802371175647307,0,5,12,4,False,False,crash
2024-12-22,6.976,7.27,6.682,5.606271964328122,8776666.68,1734911999999,61095904.75564,151983.0,4401856.35,30656510.91574,0,0.05555369760718709,0.05406546110711445,5.00155666235929,-0.4506212366264579,6.583381496508923,-0.3432417048686318,6.936641131668706,-0.19867462259376545,5.534036816473532,0.07426654791277887,4.322802601681265,0.01727925584430956,,,0.1788474292176378,0.3203486152853263,0.39218843841788104,11.649,6.01,-0.07159567931758788,43.245044129971006,-0.09806218221353102,0.32464721448387374,-0.42270939669740476,6.936641131668706,10.202960599842138,3.6703216634952747,0.29635042127637556,13613423.025,0.6447068208989266,-164885.03299584144,0.13400000000000034,0.2939999999999996,0.15999999999999925,0.5879999999999992,0.22789115646258593,0.5015407911104584,0.49845920888954165,0.017316710949765727,0,6,12,4,False,False,crash
2024-12-23,6.844,7.572,6.654,4.509568079139514,10441949.73,1734998399999,73711723.82206,196080.0,5037850.81,35584287.70727,0,-0.19562088535247169,-0.2176845853099067,4.976808441243391,-0.024748221115898694,6.2275508067778835,-0.3558306897310395,6.909166554151388,-0.02747457751731819,5.55936601549822,0.025329199024688442,4.328281779849696,0.005479178168431353,,,0.18516958639310155,0.3036135592248995,0.383521983132532,11.649,6.01,-0.26608120604016416,42.29138726636516,-0.2277165336665421,0.2141744648537906,-0.4418909985203327,6.909166554151388,10.250369548365203,3.567963559937572,0.1409080084078372,13532519.263,0.7716190553336144,828701.9443715282,0.5409999999999995,0.18700000000000028,0.1900000000000004,0.9180000000000001,0.5893246187363828,0.48246265690459317,0.5175373430954068,0.018778102276881963,0,0,12,4,False,False,crash
2024-12-24,7.384,7.64,7.154,6.663882820749254,7945555.67,1735084799999,58863793.85665,140063.0,4100248.55,30368920.91337,0,0.4777208601363021,0.390500941452501,5.287537662562314,0.31072922131892255,6.088393629724693,-0.13915717705319075,6.828704302664654,-0.08046225148673347,5.619668100363364,0.060302084865143435,4.369378161445692,0.04109638159599527,,,0.24737832035398197,0.28882233701005444,0.38780200289038724,11.233,6.01,0.12519295821352758,57.103113105726685,-0.154848350617649,0.1403699017595027,-0.2952182523771517,6.828704302664654,10.10854923142106,3.548859373908248,0.47487358617623826,13272425.742,0.5986513561614168,179676.07270006742,0.16799999999999926,0.08800000000000008,0.23000000000000043,0.48599999999999977,0.34567901234567766,0.5160430208149306,0.4839569791850694,0.01762784200591977,0,1,12,4,False,False,crash
2024-12-25,7.551,7.678,7.353,4.053176867842131,5305255.63,1735171199999,39701438.66863,104374.0,2627212.77,19661175.25253,0,-0.3917694868190357,-0.49720133534759997,5.228822819898367,-0.058714842663946776,5.592319689125029,-0.4960739405996639,6.659377841812298,-0.16932646085235614,5.65790554882875,0.03823744846538624,4.385300353678852,0.015922192233160715,,,0.2735782405070169,0.3024639281708521,0.3872636675902696,10.928,6.01,-0.3978900228055852,37.63720322280102,-0.3042546837814202,0.05144498465131813,-0.3556996684327383,6.659377841812298,10.149344466624768,3.169411216999828,0.12661520092470674,12586058.997000001,0.4215184142442487,-35124.83865201269,0.04900000000000038,0.12699999999999978,0.14900000000000002,0.3250000000000002,0.15076923076923185,0.4952094589266757,0.5047905410733243,0.019673698550883967,0,2,12,4,False,False,crash
2024-12-26,7.502,7.592,6.881,5.974738563350037,5952209.03,1735257599999,42281673.81255,114773.0,2890798.12,20530536.21472,0,0.47408779783422705,0.38803935633127035,5.361527659081812,0.1327048391834449,5.40685277903378,-0.1854669100912485,6.609621742663679,-0.04975609914861945,5.710951621491152,0.053046072662402466,4.406540023859465,0.02123967018061279,,,0.31533102552671893,0.31904858749777687,0.38547208091618224,10.928,6.01,-0.007169873251314073,40.80748558424991,-0.264556665008457,-0.011755345280636896,-0.2528013197278201,6.609621742663679,10.109311548307726,3.109931937019631,0.40929436399052455,12004491.631000001,0.49583182803253517,-452247.2870034653,0.5699999999999994,0.08999999999999986,0.051000000000000156,0.7109999999999994,0.80168776371308,0.4856681116926433,0.5143318883073567,0.01928242093339252,0,3,12,4,False,False,crash
2024-12-27,6.933,7.312,6.815,5.637913485223135,6318307.4,1735343999999,44442597.7932,121691.0,3108713.73,21858795.27898,0,-0.056374864700028726,-0.05802629413915929,5.367855963260814,0.006328304179001876,5.184706312810052,-0.22214646622372847,6.456600773402114,-0.15302096926156494,5.782997266204291,0.07204564471313901,4.421198891240787,0.01465886738132216,,,0.3162236299485842,0.31567737782138144,0.38018675421261827,10.8,6.01,-0.07767985694715344,42.42127935178101,-0.25730857488012226,-0.06086599120053397,-0.19644258367958828,6.456600773402114,9.837363095291519,3.0758384515127086,0.3789197213187351,11667371.988,0.5415364665237757,-20052.331621465823,0.022999999999999687,0.37900000000000045,0.09499999999999975,0.4969999999999999,0.046277665995975235,0.4920168540707595,0.5079831459292405,0.019260063225160585,0,4,12,4,False,False,crash
2024-12-28,6.912,7.184,6.792,4.0977331530720775,4219904.23,1735430399999,29358460.19204,77581.0,2118051.35,14749305.88844,0,-0.27318268295316006,-0.31908011631738353,5.2854889780473275,-0.08236698521348629,5.131148709645359,-0.053557603164692935,6.263991122574008,-0.1926096508281061,5.819139525197718,0.0361422589934266,4.42262940277835,0.0014305115375625732,,,0.2982732195106237,0.32174530147423713,0.38340359008688485,10.397,6.01,-0.43589397012261727,38.73037084911704,-0.3715609686562402,-0.12300498669167523,-0.248555981964565,6.263991122574008,9.72452491393978,2.8034573312082354,0.18700522807971617,10660884.179000001,0.3958306045864791,123971.13729232983,0.2010000000000005,0.07099999999999973,0.1200000000000001,0.39200000000000035,0.5127551020408172,0.5019192935570483,0.4980807064429517,0.018384540447260338,0,5,12,4,False,False,crash
2024-12-29,7.114,7.152,6.81,6.285696319613707,3618120.74,1735516799999,25317807.49957,72017.0,1728997.02,12106472.44844,0,0.5339447652664522,0.4278426952996993,5.209851677820217,-0.07563730022711024,5.2486946701912665,0.11754596054590749,6.216055617734367,-0.04793550483964104,5.905052387507986,0.08591286231026807,4.443034651997442,0.020405249219091814,,,0.3389054086882155,0.3410280373437114,0.3876856924748851,9.669,6.01,0.07534745001741103,42.739746261207145,-0.28230226709111594,-0.1548644427715634,-0.12743782431955256,6.216055617734367,9.645830745865222,2.7862804896035116,0.5101523714059487,8817269.987,0.4103447830603444,-126148.45262477185,0.24899999999999967,0.038000000000000256,0.055000000000000604,0.3420000000000005,0.7280701754385944,0.4778715648942108,0.5221284351057892,0.019904531986403524,0,6,12,4,False,False,crash
2024-12-30,6.867,7.109,6.537,4.618515843518048,6758873.72,1735603199999,45867526.05747,123881.0,3300787.61,22408624.6714,0,-0.2652340156640143,-0.3082032191242532,5.322919472955401,0.1130677951351835,5.275871146426884,0.02717647623561792,6.233903195554136,0.017847577819769533,5.91231358054652,0.0072611930385342305,4.450622691424204,0.00758803942676245,,,0.3490528501874302,0.3322007639240895,0.3597708900557273,9.669,6.01,-0.38029083259960417,41.66928621879371,-0.3421475700310159,-0.1923210682234539,-0.14982650180756202,6.233903195554136,9.624344062351161,2.8434623287571106,0.26177325965838827,7174873.481000001,0.9420199168526633,-158511.0952541885,0.16300000000000026,0.242,0.16699999999999982,0.5720000000000001,0.2849650349650354,0.48836355682052895,0.511636443179471,0.01832864544183258,0,0,12,4,False,False,crash
2024-12-31,6.706,6.929,6.565,3.3357671743258575,4270052.58,1735689599999,28683741.656,81059.0,2069279.8,13899457.09765,0,-0.27774045010422355,-0.3253707172991491,4.795125195150565,-0.5277942778048361,5.078326427116188,-0.19754471931069606,6.002474814246871,-0.23142838130726506,5.923312825279269,0.010999244732748714,4.4519646557026995,0.0013419642784953112,,,0.3586307206798417,0.27806561836938914,0.358346800078334,9.669,6.01,-0.7308643961940808,38.979804725303474,-0.48746332719833685,-0.25134952001843053,-0.23611380717990632,6.002474814246871,9.524892972369145,2.4800566561245976,0.12146634496362876,6360689.540999999,0.6713191317507192,-38853.402055489445,0.06300000000000061,0.22299999999999986,0.0779999999999994,0.3639999999999999,0.17307692307692482,0.484602885147611,0.515397114852389,0.018983138610438374,0,1,12,4,False,False,crash
2025-01-01,6.642,7.141,6.52,5.740329928483629,4854650.19,1735775999999,33243559.05772,94540.0,2333502.86,15993805.99942,0,0.7208425014385849,0.542813997317344,4.815608483802664,0.02048328865209914,5.091732223531739,0.013405796415550952,5.837556860020331,-0.16491795422654043,5.9330589942544005,0.009746168975131475,4.4725145537871835,0.020549898084484042,,,0.4241307257879949,0.3212907816636336,0.3512831621131505,9.264,6.01,-0.08287340857909378,52.80931502460585,-0.40394259442284497,-0.28186813489931345,-0.12207445952353152,5.837556860020331,9.057280798202441,2.617832921838219,0.48490135592314215,5968487.892,0.8133802527281729,298163.0705283757,0.4089999999999998,0.08999999999999986,0.12200000000000077,0.6210000000000004,0.6586151368760057,0.48067373933692215,0.5193262606630779,0.019474111686716606,0,2,1,1,False,False,crash
2025-01-02,7.052,7.36,7.051,4.3697513114212905,5662998.77,1735862399999,40879123.76941,116141.0,2780538.54,20074151.77783,0,-0.23876303873432436,-0.2728105881629429,4.870012115472506,0.05440363166984241,5.077750546759916,-0.013981676771822826,5.6526506767689,-0.1849061832514307,5.922805709322048,-0.01025328493235289,4.483829487117257,0.011314933330073274,,,0.4273924305504821,0.32540198183388885,0.3533231635559853,9.264,6.01,-0.5040715084753256,48.202385242967885,-0.44323669523992226,-0.31414184696743525,-0.12909484827248702,5.6526506767689,8.755714830554579,2.5495865229832204,0.2932850721467527,5490592.796,1.031400247733833,101196.68770670796,0.125,0.18300000000000072,0.0009999999999994458,0.30900000000000016,0.4045307443365694,0.4910010849251871,0.5089989150748129,0.020508745404512953,0,3,1,1,False,False,crash
2025-01-03,7.179,8.044,7.135,4.391235875035091,10892070.17,1735948799999,83477905.04738,190285.0,5514996.04,42272481.91229,0,0.004916655910748524,0.004904608630161503,4.491120026556783,-0.37889208891572324,4.8504858521885,-0.2272646945714163,5.469439740956597,-0.18321093581230308,5.931547758727504,0.00874204940545642,4.497426935331105,0.013597448213848118,,,0.4027623642301128,0.3253869589789336,0.3516566930318162,9.264,6.01,-0.4974689996819021,50.11202793558494,-0.46725767291100606,-0.34476501215614946,-0.1224926607548566,5.469439740956597,8.403241285471264,2.5356381964419303,0.31624458069813444,5785244.246,1.8827329853067019,875675.6984938004,0.5749999999999993,0.2900000000000009,0.04400000000000048,0.9090000000000007,0.6325632563256313,0.506331299185892,0.49366870081410796,0.01747004903843729,0,4,1,1,False,False,crash
2025-01-04,7.753,7.882,7.604,4.3871695663424575,5399719.09,1736035199999,41742764.45914,96872.0,2682824.83,20743804.11467,0,-0.0009260055274531442,-0.0009264345354345364,4.444850771121665,-0.04626925543511806,4.883885122038533,0.033399269850033164,5.23810240558178,-0.2313373353748167,5.918621228803134,-0.012926529924370378,4.512642542915645,0.015215607584540436,,,0.37611518912159664,0.3244976281412893,0.35035334471303387,9.204,6.01,-0.508087173969174,47.55465217295174,-0.48107703134775104,-0.3720274159944698,-0.10904961535328123,5.23810240558178,7.684229966970209,2.7919748441933514,0.32606531795988375,5794690.592,0.9318390696225805,-53621.146496001915,0.07600000000000051,0.12899999999999956,0.07299999999999951,0.2779999999999996,0.273381294964031,0.4968452590373549,0.5031547409626451,0.01794019251471839,0,5,1,1,False,False,crash
2025-01-05,7.678,7.735,7.46,5.3128090823318095,3864962.36,1736121599999,29389920.34466,72382.0,1877012.27,14277865.30767,0,0.21098785948249743,0.1914364393204527,4.840259152722855,0.3954083816011904,4.8176921739367105,-0.06619294810182286,5.112272476485245,-0.12582992909653523,5.936631725450395,0.018010496647261398,4.532200651084696,0.01955810816905057,,,0.35256287682568666,0.3256611562481873,0.35013904831127424,8.972,6.01,-0.23537843270364292,49.24847590165315,-0.41258161538482163,-0.3801382558725402,-0.032443359512281444,5.112272476485245,7.234628165908539,2.9899167870619507,0.5472438731278488,5585965.925,0.6919058246851013,-3020.6817975766385,0.006999999999999673,0.057000000000000384,0.2110000000000003,0.27500000000000036,0.025454545454544234,0.4856482664426259,0.5143517335573742,0.018727737364045118,0,6,1,1,False,False,crash
2025-01-06,7.672,7.988,7.54,7.079811980150901,7081416.98,1736207999999,54984695.00266,126328.0,3563332.64,27671444.07027,0,0.3325929598515798,0.28712663811537004,5.10815556305631,0.2678964103334547,4.961882023429487,0.14418984949277647,5.073294168119769,-0.038978308365475556,6.002152525316966,0.06552079986657056,4.575049641983003,0.04284899089830674,,,0.3625724262040545,0.3326336177474327,0.3510840785069033,8.545,6.01,0.4220165602173181,56.36362336161997,-0.21325783478573435,-0.3467621716551791,0.13350433686944474,5.073294168119769,7.00312131634073,3.143467019898809,1.0198698271710163,5662276.882999999,1.250630643171252,89544.70695606763,0.09600000000000009,0.22000000000000064,0.13199999999999967,0.4480000000000004,0.21428571428571427,0.5031948619978032,0.49680513800219683,0.017839367510314296,0,0,1,1,False,False,crash
2025-01-07,7.77,7.888,7.006,4.923353455626454,12003377.11,1736294399999,89383885.11418,211827.0,5819877.08,43361714.72763,0,-0.304592626268937,-0.363257455882392,5.2188759918973435,0.1107204288410335,5.044444053684924,0.08256203025543751,5.087796381665142,0.014502213545372733,6.0443633018246965,0.04221077650773086,4.577144350992974,0.0020947090099712184,,,0.36604090693383146,0.3257953665402995,0.3519787225768932,8.044,6.01,-0.5342411722583801,45.69111022184691,-0.22668737234354897,-0.32274721179285304,0.09605983944930407,5.087796381665142,7.008037323358662,3.167555439971622,0.4571816946331588,6440624.171,1.8636978018446155,-1165106.3775669413,0.7559999999999993,0.11800000000000033,0.008000000000000007,0.8819999999999997,0.8571428571428568,0.4848533064208628,0.5151466935791372,0.017647283598507223,0,1,1,1,False,False,crash
2025-01-08,7.013,7.136,6.421,6.41495884489905,12158592.89,1736380799999,82605839.7277,201670.0,5778073.36,39270057.59654,0,0.3029653269293462,0.2646426876039587,5.623620585870134,0.40474459397279006,5.057370306213459,0.012926252528534299,5.153032488202363,0.06523610653722045,6.087631653115585,0.04326835129088824,4.597705281208293,0.020560930215318685,,,0.3399847895039314,0.3305706001258346,0.3478111590421934,8.044,6.01,0.1990948106681661,56.189851026383465,-0.11563729382329946,-0.28132522819894235,0.1656879343756429,5.153032488202363,7.163035719182391,3.1430292572223344,0.8139115244310834,7294671.386,1.6667773291796095,-440302.622477902,0.2530000000000001,0.12300000000000022,0.3389999999999995,0.7149999999999999,0.3538461538461541,0.475225497907102,0.524774502092898,0.016586623289761286,0,2,1,1,False,False,crash
2025-01-09,6.759,6.847,6.454,2.917462261950056,7236598.9,1736467199999,48101824.44933,121609.0,3450012.66,22961645.5148,0,-0.5452095122527685,-0.7879184325680371,5.329679124991654,-0.2939414608784796,4.887264948056659,-0.17010535815679972,5.081568047241772,-0.07146444096059046,6.0605480325230765,-0.02708362059250824,4.596746069070084,-0.0009592121382082652,,,0.37808479229174874,0.35467852752842893,0.3582145957564414,8.044,6.421,-2.1586800604127814,42.59875336281531,-0.3063170190489686,-0.2863235863689476,-0.01999343268002096,5.081568047241772,7.302808947390469,2.860327147093075,0.012861080230684607,7342443.903999999,0.9855844994685847,-215171.0619674555,0.20000000000000018,0.08800000000000008,0.10500000000000043,0.3930000000000007,0.5089058524173024,0.4767450438630777,0.5232549561369223,0.016804717475774427,0,3,1,1,False,False,crash
2025-01-10,6.558,6.81,6.482,5.770273749544627,6645927.74,1736553599999,44240403.61073,115176.0,3398370.72,22629759.03772,0,0.9778400649089212,0.6820053729591852,5.421172058434218,0.09149293344256382,5.130715605578537,0.243450657521878,5.104521016347363,0.022952969105590526,6.097550230950354,0.03700219842727748,4.627338856117943,0.030592787047858394,,,0.4662401482293877,0.41097330157739537,0.38079735230725137,8.044,6.421,-0.40094038845063057,50.285631258480386,-0.22464446836012186,-0.2739877627671825,0.049343294407060645,5.104521016347363,7.3451562286563785,2.8638858040383472,0.648563391653386,7580031.42,0.8767678353502129,175292.80363165156,0.17400000000000038,0.0779999999999994,0.07599999999999962,0.3279999999999994,0.5304878048780509,0.5113463240874779,0.488653675912522,0.017330311809860274,0,4,1,1,False,False,crash
2025-01-11,6.731,6.878,6.582,4.44528728002391,3109598.81,1736639999999,20826689.69448,66834.0,1455549.64,9758836.73449,0,-0.22962280942481816,-0.26087502618576924,4.89426711840882,-0.526904940025398,5.0012113407325645,-0.12950426484597255,5.046471782132151,-0.05804923421521124,6.070467845406206,-0.02708238554414777,4.648523835341837,0.02118497922389473,,,0.43164458133250394,0.4166679546480219,0.3785382287092511,8.044,6.421,-1.2173214540826185,50.75704727518886,-0.26379287814276253,-0.27194878584229853,0.008155907699536002,5.046471782132151,7.292523760158601,2.800419804105702,0.3661686131955666,7405526.282000001,0.41990247439378403,4619.130733808847,0.01100000000000012,0.13600000000000012,0.14900000000000002,0.29600000000000026,0.03716216216216254,0.4680827749609281,0.5319172250390719,0.02149280472615051,0,5,1,1,False,False,crash
2025-01-12,6.741,6.817,6.542,5.985756022949246,2241615.84,1736726399999,15016059.50107,45172.0,1078258.11,7225908.00723,0,0.3465397500512162,0.2975381538521357,5.106747631873378,0.2124805134645582,5.16281181188536,0.16160047115279585,5.120281179322639,0.0738093971904874,6.032708177186802,-0.037759668219404574,4.672368022661897,0.02384418732005944,,,0.4276491918140637,0.4166037326774276,0.37836177988730835,8.044,6.421,-0.2681725058846296,49.32770190278867,-0.16857212707651126,-0.2512734540891411,0.08270132701262983,5.120281179322639,7.388950755805096,2.851611602840182,0.690745019150941,7063387.989,0.31735703085982636,-36573.38214179772,0.10899999999999999,0.07600000000000051,0.08999999999999986,0.27500000000000036,0.3963636363636358,0.48101824173405205,0.518981758265948,0.020151534974877768,0,6,1,1,False,False,crash
2025-01-13,6.632,6.808,6.0,4.172722558798665,10199678.51,1736812799999,64239204.83461,188229.0,5234371.09,32956011.2834,0,-0.3028913068289877,-0.3608139360883943,4.658300374653301,-0.44844725722007706,5.140960480261717,-0.021851331623643055,4.995723166225109,-0.12455801309752967,5.997858418245031,-0.034849758941770226,4.686159055012638,0.013791032350741084,,,0.44667152843443086,0.41492591700302767,0.37933477185356235,8.044,6.0,-0.893971350881279,49.00727208652845,-0.2366773747821842,-0.2483542382277497,0.01167686344556551,4.995723166225109,7.179513216084079,2.811933116366139,0.3115659956689533,6994148.823000001,1.458315910645014,-362955.9904041013,0.23599999999999977,0.17600000000000016,0.3959999999999999,0.8079999999999998,0.29207920792079184,0.5131898113129842,0.4868101886870158,0.01845440518693368,0,0,1,1,False,False,crash
2025-01-14,6.397,6.69,6.367,5.098182859706973,5174378.72,1736899199999,33667612.12478,95908.0,2666923.13,17349527.16141,0,0.2217881222313398,0.20031545965356912,5.0944444942046845,0.43614411955138355,5.212061809598169,0.07110132933645197,5.047973465818351,0.05225029959324168,5.942849594827086,-0.05500882341794533,4.704748448053328,0.018589393040690183,,,0.44780729815796344,0.4029826582523954,0.3780995539224529,8.044,6.0,-0.4412021234310309,53.9881497878054,-0.2135131160770527,-0.24138601379761032,0.02787289772055762,5.047973465818351,7.18634287666395,2.909604054972752,0.5117401122635697,6971614.786,0.742206630577308,217621.6190869298,0.2679999999999998,0.025000000000000355,0.03000000000000025,0.3230000000000004,0.8297213622291005,0.5154093417421909,0.48459065825780917,0.018535172083422608,0,1,1,1,False,False,crash
2025-01-15,6.668,7.196,6.558,3.4740288029382347,9177823.38,1736985599999,63109151.99765,165320.0,4724151.31,32492938.63636,0,-0.3185750887056431,-0.38356921543563166,4.635195504883406,-0.4592489893212788,5.028183781658812,-0.18387802793935748,4.922937977797761,-0.12503548802058972,5.923036512302391,-0.019813082524694714,4.715167134914702,0.010418686861373594,,,0.4643665644769248,0.40132547784691064,0.37547095345389453,8.044,6.0,-1.2357980416153447,44.683849701904094,-0.32249342941410486,-0.25760749692090923,-0.06488593249319563,4.922937977797761,7.124645140428646,2.7212308151668765,0.17095779142395526,7502900.887999999,1.2232366543291064,688508.8807201809,0.4969999999999999,0.030999999999999694,0.11000000000000032,0.6379999999999999,0.7789968652037617,0.5147354785988483,0.4852645214011517,0.0180129855582381,0,2,1,1,False,False,crash
2025-01-16,7.166,7.393,6.847,6.7488253672666465,10781374.02,1737071999999,77050710.06064,211336.0,5435027.05,38845717.3,0,0.9426509537165271,0.6640535112912973,5.095903122331952,0.4607076174485467,4.995085120370386,-0.033098661288425646,4.978483571899937,0.055545594102175855,5.977312149065391,0.05427563676299929,4.7481112526284015,0.03294411771369976,,,0.5398369086363392,0.4479098777542811,0.395033440479755,8.044,6.0,0.36635291940638276,55.12301654939457,-0.1429643942256078,-0.23467887638184898,0.09171448215624117,4.978483571899937,7.308455880961761,2.6485112628381127,0.8799061878292339,7872896.592,1.3694291413601738,-22570.915603628702,0.016000000000000014,0.22699999999999942,0.30299999999999994,0.5459999999999994,0.029304029304029363,0.5041126520532306,0.4958873479467694,0.01960195422289969,0,3,1,1,False,False,crash
2025-01-17,7.154,7.6,7.152,4.725056994465312,8017976.75,1737158399999,59318992.42498,149265.0,4032311.79,29835594.5707,0,-0.29986971993927647,-0.3564888468834014,4.843763316635166,-0.2521398056967863,4.975255474254272,-0.01982964611611404,5.009849763969599,0.031366192069661736,5.916168763019654,-0.061143386045736214,4.777547897014874,0.029436644386472643,,,0.5394366922732895,0.44909296516480157,0.378930332425359,8.044,6.0,-0.6237490242341915,50.661772353076685,-0.1621187309341492,-0.22016684729230904,0.058048116358159846,5.009849763969599,7.306551702998531,2.7131478249406658,0.4379996235766015,7474356.556,1.0727313702426482,395852.5584265729,0.3490000000000002,0.09699999999999953,0.0019999999999997797,0.4479999999999995,0.7790178571428584,0.5029088903257296,0.4970911096742704,0.018616292445597326,0,4,1,1,True,False,crash
2025-01-18,7.504,7.589,6.839,5.801728384761908,8528830.03,1737244799999,60425364.34095,159762.0,4056124.95,28732635.60262,0,0.22786421233812693,0.20527624733906044,5.169564481827815,0.3258011651926491,4.9139324282405585,-0.06132304601371352,4.985651367227009,-0.024198396742590056,5.942746272955291,0.026577509935636456,4.80052451180385,0.022976614788976057,,,0.5369620295076905,0.4382739511612084,0.3733033417860951,8.044,6.0,-0.09700176870748123,52.68985279375729,-0.08938986695354334,-0.19401145122455593,0.10462158427101259,4.985651367227009,7.235473119368006,2.735829615086011,0.6813648162922901,7111380.2700000005,1.1993213280942996,-522892.41820605076,0.4609999999999994,0.08500000000000085,0.20399999999999974,0.75,0.6146666666666659,0.47557811982800186,0.5244218801719982,0.01873199482672772,0,5,1,1,False,False,crash
2025-01-19,7.043,7.237,6.11,2.74130908864748,18463335.53,1737331199999,122447118.41131,341965.0,8828135.79,58632844.06901,0,-0.527501305326968,-0.7497202946489133,4.698189727615916,-0.4713747542118991,4.8963171109103,-0.01761531733025823,4.89179102948348,-0.09386033774352853,5.888076983536421,-0.05466928941886984,4.7938817376579035,-0.006642774145946717,,,0.534614352182233,0.452685113119367,0.3818680142877439,8.044,6.0,-1.5942714830491778,45.47735074291211,-0.27552588754819674,-0.2103143384892841,-0.06521154905891263,4.89179102948348,7.352820066013403,2.430761992953557,0.0630929361426384,8234053.933,2.2423141359329253,-2086726.5486128083,0.7960000000000003,0.19399999999999995,0.13699999999999957,1.1269999999999998,0.7062999112688557,0.47814414549611983,0.5218558545038802,0.018521301280820086,0,6,1,1,False,False,crash
2025-01-20,6.246,7.109,6.054,6.08453663425629,21982145.76,1737417599999,142145417.23696,428022.0,10624422.27,68813601.43558,0,1.2195733634904729,0.797314998807618,5.220291293879527,0.5221015662636113,4.927743399381467,0.031426288471166686,5.029229502480002,0.13743847299652145,5.881483388120227,-0.006593595416194198,4.819996404000728,0.026114666342824222,,,0.5818994223624254,0.5132719557544423,0.4158381505655105,8.044,6.0,0.04135843163223585,48.341503974612635,-0.15152284149774164,-0.19855603909097563,0.04703319759323399,5.029229502480002,7.430667614430032,2.627791390529971,0.7197239909129601,9767675.735000001,2.2504991316647143,471523.5363918703,0.1349999999999998,0.7279999999999998,0.19200000000000017,1.0549999999999997,0.1279620853080567,0.48332052684924054,0.5166794731507595,0.019471347550558685,0,0,1,1,False,False,crash
2025-01-21,6.381,6.845,6.155,6.196794954780689,8255422.94,1737503999999,53606715.74173,166517.0,4007424.42,26040807.39089,0,0.018449773133483616,0.018281640921331513,5.109885211382336,-0.11040608249719153,5.102894166857145,0.17515076747567804,5.052052753794855,0.022823251314853188,5.813823998891774,-0.06765938922845294,4.847537641974655,0.027541237973927046,,,0.5701284252985059,0.4949253582392527,0.4114272516747128,8.044,6.0,0.09627933208448572,52.277161589469365,-0.04368762211156163,-0.16758235569509283,0.1238947335835312,5.052052753794855,7.490340592672181,2.6137649149175277,0.7347430403280267,10282258.148,0.8028803421557512,311793.9082494902,0.24099999999999966,0.22299999999999986,0.22599999999999998,0.6899999999999995,0.3492753623188403,0.48542932919679094,0.5145706708032091,0.02017062011361952,0,1,1,1,False,False,crash
2025-01-22,6.623,6.696,6.412,4.395411849162791,4674155.01,1737590399999,30697513.9116,103355.0,2215649.64,14549999.4303,0,-0.29069593536061267,-0.3434709802965249,5.043956182321831,-0.0659290290605048,4.9438597494784995,-0.15903441737864554,5.0533357806819295,0.001283026887074712,5.80055104328531,-0.01327295560646391,4.854451514499534,0.006913872524878961,,,0.5815657103114779,0.4969389264477492,0.40739722766013764,8.044,6.0,-0.785023557161061,46.42822753169704,-0.10240355127867051,-0.15454659481180838,0.05214304353313787,5.0533357806819295,7.490138479906001,2.616533081457858,0.3650026258324822,10525512.065000001,0.4440786330522342,-123524.18102536982,0.17600000000000016,0.07299999999999951,0.03500000000000014,0.2839999999999998,0.6197183098591559,0.47402142959738947,0.5259785704026105,0.022112018060778862,0,2,1,1,False,False,crash
2025-01-23,6.447,6.503,6.191,5.8029310592959735,6958597.48,1737676799999,44105927.12862,132219.0,3469926.51,21999424.89726,0,0.3202246475267789,0.2778019096383134,5.044196717228644,0.0002405349068128615,5.10688059952823,0.16302085004973055,5.123920539894973,0.07058475921304375,5.751147107461551,-0.04940393582375879,4.869448847882985,0.014997333383451661,,,0.5681283047508148,0.49878469069096265,0.40080556331686595,7.988,6.0,-0.09912924582697506,55.51062486192084,-0.034958333136535735,-0.13062894247675386,0.09567060934021812,5.123920539894973,7.561754252888704,2.6860868269012417,0.6392651426103949,10201403.962,0.6821215497318428,-103618.01738482987,0.09600000000000009,0.05600000000000005,0.16000000000000014,0.3120000000000003,0.3076923076923077,0.4986531438228842,0.5013468561771158,0.019000811640566398,0,3,1,1,False,False,crash
2025-01-24,6.351,6.546,6.203,6.163141716715234,4639656.86,1737763199999,29663019.71726,75822.0,2269216.13,14508331.41454,0,0.062073916394754125,0.060223521522705055,5.728563242842196,0.6843665256135525,5.213376485229056,0.10649588570082624,5.212719147413613,0.08879860751863955,5.725615820098072,-0.02553128736347965,4.910938999448345,0.041490151565359845,,,0.568174350058264,0.49821212104659074,0.4001307269797947,7.988,6.0,0.08206323778432305,50.82924273499841,0.04701650085027964,-0.09509985381134715,0.1421163546616268,5.212719147413613,7.666883494905139,2.7585547999220856,0.6936346622982028,10147931.775999999,0.45720221247179194,-22646.726918595505,0.030999999999999694,0.19500000000000028,0.11699999999999999,0.34299999999999997,0.09037900874635481,0.4890913700027376,0.5109086299972624,0.016342156820623153,0,4,1,1,False,False,crash
2025-01-25,6.319,6.41,6.246,4.593789509387419,3418652.69,1737849599999,21638569.56774,53842.0,1650660.35,10451133.75911,0,-0.25463509999640777,-0.29388138185224894,5.430413817868422,-0.29814942497377483,5.325352555873974,0.11197607064491777,5.176768168766393,-0.035950978647219856,5.678094399359371,-0.04752142073870047,4.938608588112794,0.02766958866444913,,,0.5628322725389959,0.5044890493024332,0.40227949353727444,7.988,6.0,-0.7073493413544171,50.310249334991674,-0.014484491919538378,-0.07897678143298541,0.06449228951344703,5.176768168766393,7.645779861339989,2.707756476192797,0.3819408872925787,9572014.707,0.3571507978879247,1622.7781756332995,0.004000000000000448,0.08699999999999974,0.07299999999999951,0.1639999999999997,0.024390243902441797,0.48283943988472255,0.5171605601152774,0.015749479365802437,0,5,1,1,False,False,crash
2025-01-26,6.323,6.47,6.166,6.096677925781692,3801099.68,1737935999999,24056036.93107,69887.0,1770498.62,11209426.8477,0,0.32715656939072146,0.2830387358736829,5.4103904120686215,-0.02002340579980011,5.260137811725479,-0.06521474414849493,5.127611466047933,-0.04915670271846029,5.626061300465916,-0.052033098893454977,4.964875788847801,0.026267200735006213,4.212881162161967,,0.4951037569822006,0.5043557139016643,0.40319004600883634,7.888,6.0,0.05120652848606561,50.23210135896171,0.05738456966170968,-0.05170451121404639,0.10908908087575608,5.127611466047933,7.473152345893165,2.7820705862027006,0.7065763312975603,8873987.273,0.42834179980911496,-87768.55183931727,0.1460000000000008,0.14699999999999935,0.010999999999999233,0.3039999999999994,0.48026315789474044,0.4657858959384091,0.534214104061591,0.01838599507603547,0,6,1,1,False,False,crash
2025-01-27,6.176,6.212,5.485,3.493498544734375,12932411.15,1738022399999,75005877.7112,206013.0,6070202.8,35250692.55778,0,-0.4269832542800016,-0.556840338052198,5.230007751182939,-0.1803826608856829,5.136981966752385,-0.12315584497309384,5.056118720503329,-0.07149274554460394,5.536932747967919,-0.08912855249799723,4.9758447837818816,0.010968994934080989,4.2123265374010455,-0.000554624760921385,0.5074261773564254,0.5101642237065792,0.40858122734135544,7.6,5.485,-0.9416082530806741,48.624233204497884,-0.09462274946401195,-0.0602881588640395,-0.034334590599972445,5.056118720503329,7.51242313511278,2.599814305893878,0.18191642565251662,9365430.713000001,1.380866673013632,-468975.2464950615,0.22299999999999986,0.03599999999999959,0.46799999999999997,0.7269999999999994,0.3067400275103164,0.4693790453762367,0.5306209546237632,0.01592997605864085,0,0,1,1,False,False,crash
2025-01-28,5.953,6.037,5.6,2.5726180706748862,5048053.65,1738108799999,29604653.84519,90408.0,2282133.79,13384491.85132,0,-0.26359835628026784,-0.3059795975239507,4.583945153458721,-0.6460625977242174,4.814070935343683,-0.3229110314087027,4.86400168179212,-0.192117038711209,5.443496981053285,-0.09343576691463351,4.975973484178153,0.00012870039627177476,4.2011776261204,-0.011148911280645102,0.5139325089255443,0.5133520420753245,0.4105762749948562,7.6,5.485,-1.3770127325414256,44.883524640253405,-0.28609903161610006,-0.10545033341445162,-0.18064869820164844,4.86400168179212,7.469338265951606,2.2586650976326332,0.060251902758187786,9017353.075,0.5598154589283397,-257787.38612464306,0.30400000000000027,0.08399999999999963,0.04900000000000038,0.4370000000000003,0.6956521739130437,0.4520819207220589,0.5479180792779411,0.01790947685351957,0,1,1,1,False,False,crash
2025-01-29,5.648,5.881,5.544,5.190702405290722,6047240.35,1738195199999,34660578.88806,106514.0,2975719.84,17059478.98597,0,1.0176731495666678,0.7019449413041794,4.389457291173818,-0.19448786228490356,5.0590102670080075,0.2449393316643249,4.9776636889591535,0.11366200716703379,5.462079743416648,0.01858276236336298,4.994711572841072,0.018738088662918706,4.2114775662266775,0.010299940106277106,0.5616347092329084,0.5348432932478032,0.4271246096729392,7.6,5.485,-0.13914779891691662,53.343130908051094,-0.22400564157654657,-0.12916139504687063,-0.09484424652967594,4.9776636889591535,7.418599036725394,2.536728341192913,0.5436387462139309,7775743.557000001,0.777705733949528,127389.2019206941,0.1200000000000001,0.11300000000000043,0.10400000000000009,0.33700000000000063,0.3560830860534121,0.4920789761564546,0.5079210238435454,0.01761365413564222,0,2,1,1,False,False,crash
2025-01-30,5.767,6.257,5.722,2.736807954024178,5322849.22,1738281599999,32264526.71484,95088.0,2521017.58,15271304.52567,0,-0.4727480521259253,-0.640076765226901,4.01806098010117,-0.3713963110726475,4.724237398984796,-0.3347728680232116,4.825990399183132,-0.15167328977602157,5.357529206487708,-0.10455053692894012,4.994465537821935,-0.00024603501913667003,4.211211459840509,-0.0002661063861681967,0.4563044592599734,0.5129195869153182,0.41858899802238125,7.6,5.485,-1.2993815820216659,41.92874418262835,-0.3685564672411621,-0.1770404094857289,-0.19151605775543318,4.825990399183132,7.431021705062294,2.22095909330397,0.09901010777797854,6109813.903,0.8711966198162615,329448.19201456325,0.35799999999999965,0.13199999999999967,0.04499999999999993,0.5349999999999993,0.6691588785046731,0.4736218284236878,0.5263781715763123,0.0178641167671475,0,3,1,1,False,False,crash
2025-01-31,6.125,6.499,6.029,3.315334490800979,8668790.29,1738367999999,54551317.92092,143316.0,4238949.76,26699756.1113,0,0.21138733389244235,0.19176625975013573,3.4617922931050282,-0.556268686996142,4.436091352586825,-0.28814604639797103,4.7694927597219845,-0.056497639461147386,5.24306211604344,-0.1144670904442684,5.007726006054659,0.013260468232723532,4.200538871608764,-0.01067258823174555,0.4610520586937732,0.5090135746707143,0.41903461106635875,7.6,5.485,-1.0258465764534384,46.98886561489897,-0.4314581998880396,-0.22792396756619104,-0.20353423232184853,4.7694927597219845,7.4569960127020884,2.0819895067418805,0.22945925417792026,6151150.637999999,1.4092957237052142,277401.2892800002,0.19599999999999973,0.17799999999999994,0.09600000000000009,0.46999999999999975,0.41702127659574434,0.4889897688365928,0.5110102311634072,0.016532410544678203,0,4,1,1,False,False,crash
2025-02-01,6.322,6.492,5.861,5.045391501568245,6999151.58,1738454399999,43729791.24776,119497.0,3372252.35,21083006.03717,0,0.5218348301106979,0.41991673194133267,3.7721708844718025,0.31037859136677426,4.50108931782737,0.06499796524054524,4.722474533652935,-0.04701822606904926,5.182612446545806,-0.06044966949763353,5.017880844782265,0.010154838727606474,4.199244854610207,-0.0012940169985569128,0.471116287533878,0.5151735579885545,0.4235024844282392,7.6,5.485,-0.20785271793463608,48.4283504584732,-0.33781303571953814,-0.2499017811968605,-0.08791125452267765,4.722474533652935,7.352676037193204,2.092273030112667,0.5613863552812705,6383650.295,1.0964183901931615,-460630.76368928904,0.4169999999999998,0.16999999999999993,0.04400000000000048,0.6310000000000002,0.6608557844690961,0.481808732309238,0.5181912676907621,0.017073069304779937,0,5,2,1,False,False,crash
2025-02-02,5.906,6.048,4.863,2.331937867288074,17423977.29,1738540799999,94054582.95351,275392.0,8424782.05,45521441.5352,0,-0.5378083412232244,-0.7717756280879653,3.7240348437944397,-0.04813604067736277,4.153989998626581,-0.3470993192007894,4.630435299077406,-0.09203923457552943,5.068142112065944,-0.11447033447986232,5.022641117224538,0.004760272442272395,4.193769113945681,-0.00547574066452583,0.5043705862264163,0.5272980347515986,0.4319779241535005,7.6,4.863,-0.9247578124632543,49.13689082076574,-0.47705243592075863,-0.2953319121416401,-0.18172052377911851,4.630435299077406,7.462705122090844,1.7981654760639678,0.09423049790083045,7430188.275999999,2.345025003778249,-2218938.344128706,0.7530000000000001,0.14200000000000035,0.28999999999999915,1.1849999999999996,0.6354430379746838,0.48351658807746306,0.5164834119225369,0.015805346587432337,0,6,2,1,False,False,crash
2025-02-03,5.155,5.28,3.78,5.076003493765106,44336682.05,1738627199999,202947672.5342,733019.0,21807863.63,99965830.6181,0,1.1767318782246292,0.7778246135395869,3.7010950614893163,-0.02293978230512339,4.045276176331567,-0.10871382229501325,4.629326330780311,-0.0011089682970943926,4.989383856464471,-0.07875825560147298,5.047744235131879,0.02510311790734132,4.190104996292388,-0.0036641176532929975,0.6240555227476254,0.5808595605425123,0.4600995128976991,7.6,3.78,0.3392679303050017,47.81851552815117,-0.3618068170327122,-0.3086268931198546,-0.05317992391285764,4.629326330780311,7.460842283451653,1.7978103781089705,0.5788759749990787,11399890.794999998,3.8892198923033634,197893.20534640568,0.020999999999999908,0.10400000000000009,1.3750000000000004,1.5000000000000004,0.013999999999999934,0.49186954507345687,0.5081304549265432,0.016533014337278315,0,0,2,1,False,False,crash
2025-02-04,5.177,5.229,4.581,3.2287839416435316,16164176.0,1738713599999,77585820.91313,249624.0,8068002.38,38687062.62503,0,-0.363912190838822,-0.4524186604532377,3.7994902590131874,0.09839519752387105,3.9087756195571783,-0.1365005567743891,4.617064087715576,-0.012262243064735223,4.897371382012091,-0.09201247445238003,5.050190397003357,0.0024461618714779476,4.183513258216318,-0.006591738076069831,0.6324376983456858,0.5827984593418283,0.46341557899388175,7.6,3.78,-0.14429739747551526,44.02831857933843,-0.414748056340577,-0.3298511257639991,-0.08489693057657788,4.617064087715576,7.471675929978245,1.762452245452908,0.2568355659570788,12674443.125999998,1.2753361894725979,-1355342.4234930451,0.4349999999999996,0.05200000000000049,0.1609999999999996,0.6479999999999997,0.6712962962962961,0.4991285902850847,0.5008714097149153,0.015443038977056425,0,1,2,1,False,False,crash
2025-02-05,4.743,4.865,4.628,4.190081106495934,6698304.03,1738799999999,31817396.22512,133306.0,3428248.58,16296036.83003,0,0.2977273122719628,0.26061451321596846,3.9744395821521783,0.17494932313899092,3.7181159376286033,-0.19065968192857508,4.489126874677041,-0.12793721303853545,4.823985441192801,-0.07338594081929006,5.07279677409755,0.022606377094192887,4.186066122099712,0.002552863883393819,0.6314289877434727,0.5525476327879981,0.4643868374680763,7.6,3.78,0.10735107499893566,49.57241697917313,-0.3748150875896741,-0.3388439181291341,-0.035971169460539965,4.489126874677041,7.16523525738863,1.8130184919654515,0.44412674574149785,12964163.560999999,0.5166784573862104,-74865.05980388017,0.05400000000000027,0.12199999999999989,0.06099999999999994,0.2370000000000001,0.22784810126582383,0.511808446532995,0.488191553467005,0.019901455562924036,0,2,2,1,False,False,crash
2025-02-06,4.689,4.838,4.441,1.9578016697313836,6626961.02,1738886399999,30663679.50018,125782.0,3268238.12,15110863.05461,0,-0.5327532761367841,-0.7608978441997437,3.356921615784806,-0.6175179663673722,3.5645462501283043,-0.15356968750029898,4.350764108440345,-0.1383627662366962,4.7704752908930494,-0.05351015029975148,5.066526878032154,-0.006269896065395741,4.179124789357374,-0.006941332742337991,0.6423274351521899,0.5637176908799845,0.4673276451895921,7.589,3.78,-0.47839284071110943,42.258769517365174,-0.517330749904632,-0.3745412844842337,-0.14278946542039833,4.350764108440345,7.252177576362772,1.4493506405179168,0.08762126371074333,12333618.548,0.5373087382432965,-281246.58626146294,0.19899999999999984,0.14900000000000002,0.04900000000000038,0.39700000000000024,0.501259445843828,0.4931729808182877,0.5068270191817122,0.018980344025020388,0,3,2,1,False,False,crash
2025-02-07,4.49,4.938,4.459,4.483835311786884,9796463.72,1738972799999,46069424.52144,170753.0,4910104.72,23103271.50219,0,1.2902398037090652,0.828656529860509,3.7873011046845684,0.4303794888997623,3.755667974239504,0.19112172411119976,4.284869454791593,-0.06589465364875124,4.757947262845694,-0.0125280280473552,5.070545183361958,0.004018305329803518,4.181036617798296,0.0019118284409218589,0.7256674350834572,0.6245142173510488,0.4978825055640556,7.237,3.78,0.20359713965486967,46.89031289949547,-0.4215858557719856,-0.3839501987417841,-0.0376356570302015,4.284869454791593,7.106291979079532,1.4634469305036548,0.5352598476978391,12808459.555,0.7648432411355653,224729.56863251663,0.10299999999999976,0.34499999999999975,0.031000000000000583,0.4790000000000001,0.21503131524008295,0.5012119536538231,0.4987880463461769,0.01743006506025217,0,4,2,1,False,False,crash
2025-02-08,4.594,4.765,4.499,2.3201217335137048,4650038.29,1739059199999,21408624.47075,88835.0,2338742.63,10773887.45149,0,-0.4825586641385593,-0.6588591209226383,3.236124752634288,-0.5511763520502804,3.468609907061802,-0.2870580671777021,4.263810087034905,-0.021059367756688374,4.717414675892731,-0.040532586952963356,5.054418191211926,-0.016126992150031327,4.1721522719101,-0.008884345888195533,0.7066435828067702,0.6220634780013569,0.503484723767241,7.109,3.78,-0.43853357359155754,45.88037589195927,-0.5143715847807702,-0.4100344759495813,-0.10433710883118885,4.263810087034905,7.139508779347006,1.388111394722804,0.16204937278069834,12668739.349,0.3670482249180577,153887.61595471375,0.1509999999999998,0.019999999999999574,0.09500000000000064,0.266,0.5676691729323301,0.5029512627948705,0.4970487372051296,0.01910414376394307,0,5,2,1,False,False,crash
2025-02-09,4.745,4.878,4.511,4.395491639433141,7038964.34,1739145599999,33382952.55632,126782.0,3519031.84,16701269.74321,0,0.8945090578399932,0.6389597325893925,3.46946629219221,0.23334153955792214,3.6344782756026985,0.1658683685408966,4.179357837293748,-0.08445224974115728,4.6991002213327375,-0.018314454559993365,5.079435244946745,0.02501705373481844,4.16703887181378,-0.00511340009632022,0.7134268069072964,0.5961293326987277,0.5158268566773121,6.845,3.78,0.200812932930878,46.98029149918474,-0.415648598377774,-0.4111573004352199,-0.0044912979425540955,4.179357837293748,6.926239526710224,1.4324761478772716,0.5393416656735054,12840350.861,0.548190965823173,25218.628826131524,0.01699999999999946,0.11600000000000055,0.23399999999999999,0.367,0.046321525885557116,0.4999360232587852,0.5000639767412147,0.018011456497874515,0,6,2,1,False,False,crash
2025-02-10,4.763,4.92,4.608,4.369484107785938,7055381.19,1739231999999,33963107.56035,151287.0,3706196.89,17851580.33669,0,-0.005916865229336765,-0.005934439232703163,3.5053468924502105,0.03588060025800033,3.7398932373011946,0.10541496169849607,4.08799229494401,-0.09136554234973726,4.6743644642018936,-0.02473575713084397,5.104200640337712,0.02476539539096745,4.169105088578632,0.002066216764851525,0.7179454820709557,0.596384723966819,0.5160244279691608,6.696,3.78,0.20215504382233832,51.71151883888379,-0.335639467984004,-0.3960537339449768,0.06041426596097277,4.08799229494401,6.668877396221628,1.5071071936663931,0.5545339683472504,12679009.951,0.5564615231998883,122972.83468500614,0.08199999999999985,0.07500000000000018,0.15500000000000025,0.3120000000000003,0.2628205128205121,0.5253007300658691,0.474699269934131,0.02144278188886914,0,0,2,1,False,False,crash
2025-02-11,4.846,5.21,4.749,2.0978216840583106,9664290.61,1739318399999,48092494.39658,179353.0,4935650.84,24547948.99677,0,-0.5198925931964773,-0.7337454359376637,3.5333508953155963,0.028004002865385846,3.4451362555502008,-0.29475698175099385,3.973112786688785,-0.1148795082552252,4.62612953630027,-0.04823492790162387,5.092747775899245,-0.011452864438466825,4.160000788545246,-0.00910430003338547,0.7452763951932442,0.6068902881052003,0.5218900178559658,6.546,3.78,-0.6081628040280871,49.11884363935837,-0.45034453674226826,-0.4069118945044351,-0.04343264223783316,3.973112786688785,6.696961604012209,1.2492639693653613,0.15576446631255772,12945523.853999998,0.7465353058705199,-71808.97047677908,0.03699999999999992,0.3639999999999999,0.0600000000000005,0.4610000000000003,0.08026030368763536,0.5107101016698421,0.4892898983301579,0.01855832023660555,0,1,2,1,False,False,crash
2025-02-12,4.809,5.332,4.752,2.675532061672205,15217967.69,1739404799999,76387644.97893,267926.0,7174417.47,35983384.65054,0,0.27538583569995967,0.24324874906659447,3.17169024529266,-0.36166065002293646,3.479495674988614,0.03435941943841314,3.8167428368075975,-0.1563699498811877,4.546362521118729,-0.07976701518154083,5.083015310741046,-0.009732465158199588,4.157723313115957,-0.002277475429289133,0.7087998344149651,0.6061666262374176,0.5196730219947695,6.546,3.78,-0.3993014961416466,44.949718959365654,-0.4889958905552727,-0.42332869371460263,-0.06566719684067007,3.8167428368075975,6.456055881638253,1.1774297919769423,0.2838053395426962,12724922.894,1.1959182634556873,1322751.1945144525,0.41800000000000015,0.10499999999999954,0.057000000000000384,0.5800000000000001,0.720689655172414,0.47144386268571453,0.5285561373142855,0.017605898859678813,0,2,2,1,False,False,crash
2025-02-13,5.228,5.277,5.067,4.04902170587431,6378691.02,1739491199999,32892476.25896,139497.0,3234216.13,16676101.59015,0,0.5133519660921855,0.4143270357050673,3.517470239764781,0.34577999447212093,3.376797496199534,-0.10269817878907972,3.7110368362655515,-0.10570600054204604,4.546279417879372,-8.310323935667441e-05,5.1020924833540615,0.01907717261301567,4.149416507306735,-0.008306805809222162,0.6347067381377297,0.6126262292616049,0.5181357430754672,6.499,3.78,0.09894141444439503,52.75433446984953,-0.40413956206152957,-0.41949086738398805,0.015351305322458486,3.7110368362655515,6.113371840919595,1.3087018316115078,0.5703450744700428,8929123.791,0.7143692000808997,-117152.15954084545,0.09699999999999953,0.04900000000000038,0.06400000000000006,0.20999999999999996,0.46190476190475976,0.5070344557934082,0.4929655442065918,0.02186922043450852,0,3,2,1,False,False,crash
2025-02-14,5.132,5.378,5.1,4.1891116634564005,6591725.25,1739577599999,34458402.38985,125833.0,3323000.76,17375204.75081,0,0.03459847038578445,0.034013400126668446,3.476194244569433,-0.04127599519534764,3.4728302683808216,0.09603277218128747,3.6908029439690004,-0.020233892296551037,4.5105668798815,-0.03571253799787222,5.110759250686326,0.008666767332264236,4.15157512972065,0.0021586224139147348,0.6118887151849922,0.6063695235960391,0.5156072496367232,6.499,3.78,0.15046401745362292,51.8684466166985,-0.3218758372856776,-0.399967861364326,0.0780920240786484,3.6908029439690004,6.068523172512768,1.3130827154252325,0.6047870799737841,7971878.716,0.8268722449038323,50102.76451958692,0.038000000000000256,0.20800000000000018,0.03200000000000003,0.27800000000000047,0.13669064748201507,0.5041170003255218,0.4958829996744783,0.019089539570843004,0,4,2,1,False,False,crash
2025-02-15,5.17,5.22,4.976,4.9992292661577205,4188333.3,1739663999999,21309634.37438,81045.0,1933784.35,9841458.77818,0,0.19338649045055512,0.17679505582269464,3.6021432762437895,0.12594903167435634,3.5537450843469998,0.08091481596617811,3.6359305109878015,-0.054872432981198926,4.497793195500191,-0.012773684381309103,5.140395230852241,0.0296359801659154,4.152150706655794,0.0005755769351445394,0.6104792418229132,0.6050223805015795,0.5152291872395185,6.499,3.78,0.4484109106869146,49.8972460440757,-0.189131334328017,-0.3578005559570642,0.16866922162904724,3.6359305109878015,5.822872831565391,1.4489881904102124,0.8116906061815704,7720881.643000001,0.5424682689958442,-119898.12928433248,0.1479999999999997,0.04999999999999982,0.04600000000000026,0.24399999999999977,0.6065573770491796,0.46170736937291984,0.5382926306270802,0.019350179222842653,0,5,2,1,False,False,crash
2025-02-16,5.022,5.047,4.826,2.3623817235916644,3661323.85,1739750399999,18041643.15161,75461.0,1664341.27,8203732.80711,0,-0.5274508133516088,-0.7496134387394823,3.6550552841504604,0.052912007906670944,3.5942030897330284,0.04045800538602862,3.579374669930666,-0.0565558410571354,4.463086166910583,-0.03470702858960806,5.14111284605415,0.0007176152019088278,4.137380799434979,-0.01476990722081517,0.6098067862376628,0.610380077423986,0.5203104624915242,6.499,3.78,-0.5213748717941653,50.067997826493716,-0.2933207005422074,-0.3449045848740929,0.05158388433188554,3.579374669930666,5.839117215815828,1.319632124045504,0.23072309751501044,7424317.925999999,0.49315289114681166,-103526.08257666281,0.14200000000000035,0.024999999999999467,0.05400000000000027,0.22100000000000009,0.6425339366515851,0.4545736291532911,0.5454263708467089,0.02061030465797228,0,6,2,1,False,False,crash
2025-02-17,4.88,5.07,4.776,3.8717283069652666,6062988.09,1739836799999,29747663.84043,108434.0,3002655.01,14736639.68334,0,0.6389088470761008,0.4940306832524026,3.8942945332090724,0.23923924905861194,3.532992389250866,-0.06121070048216248,3.644330181745185,0.06495551181451908,4.414806806657614,-0.04827936025296875,5.159929597082801,0.01881675102865099,4.136490654293985,-0.0008901451409935035,0.50164392450515,0.6126391813608968,0.5222879341501815,6.499,3.78,0.03373604522444531,47.1531732382313,-0.2512041437680552,-0.3261644966528854,0.07496035288483016,3.644330181745185,5.85640709121225,1.4322532722781203,0.5513992357695344,7050970.363,0.8598799566390972,12424.155922130993,0.009999999999999787,0.1800000000000006,0.10400000000000009,0.2940000000000005,0.03401360544217609,0.49524342872327826,0.5047565712767218,0.01788458073649292,0,0,2,1,False,False,crash
2025-02-18,4.89,4.918,4.56,3.434383879300533,7479844.27,1739923199999,35401333.72014,142732.0,3797910.22,17986260.19988,0,-0.11295844981631276,-0.1198634542705963,3.771366967894317,-0.12292756531475524,3.644418603829549,0.11142621457868307,3.5565142554456757,-0.08781592629950952,4.391124167373263,-0.02368263928435077,5.151718873959892,-0.008210723122909158,4.135679801471377,-0.0008108528226085099,0.4661994389937802,0.5828237251324944,0.5205185585036092,6.499,3.78,-0.12711148241981135,50.52073529958916,-0.2502319907385635,-0.31097799547002103,0.060746004731457526,3.5565142554456757,5.646171888524793,1.4668566223665582,0.47077741965673503,7333950.961,1.019892866720247,-185084.08111860888,0.12099999999999955,0.02800000000000047,0.20900000000000052,0.35800000000000054,0.3379888268156407,0.5077525791857161,0.4922474208142838,0.019082215464360196,0,1,2,1,False,False,crash
2025-02-19,4.77,4.908,4.699,2.916633749940446,4658637.52,1740009599999,22463306.77473,98660.0,2408992.88,11621817.13488,0,-0.1507548799307591,-0.16340741812310944,3.5168713851911257,-0.2544955827031914,3.496532814880279,-0.14788578894926996,3.5655055452414883,0.008991289795812651,4.382741498885554,-0.008382668487708855,5.153027162082412,0.0013082881225203735,4.133768121774069,-0.0019116796973079886,0.38854613656069353,0.5697550727850459,0.5188988868492543,6.499,3.78,-0.3175308017872577,46.700531116364644,-0.28792069038533885,-0.3063665344530846,0.018445844067745742,3.5655055452414883,5.641817540682053,1.4891935498009228,0.34374414906673023,7095918.278999999,0.6565235585909994,114292.4281484589,0.11600000000000055,0.02200000000000024,0.07099999999999973,0.20900000000000052,0.5550239234449773,0.5171024510187692,0.4828975489812309,0.021177865755050203,0,2,2,1,False,False,crash
2025-02-20,4.886,5.069,4.881,4.3654129585283385,6201014.48,1740095999999,30896537.28438,115087.0,2938549.29,14644507.02837,0,0.49672990604921674,0.40328266567839993,3.39010812366525,-0.12676326152587558,3.49612569995452,-0.00040711492575917774,3.6180094686278563,0.052503923386368,4.35524315948645,-0.027498339399104843,5.1441510768704255,-0.008876085211986684,4.1336515085037435,-0.00011661327032541635,0.4144753100610922,0.5751651479603646,0.5144800151569401,6.492,3.78,0.2158602354455526,56.50204479278875,-0.19859559580089714,-0.2848123467226471,0.08621675092174996,3.6180094686278563,5.720625518889328,1.5153934183663846,0.677731804579238,7010481.608,0.884534733380332,204331.42269340865,0.1609999999999996,0.02200000000000024,0.004999999999999893,0.18799999999999972,0.8563829787234033,0.4738820235749554,0.5261179764250445,0.018559382560899937,0,3,2,1,False,False,crash
2025-02-21,5.047,5.339,4.952,3.5552538013251813,11452215.06,1740182399999,59144646.00061,201261.0,5216111.63,26935241.19565,0,-0.18558591475759878,-0.20528633809673483,3.6286825392119533,0.2385744155467031,3.6418689116812066,0.1457432117266868,3.543502583615704,-0.07450688501215241,4.3389532092845275,-0.016289950201922032,5.130879459303287,-0.01327161756713835,4.139306035760795,0.005654527257051178,0.37160836767698885,0.573165274436042,0.5138044441423133,6.048,3.78,-0.09909444386014923,47.23609936093602,-0.19097643058084923,-0.26604516349428753,0.0750687329134383,3.543502583615704,5.535867800501337,1.5511373667300707,0.5029490621523314,7189274.053,1.5929584789191789,31767.586851594995,0.014000000000000234,0.27800000000000047,0.09499999999999975,0.38700000000000045,0.03617571059431581,0.4554674884004492,0.5445325115995509,0.017573980137952454,0,4,2,1,False,False,crash
2025-02-22,5.062,5.216,5.025,3.9054528165115086,5842036.36,1740268799999,29810432.46009,99472.0,2817311.98,14375794.34331,0,0.0985018327118572,0.09394728121788366,3.6354274411212018,0.00674490190924848,3.764860987165137,0.12299207548393021,3.622178331076875,0.07867574746117123,4.3292375481140555,-0.009715661170472067,5.13039265342078,-0.00048680588250693546,4.146130757933512,0.006824722172717124,0.3674477801094771,0.5520233836059509,0.5135901430326103,5.378,3.78,0.078506142998441,55.289771322466414,-0.1548945257858243,-0.2438150359525949,0.0889205101667706,3.622178331076875,5.535815674621283,1.708540987532468,0.5740146732582979,6251680.92,0.9344744933015552,-20777.841232957842,0.019000000000000128,0.15399999999999991,0.017999999999999794,0.19099999999999984,0.09947643979057667,0.4822482789203318,0.5177517210796683,0.01702693955845218,0,5,2,1,False,False,crash
2025-02-23,5.043,5.135,4.905,4.42914492998613,3679542.01,1740355199999,18479372.25974,73707.0,1746792.84,8775724.73937,0,0.13409254651869085,0.12583281266226565,3.8343796512583213,0.1989522101371195,3.8028733095763187,0.03801232241118191,3.589835402887927,-0.03234292818894824,4.33007705538693,0.0008395072728744069,5.1243491420950305,-0.006043511325749762,4.156330984754518,0.010200226821005742,0.33845777648134884,0.4965425595699041,0.5133483783108774,5.378,4.441,-0.012652155831237973,50.125261669922985,-0.08308403832410205,-0.21166883642689635,0.1285847981027943,3.589835402887927,5.420061367102214,1.7596094386736403,0.729291230566308,5981766.019,0.615126368753408,-65667.01980963688,0.08999999999999986,0.09199999999999964,0.04800000000000004,0.22999999999999954,0.39130434782608714,0.4747310494764538,0.5252689505235463,0.02003156909193707,0,6,2,1,False,False,crash
2025-02-24,4.953,4.981,4.336,2.2067628113901545,9862579.39,1740441599999,45790466.25867,181286.0,4949971.68,23004489.46032,0,-0.5017632418280191,-0.6966798969167977,3.6924054635482633,-0.141974187710058,3.604638424369694,-0.1982348852066247,3.538734346375258,-0.05110105651266883,4.267956129968096,-0.06212092541883418,5.102293927709246,-0.022055214385784616,4.150078966796385,-0.006252017958132683,0.38285995313474075,0.5042081989873222,0.5204188251526689,5.378,4.336,-2.0434138086466853,43.08131556201118,-0.20315947739936524,-0.20996696462139014,0.006807487222024899,3.538734346375258,5.465908929816873,1.611559762933643,0.15442374903927422,6308851.433,1.5632923828910206,-1069292.3748092067,0.5369999999999999,0.02799999999999958,0.08000000000000007,0.6449999999999996,0.8325581395348841,0.5018942291120051,0.4981057708879949,0.018381195509950668,0,0,2,1,False,False,crash
2025-02-25,4.416,4.758,4.138,2.918445767219927,19174046.17,1740527999999,84262017.17944,290984.0,9688429.11,42590713.52638,0,0.322500883265042,0.2795245526253624,3.40301202528658,-0.2893934382616834,3.3965600744759152,-0.20807834989377882,3.475152579411458,-0.06358176696380013,4.184728805709477,-0.083227324258619,5.093440665513222,-0.008853262196024225,4.153346241344875,0.0032672745484898513,0.3918660600701322,0.5047693155973699,0.520328220836579,5.378,4.138,-0.9835114780484459,52.91630400928907,-0.2381480388605226,-0.21560317946921664,-0.02254485939130596,3.475152579411458,5.395742478060035,1.5545626807628805,0.3550687961591234,7807422.720000001,2.4558739622081074,972596.5448550683,0.2239999999999993,0.11800000000000033,0.27800000000000047,0.6200000000000001,0.361290322580644,0.5052887128830773,0.4947112871169227,0.015175930913073418,0,1,2,1,False,False,crash
2025-02-26,4.64,4.931,4.591,3.653726049471868,12186062.66,1740614399999,58110608.18479,219023.0,5954542.11,28409154.418,0,0.2519424176082461,0.2246962792945453,3.4227064749159175,0.01969444962933764,3.5256945070639354,0.12913443258802015,3.5599487983984814,0.0847962189870235,4.159336257586385,-0.025392548123091885,5.101849779705541,0.008409114192319045,4.15085177072593,-0.0024944706189451438,0.34536223235874086,0.48357065036395425,0.5174735789645374,5.378,4.138,-0.39054350849042874,53.43776950922857,-0.2041919543685622,-0.21332093444908576,0.009128980080523569,3.5599487983984814,5.343315698705142,1.7765818980918202,0.5262921923293691,8659896.601,1.4071833904567426,299398.95328448317,0.11399999999999988,0.1770000000000005,0.04899999999999949,0.33999999999999986,0.33529411764705863,0.4886354416628283,0.5113645583371716,0.01797323763309781,0,2,2,1,False,False,crash
2025-02-27,4.755,5.183,4.714,4.4075153103096,13238904.52,1740700799999,66072774.30909,208649.0,6468368.43,32259093.5922,0,0.20630700020508907,0.1875636266106533,3.523118973675536,0.10041249875961844,3.5792732073983684,0.053578700334433016,3.5561327983246174,-0.0038160000738640676,4.119187386894596,-0.040148870691789185,5.103409520005091,0.001559740299549972,4.153285235414175,0.002433464688245124,0.29343068015202095,0.40066386111435454,0.5169169388114815,5.378,4.138,0.21735105670129062,51.317268597802276,-0.11512987358161109,-0.19368272227559086,0.07855284869397977,3.5561327983246174,5.331484481535611,1.7807811151136232,0.7397785520571136,9377488.243999999,1.4117751124316953,501262.6869162834,0.17900000000000027,0.24899999999999967,0.04099999999999948,0.4689999999999994,0.38166311300639766,0.4885878903521241,0.5114121096478759,0.015760291924818565,0,3,2,1,False,False,crash
2025-02-28,4.934,4.935,4.454,3.247937124064013,14950436.65,1740787199999,69431164.52674,282803.0,7083467.46,32889179.01789,0,-0.26309113062709566,-0.30529104522122225,3.286877412491113,-0.23624156118442308,3.560628531874717,-0.018644675523651344,3.6025235678521326,0.0463907695275152,4.125796884136875,0.0066094972422794385,5.093172458329976,-0.010237061675114845,4.147493352355288,-0.005791883058886782,0.30657654889146213,0.3872653973482078,0.5111519976774991,5.378,4.138,-0.7177926418838602,46.78273792378778,-0.1365418322828602,-0.18225454427704474,0.04571271199418453,3.6025235678521326,5.288104445206091,1.916942690498174,0.39481773062567227,10124547.482,1.4766523320256773,-672678.7467166607,0.22200000000000042,0.0009999999999994458,0.258,0.48099999999999987,0.4615384615384625,0.4737966940918745,0.5262033059081255,0.018916036141325678,0,4,2,1,False,False,crash
2025-03-01,4.713,4.819,4.525,2.8149530887323233,6300022.18,1740873599999,29319655.79143,117188.0,3006941.46,13998901.40347,0,-0.13331047332280688,-0.14307446705331572,3.408515467959546,0.12163805546843331,3.550460465753905,-0.010168066120812114,3.5234966403170915,-0.07902692753504104,4.066690470920629,-0.05910641321624599,5.082120350935492,-0.011052107394483812,4.144203960192731,-0.003289392162557192,0.30541234584405785,0.3401692671420367,0.49675245840429133,5.378,4.138,-1.0669733155384487,42.3357735700611,-0.18630158813186082,-0.18306395304800796,-0.003237635083852858,3.5234966403170915,5.200723834449553,1.8462694461846296,0.2887753209393737,10288685.948,0.6123252485148164,-64176.79640067902,0.04900000000000038,0.10599999999999987,0.13899999999999935,0.2939999999999996,0.16666666666666818,0.47729061487208924,0.5227093851279108,0.01860120435322023,0,5,3,1,False,False,crash
2025-03-02,4.663,5.23,4.568,2.2677968574519274,14370599.81,1740959999999,71023839.18815,273565.0,7007984.36,34635346.34633,0,-0.19437490218595455,-0.21613678387482702,3.2783856860059464,-0.1301297819535998,3.340698855646264,-0.20976161010764116,3.418412277800391,-0.10508436251670039,4.023140662469189,-0.04354980845143963,5.046804253937697,-0.03531609699779459,4.137734754168831,-0.006469206023899332,0.26701968624128275,0.34404520396433824,0.4963127720213729,5.378,4.138,-1.5082283407645745,49.61108592135824,-0.2668118473392651,-0.1998135319062594,-0.06699831543300572,3.418412277800391,5.135350508805641,1.7014740467951415,0.16492230192964183,11105644.481,1.293990622028809,1666915.6297620074,0.5419999999999998,0.025000000000000355,0.09500000000000064,0.6620000000000008,0.8187311178247721,0.4876612286651659,0.5123387713348341,0.01903643575194653,0,6,3,1,False,False,crash
2025-03-03,5.205,5.25,4.435,2.152860212298723,14498771.22,1741046399999,70039849.52499,314155.0,7026989.45,33970639.75541,0,-0.050682072680154455,-0.052011523494604466,2.9782125185713175,-0.30017316743462885,3.2004594967436177,-0.14023935890264605,3.4211642042124124,0.002751926412021266,3.9464827462561796,-0.07665791621300988,4.98959546172149,-0.05720879221620745,4.131725703501793,-0.006009050667038274,0.26143753152412536,0.3198022645947462,0.49533095206190975,5.378,4.138,-1.6009191836300618,42.016933889070735,-0.3360178301226524,-0.227054391549538,-0.10896343857311441,3.4211642042124124,5.129344293042027,1.712984115382798,0.12875577340832747,11410300.097,1.27067396096024,-2039020.2753198852,0.7320000000000002,0.04499999999999993,0.038000000000000256,0.8150000000000004,0.8981595092024538,0.4846610339162245,0.5153389660837755,0.021667698264432645,0,0,3,1,False,False,crash
2025-03-04,4.474,4.515,4.017,4.326246373608069,16361521.68,1741132799999,69736115.41545,304317.0,8285163.52,35304394.001,0,1.0095342692913194,0.6979029884025727,2.961958731231011,-0.01625378734030658,3.2425388524532734,0.04207935570965571,3.503699919809205,0.08253571559679251,3.949553222552367,0.0030704762961875076,4.973705820398699,-0.015889641322790915,4.142663029028589,0.010937325526795938,0.41703577295318145,0.3827048639880191,0.5090008672922779,5.378,4.017,0.22721996591334967,53.566949034722875,-0.2130342444482336,-0.22425036212927713,0.011216117681043525,3.503699919809205,5.219686045982333,1.7877137936360772,0.7396716503860231,12462248.629,1.312886796522923,-523071.22741783934,0.14400000000000013,0.04099999999999948,0.3129999999999997,0.49799999999999933,0.28915662650602475,0.5063809883971623,0.49361901160283767,0.01859955363271566,0,1,3,1,False,False,crash
2025-03-05,4.33,4.549,4.278,4.358474778718816,7554050.49,1741219199999,33242894.90277,110871.0,3720179.1,16380477.1452,0,0.007449507570200797,0.007421897027192498,3.1840662621619713,0.22210753093096036,3.235471837326542,-0.0070670151267315795,3.51917257345143,0.015472653642225165,3.9347590609326035,-0.014794161619763546,4.938804327879845,-0.03490149251885377,4.151096044805245,0.008433015776655672,0.417069929871225,0.36967769323575206,0.5089440753101602,5.378,4.017,0.25089991088818187,55.99955466749637,-0.11168091572641359,-0.2017364728487044,0.09005555712229082,3.51917257345143,5.261244297072517,1.777100849830343,0.7408919776054926,12849699.477,0.5878776000575877,341938.5441200926,0.19599999999999973,0.023000000000000576,0.05200000000000049,0.2710000000000008,0.7232472324723216,0.4924747464853124,0.5075252535146876,0.014677026602717346,0,2,3,1,False,False,crash
2025-03-06,4.525,4.664,4.343,2.9185364365460824,7174387.38,1741305599999,32228062.56605,111294.0,3522888.29,15830565.29966,0,-0.3303766604784637,-0.401039904498052,3.2047829317247234,0.020716669562752088,3.306649199842135,0.07117736251559315,3.4556438121059143,-0.06352876134551577,3.923649213604761,-0.01110984732784237,4.923342862953575,-0.015461464926270096,4.152535812365985,0.0014397675607398241,0.394058098493061,0.38005254445423337,0.509147630741584,5.339,4.017,-0.830910411084658,43.975059645215374,-0.1458671964085516,-0.19056261756067386,0.044695421152122244,3.4556438121059143,5.1874875690624105,1.7238000551494181,0.34493191911730753,12580880.276,0.5702611599989762,-150589.21809544822,0.0940000000000003,0.13899999999999935,0.08800000000000008,0.32099999999999973,0.2928348909657333,0.49103680961258606,0.5089631903874139,0.015512683397923796,0,3,3,1,False,False,crash
2025-03-07,4.431,4.677,4.213,3.753846351015083,12234991.06,1741391999999,55005773.6129,184724.0,6009886.5,27023360.07116,0,0.286208492725738,0.2516987376557269,3.5019928304373544,0.29720989871263104,3.3901892582216506,0.08354005837951561,3.393374666348783,-0.06226914575713138,3.86374963327973,-0.05989958032503129,4.92053089117256,-0.00281197178101511,4.159029337023476,0.006493524657491534,0.39176347759157765,0.3825129785807389,0.49540175535727493,5.339,4.017,-0.19905722313533836,50.825230953578185,-0.10435460608610603,-0.1733210152657603,0.06896640917965427,3.393374666348783,4.974534338228804,1.8122149944687618,0.613989652998705,11886974.765,1.0292771122914048,-49702.06253215874,0.017999999999999794,0.24599999999999955,0.20000000000000018,0.4639999999999995,0.03879310344827546,0.491204813352761,0.508795186647239,0.015098008579991556,0,4,3,1,False,False,crash
2025-03-08,4.412,4.446,4.26,3.2978239665793336,4166889.83,1741478399999,18123616.9715,71908.0,2023047.77,8802822.18579,0,-0.12148136652221675,-0.12951816101898883,3.7309855812934765,0.22899275085612203,3.354599049932397,-0.03559020828925341,3.4401467784981663,0.04677211214938337,3.83520497272201,-0.02854466055771976,4.875686867870832,-0.04484402330172799,4.156713261745077,-0.0023160752783990546,0.3912398206419242,0.3603835002086295,0.4931555777607056,5.339,4.017,-0.5440060767175996,47.4970733373562,-0.1070191246079979,-0.16006063713420784,0.05304151252620995,3.4401467784981663,4.9464663742516475,1.9338271827446856,0.45275809585161736,11085057.482,0.37590150856377846,-117084.59980058977,0.12300000000000022,0.03399999999999981,0.028999999999999915,0.18599999999999994,0.6612903225806466,0.4855054615158856,0.5144945384841144,0.017256995729114346,0,5,3,1,False,False,crash
2025-03-09,4.289,4.353,3.978,2.3344504754797577,8567666.17,1741564799999,35586918.80742,119722.0,3823823.03,15895777.00169,0,-0.29212398868543443,-0.34548632588654954,3.3326264016678144,-0.39835917962566203,3.147292566449413,-0.2073064834829843,3.3632828869238907,-0.07686389157427564,3.765859414536367,-0.06934555818564325,4.854302843745829,-0.021384024125002732,4.149678495068558,-0.0070347666765187,0.3995880578823156,0.34278352591529276,0.49579530197702887,5.339,3.978,-1.2076043530641016,41.67321357996081,-0.18473742616320132,-0.16499599494000655,-0.019741431223194772,3.3632828869238907,4.93245192507267,1.794113848775111,0.17217285504884372,10617933.647,0.8069052279697299,-539349.46745162,0.2699999999999996,0.06400000000000006,0.040999999999999925,0.37499999999999956,0.7199999999999998,0.44630859257673433,0.5536914074232657,0.013973700378197625,0,6,3,1,False,False,crash
2025-03-10,4.019,4.285,3.775,3.555258919858394,11244883.73,1741651199999,45402780.00654,170281.0,5286741.07,21392965.67189,0,0.522953241973465,0.4206513721767707,3.1719832298957304,-0.16064317177208398,3.178024746028851,0.030732179579437968,3.369326638951784,0.006043752027893312,3.7821384111605854,0.0162789966242185,4.835107697348503,-0.019195146397326113,4.145901958680955,-0.0037765363876030023,0.4206400262716978,0.3585565872668038,0.49152000072892854,5.339,3.775,-0.14049941185524661,55.82429512768573,-0.14613613493934485,-0.16122402293987423,0.015087888000529376,3.369326638951784,4.940578462461037,1.798074815442531,0.5591669260536948,10247378.355,1.0973424948746318,-422487.54496889905,0.15100000000000025,0.266,0.09299999999999997,0.5100000000000002,0.29607843137254936,0.47014635250479375,0.5298536474952062,0.015142975604604139,0,0,3,1,False,False,crash
2025-03-11,3.87,4.123,3.65,2.4292750103572334,11221604.68,1741737599999,43769628.43574,165697.0,5484689.48,21428080.34347,0,-0.316709397228939,-0.3808350300031877,3.0741309446579606,-0.0978522852377699,3.139456938191342,-0.038567807837508905,3.3449587019726232,-0.02436793697916073,3.709033178682604,-0.07310523247798129,4.795258283401415,-0.03984941394708841,4.145611769344901,-0.0002901893360540697,0.4342844710737491,0.3654384399563884,0.4679858245945069,5.339,3.65,-0.7227501418844087,47.96022055051575,-0.20404966724622398,-0.16978915180114418,-0.0342605154450798,3.3449587019726232,4.960269894203487,1.7296475097417594,0.21656121247115143,10739536.605,1.0448872323574523,504798.1422750782,0.1719999999999997,0.0810000000000004,0.2200000000000002,0.4730000000000003,0.36363636363636276,0.4887616019636864,0.5112383980363135,0.014765891753014418,0,1,3,1,False,False,crash
2025-03-12,4.044,4.097,3.847,3.723956861433199,9411906.66,1741823999999,37514123.4441,120929.0,5073984.08,20230465.01191,0,0.5329498906283063,0.4271939122245255,3.068153046741583,-0.005977897916377373,3.2850729385894697,0.14561600039812772,3.3128858971178667,-0.0320728048547565,3.659576416815655,-0.04945676186694925,4.736700207853713,-0.05855807554770198,4.146097785498154,0.0004860161532524998,0.4490831794014862,0.3678644047050349,0.47233182498588866,5.339,3.65,0.043787366153462924,50.27980007968387,-0.14381870110741968,-0.1645950616623993,0.02077636055497961,3.3128858971178667,4.867206401607932,1.7585653926278013,0.6322349422554244,10243667.290000001,0.918802455560815,-172311.0076298858,0.07599999999999962,0.053000000000000824,0.121,0.25000000000000044,0.30399999999999794,0.53910267741648,0.46089732258351995,0.012848512460704746,0,2,3,1,False,False,crash
2025-03-13,3.968,4.109,3.826,3.872597086232657,7535359.95,1741910399999,29891231.34995,95434.0,3817995.57,15142218.87259,0,0.0399145936245493,0.039138588266268634,3.183107670672248,0.11495462393066491,3.457046625982863,0.17197368739339325,3.3287530613632397,0.015867164245372933,3.6491201215570515,-0.010456295258603365,4.724835582421181,-0.01186462543253164,4.141822056077019,-0.004275729421134855,0.44605395235042133,0.3637236758973856,0.4692514012553376,5.25,3.65,0.1391231788954106,47.76091686875903,-0.08313289829549486,-0.14830262898901841,0.06516973069352355,3.3287530613632397,4.899879520940862,1.7576266017856166,0.6730745547419598,9547326.163,0.7892639071243596,24687.419191027526,0.0129999999999999,0.1280000000000001,0.1419999999999999,0.2829999999999999,0.045936395759716975,0.5066772649659556,0.49332273503404445,0.012664822998933182,0,3,3,1,False,False,crash
2025-03-14,3.98,4.228,3.969,2.144527431471255,7564082.21,1741996799999,31249570.66996,92817.0,3931627.44,16244229.47302,0,-0.44623016964630946,-0.591006147241525,3.1451230618705477,-0.037984608801700404,3.238874731769181,-0.2181718942136821,3.240706792111227,-0.08804626925201253,3.575952049000557,-0.07316807255649449,4.663549578231054,-0.06128600419012731,4.129788556119523,-0.012033499957495586,0.35720666117948824,0.38072044682397943,0.47416555023365625,5.25,3.65,-0.9409203553304657,45.59112975606572,-0.17249136828654343,-0.15314037684852344,-0.019350991438019993,3.240706792111227,4.871970235048336,1.6094433491741191,0.16400909510168105,8667582.216,0.8726865256653713,391409.42860085535,0.2070000000000003,0.04099999999999948,0.01100000000000012,0.2589999999999999,0.7992277992278007,0.519775873773852,0.48022412622614796,0.012270755053044301,0,4,3,1,False,False,crash
2025-03-15,4.187,4.429,4.186,3.527712159812319,4603294.28,1742083199999,19892249.77856,72994.0,2229183.01,9625657.84484,0,0.6449834625767081,0.49773033102194375,3.1396137098613326,-0.005509352009215096,3.155798469878531,-0.08307626189064976,3.1956351536025367,-0.04507163850869045,3.5232434578624994,-0.05270859113805759,4.624429638980285,-0.039119939250769065,4.132519222280088,0.00273066616056461,0.41347413607069977,0.4042587225981402,0.48089601433011586,5.25,3.65,-0.0764299001173005,52.64696180010234,-0.1301963294855244,-0.14855156737592362,0.018355237890399223,3.1956351536025367,4.735915703429051,1.6553546037760218,0.6077975717628796,8372506.595000001,0.5498107678707657,178106.91983759232,0.16199999999999992,0.08000000000000007,0.001000000000000334,0.24300000000000033,0.6666666666666654,0.48425820171548967,0.5157417982845104,0.015856904981534223,0,5,3,1,False,False,crash
2025-03-16,4.35,4.366,4.183,1.9588892848961257,4860914.03,1742169599999,20839179.10875,81076.0,2284152.7,9793276.07697,0,-0.4447139686701813,-0.5882719262286804,3.045536564769111,-0.09407714509222176,3.059833754713536,-0.09596471516499516,3.1832414772778352,-0.012393676324701453,3.470545453372673,-0.0526980044898262,4.574319926366021,-0.05010971261426356,4.122519451264417,-0.009999771015670511,0.426595738842008,0.4002773777468223,0.48440793175742025,5.25,3.65,-1.0569441969399214,48.93372689358064,-0.22072373549529933,-0.16298600099979876,-0.05773773449550057,3.1832414772778352,4.760567968737611,1.6059149858180597,0.11189005605028456,8141159.26,0.5970788526252219,-57003.13072660419,0.0519999999999996,0.016000000000000014,0.11500000000000021,0.18299999999999983,0.28415300546447897,0.46990189209332717,0.5300981079066729,0.016679167642057638,0,6,3,1,False,False,crash
2025-03-17,4.298,4.468,4.298,3.325022151367739,4964214.66,1742255999999,21822005.2642,85102.0,2491777.46,10954333.81902,0,0.697401776100917,0.5290987149184612,2.965749622756019,-0.07978694201309189,3.0169513347488013,-0.04288241996473463,3.203570296485226,0.020328819207390936,3.4151123378843935,-0.05543311548827967,4.520586819175155,-0.053733107190866214,4.120227790898508,-0.0022916603659091095,0.4704646478602346,0.42136231644250016,0.49096472323556883,5.25,3.65,-0.2031111553951631,53.72432160220446,-0.18015513563633023,-0.16641982792710508,-0.013735307709225153,3.203570296485226,4.777002639907975,1.6301379530624778,0.5385945590193962,7414081.619999999,0.6695656878943289,83160.41310376876,0.07200000000000006,0.09799999999999986,0.0,0.16999999999999993,0.42352941176470643,0.5019479677375595,0.4980520322624405,0.017143094291575216,0,0,3,1,False,False,crash
2025-03-18,4.372,4.487,4.232,3.0706402407595736,4943541.34,1742342399999,21364537.492,85313.0,2416714.32,10450653.11308,0,-0.07650532809338606,-0.07959024881631963,2.805358253661402,-0.16039136909461682,2.9942329621668256,-0.022718372581975732,3.174416006049611,-0.029154290435615238,3.406655171804898,-0.008457166079495426,4.4717939598864085,-0.04879285928874655,4.121325073880104,0.0010972829815960594,0.4685174419583715,0.42072173637632426,0.48586788812704845,5.25,3.65,-0.3620998495252664,45.456490125173524,-0.16661014416415565,-0.1664578911745152,-0.00015225298964044454,3.174416006049611,4.734278017933589,1.6145539941656328,0.46673559439892437,7491746.771,0.6598649809061999,90499.61263157865,0.07800000000000029,0.03699999999999992,0.13999999999999968,0.2549999999999999,0.3058823529411777,0.48886297368355774,0.5111370263164422,0.017257466688849414,0,1,3,1,False,False,crash
2025-03-19,4.45,4.596,4.438,3.015471793568369,7492558.96,1742428799999,33867600.18981,121492.0,3719443.75,16812531.28188,0,-0.017966431384211168,-0.018129787285463057,2.979547126080825,0.17418887241942294,3.062335093975686,0.06810213180886038,3.10481383021255,-0.06960217583706108,3.415512246262768,0.008857074457869984,4.429504613658027,-0.04228934622838132,4.1204555673385,-0.0008695065416040038,0.45163740243583234,0.41971409723951775,0.48335387474426333,5.25,3.65,-0.3965801290197693,45.148292557311585,-0.15850018202697402,-0.164866349345007,0.006366167318032967,3.10481383021255,4.553253660000647,1.656374000424453,0.4691592171083657,7384236.05,1.014669480941092,148167.45808539382,0.08800000000000008,0.05799999999999983,0.012000000000000455,0.15800000000000036,0.5569620253164549,0.4964183491723901,0.5035816508276099,0.0162150208825317,0,2,3,1,False,False,crash
2025-03-20,4.538,4.567,4.327,4.159723256387118,4472127.93,1742515199999,19766437.71043,76918.0,2135342.66,9435121.95817,0,0.37946017776034147,0.3216922471040207,3.1059493453957847,0.12640221931495965,3.122781527628559,0.060446433652872944,3.1504031368287047,0.04558930661615479,3.3948926632846956,-0.020619582978072426,4.428486203350672,-0.0010184103073553885,4.127838260350457,0.007382693011956931,0.43929765282342864,0.4188614943079149,0.46689941198050083,5.25,3.65,0.31857703524194897,54.58177260793374,-0.05906063423564101,-0.1437052063231338,0.08464457208749279,3.1504031368287047,4.673293542401915,1.6275127312554942,0.8313830449862574,6706960.47,0.6667890693561819,-136982.32310929932,0.13900000000000023,0.028999999999999915,0.07200000000000006,0.2400000000000002,0.5791666666666672,0.4774779911092571,0.522522008890743,0.01719941853273415,0,3,3,1,False,False,crash
2025-03-21,4.4,4.586,4.378,3.2259542414700073,5759787.32,1742601599999,25824060.86648,98687.0,2760688.02,12377265.70526,0,-0.22447863892948627,-0.25421975184417045,3.3593623367105616,0.2534129913147769,3.202449450739836,0.0796679231112769,3.170953194465589,0.020550057636884222,3.4046755890336122,0.009782925748916593,4.38110239776066,-0.04738380559001154,4.13466740331409,0.006829142963632684,0.4304735957290412,0.42184576025230747,0.4620665687775098,5.25,3.65,-0.2650285990812454,48.06537843662737,-0.0549677973072078,-0.1259577245199486,0.0709899272127408,3.170953194465589,4.685855468705018,1.6560509202261595,0.5181533317164081,6160778.733999999,0.9349122194915045,130934.01500340947,0.09899999999999931,0.08700000000000063,0.02200000000000024,0.20800000000000018,0.4759615384615347,0.47930381221089946,0.5206961877891005,0.01713379236370832,0,4,3,1,False,False,crash
2025-03-22,4.5,4.547,4.415,3.4899936961243663,3327416.15,1742687999999,14884753.97717,60812.0,1646884.68,7366586.29198,0,0.08184848106650167,0.07867113463543557,3.392356645661887,0.03299430895132538,3.179053134208953,-0.02339631653088281,3.232063036399211,0.06110984193362201,3.4081687731400803,0.003493184106468039,4.325615444591759,-0.05548695316890129,4.138594665973583,0.00392726265949328,0.40386388483969593,0.4168734469314695,0.46177467880397144,5.25,3.65,-0.10000393992227102,50.714316127292136,-0.030071768603874727,-0.10678053333673383,0.0767087647328591,3.232063036399211,4.691141295859632,1.7729847769387903,0.5883882197725775,5552329.683,0.5992828848380183,-39198.27871749277,0.05400000000000027,0.04699999999999971,0.030999999999999694,0.13199999999999967,0.40909090909091217,0.49494400632755237,0.5050559936724476,0.018276042808772208,0,5,3,1,False,False,crash
2025-03-23,4.446,4.518,4.4,2.3038830088255478,2678878.36,1742774399999,11938772.51575,49106.0,1321408.92,5888362.36915,0,-0.3398604096666401,-0.41530396581965373,3.239005199275082,-0.1533514463868051,3.022181726468242,-0.15687140774071118,3.2396141762255524,0.00755113982634148,3.3533386032852257,-0.05483016985485456,4.267975524915516,-0.05763991967624271,4.130366451842928,-0.008228214130655331,0.4236845130107466,0.4270491290635444,0.46157344041239545,4.677,3.65,-1.3107273526528262,49.888228152439346,-0.1048421511581048,-0.10639285690100803,0.0015507057429032245,3.2396141762255524,4.676571380154039,1.8026569722970656,0.1744053459484333,5066681.523999999,0.528724441690407,33742.057615834776,0.05600000000000005,0.016000000000000014,0.045999999999999375,0.11799999999999944,0.47457627118644335,0.49326947416903244,0.5067305258309676,0.018330806181136198,0,6,3,1,False,False,crash
2025-03-24,4.503,4.773,4.469,3.447757856044605,5907545.08,1742860799999,27545851.99246,114916.0,2762158.45,12875006.40433,0,0.49649866891555905,0.4031281588451753,3.325462411770329,0.08645721249524696,3.152504768925577,0.13032304245733517,3.195689750347379,-0.043924425878173246,3.3756550030603565,0.02231639977513078,4.221898557563151,-0.04607696735236555,4.138293549038373,0.007927097195445043,0.41180008394354495,0.3811981046671644,0.4566038277771694,4.773,3.65,-0.18009095632715474,49.604691553871675,-0.0709788772995501,-0.09931006098071644,0.02833118368116634,3.195689750347379,4.543747665971504,1.8476318347232539,0.5934930549999862,4901027.811000001,1.205368609976247,154840.1420346513,0.11699999999999999,0.15299999999999958,0.03399999999999981,0.3039999999999994,0.38486842105263236,0.4675645149710817,0.5324354850289182,0.019452411863778787,0,0,3,1,False,False,crash
2025-03-25,4.62,4.721,4.582,3.56681146564438,3866173.71,1742947199999,17997907.50254,62227.0,1880590.72,8755292.00309,0,0.03453073405113116,0.03394792684976313,3.2068800536217816,-0.11858235814854723,3.156414699508783,0.0039099305832062115,3.1561065846936573,-0.039583165653721775,3.345471162497942,-0.03018384056241441,4.1674275094812065,-0.05447104808194414,4.146387753515694,0.00809420447732112,0.3682147707992543,0.3810722715308402,0.42927611732245785,4.773,3.65,-0.07407705641640253,54.517553790305975,-0.03414179214543456,-0.08627640721366008,0.05213461506822552,3.1561065846936573,4.40310816310923,1.909105006278085,0.664676969163327,4827315.754000001,0.8008951365562568,14226.180318181143,0.01699999999999946,0.08400000000000052,0.038000000000000256,0.13900000000000023,0.1223021582733772,0.4864216822787303,0.5135783177212697,0.016095241618101015,0,1,3,1,False,False,crash
2025-03-26,4.637,4.767,4.596,4.541202614797922,5629934.83,1743033599999,26385206.37269,82380.0,2799584.18,13113755.54878,0,0.2731826895082352,0.24151982028266294,3.4699297282873642,0.2630496746655826,3.4146460324989625,0.2582313329901793,3.2372398936062488,0.0811333089125914,3.37171953596103,0.026248373463087837,4.13454545898656,-0.03288205049464654,4.1516521628315015,0.005264409315807406,0.326835228104682,0.37272815933424164,0.42542238421334455,4.773,3.65,0.7935909303632435,53.33028939639288,0.0728374607385045,-0.05445363362322716,0.12729109436173167,3.2372398936062488,4.622630631551744,1.851849155660753,0.9706118950691924,4904217.834000001,1.147978132408545,69205.58233987572,0.057000000000000384,0.0730000000000004,0.04099999999999948,0.17100000000000026,0.3333333333333351,0.4972675998098543,0.5027324001901456,0.014632496198894722,0,2,3,1,False,False,crash
2025-03-27,4.695,4.759,4.495,2.6761812121533746,5678166.73,1743119999999,26282376.30249,82314.0,2880656.99,13330940.09589,0,-0.41068887711973157,-0.5288010125832057,3.307167231493166,-0.16276249679419807,3.349761938577526,-0.06488409392143657,3.183356636663164,-0.053883256943084934,3.3414415380741787,-0.03027799788685126,4.08271348963349,-0.05183196935306977,4.151467441411246,-0.00018472142025593996,0.2999844116814144,0.3853382627700885,0.43005524406447154,4.773,3.65,-0.8671583150904947,45.72289218807307,0.007046422066373292,-0.04215362248530707,0.04920004455168036,3.183356636663164,4.567974928304412,1.7987383450219148,0.3168537034460914,4975613.040999999,1.1411994227064735,-83466.87353429926,0.07000000000000028,0.06400000000000006,0.1299999999999999,0.26400000000000023,0.26515151515151597,0.5073216633073401,0.49267833669266,0.014496580307355645,0,3,3,1,False,False,crash
2025-03-28,4.623,4.646,4.242,2.02499479458661,5665177.03,1743206399999,24664573.42327,87773.0,2641597.62,11484765.10895,0,-0.24332672787983256,-0.2788237275386717,3.2513895886453783,-0.055777642847787856,3.24519739396023,-0.10456454461729603,3.1197151780635277,-0.0636414585996361,3.342785400571283,0.0013438624971042756,4.056630345732167,-0.026083143901323602,4.152010927717097,0.0005434863058511041,0.3103810955592641,0.38914726803607413,0.42362833321636073,4.773,3.65,-1.4470215542416656,49.53703216295956,-0.09652605945776083,-0.05302810987979782,-0.043497949577963005,3.1197151780635277,4.596143428364185,1.643286927762871,0.12926732699201893,5047776.61,1.122311359575003,-420141.7775762165,0.3410000000000002,0.022999999999999687,0.040000000000000036,0.4039999999999999,0.8440594059405947,0.4662868620012039,0.5337131379987962,0.015493425807383816,0,4,3,1,False,False,crash
2025-03-29,4.282,4.304,3.996,2.58990295626437,4478918.92,1743292799999,18416274.9407,60001.0,2056888.73,8450256.30061,0,0.27896771052840297,0.24605327640499974,3.0798186086893313,-0.17157097995604698,3.2026405102298297,-0.04255688373040023,3.1324878021027582,0.012772624039230518,3.3049067534608327,-0.03787864711045019,4.031427008153263,-0.025203337578903806,4.143815483486385,-0.008195444230711502,0.32214160915657275,0.38406170622712305,0.3872089664376889,4.773,3.65,-0.9439866818661,46.1219068198326,-0.13150867955556267,-0.0687242238149508,-0.06278445574061187,3.1324878021027582,4.584530960487353,1.680444643718164,0.3131650417188642,4746412.606000001,0.9436429766637106,-242669.124110229,0.2320000000000002,0.02200000000000024,0.053999999999999826,0.3080000000000003,0.7532467532467533,0.45923776847471937,0.5407622315252807,0.013396313054936927,0,5,3,1,False,False,crash
2025-03-30,4.05,4.173,3.985,2.2704085764732826,3302917.68,1743379199999,13489067.99243,49789.0,1635251.3,6683374.76323,0,-0.12336152558083502,-0.13166060145275704,2.8205380308551122,-0.2592805778342191,3.013709042238447,-0.18893146799138272,3.0682452849335027,-0.06424251716925555,3.303912490320024,-0.0009942631408086378,4.0106635831063775,-0.02076342504688533,4.1447988216754315,0.000983338189046279,0.30050318014535127,0.37119445964389663,0.38022416904891787,4.773,3.65,-1.2284874652953852,51.43666068697796,-0.1829047719852599,-0.09156033344901263,-0.09134443853624727,3.0682452849335027,4.554812683063088,1.5816778868039176,0.23165135012914087,4629491.581,0.7134514929361959,-6524.281837036876,0.008000000000000007,0.12300000000000022,0.05699999999999994,0.18800000000000017,0.0425531914893617,0.49509296277708015,0.5049070372229199,0.015074247929787944,0,6,3,1,False,False,crash
2025-03-31,4.043,4.093,3.949,3.0722201007814913,4622562.33,1743465599999,18612600.45437,57577.0,2348559.81,9456950.09413,0,0.35315737115197776,0.30244065517575486,2.5267415280518257,-0.2937965028032865,2.9983356281695945,-0.015373414068852398,3.100392539454716,0.03214725452121314,3.277447059546991,-0.026465430773033205,3.9882736404398647,-0.02238994266651284,4.14689849313841,0.002099671462978847,0.31164346492927303,0.3674410954145432,0.3634975207006311,4.773,3.826,-0.7959661026594604,48.77011445511123,-0.15712580802399456,-0.10467342836400902,-0.052452379659985546,3.100392539454716,4.556270379653745,1.6445146992556865,0.4903245870308139,4515769.082,1.023648961242434,-25159.913720930497,0.023000000000000576,0.04999999999999982,0.07099999999999973,0.14400000000000013,0.15972222222222607,0.5080644980724359,0.4919355019275641,0.012455646000991836,0,0,3,1,False,False,crash
2025-04-01,4.021,4.282,4.015,2.6900330520050915,4417348.85,1743551999999,18446448.51082,63437.0,2259214.74,9431975.02059,0,-0.12440093360471849,-0.13284697957967886,2.529511896022169,0.002770367970343468,2.9183395637576672,-0.0799960644119273,3.0486963489833103,-0.0516961904714055,3.243858038431375,-0.03358902111561601,3.9591112513166338,-0.02916238912323088,4.14095692649895,-0.00594156663946066,0.3153756916982122,0.3533856920221978,0.36429090172542444,4.773,3.826,-1.199542711715849,48.17108409361883,-0.16562586228124632,-0.11686391514745648,-0.04876194713378984,3.0486963489833103,4.484634984208412,1.612757713758208,0.3751118995687467,4624762.352,0.9551515329408649,165925.29262437928,0.15000000000000036,0.11099999999999977,0.006000000000000227,0.26700000000000035,0.5617977528089894,0.5114413230007859,0.488558676999214,0.014360876207456427,0,1,4,2,False,False,crash
2025-04-02,4.171,4.24,3.911,3.6756483157881576,6989787.29,1743638399999,28697020.10393,96232.0,3362206.84,13801248.72944,0,0.36639522441867767,0.31217604903631085,2.8596426002624784,0.3301307042403092,3.0555160944539286,0.13717653069626135,3.038848910461085,-0.00984743852222536,3.2754145710659714,0.03155653263459657,3.9507720536831203,-0.008339197633513429,4.139526916766409,-0.0014300097325410377,0.3048707725814605,0.3607757895487413,0.35733970207212945,4.773,3.911,-0.27302979606942285,52.91193169444122,-0.0917733952889197,-0.11184581117574913,0.020072415886829426,3.038848910461085,4.453541421783381,1.6241563991387884,0.7250663660938814,5055853.245,1.3825138807010606,-345216.05891632795,0.2060000000000004,0.06899999999999995,0.053999999999999826,0.3290000000000002,0.6261398176291803,0.4810170468005758,0.5189829531994242,0.01376751480516083,0,2,4,2,False,False,crash
2025-04-03,3.965,4.111,3.845,1.8209315127380434,5063977.24,1743724799999,20124962.32355,75552.0,2376831.91,9459094.74694,0,-0.5045958273764863,-0.7023813392261486,2.7058483115572134,-0.15379428870526501,2.892833460123272,-0.16268263433065666,3.0226691145244247,-0.0161797959366603,3.258322560087288,-0.017092010978683625,3.902342540603009,-0.04842951308011134,4.135860351024349,-0.003666565742059369,0.32055347596919465,0.3652749580068031,0.3651646583880235,4.773,3.845,-2.1811082836874545,40.292392321119905,-0.18082054195945485,-0.12564075733249028,-0.05517978462696457,3.0226691145244247,4.486960712355371,1.5583775166934788,0.08965222378981265,4971496.461,1.0186022015152754,120053.93708953366,0.0940000000000003,0.0519999999999996,0.11999999999999966,0.26599999999999957,0.35338345864661824,0.46936070155007253,0.5306392984499274,0.014919498334870083,0,3,4,2,False,False,crash
2025-04-04,4.06,4.131,3.946,1.805280240340833,4789003.5,1743811199999,19400131.17652,69545.0,2426275.88,9831751.06859,0,-0.008595201020864529,-0.008632352799011811,2.6128226443307234,-0.09302566722648997,2.716680337592918,-0.1761531225303541,2.9365475185508503,-0.08612159597357438,3.2134477307766183,-0.04487482931066955,3.879863574327995,-0.022478966275014223,4.132581964003424,-0.0032783870209254218,0.32017748068466756,0.33790911010553515,0.3592115108607038,4.773,3.845,-2.1979738789430696,43.616705234340685,-0.24977472655683686,-0.1504675511773596,-0.09930717537947725,2.9365475185508503,4.4764272509738285,1.396667786127872,0.13267674273821867,5063779.44,0.9457369849426143,-28316.354767183802,0.024999999999999467,0.07100000000000062,0.08899999999999997,0.18500000000000005,0.13513513513513223,0.5066348103525086,0.49336518964749143,0.014521810226281939,0,4,4,2,False,False,crash
2025-04-05,4.034,4.069,3.897,3.6656277785765377,2096452.45,1743897599999,8312692.42919,33727.0,1001927.67,3971374.27352,0,1.030503462379046,0.7082837733282066,2.7315041798897326,0.11868153555900918,2.6291228539707787,-0.08755748362213911,3.021884443234871,0.08533692468402077,3.2029780530790215,-0.010469677697596769,3.85677246648026,-0.023091107847734715,4.131656245169863,-0.0009257188335611843,0.45634750152363734,0.3879417829665163,0.3853014217333053,4.773,3.845,-0.1932890317063175,50.690148435623655,-0.15254843250399608,-0.1508837274426869,-0.0016647050613091685,3.021884443234871,4.522300886723971,1.5214679997457707,0.7145215543774942,4710431.202,0.4450659313546217,-41045.78526641903,0.07799999999999985,0.03500000000000014,0.05900000000000016,0.17200000000000015,0.45348837209302195,0.477915761933928,0.522084238066072,0.016087653216270183,0,5,4,2,False,False,crash
2025-04-06,3.955,3.976,3.601,2.0854930822625337,6022544.15,1743983999999,22780191.53283,109315.0,2744278.79,10377112.11244,0,-0.4310679620961442,-0.5639942932832362,2.6105961859412212,-0.12090799394851137,2.5700540409816948,-0.05906881298908395,2.959907989779611,-0.06197645345526004,3.144703329401118,-0.05827472367790332,3.8212482624506543,-0.035524204029605766,4.121223576845721,-0.01043266832414158,0.45872926622854976,0.37778545419136805,0.39112023805199203,4.773,3.601,-1.293094639707736,49.16761943323025,-0.2006861729662326,-0.16084421654739606,-0.03984195641883653,2.959907989779611,4.50920663168813,1.410609347871092,0.2178029839231252,4744868.944,1.2692751309002224,-415610.35211071814,0.27200000000000024,0.020999999999999908,0.08199999999999985,0.375,0.7253333333333339,0.45566769153531234,0.5443323084646876,0.018150966979627703,0,6,4,2,False,False,crash
2025-04-07,3.685,3.735,3.282,3.4532917297904486,15127726.43,1744070399999,53106083.73806,235409.0,7673125.69,26915823.81251,0,0.6558634306492168,0.5043225831475546,2.5661248687416793,-0.04447131719954189,2.7128837345020793,0.14282969352038455,2.9790405642311546,0.019132574451543594,3.166521529525093,0.02181820012397484,3.8148038482178377,-0.006444414232816609,4.118716625498094,-0.0025069513476267957,0.48041903660025576,0.4007470521952927,0.39113282175944336,4.773,3.282,0.114883789262541,50.020738052342814,-0.12700176215275194,-0.15407572566846725,0.02707396351571531,2.9790405642311546,4.543473847465904,1.4146072809964048,0.651572831721751,5691123.884000001,2.658126362796287,-369670.20871572045,0.09200000000000008,0.04999999999999982,0.31099999999999994,0.45299999999999985,0.20309050772626958,0.5072226633331576,0.49277733666684237,0.015561426304825108,0,0,4,2,False,False,crash
2025-04-08,3.592,3.706,3.342,2.376871021891671,5407861.13,1744156799999,19214035.31453,99875.0,2680667.41,9528865.19587,0,-0.311708593459637,-0.37354297470535347,2.6773127705724047,0.11118790183072536,2.691580541064809,-0.021303193437270274,2.9471105256473193,-0.03193003858383525,3.1366243838236216,-0.029897145701471395,3.775715595240618,-0.03908825297721963,4.10937512361903,-0.009341501879064573,0.4986683996525122,0.409659711629622,0.38627802612561146,4.773,3.282,-0.6070616888721188,45.8392774293262,-0.15369281571072246,-0.1539991436769183,0.0003063279661958407,2.9471105256473193,4.534314952504151,1.3599060987904872,0.3203635605764712,5784018.1049999995,0.9349661484159549,-323598.703854717,0.21399999999999997,0.11399999999999988,0.03600000000000003,0.3639999999999999,0.587912087912088,0.4956982706395791,0.5043017293604208,0.018468484600306295,0,1,4,2,False,False,crash
2025-04-09,3.377,3.753,3.25,2.751078841282103,11027926.38,1744243199999,38644970.63227,172602.0,5395151.04,18911138.43921,0,0.1574371583244818,0.1462082146400712,2.8664724907606587,0.189159720188254,2.739647567545691,0.048067026480882014,2.8766783048920685,-0.0704322207552508,3.122958283063253,-0.013666100760368671,3.757041225218259,-0.018674370022359277,4.103831958321232,-0.0055431652977979695,0.4931811067237808,0.40355028593832026,0.38574497214929604,4.773,3.25,-0.3275910431502937,43.4664639090854,-0.14300178870977298,-0.15179967268348923,0.008797883973716253,2.8766783048920685,4.358858052647923,1.3944985571362143,0.45763015120125133,6556518.975,1.681978870502697,865127.4395204254,0.266,0.11000000000000032,0.12699999999999978,0.5030000000000001,0.5288270377733597,0.4892262474461676,0.5107737525538324,0.01565135584447019,0,2,4,2,False,False,crash
2025-04-10,3.643,3.65,3.389,3.1664036119971746,7342100.4,1744329599999,25713225.08489,97417.0,3707847.54,12988340.63156,0,0.15096796372492016,0.1406032959248648,2.7666276574447863,-0.09984483331587235,2.7490659186672595,0.009418351121568413,2.873700773418427,-0.002977531473641548,3.127953680304388,0.00499539724113518,3.7553475895949715,-0.0016936356232872818,4.103656122648836,-0.00017583567239576325,0.4865832247716126,0.3987992036021318,0.3847037131639912,4.773,3.25,-0.05488928956193397,52.00093959775496,-0.09986465719945414,-0.14141266958668222,0.04154801238722808,2.873700773418427,4.353162950374339,1.3942385964625144,0.5989220417858206,6828472.782000001,1.0752185202163993,-362771.9110623104,0.17999999999999972,0.007000000000000117,0.07400000000000029,0.2610000000000001,0.6896551724137917,0.5050118274056835,0.4949881725943165,0.013268274021423079,0,3,4,2,False,False,crash
2025-04-11,3.462,3.599,3.45,2.8624234834497875,5169131.93,1744415999999,18210104.07846,66128.0,2299536.13,8106540.73196,0,-0.09600169965560867,-0.10092779874173763,2.922013737682237,0.15538608023745049,2.7663049618117292,0.01723904314446978,2.8423222627846982,-0.03137851063372876,3.097893890802817,-0.030059789501571288,3.726568525144633,-0.02877906445033851,4.099541539465909,-0.004114583182927234,0.48522141653706935,0.40047900935141,0.38033889139124827,4.773,3.25,-0.2544822826987607,53.51783969861972,-0.0891788275846146,-0.1309659011862687,0.041787073601654096,2.8423222627846982,4.293090304315561,1.391554221253836,0.5069277858657122,6903651.090000001,0.7487533571167194,140311.40670516904,0.09499999999999975,0.04200000000000026,0.01200000000000001,0.14900000000000002,0.6375838926174479,0.4448592454478135,0.5551407545521865,0.01279286365592917,0,4,4,2,False,False,crash
2025-04-12,3.558,3.756,3.525,2.0836730968110793,4420760.89,1744502399999,16213880.21817,59446.0,2114125.13,7757205.23343,0,-0.2720598091586922,-0.31753638959815794,2.6480900110863628,-0.27392372659587405,2.6071074399140213,-0.15919752189770797,2.831311767183975,-0.011010495600723313,3.068462276712534,-0.02943161409028283,3.7037077429985312,-0.022860782146101766,4.093768615057894,-0.005772924408014468,0.48840244185066967,0.3971877724900102,0.3816560840814698,4.773,3.25,-0.7658088661778863,47.91097955257321,-0.14191299388508272,-0.1331553197260315,-0.00875767415905121,2.831311767183975,4.30248492459168,1.3601386097762693,0.24590391803699055,6646748.45,0.6651012782046836,193882.11943772828,0.15500000000000025,0.042999999999999705,0.03299999999999992,0.23099999999999987,0.6709956709956725,0.47822652765099,0.5217734723490101,0.013447006404365833,0,5,4,2,False,False,crash
2025-04-13,3.713,3.816,3.615,2.974566788576529,6619352.13,1744588799999,24512218.15014,83080.0,3485220.68,12914682.81519,0,0.42755924292006364,0.3559661628568005,2.7676291644233344,0.11953915333697163,2.7224709674978698,0.11536352758384849,2.807652213810571,-0.023659553373403863,3.0498445561538348,-0.018617720558699258,3.6895410521339453,-0.014166690864585885,4.093483993732526,-0.00028462132536866136,0.46176150380692826,0.39351518123168155,0.3852473082833981,4.767,3.25,-0.18156441095812206,52.7749333042102,-0.11054325139977239,-0.12863290606077968,0.018089654661007287,2.807652213810571,4.252059607280956,1.363244820340186,0.5577796041201792,6802285.939,0.9731070098139842,-80223.76672502006,0.04499999999999993,0.10299999999999976,0.052999999999999936,0.20099999999999962,0.22388059701492544,0.5265199088298087,0.4734800911701913,0.012551077260789268,0,6,4,2,False,False,crash
2025-04-14,3.669,3.798,3.633,2.4455595739863205,5218014.54,1744675199999,19399479.06089,78953.0,2684428.37,9979608.09435,0,-0.17784344820287712,-0.1958244497517602,2.706525310964178,-0.061103853459156365,2.7864989008624184,0.0640279333645486,2.7515896192276683,-0.05606259458290275,3.010172849033838,-0.03967170711999657,3.670124952210384,-0.019416099923561525,4.091383747563015,-0.0021002461695109886,0.4704378262798434,0.3970916645615485,0.3865673218413722,4.767,3.25,-0.5302837350123133,47.47620334198554,-0.12690607139825216,-0.12828753912827418,0.0013814677300220124,2.7515896192276683,4.158483430499358,1.3446958079559785,0.391239110304733,6845187.043,0.7622895484406124,12803.198162486784,0.008000000000000007,0.121,0.03600000000000003,0.16500000000000004,0.04848484848484852,0.5144539842543252,0.4855460157456748,0.015130850900235322,0,0,4,2,False,False,crash
2025-04-15,3.676,3.735,3.516,1.6393678871199213,4692519.65,1744761599999,17067918.11525,74167.0,2203694.13,8021066.03067,0,-0.3296553048398193,-0.3999632285033137,2.4011181659887275,-0.3054071449754505,2.583872911716757,-0.2026259891456612,2.606497882843768,-0.14509173638390038,2.9988249505484337,-0.011347898485404517,3.633390540258265,-0.036734411952118684,4.082795595671481,-0.008588151891533613,0.35930898347038953,0.4020690734214847,0.3822504291842585,4.759,3.25,-1.0673506380915032,45.90831902729279,-0.20259130913685075,-0.1431482931299895,-0.05944301600686125,2.606497882843768,3.821769453104173,1.3912263125833628,0.10209305500472927,7104793.763000001,0.6604723242548539,-201636.68879521344,0.15700000000000003,0.05899999999999972,0.0030000000000001137,0.21899999999999986,0.7168949771689503,0.4696185193385391,0.530381480661461,0.015805368018011388,0,1,4,2,False,False,crash
2025-04-16,3.519,3.619,3.469,2.8879367076731257,4278941.46,1744847999999,15156297.33255,65749.0,2106421.0,7466525.43971,0,0.761616004780183,0.5662315723106874,2.4062208108333953,0.005102644844667825,2.6641172742578165,0.08024436254105938,2.6170856576197554,0.01058777477598749,2.9982147693574976,-0.0006101811909360322,3.591471787533487,-0.04191875272477796,4.083260714758245,0.00046511908676372116,0.40386288823742494,0.42107492383392214,0.39332447748377486,4.646,3.25,-0.25935765925993864,46.993924752891886,-0.15997919564989171,-0.14651447363396997,-0.013464722015921748,2.6170856576197554,3.8385872121172193,1.3955841031222913,0.6108680742386778,6930433.494,0.6174132489265614,46206.24480818357,0.03799999999999981,0.06200000000000028,0.050000000000000266,0.15000000000000036,0.25333333333333147,0.4922761901958808,0.5077238098041191,0.015365716174111903,0,2,4,2,False,False,crash
2025-04-17,3.557,3.698,3.54,3.2871075974442325,3658951.76,1744934399999,13306605.40582,61775.0,1811790.6,6587540.86049,0,0.13822009627514564,0.12946572322074335,2.6469077109600256,0.2406869001266303,2.647498861023194,-0.01661841323462232,2.6801912977626365,0.06310564014288111,2.990882400316945,-0.007332369040552678,3.575109328951665,-0.01636245858182228,4.0761268399723205,-0.007133874785924199,0.35435800943876633,0.4143403213415406,0.39256273489735255,4.304,3.25,0.035206449188076396,56.29452022867081,-0.09292781985187393,-0.13579714287755076,0.042869323025676837,2.6801912977626365,3.9033042459997973,1.4570783495254758,0.7481031292148153,5783556.027,0.6326474132728238,79206.99621028944,0.07699999999999996,0.06400000000000006,0.016999999999999904,0.15799999999999992,0.4873417721518987,0.4951665719692353,0.5048334280307647,0.01688325073736419,0,3,4,2,False,False,crash
2025-04-18,3.636,3.748,3.613,2.373974860950905,2261720.31,1745020799999,8349845.00944,43780.0,1051826.37,3883316.24,0,-0.27779216512513916,-0.3254423215755529,2.526789325434901,-0.12011838552512444,2.647209244929118,-0.00028961609407618383,2.6693948929969635,-0.010796404765673007,2.9502115913297713,-0.04067080898717368,3.5346994891121835,-0.04040983983948143,4.066202385160238,-0.009924454812082928,0.3507096106454591,0.42013881018895716,0.39496825302104904,4.282,3.25,-0.8488615688460225,52.26681204618579,-0.11217818166939741,-0.1310733506359201,0.018895168966522685,2.6693948929969635,3.89965463229351,1.4391351537004173,0.3799359100319019,5468941.945,0.4135571985853289,25517.48285910858,0.0389999999999997,0.0730000000000004,0.02300000000000013,0.13500000000000023,0.2888888888888862,0.4650558980920148,0.5349441019079852,0.01935694692505989,0,4,4,2,False,False,crash
2025-04-19,3.675,3.892,3.645,3.3717589465671685,2997616.3,1745107199999,11258754.33272,44305.0,1384417.8,5197996.74915,0,0.4203010326809431,0.35086884399117196,2.7120291999510706,0.1852398745161694,2.709277255457624,0.06206801052850608,2.7244624115016576,0.055067518504694046,2.952688027779834,0.002476436450062902,3.539242455958355,0.004542966846171392,4.06799426251422,0.0017918773539822297,0.36916846567738176,0.42458615542667627,0.39554971785573334,4.282,3.25,0.11798347535578338,48.74214700190986,-0.04638667846679345,-0.11413601620209478,0.06774933773530133,2.7244624115016576,3.977902891496466,1.4710219315068493,0.7582079266612611,4665910.937,0.6424503897469057,167213.97047619024,0.20500000000000007,0.01200000000000001,0.029999999999999805,0.2469999999999999,0.8299595141700411,0.4618395623215687,0.5381604376784314,0.014780077089919748,0,5,4,2,False,False,crash
2025-04-20,3.88,3.952,3.787,2.005869579592643,3877366.27,1745193599999,15032456.82721,61831.0,1842256.94,7140252.91293,0,-0.40509698012817763,-0.5193568785331795,2.7853295384456147,0.07330033849454409,2.593223852217171,-0.11605340324045299,2.6711448854422155,-0.053317526059442066,2.936506357597041,-0.016181670182793262,3.501598414258835,-0.03764404169952007,4.064468635188389,-0.00352562732583106,0.39719124766152647,0.4341988875757489,0.40022592153485137,4.282,3.25,-1.2055527329528655,49.65281824882715,-0.10327184137478085,-0.111963181236632,0.008691339861851152,2.6711448854422155,3.9527041331960846,1.3895856376883464,0.2404430161868948,4319437.524,0.8976553656480204,-1998.6424072164878,0.0019999999999997797,0.07200000000000006,0.09100000000000019,0.16500000000000004,0.012121212121210784,0.4751310069038177,0.5248689930961823,0.015946649270253233,0,6,4,2,False,False,crash
2025-04-21,3.879,3.982,3.771,2.5841081464195574,4698554.41,1745279999999,18310416.41735,66634.0,2304025.89,8979221.61454,0,0.28827326198562964,0.25330276510615846,2.7245638261949012,-0.06076571225071348,2.5653923185141485,-0.027831533703022604,2.6658486401629387,-0.005296245279276857,2.942832583376394,0.006326225779353045,3.482986622922791,-0.018611791336043737,4.065755229132314,0.0012865939439254959,0.40337766053969665,0.4348545383363941,0.39969886383105435,4.24,3.25,-0.6726180339196388,45.92985891751065,-0.10053580879085988,-0.1096777067474776,0.009141897956617712,2.6658486401629387,3.94795460737091,1.383742672954967,0.46812256715356126,4272379.772,1.0997511131367654,-118736.03202166078,0.0990000000000002,0.1030000000000002,0.008999999999999897,0.2110000000000003,0.4691943127962088,0.4903690984393645,0.5096309015606355,0.014181808740616456,0,0,4,2,False,False,crash
2025-04-22,3.78,4.04,3.689,2.935163403092085,7580714.41,1745366399999,29130025.8996,111369.0,3981312.62,15293992.60039,0,0.13585161176746263,0.12738268832283953,2.6541749873244713,-0.0703888388704299,2.650541349142249,0.08514903062810042,2.6288243945281353,-0.03702424563480333,2.95847864719226,0.015646063815866196,3.45248069672422,-0.030505926198570954,4.062424359693058,-0.003330869439256645,0.3866426072908332,0.4298660867892047,0.3993896111477498,4.131,3.25,-0.3573627660702782,52.80487047108581,-0.06924207835618024,-0.10159058106921812,0.03234850271303788,2.6288243945281353,3.8282495892562842,1.4293991997999864,0.6277024235902354,4588375.124,1.6521566360928601,455243.96060052805,0.22699999999999987,0.03300000000000036,0.09099999999999975,0.351,0.6467236467236464,0.5251896331496282,0.4748103668503718,0.014691095585013603,0,1,4,2,False,False,crash
2025-04-23,4.008,4.198,3.999,2.2585439575018484,7854197.12,1745452799999,32163360.06342,128773.0,3924007.93,16069423.20707,0,-0.23052190037441977,-0.26204278663377334,2.6310888066346605,-0.02308618068981083,2.578939066034781,-0.07160228310746808,2.650705016766325,0.021880622238189762,2.917124598870136,-0.04135404832212419,3.4333389107112513,-0.019141786012968787,4.059748982861945,-0.0026753768311129633,0.3802968825169483,0.41476817522297554,0.3782358896944793,4.198,3.25,-1.0458397072765306,47.59847022175997,-0.09791045526092379,-0.10085455590755926,0.0029441006466354724,2.650705016766325,3.8031203521940564,1.4982896813385937,0.32985255089523696,4711859.623,1.6668996422689057,168570.2401597204,0.08499999999999996,0.10500000000000043,0.008999999999999897,0.1990000000000003,0.427135678391959,0.49960649956287323,0.5003935004371268,0.01639543775545068,0,2,4,2,False,False,crash
2025-04-24,4.093,4.286,3.929,2.4251964070805165,6601559.83,1745539199999,27028911.05917,101444.0,3124448.11,12803960.24538,0,0.07378756079779847,0.07119217465705688,2.44177629873733,-0.18931250789733056,2.5769027493442005,-0.002036316690580353,2.6817008251033094,0.030995808336984343,2.8784590314373704,-0.03866556743276561,3.406609046184987,-0.026729864526264357,4.055678747119157,-0.004070235742787531,0.37310154661017997,0.4142370302104338,0.3781923927987304,4.286,3.25,-0.796142464207996,46.296162101903676,-0.10596143315140294,-0.101875931356328,-0.004085501795074942,2.6817008251033094,3.7699332430102346,1.5934684071963843,0.38214630725845034,4850214.152,1.3610862578671559,283868.68558025936,0.17600000000000016,0.01699999999999946,0.16400000000000015,0.35699999999999976,0.49299719887955257,0.47328937258151,0.52671062741849,0.01536667130380306,0,3,4,2,False,False,crash
2025-04-25,4.268,4.374,4.215,3.3310900406743897,6676283.69,1745625599999,28631883.35244,106913.0,3338811.91,14313626.00451,0,0.3735341314827363,0.31738707625006773,2.706820390953679,0.2650440922163493,2.7460749646996474,0.1691722153554469,2.664973938208202,-0.016726886895107373,2.8867101035199365,0.008251072082566147,3.4051796585623486,-0.001429387622638334,4.060173396738525,0.004494649619368296,0.3579860395815332,0.3575145119274022,0.3767121273988276,4.374,3.25,0.07214416430105851,52.209055724569616,-0.03879662245809179,-0.08926006957668076,0.05046344711858897,2.664973938208202,3.6984336216014713,1.6315142548149326,0.8222748372142865,5048590.556,1.3224054547393564,-23458.480990865173,0.014000000000000234,0.10599999999999987,0.0389999999999997,0.1589999999999998,0.08805031446541038,0.5001003649681639,0.4998996350318361,0.016013849165837347,0,4,4,2,False,False,crash
2025-04-26,4.254,4.362,4.201,4.019544911988669,4527685.25,1745711999999,19398530.3994,67971.0,2331683.29,9991996.02607,0,0.20667555151853523,0.18786910027936987,2.993907744067502,0.2870873531138227,2.859235785131202,0.1131608204315544,2.7616765296945087,0.09670259148630667,2.8920240747394077,0.005313971219471192,3.3778868540095686,-0.027292804552780048,4.062999053318985,0.0028256565804598566,0.2842354144437782,0.34012428755595925,0.3759369543019425,4.374,3.25,0.6846484982105601,59.20305258938477,0.06918698388747213,-0.05757065888385018,0.12675764277132232,2.7616765296945087,3.9210975733551123,1.6022554860339053,1.0424553871830429,5073464.9350000005,0.8924246659842145,9579.023801128838,0.009000000000000341,0.0990000000000002,0.052999999999999936,0.16100000000000048,0.055900621118014374,0.5149835205528035,0.48501647944719656,0.01501230678523866,0,5,4,2,False,False,crash
2025-04-27,4.264,4.291,4.056,4.061630363027184,5800570.8,1745798399999,23934326.15395,78025.0,2866540.67,11827166.71567,0,0.010470202960785713,0.01041577000548536,3.2192011360545214,0.22529339198701948,2.936688061689497,0.07745227655829501,2.7920934613563455,0.030416931661836788,2.907300202668365,0.015276127928957273,3.3712525876951873,-0.006634266314381243,4.074400242355031,0.0114011890360457,0.2838151454984159,0.31255866366210555,0.3750566764698582,4.374,3.25,0.7220910703088831,55.621534301622354,0.15635831277225432,-0.014784864552629277,0.1711431773248836,2.7920934613563455,4.05519458098655,1.528992341726141,1.0025476115651448,5287626.839,1.0970083511220334,-235397.31372273064,0.17400000000000038,0.027000000000000135,0.03399999999999981,0.23500000000000032,0.7404255319148942,0.49418251562415205,0.505817484375848,0.013451262417140052,0,6,4,2,False,False,crash
2025-04-28,4.09,4.267,4.009,1.8146955784323282,5819426.05,1745884799999,24277650.26853,89859.0,2889147.23,12053179.17221,0,-0.5532100619122287,-0.8056667319874655,3.130431460240618,-0.0887696758139036,2.880760133437639,-0.05592792825185766,2.7639846891833786,-0.028108772172966923,2.896905104727417,-0.010395097940948173,3.3313822596318916,-0.03987032806329571,4.0659533857178705,-0.008446856637160494,0.3298228501083403,0.3314514740390492,0.3819351842471862,4.374,3.25,-1.2769612291527332,47.229813974469586,0.04363041597330897,-0.003101808447441628,0.0467322244207506,2.7639846891833786,4.089472561096805,1.4384968172699517,0.1419095448302026,5643397.413000001,1.0311919618835461,216272.06836185866,0.15200000000000014,0.025000000000000355,0.08099999999999952,0.258,0.5891472868217059,0.49646600973647564,0.5035339902635243,0.015441213485305824,0,0,4,2,False,False,crash
2025-04-29,4.242,4.33,4.101,3.2819728005827895,3884592.85,1745971199999,16492193.97532,69421.0,1824108.69,7745743.97131,0,0.8085528171165803,0.5925269769139333,3.3017867389410727,0.17135527870045486,2.871781518839201,-0.008978614598438295,2.790529387148413,0.026544697965034558,2.8914393823419045,-0.0054657223855123505,3.3367888967512447,0.005406637119353075,4.065335317204575,-0.0006180685132957109,0.396684264531375,0.3729584631983846,0.39097777015993573,4.374,3.389,-0.10865705524589878,56.817056628384016,0.07186138160467559,0.011890829562981816,0.05997055204169377,2.790529387148413,4.136041512004538,1.445017262292288,0.6826231827851148,5732095.068,0.6776916300090925,-86995.83233144735,0.09499999999999975,0.08800000000000008,0.04600000000000026,0.2290000000000001,0.41484716157205115,0.46957525806082867,0.5304247419391713,0.017870856143907075,0,1,4,2,False,False,crash
2025-04-30,4.146,4.175,4.026,3.2255477250209403,4199576.05,1746057599999,17225903.43127,74041.0,1828310.54,7502115.20129,0,-0.017192426321092524,-0.017341932138811227,3.280678275810382,-0.02110846313069059,2.993749333382031,0.12196781454283023,2.793486592799601,0.002957205651187955,2.9073648366351783,0.015925454293273855,3.3081990076588914,-0.02858988909235327,4.06409770582981,-0.0012376113747647466,0.3624636162487013,0.3729961841726567,0.38722324682756315,4.374,3.45,-0.24291371750980514,51.555006572890115,0.0886595807684234,0.027244579804070135,0.06141500096435326,2.793486592799601,4.142731862626595,1.4442413229726068,0.6601121537660606,5764316.046,0.7285471539878853,-83039.60359295845,0.08099999999999952,0.028999999999999915,0.03900000000000059,0.14900000000000002,0.5436241610738222,0.4353559783731027,0.5646440216268973,0.017630589163875245,0,2,4,2,False,False,crash
2025-05-01,4.066,4.224,4.064,2.5582944480378225,3925860.31,1746143999999,16310211.5887,59680.0,2013583.35,8366592.61134,0,-0.20686510753108944,-0.23176196781722924,2.988428183020213,-0.292250092790169,2.991167963543857,-0.00258136983817403,2.778280141029003,-0.015206451770598317,2.884051588367271,-0.023313248267907483,3.271814002591463,-0.036385005067428366,4.059675822283058,-0.004421883546751992,0.3691056078080617,0.37631246532049006,0.38348545681339236,4.374,3.469,-1.0063044773062735,46.72405136387954,0.04758201578674104,0.03131206700060432,0.016269948786136718,2.778280141029003,4.131104602958158,1.4254556790998478,0.41869392549367557,5687046.636,0.6903161801326927,108166.38492496866,0.11099999999999977,0.0470000000000006,0.0019999999999997797,0.16000000000000014,0.6937499999999979,0.5129024445599798,0.4870975554400202,0.015201763508493251,0,3,5,2,False,False,crash
2025-05-02,4.177,4.287,4.126,2.3186152838472958,3231292.82,1746230399999,13584720.47159,56806.0,1428983.05,6008059.48027,0,-0.0936870907781383,-0.09837065815010688,2.6398251671842354,-0.34860301583597764,2.9295131516193784,-0.061654811924478636,2.7900272503808132,0.011747109351810447,2.852971952319564,-0.031079636047707027,3.2510460369383076,-0.020767965653155418,4.0527487757189204,-0.006927046564137562,0.37100429621698944,0.3701229179219441,0.38409496782895763,4.374,3.469,-1.2711433327654191,49.73512779102803,-0.004263212220222634,0.024197011156438932,-0.028460223376661566,2.7900272503808132,4.121365284189327,1.4586892165722998,0.32295557004971703,5252104.477,0.6152377269246009,-12377.468307397521,0.016000000000000014,0.11000000000000032,0.034999999999999254,0.1609999999999996,0.09937888198757798,0.4422326076904414,0.5577673923095586,0.017579960456818023,0,4,5,2,False,False,crash
2025-05-03,4.161,4.172,4.012,2.3335560819762384,2386438.85,1746316799999,9770735.75926,41297.0,1060428.58,4345441.41323,0,0.006443845269643589,0.006423172459448482,2.7435972678930174,0.10377210070878196,2.937014364066817,0.007501212447438732,2.757976715050799,-0.03205053533001401,2.8567525253296635,0.003780573010099708,3.2163522871651105,-0.03469374977319717,4.042900567524049,-0.009848208194871866,0.35939377437598163,0.3604216950535046,0.37725153245858783,4.374,3.469,-1.2546341635621676,44.51695853970982,-0.04364225069721339,0.01062915878570847,-0.05427140948292186,2.757976715050799,4.101417381195022,1.414536048906577,0.34203968073533136,4705328.65,0.5071779311313355,-76278.86735159831,0.133,0.01100000000000012,0.016000000000000014,0.16000000000000014,0.8312499999999993,0.4443560663622284,0.5556439336377716,0.017304864107454503,0,5,5,2,False,False,crash
2025-05-04,4.028,4.051,3.894,2.5136283521026517,4232639.09,1746403199999,16832510.33527,56855.0,2084252.46,8294968.27692,0,0.07716646345774292,0.07433394840135611,2.5899283781969897,-0.15366888969602766,2.9458575585690308,0.008843194502213603,2.7613801539566154,0.0034034389058161807,2.8364708491754698,-0.02028167615419374,3.179857153518985,-0.036495133646125666,4.045398076483665,0.0024975089596166455,0.359408876409332,0.3565539480898197,0.36791698134091433,4.374,3.469,-1.0556592794445838,53.065590343605464,-0.059632686636940324,-0.0034232102988212883,-0.056209476338119034,2.7613801539566154,4.101829873927254,1.420930433985977,0.40758631295048114,4468436.576,0.9472304279160031,-113486.8474975168,0.10799999999999965,0.023000000000000576,0.0259999999999998,0.15700000000000003,0.6878980891719721,0.4924238555855704,0.5075761444144297,0.013432517819514822,0,6,5,2,False,False,crash
2025-05-05,3.919,4.022,3.884,2.2147018245907106,3957728.74,1746489599999,15583547.87631,53905.0,1913418.11,7533527.60428,0,-0.11892232487825372,-0.12660948993840188,2.3877591981109436,-0.20216918008604612,2.8342187369606626,-0.11163882160836813,2.7901468508301552,0.028766696873539832,2.8415870999693618,0.0051162507938919966,3.1560662766710177,-0.023790876847967102,4.047337432391906,0.0019393559082407918,0.34531817390740016,0.3474510054262866,0.36171414279123293,4.374,3.469,-1.3859648347063973,47.69186548724147,-0.09532722198512111,-0.021804012636081255,-0.07352320934903986,2.7901468508301552,4.051576374721745,1.5287173269385652,0.271907579717906,4196581.081,0.9430840638153275,-2019.2493571426617,0.0009999999999998899,0.1030000000000002,0.03400000000000025,0.13800000000000034,0.007246376811593387,0.48346368225327135,0.5165363177467287,0.013620185601704476,0,0,5,2,False,False,crash
2025-05-06,3.918,3.977,3.823,1.7974773934964503,4277490.05,1746575999999,16647357.33486,58381.0,1904669.65,7416181.47635,0,-0.18838853450232096,-0.20873354410010148,2.2355957872026693,-0.15216341090827434,2.612011985111441,-0.22220675184922145,2.7356238851213215,-0.05452296570883375,2.811036204811936,-0.030550895157425817,3.1130742713481654,-0.0429920053228523,4.0389750300979825,-0.008362402293923488,0.3431563156335462,0.3109239843067218,0.35149549237952793,4.374,3.54,-2.089355643289629,42.9497765739552,-0.1554895365248603,-0.04854111741383707,-0.10694841911102324,2.7356238851213215,4.071335469764981,1.3999123004776621,0.14882145876006997,4171561.5609999998,1.0253930063001653,57862.93329504839,0.052999999999999936,0.005999999999999783,0.0950000000000002,0.15399999999999991,0.34415584415584394,0.44527740046993214,0.5547225995300679,0.013648424500718594,0,1,5,2,False,False,crash
2025-05-07,3.972,4.007,3.88,3.6778949160966423,2714666.36,1746662399999,10722428.10713,42851.0,1305600.71,5157361.70321,0,1.0461425158412738,0.7159563209399793,2.5074517136525385,0.2718559264498692,2.573638440418387,-0.03837354469305421,2.755163251053942,0.019539365932620623,2.8231812983186773,0.012145093506741311,3.114918235061787,0.0018439637136218323,4.045381509421834,0.006406479323851855,0.48349905987822306,0.38595441254795576,0.378458484677239,4.374,3.613,0.08527584243974029,57.65376729128664,-0.050848475896722256,-0.04900258911041411,-0.0018458867863081485,2.755163251053942,4.135529373490146,1.3747971286177378,0.8342343926168565,3862971.117,0.7027405273763013,-1367.2457114079668,0.0030000000000001137,0.0349999999999997,0.08899999999999997,0.12699999999999978,0.023622047244095425,0.4809433414130494,0.5190566585869506,0.01578499687158609,0,2,5,2,False,False,crash
2025-05-08,3.968,4.494,3.966,4.344232908597563,8866998.35,1746748799999,37857544.83749,128737.0,4463929.71,19070402.99258,0,0.18117374413951626,0.16650864251623085,2.9095870789768035,0.40213536532426497,2.8265921734349106,0.2529537330165237,2.8536761534362745,0.09851290238233235,2.8497565206192608,0.026575222300583512,3.132634383441014,0.017716148379226748,4.054303933809584,0.008922424387749928,0.4301369854125389,0.37788639749126224,0.37859902441257487,4.494,3.645,0.823595887629639,59.81913435726209,0.08486989836638514,-0.02222809161505426,0.1070979899814394,2.8536761534362745,4.391716085223419,1.31563622164913,0.9845637373762194,4167728.347,2.127537500466558,1087988.963580248,0.48800000000000043,0.03799999999999937,0.0019999999999997797,0.5279999999999996,0.9242424242424258,0.503431886845902,0.49656811315409793,0.014518667413533465,0,3,5,2,False,False,crash
2025-05-09,4.455,4.863,4.434,3.7327074390610697,11614442.99,1746835199999,54075725.50422,195060.0,5552111.06,25837698.57125,0,-0.1407671923681253,-0.1517153720274338,3.1534028963684873,0.2438158173916838,2.8716656372827387,0.045073463847828066,2.87172357806097,0.01804742462469555,2.8412162042727402,-0.008540316346520527,3.1180544337787177,-0.014579949662296254,4.056383003309895,0.0020790695003105597,0.3689074913919846,0.3729252923052376,0.37708045885244745,4.863,3.689,0.03722950516275098,52.11878171338649,0.14145212110674743,0.010507950929306082,0.13094417017744134,2.87172357806097,4.44346176978397,1.2999853863379698,0.7738954443984898,4940713.361,2.3507623578570116,894020.185271543,0.3440000000000003,0.06400000000000006,0.020999999999999908,0.42900000000000027,0.801864801864802,0.47803506933396206,0.521964930666038,0.01679460652292547,0,4,5,2,False,False,crash
2025-05-10,4.799,5.323,4.797,2.6299933569289284,11854751.74,1746921599999,59975887.70994,226499.0,5775502.12,29249698.39611,0,-0.2954193705600242,-0.3501525050226192,3.236461202836131,0.08305830646764356,2.8121102004735374,-0.05955543680920128,2.902929766927784,0.03120618886681381,2.8292969865819186,-0.011919217690821604,3.116986287807765,-0.0010681459709527275,4.055725912814851,-0.0006570904950438106,0.385054563900648,0.36643464051159835,0.3783045531239738,5.323,3.689,-0.6481068807044501,42.97625518693392,0.09620513668929043,0.027647388081302952,0.06855774860798747,2.902929766927784,4.426324059423909,1.3795354744316595,0.41041832986270366,5706230.930000001,2.0775099860881374,1259829.8369243578,0.5099999999999998,0.014000000000000234,0.002000000000000668,0.5260000000000007,0.969581749049428,0.4871887869665333,0.5128112130334667,0.019106178262320996,0,5,5,2,False,False,crash
2025-05-11,5.309,5.362,4.954,4.726762418342713,8101384.06,1747007999999,41321350.97102,158765.0,3867634.6,19737219.36435,0,0.7972526074598929,0.586259169686129,3.8223182078053837,0.5858570049692529,3.0289569975040265,0.21684679703048904,3.010062480523942,0.10713271359615817,2.8540323610262863,0.024735374444367686,3.1311005670831826,0.01411427927541764,4.0694132865689205,0.013687373754069476,0.44382194743166453,0.3987738417238562,0.39246256675818736,5.362,3.689,0.6203003098282804,52.78379518924244,0.22692249411957066,0.0675024092889565,0.15942008483061415,3.010062480523942,4.727995035885372,1.2921299251625122,0.9996412497281072,6123783.305,1.3229377423243098,-323506.0125673379,0.21199999999999974,0.052999999999999936,0.14300000000000068,0.40800000000000036,0.5196078431372538,0.47740417826827486,0.5225958217317251,0.019597268667201045,0,6,5,2,False,False,crash
2025-05-12,5.097,5.4,4.89,3.4647411343397696,9921543.44,1747094399999,51272954.62515,221378.0,4981305.52,25772689.68772,0,-0.2669948629331429,-0.3106025688432943,3.7796874514540093,-0.042630756351374366,3.143569582553274,0.11461258504924743,3.036541367086326,0.026478886562383952,2.8772495235365705,0.02321716251028416,3.115294063410898,-0.015806503672284755,4.066587454096582,-0.0028258324723386963,0.45660113487953347,0.4066243097311388,0.3910309377669874,5.4,3.823,-0.2271774671276032,57.52649219822184,0.22607630427559977,0.09921718828628515,0.12685911598931462,3.036541367086326,4.765900143014228,1.3071825911584232,0.6238030457340148,6792808.367000001,1.460595221293102,-56449.82534039796,0.029000000000000803,0.30299999999999994,0.17799999999999994,0.5100000000000007,0.056862745098040714,0.5020696175070116,0.49793038249298843,0.022312859016217743,0,0,5,2,False,False,crash
2025-05-13,5.069,5.273,4.823,2.5515519307972,6748215.11,1747180799999,33947513.86252,129114.0,3255718.69,16387138.50751,0,-0.26356635839017273,-0.3059361467858826,3.4211512558939363,-0.358536195560073,3.16536916743537,0.021799584882096212,3.051191765751094,0.014650398664767916,2.859325405031622,-0.01792411850494835,3.117490204045989,0.002196140635091215,4.070065660635264,0.003478206538682471,0.4711420935319946,0.40798932717698944,0.3890576344261253,5.4,3.823,-0.8062448124304372,46.4908905148571,0.14998996489273253,0.10937174360757464,0.04061822128515789,3.051191765751094,4.757611874189608,1.34477165731258,0.3535999920291912,7228985.992999999,0.9334940082239002,169104.83799723812,0.12600000000000033,0.0779999999999994,0.24599999999999955,0.4499999999999993,0.2800000000000012,0.48245626983280915,0.5175437301671909,0.01913305931944425,0,1,5,2,False,False,crash
2025-05-14,5.194,5.267,4.947,4.144146063473369,5284499.6,1747267199999,26933285.50359,108903.0,2383257.42,12156512.93212,0,0.6241668505561566,0.4849949769522877,3.5034389807763957,0.08228772488245939,3.3284209385724415,0.16305177113707137,3.137139248570736,0.08594748281964204,2.870872096988202,0.011546691956579647,3.1081716297430724,-0.009318574302916716,4.077957932437475,0.00789227180221097,0.5012134840027996,0.4262813258549343,0.3971453674432506,5.4,3.823,0.20364366738958076,53.84554624483271,0.2157134193801209,0.1306400787620839,0.08507334061803701,3.137139248570736,4.883493046906454,1.3907854502350174,0.7883169538332708,7334172.044,0.7205311749297164,-218704.0257940325,0.21399999999999952,0.0730000000000004,0.03300000000000036,0.3200000000000003,0.668749999999998,0.45099017889981485,0.5490098211001851,0.020608006101467017,0,2,5,2,False,False,crash
2025-05-15,4.981,5.028,4.679,2.2366972100090594,7496534.85,1747353599999,36075159.04859,128537.0,3805301.12,18316547.80885,0,-0.46027548842368815,-0.6166964333491889,3.4247797513924225,-0.07865922938397318,3.3306204771142767,0.0021995385418351887,3.08241960703747,-0.05471964153326603,2.824781988892425,-0.04609010809577674,3.0982507624267273,-0.009920867316345117,4.074220579715042,-0.0037373527224335845,0.5313341165005261,0.43864655442725664,0.40302861035163695,5.4,3.823,-1.0058990424799874,48.78033740237371,0.11258671969211731,0.1270294069480906,-0.01444268725597328,3.08241960703747,4.871251288050376,1.293587926024563,0.26361040392868906,7688052.654999999,0.9750889056573456,-302570.9849096391,0.20199999999999996,0.04699999999999971,0.09999999999999964,0.3489999999999993,0.5787965616045856,0.5076080077183928,0.49239199228160724,0.01714618854869994,0,3,5,2,False,False,crash
2025-05-16,4.778,4.956,4.711,2.928335686359611,4420510.08,1747439999999,21419277.14438,86430.0,2165355.68,10500415.55329,0,0.30922311399840763,0.2694339185443465,3.0650944049958015,-0.359685346396621,3.4437063064005926,0.11308582928631594,3.027859145756017,-0.05456046128145298,2.8298250783765497,0.005043089484124685,3.085633308225364,-0.012617454201363287,4.079215041161458,0.004994461446416132,0.5242318874424775,0.4410729928540607,0.3988400774228661,5.4,3.823,-0.5673204271657506,52.23573058977615,0.08567984802501138,0.11875949516347475,-0.03307964713846337,3.027859145756017,4.7620730801066244,1.2936452114054091,0.47130588751909863,7702354.658,0.573916714599563,-22199.673973634883,0.022999999999999687,0.17800000000000082,0.043999999999999595,0.2450000000000001,0.09387755102040685,0.4898429459072742,0.5101570540927258,0.01955204228377192,0,4,5,2,False,False,crash
2025-05-17,4.755,4.768,4.557,2.097034902365479,3799964.46,1747526399999,17716336.13431,82251.0,1912931.09,8920381.12533,0,-0.2838816560090389,-0.3339098407759592,2.7915531586009434,-0.2735412463948581,3.2856203050274764,-0.15808600137311624,2.9296293727229314,-0.09822977303308544,2.831265880532127,0.001440802155577181,3.087025640551705,0.0013923323263411724,4.07677625929193,-0.0024387818695279506,0.4333187314961402,0.4477698787111395,0.39953250549412545,5.4,3.823,-1.0944610638139,49.18171107015571,-0.0026920353151309584,0.09446918906775362,-0.09716122438288458,2.9296293727229314,4.639685354212102,1.2195733912337607,0.2565592941488375,7810884.468,0.48649605247240224,-114278.63675709767,0.1429999999999998,0.0129999999999999,0.054999999999999716,0.2109999999999994,0.6777251184834132,0.5034076266071184,0.49659237339288165,0.02164520243960387,0,5,5,2,False,False,crash
2025-05-18,4.613,4.921,4.508,2.255397829273394,4741500.76,1747612799999,22382505.92091,94925.0,2319304.14,10943774.10885,0,0.07551754466712968,0.07280198262572009,2.732322338296183,-0.059230820304760456,3.0767367970950597,-0.20888350793241672,2.951664485264985,0.022035112542053703,2.824575777992307,-0.006690102539820053,3.06474126572657,-0.022284374825135345,4.067643224544264,-0.00913303474766547,0.4302317547365604,0.42481812551264836,0.39839479890984114,5.4,3.823,-0.9940406916465477,49.1052595326112,-0.05926564734891082,0.06372222178442073,-0.12298786913333155,2.951664485264985,4.611860055165935,1.291468915364035,0.2903058324528804,7398334.708999999,0.6408875708518583,186082.31516912425,0.17999999999999972,0.1280000000000001,0.10500000000000043,0.41300000000000026,0.43583535108958743,0.48914979821705235,0.5108502017829477,0.020020032644685267,0,6,5,2,False,False,crash
2025-05-19,4.794,4.821,4.412,4.185684809142832,5563926.25,1747699199999,25288508.28723,109919.0,2607074.92,11858418.45071,0,0.8558521050325323,0.618343946400501,2.740630087430075,0.008307749133892095,3.1220345341032356,0.045297737008175964,2.9968500856929867,0.04518560042800157,2.862881302645698,0.03830552465339121,3.0833968964828613,0.018655630756291508,4.068907543847394,0.0012643193031296462,0.5011376007747469,0.4291995360466676,0.41271262513952045,5.4,3.823,0.22998402608930374,56.13561106451421,0.05106869657260038,0.06119151674205667,-0.010122820169456287,2.9968500856929867,4.741921468691929,1.2517787026940446,0.8406263878463262,6793283.034999999,0.8190334807682572,-228686.30737533906,0.1979999999999995,0.027000000000000135,0.18400000000000016,0.4089999999999998,0.4841075794621017,0.4685674832587869,0.5314325167412131,0.019755653662735014,0,0,5,2,False,False,crash
2025-05-20,4.597,4.727,4.519,3.4201273027771486,4133769.06,1747785599999,19064153.19373,87956.0,1916822.25,8846474.88771,0,-0.18289898577491281,-0.2019925513425979,2.9773161059836926,0.23668601855361748,3.2010479286880575,0.07901339458482193,3.0065790645807975,0.009728978887810769,2.8698394466856114,0.00695814403991335,3.0736432531163014,-0.009753643366559928,4.076539249031523,0.007631705184128812,0.4922275645292769,0.4327964104384994,0.4125795933303142,5.4,3.823,-0.25546778517618973,54.944039200501464,0.07586088920475431,0.0641253912345962,0.011735497970158118,3.0065790645807975,4.7591723345687225,1.253985794592873,0.6179818059552403,6021184.766999999,0.6865374872160938,72853.63225848497,0.07999999999999918,0.05000000000000071,0.07800000000000029,0.20800000000000018,0.38461538461538036,0.46369843650627157,0.5363015634937284,0.021277434400266183,0,1,5,2,False,False,crash
2025-05-21,4.677,4.877,4.612,3.025952820196398,6374820.22,1747871999999,30074951.66896,127248.0,3202320.24,15115669.16237,0,-0.11525140665398048,-0.12245174964647522,2.9968395327510504,0.019523426767357854,3.030966968873426,-0.17008095981463134,3.029961983188726,0.023382918607928627,2.8765578420494378,0.006718395363826346,3.0602079402404057,-0.013435312875895722,4.082204290289059,0.005665041257536529,0.43394823261697935,0.4301488799649049,0.41249148099289223,5.4,3.823,-0.5054198984169953,47.81578150400401,0.06297634192487456,0.06389558137265186,-0.0009192394477773036,3.029961983188726,4.769804751938287,1.2901192144391649,0.49884783755626105,5848528.382999999,1.089987053585955,85869.93240538937,0.06300000000000061,0.13699999999999957,0.0649999999999995,0.2649999999999997,0.23773584905660636,0.5023389098806618,0.49766109011933823,0.01996103350503585,0,2,5,2,False,False,crash
2025-05-22,4.741,4.977,4.732,2.275725835383157,4934402.45,1747958399999,24070590.66579,94638.0,2429196.24,11853524.40016,0,-0.24793082688068746,-0.28492697373170606,3.032577719354586,0.03573818660353556,2.912065438977765,-0.11890152989566127,3.0278175107655194,-0.0021444724232067003,2.8485593924413375,-0.027998449608100273,3.0619869817536545,0.0017790415132488135,4.07736737882645,-0.00483691146260945,0.43254207092745395,0.43474992917020955,0.4127818936293401,5.4,3.823,-0.9811503897380106,43.10856466787064,-0.007683234839903186,0.049579818130140854,-0.05726305297004404,3.0278175107655194,4.7714535875714645,1.2841814339595747,0.2843323829476873,5349814.284,0.9223502327468832,216530.74042194136,0.20700000000000074,0.028999999999999915,0.008999999999999453,0.2450000000000001,0.8448979591836762,0.4922979559561462,0.5077020440438538,0.019179221994752374,0,3,5,2,False,False,crash
2025-05-23,4.948,5.12,4.531,3.945225836357609,10214231.78,1748044799999,49463918.76731,184794.0,4891652.63,23761673.41517,0,0.7336120964208168,0.5502071488465045,3.3705433207714286,0.3379656014168426,3.051432829533806,0.13936739055604086,3.108400998484588,0.08058348771906854,2.8910452789137286,0.042485886472391154,3.074683919500509,0.012696937746854431,4.078849615120777,0.0014822362943274214,0.4703546274411214,0.458855387193175,0.4151916614383807,5.4,3.823,0.07750528621281494,50.66140061155843,0.0702237433832602,0.05370860318076473,0.016515140202495476,3.108400998484588,4.865853238405422,1.3509487585637538,0.7380789699043875,5696415.950999999,1.7930979527937918,-798889.9957275675,0.38700000000000045,0.1719999999999997,0.03000000000000025,0.5890000000000004,0.6570458404074706,0.4789055834407549,0.5210944165592452,0.018091815809568403,0,4,5,2,False,False,crash
2025-05-24,4.562,4.633,4.511,2.3774505808684894,3091142.26,1748131199999,14183295.70758,67200.0,1465635.62,6727448.52337,0,-0.3973854274807631,-0.5064774698381466,3.0088964751165603,-0.36164684565486827,2.8747632812733177,-0.17666954826048809,3.10159210992288,-0.006808888561708137,2.9024886857242818,0.011443406810553114,3.05796820825045,-0.016715711250058884,4.080030345802255,0.0011807306814777263,0.4621616618396111,0.4725336451313372,0.42063143023673605,5.4,3.823,-0.9166451611487065,49.23614684604623,0.0053970108594469934,0.04404628471650118,-0.03864927385705419,3.10159210992288,4.869769231139629,1.3334149887061308,0.29522935786091337,5477080.217,0.5643777592312009,-10843.735180881244,0.017000000000000348,0.07099999999999973,0.03399999999999981,0.12199999999999989,0.13934426229508495,0.4741404622380596,0.5258595377619404,0.021739536503894197,0,5,5,2,False,False,crash
2025-05-25,4.546,4.564,4.35,3.8386124694375168,3942315.1,1748217599999,17574502.99951,84934.0,1799403.37,8026332.14822,0,0.6145919079568252,0.47908223617185824,3.0925935084486342,0.0836970333320739,3.0349548072161636,0.1601915259428459,3.1827876421652204,0.08119553224234055,2.9059483795415013,0.0034596938172195557,3.0544632163102614,-0.0035049919401886065,4.082611233498294,0.0025808876960384808,0.4608047286717402,0.48434957787002514,0.40527587245437796,5.4,3.823,0.009900107442940275,47.20623904322048,0.07110525414276969,0.049458078601754885,0.021647175541014807,3.1827876421652204,4.928483668033191,1.437091616297249,0.6878404995927674,5121658.242000001,0.7697341200299479,-19082.713355335647,0.023000000000000576,0.017999999999999794,0.17300000000000004,0.2140000000000004,0.10747663551402117,0.4564331679119206,0.5435668320880794,0.0215441936642761,0,6,5,2,False,False,crash
2025-05-26,4.523,4.617,4.426,4.187329768241703,3794527.16,1748303999999,17172749.48579,73519.0,1786371.24,8085237.09258,0,0.0908446220035557,0.0869522787466224,3.3248688980576953,0.23227538960906102,3.1608542154043726,0.125899408188209,3.302280260902483,0.11949261873726247,2.9479851132610846,0.042036733719583275,3.046344221331101,-0.008118994979160465,4.093369726091671,0.010758492593377689,0.45684863634721357,0.4789950950598201,0.3987408896443665,5.4,3.88,0.20219063700112055,52.411533105645894,0.14959365942157277,0.06948519476571846,0.0801084646558543,3.302280260902483,4.974332897905411,1.6302276238995548,0.7646595830038067,5059059.95,0.7500458973608328,-46141.718726508516,0.054999999999999716,0.0940000000000003,0.041999999999999815,0.19099999999999984,0.2879581151832448,0.4707757158338537,0.5292242841661463,0.019375009559820886,0,0,5,2,False,False,crash
2025-05-27,4.468,4.614,4.373,3.882542093176206,3874357.43,1748390399999,17567270.89795,74880.0,1909084.52,8662571.58012,0,-0.07278807544061194,-0.07557312621165456,3.646232149616305,0.3213632515586098,3.339404934485445,0.17855071908107245,3.3125126197564603,0.010232358853977441,2.9565701205288004,0.008585007267715827,3.0615458250269465,0.015201603695845556,4.101329335540548,0.007959609448876748,0.441007735057249,0.4296128022310055,0.39056175806173526,5.4,3.966,-0.05819937714351073,54.630003422284496,0.1850691064647365,0.09260197710552207,0.09246712935921444,3.3125126197564603,4.996704351606853,1.6283208879060678,0.6692293883884182,5066499.2469999995,0.7647010768419839,58098.018757833364,0.06700000000000017,0.07899999999999974,0.09499999999999975,0.24099999999999966,0.27800829875518784,0.49274868271511024,0.5072513172848898,0.01932707587074639,0,1,5,2,False,False,crash
2025-05-28,4.536,4.661,4.419,2.838402689762662,4289732.2,1748476799999,19466976.74673,82731.0,2100431.83,9536611.87762,0,-0.2689318952262436,-0.3132486569869292,3.4248675202973153,-0.2213646293189897,3.397705420534372,0.0583004860489269,3.2372211088147154,-0.07529151094174491,2.96580075388622,0.009230633357419471,3.0512125688549205,-0.010333256172025962,4.1055710829688605,0.0042417474283125145,0.4592790848475453,0.435656885840355,0.38976088112843127,5.4,4.35,-1.4396164859403207,45.27762763829139,0.12746103870243486,0.09957378942490464,0.027887249277530224,3.2372211088147154,4.860754665090061,1.6136875525393695,0.3771758004290935,5021322.391,0.8543032822765433,49187.668004410196,0.051000000000000156,0.07399999999999984,0.11699999999999999,0.242,0.21074380165289322,0.4896417146972485,0.5103582853027515,0.019285819287273923,0,2,5,2,False,False,crash
2025-05-29,4.588,4.682,4.33,3.706399709229151,4814923.2,1748563199999,21822337.54306,85482.0,2416497.31,10963114.66907,0,0.30580474807084834,0.2668195159032005,3.6906573459694476,0.2657898256721323,3.349776910543004,-0.047928509991367996,3.23590572232312,-0.0013153864915955715,2.984907171245161,0.01910641735894103,3.0539327271542067,0.0027201582992861795,4.102825800557049,-0.0027452824118112673,0.38590328735223184,0.4365249440927504,0.39101814256764444,5.4,4.33,-0.5828040100662137,55.74747932071587,0.1501158927070474,0.10968221008133319,0.0404336826257142,3.23590572232312,4.857790784800583,1.6140206598456563,0.6450454159147819,4946422.085999999,0.9734153528118468,-267670.6814911708,0.2560000000000002,0.0940000000000003,0.0019999999999997797,0.3520000000000003,0.7272727272727273,0.5018766052177115,0.49812339478228856,0.017753554199992222,0,3,5,2,False,False,crash
2025-05-30,4.333,4.358,4.008,2.15626524009257,8486843.25,1748649599999,35385205.26849,139910.0,4049401.9,16888344.75924,0,-0.4182318667025189,-0.5416833070277081,3.3541879001004586,-0.33646944586898897,3.2233907042745464,-0.12638620626845753,3.2122193164813018,-0.023686405841818026,2.9647044038070685,-0.02020276743809246,3.046329042055728,-0.007603685098478863,4.0996781020690705,-0.0031476984879788006,0.4079562563675445,0.44286581781178863,0.39688438658605457,5.4,4.008,-1.3302692240714291,47.170684899893814,0.04249724924441489,0.09624521791394955,-0.05374796866953466,3.2122193164813018,4.884419307691438,1.5400193252711654,0.18426202549356566,5381729.505,1.5769732094701405,-554426.7404778383,0.2839999999999998,0.024999999999999467,0.04100000000000037,0.34999999999999964,0.8114285714285717,0.47713876416887985,0.5228612358311201,0.016485517156217065,0,4,5,2,False,False,crash
2025-05-31,4.049,4.121,3.895,3.803189000014218,5429234.96,1748735999999,21774544.9834,90597.0,2624912.27,10524878.68956,0,0.7637853309043483,0.5674622556805545,3.2773597464549615,-0.07682815364549711,3.3011143222563284,0.07772361798178196,3.1660406455648773,-0.04617867091642447,2.9835197141383576,0.018815310331289137,3.040706802470587,-0.0056222395851408535,4.092428939670506,-0.007249162398564657,0.4656214254625064,0.4400331562756565,0.4084612014093207,5.4,3.895,-0.0610039867015162,55.899668427038314,0.08907488265924268,0.09481115086300818,-0.005736268203765493,3.1660406455648773,4.70808002091524,1.6240012702145141,0.7065927643075185,5287170.979,1.0268695643784285,36203.83895282682,0.026999999999999247,0.04500000000000082,0.15400000000000036,0.22600000000000042,0.119469026548669,0.48347737560431536,0.5165226243956846,0.016686881423897706,0,5,5,2,False,False,crash
2025-06-01,4.077,4.102,3.971,3.3218017798022594,2555495.93,1748822399999,10339304.6365,50061.0,1360590.11,5508512.59739,0,-0.12657462466634162,-0.13533258484498342,3.1652116837801723,-0.11214806267478927,3.4057219166982384,0.10460759444191003,3.1588936778380017,-0.007146967726875619,3.008282287798181,0.024762573659823595,3.0383722822553576,-0.0023345202152293965,4.084625870779322,-0.007803068891183429,0.4567431007928515,0.43547379434270983,0.40643840925184316,5.273,3.895,-0.4159638753249207,53.60691519424113,0.0861509723814815,0.09307911516670285,-0.0069281427852213445,3.1588936778380017,4.696422370449193,1.62136498522681,0.5529772558870399,5049280.327,0.5061109236369796,-6269.617100098041,0.01100000000000012,0.025000000000000355,0.09499999999999975,0.13100000000000023,0.08396946564885574,0.5324172478725098,0.4675827521274902,0.019589544014652373,0,6,6,2,False,False,crash
2025-06-02,4.066,4.171,3.952,3.682883533479046,3601436.52,1748908799999,14548595.17963,59863.0,1698283.22,6865450.86227,0,0.10870057204264638,0.10318867375404642,3.3341078525234487,0.1688961687432764,3.379487686410382,-0.02623423028785643,3.2154602579720937,0.05656658013409199,3.0224486226962313,0.014166334898050081,3.036146589425033,-0.0022256928303248102,4.0832696214229065,-0.0013562493564158729,0.40348140345427413,0.42805325478961476,0.4033592506991143,5.267,3.895,-0.15460383857212376,48.09740487757915,0.11168262448130939,0.09679981702962416,0.014882807451685229,3.2154602579720937,4.742113259887175,1.6888072560570127,0.6530875958454876,4388000.801,0.820746550269374,72631.03655681224,0.08199999999999985,0.023000000000000576,0.11399999999999988,0.2190000000000003,0.37442922374429105,0.47155717185874485,0.5284428281412552,0.016621978387668487,0,0,6,2,False,False,crash
2025-06-03,4.149,4.223,4.097,2.1306403349734455,3668892.34,1748995199999,15293548.21726,59104.0,1744469.47,7273771.28714,0,-0.4214749623209697,-0.5472734529409274,3.018955977672308,-0.3151518748511406,3.354806661820878,-0.02468102458950394,3.1147849715470977,-0.10067528642499601,3.0161502379159737,-0.006298384780257571,3.013161543474906,-0.022985045950126626,4.068755342784969,-0.01451427863793775,0.40657553295703325,0.4239075013046585,0.4079015965921504,5.12,3.895,-1.4402936041033096,45.39477177199368,0.006587650895470976,0.07875738380279353,-0.07216973290732255,3.1147849715470977,4.649118104130329,1.5804518389638667,0.1792923858338611,4445775.809,0.8252535659968993,-9729.463775313403,0.012000000000000455,0.07399999999999984,0.03999999999999915,0.12599999999999945,0.09523809523809927,0.4754757862423404,0.5245242137576596,0.016109494234982105,0,1,6,2,False,False,crash
2025-06-04,4.137,4.214,3.985,2.931844677963143,5036516.92,1749081599999,20666912.36441,66246.0,2577645.97,10586914.66578,0,0.3760392262543377,0.31920924655710253,3.1740718652464226,0.15511588757411454,3.2641298826734406,-0.09067677914743744,3.149542344944802,0.03475737339770424,3.041999773732838,0.025849535816864222,3.020412362140636,0.007250818665729852,4.061353144924941,-0.007402197860027826,0.37611947108868926,0.4127391615618642,0.40604932982746017,5.12,3.895,-0.786249242479067,49.67340073746453,-0.011913052056027329,0.06062329663102936,-0.07253634868705669,3.149542344944802,4.630695082526777,1.6683896073628273,0.4265107299679785,4555195.990999999,1.1056641536282912,-159483.61530577627,0.13099999999999934,0.07700000000000085,0.02100000000000035,0.22900000000000054,0.5720524017467207,0.5117913849875442,0.4882086150124558,0.013153137585408927,0,2,6,2,False,False,crash
2025-06-05,4.006,4.078,3.742,3.3043906139752326,6640572.84,1749167999999,26049696.81582,107730.0,3218645.46,12633001.86266,0,0.12706878328592452,0.11962026539216666,3.0743121880386255,-0.0997596772077971,3.175835967246793,-0.08829391542664755,3.168345091325583,0.018802746380781166,3.0503288518588803,0.008329078126042333,3.024271810608189,0.0038594484675531504,4.058856238060705,-0.0024969068642359815,0.37690441726309004,0.40952657857791047,0.3941349910238178,5.12,3.742,-0.3175684949381476,53.666051903185014,0.0034466206075070005,0.04918796142632489,-0.04574134081881789,3.168345091325583,4.647220093154327,1.6894700894968393,0.5459962885576599,4839800.559,1.372075720692936,-318270.09118322516,0.19200000000000017,0.07200000000000006,0.07200000000000006,0.3360000000000003,0.5714285714285714,0.4846939469758154,0.5153060530241845,0.016222998014731514,0,3,6,2,False,False,crash
2025-06-06,3.814,3.992,3.802,1.6948220416426356,3530206.93,1749254399999,13806599.21622,58440.0,1799715.69,7039230.19222,0,-0.48709997102801994,-0.6676743281003102,2.7489162404067002,-0.32539594763192525,2.9570639620934367,-0.21877200515335637,3.1482344482894407,-0.020110643036142406,3.0184831407428483,-0.03184571111603196,3.004682770529897,-0.019589040078292097,4.053266275117719,-0.005589962942986304,0.41153586103846457,0.42127366069807815,0.40177001400704926,5.12,3.742,-1.485615354395765,41.945392589268316,-0.11295735809696827,0.016758897521666254,-0.12971625561863454,3.1482344482894407,4.697703928644572,1.5987649679343099,0.03099676209379416,4805385.509000001,0.7346355299461989,64791.42241740916,0.06999999999999984,0.1080000000000001,0.01200000000000001,0.18999999999999995,0.3684210526315782,0.5098045881406731,0.4901954118593269,0.0165542703753063,0,4,6,2,False,False,crash
2025-06-07,3.886,4.058,3.868,3.053524136287029,2274474.36,1749340799999,9105229.27172,34519.0,1179050.65,4717325.26831,0,0.8016783244850463,0.5887186329766216,2.623044360968297,-0.12587187943840306,2.978576106745873,0.021512144652436227,3.1881407636401224,0.03990631535068179,3.032074126249571,0.013590985506722664,2.991142858789671,-0.013539911740226174,4.0472761893973805,-0.005990085720338101,0.47007797960729747,0.45231656503642437,0.4122571782734169,5.12,3.742,-0.4996196398497611,52.45655646962194,-0.09448330129155469,-0.005489542240977934,-0.08899375905057676,3.1881407636401224,4.680861837452587,1.6954196898276577,0.4549089814183176,4603859.725,0.4940364163680074,86083.34987641596,0.14499999999999957,0.027000000000000135,0.018000000000000238,0.18999999999999995,0.76315789473684,0.5183837948386457,0.4816162051613543,0.015176693396534926,0,5,6,2,False,False,crash
2025-06-08,4.031,4.112,3.977,3.9542629653138843,2726928.43,1749427199999,11047026.10726,38159.0,1313494.43,5323800.54109,0,0.29498336637421185,0.2584978505703317,2.987768887036385,0.36472452606808803,3.003362432354346,0.02478632560847327,3.1765696714486755,-0.011571092191446919,3.043724206624505,0.011650080374934202,2.9982061172021703,0.00706325841249944,4.045689287766073,-0.0015869016313079243,0.4695713459230233,0.419297847405039,0.4105170248095455,5.12,3.742,0.154036984988305,50.43806436619014,-0.007078782660765448,-0.005807390324935437,-0.001271392335830011,3.1765696714486755,4.640033354608575,1.7131059882887758,0.7657029698837553,4395060.248000001,0.6204530259263012,-4058.935891837759,0.005999999999999339,0.0810000000000004,0.04800000000000049,0.13500000000000023,0.04444444444443947,0.481675432163799,0.5183245678362011,0.013993399892787065,0,6,6,2,False,False,crash
2025-06-09,4.026,4.162,3.963,2.1404604670406844,4628656.78,1749513599999,18745020.62485,56359.0,2167938.88,8790196.40432,0,-0.4586954671916269,-0.6137732512841476,2.8294920448518934,-0.15827684218449178,3.001781955049158,-0.0015804773051883991,3.112586329661852,-0.06398334178682363,3.0464160243734657,0.0026918177489605455,2.9914611909852535,-0.006744926216916802,4.036790770960373,-0.008898516805699863,0.4746976360157407,0.4325157105978685,0.4118679632775131,5.12,3.742,-1.1622202706526237,43.021365623087576,-0.08320958664235967,-0.021287829588420282,-0.06192175705393939,3.112586329661852,4.641639898295189,1.5835327610285144,0.1821151715796164,4009241.6010000007,1.154496845200225,144897.08180869502,0.125,0.01100000000000012,0.06299999999999972,0.19899999999999984,0.6281407035175884,0.46837321993012404,0.531626780069876,0.012176102631658076,0,0,6,2,False,False,crash
2025-06-10,4.152,4.317,4.097,1.9006682858004171,6662210.27,1749599999999,28115017.89895,88726.0,3336413.93,14082926.29038,0,-0.11202831583794415,-0.11881542370326677,2.54874757921693,-0.28074446563496336,2.811529883627778,-0.19025207142138,3.056322102942053,-0.056264226719799026,3.032747227161083,-0.013668797212382788,2.9877899052687384,-0.0036712857165150936,4.0172970796032175,-0.019493691357155285,0.41525079911670243,0.4324475167610521,0.4115361728240961,5.12,3.742,-1.336234915964864,43.21288239462363,-0.1610366915514665,-0.04923760198102953,-0.11179908957043697,3.056322102942053,4.678760137812396,1.43388406807171,0.14385271045683115,4132539.132,1.612134829749508,229510.01411948967,0.14199999999999946,0.023000000000000576,0.054999999999999716,0.21999999999999975,0.6454545454545437,0.5007968519132315,0.49920314808676847,0.013317802411541119,0,1,6,2,False,False,crash
2025-06-11,4.295,4.346,4.146,3.2644572616292487,5328497.22,1749686399999,22710210.94322,76185.0,2500874.07,10672111.99322,0,0.7175312946596082,0.5408879660019952,2.862674623214253,0.31392704399732274,2.8057954318104765,-0.005734451817301256,3.105758674254358,0.049436571312305055,3.039333104331826,0.006585877170742993,2.998905875762044,0.011115970493305483,3.9942506687417665,-0.023046410861450983,0.4669233868855998,0.449768961177921,0.4216091286262659,5.12,3.742,-0.3465477056391519,51.42780535391204,-0.11138488460158369,-0.06166705850514037,-0.04971782609644332,3.105758674254358,4.687799981214834,1.5237173672938817,0.55015627173471,4409839.261,1.208320055364485,-130296.27575686925,0.10599999999999987,0.051000000000000156,0.04300000000000015,0.20000000000000018,0.5299999999999989,0.46933947166439544,0.5306605283356045,0.014297652199957421,0,2,6,2,False,False,crash
2025-06-12,4.188,4.204,3.907,2.547369003240205,5999705.47,1749772799999,24319792.4322,82855.0,2941965.33,11934310.5363,0,-0.219665384141422,-0.24803245659992884,2.7614435966048876,-0.10123102660936523,2.6922439787865926,-0.11355145302388392,3.0358658325984877,-0.06989284165587017,3.045109605246594,0.00577650091476789,2.981117102058365,-0.017788773703678817,3.977411461228532,-0.016839207513234644,0.4772589195785996,0.4301270941762688,0.4214492187658061,4.682,3.742,-1.2708840391061642,46.07613737573088,-0.12841817458810523,-0.07501728172173334,-0.05340089286637188,3.0358658325984877,4.584920113361581,1.4868115518353946,0.3423241730697649,4649666.156,1.2903518809103935,-386708.1587252325,0.2689999999999997,0.016000000000000014,0.01200000000000001,0.2969999999999997,0.9057239057239056,0.49035162554404527,0.5096483744559547,0.013809844568920149,0,3,6,2,False,False,crash
2025-06-13,3.919,3.919,3.664,1.79539093106383,9117736.81,1749859199999,34520828.85073,136245.0,4438620.61,16802429.93665,0,-0.29519793607438627,-0.3498382759796455,2.3296691897548767,-0.4317744068500109,2.658719038395631,-0.03352494039096143,3.0067628501082546,-0.02910298249023313,3.03251349572626,-0.012596109520333965,2.9554862635818147,-0.025630838476550455,3.9471452957308304,-0.030266165497701447,0.4645516867388441,0.42497266558912167,0.4247642983871396,4.682,3.664,-1.8355688299962374,48.708473642352125,-0.20028674458491302,-0.10007117429436929,-0.10021557029054373,3.0067628501082546,4.628086623636989,1.3854390765795208,0.12642504266500348,5194550.602999999,1.7552503588538055,-188450.28874968117,0.08099999999999996,0.0,0.17399999999999993,0.2549999999999999,0.3176470588235294,0.4868116619830355,0.5131883380169645,0.014942852907376254,0,4,6,2,False,False,crash
2025-06-14,3.838,3.846,3.716,2.1070921149515742,2930108.58,1749945599999,11099648.82719,39568.0,1329309.06,5037314.76827,0,0.17361187387921717,0.16008606527944905,2.322995519337055,-0.006673670417821853,2.5762437820944744,-0.08247525630115682,2.920186832383957,-0.08657601772429757,3.008033537211803,-0.024479958514456612,2.94737182036587,-0.008114443215944789,3.935357341659723,-0.011787954071107443,0.45424642988181124,0.40603037266203446,0.4228031196604945,4.682,3.664,-1.5293790619336205,43.288431962035666,-0.22944650704054137,-0.12594624084360373,-0.10350026619693764,2.920186832383957,4.5394008525030785,1.3009728122648354,0.2489230245880142,4983909.768999999,0.5879136492850099,-43516.46405940598,0.05699999999999994,0.008000000000000007,0.06499999999999995,0.1299999999999999,0.43846153846153835,0.45367228677921556,0.5463277132207844,0.013503936430915471,0,5,6,2,False,False,crash
2025-06-15,3.782,3.834,3.735,1.9890323279928717,1774308.52,1750031999999,6722221.63703,32858.0,902855.93,3421889.36039,0,-0.056029722725916886,-0.05766059927080021,2.340668327775546,0.01767280843849095,2.444707953496238,-0.1315358285982362,2.810271960371516,-0.10991487201244121,2.9674232855318876,-0.04061025167991561,2.929723680135648,-0.017648140230221987,3.9251272856541037,-0.010230056005619215,0.45467368390565754,0.40646590618478096,0.4226752980626845,4.682,3.664,-1.64535134774767,44.57000757587162,-0.2590955745105683,-0.15257610757699663,-0.10651946693357167,2.810271960371516,4.364456709490889,1.2560872112521428,0.23579729409776662,4497283.336999999,0.3945289604954237,18770.785718064148,0.039000000000000146,0.0129999999999999,0.04700000000000015,0.0990000000000002,0.39393939393939464,0.5088494587175854,0.4911505412824146,0.018518763580079072,0,6,6,2,False,False,crash
2025-06-16,3.821,3.991,3.786,3.307490802479094,4011866.39,1750118399999,15689055.96405,58486.0,1879836.22,7350898.67779,0,0.6628642762265589,0.5085415830657456,2.349275035945515,0.008606708169969224,2.6059748295798837,0.16126687608364554,2.7815193958366597,-0.028752564534856084,2.9523404943209255,-0.015082791210962121,2.929820348494646,9.666835899801995e-05,3.902753608182739,-0.02237367747136476,0.4531184089516237,0.4287203970028498,0.4310199316115494,4.682,3.664,-0.3502054985470591,48.58124706525187,-0.17419607015330563,-0.15690010009225844,-0.01729597006104719,2.7815193958366597,4.272157390880366,1.2908814007929537,0.6764249295909743,4545449.283,0.8826116276347858,27298.75062549085,0.0259999999999998,0.14400000000000013,0.03500000000000014,0.20500000000000007,0.1268292682926819,0.4685689993778681,0.5314310006221319,0.014578252193488427,0,0,6,2,False,False,crash
2025-06-17,3.846,3.897,3.663,1.7064855226213689,5144535.08,1750204799999,19358889.35551,73349.0,2444785.68,9205177.34036,0,-0.4840543407279345,-0.6617538305344637,2.1810983398217476,-0.1681766961237674,2.471270968213318,-0.13470386136656565,2.7249235374795955,-0.056595858357064266,2.950176293204706,-0.0021642011162192887,2.923540698966061,-0.006279649528584841,3.888921771355945,-0.013831836826793786,0.42975494600912784,0.4403034653667166,0.4290672638874993,4.682,3.663,-1.9200338345226986,48.40284329905018,-0.23340974496001765,-0.17220202906581028,-0.06120771589420737,2.7249235374795955,4.290534771675469,1.1593123032837218,0.17474747478376554,4832455.3549999995,1.0645799499579651,-171172.4695191059,0.12700000000000022,0.05099999999999971,0.05600000000000005,0.23399999999999999,0.5427350427350437,0.4752199454338253,0.5247800545661747,0.01425765377422599,0,1,6,2,False,False,crash
2025-06-18,3.719,3.786,3.572,2.4826306892724803,6307506.25,1750291199999,23022607.40297,82876.0,2649698.2,9683750.63802,0,0.45482083285351194,0.37488275410894084,2.318546291463478,0.13744795164173018,2.3241077406091777,-0.14716322760414036,2.663735086481762,-0.06118845099783332,2.9341894509785003,-0.015986842226205944,2.9128144166602024,-0.010726282305858703,3.873961057004353,-0.014960714351592408,0.44376631179138293,0.44586042806930914,0.41957091148549347,4.358,3.572,-1.3859660441825958,48.30528458527965,-0.21522757095937495,-0.18080713744452323,-0.03442043351485172,2.663735086481762,4.162045564243572,1.1654246087199522,0.4395637953891182,5190513.137,1.2151989761932471,-164514.14526754513,0.09699999999999998,0.06700000000000017,0.04999999999999982,0.21399999999999997,0.4532710280373831,0.4200864961489337,0.5799135038510663,0.013139265617057454,0,2,6,2,False,False,crash
2025-06-19,3.622,3.657,3.496,1.537613507909871,6333647.02,1750377599999,22613412.42896,65731.0,2577885.31,9202452.71294,0,-0.38065153445740285,-0.47908721551370126,2.2046505700551373,-0.11389572140834048,2.263823044696096,-0.06028469591308161,2.632802499872627,-0.030932586609135004,2.900430766636279,-0.03375868434222129,2.9038978016357286,-0.008916615024473717,3.8495780425185724,-0.024383014485780397,0.4346468823832181,0.44376837884357245,0.424234502240783,4.346,3.496,-2.303984108341328,43.610600627519474,-0.27391552806518416,-0.19942881556865544,-0.07448671249652872,2.632802499872627,4.199221515761432,1.066383483983822,0.1504163378847477,5361012.161,1.1814274673867875,-129400.8502153506,0.07399999999999984,0.03500000000000014,0.052000000000000046,0.16100000000000003,0.4596273291925455,0.40701436342437664,0.5929856365756233,0.010378064927274713,0,3,6,2,False,False,crash
2025-06-20,3.547,3.577,3.33,3.1693584901513483,7730014.2,1750463999999,26776699.46793,85268.0,3236233.84,11213699.37917,0,1.0612192035562709,0.7232976541160301,2.4407158024868325,0.2360652324316952,2.3906920651311894,0.1268690204350933,2.601110974379483,-0.031691525493144024,2.9126520474785496,0.012221280842270588,2.8983518179229106,-0.005545983712818003,3.817526012888312,-0.032052029630260215,0.5341686682726846,0.4722428569046042,0.4451776578398153,4.346,3.33,-0.1581117222919801,55.323996256479695,-0.18660688586881768,-0.19686442962868791,0.01025754375987023,2.601110974379483,4.091637285422835,1.110584663336131,0.690619753425922,5467792.554,1.4137358218436904,-241835.2807779034,0.11000000000000032,0.029999999999999805,0.10699999999999976,0.2469999999999999,0.44534412955465735,0.4186582011712216,0.5813417988287783,0.011030768869738946,0,4,6,2,False,False,crash
2025-06-21,3.437,3.508,3.209,2.4716518216244627,5927367.37,1750550399999,19991562.12894,72359.0,2521773.6,8492917.30544,0,-0.22014129064130183,-0.24864251755448852,2.273548006315906,-0.16716779617092659,2.3114115211307107,-0.07928054400047868,2.5586034764705934,-0.042507497908889746,2.915712778234093,0.0030607307555432506,2.884342365276828,-0.014009452646082554,3.804588973849005,-0.012937039039307319,0.5077432705080275,0.47492433047103993,0.44658824453948265,4.346,3.209,-0.6485032351587839,47.79377000258092,-0.1717336168411161,-0.19183826707117357,0.020104650230057475,2.5586034764705934,4.010582375565207,1.1066245773759804,0.47005753496130354,5527679.569,1.0723066154632959,-194877.07675589158,0.11299999999999999,0.07100000000000017,0.11499999999999977,0.29899999999999993,0.3779264214046823,0.42544580799283244,0.5745541920071676,0.012207611825484,0,5,6,2,False,False,crash
2025-06-22,3.325,3.363,3.007,2.969157390267803,11019675.81,1750636799999,34950831.97557,142255.0,5037701.92,15990281.56871,0,0.20128464870766494,0.1833915247637371,2.5260823798451932,0.2525343735292873,2.3535903598334706,0.04217883870275996,2.5229171693100314,-0.03568630716056198,2.928424804399924,0.012712026165831336,2.8925886648647943,0.008246299587966188,3.778069121547924,-0.026519852301080782,0.49845430196996315,0.4756471703008591,0.44673405548593637,4.346,3.007,-0.028261844460192014,46.147053239502476,-0.11843663857332132,-0.17715794137160312,0.058721302798281805,2.5229171693100314,3.8912224257570935,1.1546119128629695,0.6630631099512391,6029676.603,1.827573273916097,-566896.6797563172,0.17200000000000015,0.03799999999999981,0.1459999999999999,0.35599999999999987,0.48314606741573096,0.4571551837694216,0.5428448162305785,0.012909181944436894,0,6,6,2,False,False,crash
2025-06-23,3.153,3.421,3.111,2.030236318500367,8879579.75,1750723199999,28957754.83726,106245.0,4284297.3,13973084.86825,0,-0.316224756169881,-0.38012600624904164,2.4356035056907706,-0.09047887415442268,2.377074898577124,0.023484538743653527,2.5178969684863777,-0.005020200823653731,2.9187569637278785,-0.009667840672045624,2.877613906451675,-0.01497475841311946,3.7510217727159794,-0.027047348831944706,0.5004023633654145,0.4702796120159678,0.4504036220716878,4.346,3.007,-0.72947250298703,49.537219938083425,-0.15022972812190094,-0.17177229872166272,0.02154257059976178,2.5178969684863777,3.8929820998658546,1.1428118371069007,0.32267983310357207,6005860.897,1.4784857495509858,740669.0371868067,0.2629999999999999,0.004999999999999893,0.041999999999999815,0.3099999999999996,0.8483870967741943,0.4824887461594114,0.5175112538405886,0.011965093280456206,0,0,6,2,False,False,crash
2025-06-24,3.416,3.525,3.385,2.5254120283607517,4687786.75,1750809599999,16125431.26595,64500.0,2260205.94,7775712.74439,0,0.24390052790807437,0.21825202963121124,2.6331632097809465,0.19755970409017598,2.418906889918042,0.04183199134091797,2.497575336006258,-0.020321632480119867,2.9249711678032795,0.006214204075400964,2.8832791338863206,0.005665227434645814,3.7287995301261714,-0.022222242589807983,0.5018917502403315,0.46699685358508797,0.4500302003801277,4.346,3.007,-0.35966241347217953,52.567940318992676,-0.1339256279432144,-0.16420296456597305,0.030277336622758666,2.497575336006258,3.8588460433026315,1.1363046287098844,0.5102245248521435,6181628.714,0.7583416874234482,31562.966993559625,0.02300000000000013,0.08599999999999985,0.03100000000000014,0.14000000000000012,0.1642857142857151,0.48214777261359,0.51785222738641,0.013759158306422535,0,1,6,2,False,False,crash
2025-06-25,3.438,3.465,3.341,3.1240427761849254,3894305.42,1750895999999,13255574.27421,47982.0,1865945.53,6352366.73786,0,0.2370428037490364,0.2127236956807528,2.624100066987662,-0.009063142793284573,2.5324079347372477,0.11350104481920553,2.4885579441167427,-0.009017391889515114,2.951502475457049,0.02653130765376943,2.881269340134492,-0.002009793751828415,3.700928079654824,-0.027871450471347536,0.4992345647582659,0.46815858686129314,0.44870187896566005,4.346,3.007,0.08741058714333481,49.38410043125985,-0.07187152253014162,-0.14573667615880678,0.07386515362866516,2.4885579441167427,3.8295638118216435,1.1475520764118419,0.7369433450562747,6393628.404,0.6090916102605578,-98518.34008141921,0.0860000000000003,0.02699999999999969,0.010999999999999677,0.12399999999999967,0.6935483870967785,0.4791471979616843,0.5208528020383157,0.012321067514011266,0,2,6,2,False,False,crash
2025-06-26,3.352,3.433,3.271,2.1683782300937993,3980149.78,1750982399999,13292768.83147,49441.0,1913609.46,6390096.39661,0,-0.30590635742132244,-0.3651483959082273,2.5634453486815296,-0.06065471830613234,2.4184966774987178,-0.1139112572385299,2.512235753539301,0.023677809422558482,2.921312141736992,-0.030190333720057083,2.872246720027835,-0.009022620106656998,3.6720203399571214,-0.02890773969770244,0.48147309544683387,0.4580269895637877,0.43073576939809205,4.346,3.007,-0.6263045331637049,48.371713040866275,-0.0986699333900729,-0.13632332760506,0.03765339421498709,2.512235753539301,3.8102662531407905,1.2142052539378116,0.3675464391818721,6390456.743,0.6228271217639944,-62931.962511933314,0.052999999999999936,0.08099999999999996,0.028000000000000025,0.16199999999999992,0.3271604938271603,0.4807883033989741,0.5192116966010258,0.012421894333835849,0,3,6,2,False,False,crash
2025-06-27,3.299,3.394,3.274,1.978841537145843,3955846.51,1751068799999,13169767.74878,50281.0,1964277.0,6541756.89328,0,-0.08740942438799404,-0.091467937506868,2.3653821780571374,-0.19806317062439227,2.445732278951165,0.027235601452447078,2.4585016235822414,-0.05373412995705973,2.8740043143079577,-0.047307827429034166,2.8618804174636097,-0.010366302564225549,3.645692515560818,-0.026327824396303434,0.44783090101390727,0.4285386503005279,0.43099938537054366,4.346,3.007,-0.7678554614295423,50.828199020781874,-0.13366113183868755,-0.13579088845178552,0.0021297566130979717,2.4585016235822414,3.7511500055643054,1.1658532416001772,0.31446614055211275,6271587.886,0.6307567687651471,71946.28390421336,0.06000000000000005,0.03500000000000014,0.02499999999999991,0.1200000000000001,0.5,0.49655035781456547,0.5034496421854345,0.012710553827832921,0,4,6,2,False,False,crash
2025-06-28,3.36,3.426,3.33,2.3639110367707343,1866680.64,1751155199999,6302639.11863,22221.0,893876.73,3019304.49753,0,0.19459339840838963,0.17780587510658313,2.4321171217112107,0.0667349436540734,2.4338603137009907,-0.011871965250174199,2.378984027155084,-0.0795175964271575,2.846628386262151,-0.027375928045806575,2.8439222952674457,-0.017958122196163995,3.6362042493090585,-0.00948826625175947,0.43145984793829206,0.42616808498581166,0.43034212204609185,4.346,3.007,-0.48027555132880195,51.15179470366936,-0.1288348898344629,-0.134399688728321,0.005564798893858108,2.378984027155084,3.4630454608587646,1.2949225934514035,0.4930479076573856,5827505.325,0.32032242544540274,26674.805215838016,0.04700000000000015,0.019000000000000128,0.029999999999999805,0.09600000000000009,0.4895833333333345,0.4788589493272936,0.5211410506727063,0.011904018032779299,0,5,6,2,False,False,crash
2025-06-29,3.408,3.582,3.379,3.4276169199454274,2800833.68,1751241599999,9697718.23224,37258.0,1327370.56,4594240.1251,0,0.44997712123201916,0.3715477778473254,2.612558100028146,0.1804409783169354,2.6228606549045463,0.1890003412035557,2.443341849800321,0.06435782264523704,2.8625808575224805,0.015952471260329393,2.8459389220522002,0.0020166267847545605,3.61352065990643,-0.022683589402628712,0.4162971034796551,0.4173667206216734,0.4302784648975163,4.346,3.007,0.3141276474573766,55.94737224146936,-0.03873141165955962,-0.11526603331456874,0.07653462165500911,2.443341849800321,3.616914670011452,1.2697690295891897,0.9193498065028599,5474223.990999999,0.5116403136964733,110159.00003522144,0.133,0.040999999999999925,0.028999999999999915,0.20299999999999985,0.655172413793104,0.4739198080480095,0.5260801919519905,0.013302467856641883,0,6,6,2,False,False,crash
2025-06-30,3.542,3.56,3.352,1.9120941360217605,3677669.93,1751327999999,12629243.19344,49972.0,1832344.69,6293210.77454,0,-0.4421505726339442,-0.5836661964451229,2.370168371995513,-0.24238972803263303,2.4971342194915875,-0.1257264354129588,2.4439131423113887,0.0005712925110676892,2.8062874918760623,-0.05629336564641818,2.8301599264511736,-0.01577899560102658,3.5778876855214667,-0.035632974384963045,0.305779874230845,0.43228709674509264,0.4241558523267285,4.346,3.007,-0.8177041553235547,44.32366475571736,-0.08859253930949196,-0.10993133451355339,0.021338795204061428,2.4439131423113887,3.6163842654602156,1.271442019162562,0.27320592559185686,5068989.564,0.7255232790611442,-149557.88475571893,0.14500000000000002,0.018000000000000238,0.04499999999999993,0.20800000000000018,0.6971153846153841,0.49823522090792954,0.5017647790920704,0.01358795132547417,0,0,6,2,False,False,crash
2025-07-01,3.397,3.42,3.256,2.540696651021788,3435357.79,1751414399999,11444382.01102,40172.0,1766902.35,5889065.75917,0,0.3287508199297535,0.28423926774231834,2.444632056181111,0.07446368418559768,2.5040387024313198,0.006904482939732226,2.4077251117810152,-0.03618803053037345,2.7878066022097023,-0.018480889666359968,2.832528062873136,0.002368136421962319,3.550251793894326,-0.02763589162714064,0.3119726470981828,0.4102651462819617,0.42309897931385854,4.204,3.007,-0.38956002420903274,53.6850202571827,-0.0765029938009234,-0.10324566637102739,0.026742672570103987,2.4077251117810152,3.5165085574093844,1.298941666152646,0.5599628086823641,4819788.606,0.7127610919954941,-117309.83327641987,0.11599999999999966,0.02300000000000013,0.025000000000000355,0.16400000000000015,0.707317073170729,0.514328479887389,0.485671520112611,0.011693687369896922,0,1,7,3,False,False,crash
2025-07-02,3.28,3.625,3.241,3.1753473563643695,6939908.98,1751500799999,24139240.06007,76135.0,3594358.41,12501223.4338,0,0.24979397091240507,0.22297871445928588,2.683933220024816,0.23930116384370503,2.5246576990409766,0.020618996609656826,2.4391240294372234,0.03139891765620817,2.8002825107210456,0.012475908511343281,2.829803957876334,-0.0027241049968020903,3.5258512577197423,-0.02440053617458382,0.31494271638884674,0.4068357978816219,0.42097202791252014,3.991,3.007,0.17108471175240791,53.09872280670339,-0.015531891978552093,-0.08570291149253233,0.07017101951398023,2.4391240294372234,3.598949707584855,1.2792983512895921,0.8173853367787887,4411811.923,1.573029200048245,558407.7935751288,0.2650000000000001,0.08000000000000007,0.0389999999999997,0.3839999999999999,0.6901041666666672,0.5179258719903269,0.48207412800967314,0.010970604977588625,0,2,7,3,False,False,crash
2025-07-03,3.545,3.665,3.499,2.552577026335808,5719860.72,1751587199999,20503938.84525,62773.0,2851034.43,10221822.53186,0,-0.19612667848143883,-0.21831358251739583,2.721666417937831,0.037733197913015104,2.576891769824521,0.05223407078354425,2.4769833342008223,0.03785930476359889,2.768451129978294,-0.03183138074275149,2.819661613483248,-0.0101423443930857,3.493544561482227,-0.032306696237515364,0.3011935144804408,0.40256279225243574,0.41543606932671323,3.991,3.007,-0.46181196510588624,54.67500736056252,-0.017265193037621973,-0.07201536780155027,0.054750174763928294,2.4769833342008223,3.5970859478225545,1.3568807205790903,0.5337440923785373,4095840.0200000005,1.39650491524813,-9681.00544992921,0.005999999999999783,0.1200000000000001,0.040000000000000036,0.16599999999999993,0.03614457831325172,0.4984447296122274,0.5015552703877726,0.010974567926192441,0,3,7,3,False,False,crash
2025-07-04,3.539,3.561,3.313,1.494706971314142,5659272.37,1751673599999,19296990.85477,55577.0,2910856.66,9905023.2134,0,-0.41443217740630733,-0.5351732656013909,2.3350844282115735,-0.38658198972625746,2.47382126411986,-0.10307050570466103,2.4463640770189508,-0.03061925718187153,2.7536113252043957,-0.014839804773898457,2.78919665704841,-0.030464956434838264,3.4618710580174854,-0.031673503464741515,0.32895886036302,0.41722372344131115,0.4142964750286808,3.991,3.007,-1.5368831592335956,41.85586365584389,-0.10281493252394736,-0.0781752807460297,-0.02463965177791766,2.4463640770189508,3.640101103490325,1.2526270505475767,0.10139583316860888,4192988.582000001,1.3496989699172042,-289440.03926815523,0.18100000000000005,0.021999999999999797,0.04499999999999993,0.24799999999999978,0.7298387096774203,0.5143517522553875,0.4856482477446124,0.009820520442630683,0,4,7,3,False,False,crash
2025-07-05,3.358,3.39,3.308,2.2197759047032704,2237505.07,1751759999999,7505825.11236,26609.0,1007197.44,3380042.15963,0,0.4850910227251095,0.39547606514059913,2.3966207819478753,0.06153635373630184,2.383394576971694,-0.09042668714816582,2.4579012558544706,0.011537178835519857,2.7394401295712694,-0.014171195633126299,2.7846326039739093,-0.004564053074500585,3.4336730468036993,-0.028198011213786067,0.356868397093896,0.426803144940964,0.41711938213382777,3.991,3.007,-0.8000244870901725,48.77833267993978,-0.11082914475684813,-0.08470605354819338,-0.026123091208654747,2.4579012558544706,3.637403038366487,1.2783994733424542,0.3990568074242083,4027308.547,0.555583224847957,-1332.6414949377272,0.002000000000000224,0.03200000000000003,0.04800000000000004,0.0820000000000003,0.024390243902441665,0.4501430872735408,0.5498569127264592,0.011892263555854201,0,5,7,3,False,False,crash
2025-07-06,3.356,3.448,3.328,2.050102375637833,3771010.63,1751846399999,12766488.87439,37457.0,1930952.52,6537381.58545,0,-0.07643723346394216,-0.07951651572274332,2.2985019268710847,-0.09811885507679063,2.3715669915260977,-0.011827585445596256,2.395031834512408,-0.06286942134206264,2.738501479036716,-0.0009386505345534424,2.784883679784421,0.0002510758105116473,3.4207570127582936,-0.012916034045405755,0.34012437665363726,0.4057162870254732,0.41453145042067496,3.897,3.007,-1.075165870069851,45.39591408905201,-0.12938028606412066,-0.09364090005137884,-0.03573938601274182,2.395031834512408,3.5164747403198042,1.2735889287050115,0.3462117611657463,4006394.632,0.9412479239763517,43822.829132896164,0.039000000000000146,0.052999999999999936,0.028000000000000025,0.1200000000000001,0.3250000000000009,0.5120517308114828,0.48794826918851725,0.009932881043085259,0,6,7,3,False,False,crash
2025-07-07,3.395,3.437,3.323,1.8493315308376572,2853677.78,1751932799999,9657326.46942,34832.0,1288963.08,4362642.35663,0,-0.09793210679915998,-0.10306549212813824,2.033298761765742,-0.2652031651053428,2.358615990895279,-0.012951000630818665,2.4021741349232224,0.007142300410814428,2.7303801530680016,-0.008121325968714288,2.7774779655301547,-0.007405714254266282,3.404452486841709,-0.016304525916584378,0.3406097861210681,0.38779962820843994,0.4152615762476765,3.786,3.007,-1.4860955958438293,49.02136530667379,-0.1584561446671069,-0.10660394897452447,-0.051852195692582426,2.4021741349232224,3.5068469806006486,1.2975012892457962,0.24977089088012222,3896177.7590000005,0.7324300780189325,-21854.380642120686,0.0259999999999998,0.041999999999999815,0.04600000000000026,0.11399999999999988,0.22807017543859498,0.4516848710228245,0.5483151289771755,0.012206003159894247,0,0,7,3,False,False,crash
2025-07-08,3.369,3.477,3.327,1.9161710054891874,3238505.57,1752019199999,10985328.82606,39191.0,1573544.78,5339906.08026,0,0.036142505298255134,0.0355046877543872,1.906017557596418,-0.12728120416932387,2.313841987767124,-0.04477400312815494,2.3738511507340574,-0.028322984189165012,2.684989876994929,-0.045390276073072666,2.7739355898203133,-0.0035423757098413944,3.392299586463346,-0.012152900378363363,0.3367015291358651,0.37699517396792864,0.39959500447837465,3.665,3.007,-1.657794824484518,46.54404925835882,-0.17409868383209304,-0.12010289594603818,-0.05399578788605486,2.3738511507340574,3.4987012611609742,1.2490010403071408,0.2965594966821109,4033360.2520000003,0.8029299064952454,75940.02375482318,0.07899999999999974,0.028999999999999915,0.04200000000000026,0.1499999999999999,0.5266666666666652,0.4858860810914091,0.5141139189085909,0.012101569428518847,0,1,7,3,False,False,crash
2025-07-09,3.448,3.659,3.417,3.0562199429835153,5645429.86,1752105599999,20033638.8888,62212.0,2662471.59,9455467.35609,0,0.5949620019447481,0.4668499127208974,2.2183201519302926,0.31230259433387464,2.2767022900709333,-0.037139697696190854,2.44978147248774,0.07593032175368242,2.677711729799056,-0.007278147195873164,2.7737755882423336,-0.00016000157797968484,3.381024614341099,-0.011274972122246929,0.35906559944209127,0.3817655817189208,0.4051974134562455,3.665,3.007,0.07480234495974951,49.63753569229185,-0.09342612908907721,-0.11476754257464598,0.02134141348556877,2.44978147248774,3.541486311143207,1.3580766338322727,0.7777483661438466,4317819.87,1.3074722961984053,281616.57074245997,0.17200000000000015,0.0389999999999997,0.03100000000000014,0.242,0.7107438016528932,0.4716153873179109,0.528384612682089,0.01101988715523604,0,2,7,3,False,False,crash
2025-07-10,3.62,3.656,3.59,3.440140410390554,959864.95,1752191999999,3482003.85836,10831.0,490550.56,1779901.49841,0,0.12561938426206698,0.11833344794025093,2.4623930530677494,0.24407290113745672,2.429506917507813,0.1528046274368795,2.4633205684997,0.01353909601196035,2.6859954816029386,0.008283751803882744,2.7812766618261886,0.007501073583854989,3.370193956571411,-0.010830657769687946,0.31540008717390744,0.30738088779012224,0.4043591735950322,3.665,3.007,0.6582681008974983,57.23904170580899,0.0014696833271123921,-0.09152009739429431,0.0929897807214067,2.4633205684997,3.598452928892394,1.328188208107006,0.9302669344889998,4046039.3720000004,0.2372356919318678,3712.1848895027206,0.01399999999999979,0.02200000000000024,0.03000000000000025,0.06600000000000028,0.21212121212120805,0.5110620613868649,0.48893793861313506,0.011283879049860088,0,3,7,3,False,False,crash
