timestamp,open,high,low,close,volume,close_time,quote_asset_volume,number_of_trades,taker_buy_base,taker_buy_quote,ignore,returns,log_returns,ma_5,ma_5_slope,ma_10,ma_10_slope,ma_20,ma_20_slope,ma_50,ma_50_slope,ma_100,ma_100_slope,ma_200,ma_200_slope,volatility_10,volatility_20,volatility_50,high_20,low_20,price_position,rsi,macd,macd_signal,macd_histogram,bb_middle,bb_upper,bb_lower,bb_position,volume_ma_10,volume_ratio,volume_price_trend,body_size,upper_wick,lower_wick,total_range,body_ratio,buy_pressure,sell_pressure,trade_intensity,hour,day_of_week,month,quarter,gap_up,gap_down,scenario_type
2024-07-11,6.096,6.248,5.895,5.903,2350422.86,1720742399999,14266314.81401,84775.0,1081010.37,6565968.70662,0,,,,,,,,,,,,,,,,,,,,,,0.0,0.0,0.0,,,,,,,,0.1930000000000005,0.15200000000000014,0.008000000000000007,0.35300000000000065,0.5467422096317285,0.45992165426777726,0.5400783457322228,0.03606797799779739,0,3,7,3,False,False,recovery
2024-07-12,5.902,6.104,5.801,6.105028864083112,2711128.45,1720828799999,16061145.58148,95781.0,1372630.27,8134873.01214,0,0.03422477792361711,0.03365213923448066,,,,,,,,,,,,,,,,,,,,0.01611626266190047,0.0032232525323800942,0.012893010129520377,,,,,,,91855.95290530226,0.20099999999999962,0.001000000000000334,0.10099999999999998,0.30299999999999994,0.6633663366336623,0.5062948124055132,0.4937051875944867,0.03532883143179734,0,4,7,3,False,False,recovery
2024-07-13,6.102,6.306,6.074,6.236143496957547,2003082.88,1720915199999,12463058.33448,83543.0,1021579.07,6357310.35747,0,0.02147649680180952,0.021249126495724253,,,,,,,,,,,,,,,,,,,,0.03901859001762542,0.01038232002942916,0.02863626998819626,,,,,,,42339.454615762676,0.1299999999999999,0.07399999999999984,0.02800000000000047,0.2320000000000002,0.560344827586206,0.5100033953662466,0.48999660463375333,0.04170721083692753,0,5,7,3,False,False,recovery
2024-07-14,6.233,6.357,6.159,6.326303008850697,2826709.6,1721001599999,17678789.87336,76142.0,1418253.43,8866245.26725,0,0.014457574931868722,0.014354060712281869,,,,,,,,,,,,,,,,,,,,0.06370956436452513,0.021047768896448354,0.042661795468076774,,,,,,,39915.02644415938,0.08700000000000063,0.03699999999999992,0.07399999999999984,0.1980000000000004,0.4393939393939417,0.5017329795745554,0.4982670204254445,0.02693661917021826,0,6,7,3,False,False,recovery
2024-07-15,6.32,6.543,6.295,6.492622090588168,5049392.8,1721087999999,32365747.32191,127556.0,2394517.92,15347155.90215,0,0.026290090990707338,0.025950446542250028,6.2126194920959055,,,,,,,,,,,,,,,,,,,0.09559592897019087,0.03595740091119686,0.05963852805899401,,,,,,,131028.54734177173,0.1639999999999997,0.05900000000000016,0.025000000000000355,0.24800000000000022,0.6612903225806434,0.47421898332013307,0.525781016679867,0.025261651262306232,0,0,7,3,False,False,recovery
2024-07-16,6.486,6.513,6.126,6.347533271911093,4558393.8,1721174399999,28926424.01309,140931.0,2225905.16,14129314.79331,0,-0.022346721656170132,-0.02260019292561727,6.301526146478123,0.08890665438221745,,,,,,,,,,,,,,,,,,0.10791467434830793,0.05034885559861908,0.057565818749688843,,,,,,,-103344.21477483051,0.14900000000000002,0.027000000000000135,0.2109999999999994,0.38699999999999957,0.3850129198966413,0.4883090969455075,0.5116909030544925,0.03091681109253878,0,1,7,3,False,False,recovery
2024-07-17,6.335,6.535,6.246,6.267476367202883,3182801.28,1721260799999,20409441.02157,113708.0,1596276.58,10243934.47959,0,-0.012612285950902469,-0.012692495964077479,6.334015647102078,0.032489500623954726,,,,,,,,,,,,,,,,,,0.10995001038750729,0.06226908655639673,0.04768092383111056,,,,,,,-41185.05680290361,0.08000000000000007,0.20000000000000018,0.008999999999999453,0.2889999999999997,0.2768166089965403,0.5015319649488139,0.49846803505118603,0.035725761678718444,0,2,7,3,False,False,recovery
2024-07-18,6.254,6.407,6.02,6.107178777979488,3370663.16,1721347199999,20942036.0067,115888.0,1582766.83,9841354.80016,0,-0.02557609791114912,-0.025908852269016937,6.308222703306466,-0.025792943795611478,,,,,,,,,,,,,,,,,,0.09750438323928812,0.06931614589297501,0.028188237346313108,,,,,,,-87297.75090647487,0.1609999999999996,0.15300000000000047,0.0730000000000004,0.38700000000000045,0.41602067183462377,0.4695713439369599,0.5304286560630401,0.03438136488251172,0,3,7,3,False,False,recovery
2024-07-19,6.092,6.48,5.978,6.354855894555156,2757057.53,1721433599999,17092640.49337,88094.0,1493081.34,9275795.77161,0,0.040555078798202526,0.03975430038394775,6.313933280447357,0.005710577140891182,,,,,,,,,,,,,,,,,,0.1064000933971272,0.07673293539380545,0.029667158003321745,,,,,,,110861.4959543738,0.24600000000000044,0.14200000000000035,0.11399999999999988,0.5020000000000007,0.49003984063745043,0.5415488519022671,0.45845114809773296,0.031952180555332846,0,4,7,3,False,False,recovery
2024-07-20,6.337,6.397,6.224,6.351947921701646,1720991.41,1721519999999,10890692.56024,52953.0,902767.47,5714858.14562,0,-0.0004575985516841463,-0.0004577032818521988,6.285798446670054,-0.028134833777303747,6.249208969382979,,,,,,,,,,,,,,,,,0.11192515516327806,0.08377137934769997,0.028153775815578083,,,,,3053064.377,0.5636931284400493,-1357.6770353423417,0.0039999999999995595,0.0600000000000005,0.10899999999999999,0.17300000000000004,0.023121387283234443,0.5245624497335521,0.47543755026644785,0.030768892681457372,0,5,7,3,False,False,recovery
2024-07-21,6.332,6.445,6.1,6.451375710395561,2339766.13,1721606399999,14729938.84413,77880.0,1143809.7,7207426.34326,0,0.01565311773955469,0.01553187131168447,6.306566934366947,0.02076848769689299,6.304046540422535,0.05483757103955611,,,,,,,,,0.023321557228219054,,,,,,,0.12290996840677604,0.09159909715951518,0.031310871247260855,,,,,3051998.704,0.7666340509691121,35837.251635875364,0.09799999999999986,0.015000000000000568,0.2320000000000002,0.34500000000000064,0.2840579710144918,0.4888564225861326,0.5111435774138674,0.03328537797066068,0,6,7,3,False,False,recovery
2024-07-22,6.43,6.476,6.08,6.118291907251707,2585309.02,1721692799999,16189745.26295,76605.0,1172894.72,7350320.76699,0,-0.05162988765436993,-0.05301043905208031,6.276730042376711,-0.02983689199023587,6.305372844739395,0.0013263043168603161,,,,,,,,,0.028335738425733874,,,,,,,0.10354483245323376,0.09398824421825891,0.00955658823497485,,,,,3039416.761,0.8505937892996965,-134291.3239004664,0.33399999999999963,0.04600000000000026,0.016000000000000014,0.3959999999999999,0.8434343434343426,0.45367679876040506,0.546323201239595,0.029630887219818696,0,0,7,3,False,False,recovery
2024-07-23,6.095,6.165,5.799,5.94060436922125,2986487.42,1721779199999,17898039.147,107148.0,1390273.76,8338394.2035,0,-0.02904201707340137,-0.029472083587319002,6.243415160625064,-0.03331488175164665,6.275818931965764,-0.02955391277363084,,,,,,,,,0.02869749046321494,,,,,,,0.07301821484101367,0.08979423834280988,-0.016776023501796203,,,,,3137757.215,0.9517904717812911,-87693.77430774306,0.17799999999999994,0.07000000000000028,0.11799999999999944,0.36599999999999966,0.4863387978142079,0.4655213849854422,0.5344786150145578,0.035877599645137634,0,1,7,3,False,False,recovery
2024-07-24,5.917,5.997,5.654,5.772841035514742,2358741.13,1721865599999,13810419.50156,77804.0,1038934.4,6089588.24525,0,-0.028240112163621434,-0.028646534013300144,6.127012188816981,-0.11640297180808279,6.220472734632169,-0.055346197333594915,,,,,,,,,0.028744651350663838,,,,,,46.75189352109041,0.03488640274270338,0.07881267122278858,-0.0439262684800852,,,,,3090960.368,0.7631094705773336,-67369.82439918855,0.1689999999999996,0.08000000000000007,0.0940000000000003,0.34299999999999997,0.49271137026238954,0.44046139136938695,0.5595386086306131,0.03298539166101708,0,2,7,3,False,False,recovery
2024-07-25,5.747,5.779,5.54,5.781784463243706,2972357.49,1721951999999,16868022.73891,103777.0,1404441.52,7971995.8916,0,0.0015492246666664045,0.0015480258561240267,6.012979497125393,-0.11403269169158836,6.149388971897723,-0.07108376273444605,,,,,,,,,0.026360350740539027,,,,,,46.98851824167013,0.005326921370636839,0.06411552125235823,-0.05878859988172139,,,,,2883256.8370000003,1.0309027804448765,3619.781216074688,0.008000000000000007,0.02400000000000002,0.20699999999999985,0.23899999999999988,0.03347280334728038,0.47250087673673463,0.5274991232632654,0.03491403720755002,0,3,7,3,False,False,recovery
2024-07-26,5.755,5.891,5.726,5.89625613364481,2528303.82,1722038399999,14731225.61897,64349.0,1281901.66,7469244.17566,0,0.019798674808587213,0.019605230176010086,5.901955581775242,-0.11102391535015066,6.104261258071095,-0.045127713826627947,,,,,,,,,0.027717021271934667,,,,,,44.57732939587793,-0.008761278890244917,0.0495401612238376,-0.05830144011408252,,,,,2680247.839,0.9433097130835891,49204.1751242398,0.1120000000000001,0.02400000000000002,0.028999999999999915,0.16500000000000004,0.6787878787878793,0.5070204181394624,0.49297958186053764,0.025451450688390765,0,4,7,3,False,False,recovery
2024-07-27,5.867,5.942,5.715,5.855983144772414,2061613.39,1722124799999,12055104.50057,66226.0,983835.65,5753295.07845,0,-0.006830264486407445,-0.006853697506323147,5.8494938292793845,-0.052461752495857716,6.063111935828048,-0.04114932224304724,,,,,,,,,0.027647160782505464,,,,,,39.63664945349757,-0.022911859074316254,0.035049757164206836,-0.05796161623852309,,,,,2568129.05,0.8027686108686789,-14758.439130731065,0.041999999999999815,0.07500000000000018,0.11000000000000032,0.2270000000000003,0.185022026431717,0.4772163659647166,0.5227836340352833,0.03212338468562236,0,5,7,3,False,False,recovery
2024-07-28,5.825,5.844,5.67,5.7503148880981465,1204090.29,1722211199999,6911612.14166,37155.0,567925.87,3260924.15182,0,-0.01804449467526159,-0.018209281914152522,5.811435933054764,-0.03805789622462097,6.027425546839913,-0.03568638898813514,,,,,,,,,0.027165786748437407,,,,,,34.42994491636635,-0.04216676876434988,0.01960645197849549,-0.06177322074284537,,,,,2351471.7630000003,0.5120581539383766,-22118.053395708223,0.1070000000000002,0.019000000000000128,0.04800000000000004,0.17400000000000038,0.614942528735632,0.471663856702972,0.528336143297028,0.030857320508746896,0,6,7,3,False,False,recovery
2024-07-29,5.72,5.88,5.622,5.682802876896444,2552750.24,1722297599999,14741753.65262,73040.0,1276172.08,7377277.42598,0,-0.011740576388510005,-0.011810041195364801,5.793428301331104,-0.018007631723659934,5.9602202450740425,-0.06720530176587047,,,,,,,,,0.02177805407934819,,,,,,26.873662821828376,-0.06215756478528878,0.0032536486257386376,-0.06541121341102742,,,,,2331041.034,1.0951116701792047,-30804.43626442803,0.07099999999999973,0.16000000000000014,0.027000000000000135,0.258,0.27519379844961134,0.49992046225407466,0.5000795377459254,0.02861227818354842,0,0,7,3,False,False,recovery
2024-07-30,5.65,5.726,5.481,5.553859694677898,1921244.42,1722383999999,10784712.48248,60151.0,861000.94,4837876.13269,0,-0.0226900677380113,-0.0229514487277814,5.747843347617943,-0.045584953713160736,5.880411422371667,-0.07980882270237544,6.064810195877323,,,,,,,,0.02172852164104758,,,6.543,5.481,0.06860611551591199,27.12378618180213,-0.08739758686146093,-0.014876598471701277,-0.07252098838975965,6.064810195877323,6.628431686948964,5.501188704805681,0.04672549814599077,2351066.335,0.8171800137659663,-44213.44921224986,0.13100000000000023,0.07599999999999962,0.038000000000000256,0.2450000000000001,0.5346938775510212,0.4481475292977038,0.5518524707022961,0.03130835378041072,0,1,7,3,False,False,recovery
2024-07-31,5.519,5.559,5.335,5.424830078793679,2644241.77,1722470399999,14491968.14833,81717.0,1291613.13,7079187.57328,0,-0.023232422671365716,-0.023506549479536808,5.653558136647717,-0.09428521097022635,5.77775685921148,-0.10265456316018717,6.040901699817007,-0.023908496060315976,,,,,,,0.019356855143002033,0.02480802888525589,,6.543,5.335,0.07436264800801258,26.379078241706694,-0.11646950984795623,-0.03519518074695227,-0.08127432910100396,6.040901699817007,6.670168326728193,5.4116350729058205,0.010484431657076448,2381513.899,1.1103196882916868,-62285.093332125194,0.1299999999999999,0.040000000000000036,0.05400000000000027,0.2240000000000002,0.5803571428571419,0.4884625697445207,0.5115374302554793,0.03090375506775237,0,2,7,3,False,False,recovery
2024-08-01,5.389,5.422,5.026,5.377279504879598,4408677.71,1722556799999,23057405.0987,118524.0,2218655.08,11590078.92745,0,-0.008765357296620535,-0.008803999012232886,5.557817408669154,-0.09574072797856292,5.703655618974269,-0.07410124023721121,6.004514231856832,-0.036387467960175,,,,,,,0.015121390094270527,0.0231348588740534,,6.543,5.026,0.2315619676200385,28.15901266191058,-0.14171257780091473,-0.05649866015774477,-0.08521391764316996,6.004514231856832,6.698956754916731,5.310071708796933,0.048389747063968584,2563850.768,1.719553167846468,-40086.3254388574,0.04900000000000038,0.032999999999999474,0.31400000000000006,0.3959999999999999,0.12373737373737471,0.5032472831859601,0.4967527168140399,0.026884251423313955,0,3,8,3,False,False,recovery
2024-08-02,5.341,5.369,5.0,5.159460350703163,3554684.74,1722643199999,18373097.53989,93870.0,1623290.53,8402647.58704,0,-0.04050731489385595,-0.04135058721519454,5.439646501190156,-0.11817090747899783,5.62554121712246,-0.07811440185180896,5.950680074544112,-0.053834157312719455,,,,,,,0.016833839851864638,0.023400472752233177,,6.543,5.0,0.10334436208889348,13.57902770860035,-0.1772508390339631,-0.08064909593298844,-0.09660174310097466,5.950680074544112,6.7311240912747925,5.170236057813432,-0.0069035746826592624,2620670.5,1.3564027755492345,-145116.3433183521,0.2190000000000003,0.02799999999999958,0.12199999999999989,0.3689999999999998,0.5934959349593508,0.4566623058673833,0.5433376941326167,0.02640740511913864,0,4,8,3,False,False,recovery
2024-08-03,5.123,5.209,4.854,5.083574347678832,3126943.96,1722729599999,15746333.90916,79104.0,1486544.56,7483923.45747,0,-0.014708127956441941,-0.014817364907708762,5.319800795346635,-0.11984570584352117,5.556614548338869,-0.06892666878359055,5.888543641485519,-0.06213643305859318,,,,,,,0.016077249934980564,0.022750249984428927,,6.543,4.854,0.13592323722843805,13.000885128440999,-0.20912783780215083,-0.10634484430682092,-0.1027829934953299,5.888543641485519,6.737908993035101,5.039178289935937,0.026134841538978854,2697490.7830000003,1.15920468744749,-47007.94317063657,0.07800000000000029,0.08599999999999941,0.19099999999999984,0.35499999999999954,0.21971830985915602,0.47539852936795196,0.524601470632048,0.025297543228117208,0,5,8,3,False,False,recovery
2024-08-04,5.044,5.097,4.534,4.7254031715089475,4876624.24,1722815999999,23395140.70896,96819.0,2202195.34,10555925.17162,0,-0.07045656297589631,-0.07306174131047756,5.154109490712844,-0.1656913046337909,5.450976419165393,-0.10563812917347626,5.800182695531558,-0.08836094595396116,,,,,,,0.023492178748061737,0.024689922669960757,,6.535,4.534,0.09565375887503631,6.255825579078376,-0.2602915308015801,-0.13713418160577276,-0.12315734919580731,5.800182695531558,6.7470427665353245,4.853322624527792,-0.06754929103897933,2887917.4579999996,1.6886300633319558,-345085.2039008924,0.35599999999999987,0.053000000000000824,0.15399999999999991,0.5630000000000006,0.6323268206039068,0.45158192052951773,0.5484180794704823,0.019853692889817566,0,6,8,3,False,False,recovery
2024-08-05,4.688,4.726,3.59,4.234905903445317,21997702.93,1722902399999,88685187.18137,439161.0,10505489.74,42364300.21631,0,-0.10380008864026757,-0.10959177553689194,4.916124655643172,-0.23798483506967205,5.284841396145444,-0.1661350230199492,5.69455132710827,-0.10563136842328813,,,,,,,0.031530572354183405,0.03162781638526854,,6.535,3.59,0.21898332884391078,5.793548003541332,-0.3365387472044814,-0.1770150947255145,-0.1595236524789669,5.69455132710827,6.835734741885481,4.553367912331059,-0.13953147441593095,4834857.369,4.549814244995983,-2289863.274283274,0.48799999999999955,0.038000000000000256,0.6100000000000003,1.1360000000000001,0.42957746478873193,0.4775721253000847,0.5224278746999153,0.0199639481175592,0,0,8,3,False,False,recovery
2024-08-06,4.199,4.604,4.194,4.5479729398524595,5497287.59,1722988799999,24332470.64108,137934.0,2380282.09,10522306.46691,0,0.07392538194353881,0.07132051689794648,4.750263342637743,-0.16586131300542828,5.154040375653449,-0.1308010204919947,5.608576155740748,-0.08597517136752231,,,,,,,0.04581925609100872,0.03791903087549866,,6.48,3.59,0.331478525900505,19.265667516809643,-0.3674673868129714,-0.2151055531430059,-0.15236183366996553,5.608576155740748,6.824651580080387,4.392500731401109,0.06392375231814935,5178424.789,1.061575250002149,404443.301264286,0.3100000000000005,0.09499999999999975,0.004999999999999893,0.41000000000000014,0.7560975609756108,0.43299209856328436,0.5670079014367156,0.02509128324501575,0,1,8,3,False,False,recovery
2024-08-07,4.509,4.641,4.403,4.620100205339569,5243270.78,1723075199999,23867799.5719,116284.0,2417585.33,11005552.54678,0,0.01585921166220694,0.01573476835579935,4.642391313565025,-0.10787202907271798,5.041018907377591,-0.1130214682758579,5.534222227108752,-0.07435392863199564,,,,,,,0.04753140921027945,0.03845117516202656,,6.48,3.59,0.3564360572109236,23.438657242294468,-0.38175782245811085,-0.2484360070060269,-0.13332181545208396,5.534222227108752,6.802656597715735,4.265787856501769,0.13966522708945978,5582342.8379999995,0.9392599007549527,81399.19152805443,0.0699999999999994,0.06200000000000028,0.10600000000000076,0.23800000000000043,0.29411764705882043,0.4610834403635358,0.5389165596364642,0.022177759814266163,0,2,8,3,False,False,recovery
2024-08-08,4.579,4.904,4.48,4.924414907442586,4847719.81,1723161599999,22846212.93063,126282.0,2189605.49,10319762.74502,0,0.06586755450700221,0.06378907272156596,4.610559425517776,-0.03183188804724946,4.965180110432205,-0.0758387969453862,5.462700177753123,-0.07152204935562878,,,,,,,0.054904725049690725,0.04066446224666633,,6.476,3.59,0.46237522780408374,32.61147105643876,-0.36432769953416866,-0.27161434551165525,-0.0927133540225134,5.462700177753123,6.697162737535204,4.228237617971042,0.28197586227096233,5811839.795,0.8341110527806624,317605.57829220354,0.2999999999999998,0.025000000000000355,0.09899999999999931,0.4239999999999995,0.7075471698113212,0.45167740212279317,0.5483225978772068,0.026049772872496112,0,3,8,3,False,False,recovery
2024-08-09,4.879,4.924,4.73,4.829111363325614,2737150.09,1723247999999,13160460.75688,94019.0,1332390.45,6405910.52183,0,-0.019353272603600646,-0.01954299905818033,4.631301063881109,0.02074163836333298,4.892705277296977,-0.07247483313522807,5.386558349834322,-0.07614182791880086,,,,,,,0.054848393978074304,0.04060470682958592,,6.476,3.59,0.4293525167448421,28.187372079652974,-0.3541222996283411,-0.28811593633499244,-0.06600636329334864,5.386558349834322,6.577156278441405,4.19596042122724,0.26589620512741746,5893430.362000001,0.4644408980631643,-53856.61173191196,0.0959999999999992,0.04500000000000082,0.052999999999999936,0.19399999999999995,0.49484536082473823,0.4867801933360549,0.5132198066639451,0.03434923073582714,0,4,8,3,False,False,recovery
2024-08-10,4.783,4.832,4.723,4.801412189994009,1189116.19,1723334399999,5655926.59157,49593.0,484474.72,2304807.336,0,-0.005735873796981594,-0.0057523870968338746,4.744602321190848,0.11330125730973872,4.830363488417009,-0.06234178887996755,5.3040601738142445,-0.0824981760200778,,,,,,,0.05474757311782004,0.040093785465426135,,6.476,3.59,0.41975474358766773,28.33300999243565,-0.3443006548439218,-0.29935288003677835,-0.04494777480714346,5.3040601738142445,6.409613363965717,4.198506983662772,0.27267127972767763,5747917.804,0.2068777304317903,-7209.778279322854,0.029000000000000803,0.04899999999999949,0.030999999999999694,0.10899999999999999,0.26605504587156703,0.407424206376334,0.592575793623666,0.041705764682255314,0,5,8,3,False,False,recovery
2024-08-11,4.753,4.829,4.466,4.541323458243691,1800885.03,1723420799999,8373101.26817,62962.0,848795.92,3948669.81185,0,-0.054169215526285064,-0.05569160069377218,4.743272424869094,-0.0013298963217538429,4.746767883753419,-0.08359560466359017,5.225211751363844,-0.07884842245040069,,,,,,,0.05642027330233092,0.040223402911890985,,6.165,3.59,0.3694460032014335,26.642445499362225,-0.3534297988721784,-0.31016826380385837,-0.043261535068320034,5.225211751363844,6.3110177652773904,4.139405737450297,0.1850780506108871,5487138.536,0.3282011230780414,-98113.0043689522,0.258,0.07599999999999962,0.028999999999999915,0.36299999999999955,0.7107438016528935,0.4713215479391264,0.5286784520608736,0.0349616988042818,0,6,8,3,False,False,recovery
2024-08-12,4.495,4.68,4.45,4.636807096383119,2055574.69,1723507199999,9398489.06651,74860.0,1015281.25,4644185.24775,0,0.02102550919734658,0.020807523392797195,4.746613803077804,0.0033413782087103883,4.694502558321415,-0.05226532543200424,5.160021887721937,-0.0651898636419066,,,,,,,0.056721242260082606,0.04079298674916161,,5.997,3.59,0.43490116177113397,30.00758119786687,-0.34893764372795477,-0.31792213978867767,-0.0310155039392771,5.160021887721937,6.2212593876224345,4.09878438782144,0.2534883608109047,5337227.531,0.38513904045886926,42529.13151724146,0.09299999999999997,0.09199999999999964,0.04499999999999993,0.22999999999999954,0.4043478260869572,0.4939160104175052,0.5060839895824948,0.03641803937564536,0,0,8,3,False,False,recovery
2024-08-13,4.587,4.65,4.398,4.596882530646411,2199766.63,1723593599999,9955998.35062,52255.0,1045187.15,4733232.69043,0,-0.008610357279657088,-0.008647640575166624,4.6811073277185695,-0.0655064753592347,4.645833376618173,-0.04866918170324208,5.101223962478521,-0.058797925243416316,,,,,,,0.05668767211595759,0.0406050470723092,,5.942,3.59,0.4280963140503449,31.06467382066876,-0.3446265172352332,-0.32326301527798884,-0.021363501957244346,5.101223962478521,6.1497320359362675,4.052715889020774,0.2594956850599615,5244509.798,0.4194418000398976,-19657.897085876273,0.040000000000000036,0.06300000000000061,0.14900000000000002,0.25200000000000067,0.15873015873015844,0.47513546925657296,0.5248645307434271,0.023754792570882848,0,1,8,3,False,False,recovery
2024-08-14,4.546,4.554,4.343,4.432540452792647,2361315.25,1723679999999,10530674.74467,56898.0,1088343.4,4855954.88973,0,-0.03575076734246119,-0.03640547768614264,4.6017931456119765,-0.07931418210659302,4.616547104746543,-0.02928627187163002,5.033761761955968,-0.06746220052255314,,,,,,,0.05344579453363389,0.04087669088215092,,5.942,3.59,0.3582229816295269,30.63655031663336,-0.35043139565536485,-0.328696691353464,-0.02173470430190083,5.033761761955968,6.071467295326385,3.9960562285855508,0.21031217921206272,4992978.899,0.47292714384852036,-85167.29733890462,0.16300000000000026,0.008000000000000007,0.040000000000000036,0.2110000000000003,0.7725118483412323,0.4609055906448747,0.5390944093551253,0.024095893168013038,0,2,8,3,False,False,recovery
2024-08-15,4.383,4.481,4.227,4.326764183011873,2334737.9,1723766399999,10191897.14502,87634.0,985276.31,4295864.14243,0,-0.023863576860112312,-0.02415292452979007,4.506863544215548,-0.09492960139642825,4.625732932703198,0.009185827956655679,4.9552871644243215,-0.07847459753164632,,,,,,,0.0417337197406431,0.04022755586042563,,5.942,3.59,0.31325007781117054,29.955827535283674,-0.35942385017609446,-0.3348421231179901,-0.024581727058104352,4.9552871644243215,5.9550491848149445,3.955525144033698,0.1856637036647611,3026682.396,0.7713851651846723,-56464.11530914898,0.10599999999999987,0.09799999999999986,0.04999999999999982,0.25399999999999956,0.4173228346456695,0.42200724543855656,0.5779927545614435,0.037534834209869986,0,3,8,3,False,False,recovery
2024-08-16,4.278,4.387,4.211,4.3433655328870735,1920753.49,1723852799999,8249236.79014,44366.0,1015534.24,4359112.40304,0,0.0038368973147142604,0.0038295551988495055,4.467271959144225,-0.03959158507132354,4.60527219200666,-0.020460740696538693,4.8796562838300535,-0.07563088059426804,,,,,,,0.03357097184810929,0.040406019903119934,,5.88,3.59,0.32898058204675706,33.13353822886182,-0.36104889802792073,-0.34008347809997624,-0.020965419927944484,4.8796562838300535,5.8195928656619325,3.9397197019981745,0.21471971550581528,2669028.986,0.71964504697215,6736.334428337641,0.014000000000000234,0.09499999999999975,0.06699999999999928,0.17599999999999927,0.07954545454545621,0.5287165923618861,0.47128340763811394,0.023098226935930232,0,4,8,3,False,False,recovery
2024-08-17,4.293,4.384,4.275,4.422739466758531,859646.82,1723939199999,3720796.35993,40634.0,473270.4,2048843.00253,0,0.01827475336129436,0.018109776960011946,4.424458433219307,-0.042813525924917606,4.585536118148555,-0.019736073858104497,4.813277512763074,-0.06637877106697943,,,,,,,0.033738728272148036,0.04102819804755421,,5.88,3.59,0.36364168854084344,36.362001323431215,-0.3518757425257544,-0.34244193098513187,-0.009433811540622505,4.813277512763074,5.678894109844933,3.9476609156812152,0.2744162673629913,2230666.59,0.38537665102161234,15422.368392357877,0.07599999999999962,0.015000000000000568,0.017999999999999794,0.10899999999999999,0.697247706422015,0.5505405115091335,0.4494594884908665,0.047268249070007616,0,5,8,3,False,False,recovery
2024-08-18,4.37,4.529,4.346,4.445457169645216,2034044.35,1724025599999,9004629.63291,44213.0,1024258.09,4531820.1599,0,0.005136568196574043,0.005123421031808841,4.394173361019068,-0.030285072200238794,4.5376403443688185,-0.04789577377973675,4.751410227400512,-0.06186728536256236,,,,,,,0.023796299379561608,0.04121193890422424,,5.726,3.59,0.4004949296091837,43.2941195066894,-0.3388665789530316,-0.3417268605787118,0.0028602816256801944,4.751410227400512,5.527609288739183,3.9752111660618406,0.3029158543250274,1949299.0440000002,1.0434747589195452,9776.821091782982,0.019999999999999574,0.13900000000000023,0.02400000000000002,0.18299999999999983,0.10928961748633657,0.5035574027675453,0.4964425972324547,0.021736497535070953,0,6,8,3,False,False,recovery
2024-08-19,4.391,4.504,4.344,4.539096388382858,1876212.07,1724111999999,8304032.43384,39373.0,913259.87,4041781.98718,0,0.02106402450056999,0.020845244856613945,4.41548454813711,0.021311187118041808,4.508638846874543,-0.029001497494275164,4.70067206208576,-0.05073816531475206,,,,,,,0.025394919857256372,0.04173824625592911,,5.559,3.59,0.4820194963854028,58.99727373260717,-0.3173426917081166,-0.33685002680459275,0.019507335096476175,4.70067206208576,5.383000653821277,4.018343470350242,0.3815998071457549,1863205.242,1.0069808884747653,38891.867510250806,0.08999999999999986,0.022999999999999687,0.04699999999999971,0.15999999999999925,0.5625000000000018,0.48675727259339074,0.5132427274066093,0.02098536760825763,0,0,8,3,False,False,recovery
2024-08-20,4.481,4.604,4.455,4.584157831309185,2015995.76,1724198399999,9152924.2015,77401.0,881048.13,3999807.1857,0,0.009927403842239446,0.009878450885943794,4.466963277796573,0.051478729659462985,4.486913411006061,-0.021725435868482634,4.658638449711535,-0.042033612374224205,,,,,,,0.025883096300202565,0.041809964959735234,,5.422,3.59,0.5426625716753196,51.27191815024846,-0.29326816133455225,-0.32813365371058467,0.034865492376032425,4.658638449711535,5.250744894649394,4.066532004773677,0.4371053811024073,1945893.1989999998,1.0360259037012032,19345.641080116104,0.04300000000000015,0.08000000000000007,0.0259999999999998,0.14900000000000002,0.2885906040268466,0.4370287614096966,0.5629712385903033,0.03839343392269833,0,1,8,3,False,False,recovery
2024-08-21,4.524,4.749,4.492,4.726556336556057,2872074.59,1724284799999,13248802.47603,87220.0,1387540.7,6410961.13251,0,0.031063176811738202,0.030590480375431644,4.54360143853037,0.07663816073379692,4.505436698837298,0.018523287831237134,4.626102291295358,-0.03253615841617741,,,,,,,0.02126229455616559,0.04268784565662906,,5.369,3.59,0.6388737136346585,53.5658323355153,-0.2597048375596769,-0.3144478904804031,0.05474305292072623,4.626102291295358,5.114342642210058,4.137861940380658,0.6028735591727541,2053012.155,1.3989564469967786,88244.55526304164,0.13900000000000023,0.08599999999999941,0.03200000000000003,0.2569999999999997,0.5408560311284063,0.48311443749794813,0.5168855625020519,0.030368292071411698,0,2,8,3,False,False,recovery
2024-08-22,4.664,4.72,4.591,4.754469512502036,3039748.99,1724371199999,14158806.492,61121.0,1622459.96,7554867.26163,0,0.005905605256430135,0.005888235522021571,4.609947447679071,0.0663460091487007,4.517202940449189,0.011766241611891104,4.605852749385302,-0.020249541910056124,,,,,,,0.0204559963731324,0.04194243091181693,,5.209,3.59,0.7192523239666684,43.01397125579088,-0.22822249478242096,-0.2972028113408067,0.06898031655838577,4.605852749385302,5.030390885105805,4.1813146136647985,0.6750334665041451,2151429.585,1.412897271281133,16949.061492601082,0.025000000000000355,0.030999999999999694,0.07299999999999951,0.12899999999999956,0.19379844961240653,0.5337480052917132,0.4662519947082868,0.020107252342569246,0,3,8,3,False,False,recovery
2024-08-23,4.69,4.953,4.684,4.960915859726617,3604290.98,1724457599999,17308988.02795,71503.0,1802725.48,8663113.18293,0,0.04342153139939664,0.04250524719868051,4.713039185695351,0.10309173801628013,4.553606273357209,0.036403332908020225,4.599719824987691,-0.006132924397610928,,,,,,,0.023630927514998495,0.043103074436644746,,5.097,3.59,0.9096986461357774,54.96451446458434,-0.18448736097853757,-0.2746597212683529,0.09017236028981535,4.599719824987691,4.997927551220788,4.201512098754594,0.953527155482029,2291882.0200000005,1.5726337344362948,155271.22583919816,0.20099999999999962,0.06200000000000028,0.006000000000000227,0.26900000000000013,0.747211895910779,0.5001609165306625,0.4998390834693374,0.01983829840508604,0,4,8,3,False,False,recovery
2024-08-24,4.892,5.1,4.845,5.05385826116847,3274573.09,1724543999999,16263900.72207,65838.0,1700011.8,8443436.66512,0,0.01873492799915666,0.018561590861439395,4.815991560252472,0.10295237455712147,4.615738054194792,0.06213178083758297,4.616142579470667,0.016422754482976032,,,,,,,0.018076238293187216,0.03996452932684393,,5.1,3.59,0.9694425570652121,59.06312825087587,-0.1407053140259622,-0.2478688398198748,0.10716352579391258,4.616142579470667,5.0605833034038055,4.1717018555375285,0.9924342641513345,2383207.804,1.3740191201555834,60255.89411163377,0.08899999999999952,0.11899999999999977,0.0470000000000006,0.2549999999999999,0.3490196078431355,0.5191552465851358,0.4808447534148642,0.02010582698583161,0,5,8,3,False,False,recovery
2024-08-25,4.982,4.995,4.744,4.891090663729848,3038021.47,1724630399999,14732464.97782,62912.0,1407601.08,6830289.37954,0,-0.03220660118018215,-0.03273664545645364,4.877378126736605,0.0613865664841331,4.672170702266589,0.056432648071797153,4.648951817484893,0.032809238014226416,,,,,,,0.020067521325342053,0.032249137486857996,,5.1,4.194,0.7694157436311793,63.50047800988563,-0.11778397089268289,-0.2218518660344364,0.10406789514175352,4.648951817484893,5.0712218782624054,4.226681756707381,0.7867108856819169,2453536.161,1.2382215996204347,-98807.3636097169,0.16300000000000026,0.0129999999999999,0.07500000000000018,0.25100000000000033,0.6494023904382472,0.4633282199944426,0.5366717800055574,0.020708214415614382,0,6,8,3,False,False,recovery
2024-08-26,4.823,4.866,4.53,4.627701437748311,2919726.61,1724716799999,13664083.01295,67183.0,1385369.0,6483634.77533,0,-0.053850816533562496,-0.05535502313891041,4.857607146975056,-0.019770979761549512,4.700604292752713,0.028433590486123705,4.652938242379686,0.003986424894792506,,,,,,,0.029099005770991098,0.031078003260230254,,5.1,4.211,0.4687305261510815,49.68886430934817,-0.11949449249456645,-0.20138039132646243,0.08188589883189598,4.652938242379686,5.072692314070584,4.233184170688788,0.46993858269234545,2553433.473,1.1434512161265145,-158134.1865968045,0.26500000000000057,0.04299999999999926,0.02799999999999958,0.3359999999999994,0.7886904761904793,0.4744858629075549,0.5255141370924451,0.02301003106588805,0,0,8,3,False,False,recovery
2024-08-27,4.557,4.658,4.24,4.446404267888848,4020085.47,1724803199999,17985690.71896,93324.0,1949821.66,8721214.32781,0,-0.03917650529064309,-0.03996455523749122,4.79599409805242,-0.06161304892263608,4.702970772865745,0.00236648011303231,4.64425344550715,-0.00868479687253565,,,,,,,0.03208805653842454,0.0321420429633798,,5.1,4.211,0.26479670178723075,45.31122914491153,-0.1339353364450071,-0.1878913803501714,0.053956043905164286,4.64425344550715,5.073938388922097,4.214568502092203,0.26977413259365834,2869477.338,1.4009817804666698,-158757.21469942943,0.17900000000000027,0.10099999999999998,0.1379999999999999,0.41800000000000015,0.42822966507177085,0.48501995157829314,0.5149800484217069,0.023214431806595395,0,1,8,3,False,False,recovery
2024-08-28,4.378,4.453,4.165,4.321881011774344,3363625.7,1724889599999,14541157.51819,88095.0,1498175.74,6475210.94376,0,-0.028005383364213987,-0.028405012977584566,4.668187128461964,-0.12780696959045557,4.690613157078658,-0.012357615787087717,4.614126750723738,-0.030126694783412233,,,,,,,0.03330211963794961,0.0284393302677092,,5.1,4.165,0.16778717836828194,46.46421027814437,-0.1536565384729185,-0.18104441197472082,0.02738787350180233,4.614126750723738,5.045591734201073,4.182661767246403,0.16133319024631107,3002435.473,1.1202990806124145,-95269.43508451393,0.12400000000000055,0.07500000000000018,0.08899999999999952,0.28800000000000026,0.4305555555555571,0.44540501043264114,0.5545949895673589,0.026190488436332256,0,2,8,3,False,False,recovery
2024-08-29,4.255,4.403,4.179,4.321262620676427,2528160.83,1724975999999,10850019.33844,46224.0,1070052.57,4596550.53653,0,-0.00014308378602567728,-0.0001430940234871438,4.521668000363556,-0.14651912809840795,4.668829780308014,-0.021783376770643237,4.588734313591279,-0.0253924371324592,5.239958859246837,,,,,,0.03230851435865044,0.02829277049937922,,5.1,4.165,0.16712579751489484,49.81155028136597,-0.16740588136330548,-0.17831670585243775,0.010910824489132276,4.588734313591279,5.026654073024799,4.150814554157758,0.1946110706892453,3067630.349,0.8241412889998763,-1188.604057357779,0.0030000000000001137,0.1479999999999997,0.07299999999999951,0.2239999999999993,0.013392857142857692,0.4232533616146565,0.5767466383853436,0.01828364693080068,0,3,8,3,False,False,recovery
2024-08-30,4.252,4.335,4.101,4.348091690016962,2493943.55,1725062399999,10540167.62173,46964.0,1170446.25,4949882.69724,0,0.006208618104385444,0.006189424039778608,4.413068205620979,-0.10859979474257742,4.645223166178792,-0.02360661412922216,4.566068288592426,-0.02266602499885284,5.208860693047175,-0.031098166199662103,,,,,0.032145849897981346,0.028405728911221766,0.033302785623246095,5.1,4.101,0.24733902904600805,50.16076267303667,-0.17413018856520868,-0.17747940239499194,0.0033492138297832597,4.566068288592426,5.0045650434194195,4.127571533765432,0.25145015763974643,3115425.128,0.8005146801910239,14663.355773753958,0.025000000000000355,0.05799999999999983,0.1509999999999998,0.23399999999999999,0.10683760683760836,0.4693154542331161,0.530684545766884,0.018831220137280173,0,4,8,3,False,False,recovery
2024-08-31,4.277,4.318,4.218,4.3301913921940764,1087944.03,1725148799999,4651653.69586,31547.0,520758.58,2226708.85542,0,-0.004116817008248397,-0.004125314428957326,4.3535661965101315,-0.059502009110847354,4.605586671742594,-0.03963649443619843,4.555511685289946,-0.010556603302480205,5.173363943609395,-0.035496749437779584,,,,,0.02960929963016322,0.025899166434101565,0.032806060819163756,5.1,4.101,0.22942081300708364,46.71452725239238,-0.17884207479114433,-0.17775193687422242,-0.0010901379169219183,4.555511685289946,5.0065044930585705,4.104518877521321,0.2501952478902207,2937012.072,0.3704254539407286,-4833.045725976127,0.019000000000000128,0.04099999999999948,0.040000000000000036,0.09999999999999964,0.19000000000000195,0.478663024604308,0.5213369753956919,0.028996896099517177,0,5,8,3,False,False,recovery
2024-09-01,4.259,4.259,4.032,4.138322430392462,2516218.02,1725235199999,10468108.13323,40403.0,1127520.91,4688619.79698,0,-0.04430957997549301,-0.045321246800730665,4.291949829010854,-0.061616367499277125,4.543971963531637,-0.06161470821095705,4.530587451990413,-0.024924233299532972,5.131407522278093,-0.041956421331302174,,,,,0.031146311871500413,0.02693433820028142,0.03298751213871589,5.1,4.032,0.09955283744612523,40.26572956364676,-0.1958014233478762,-0.18136183416895318,-0.014439589178923018,4.530587451990413,5.016415560547794,4.044759343433031,0.09629237719206565,2884658.975,0.8722757323506498,-112278.39920150339,0.19100000000000072,0.0,0.03599999999999959,0.2270000000000003,0.8414096916299579,0.44810143677454467,0.5518985632254554,0.01605703467619233,0,6,9,3,False,False,recovery
2024-09-02,4.068,4.234,4.051,4.2821414686665555,2199151.08,1725321599999,9124704.26325,38829.0,1087453.21,4513299.68212,0,0.03475298039076535,0.0341627319428856,4.284001920389296,-0.007947908621558142,4.476094524425631,-0.06787743910600597,4.51485039889142,-0.015737053098992426,5.09052429147441,-0.040883230803682835,,,,,0.02946619126187573,0.02836321873797228,0.03338726765922215,5.1,4.032,0.23421485830201835,42.1071727180504,-0.19538456319982878,-0.18416637997512833,-0.011218183224700445,4.51485039889142,5.011897424078977,4.017803373703864,0.2659085373893404,2744144.9850000003,0.801397554437161,75683.66548672583,0.14000000000000057,0.0259999999999998,0.01699999999999946,0.18299999999999983,0.7650273224043754,0.49448772296262605,0.5055122770373739,0.017656358561777392,0,0,9,3,False,False,recovery
2024-09-03,4.209,4.285,4.056,4.134919429608793,2045219.35,1725407999999,8557835.91155,41621.0,1021159.38,4273391.00259,0,-0.03438047064419081,-0.03498538430411743,4.24673328217577,-0.03726863821352655,4.384200641269663,-0.09189388315596769,4.499969347732227,-0.014881051159193248,5.0433702382548224,-0.047154053219587766,,,,,0.027595355183573037,0.02828187348553964,0.03324664297005066,5.1,4.032,0.09636650712433802,37.01574689447956,-0.20457556690383072,-0.1882482173608688,-0.016327349542961916,4.499969347732227,5.024455761273232,3.9754829341912226,0.15199296998100945,2621209.611,0.7802578402799851,-70960.55729562722,0.14699999999999935,0.07600000000000051,0.006000000000000227,0.2290000000000001,0.6419213973799096,0.499290885351735,0.5007091146482651,0.020350384422091448,0,1,9,3,False,False,recovery
2024-09-04,4.063,4.197,3.868,4.1861657076047925,4271469.46,1725494399999,17306441.51132,63486.0,2182306.16,8834575.91811,0,0.01239353725469039,0.01231736607964836,4.214348085693336,-0.03238519648243354,4.313708145657157,-0.07049249561250637,4.492939423961873,-0.007029923770353719,5.000142886968696,-0.043227351286126314,,,,,0.028891340776429464,0.028040971396673227,0.03331293702765165,5.1,3.868,0.25825138604285114,33.51244348055209,-0.20535712806365236,-0.19166999950142552,-0.013687128562226841,4.492939423961873,5.030799274491405,3.955079573432342,0.21482002602066552,2744554.41,1.5563435158860632,51526.83494337666,0.04800000000000004,0.0860000000000003,0.19499999999999984,0.3290000000000002,0.14589665653495446,0.5109029059990049,0.4890970940009951,0.014862800868532956,0,2,9,3,False,False,recovery
2024-09-05,4.111,4.127,3.973,4.095856873468596,1907467.81,1725580799999,7705627.49877,37512.0,907343.18,3666892.12144,0,-0.02157316275658594,-0.021809265259877968,4.167481181948239,-0.046866903745097055,4.260523689229186,-0.05318445642797087,4.48056399099095,-0.012375432970923583,4.9567104970940115,-0.043432389874684674,,,,,0.025703594553781295,0.028370948816525347,0.03336374348824905,5.1,3.868,0.18494876093230175,30.642463996705217,-0.2108333336548487,-0.19550266633211016,-0.015330667322738523,4.48056399099095,5.04370966075864,3.9174183212232605,0.15843019117854987,2643328.5300000003,0.721615867400334,-41759.207711019255,0.08999999999999986,0.016000000000000014,0.04800000000000004,0.15399999999999991,0.5844155844155838,0.47567941919816725,0.5243205808018327,0.019665862670573717,0,3,9,3,False,False,recovery
2024-09-06,4.022,4.096,3.818,4.034018770373147,3968575.54,1725667199999,15761203.88402,74308.0,1872202.04,7433428.25698,0,-0.015097720698204142,-0.015212851562233823,4.146620449944377,-0.020860732003861848,4.219285139477615,-0.041238549751570375,4.461127956171681,-0.019436034819269032,4.915247296941884,-0.04146320015212712,,,,,0.023923909390644947,0.02806176989849128,0.03328339074446825,5.1,3.818,0.16850138094629263,20.22630866966027,-0.21765410314097977,-0.1999329536938841,-0.017721149447095658,4.461127956171681,5.058470445432055,3.863785466911307,0.14249221051780706,2638177.537,1.5042867602128325,-61191.664630688836,0.06300000000000017,0.07399999999999984,0.14100000000000001,0.278,0.2266187050359718,0.47175668476755267,0.5282433152324474,0.01872409867244205,0,4,9,3,False,False,recovery
2024-09-07,3.96,4.133,3.935,4.1576486518942835,1686608.94,1725753599999,6840358.24733,29572.0,833675.22,3383022.47939,0,0.030646828524722114,0.03018659399800889,4.121721886589922,-0.02489856335445495,4.202861903489609,-0.016423235988006546,4.446737530284134,-0.014390425887547131,4.871303152088666,-0.04394414485321807,,,,,0.025965662948180538,0.029070720679534194,0.033018600900388835,5.1,3.818,0.2649365459393787,21.768624627223687,-0.21065540944733385,-0.20207744484457407,-0.00857796460275978,4.446737530284134,5.059341663204844,3.8341333973634235,0.2640491935537862,2470475.861,0.6827060999160275,51122.27148269754,0.11899999999999977,0.05400000000000027,0.02499999999999991,0.19799999999999995,0.6010101010101,0.49429076309769826,0.5057092369023017,0.01753340641014271,0,5,9,3,False,False,recovery
2024-09-08,4.08,4.208,4.059,4.242612994189731,1503933.15,1725839999999,6229901.43706,40230.0,739421.07,3063885.3401,0,0.020435671556021662,0.02022966507905696,4.14326059950611,0.02153871291618792,4.19499694084094,-0.007864962648668872,4.431913360574477,-0.014824169709656942,4.829116453538428,-0.042186698550238155,,,,,0.027059167593305147,0.02904374375810027,0.03324624652857303,5.1,3.818,0.33121138392334704,28.519474993060612,-0.19599368868432965,-0.2008606936125252,0.004867004928195556,4.431913360574477,5.049436376954328,3.814390344194625,0.34672606415992824,2368053.093,0.6350926651288556,30233.51760235341,0.08099999999999952,0.0470000000000006,0.020999999999999908,0.14900000000000002,0.5436241610738222,0.49165820302584595,0.508341796974154,0.02674985919420687,0,6,9,3,False,False,recovery
2024-09-09,4.162,4.341,4.111,4.3714895440952155,2798131.43,1725926399999,11804326.7307,46853.0,1268016.84,5351969.20742,0,0.03037669240206009,0.02992445616070032,4.180325366804195,0.03706476729808461,4.197336726248765,0.00233978540782509,4.421279946213779,-0.01063341436069809,4.787518730212422,-0.04159772332600653,,,,,0.028844934088544924,0.029869832116279325,0.03351950646233978,5.1,3.818,0.4317391139588265,40.68281228994126,-0.17199228879282913,-0.19508701264858602,0.023094723855756893,4.421279946213779,5.035077611926604,3.8074822805009534,0.459440704241894,2398471.881,1.166630908690649,84058.2621365058,0.12399999999999967,0.055000000000000604,0.051000000000000156,0.23000000000000043,0.5391304347826062,0.45316557557126613,0.5468344244287339,0.016744388593640865,0,0,9,3,False,False,recovery
2024-09-10,4.286,4.289,4.197,4.337204616460081,1848659.47,1726012799999,7839080.53131,35745.0,927860.05,3937082.15623,0,-0.007842847910146555,-0.007873764798882712,4.228594915402492,0.04826954859829691,4.198038048675366,0.0007013224266012585,4.40181236020898,-0.01946758600479903,4.751896984396589,-0.035621745815832995,,,,,0.02894102809561692,0.028856643349237026,0.03290122985154168,5.1,3.818,0.40499580067089014,45.55350654808134,-0.15396272710750036,-0.1868621555403689,0.03289942843286853,4.40181236020898,4.999324082540964,3.8043006378769952,0.44593600314923887,2474543.425,0.7470709349139832,-15096.379246383158,0.034999999999999254,0.0030000000000001137,0.05400000000000027,0.09199999999999964,0.380434782608689,0.5019096621402102,0.4980903378597898,0.019335632429914203,0,1,9,3,False,False,recovery
2024-09-11,4.25,4.257,4.058,4.277381140600362,2947171.99,1726099199999,12240158.54185,46765.0,1459056.96,6062347.30327,0,-0.013793095126912847,-0.013889103722921443,4.2772673894479345,0.048672474045442726,4.2119439196961554,0.013905871020789107,4.377957941613896,-0.02385441859508397,4.718632519824172,-0.03326446457241694,,,,,0.025031232500032145,0.02884082862709706,0.0327566741778869,5.1,3.818,0.3583316229331995,48.087228496875305,-0.14285468423620884,-0.17806066127953687,0.035205977043328035,4.377957941613896,4.953893176031848,3.8020227071959436,0.4126839312798962,2517638.8219999997,1.1706095267703178,-41597.346365561374,0.05900000000000016,0.006999999999999673,0.133,0.19899999999999984,0.29648241206030257,0.4950701774279552,0.5049298225720448,0.015867753954868443,0,2,9,3,False,False,recovery
2024-09-12,4.192,4.3,4.189,4.3839315696365135,2205112.48,1726185599999,9352024.26962,37641.0,975304.62,4137888.81706,0,0.024910202185348673,0.024605001128549384,4.322523972996381,0.045256583548446194,4.2221229297931515,0.010179010096996066,4.349108727109391,-0.02884921450450495,4.690854330506607,-0.027778189317564816,,,,,0.023834688300282264,0.027473908726137593,0.0328829039994186,5.1,3.818,0.44144428208776415,52.46891010418047,-0.12402407871038967,-0.16725334476570744,0.04322926605531777,4.349108727109391,4.855724293818132,3.8424931604006494,0.5343681134329838,2518234.9620000003,0.8756579561776411,54193.88819852069,0.10199999999999942,0.006000000000000227,0.0030000000000001137,0.11099999999999977,0.9189189189189156,0.44229245847812715,0.5577075415218727,0.017069877542029058,0,3,9,3,False,False,recovery
2024-09-13,4.294,4.472,4.27,4.5140398282534395,3251739.87,1726271999999,14194643.53504,56596.0,1491325.17,6514908.20375,0,0.02967844195335223,0.029246561221091403,4.376809339809123,0.0542853668127421,4.260034969657616,0.03791203986446412,4.322117805463639,-0.026990921645751342,4.665499437806802,-0.025354892699804843,,,,,0.021258187082058854,0.028090368045160533,0.03323515605871024,4.995,3.818,0.5913677385330837,56.04572756892938,-0.09747836909296748,-0.15329834963115946,0.05581998053819198,4.322117805463639,4.715508462884225,3.928727148043054,0.7439331224185766,2638887.014,1.2322391420127699,95416.67993013507,0.12600000000000033,0.05200000000000049,0.02400000000000002,0.20200000000000085,0.6237623762376228,0.45862376131581517,0.5413762386841848,0.017404836260779988,0,4,9,3,False,False,recovery
2024-09-14,4.42,4.445,4.344,4.532876543649015,1857961.23,1726358399999,8172515.08683,30347.0,829481.38,3649907.84454,0,0.00417291741151149,0.004164234937433876,4.409086739719882,0.032277399910759286,4.294706053262038,0.03467108360442239,4.304207099459598,-0.017910706004041543,4.638231846006885,-0.02726759179991678,,,,,0.021271897598261622,0.027423199028970845,0.03307614782692287,4.866,3.818,0.6821341065353195,57.37907465610262,-0.07406693988430835,-0.13745206768178925,0.0633851277974809,4.304207099459598,4.6117834515993765,3.9966307473198195,0.8717279345414328,2397536.1909999996,0.7749460621176502,7146.004730769206,0.017000000000000348,0.008000000000000007,0.07599999999999962,0.10099999999999998,0.1683168316831718,0.4464470875961174,0.5535529124038826,0.016333494752202124,0,5,9,3,False,False,recovery
2024-09-15,4.437,4.558,4.355,4.489386169839316,2920077.53,1726444799999,13096611.08845,54422.0,1363491.05,6118268.12897,0,-0.009594431569205919,-0.00964075466172043,4.439523050395729,0.030436310675846734,4.33405898289911,0.039352929637072265,4.297291336064148,-0.006915763395450192,4.610899906508223,-0.027331939498662194,,,,,0.019687842918079623,0.024801228613194407,0.03308208584336542,4.658,3.818,0.7992692498087087,64.32914103462795,-0.05834990192064193,-0.1216316345295598,0.06328173260891787,4.297291336064148,4.579407924286732,4.015174747841563,0.8404529222925538,2498797.1629999997,1.16859326288582,-28957.27097588498,0.04400000000000048,0.12099999999999955,0.03799999999999937,0.2029999999999994,0.21674876847290941,0.4669365919198728,0.5330634080801272,0.018637176390313172,0,6,9,3,False,False,recovery
2024-09-16,4.393,4.393,4.148,4.289458728070368,3152928.3,1726531199999,13423563.17722,61198.0,1471493.12,6260182.74717,0,-0.04453335805952807,-0.04555542753816065,4.44193856788973,0.0024155174940014845,4.359602978668833,0.02554399576972255,4.289444059073224,-0.007847276990923469,4.581682783307667,-0.029217123200555584,,,,,0.0251879415916912,0.0252574148852428,0.03350854614960048,4.558,3.818,0.6371063892842814,50.28558331546425,-0.061319654974316684,-0.10956923861851119,0.0482495836441945,4.289444059073224,4.562688307859949,4.0161998102864995,0.5000268422797721,2417232.4390000002,1.3043546202384881,-141390.13774186216,0.19700000000000006,0.0,0.04800000000000004,0.2450000000000001,0.8040816326530611,0.46670681347241555,0.5332931865275845,0.019409892701968516,0,0,9,3,False,False,recovery
2024-09-17,4.195,4.288,4.127,4.250972011069603,3322360.31,1726617599999,13932318.9294,48680.0,1717293.46,7204037.89038,0,-0.008972394756687319,-0.009012889093284555,4.415346656176348,-0.026591911713381933,4.3689353145863645,0.009332335917531687,4.285898609037988,-0.0035454500352365415,4.55304616599113,-0.028636617316537105,,,,,0.024048438440092884,0.024554598490006577,0.033499952829160656,4.558,3.818,0.5850973122562203,54.94947631745963,-0.06601775054663683,-0.10085894100413631,0.03484119045749948,4.285898609037988,4.559210858020862,4.0125863600551135,0.4361049530374815,2580807.576,1.2873336008836949,-30879.898019542048,0.038000000000000256,0.09299999999999997,0.03000000000000025,0.16100000000000048,0.23602484472049778,0.5168895904610659,0.4831104095389341,0.014652233790982171,0,1,9,3,False,False,recovery
2024-09-18,4.158,4.178,3.973,4.271789777546164,4814848.56,1726703999999,19623240.25152,73568.0,2416448.53,9853748.55713,0,0.004897177968321564,0.00488522579768296,4.366896646034894,-0.04845001014145467,4.371852992922007,0.002917678335642826,4.283424966881474,-0.002473642156513911,4.5274047676484965,-0.025641398342633792,,,,,0.023248312047999806,0.02458472294461134,0.033433672726738674,4.558,3.818,0.6132294291164385,53.74904915198967,-0.06728557909039168,-0.09414426862138739,0.02685868953099571,4.283424966881474,4.556284714373186,4.010565219389761,0.4786791759461284,2911899.117,1.6535080257040373,22006.765128698946,0.017999999999999794,0.0019999999999997797,0.1850000000000005,0.20500000000000007,0.08780487804877946,0.5018742541717657,0.4981257458282343,0.015279400604865547,0,2,9,3,False,False,recovery
2024-09-19,4.177,4.352,4.177,4.354016412773214,4658192.56,1726790399999,19817235.20155,64863.0,2178485.68,9262543.92627,0,0.01924875509072521,0.01906584131910451,4.331124619859733,-0.0357720261751604,4.370105679789807,-0.0017473131322001123,4.283721203019287,0.000296236137812933,4.505988494328087,-0.021416273320409296,,,,,0.021910019437088098,0.02493646127134943,0.033492329348511464,4.558,3.818,0.7243465037475871,61.38408493979302,-0.06095271512119904,-0.08750595792134971,0.026553242800150673,4.283721203019287,4.556889248692704,4.0105531573458695,0.6286666044350744,3097905.23,1.5036588320682747,88121.93779693444,0.07800000000000029,0.09700000000000042,0.0,0.1750000000000007,0.44571428571428556,0.4676675882200972,0.5323324117799028,0.013924499505877019,0,3,9,3,True,False,recovery
2024-09-20,4.255,4.404,4.19,4.442437191310855,4540903.46,1726876799999,19590156.37523,55748.0,2318134.56,10011756.39755,0,0.020307865234096,0.02010441041595139,4.321734824154041,-0.009389795705692094,4.380628937274885,0.010523257485077764,4.289333492975125,0.005612289955838179,4.487291648056712,-0.018696846271375023,,,,,0.022613636228140475,0.025300841981607067,0.03365688358808475,4.558,3.818,0.8438340423119666,67.59750223991821,-0.04824294232613724,-0.07965335480230723,0.03141041247616999,4.289333492975125,4.571001472612731,4.0076655133375185,0.7717804461350442,3367129.6289999997,1.3485977554563582,90711.34996474735,0.08499999999999996,0.06400000000000006,0.0649999999999995,0.21399999999999952,0.3971962616822437,0.5105007363446569,0.48949926365534313,0.012276852060624958,0,4,9,3,False,False,recovery
2024-09-21,4.339,4.477,4.282,4.5688000968043445,2465166.54,1726963199999,10802753.21114,35201.0,1185147.43,5192551.23226,0,0.028444500181262544,0.028047466750418526,4.3776030979008365,0.05586827374679526,4.409770832895283,0.029141895620398373,4.310857376295719,0.021523883320594628,4.475478442978735,-0.011813205077976896,,,,,0.023143204636038233,0.023522449851181154,0.03351143399575592,4.558,3.818,1.0145947254112766,67.67363577677773,-0.027655134229942924,-0.06925371068783437,0.041598576457891445,4.310857376295719,4.6092325310561195,4.012482221535319,0.9322456417588741,3318929.084,0.742759630473623,69297.30826728111,0.12299999999999933,0.015000000000000568,0.057000000000000384,0.19500000000000028,0.6307692307692264,0.48075755157702244,0.5192424484229776,0.014279359803415147,0,5,9,3,False,False,recovery
2024-09-22,4.46,4.483,4.234,4.415618976494776,2410272.28,1727049599999,10500125.54048,37253.0,1048031.75,4567696.20899,0,-0.033527647755197565,-0.03410258680105799,4.4105324909858705,0.032929393085034064,4.412939573581109,0.003168740685826066,4.3175312516871305,0.006673875391411066,4.462119335555055,-0.013359107423680072,,,,,0.025350551287758188,0.0239620440586499,0.03376330554061752,4.558,3.818,0.8075932114794272,57.02480152362713,-0.023429503475797198,-0.06008886924542693,0.036659365769629734,4.3175312516871305,4.619155384784631,4.01590711858963,0.6625992651853532,3339445.064,0.7217583262510588,-81566.8118063648,0.14900000000000002,0.022999999999999687,0.07699999999999996,0.24899999999999967,0.5983935742971896,0.43481882055250626,0.5651811794474938,0.015455930149103321,0,6,9,3,False,False,recovery
2024-09-23,4.31,4.462,4.233,4.567668364756023,3549403.67,1727135999999,15572255.46289,59614.0,1723667.44,7566842.61342,0,0.0344344448809184,0.03385484730327025,4.469708208427843,0.05917571744197225,4.418302427231367,0.005362853650257904,4.339168698444492,0.0216374467573619,4.458964639419996,-0.003154696135059254,,,,,0.02598479318093162,0.023426546612939657,0.032679959433054726,4.558,3.818,1.0130653577784097,57.81858725244299,-0.007722525291727678,-0.04961560045468709,0.04189307516295941,4.339168698444492,4.64764516675985,4.030692230129135,0.8703680665812306,3369211.4439999997,1.0534820176753503,121030.4661308282,0.14800000000000058,0.0039999999999995595,0.07699999999999996,0.2290000000000001,0.6462882096069892,0.4856216988134235,0.5143783011865765,0.01679549736871715,0,0,9,3,False,False,recovery
2024-09-24,4.458,4.684,4.401,4.750563473192173,4816662.23,1727222399999,21852476.87401,71793.0,2231481.85,10124952.98568,0,0.040041240701133685,0.03926036688738244,4.549017620511634,0.07930941208379139,4.440071120185683,0.021768692954315938,4.367388586723861,0.028219888279368277,4.4692777908149335,0.010313151394937492,,,,,0.0287274371214495,0.024653818910808048,0.029550697451872377,4.684,3.818,1.076863133016366,64.7293899159364,0.01926144091339399,-0.03584019218107087,0.055101633094464864,4.367388586723861,4.717398429664944,4.0173787437827775,1.0473773012332284,3665081.5439999998,1.3142032918435935,191240.29042395615,0.1769999999999996,0.04900000000000038,0.057000000000000384,0.28300000000000036,0.625441696113072,0.4632838557998699,0.53671614420013,0.01490513483649444,0,1,9,3,False,False,recovery
2024-09-25,4.636,4.773,4.59,4.754154849952103,3965799.79,1727308799999,18568345.42913,76184.0,1950010.71,9129192.72577,0,0.0007559896379021325,0.000755704021675365,4.611361152239884,0.062343531728250134,4.466547988196963,0.026476868011279464,4.4003034855480365,0.032914898824175864,4.473401429016926,0.004123638201992463,,,,,0.02832381656640796,0.023800073921206557,0.02770715891088065,4.773,3.818,0.98026685858859,67.69833601209888,0.040469712970469196,-0.02057821115076286,0.061047924121232056,4.4003034855480365,4.766248142858078,4.034358828237995,0.9834766095577544,3769653.7700000005,1.0520329006236557,1711.2404703340983,0.0009999999999994458,0.13600000000000012,0.04600000000000026,0.18299999999999983,0.005464480874313916,0.49170679642403226,0.5082932035759677,0.019210248634361847,0,2,9,3,False,False,recovery
2024-09-26,4.637,4.878,4.564,4.937227147402886,3813731.87,1727395199999,18144226.1778,73685.0,1762258.07,8388560.60372,0,0.03850785328387607,0.037784926446868074,4.6850465623595925,0.0736854101197082,4.531324830130215,0.06477684193325217,4.4454639043995225,0.04516041885148603,4.479743967858193,0.006342538841266787,,,,,0.023606710632812448,0.024108126929744823,0.02813250597781613,4.878,3.935,1.0628071552522653,69.43478925160188,0.07122874514265032,-0.0022168198920802257,0.07344556503473054,4.4454639043995225,4.842673075197189,4.048254733601856,1.119023022575002,3835734.1270000003,0.9942638732843538,145574.8417058445,0.1770000000000005,0.06400000000000006,0.07299999999999951,0.31400000000000006,0.563694267515925,0.46208231990887183,0.5379176800911282,0.019320970249541953,0,3,9,3,False,False,recovery
2024-09-27,4.814,4.964,4.809,5.008590746746312,4302233.12,1727481599999,21054523.50476,68675.0,1884592.3,9228034.37419,0,0.014454185965692146,0.014350720038486297,4.8036409164099,0.11859435405030716,4.607086703697885,0.07576187356766972,4.4880110091421255,0.042547104742602926,4.481427484644267,0.0016835167860742573,,,,,0.02214522559366703,0.023661193322957786,0.026639912713429727,4.964,3.973,1.044995708119386,68.11910547427003,0.10020880112098407,0.018268304310532637,0.08194049681045143,4.4880110091421255,4.934636000557484,4.041386017726767,1.0827928884526417,3933721.408,1.0936801755331629,60771.053626921544,0.06799999999999962,0.08200000000000074,0.004999999999999893,0.15500000000000025,0.4387096774193517,0.4380497865722348,0.5619502134277652,0.0159626403508325,0,4,9,3,False,False,recovery
2024-09-28,4.883,4.93,4.746,4.919902601792675,2346081.15,1727567999999,11323964.67363,44101.0,1009865.16,4874839.72068,0,-0.017707205367348267,-0.01786585352861112,4.87408776381723,0.07044684740733054,4.671897986122536,0.0648112824246514,4.521875489522272,0.033864480380146667,4.483243309413608,0.0018158247693413898,,,,,0.02451689651703706,0.024272847099712763,0.02661564520822999,4.964,3.973,0.9555021208805998,63.48923623094161,0.11469715477014653,0.037554074402455416,0.0771430803676911,4.521875489522272,4.992233705862912,4.0515172731816325,0.9231106191436721,3686844.6670000004,0.6363384850463514,-42289.04981564924,0.08900000000000041,0.04699999999999971,0.047999999999999154,0.18399999999999928,0.4836956521739172,0.43044766801864465,0.5695523319813552,0.01879772999326984,0,5,9,3,False,False,recovery
2024-09-29,4.794,4.858,4.682,4.89377824131339,2288995.53,1727654399999,10921605.08779,49414.0,1089780.66,5201560.09456,0,-0.005309934483208267,-0.005324082290159171,4.902730717441473,0.028642953624243184,4.725874168976555,0.05397618285401862,4.54798992438318,0.02611443486090792,4.485090630439996,0.0018473210263874051,,,,,0.025208193731299983,0.023826705026259297,0.026613604177423554,4.964,3.973,0.9291405058661852,64.26721321273132,0.12265734434569886,0.05457472839110411,0.06808261595459475,4.54798992438318,5.040658596118887,4.055321252647473,0.8509339407679127,3449924.964,0.6634913958667767,-12891.714499373944,0.026999999999999247,0.06400000000000006,0.08499999999999996,0.17599999999999927,0.15340909090908728,0.47609558241470223,0.5239044175852978,0.021587634992017657,0,6,9,3,False,False,recovery
2024-09-30,4.767,4.771,4.399,4.55134228656801,4303691.53,1727740799999,19804776.77364,83551.0,2056858.54,9462975.0416,0,-0.06997373764395931,-0.07254245414103423,4.8621682047646555,-0.040562512676817875,4.7367646785022695,0.010890509525714798,4.558696807888578,0.010706883505397613,4.485291007006482,0.00020037656648597135,,,,,0.03584212202227814,0.029168322202798722,0.02736228082242112,4.964,3.973,0.5835946383128254,58.395231334694714,0.1001793273172753,0.06369564817633835,0.03648367914093695,4.558696807888578,5.041281851548392,4.076111764228763,0.49238007744211004,3426203.771,1.2561107913158036,-302441.0871722258,0.33499999999999996,0.0039999999999995595,0.03300000000000036,0.3719999999999999,0.9005376344086023,0.4779288956148769,0.522071104385123,0.019413798460597383,0,0,9,3,False,False,recovery
2024-10-01,4.432,4.563,4.051,4.267237410274012,8519076.94,1727827199999,36807460.52113,136213.0,4394384.58,19009272.08992,0,-0.06242221709680085,-0.0644555561491819,4.7281702573388795,-0.13399794742577598,4.7066084098492365,-0.030156268653033003,4.558189621372259,-0.0005071865163186473,4.4778996132843005,-0.007391393722181228,,,,,0.039959788712640824,0.032466618396334676,0.02859655122481253,4.964,3.973,0.29690959664380606,50.45048163903419,0.05876306370383588,0.06270913128183786,-0.003946067578001977,4.558189621372259,5.042039200381986,4.074340042362532,0.19933609150417558,4031594.8109999998,2.113078654818221,-534364.4831498205,0.27800000000000047,0.13099999999999934,0.10299999999999976,0.5119999999999996,0.5429687500000013,0.5158287231057688,0.4841712768942312,0.015989173587625798,0,1,10,4,False,False,recovery
2024-10-02,4.154,4.27,4.004,4.215183555451554,4868593.35,1727913599999,20216542.77875,109613.0,2458963.3,10216605.91659,0,-0.012198490455940125,-0.012273502688827367,4.569488819079927,-0.1586814382589523,4.686564867744914,-0.020043542104322576,4.549752220663011,-0.008437400709247811,4.470265633780403,-0.00763397950389777,,,,,0.03888645253746638,0.03204927854449899,0.028619879843201752,4.964,3.973,0.24438300247381814,48.45891499557344,0.021492315317682475,0.054465768089006786,-0.03297345277132431,4.549752220663011,5.051934399770317,4.047570041555705,0.16688516724528485,4277426.918,1.1382060858859542,-60945.318777082015,0.0519999999999996,0.11599999999999966,0.09800000000000075,0.266,0.19548872180450977,0.5050664788013154,0.4949335211986846,0.02251430590316195,0,2,10,4,False,False,recovery
2024-10-03,4.102,4.173,3.989,4.244301180260568,4867140.66,1727999999999,19828943.46369,93879.0,1966602.68,8013340.66888,0,0.006907795218397128,0.006884045709441863,4.4343685347735065,-0.13512028430642076,4.654228149295368,-0.032336718449546,4.536265288263368,-0.013486932399643159,4.466500848329762,-0.0037647854506408507,,,,,0.0367855834263135,0.03127992668985544,0.028205565888721876,4.964,3.973,0.27376506585324756,46.92409285995732,-0.005630566656137148,0.042446501139978,-0.04807706779611515,4.536265288263368,5.056644701669808,4.015885874856928,0.2194699670269599,4409200.617000001,1.103860105896379,32036.274456362225,0.026999999999999247,0.04400000000000048,0.11300000000000043,0.18400000000000016,0.14673913043477838,0.4040570875960671,0.5959429124039329,0.01928832687568146,0,3,10,4,False,False,recovery
2024-10-04,4.129,4.212,4.106,4.312510528754485,3025511.57,1728086399999,12597674.72679,65274.0,1480880.3,6166717.19056,0,0.01607080779543768,0.01594303943991088,4.318114992261726,-0.11625354251178077,4.610422854851599,-0.043805294443768794,4.525246987518641,-0.011018300744726872,4.466215775244613,-0.0002850730851484684,,,,,0.034083535039186284,0.031527740895393966,0.02809489762719307,4.964,3.973,0.34259387361703847,46.31570493532562,-0.021375320269658715,0.029682136858050656,-0.05105745712770937,4.525246987518641,5.055172828566461,3.995321146470821,0.2992771419265825,4230085.551,0.7152364966436112,47628.54251634833,0.06500000000000039,0.017999999999999794,0.022999999999999687,0.10599999999999987,0.6132075471698157,0.48946443129946454,0.5105355687005354,0.021574533261494024,0,4,10,4,False,False,recovery
2024-10-05,4.194,4.234,4.075,4.2573323424283265,1785207.19,1728172799999,7436986.80122,36880.0,816700.84,3404366.69144,0,-0.012794910518652114,-0.012877470372921512,4.259313003433789,-0.058801988827936746,4.560740604099221,-0.049682250752377755,4.513644296148092,-0.011602691370549145,4.464495111435439,-0.0017206638091744608,,,,,0.03391749119666993,0.031576356076115884,0.02815087770986118,4.964,3.973,0.2869145735906422,40.79622502904573,-0.037869038730548255,0.016171901740330875,-0.05404094047087913,4.513644296148092,5.056870806172289,3.970417786123895,0.2640837210721282,4012026.2909999997,0.4449639809202337,-23411.157713399953,0.054999999999999716,0.040000000000000036,0.06400000000000006,0.1589999999999998,0.34591194968553324,0.4574823833193278,0.5425176166806722,0.02065866651590172,0,5,10,4,False,False,recovery
2024-10-06,4.139,4.195,4.097,4.3122122456811525,1577602.61,1728259199999,6557940.2341,31733.0,755681.21,3142060.42345,0,0.012890678678264322,0.012808301060178873,4.268307970515218,0.008994967081428662,4.498239113927048,-0.06250149017217321,4.514781972028631,0.0011376758805390352,4.46228456701389,-0.002210544421548555,,,,,0.03061595943582917,0.030097540141368756,0.028089750635047494,4.964,3.973,0.34229288161569366,46.75589581554514,-0.04598202770702553,0.0037411158508595943,-0.049723143557885124,4.514781972028631,5.0561236311565265,3.9734403129007356,0.3129002978693533,3788413.3649999998,0.4164283191942546,19820.08594346447,0.0519999999999996,0.004000000000000448,0.041999999999999815,0.09799999999999986,0.5306122448979559,0.4790060597072668,0.5209939402927333,0.020114697959329568,0,6,10,4,False,False,recovery
2024-10-07,4.19,4.272,4.126,4.2518502215968486,3779052.3,1728345599999,15901823.96343,67923.0,1732641.74,7290928.34497,0,-0.01399792511251241,-0.014096820033351078,4.275641303744275,0.007333333229057715,4.422565061412103,-0.07567405251494552,4.514825882554994,4.3910526362545e-05,4.458412428052924,-0.003872138960966609,,,,,0.029062904096583502,0.03020335902481473,0.028147030935052688,4.964,3.973,0.2813826655871327,39.48728278933699,-0.056629550590397315,-0.00833301743739179,-0.04829653315300553,4.514825882554994,5.056077576682617,3.9735741884273703,0.25706712439763985,3736095.283,1.0114978376476274,-54102.39513242615,0.05900000000000016,0.08199999999999985,0.004999999999999893,0.1459999999999999,0.4041095890410973,0.4584857796225789,0.541514220377421,0.017973553845761808,0,0,10,4,False,False,recovery
2024-10-08,4.13,4.184,4.045,4.225424673036406,3238080.04,1728431999999,13334540.83259,57741.0,1481165.84,6099990.25798,0,-0.006215070424215985,-0.006234464372665532,4.2718660022994435,-0.0037753014448318467,4.353117268536475,-0.06944779287562763,4.512507627329506,-0.0023182552254876754,4.4521389937459945,-0.006273434306929282,,,,,0.029208309424123547,0.030219477142711438,0.027984478580291787,4.964,3.989,0.24248684413990312,30.4869192497126,-0.06643429688742852,-0.019953273327399136,-0.04648102356002939,4.512507627329506,5.058518550387443,3.9664967042715693,0.23710878100634783,3825295.172,0.8464915501689291,-21163.921830065643,0.0259999999999998,0.05400000000000027,0.05900000000000016,0.13900000000000023,0.18705035971222847,0.45742100927190177,0.5425789907280982,0.01783186310613866,0,1,10,4,False,False,recovery
2024-10-09,4.105,4.15,3.951,4.144395447540532,3076173.21,1728518399999,12500131.61043,58137.0,1407896.36,5725099.69408,0,-0.019176587388468502,-0.019362843151642484,4.238242986056653,-0.033623016242790627,4.278178989159189,-0.07493827937728614,4.502026579067872,-0.010481048261634207,4.443343746070622,-0.008795247675372764,,,,,0.029041439527122216,0.03014571338715223,0.028054230736642257,4.964,3.951,0.19091357111602358,28.57553962746283,-0.0798228620099879,-0.03192719106391689,-0.047895670946071,4.502026579067872,5.068511162930666,3.935541995205077,0.18434169109360987,3904012.94,0.7879515916768453,-59964.39005847953,0.0810000000000004,0.04499999999999993,0.07299999999999995,0.1990000000000003,0.4070351758793984,0.4576778561828773,0.5423221438171226,0.018899130845756243,0,2,10,4,False,False,recovery
2024-10-10,4.024,4.077,3.962,4.196215512101738,2490257.83,1728604799999,10043643.48152,49030.0,1211333.67,4886643.79651,0,0.01250364865446385,0.012426123601411182,4.226019619991336,-0.012223366065317265,4.242666311712562,-0.03551267744662656,4.489715495107417,-0.012311083960454994,4.4327369295815355,-0.010606816489086235,,,,,0.023153338660309827,0.02989084494690343,0.02773385182582088,4.964,3.951,0.24206862004120258,21.318477570133467,-0.0852690219899026,-0.04259555724911404,-0.042673464740788564,4.489715495107417,5.072130789262541,3.9073002009522924,0.2480320434996118,3722669.5699999994,0.6689440959434927,30323.716120775563,0.04900000000000038,0.0039999999999995595,0.06199999999999983,0.11499999999999977,0.4260869565217433,0.48642901767324226,0.5135709823267578,0.019688724359918988,0,3,10,4,False,False,recovery
2024-10-11,4.073,4.196,4.053,4.2985667822940785,2347729.65,1728691199999,9718414.52857,40200.0,1081519.82,4476260.7301,0,0.02439132830455515,0.024098610161518326,4.223290527313921,-0.002729092677414613,4.245799248914569,0.0031329372020065804,4.476203829381903,-0.0135116657255141,4.423618874977376,-0.009118054604159376,,,,,0.015388433825938581,0.02968362440398598,0.02796360398737436,4.964,3.951,0.3431063991057042,23.161683851976846,-0.08039945601022058,-0.05015633700133535,-0.03024311900888523,4.476203829381903,5.0634127735600964,3.8889948852037093,0.3487446003258434,3105534.841,0.7559823895725535,56488.4619936162,0.09799999999999986,0.024999999999999467,0.020000000000000462,0.1429999999999998,0.6853146853146853,0.4606662526070666,0.5393337473929334,0.017122925546389042,0,4,10,4,False,False,recovery
2024-10-12,4.172,4.263,4.152,4.335004544103263,2311858.57,1728777599999,9746467.49333,41063.0,1111794.34,4686774.63338,0,0.00847672344170003,0.008440997770661932,4.239921391815204,0.01663086450128315,4.25778134777974,0.011982098865170876,4.472173107762327,-0.00403072161957585,4.41110064866491,-0.012518226312466574,,,,,0.014820718811575083,0.028856018223823453,0.027242116455340613,4.964,3.951,0.3790765489666962,26.982123370488353,-0.072761319830418,-0.05467733356715189,-0.018083986263266114,4.472173107762327,5.0622328574598034,3.88211335806485,0.3837672254975961,2849861.3630000004,0.8112179069533213,18845.16695756402,0.03300000000000036,0.05799999999999983,0.019999999999999574,0.11099999999999977,0.2972972972973012,0.4809093230992933,0.5190906769007068,0.01776189968229761,0,5,10,4,False,False,recovery
2024-10-13,4.205,4.216,4.086,4.292058731362898,1965193.65,1728863999999,8160338.93552,38955.0,886413.52,3679686.64484,0,-0.00990675149320952,-0.009956149878240192,4.253248203480502,0.01332681166529781,4.262557102889973,0.004775755110233426,4.45839262609267,-0.01378048166965673,4.395864658068797,-0.015235990596112359,,,,,0.015263430822342338,0.02770985764740988,0.02709094208729624,4.964,3.951,0.3366818670907186,26.629555702973974,-0.0693737130724772,-0.05761660946821695,-0.011757103604260244,4.45839262609267,5.051925088733176,3.864860163452164,0.3598780140939672,2559666.6619999995,0.7677537388655493,-20095.916040428092,0.04300000000000015,0.01100000000000012,0.07599999999999962,0.1299999999999999,0.3307692307692322,0.4510565765363633,0.5489434234636368,0.01982247398367077,0,6,10,4,False,False,recovery
2024-10-14,4.163,4.4,4.134,4.516263945732777,4101366.34,1728950399999,17620355.12387,70533.0,2033911.13,8737691.50772,0,0.05223721957287486,0.05091858278615752,4.327621903118951,0.07437369963844898,4.282932444587802,0.02037534169782873,4.4466776497197005,-0.011714976372969588,4.388368123708856,-0.0074965343599409096,,,,,0.021979426675933843,0.028813001644599778,0.02784812363320705,4.964,3.951,0.558009818097509,48.49979816622824,-0.04804370534290392,-0.05570202864315435,0.00765832330025043,4.4466776497197005,5.02498264979859,3.8683726496408117,0.5601640103436626,2667252.139,1.5376747777349893,212853.2266794812,0.21499999999999986,0.02200000000000024,0.028999999999999915,0.266,0.8082706766917287,0.49591062133698594,0.5040893786630141,0.017197439622035814,0,0,10,4,False,False,recovery
2024-10-15,4.379,4.535,4.291,4.546612946816058,6569159.09,1729036799999,29005689.94078,101305.0,3009870.89,13292155.37626,0,0.006719935204840377,0.006697457085076525,4.397701390061815,0.07007948694286448,4.311860505026575,0.028928060438772718,4.436300554562899,-0.01037709515680163,4.386746353890211,-0.0016217698186453688,,,,,0.021087872596315803,0.02887518557030837,0.026809521076674805,4.964,3.951,0.5879693453268093,65.26033796308695,-0.028363651276419155,-0.05023435316980731,0.021870701893388154,4.436300554562899,4.9986013450501465,3.873999764075651,0.5980901984483881,3145647.329,2.088332989346372,42013.808707171076,0.027000000000000135,0.12900000000000045,0.08799999999999919,0.24399999999999977,0.11065573770491868,0.4581820669531083,0.5418179330468916,0.015421304098756422,0,1,10,4,False,False,recovery
2024-10-16,4.407,4.411,4.287,4.453110995656383,3164327.04,1729123199999,13725747.52256,46579.0,1551955.18,6731199.05376,0,-0.020565188251873034,-0.020779596392020885,4.428610232734276,0.030908842672460857,4.325950380024098,0.014089874997523566,4.412094746975574,-0.024205807587325268,4.386880488445562,0.00013413455535093988,,,,,0.022611695862405596,0.027521735824625162,0.026380225811563175,4.964,3.951,0.4956673204900124,62.43333106292071,-0.02008041811141048,-0.04420356615812795,0.024123148046717467,4.412094746975574,4.922925250797003,3.901264243154144,0.5401466321744436,3304319.772,0.9576334187791798,-66073.10206082577,0.09299999999999997,0.0039999999999995595,0.027000000000000135,0.12399999999999967,0.7500000000000018,0.49045347095349534,0.5095465290465047,0.014720033489332379,0,2,10,4,False,False,recovery
2024-10-17,4.313,4.35,4.146,4.329603089603132,2710997.96,1729209599999,11458108.72244,44544.0,1262299.34,5334933.81291,0,-0.027735195950364222,-0.02812707947476653,4.4275299418342495,-0.0010802909000267036,4.333725666824726,0.007775286800628223,4.3781453641184145,-0.033949382857159094,4.387034930002137,0.00015444155657551306,,,,,0.02415396091339491,0.02758660678979468,0.02637432089449356,4.93,3.951,0.3867242999010539,54.057346280295405,-0.023214351378269882,-0.04000572320215634,0.01679137182388646,4.3781453641184145,4.805486778503137,3.9508039497336926,0.4432043409773737,3197514.338,0.8478454428747584,-76038.65395456683,0.1200000000000001,0.03699999999999992,0.04699999999999971,0.20399999999999974,0.5882352941176483,0.46562164878943696,0.534378351210563,0.016430849693446468,0,3,10,4,False,False,recovery
2024-10-18,4.193,4.312,4.173,4.451847618486497,2869979.62,1729295999999,12196185.43876,40366.0,1274322.76,5414455.66046,0,0.028234580942746446,0.027843332579782304,4.459487719258969,0.0319577774247195,4.356367961369736,0.02264229454500999,4.354742614953105,-0.023402749165309267,4.389646629958339,0.002611699956201363,4.814802744602587,,,,0.025271376833363557,0.02853493869792551,0.02666655716598991,4.858,3.951,0.5522024459608563,56.3034857417196,-0.01565346087724251,-0.035135270737173575,0.019481809859931067,4.354742614953105,4.700674033616035,4.008811196290176,0.6403529692514126,3160704.296,0.9080190208340831,80082.903777725,0.11699999999999999,0.002000000000000668,0.019999999999999574,0.13900000000000023,0.8417266187050345,0.444018051947003,0.5559819480529969,0.014064908237919822,0,4,10,4,False,False,recovery
2024-10-19,4.311,4.483,4.31,4.579336156256804,3363117.5,1729382399999,14794341.83771,47421.0,1552289.14,6826335.5003,0,0.02863721957618348,0.028234838397965416,4.472102161363774,0.012614442104805335,4.399862032241363,0.04349407087162671,4.339020510700276,-0.015722104252828828,4.394271519283135,0.004624889324796655,4.801566106165155,-0.013236638437431836,,,0.024594138374645098,0.029483926049015993,0.02694406746251144,4.771,3.951,0.7662636051912239,63.67263197485537,0.0006187265554080668,-0.027984471278657247,0.028603197834065314,4.339020510700276,4.599935805103078,4.078105216297475,0.9605242596195367,3189398.725,1.0544675626908329,95197.2935034808,0.12100000000000044,0.05099999999999927,0.001000000000000334,0.17300000000000004,0.6994219653179214,0.46156256509027704,0.538437434909723,0.014100310203256354,0,5,10,4,False,False,recovery
2024-10-20,4.433,4.594,4.357,4.732745212566538,3366066.45,1729468799999,15115842.37493,53808.0,1599930.87,7197173.37547,0,0.03350028280848738,0.03295137378114568,4.509328614513871,0.03722645315009654,4.453515002287842,0.053652970046479176,4.348090657000203,0.009070146299926307,4.402322595690585,0.008051076407449287,4.78784326964999,-0.013722836515165149,,,0.025675719580032567,0.02596213731658549,0.027309702263916057,4.594,3.951,1.215777935562267,66.47755853590937,0.02559829981589168,-0.017267917059747465,0.04286621687563914,4.348090657000203,4.649546077402512,4.0466352365978935,1.1379957524946678,3276979.5870000003,1.0271856630884775,111645.2545464795,0.1459999999999999,0.015000000000000568,0.07599999999999962,0.2370000000000001,0.616033755274261,0.47531173069979055,0.5246882693002094,0.01598542417366716,0,6,10,4,False,False,recovery
2024-10-21,4.578,4.615,4.334,4.525417906826432,3629142.83,1729555199999,16181954.56423,61122.0,1817921.96,8101635.63802,0,-0.04380698652224169,-0.04479548936591893,4.5237899967478805,0.014461382234009612,4.4762001147410775,0.022685112453235234,4.360999681827824,0.012909024827621352,4.410064505219265,0.0077419095286801465,4.770736013748678,-0.017107255901311902,,,0.030701757558195587,0.023760874958058075,0.027292340636952194,4.615,3.951,0.8650872090759512,59.61206547226738,0.028338541658189165,-0.00814662531616014,0.03648516697434931,4.360999681827824,4.669896822743166,4.0521025409124825,0.7661374988959014,3405120.905,1.0657897123920186,-160097.5871718717,0.2010000000000005,0.03699999999999992,0.04300000000000015,0.2810000000000006,0.7153024911032032,0.5009232331591644,0.4990767668408356,0.016841993512831787,0,0,10,4,False,False,recovery
2024-10-22,4.378,4.437,4.271,4.46998972774417,3090937.0,1729641599999,13438975.13422,45842.0,1318675.16,5735679.8367,0,-0.012248190161322059,-0.012323817408156681,4.551867324376088,0.028077327628207804,4.489698633105169,0.013498518364091439,4.373739990442454,0.012740308614629825,4.4138214704008165,0.0037569651815516636,4.752172880937613,-0.018563132811064698,,,0.03118020843413617,0.023762573629537345,0.02695410015050064,4.615,3.951,0.7816110357592916,58.42139594147438,0.02574088731544233,-0.0013691227898396463,0.027110010105281974,4.373739990442454,4.678302847333057,4.069177133551851,0.6580129275847454,3483028.7479999997,0.8874279323060013,-38839.738405300304,0.05600000000000005,0.05900000000000016,0.051000000000000156,0.16600000000000037,0.337349397590361,0.4266263466385759,0.5733736533614241,0.014831101377996382,0,1,10,4,False,False,recovery
2024-10-23,4.324,4.332,4.104,4.355554292995214,3130845.0,1729727999999,13199935.21505,55171.0,1508190.33,6357837.33536,0,-0.025600827232036494,-0.02593423099241954,4.532608659277831,-0.019258665098257133,4.496048189268401,0.006349556163232073,4.379302646079187,0.0055626556367327495,4.418234167668545,0.004412697267728305,4.730802202961684,-0.02137067797592973,,,0.032305048467017365,0.024593365370620388,0.026745248639751393,4.615,3.951,0.6092685135470082,57.107561939780624,0.014283591969323162,0.0017614201619929155,0.012522171807330246,4.379302646079187,4.677917161464093,4.080688130694281,0.4602357690928687,3599593.883,0.8697772864839598,-81132.49421564085,0.11399999999999988,0.008000000000000007,0.10599999999999987,0.22799999999999976,0.5,0.4817198967052026,0.5182801032947973,0.017621760259610424,0,2,10,4,False,False,recovery
2024-10-24,4.21,4.26,4.143,4.352814229891002,3252270.96,1729814399999,13684651.05359,52552.0,1547628.27,6514481.60316,0,-0.0006290963032233865,-0.0006292942673327648,4.4873042740046705,-0.04530438527316072,4.479703217684223,-0.016344971584177692,4.381317831136013,0.0020151850568259633,4.421567138114269,0.003332970445724115,4.710855012541483,-0.019947190420200656,,,0.02705870894411229,0.02435787535376713,0.02669931215025264,4.615,3.951,0.6051419124864482,55.45118936029806,0.0049257220121203815,0.002394280532018409,0.0025314414801019727,4.381317831136013,4.678575372010605,4.08406029026142,0.45205571377407716,3514684.345,0.9253379936171764,-3090.043667458154,0.0039999999999995595,0.04999999999999982,0.06300000000000061,0.11699999999999999,0.034188034188030424,0.47586080281576537,0.5241391971842346,0.016158555251497248,0,3,10,4,False,False,recovery
2024-10-25,4.206,4.22,3.848,4.136812409121461,5549275.62,1729900799999,22558947.81695,108789.0,2751865.62,11183787.37897,0,-0.049623487096289276,-0.0508970435329639,4.368117713315655,-0.11918656068901523,4.438723163914764,-0.040980053769459346,4.375291834470669,-0.006025996665343314,4.422386248827326,0.0008191107130572917,4.689548372960669,-0.021306639580814135,,,0.030390077122671638,0.02671359666208504,0.027469737030175377,4.615,3.848,0.3765481214099884,44.78219298463446,-0.019692990545789435,-0.00202317368354316,-0.017669816862246276,4.375291834470669,4.687635762284584,4.062947906656754,0.11824225779204665,3412695.9980000006,1.6260679601265788,-277067.9696148366,0.2100000000000004,0.013999999999999346,0.14800000000000013,0.3719999999999999,0.5645161290322593,0.49589636710097307,0.5041036328990269,0.019604180338045635,0,4,10,4,False,False,recovery
2024-10-26,3.996,4.061,3.943,4.178528088409506,3482001.47,1729987199999,13979888.11519,43907.0,1528693.59,6141547.45575,0,0.010084015218109643,0.010033510777889196,4.29873974963227,-0.06937796368338489,4.411264873190075,-0.027458290724688972,4.368607626607087,-0.006684207863582259,4.425276435188054,0.0028901863607275757,4.670261866064969,-0.019286506895699773,,,0.030636796917896128,0.026643535948618197,0.027407351279180835,4.615,3.848,0.43093622999935643,44.96957479956854,-0.035428987614669616,-0.008704336469768452,-0.026724651144901163,4.368607626607087,4.692156151706804,4.04505910150737,0.20625806725745643,3444463.4410000006,1.01089807734731,33983.49783033063,0.039000000000000146,0.0259999999999998,0.052999999999999936,0.11799999999999988,0.33050847457627275,0.4390272672687872,0.5609727327312127,0.012609701741452739,0,5,10,4,False,False,recovery
2024-10-27,4.036,4.136,4.007,4.27620847140576,2787235.2,1730073599999,11318280.25932,33293.0,1421401.95,5771606.52754,0,0.023376744377332725,0.023107693246876358,4.259983498364589,-0.03875625126768156,4.4059254113703386,-0.005339461819736435,4.369825539097532,0.0012179124904445615,4.427647631578283,0.002371196390229535,4.649475391833476,-0.02078647423149338,,,0.030855482943835055,0.027009511602078675,0.02726619048218292,4.615,3.848,0.558290053984042,49.50776662143741,-0.03956184379583316,-0.014875837934981396,-0.02468600586085177,4.369825539097532,4.691702591299625,4.0479484868954385,0.3545763560165309,3452087.165,0.8074058002530189,64241.10869888503,0.09200000000000053,0.008000000000000007,0.028999999999999915,0.12900000000000045,0.713178294573645,0.50996842677647,0.49003157322352997,0.011944811833604857,0,6,10,4,False,False,recovery
2024-10-28,4.129,4.226,4.004,4.281725714675516,5064133.38,1730159999999,20860299.66655,67527.0,2411152.66,9936423.92182,0,0.001290218497682849,0.001289386881031569,4.245217782700649,-0.01476571566393936,4.388913220989241,-0.017012190381097803,4.372640591179488,0.0028150520819565372,4.428429885987999,0.000782254409715577,4.628773169763214,-0.020702222070261733,,,0.029167907646921586,0.02696145815130735,0.02712072629285285,4.615,3.848,0.5654833307373087,41.57154125310154,-0.04190886733738086,-0.02028244381546129,-0.021626423521919572,4.372640591179488,4.690155432297181,4.055125750061795,0.35683365825682317,3671502.5409999997,1.3793081506681164,4907.105988372102,0.0030000000000001137,0.0940000000000003,0.125,0.22200000000000042,0.013513513513514,0.47612345076108564,0.5238765492389144,0.013334364427818447,0,0,10,4,False,False,recovery
2024-10-29,4.133,4.251,4.119,4.346329998534126,5447880.2,1730246399999,22741558.62705,64993.0,2644878.18,11038248.97064,0,0.015088375146773414,0.014975677813577287,4.243920936429275,-0.0012968462713747186,4.365612605216972,-0.023300615772268607,4.382737318729168,0.01009672754967994,4.427926695076777,-0.0005031909112220845,4.607722712644599,-0.02105045711861475,,,0.02779131905546543,0.02669872917334193,0.026862513961051545,4.615,3.848,0.6497131662765662,42.97549751352916,-0.03811649143007312,-0.023849253338383655,-0.014267238091689463,4.382737318729168,4.6820108168133405,4.083463820644996,0.4391738319161126,3879978.8109999998,1.4041005029601954,80426.11137463688,0.05999999999999961,0.05800000000000072,0.014000000000000234,0.13200000000000056,0.45454545454544965,0.48548758102279854,0.5145124189772015,0.011929961308620552,0,1,10,4,False,False,recovery
2024-10-30,4.193,4.218,4.119,4.345650106558712,4299714.15,1730332799999,17948702.42749,55548.0,1976156.6,8249486.39746,0,-0.00015642898161061236,-0.00015644121789984636,4.285688475916724,0.04176753948744949,4.32690309461619,-0.03870951060078198,4.390209048452016,0.007471729722848153,4.42809560487875,0.00016890980197281635,4.589996294637669,-0.01772641800693009,,,0.02446939265368803,0.02660450292176704,0.02683728534113117,4.615,3.848,0.6488267360609022,45.96854455378082,-0.034765117171047244,-0.026032426104916375,-0.008732691066130869,4.390209048452016,4.677079831272725,4.103338265631307,0.42233621448798264,3973343.5809999993,1.0821400320276007,-2050.9010970661907,0.0019999999999997797,0.025000000000000355,0.07200000000000006,0.0990000000000002,0.020202020202017938,0.4596018551605343,0.5403981448394657,0.012918998347832028,0,2,10,4,False,False,recovery
2024-10-31,4.192,4.215,3.901,4.106405303189343,6741494.0,1730419199999,27165478.93525,70454.0,3056513.46,12271594.29632,0,-0.05505385788153705,-0.056627345579761644,4.271263918872691,-0.014424557044033115,4.285001834252482,-0.04190126036370856,4.3806009744967795,-0.009608073955236662,4.424676088130529,-0.003419516748220275,4.5716543039773505,-0.018341990660318608,,,0.02646387535352053,0.028928591035311976,0.027895950521677135,4.615,3.848,0.3369039155010986,42.295646033983466,-0.05082826846570754,-0.030991594577074608,-0.01983667388863293,4.3806009744967795,4.692201419685221,4.069000529308338,0.06002041148943728,4284578.698,1.573432179725597,-373186.9739918868,0.2330000000000001,0.022999999999999687,0.058000000000000274,0.31400000000000006,0.7420382165605097,0.45338814512035464,0.5466118548796454,0.01045079918486911,0,3,10,4,False,False,recovery
2024-11-01,3.959,3.996,3.845,4.054805586524434,5578717.23,1730505599999,21935907.11889,60728.0,3006108.65,11825925.91732,0,-0.012565665796513525,-0.012645281427011868,4.226983341896426,-0.04428057697626464,4.243483420130508,-0.04151841412197399,4.366591026617838,-0.014009947878941276,4.418093568468288,-0.006582519662241104,4.5544739494874475,-0.01718035448990296,,,0.026467932282284893,0.028914590225769955,0.027704010713903226,4.615,3.845,0.2724747876940703,35.59220606112173,-0.06695033569871711,-0.03818334280140311,-0.028766992897314,4.366591026617838,4.710359156984737,4.02282289625094,0.04651782327721873,4533356.721,1.2305930402868026,-71865.26363475645,0.051000000000000156,0.03699999999999992,0.06299999999999972,0.1509999999999998,0.33774834437086243,0.5388530241028187,0.46114697589718134,0.010885656593854641,0,4,11,4,False,False,recovery
2024-11-02,3.908,3.949,3.823,4.056104751006951,3320709.06,1730591999999,12913749.35063,37404.0,1541728.2,5997547.97743,0,0.0003204011770217008,0.0003203498595257471,4.1818591491627135,-0.04512419273371293,4.2135384659316815,-0.029944954198826146,4.35479332760004,-0.011797699017797925,4.4089348669233575,-0.009158701544930814,4.53721715236508,-0.01725679712236783,,,0.025967292893664756,0.028875233628222967,0.027345451443170993,4.615,3.823,0.2943241805643323,29.098885479648928,-0.07871498111402264,-0.04628967046392703,-0.032425310650095615,4.35479332760004,4.72454472507229,3.9850419301277906,0.09609540540613366,4552343.127,0.7294505197345156,0.0,0.0,0.040999999999999925,0.08499999999999996,0.1259999999999999,0.0,0.4642768071949067,0.5357231928050933,0.011263859412001604,0,5,11,4,False,False,recovery
2024-11-03,3.908,3.931,3.665,3.9286633613644186,6064734.41,1730678399999,22855062.20248,87232.0,2710097.1,10217067.28423,0,-0.0314196495075465,-0.0319238357225469,4.098325821728771,-0.08353332743394226,4.171123379079022,-0.04241508685265938,4.325413298381624,-0.02938002921841676,4.396850603277667,-0.012084263645690818,4.517541224642276,-0.0196759277228038,,,0.026962426596964288,0.02650188188285276,0.027649266198898865,4.615,3.665,0.27754038038359846,17.199487005569523,-0.09720152377711067,-0.05647204112656375,-0.04072948265054691,4.325413298381624,4.732625055255262,3.918201541507985,0.012845675106183242,4833589.472,1.2547061443947136,-192432.7192528146,0.12400000000000011,0.02300000000000013,0.11899999999999977,0.266,0.46616541353383495,0.4468616293454473,0.5531383706545527,0.014383482293332611,0,6,11,4,False,False,recovery
2024-11-04,3.786,3.839,3.679,3.8966872968410664,3353577.29,1730764799999,12649174.8278,41659.0,1554370.11,5862639.51278,0,-0.008139171413314217,-0.00817247530277641,4.008533259785243,-0.08979256194352825,4.147110867850983,-0.02401251122803938,4.292917015882873,-0.032496282498750695,4.384996625817701,-0.011853977459965748,4.497948266162962,-0.01959295847931397,,,0.023077107043010248,0.02631622153067832,0.0276423875281543,4.615,3.665,0.24388136509585928,20.070825947635328,-0.11312836977111207,-0.06780330685547342,-0.04532506291563865,4.292917015882873,4.7285431842890615,3.857290847476684,0.04521818501918867,4614019.639,0.7268233671252476,-28360.061649048574,0.03400000000000025,0.052999999999999936,0.07299999999999995,0.16000000000000014,0.21250000000000138,0.4634961343026032,0.5365038656973968,0.012422257308403946,0,0,11,4,False,False,recovery
2024-11-05,3.751,3.919,3.746,4.004940801528175,3347876.96,1730851199999,12897521.64149,52326.0,1550694.82,5969804.29828,0,0.027780906303378927,0.027402018154336745,3.988240359453009,-0.020292900332234076,4.129752139162851,-0.01735872868813182,4.270508506176463,-0.02240850970640995,4.379306267286857,-0.005690358530843653,4.480494525297263,-0.017453740865699174,,,0.02502024344709684,0.027242629615533847,0.02728502912973948,4.615,3.665,0.3578324226612366,28.922526452441616,-0.11568184851193042,-0.07737901518676482,-0.0383028333251656,4.270508506176463,4.717400372547163,3.823616639805762,0.20287252394520297,4600607.188,0.7277032841952774,91906.0039658849,0.10400000000000009,0.06400000000000006,0.004999999999999893,0.17300000000000004,0.6011560693641622,0.4631875180980367,0.5368124819019633,0.015629606650777273,0,1,11,4,False,False,recovery
2024-11-06,3.856,4.13,3.855,4.2722646090430105,9391141.87,1730937599999,38095046.77657,123551.0,4489109.94,18210063.46765,0,0.06674850410094257,0.0646152407891771,4.031732163956724,0.043491804503714704,4.129357752926575,-0.00039438623627585656,4.267641582148457,-0.002866924028006146,4.379732119246325,0.0004258519594682042,4.466389142618729,-0.014105382678534006,,,0.03282502447205034,0.031011925407162143,0.028887971817538962,4.615,3.665,0.6392259042558004,46.6845332796447,-0.09503914950697734,-0.08091104205080732,-0.01412810745617002,4.267641582148457,4.713672061428831,3.8216111028680833,0.5051824114150364,5260997.8549999995,1.785049553113722,623640.0307963681,0.2549999999999999,0.019000000000000128,0.0009999999999998899,0.2749999999999999,0.9272727272727271,0.47801534703042464,0.5219846529695754,0.0131561211309866,0,2,11,4,False,False,recovery
2024-11-07,4.111,4.199,4.045,4.327688379515234,7086769.64,1731023999999,29214285.34685,86396.0,3362425.46,13859156.43587,0,0.01297292549597917,0.012889497857031897,4.086048889658381,0.05431672570165702,4.133954019410547,0.004596266483972045,4.2614336201998935,-0.006207961948563323,4.380850091285707,0.0011179720393812431,4.454127429467102,-0.012261713151627163,,,0.03306765122972025,0.0304580190494469,0.028935529592940244,4.615,3.665,0.6975667152791931,49.04009057707104,-0.07336175806078948,-0.07940118525280375,0.006039427192014266,4.2614336201998935,4.700063814121396,3.822803426278391,0.5755246221458217,5463261.481000001,1.2971683059004584,89640.48194599904,0.05200000000000049,0.03599999999999959,0.06599999999999984,0.15399999999999991,0.33766233766234105,0.47446518382951136,0.5255348161704886,0.012191168104626017,0,3,11,4,False,False,recovery
2024-11-08,4.164,4.392,4.116,4.497534894172564,11448594.98,1731110399999,49101904.78451,132245.0,5561986.39,23840502.62734,0,0.03924647519938951,0.038495907467580665,4.19982319622001,0.11377430656162968,4.149074508974391,0.015120489563844153,4.257343557095682,-0.004090063104211339,4.383720460913694,0.002870369627987479,4.44485447762089,-0.009272951846211797,,,0.03499243162990805,0.031086740793341235,0.02933300452408597,4.615,3.665,0.8763525201816464,64.28483719149071,-0.04199300566662867,-0.07191954933556874,0.02992654366894007,4.257343557095682,4.684877573017677,3.829809541173687,0.7809031891402834,6063332.959000001,1.888168612447133,445513.42463607877,0.16100000000000048,0.06700000000000017,0.04800000000000004,0.2760000000000007,0.5833333333333336,0.48582261838386737,0.5141773816161327,0.01155119909744593,0,4,11,4,False,False,recovery
2024-11-09,4.324,4.641,4.262,4.816241278925425,8503678.87,1731196799999,37456696.224,100928.0,4263699.07,18783234.82037,0,0.07086245960332782,0.06846436081289212,4.383733992636882,0.18391079641687202,4.196133626211063,0.04705911723667189,4.261518360413626,0.004174803317943621,4.391196542665985,0.007476081752290753,4.439244095361349,-0.005610382259541247,,,0.040788000366171334,0.03420045697755113,0.030842028228530216,4.641,3.665,1.1795504907022794,70.71039442350776,0.008486076111549501,-0.055838424246145095,0.0643245003576946,4.261518360413626,4.709729234174138,3.8133074866531134,1.118819121742457,6483729.431,1.3115412912423858,599681.400080925,0.30600000000000005,0.01100000000000012,0.06200000000000028,0.37900000000000045,0.807387862796833,0.5013946475615207,0.4986053524384793,0.011868745462162544,0,5,11,4,False,False,recovery
2024-11-10,4.632,5.478,4.582,5.453560994997545,35504372.79,1731283199999,181616069.23113,463995.0,17392570.06,88870028.92877,0,0.13232719856890474,0.12427498268780511,4.673458031330756,0.28972403869387353,4.330849195391883,0.13471556918081973,4.307925514822181,0.046407154408555584,4.408891760629849,0.01769521796386453,4.442185101804292,0.0029410064429438165,,,0.049205609269647246,0.04338418160548199,0.03576078838174028,5.478,3.665,0.9865201296180615,78.31213913826866,0.09877882606759503,-0.02491497418339707,0.1236938002509921,4.307925514822181,4.998080628189635,3.6177704014547274,1.329984055747626,9360017.309999999,3.7931952061742504,4685350.275311017,0.609,0.2370000000000001,0.04999999999999982,0.8959999999999999,0.6796875,0.48987121003018286,0.5101287899698171,0.013068671927945922,0,6,11,4,False,False,recovery
2024-11-11,5.242,5.786,4.972,5.943480601588087,21631063.61,1731369599999,113557477.69406,308036.0,10833305.4,56977268.96425,0,0.08983480830964141,0.08602613274638284,5.00770122983977,0.3342431985090144,4.519716696898248,0.18886750150636544,4.381600058514378,0.07367454369219661,4.439448993131716,0.030557232501866594,4.450784164343386,0.00859906253909326,,,0.05005410241982252,0.04649365277894846,0.03732862321768871,5.786,3.665,1.0742482798623703,82.41008452645767,0.2074772303928869,0.02156346673185973,0.1859137636610272,4.381600058514378,5.387133040765987,3.3760670762627685,1.2766431189439034,10965251.947999999,1.9726918918580238,1935693.3472791472,0.46799999999999997,0.07599999999999962,0.2699999999999996,0.8139999999999992,0.5749385749385755,0.5008216699520861,0.4991783300479139,0.014240446311553332,0,0,11,4,False,False,recovery
2024-11-12,5.71,5.839,5.116,5.526807489528379,26930359.43,1731455999999,146369187.21862,470024.0,12316588.51,66988090.38447,0,-0.0701059093132016,-0.07268458030170401,5.2475250518424,0.23982382200262986,4.66678697075039,0.1470702738521421,4.440162718341036,0.058562659826658425,4.458631775627163,0.019182782495446915,4.4587982075235795,0.00801404318019383,,,0.060193305567539136,0.049522513082352435,0.03864395586547636,5.839,3.665,0.8563971892954826,70.24341454456733,0.25703650426813507,0.0686580742391148,0.18837843002902027,4.440162718341036,5.568266737715217,3.3120586989668555,0.9816243681988486,13326216.985,2.0208555406468944,-1895972.7654746072,0.40200000000000014,0.12900000000000045,0.19200000000000017,0.7230000000000008,0.556016597510373,0.4573495776027227,0.5426504223972773,0.017453313284649316,0,1,11,4,False,False,recovery
2024-11-13,5.309,5.429,4.908,5.283806724021537,20191236.54,1731542399999,104152396.02957,353275.0,9507928.77,49077275.15211,0,-0.0439676551005721,-0.04496353292627089,5.404779417812195,0.15725436596979492,4.802301307016103,0.13551433626571274,4.486712343047563,0.04654962470652624,4.46929664064375,0.010664865016587477,4.4692872157293415,0.01048900820576204,,,0.0617951473925818,0.051079125145672484,0.038894313428301505,5.839,3.665,0.7446213081975791,64.85351811485447,0.27355112781351654,0.10963668495399514,0.1639144428595214,4.486712343047563,5.674873843827001,3.2985508422681242,0.8354318333202505,14738867.197999999,1.3699313704882192,-893922.4918801788,0.23599999999999977,0.1200000000000001,0.16500000000000004,0.5209999999999999,0.45297504798464455,0.4708938331322228,0.5291061668677772,0.01749645195330865,0,2,11,4,False,False,recovery
2024-11-14,5.072,5.216,4.686,4.975010826741665,13094082.94,1731628799999,65075478.51789,217531.0,6108952.04,30333515.45227,0,-0.058441936544727735,-0.060219261564777256,5.436533327375442,0.031753909563247085,4.910133660006162,0.10783235299005867,4.528622263928573,0.04190992088101009,4.473713760179542,0.004417119535791159,4.473557594598233,0.004270378868891811,,,0.06721340297773802,0.05166418979331752,0.03984889618285687,5.839,3.665,0.602580877066083,63.455989952417895,0.25873925271348686,0.1394571985058935,0.11928205420759336,4.528622263928573,5.723927416575908,3.3333171112812376,0.6867257753488474,15712917.763,0.8333323662415708,-769177.3538576785,0.2969999999999997,0.14400000000000013,0.08900000000000041,0.5300000000000002,0.5603773584905652,0.4665429467640137,0.5334570532359862,0.016612923638621768,0,3,11,4,False,False,recovery
2024-11-15,4.777,5.174,4.704,5.3788949494811655,10257406.37,1731715199999,50852669.1984,159210.0,5321253.78,26391556.04845,0,0.08118256156721193,0.07805540651392179,5.421600118272167,-0.014933209103275225,5.047529074801462,0.13739541479530004,4.588640606982155,0.060018343053582335,4.482547116221107,0.00883335604156521,4.48114554203965,0.007587947441416887,,,0.06939262544628441,0.0540258683367262,0.04109154596357704,5.839,3.665,0.7883601423556418,68.4935716715861,0.2764045882500792,0.16684667645473064,0.10955791179534854,4.588640606982155,5.829602637509194,3.347678576455116,0.818403916904447,16403870.704,0.6253040245860255,829185.1013235579,0.38399999999999945,0.013000000000000789,0.0730000000000004,0.47000000000000064,0.8170212765957424,0.5187718598692899,0.4812281401307102,0.015521467538387096,0,4,11,4,False,False,recovery
2024-11-16,5.16,5.803,5.132,6.033248183756857,17564833.99,1731801599999,96363431.62348,305408.0,9029433.98,49481620.09356,0,0.12165198250224396,0.11480258296301692,5.439553634705921,0.01795351643375387,5.223627432272846,0.17609835747138458,4.67649259259971,0.08785198561755525,4.503040264961317,0.020493148740210465,4.492233874802792,0.011088332763141473,,,0.07443070409698482,0.05914460874572813,0.04439061284737233,5.839,3.665,1.089350590504534,73.35437969466656,0.3392941594161245,0.2013361730470094,0.1379579863691151,4.67649259259971,6.06439937695191,3.2885858082475106,0.9887776349441249,17221239.916,1.0199517616429448,2130514.6440108535,0.6269999999999998,0.016000000000000014,0.02800000000000047,0.6710000000000003,0.934426229508196,0.5140631551166742,0.4859368448833258,0.01738746863043936,0,5,11,4,False,False,recovery
2024-11-17,5.786,6.147,5.304,5.656604962067374,18374242.79,1731887999999,104089789.93016,306019.0,9335247.08,52975854.72507,0,-0.062427934375965055,-0.06446165409294753,5.46551312921372,0.02595949450779944,5.35651909052806,0.13289165825521376,4.745236554969304,0.06874396236959335,4.517774312166812,0.014734047205494427,4.50050881079021,0.008274935987418353,,,0.08074881623713469,0.06180360205019514,0.04529209711558555,6.147,3.665,0.8024194045396349,69.2759420493037,0.35465440222436495,0.2319998188824805,0.12265458334188445,4.745236554969304,6.18600532792744,3.304467782011167,0.8162785119318212,18349987.231,1.001321829748144,-1152557.4793105219,0.3619999999999992,0.36100000000000065,0.1200000000000001,0.843,0.42941874258600143,0.5080615939765756,0.4919384060234245,0.01665478156011674,0,6,11,4,False,False,recovery
2024-11-18,5.425,6.1,5.392,6.267646731685048,16117811.2,1731974399999,93810676.61151,289912.0,8099798.12,47169943.58549,0,0.10802270508816836,0.10257708007196543,5.662281130746422,0.19676800153270158,5.533530274279308,0.17701118375124825,4.841302391626849,0.09606583665754531,4.545251681974245,0.027477369807432872,4.51517115620712,0.014662345416909695,,,0.08446573341752363,0.06515129437043021,0.04760488211880634,6.147,3.665,1.048608675134991,73.42296551482355,0.41139120767354953,0.26787809664069434,0.1435131110328552,4.841302391626849,6.419719521960442,3.262885261293256,0.9518274392260131,18816908.852999996,0.8565599868668292,1735398.5510324468,0.5830000000000002,0.09199999999999964,0.032999999999999474,0.7079999999999993,0.8234463276836169,0.502537101315593,0.49746289868440696,0.017987057696767166,0,0,11,4,False,False,recovery
2024-11-19,6.008,6.044,5.659,6.057803512423887,9028491.8,1732060799999,52790110.77118,184668.0,4365262.71,25529737.14099,0,-0.033480383985321494,-0.034053684611435285,5.8788396678828665,0.21655853713644468,5.657686497629155,0.12415622334984633,4.9269100619201085,0.08560767029325955,4.575380906491362,0.030129224517117414,4.530335956748923,0.015164800541803025,,,0.08622970613486265,0.06612443551746108,0.04668650955066149,6.147,3.665,0.9640626560934275,69.88138795742401,0.4344152718573637,0.30118553168402823,0.1332297401733355,4.9269100619201085,6.5762661309914305,3.2775539928487865,0.842828777760685,18869390.146,0.4784728987075341,-305057.22959387494,0.2030000000000003,0.03599999999999959,0.1459999999999999,0.3849999999999998,0.5272727272727283,0.48349855177361956,0.5165014482263804,0.02045391457297441,0,1,11,4,False,False,recovery
2024-11-20,5.805,6.08,5.532,5.97517889194639,13729161.22,1732147199999,80475104.06708,260709.0,6738716.99,39511050.36412,0,-0.013639369502170706,-0.013733240238100939,5.998096456375912,0.11925678849304511,5.709848287324038,0.05216178969488361,5.020348741357961,0.09343867943785256,4.60953973612481,0.03415882963344785,4.543719674704555,0.01338371795563198,,,0.07830808001858365,0.06431470238537428,0.04571047071180086,6.147,3.665,0.9307731232660716,67.1041412198439,0.4409123293780173,0.32913089122282607,0.1117814381551912,5.020348741357961,6.685648277990743,3.355049204725179,0.7866842059294287,16691868.988999998,0.8225059296264288,-191569.6914418599,0.08099999999999952,0.27500000000000036,0.19200000000000017,0.548,0.1478102189781013,0.49083238822946823,0.5091676117705317,0.01898943393717391,0,2,11,4,False,False,recovery
2024-11-21,5.724,5.968,5.473,6.1921898760789205,13681255.17,1732233599999,78622761.50223,242691.0,6761759.99,38854334.03328,0,0.0363187425944731,0.03567476311461116,6.029884794840323,0.03178833846441176,5.734719214773122,0.024870927449083702,5.127217955835684,0.10686921447772324,4.6490798625373575,0.03954012641254767,4.55967274815888,0.01595307345432495,,,0.0741031338237087,0.06390601085717025,0.04579326481907314,6.147,3.665,1.0182070411276873,68.13836272159377,0.4582893922167024,0.35496259142160136,0.10332680079510104,5.127217955835684,6.80589692128729,3.448538990384079,0.8172053567600202,15896888.145,0.8606247364395732,492372.2161111108,0.20599999999999952,0.038000000000000256,0.25100000000000033,0.4950000000000001,0.4161616161616151,0.494235353845827,0.5057646461541729,0.017738942588554907,0,3,11,4,False,False,recovery
2024-11-22,5.932,6.687,5.878,6.925343835608458,21148336.67,1732319999999,131792163.51566,374669.0,10701830.66,66796274.97874,0,0.118399786537843,0.11189890163351626,6.283632569548541,0.2537477747082173,5.87457284938113,0.13985363460800748,5.270679910065761,0.14346195423007657,4.702700715644315,0.05362085310695708,4.584600781987039,0.024928033828159002,,,0.07638853486701759,0.0670500665351427,0.04834653369305949,6.687,3.665,1.0788695683681195,71.28547651536496,0.5251664451471836,0.3890033621667178,0.13616308298046575,5.270679910065761,7.051257646804498,3.490102173327024,0.964642427960865,15318685.868999999,1.3805581530199862,2496430.9728499143,0.6979999999999995,0.057000000000000384,0.05400000000000027,0.8090000000000002,0.8627935723114949,0.5060365184738663,0.4939634815261337,0.01771623961951992,0,4,11,4,False,False,recovery
2024-11-23,6.631,9.432,6.585,8.89714484436169,60359355.47,1732406399999,488516161.67068,1229537.0,29830081.32,241563846.69399,0,0.28472247090674463,0.2505427190729607,6.80953219208387,0.525899622535329,6.235906661415145,0.36133381203401527,5.519103984215624,0.24842407414986312,4.794393401956459,0.09169268631214411,4.630304588600536,0.04570380661349738,,,0.10758691882404246,0.08646473131417214,0.06194367702676765,9.432,3.679,0.9070302180361012,77.73835898275627,0.7288728611596742,0.45697726196530913,0.27189559919436507,5.519103984215624,7.821305228519416,3.216902739911833,1.233654555287937,19335497.762000002,3.121686144983765,17160993.221862752,1.8840000000000003,0.9169999999999998,0.04600000000000026,2.8470000000000004,0.6617492096944152,0.4942080823713607,0.5057919176286393,0.02037028047145249,0,5,11,4,False,False,recovery
2024-11-24,8.515,10.5,8.042,9.22399109823875,55980685.72,1732492799999,506362282.56499,1269042.0,28820999.24,261118959.54961,0,0.03673608327104949,0.036077396635931756,7.442769709246842,0.6332375171629723,6.660804688564855,0.4248980271497098,5.785469174285508,0.2663651900698838,4.893726577072667,0.09933317511620832,4.679110844254053,0.04880625565351693,,,0.10006559175197181,0.08559121448365027,0.0618645264500666,10.5,3.746,0.811073600568367,76.75736987911324,0.9062388670495709,0.5468295829821616,0.35940928406740935,5.785469174285508,8.49415168699455,3.0767866615764645,1.1347222141797384,23624158.04,2.369637285071261,2038051.9757134367,0.3099999999999987,1.6750000000000007,0.47300000000000075,2.458,0.1261187957689173,0.5148382673294628,0.48516173267053725,0.02266928287280008,0,6,11,4,False,False,recovery
2024-11-25,8.824,9.359,8.11,8.606917327725457,23515306.26,1732579199999,206296589.02029,499054.0,10934623.93,96149567.92274,0,-0.06689878209348221,-0.06924159751686554,7.9691173964026545,0.5263476871558126,6.9836069263892835,0.32280223782442885,6.015568000595373,0.2300988263098649,4.9796206787135535,0.08589410164088651,4.720952622863723,0.041841778609669866,,,0.10846134012327328,0.08926351609328703,0.06299959837944946,10.5,3.855,0.715111712223545,68.56636738930635,0.9856480709730775,0.6345932805803447,0.3510547903927328,6.015568000595373,8.865570531844005,3.16556546934674,0.9546222851940366,24949948.029,0.9424992081212965,-1580121.9957144489,0.5920000000000005,0.5350000000000001,0.12199999999999989,1.2490000000000006,0.47397918334667755,0.4650002772279437,0.5349997227720563,0.021222517558655004,0,0,11,4,False,False,recovery
2024-11-26,8.231,8.468,7.55,8.434992603405085,20294174.75,1732665599999,162383626.05441,452089.0,9883121.92,79130152.74563,0,-0.01997518016892652,-0.020177381279988,8.417677941867888,0.4485605454652335,7.223781368354106,0.24017444196482263,6.223704400313475,0.20813639971810272,5.063283526349719,0.08366284763616516,4.760847977201321,0.039895354337597944,,,0.10773649567481088,0.09012599382726395,0.06306277479665968,10.5,4.045,0.68009180532999,70.9886413213886,1.022916009759692,0.7122578264162143,0.31065818334347783,6.223704400313475,9.144772590278372,3.3026362103485782,0.878506775481709,25222882.104999997,0.8045938075402189,-411701.55287293525,0.16600000000000037,0.2370000000000001,0.5149999999999997,0.9180000000000001,0.18082788671024003,0.48699304316377784,0.5130069568362222,0.022276786593650476,0,1,11,4,False,False,recovery
2024-11-27,8.065,8.568,7.842,8.846741337287332,15952780.89,1732751999999,132066307.22486,339871.0,7988999.73,66169154.74103,0,0.04881435624686015,0.04766034163345241,8.801957442203662,0.38427950033577396,7.542795005876101,0.3190136375219952,6.449657048202082,0.22595264788860625,5.1557098596347375,0.09242633328501881,4.803924426690366,0.04307644948904521,,,0.1016994572774034,0.08995483988106039,0.06315444955499631,10.5,4.116,0.7410309112292187,75.10259528856899,1.0733034276399867,0.7844669466609687,0.28883648097901793,6.449657048202082,9.451214224748455,3.4480998716557094,0.8993067844610183,24980735.915,0.6386033199454685,773408.2241773092,0.391,0.1120000000000001,0.22299999999999986,0.726,0.5385674931129477,0.5007904129748253,0.49920958702517476,0.021304812141753175,0,2,11,4,False,False,recovery
2024-11-28,8.457,8.752,8.002,9.015952477575203,12382641.04,1732838399999,103040894.0909,290584.0,6100532.48,50820476.04502,0,0.019126945599130085,0.018946325086940934,8.825718968846365,0.023761526642703146,7.8176255804651165,0.27483057458901516,6.6755779273722125,0.22592087917013082,5.25314100023543,0.09743114060069225,4.848242373153026,0.04431794646265974,,,0.09992434145001715,0.09007564749352498,0.06294235826700181,10.5,4.262,0.7620956200024371,79.04160036172283,1.1140476958296768,0.8503830964947104,0.26366459933496633,6.6755779273722125,9.738039183944647,3.6131166707997777,0.8821068013807924,24607218.899,0.5032117237963536,232833.48218543208,0.15799999999999947,0.13700000000000045,0.45500000000000007,0.75,0.21066666666666597,0.49266811985369485,0.5073318801463051,0.023467045443804613,0,3,11,4,False,False,recovery
2024-11-29,8.615,9.076,8.44,9.449081490610832,16424896.92,1732924799999,142901889.34631,343708.0,8658812.43,75398442.67003,0,0.0480402945903855,0.04692203419633254,8.870737047320782,0.04501807847441697,8.156753378283812,0.33912779781869506,6.907219937956484,0.23164201058427114,5.358198319805612,0.10505731957018227,4.895467624693573,0.047225251540547575,,,0.09643622506715827,0.08979425390069276,0.06308567209761146,10.5,4.582,0.8224199882748955,79.1293316113223,1.1678257452138467,0.9138716262385378,0.25395411897530895,6.907219937956484,10.07650364666065,3.7379362292523184,0.9010151482610004,25346859.411000002,0.6480052086007918,783590.5553244316,0.4109999999999996,0.05000000000000071,0.1750000000000007,0.636000000000001,0.646226415094338,0.527176059135962,0.472823940864038,0.020926036959262696,0,4,11,4,False,False,recovery
2024-11-30,9.027,9.224,8.604,9.367258376163873,18065505.49,1733011199999,161161814.30831,386446.0,8600270.62,76710853.68654,0,-0.008659372292244782,-0.00869708251220539,9.022805257008466,0.15206820968768398,8.49596132670556,0.3392079484217483,7.1029048070147995,0.19568486905831595,5.459572151683008,0.10137383187739601,4.941595513330192,0.046127888636618763,,,0.09608809808679955,0.08748827552285512,0.06319227290214208,10.5,4.686,0.8051699993401914,75.99060563948122,1.1901237890750345,0.9691220588058371,0.22100173026919734,7.1029048070147995,10.375872871250898,3.8299367427787008,0.8459174554575997,25780493.838,0.70074318992958,-162121.19927874912,0.08199999999999896,0.19700000000000095,0.3410000000000011,0.620000000000001,0.13225806451612715,0.4760603363554152,0.5239396636445848,0.021391374861551137,0,5,11,4,False,False,recovery
2024-12-01,8.945,9.388,8.696,9.73058527624578,14685246.0,1733097599999,132985400.07623,358926.0,7099730.6,64313443.34293,0,0.03878689852373829,0.03805358860114141,9.281923791576602,0.2591185345681364,8.849800866722244,0.3538395400166845,7.292260040747683,0.18935523373288365,5.567483766325859,0.10791161464285093,4.989292207495384,0.04769669416519218,,,0.0960531778879989,0.08641221561550134,0.0632491646312693,10.5,4.686,0.8676617262204643,81.8251904177549,1.2230144446528692,1.0199005359752435,0.2031139086776257,7.292260040747683,10.717456211221256,3.86706387027411,0.8559395015849516,25880892.920999996,0.567416512437415,564754.0105086642,0.3439999999999994,0.0990000000000002,0.24900000000000055,0.6920000000000002,0.4971098265895944,0.48346010683103297,0.516539893168967,0.024441265743862923,0,6,12,4,False,False,recovery
2024-12-02,9.291,10.198,8.455,10.490236113450601,30869602.68,1733183999999,284454249.73618,700018.0,15729101.76,145297049.24157,0,0.07806836029270259,0.07517088447687442,9.610622746809259,0.3286989552326567,9.20629009450646,0.3564892277842162,7.540431471943795,0.24817143119611185,5.691447313967612,0.1239635476417531,5.043655986018205,0.054363778522820816,,,0.09367511493319086,0.08385335353822747,0.06367581086600775,10.5,4.686,0.9983206249485038,82.23760026740258,1.2954449174364235,1.0750094122674796,0.22043550516894395,7.540431471943795,11.141755757472588,3.939107186415003,0.909544435273437,26853019.522000004,1.1495765924837358,2399381.325757349,0.7199999999999989,0.18700000000000117,0.8360000000000003,1.7430000000000003,0.4130808950086051,0.509533664007625,0.490466335992375,0.022676611916794518,0,0,12,4,False,False,recovery
2024-12-03,10.011,10.39,9.055,10.251429158817174,30261037.54,1733270399999,297014296.23261,773201.0,14775391.53,145038757.41535,0,-0.022764688234922392,-0.02302780459334694,9.857718083057652,0.24709533624839253,9.341718525952007,0.13542843144554695,7.788812593683578,0.24838112173978288,5.8061506182292995,0.1147033042616874,5.097259370969078,0.0536033849508728,,,0.043696483627045014,0.08292306293624131,0.06378133710832044,10.5,4.686,0.9572461573472952,81.87550536169076,1.3183794063708856,1.1236834110881608,0.19469599528272474,7.788812593683578,11.419923442065516,4.15770174530164,0.839099612757755,23843187.729,1.2691691179864384,-698261.8791069811,0.23099999999999987,0.37900000000000134,0.7249999999999996,1.3350000000000009,0.17303370786516833,0.4882645385330697,0.5117354614669303,0.02555104064022783,0,1,12,4,False,False,recovery
2024-12-04,9.781,11.649,9.663,11.022208620233394,40288736.88,1733356799999,432800595.52399,996667.0,20295297.33,217817472.03932,0,0.07518751283115277,0.07249507690899544,10.172343508982165,0.3146254259245129,9.521540278151473,0.17982175219946583,8.091172483358163,0.3023598896745847,5.9356625316976475,0.129511913468348,5.161204442793929,0.06394507182485132,,,0.0473484339845689,0.08019400068134566,0.06425908866067401,11.649,4.704,0.9097492613726991,84.7290839752601,1.382810437000936,1.175508816270716,0.20730162073022007,8.091172483358163,11.742777116682728,4.4395678500335976,0.9013353622851964,22273992.845,1.8087792862447607,3015476.011877301,0.7309999999999999,1.1369999999999987,0.11800000000000033,1.9859999999999989,0.3680765357502519,0.5037461807365552,0.4962538192634448,0.024738104919212845,0,2,12,4,False,False,recovery
2024-12-05,10.513,11.233,9.895,10.875715037954281,25573286.13,1733443199999,272195831.75093,637780.0,12420286.98,132298071.34992,0,-0.013290764793745247,-0.013379877472684171,10.474034841340245,0.30169133235808054,9.748420049174356,0.22687977102288315,8.366013487781819,0.27484100442365644,6.064114612543606,0.1284520808459586,5.225497550494583,0.06429310770065388,,,0.03881081263757236,0.08063011791956391,0.06417412929379032,11.649,5.132,0.8813434153681574,82.54360212375583,1.405845967973713,1.2215762466113154,0.1842697213623976,8.366013487781819,11.985376739555852,4.7466502360077865,0.8467048449671818,22479790.832000002,1.1376122812315674,-347886.2173316237,0.14400000000000013,0.7200000000000006,0.4740000000000002,1.338000000000001,0.10762331838565024,0.4856742663755587,0.5143257336244413,0.024939305678507263,0,3,12,4,False,False,recovery
2024-12-06,10.37,10.887,10.011,11.19811909243653,16867235.82,1733529599999,176878636.17761,390657.0,8860704.16,93004417.9991,0,0.02964440069982688,0.029213500592788367,10.767541604578394,0.29350676323814895,10.0247326980775,0.27631264890314355,8.624257033215804,0.2582435454339844,6.201484932600273,0.13737032005666716,5.294259931301204,0.06876238080662134,,,0.03555161376433059,0.07823352662311187,0.06381705835467201,11.649,5.304,0.9289391792650167,81.48683084725079,1.4335915539313255,1.2639793080753174,0.1696122458560081,8.624257033215804,12.2796564360164,4.968857630415209,0.85206304094277,22137096.939000003,0.7619443446662678,494516.3168367242,0.3030000000000008,0.2140000000000004,0.359,0.8760000000000012,0.34589041095890455,0.5253204647493924,0.4746795352506075,0.02316070067253023,0,4,12,4,False,False,recovery
2024-12-07,10.673,10.928,10.306,11.116655010139295,11608605.32,1733615999999,123318112.20788,276300.0,5853896.44,62176298.43261,0,-0.007274800493259348,-0.007301390892753171,10.892825383916135,0.1252837793377406,10.251724065362698,0.22699136728519775,8.8972595356194,0.273002502403596,6.33478108043333,0.13329614783305654,5.362213855195834,0.0679539238946294,,,0.03654076125488418,0.07558137497829624,0.0639328630410569,11.649,5.392,0.9149200911202328,72.6726668186588,1.4324937636700579,1.2976821991942655,0.13481156447579234,8.8972595356194,12.43305303116967,5.361466040069128,0.8138468744445855,21702679.382,0.534892725256222,-88100.53695493193,0.08099999999999952,0.2550000000000008,0.28600000000000136,0.6220000000000017,0.13022508038585096,0.5042721566142452,0.49572784338575476,0.02380130880356263,0,5,12,4,False,False,recovery
2024-12-08,10.592,10.8,10.1,10.9102030694339,9936977.11,1733702399999,103388097.89147,232973.0,5214882.66,54253603.58464,0,-0.01857140844229621,-0.01874602231102257,11.02458016603948,0.13175478212334468,10.441149124548565,0.18942505918586683,9.129387352506841,0.23212781688744144,6.461398418696871,0.12661733826354116,5.427834968990003,0.0656211137941689,,,0.03892994875353761,0.07459677684572863,0.06415591179352385,11.649,5.473,0.8803761446622248,67.65930188808716,1.3988398556464698,1.3179137304847064,0.08092612516176345,9.129387352506841,12.545853085867641,5.712921619146041,0.7606225052307576,21458112.989,0.4630871836257903,-187631.74301359607,0.20000000000000107,0.20800000000000018,0.2919999999999998,0.7000000000000011,0.2857142857142868,0.5247956800415736,0.47520431995842644,0.02344505752816412,0,6,12,4,False,False,recovery
2024-12-09,10.393,10.397,7.5,8.8930767785392,30556061.58,1733788799999,276485826.55016,726480.0,15039414.7,135861851.26048,0,-0.18488439473192708,-0.2044253288459117,10.598753797700642,-0.42582636833883747,10.385548653341402,-0.05560047120716227,9.271151015812608,0.14176366330576684,6.544605050016323,0.08320663131945238,5.473463822853455,0.04562885386345261,,,0.07406228797602642,0.08792010710584536,0.07031376363167946,11.649,5.473,0.553768908442228,52.31732794393875,1.1956212793669128,1.2934552402611477,-0.0978339608942349,9.271151015812608,12.371657177728359,6.170644853896857,0.4390302393335993,22871229.455,1.336004329811836,-5657223.10237875,1.9250000000000007,0.0039999999999995595,0.968,2.8970000000000002,0.6644804970659305,0.49219087547080403,0.5078091245291959,0.0237753153526666,0,0,12,4,False,False,recovery
2024-12-10,8.468,8.718,7.59,8.81920313364154,23727142.47,1733875199999,195806667.14147,531387.0,11705914.33,96719163.90098,0,-0.008306871371664304,-0.008341565695442218,10.187451416838092,-0.41130238086254955,10.33074312908917,-0.05480552425223273,9.413352227897365,0.1422012120847569,6.630480754552626,0.08587570453630278,5.5202726298859455,0.04680880703249013,,,0.0740595776860339,0.08781150301264642,0.06988555533719717,11.649,5.473,0.5418075022087987,53.16155537350706,1.0168860780806455,1.2381414078250472,-0.22125532974440176,9.413352227897365,12.112233424475194,6.714471031319535,0.3899267787316457,23437393.153,1.012362693884448,-204544.33163793274,0.0730000000000004,0.25,0.8049999999999997,1.1280000000000001,0.06471631205673793,0.4933554196338924,0.5066445803661076,0.022395743637139295,0,1,12,4,False,False,recovery
2024-12-11,8.394,9.269,8.023,9.45040995068201,16541944.16,1733961599999,145343557.87661,307678.0,8313346.91,73139265.88723,0,0.0715718651079349,0.06912660331185823,9.83790958848719,-0.34954182835090286,10.302725596532792,-0.028017532556377844,9.576263231627518,0.16291100373015333,6.730089159011382,0.09960840445875618,5.5719553147061,0.05168268482015481,,,0.07680643326270901,0.08844108629348763,0.07020531632532022,11.649,5.878,0.6190278895654151,54.7942566104935,0.9156156114455651,1.173636248549151,-0.2580206371035858,9.576263231627518,11.809669651059721,7.342856812195316,0.4718248143619324,23623062.969,0.7002455262345789,1178330.2689315095,0.5990000000000002,0.2759999999999998,0.37100000000000044,1.2460000000000004,0.48073836276083465,0.5025616595963651,0.4974383404036349,0.018599869339662914,0,2,12,4,False,False,recovery
2024-12-12,8.993,9.669,8.911,9.52488084030642,17978417.97,1734047999999,166091704.84427,331252.0,9326221.87,86238723.20952,0,0.007880175570482484,0.007849289141187626,9.519554754520614,-0.31835483396657516,10.206190069218374,-0.09653552731441728,9.706240081862417,0.12997685023489858,6.8334756899576075,0.10338653094622519,5.625854928813076,0.05389961410697541,,,0.07192521537689002,0.08570348167886395,0.06994593094102863,11.649,6.585,0.5805451896339692,54.10359410076469,0.8317789850611028,1.1052647958515414,-0.27348581079043854,9.706240081862417,11.56044622422164,7.852033939503194,0.45109517830492074,22333944.498,0.8049817609070338,135942.66896029975,0.06799999999999962,0.6080000000000005,0.08200000000000074,0.7580000000000009,0.08970976253298092,0.5187454138379897,0.48125458616201033,0.01842498047118214,0,3,12,4,False,False,recovery
2024-12-13,9.062,9.234,8.772,9.55733583089757,11250987.35,1734134399999,101303527.0873,219145.0,5671462.71,51089108.08449,0,0.0034073907207121668,0.003401598718298055,9.248981306813349,-0.27057344770726566,10.136780736426413,-0.06940933279196138,9.739249631189212,0.03300954932679545,6.9375661219777385,0.10409043202013102,5.679566630046004,0.053711701232928455,,,0.07176710371707029,0.058695543896629836,0.06992622778445451,11.649,7.5,0.49586305878466375,50.93317340421729,0.759205057826291,1.0360528482464915,-0.27684779042020047,9.739249631189212,11.555934104149229,7.922565158229196,0.44993247231445727,20432939.479,0.5506298964749163,34767.425869108876,0.027000000000001023,0.14499999999999957,0.28999999999999915,0.46199999999999974,0.05844155844156069,0.5040857778584206,0.49591422214157943,0.01947784609321421,0,4,12,4,False,False,recovery
2024-12-14,9.088,9.212,8.347,8.994456565107626,10546490.88,1734220799999,92005179.2644,186958.0,5332720.41,46531154.18683,0,-0.05889499707337176,-0.06070055909005412,9.269257264127033,0.020275957313684145,9.934005530913838,-0.20277520551257489,9.727772904532655,-0.01147672665655719,7.034719005097462,0.09715288311972348,5.7285526269623945,0.048985996916390384,,,0.06763898929131582,0.05988575843205941,0.07012165595848327,11.649,7.5,0.3601968101006571,47.03248940001539,0.6487911841425369,0.9586005154257006,-0.3098093312831637,9.727772904532655,11.560987958004302,7.894557851061007,0.2999917309111355,17458714.879,0.6040817410155267,-624272.4274881732,0.536999999999999,0.12400000000000055,0.20400000000000063,0.8650000000000002,0.620809248554912,0.5056393136519737,0.4943606863480263,0.01772703377144531,0,5,12,4,False,False,recovery
2024-12-15,8.553,9.264,8.367,9.499195123045505,12168923.08,1734307199999,107736046.88319,228624.0,6482212.71,57394693.08218,0,0.056116626311357276,0.05459862076857182,9.405255662007825,0.13599839788079215,9.79635353942296,-0.1376519914908787,9.772386794298658,0.04461388976600311,7.141132345790181,0.10641334069271924,5.783204390489118,0.05465176352672341,,,0.07160608144752573,0.058902847771596115,0.0703178992557043,11.649,7.5,0.48184987299240906,48.198682009002624,0.5951550007313084,0.8859114124868221,-0.2907564117555137,9.772386794298658,11.532730086072064,8.012043502525252,0.4224038650501135,16118278.573999997,0.754976595306486,678818.4199695938,0.47499999999999964,0.23599999999999888,0.18599999999999994,0.8969999999999985,0.5295429208472692,0.5326858151198043,0.46731418488019566,0.018787529389165964,0,6,12,4,False,False,recovery
2024-12-16,9.028,9.204,8.587,9.21590954580587,11767882.69,1734393599999,104792203.54741,238401.0,5546709.05,49411973.09376,0,-0.0298220610872989,-0.030275782130125127,9.358355581032598,-0.046900080975227354,9.598132584759892,-0.19822095466306777,9.811432641418696,0.03904584712003789,7.2399263672781835,0.09879402148800231,5.833786999428233,0.05058260893911548,,,0.07031969630210516,0.05917806923932348,0.07065034691501551,11.649,7.5,0.41357183557625216,39.28495535722427,0.5237516770739798,0.8134794654042538,-0.2897277883302739,9.811432641418696,11.479074691925813,8.143790590911578,0.3214475656116575,15608343.260999998,0.7539482245629477,-354548.52588391735,0.27200000000000024,0.17600000000000016,0.16900000000000048,0.6170000000000009,0.44084278768233365,0.47134299313787603,0.528657006862124,0.020258614593650408,0,0,12,4,False,False,recovery
2024-12-17,8.756,8.972,8.379,8.935601695275464,9689503.83,1734479999999,84365735.46092,210387.0,4606654.56,40130279.14099,0,-0.030415646891627013,-0.030887801268034858,9.240499752026407,-0.1178558290061904,9.380027253273509,-0.21810533148638278,9.815875659318104,0.004443017899408375,7.333003886890183,0.09307751961199973,5.880716886439091,0.04692988701085721,,,0.0703493195207309,0.058826719896073375,0.07094349049283571,11.649,7.5,0.3460114956074872,39.01268114307698,0.43947948183491015,0.738679468690385,-0.2991999868554749,9.815875659318104,11.4731370824425,8.158614236193708,0.23441909895450277,15416433.112,0.6285178782670413,-297678.9093501603,0.26900000000000013,0.2159999999999993,0.10800000000000054,0.593,0.45362563237774056,0.4754272913064115,0.5245727086935885,0.021712876499270655,0,1,12,4,False,False,recovery
2024-12-18,8.49,8.545,7.563,8.087445611514797,14284782.32,1734566399999,115825808.859,319289.0,6845430.87,55501906.53208,0,-0.09491874332414729,-0.0997305529306092,8.946521708149852,-0.2939780438765549,9.0977515074816,-0.2822757457919085,9.769450316015083,-0.04642534330302084,7.407826199149797,0.07482231225961389,5.9178764471132865,0.0371595606741959,,,0.07430605937152848,0.06251613138314725,0.07269432569227885,11.649,7.5,0.14158727681725644,25.806997060001933,0.30078676968852314,0.6511009288900127,-0.35031415920148956,9.769450316015083,11.567135104858252,7.971765527171915,0.03217474082798568,15851213.632999998,0.9011790927012108,-1359974.5628090012,0.8109999999999999,0.054999999999999716,0.11600000000000055,0.9820000000000002,0.8258655804480649,0.4792114235031619,0.5207885764968381,0.02235168817049219,0,2,12,4,False,False,recovery
2024-12-19,7.679,7.802,6.76,7.312498876248044,22054262.66,1734652799999,161165199.42366,441293.0,11120317.88,81464483.80442,0,-0.09582095169374549,-0.10072787591602578,8.610130170377936,-0.33639153777191666,8.939693717252485,-0.15805779022911537,9.662621185296944,-0.10682913071813971,7.467163174543583,0.05933697539378624,5.9476293897111665,0.029752942597879972,,,0.056447862113139624,0.06452333911222899,0.07434148422422639,11.649,6.76,0.11300856540152258,23.384072987207134,0.12687750613729776,0.5462562443394697,-0.419378738202172,9.662621185296944,11.768060770844897,7.557181599748991,-0.05810727725945816,15001033.741,1.4701828581134713,-2119552.785920042,0.7380000000000004,0.12299999999999933,0.18100000000000005,1.0419999999999998,0.7082533589251445,0.5042253305602011,0.49577466943979887,0.020009419802566184,0,3,12,4,False,False,recovery
2024-12-20,6.942,7.36,6.01,7.6826016557223795,23182838.78,1734739199999,154686227.04389,416255.0,11824981.5,78997680.40722,0,0.05061235368889805,0.049373188167332875,8.246811476913312,-0.363318693464624,8.826033569460568,-0.1136601477919168,9.578388349274869,-0.08423283602207476,7.538687101594245,0.07152392705066202,5.981681594862387,0.03405220515122043,,,0.06049280201106587,0.06596458086598746,0.07386545512910203,11.649,6.01,0.29661316824301825,23.92616313501209,0.018701780565061554,0.4407453515845881,-0.42204357101952655,9.578388349274869,11.860930561488669,7.295846137061069,0.08472034308758798,14946603.372,1.551043953131802,1165654.91056332,0.34799999999999986,0.07000000000000028,0.9320000000000004,1.3500000000000005,0.25777777777777755,0.510074784724013,0.48992521527598704,0.017955307542366475,0,4,12,4,False,False,recovery
2024-12-21,7.291,7.802,6.836,7.350847761428985,12411891.98,1734825599999,90177708.3012,233373.0,6083796.93,44214933.38853,0,-0.04318249326987922,-0.04414259878539252,7.873799120037934,-0.37301235687537737,8.616077350535267,-0.20995621892530103,9.45940147353403,-0.11898687574083944,7.604607945092335,0.06592084349808935,6.0113507567803115,0.02966916191792457,,,0.0533324260767062,0.06546986543794017,0.07422629963591906,11.649,6.01,0.2377811245662325,23.069657922738074,-0.09272910460542327,0.33405046034658586,-0.42677956495200914,9.45940147353403,11.947398370173023,6.971404576895036,0.07625475438625623,14533598.154000003,0.8540137031781041,-539721.503108368,0.3180000000000005,0.5109999999999992,0.13699999999999957,0.9659999999999993,0.32919254658385166,0.4901587074559764,0.5098412925440237,0.018802371175647307,0,5,12,4,False,False,recovery
2024-12-22,6.976,7.27,6.682,7.215023765572842,8776666.68,1734911999999,61095904.75564,151983.0,4401856.35,30656510.91574,0,-0.018477324012725727,-0.018650162132323178,7.529683534097408,-0.3441155859405258,8.385091643061909,-0.23098570747335856,9.295640856140142,-0.16376061739388703,7.667786325383652,0.06317838029131728,6.038360596153506,0.027009839373194566,,,0.052249366791902986,0.061961475398737545,0.07434751267721319,11.649,6.01,0.21369458513439304,23.305076582098124,-0.1898107253673409,0.22927822320380054,-0.41908894857114143,9.295640856140142,11.9250843071173,6.666197405162984,0.10436169680810245,13613423.025,0.6447068208989266,-164885.03299584144,0.13400000000000034,0.2939999999999996,0.15999999999999925,0.5879999999999992,0.22789115646258593,0.5015407911104584,0.49845920888954165,0.017316710949765727,0,6,12,4,False,False,recovery
2024-12-23,6.844,7.572,6.654,7.790083009482899,10441949.73,1734998399999,73711723.82206,196080.0,5037850.81,35584287.70727,0,0.07970302837448795,0.07668602959659526,7.47021101369103,-0.05947252040637885,8.20836636092044,-0.17672528214146865,9.172573548673427,-0.1230673074667159,7.745014718346023,0.07722839296237094,6.070932660811844,0.032572064658338284,,,0.061749943337085396,0.06555778938530821,0.07461620782623067,11.649,6.01,0.3156735253560737,39.934462267376745,-0.21783506718664825,0.1398555651257108,-0.35769063231235904,9.172573548673427,11.843730719588269,6.501416377758583,0.2412187956882674,13532519.263,0.7716190553336144,828701.9443715282,0.5409999999999995,0.18700000000000028,0.1900000000000004,0.9180000000000001,0.5893246187363828,0.48246265690459317,0.5175373430954068,0.018778102276881963,0,0,12,4,False,False,recovery
2024-12-24,7.384,7.64,7.154,7.968753881409134,7945555.67,1735084799999,58863793.85665,140063.0,4100248.55,30368920.91337,0,0.022935682676132885,0.022676613708679808,7.601462014723248,0.13125100103221854,8.105796092550593,-0.10257026836984728,9.019900811732215,-0.15267273694121108,7.8264560500373825,0.08144133169135959,6.105726337927543,0.03479367711569825,,,0.061223337551414875,0.06290954391062299,0.07453677731671517,11.233,6.01,0.3750246757436595,42.38475154386134,-0.22305606239356557,0.06727323962185552,-0.29032930201542106,9.019900811732215,11.593184014669324,6.446617608795107,0.2957576280132483,13272425.742,0.5986513561614168,179676.07270006742,0.16799999999999926,0.08800000000000008,0.23000000000000043,0.48599999999999977,0.34567901234567766,0.5160430208149306,0.4839569791850694,0.01762784200591977,0,1,12,4,False,False,recovery
2024-12-25,7.551,7.678,7.353,7.918488596542949,5305255.63,1735171199999,39701438.66863,104374.0,2627212.77,19661175.25253,0,-0.006307797381401303,-0.006327775591950072,7.648639402887362,0.047177388164113765,7.947725439900336,-0.15807065265025688,8.872039489661649,-0.14786132207056646,7.904727005937678,0.07827095590029565,6.142016636612268,0.03629029868472511,,,0.05671213574897005,0.06293364146247467,0.07459249787838107,10.928,6.01,0.38806193504329994,34.68971548104979,-0.2286144025889545,0.008095711179693522,-0.236710113768648,8.872039489661649,11.333758555945149,6.410320423378149,0.3063241849610622,12586058.997000001,0.4215184142442487,-35124.83865201269,0.04900000000000038,0.12699999999999978,0.14900000000000002,0.3250000000000002,0.15076923076923185,0.4952094589266757,0.5047905410733243,0.019673698550883967,0,2,12,4,False,False,recovery
2024-12-26,7.502,7.592,6.881,7.319148356292695,5952209.03,1735257599999,42281673.81255,114773.0,2890798.12,20530536.21472,0,-0.07568871672201605,-0.07870637740953895,7.642299521860103,-0.006339881027258798,7.75804932094902,-0.18967611895131586,8.678090952854456,-0.19394853680719315,7.965664680882672,0.060937674944994136,6.172698400064499,0.030681763452231614,,,0.05968015031689699,0.0635157402018115,0.07534525075578528,10.928,6.01,0.26619527374800633,30.048678306967645,-0.27817455264702673,-0.04915834158565053,-0.2290162110613762,8.678090952854456,10.973798272878192,6.38238363283072,0.2040252943594503,12004491.631000001,0.49583182803253517,-452247.2870034653,0.5699999999999994,0.08999999999999986,0.051000000000000156,0.7109999999999994,0.80168776371308,0.4856681116926433,0.5143318883073567,0.01928242093339252,0,3,12,4,False,False,recovery
2024-12-27,6.933,7.312,6.815,7.2982168093752975,6318307.4,1735343999999,44442597.7932,121691.0,3108713.73,21858795.27898,0,-0.002859833671686851,-0.002863930809287545,7.658938130620595,0.01663860876049217,7.594310832359002,-0.16373848859001772,8.487169042816257,-0.19092191003819892,8.025075249479874,0.05941056859720195,6.202962670382791,0.03026427031829204,,,0.05984105130167979,0.06356634974899028,0.07538085503337381,10.8,6.01,0.2689387911013147,29.523098694359405,-0.3155034027013528,-0.10242735380879098,-0.21307604889256182,8.487169042816257,10.552533898921189,6.421804186711325,0.21216895893077153,11667371.988,0.5415364665237757,-20052.331621465823,0.022999999999999687,0.37900000000000045,0.09499999999999975,0.4969999999999999,0.046277665995975235,0.4920168540707595,0.5079831459292405,0.019260063225160585,0,4,12,4,False,False,recovery
2024-12-28,6.912,7.184,6.792,7.514986357191535,4219904.23,1735430399999,29358460.19204,77581.0,2118051.35,14749305.88844,0,0.029701713922471562,0.0292691621663845,7.6039188001623215,-0.055019330458273785,7.537064906926676,-0.05724592543232632,8.317408207204139,-0.1697608356121183,8.085424278740254,0.06034902926037944,6.234572369826973,0.03160969944418124,,,0.05490832083608341,0.06448517518743474,0.07532562030364466,10.397,6.01,0.3430559282406053,35.69219872249131,-0.32386201471069764,-0.1467142859891723,-0.17714772872152534,8.317408207204139,10.080175015729603,6.554641398678674,0.2723970504403187,10660884.179000001,0.3958306045864791,123971.13729232983,0.2010000000000005,0.07099999999999973,0.1200000000000001,0.39200000000000035,0.5127551020408172,0.5019192935570483,0.4980807064429517,0.018384540447260338,0,5,12,4,False,False,recovery
2024-12-29,7.114,7.152,6.81,7.255252987076274,3618120.74,1735516799999,25317807.49957,72017.0,1728997.02,12106472.44844,0,-0.034562054775616136,-0.03517345134443171,7.461218621295751,-0.14270017886657005,7.531340318009498,-0.005724588917177975,8.235517017630992,-0.08189118957314712,8.13420451290327,0.0487802341630168,6.262700527784628,0.028128157957655553,,,0.046546861314538814,0.051204543848628103,0.07514852530764829,9.669,6.01,0.34032604183554893,27.219541611202203,-0.3474395207134169,-0.18685933293402124,-0.16058018777939564,8.235517017630992,10.037419723685627,6.433614311576356,0.22799196447707776,8817269.987,0.4103447830603444,-126148.45262477185,0.24899999999999967,0.038000000000000256,0.055000000000000604,0.3420000000000005,0.7280701754385944,0.4778715648942108,0.5221284351057892,0.019904531986403524,0,6,12,4,False,False,recovery
2024-12-30,6.867,7.109,6.537,7.087329318018601,6758873.72,1735603199999,45867526.05747,123881.0,3300787.61,22408624.6714,0,-0.023145115595113452,-0.023417169798436176,7.29498676559088,-0.1662318557048712,7.471813084239121,-0.059527233770377386,8.148923326849845,-0.08659369078114665,8.166879879363691,0.03267536646042046,6.28788581999677,0.025185292212142052,,,0.04340662370041175,0.05130341114369099,0.0732133827671955,9.669,6.01,0.2944327187807054,27.87239785855094,-0.3753481212875158,-0.22455709060472018,-0.15079103068279565,8.148923326849845,9.998545173593492,6.299301480106198,0.21302404037337852,7174873.481000001,0.9420199168526633,-158511.0952541885,0.16300000000000026,0.242,0.16699999999999982,0.5720000000000001,0.2849650349650354,0.48836355682052895,0.511636443179471,0.01832864544183258,0,0,12,4,False,False,recovery
2024-12-31,6.706,6.929,6.565,7.025049767329448,4270052.58,1735689599999,28683741.656,81059.0,2069279.8,13899457.09765,0,-0.008787449812839299,-0.008826287138039119,7.236167047798231,-0.05881971779264905,7.439233284829167,-0.03257979940995348,8.027655317682218,-0.12126800916762726,8.188511262678519,0.021631383314828057,6.3139801279051175,0.026094307908347325,,,0.04156104966482332,0.04762591416038152,0.072280550620294,9.669,6.01,0.27741179757568957,29.195850245838983,-0.3979045318061001,-0.25922657884499617,-0.1386779529611039,8.027655317682218,9.835552344360597,6.219758291003839,0.2227149733757675,6360689.540999999,0.6713191317507192,-38853.402055489445,0.06300000000000061,0.22299999999999986,0.0779999999999994,0.3639999999999999,0.17307692307692482,0.484602885147611,0.515397114852389,0.018983138610438374,0,1,12,4,False,False,recovery
2025-01-01,6.642,7.141,6.52,7.4588585274625645,4854650.19,1735775999999,33243559.05772,94540.0,2333502.86,15993805.99942,0,0.06175169920511858,0.05992009059152029,7.268295391415686,0.03212834361745465,7.46361676101814,0.024383476188972963,7.924354202040024,-0.10330111564219369,8.227152283437203,0.03864102075868381,6.342892029532183,0.02891190162706536,,,0.04591731925602239,0.05035167622020312,0.07185799372150278,9.264,6.01,0.4452546181507575,42.4763530428264,-0.37643658161139815,-0.2826685793982766,-0.09376800221312154,7.924354202040024,9.603561940901791,6.245146463178258,0.3613942564089803,5968487.892,0.8133802527281729,298163.0705283757,0.4089999999999998,0.08999999999999986,0.12200000000000077,0.6210000000000004,0.6586151368760057,0.48067373933692215,0.5193262606630779,0.019474111686716606,0,2,1,1,False,False,recovery
2025-01-02,7.052,7.36,7.051,7.5945327817117265,5662998.77,1735862399999,40879123.76941,116141.0,2780538.54,20074151.77783,0,0.018189680599199898,0.018026227489935022,7.284204676319723,0.01590928490403698,7.444061738241023,-0.019555022777117514,7.826214049580732,-0.0981401524592922,8.273366804591006,0.046214521153803645,6.371331722617377,0.02843969308519423,,,0.038153687375446214,0.05068067457453605,0.07146912211628287,9.264,6.01,0.4869492260945688,53.98562724821087,-0.34450406950608325,-0.29503567741983794,-0.049468392086245316,7.826214049580732,9.323107806829523,6.329320292331941,0.42261265479026955,5490592.796,1.031400247733833,101196.68770670796,0.125,0.18300000000000072,0.0009999999999994458,0.30900000000000016,0.4045307443365694,0.4910010849251871,0.5089989150748129,0.020508745404512953,0,3,1,1,False,False,recovery
2025-01-03,7.179,8.044,7.135,8.207678343385117,10892070.17,1735948799999,83477905.04738,190285.0,5514996.04,42272481.91229,0,0.08073512608305511,0.07764148188293224,7.4746897475814915,0.19048507126176872,7.467954184438621,0.023892446197598005,7.786875138494606,-0.03933891108612553,8.338020154923875,0.06465335033286834,6.405866957551708,0.03453523493433064,,,0.04591825667639204,0.053174721393120614,0.07147124190966044,9.264,6.01,0.675377487211161,56.943291731430925,-0.26664785060625196,-0.28935811205712075,0.022710261450868796,7.786875138494606,9.193106032628855,6.380644244360357,0.6496209501034965,5785244.246,1.8827329853067019,875675.6984938004,0.5749999999999993,0.2900000000000009,0.04400000000000048,0.9090000000000007,0.6325632563256313,0.506331299185892,0.49366870081410796,0.01747004903843729,0,4,1,1,False,False,recovery
2025-01-04,7.753,7.882,7.604,8.128725274978057,5399719.09,1736035199999,41742764.45914,96872.0,2682824.83,20743804.11467,0,-0.009619415516044283,-0.00966598095563704,7.682968938973383,0.20827919139189177,7.488977852282131,0.02102366784351073,7.718351646091233,-0.06852349240337308,8.393016761433813,0.05499660650993832,6.4377819388274595,0.031914981275751764,,,0.04601192297460017,0.051313567331166196,0.07084088776311578,9.204,6.01,0.6633454210951963,61.02315710803842,-0.20890891703223247,-0.27326827305214313,0.06435935601991066,7.718351646091233,8.88670340569303,6.549999886489436,0.6756207518473245,5794690.592,0.9318390696225805,-53621.146496001915,0.07600000000000051,0.12899999999999956,0.07299999999999951,0.2779999999999996,0.273381294964031,0.4968452590373549,0.5031547409626451,0.01794019251471839,0,5,1,1,False,False,recovery
2025-01-05,7.678,7.735,7.46,8.124922352272058,3864962.36,1736121599999,29389920.34466,72382.0,1877012.27,14277865.30767,0,-0.0004678375240094734,-0.00046794699412806,7.902943455961905,0.21997451698852188,7.569555251880066,0.08057739959793508,7.663802286414542,-0.054549359676690834,8.434850244804117,0.041833483370304236,6.468945254882717,0.031163316055257795,,,0.036851323200609104,0.051030374308469864,0.06901813959145305,8.972,6.01,0.7140183498555229,63.3952106262169,-0.16159449946751359,-0.2509335183352172,0.08933901886770362,7.663802286414542,8.62044940670233,6.707155166126754,0.7410084429663041,5585965.925,0.6919058246851013,-3020.6817975766385,0.006999999999999673,0.057000000000000384,0.2110000000000003,0.27500000000000036,0.025454545454544234,0.4856482664426259,0.5143517335573742,0.018727737364045118,0,6,1,1,False,False,recovery
2025-01-06,7.672,7.988,7.54,8.230244584527773,7081416.98,1736207999999,54984695.00266,126328.0,3563332.64,27671444.07027,0,0.012962860159058787,0.012879561375341079,8.057220667374946,0.1542772114130404,7.662758029395316,0.0932027775152493,7.628534430877158,-0.03526785553738421,8.486323037253326,0.05147279244920888,6.502048674710068,0.03310341982735032,,,0.03652387138706495,0.05081608462069934,0.06826245434856913,8.545,6.01,0.8758361280188453,57.519962320589734,-0.11428149282555466,-0.22360311323328472,0.10932162040773005,7.628534430877158,8.426635050257758,6.830433811496559,0.8769638433043677,5662276.882999999,1.250630643171252,89544.70695606763,0.09600000000000009,0.22000000000000064,0.13199999999999967,0.4480000000000004,0.21428571428571427,0.5031948619978032,0.49680513800219683,0.017839367510314296,0,0,1,1,False,False,recovery
2025-01-07,7.77,7.888,7.006,7.433708583026487,12003377.11,1736294399999,89383885.11418,211827.0,5819877.08,43361714.72763,0,-0.09678157110892094,-0.1017908623567489,8.0250558276379,-0.03216483973704598,7.654630251978811,-0.0081277774165045,7.595847579452743,-0.03268685142441541,8.509644274280156,0.023321237026829422,6.527447978127198,0.025399303417130703,,,0.04955042477949846,0.05099508849714077,0.0683888251498988,8.044,6.01,0.6999550555685775,42.45242756246121,-0.13945187813665072,-0.20677286621395793,0.06732098807730721,7.595847579452743,8.36793577700127,6.823759381904217,0.3949996924308212,6440624.171,1.8636978018446155,-1165106.3775669413,0.7559999999999993,0.11800000000000033,0.008000000000000007,0.8819999999999997,0.8571428571428568,0.4848533064208628,0.5151466935791372,0.017647283598507223,0,1,1,1,False,False,recovery
2025-01-08,7.013,7.136,6.421,7.166756830662395,12158592.89,1736380799999,82605839.7277,201670.0,5778073.36,39270057.59654,0,-0.03591097893904893,-0.03657164313626265,7.8168715250933545,-0.20818430254454512,7.645780636337423,-0.008849615641388198,7.588560477173461,-0.007287102279281754,8.531823340644925,0.022179066364769184,6.553602123568143,0.02615414544094463,,,0.04965677375786744,0.046843571547027854,0.06841805644705096,8.044,6.01,0.5687103395586997,40.00668315198954,-0.1788783667810936,-0.2011939663273851,0.022315599546291504,7.588560477173461,8.374535061424032,6.802585892922889,0.23166839299692113,7294671.386,1.6667773291796095,-440302.622477902,0.2530000000000001,0.12300000000000022,0.3389999999999995,0.7149999999999999,0.3538461538461541,0.475225497907102,0.524774502092898,0.016586623289761286,0,2,1,1,False,False,recovery
2025-01-09,6.759,6.847,6.454,6.955842889209574,7236598.9,1736467199999,48101824.44933,121609.0,3450012.66,22961645.5148,0,-0.02942948204276208,-0.029871217542167643,7.582295047939658,-0.23457647715369667,7.6326319934565205,-0.01314864288090245,7.55222253884782,-0.036337938325640806,8.551436620590188,0.019613279945263074,6.580488178357499,0.02688605478935635,,,0.05001917043991024,0.04570077093024857,0.0685449490048287,8.044,6.421,0.3295396729572235,44.614100086915066,-0.22455460971777885,-0.20586609500546388,-0.018688514712314974,7.55222253884782,8.385658055412351,6.718787022283288,0.14221608163727156,7342443.903999999,0.9855844994685847,-215171.0619674555,0.20000000000000018,0.08800000000000008,0.10500000000000043,0.3930000000000007,0.5089058524173024,0.4767450438630777,0.5232549561369223,0.016804717475774427,0,3,1,1,False,False,recovery
2025-01-10,6.558,6.81,6.482,7.141547973189318,6645927.74,1736553599999,44240403.61073,115176.0,3398370.72,22629759.03772,0,0.02669771110958008,0.026347545953958298,7.385620172123109,-0.19667487581654886,7.6442818140425075,0.011649820585986959,7.541757549435838,-0.010464989411982373,8.570423782532396,0.018987161942208175,6.609751822534877,0.02926364417737748,,,0.050639357801610795,0.04521309743034282,0.06846948343622737,8.044,6.421,0.44396055033229653,47.785611830520274,-0.2429677322741446,-0.21328642245920001,-0.029681309814944573,7.541757549435838,8.390946833291,6.692568265580676,0.26435785056681166,7580031.42,0.8767678353502129,175292.80363165156,0.17400000000000038,0.0779999999999994,0.07599999999999962,0.3279999999999994,0.5304878048780509,0.5113463240874779,0.488653675912522,0.017330311809860274,0,4,1,1,False,False,recovery
2025-01-11,6.731,6.878,6.582,7.1543976246591585,3109598.81,1736639999999,20826689.69448,66834.0,1455549.64,9758836.73449,0,0.00179928098475024,0.001797664217774076,7.170450780149386,-0.2151693919737232,7.6138357237621666,-0.030446090280340954,7.538726242390153,-0.0030313070456848834,8.57500485831341,0.004581075781013411,6.6388527869788625,0.02910096444398569,,,0.04624440226731841,0.04501491409805201,0.06648818522749332,8.044,6.421,0.45187777243324595,44.591601391937594,-0.2536000614272744,-0.2213491502528149,-0.03225091117445952,7.538726242390153,8.393242487005052,6.684209997775254,0.27511918576562705,7405526.282000001,0.41990247439378403,4619.130733808847,0.01100000000000012,0.13600000000000012,0.14900000000000002,0.29600000000000026,0.03716216216216254,0.4680827749609281,0.5319172250390719,0.02149280472615051,0,5,1,1,False,False,recovery
2025-01-12,6.741,6.817,6.542,7.0398738195726445,2241615.84,1736726399999,15016059.50107,45172.0,1078258.11,7225908.00723,0,-0.016007469963897902,-0.016136973385424164,7.091683827458619,-0.07876695269076706,7.558369827548259,-0.055465896213907406,7.501215782894642,-0.03751045949551113,8.537859437817628,-0.03714542049578107,6.6661264198870445,0.027273632908181966,,,0.04575013110668868,0.041071587935093766,0.05261480023765837,8.044,6.421,0.381314737875936,46.622446590969425,-0.26817600676580433,-0.23071452155541278,-0.037461485210391554,7.501215782894642,8.374922150820492,6.627509414968792,0.2359856925289398,7063387.989,0.31735703085982636,-36573.38214179772,0.10899999999999999,0.07600000000000051,0.08999999999999986,0.27500000000000036,0.3963636363636358,0.48101824173405205,0.518981758265948,0.020151534974877768,0,6,1,1,False,False,recovery
2025-01-13,6.632,6.808,6.0,6.79148588065849,10199678.51,1736812799999,64239204.83461,188229.0,5234371.09,32956011.2834,0,-0.0352830100766256,-0.035920495347387026,7.016629637457837,-0.07505419000078195,7.416750581275595,-0.14161924627266398,7.442352382857107,-0.05886340003753432,8.489209333466023,-0.048650104351604995,6.691467955269345,0.02534153538230033,,,0.03445840518984587,0.041107270727612756,0.05248301116247725,8.044,6.0,0.3872240120638404,45.47481487615625,-0.2963541926080513,-0.2438424557659405,-0.0525117368421108,7.442352382857107,8.341685474444937,6.543019291269277,0.13813935665957153,6994148.823000001,1.458315910645014,-362955.9904041013,0.23599999999999977,0.17600000000000016,0.3959999999999999,0.8079999999999998,0.29207920792079184,0.5131898113129842,0.4868101886870158,0.01845440518693368,0,0,1,1,False,False,recovery
2025-01-14,6.397,6.69,6.367,7.079334736081785,5174378.72,1736899199999,33667612.12478,95908.0,2666923.13,17349527.16141,0,0.042383781764615325,0.04151018815471462,7.041328006832279,0.02469836937444203,7.311811527385968,-0.10493905388962688,7.40039468983405,-0.04195769302305763,8.45865768163315,-0.030551651832873006,6.719139180173353,0.027671224904008085,,,0.03945910012488658,0.04257547528071222,0.052114356244004206,8.044,6.0,0.5280502622709319,50.776737044491526,-0.2920915612243862,-0.25349227685762965,-0.038599284366756526,7.40039468983405,8.284365063656404,6.516424316011695,0.31839891739585297,6971614.786,0.742206630577308,217621.6190869298,0.2679999999999998,0.025000000000000355,0.03000000000000025,0.3230000000000004,0.8297213622291005,0.5154093417421909,0.48459065825780917,0.018535172083422608,0,1,1,1,False,False,recovery
2025-01-15,6.668,7.196,6.558,7.6127995243705735,9177823.38,1736985599999,63109151.99765,165320.0,4724151.31,32492938.63636,0,0.07535521460368844,0.07265103918841097,7.13557831706853,0.09425031023625152,7.260599244595819,-0.05121228279014911,7.415077248237944,0.014682558403894319,8.44221382005246,-0.01644386158069011,6.752748673201089,0.03360949302773619,,,0.04840617195527314,0.04271960389602885,0.0531953428165344,8.044,6.0,0.7890408631949967,52.14159121388366,-0.24286761835404036,-0.2513673451569118,0.008499726802871421,7.415077248237944,8.303111209196427,6.5270432872794615,0.6113258528532071,7502900.887999999,1.2232366543291064,688508.8807201809,0.4969999999999999,0.030999999999999694,0.11000000000000032,0.6379999999999999,0.7789968652037617,0.5147354785988483,0.4852645214011517,0.0180129855582381,0,2,1,1,False,False,recovery
2025-01-16,7.166,7.393,6.847,7.5992389773412246,10781374.02,1737071999999,77050710.06064,211336.0,5435027.05,38845717.3,0,-0.0017812825605006966,-0.0017828709307853182,7.2245465876049435,0.08896827053641321,7.197498683877164,-0.063100560718655,7.43012835663624,0.015051108398296265,8.417263772853538,-0.024950047198922576,6.786486816244137,0.03373814304304812,,,0.048006884693121275,0.04271271528277375,0.0527149745330768,8.044,6.0,0.7824065446874874,50.067774215321045,-0.20261588204082148,-0.24161705253369373,0.039001170492872245,7.43012835663624,8.32002473891181,6.540231974360671,0.5950170289896833,7872896.592,1.3694291413601738,-22570.915603628702,0.016000000000000014,0.22699999999999942,0.30299999999999994,0.5459999999999994,0.029304029304029363,0.5041126520532306,0.4958873479467694,0.01960195422289969,0,3,1,1,False,False,recovery
2025-01-17,7.154,7.6,7.152,7.976912464519429,8017976.75,1737158399999,59318992.42498,149265.0,4032311.79,29835594.5707,0,0.04969885646501182,0.048503319666825556,7.4119543165943,0.18740772898935631,7.251819072026459,0.05432038814929463,7.453224662002635,0.023096305366394176,8.396482972592421,-0.020780800261116283,6.824811986413927,0.03832517016978976,,,0.03904384266585268,0.043598254940750446,0.05313620740272549,8.044,6.0,0.9671783094517751,46.43494050285983,-0.13864280894883318,-0.2210222038167216,0.08237939486788842,7.453224662002635,8.375772867228134,6.530676456777135,0.7838267960148426,7474356.556,1.0727313702426482,395852.5584265729,0.3490000000000002,0.09699999999999953,0.0019999999999997797,0.4479999999999995,0.7790178571428584,0.5029088903257296,0.4970911096742704,0.018616292445597326,0,4,1,1,True,False,recovery
2025-01-18,7.504,7.589,6.839,7.49019881039414,8528830.03,1737244799999,60425364.34095,159762.0,4056124.95,28732635.60262,0,-0.061015293359447886,-0.06295608676427843,7.55169690254143,0.13974258594712996,7.284163269999634,0.03234419797317489,7.464971953168529,0.01174729116589468,8.35730531898809,-0.03917765360433201,6.85775181939685,0.032939832982923356,,,0.04279053667233277,0.04519809782190042,0.053319483797591605,8.044,6.0,0.7290600833630819,41.23927217159824,-0.1257676407990207,-0.20197129121318144,0.07620365041416075,7.464971953168529,8.382877633871148,6.54706627246591,0.5137415301789506,7111380.2700000005,1.1993213280942996,-522892.41820605076,0.4609999999999994,0.08500000000000085,0.20399999999999974,0.75,0.6146666666666659,0.47557811982800186,0.5244218801719982,0.01873199482672772,0,5,1,1,False,False,recovery
2025-01-19,7.043,7.237,6.11,6.645733126990432,18463335.53,1737331199999,122447118.41131,341965.0,8828135.79,58632844.06901,0,-0.11274275954222246,-0.11962032692779426,7.46497658072316,-0.0867203218182695,7.2531522937777195,-0.031010976221914177,7.44289214361712,-0.022079809551409646,8.302874814004621,-0.05443050498346835,6.881223482843813,0.023471663446962943,,,0.05627652327139751,0.0518339358872735,0.05552341304982495,8.044,6.0,0.3159164026371977,33.509292524877054,-0.18161179273893335,-0.19789939151833183,0.016287598779398477,7.44289214361712,8.4184788138938,6.467305473340439,0.09144633638720691,8234053.933,2.2423141359329253,-2086726.5486128083,0.7960000000000003,0.19399999999999995,0.13699999999999957,1.1269999999999998,0.7062999112688557,0.47814414549611983,0.5218558545038802,0.018521301280820086,0,6,1,1,False,False,recovery
2025-01-20,6.246,7.109,6.054,6.79040735226401,21982145.76,1737417599999,142145417.23696,428022.0,10624422.27,68813601.43558,0,0.021769490665523472,0.021535919047888135,7.300498146301846,-0.16447843442131393,7.218038231685187,-0.035114062092532095,7.431160022863847,-0.011732120753272568,8.244071255524984,-0.05880355847963692,6.905777510925422,0.024554028081608337,,,0.056007624885858386,0.05207043501321727,0.05529950568485069,8.044,6.0,0.3866963562935469,34.087627194195164,-0.21175371953340694,-0.20067025712134687,-0.011083462412060069,7.431160022863847,8.43318909237392,6.4291309533537735,0.1802724141959659,9767675.735000001,2.2504991316647143,471523.5363918703,0.1349999999999998,0.7279999999999998,0.19200000000000017,1.0549999999999997,0.1279620853080567,0.48332052684924054,0.5166794731507595,0.019471347550558685,0,0,1,1,False,False,recovery
2025-01-21,6.381,6.845,6.155,7.049071401593218,8255422.94,1737503999999,53606715.74173,166517.0,4007424.42,26040807.39089,0,0.03809256733956712,0.03738495932202226,7.1904646311522455,-0.1100335151496008,7.207505609378595,-0.010532622306592465,7.410670666570381,-0.020489356293466265,8.175247961287836,-0.0688232942371485,6.933347637627724,0.027570126702302744,,,0.05754978587195346,0.050838677157135206,0.05434565651849035,8.044,6.0,0.5132443256326896,45.175629312272996,-0.21232187226596722,-0.20300058015027095,-0.009321292115696267,7.410670666570381,8.426971901399938,6.394369431740824,0.322100351458391,10282258.148,0.8028803421557512,311793.9082494902,0.24099999999999966,0.22299999999999986,0.22599999999999998,0.6899999999999995,0.3492753623188403,0.48542932919679094,0.5145706708032091,0.02017062011361952,0,1,1,1,False,False,recovery
2025-01-22,6.623,6.696,6.412,6.864928381950775,4674155.01,1737590399999,30697513.9116,103355.0,2215649.64,14549999.4303,0,-0.026123018075944526,-0.026470285242382943,6.968067814638514,-0.2223968165137311,7.190011065616408,-0.017494543762187398,7.3741904465823325,-0.03648021998804829,8.107517945750509,-0.06773001553732705,6.956834281989906,0.023486644362181508,,,0.05795083384210436,0.05089787362364131,0.054368344571628584,8.044,6.0,0.4231547856902029,46.13396198290766,-0.2250368553496669,-0.20740783519015016,-0.01762902015951673,7.3741904465823325,8.414791202667256,6.3335896904974085,0.25530381769682453,10525512.065000001,0.4440786330522342,-123524.18102536982,0.17600000000000016,0.07299999999999951,0.03500000000000014,0.2839999999999998,0.6197183098591559,0.47402142959738947,0.5259785704026105,0.022112018060778862,0,2,1,1,False,False,recovery
2025-01-23,6.447,6.503,6.191,6.764816466524916,6958597.48,1737676799999,44105927.12862,132219.0,3469926.51,21999424.89726,0,-0.01458309684469139,-0.01469047542155859,6.82299134586467,-0.14507646877384417,7.187344124203051,-0.0026669414133566605,7.302047352739324,-0.07214309384300854,8.022370102676339,-0.08514784307416967,6.979016317186993,0.022182035197086947,,,0.056949833251927075,0.04687062743803953,0.05308333765450218,7.988,6.0,0.3847165324572012,47.481714138386856,-0.24042034981844917,-0.21401033811580997,-0.026410011702639208,7.302047352739324,8.298470348744845,6.305624356733803,0.2304202691186027,10201403.962,0.6821215497318428,-103618.01738482987,0.09600000000000009,0.05600000000000005,0.16000000000000014,0.3120000000000003,0.3076923076923077,0.4986531438228842,0.5013468561771158,0.019000811640566398,0,3,1,1,False,False,recovery
2025-01-24,6.351,6.546,6.203,6.73389758119578,4639656.86,1737763199999,29663019.71726,75822.0,2269216.13,14508331.41454,0,-0.004570543115564929,-0.004581019983256182,6.84062423670574,0.017632890841070115,7.15280040871445,-0.03454371548860102,7.23230596805021,-0.06974138468911395,7.939533753541168,-0.0828363491351709,7.001824183042387,0.02280786585539385,,,0.055073079285141664,0.046878156252662485,0.05308086036395093,7.988,6.0,0.3691637732373139,44.39732909148511,-0.25219957594054954,-0.2216481856807579,-0.030551390259791644,7.23230596805021,8.179123329321435,6.285488606778985,0.23679803136200836,10147931.775999999,0.45720221247179194,-22646.726918595505,0.030999999999999694,0.19500000000000028,0.11699999999999999,0.34299999999999997,0.09037900874635481,0.4890913700027376,0.5109086299972624,0.016342156820623153,0,4,1,1,False,False,recovery
2025-01-25,6.319,6.41,6.246,6.73919605182836,3418652.69,1737849599999,21638569.56774,53842.0,1650660.35,10451133.75911,0,0.0007868356429083789,0.0007865262500274971,6.830381976618609,-0.01024226008713125,7.065440061460228,-0.08736034725422215,7.163019653028025,-0.06928631502218519,7.850355292729006,-0.08917846081216219,7.02592011266464,0.024095929622252932,,,0.04775884333095239,0.04689002266497493,0.05281827297982415,7.988,6.0,0.3718289999136619,44.28167789091219,-0.2581315750918405,-0.22894486356297442,-0.029186711528866066,7.163019653028025,8.034628125032194,6.2914111810238555,0.25687271589666383,9572014.707,0.3571507978879247,1622.7781756332995,0.004000000000000448,0.08699999999999974,0.07299999999999951,0.1639999999999997,0.024390243902441797,0.48283943988472255,0.5171605601152774,0.015749479365802437,0,5,1,1,False,False,recovery
2025-01-26,6.323,6.47,6.166,6.585639422388212,3801099.68,1737935999999,24056036.93107,69887.0,1770498.62,11209426.8477,0,-0.022785600575974896,-0.023049204316177952,6.737695580777609,-0.09268639584100047,6.9640801059649275,-0.10135995549530019,7.080789394921046,-0.08223025810697848,7.759734980973983,-0.09062031175502305,7.047258030703657,0.02133791803901719,5.931030387653123,,0.047767951264858104,0.04672052859094753,0.05285537783514293,7.888,6.0,0.31019037202765465,43.810647133761364,-0.2720870140962903,-0.2375732936696376,-0.03451372042665274,7.080789394921046,7.830209364256224,6.331369425585868,0.16964452990751666,8873987.273,0.42834179980911496,-87768.55183931727,0.1460000000000008,0.14699999999999935,0.010999999999999233,0.3039999999999994,0.48026315789474044,0.4657858959384091,0.534214104061591,0.01838599507603547,0,6,1,1,False,False,recovery
2025-01-27,6.176,6.212,5.485,6.3487997013523225,12932411.15,1738022399999,75005877.7112,206013.0,6070202.8,35250692.55778,0,-0.03596305625703422,-0.03662566172109431,6.634469844657917,-0.10322573611969155,6.801268829648217,-0.16281127631671044,7.026543950837338,-0.05424544408370835,7.668506913612353,-0.09122806736163014,7.064952666154612,0.01769463545095551,5.933259386159883,0.0022289985067605045,0.04265250422329152,0.04257133956522527,0.05297679200093203,7.6,5.485,0.40841593444554253,43.948958789454124,-0.29881325301037354,-0.24982128553778477,-0.04899196747258877,7.026543950837338,7.823927761698725,6.229160139975951,0.07502005919027178,9365430.713000001,1.380866673013632,-468975.2464950615,0.22299999999999986,0.03599999999999959,0.46799999999999997,0.7269999999999994,0.3067400275103164,0.4693790453762367,0.5306209546237632,0.01592997605864085,0,0,1,1,False,False,recovery
2025-01-28,5.953,6.037,5.6,6.026465458676963,5048053.65,1738108799999,29604653.84519,90408.0,2282133.79,13384491.85132,0,-0.050770894946756795,-0.052105092171232,6.486799643088327,-0.1476702015695901,6.654895494476499,-0.14637333517171847,6.969529382238067,-0.05701456859927134,7.611174687215107,-0.057332226397245556,7.077889868615716,0.012937202461103858,5.932866569132853,-0.00039281702703064525,0.04171641089433035,0.043227453852436676,0.046960984637093424,7.6,5.485,0.25601203719950966,35.74282622721903,-0.3420606076663324,-0.26826914996349427,-0.07379145770283813,6.969529382238067,7.8797790405100105,6.059279723966123,-0.018024870974110346,9017353.075,0.5598154589283397,-257787.38612464306,0.30400000000000027,0.08399999999999963,0.04900000000000038,0.4370000000000003,0.6956521739130437,0.4520819207220589,0.5479180792779411,0.01790947685351957,0,1,1,1,False,False,recovery
2025-01-29,5.648,5.881,5.544,6.155334521111071,6047240.35,1738195199999,34660578.88806,106514.0,2975719.84,17059478.98597,0,0.021383854818011194,0.021158428192447308,6.371087031071386,-0.11571261201694139,6.605855633888562,-0.049039860587936523,6.929503963833142,-0.040025418404924906,7.557897314964498,-0.05327737225060947,7.094189034758562,0.01629916614284621,5.93246252425362,-0.0004040448792324014,0.02820474363333228,0.04337755922401863,0.047127126017477115,7.6,5.485,0.31694303598632173,27.83541357902297,-0.3617655830269264,-0.2869684365761807,-0.0747971464507457,6.929503963833142,7.90997848495993,5.949029442706354,0.10520675140422082,7775743.557000001,0.777705733949528,127389.2019206941,0.1200000000000001,0.11300000000000043,0.10400000000000009,0.33700000000000063,0.3560830860534121,0.4920789761564546,0.5079210238435454,0.01761365413564222,0,2,1,1,False,False,recovery
2025-01-30,5.767,6.257,5.722,6.5383440732982905,5322849.22,1738281599999,32264526.71484,95088.0,2521017.58,15271304.52567,0,0.062224002752995,0.06036482595758472,6.330916635365372,-0.04017039570601355,6.58064930599199,-0.025206327896571956,6.899343768838589,-0.03016019499455247,7.499655997416824,-0.058241317547673255,7.114872578214103,0.02068354345554102,5.933522729575859,0.0010602053222390495,0.0349325527522276,0.04543060241443785,0.04683046211509516,7.6,5.485,0.49803502283607115,35.49609202510102,-0.34252780077853195,-0.298080309416651,-0.044447491361880975,6.899343768838589,7.889417611067865,5.909269926609314,0.3176905195639435,6109813.903,0.8711966198162615,329448.19201456325,0.35799999999999965,0.13199999999999967,0.04499999999999993,0.5349999999999993,0.6691588785046731,0.4736218284236878,0.5263781715763123,0.0178641167671475,0,3,1,1,False,False,recovery
2025-01-31,6.125,6.499,6.029,6.749672419031244,8668790.29,1738367999999,54551317.92092,143316.0,4238949.76,26699756.1113,0,0.0323213864801013,0.03181003958576419,6.363723234693978,0.03280659932860619,6.550709407735793,-0.02993989825619714,6.879107508557193,-0.020236260281396135,7.444151828991321,-0.055504168425503764,7.138813759474464,0.023941181260360267,5.934807981218074,0.0012852516422148241,0.03421428340911829,0.04612206994379509,0.04710771186279829,7.6,5.485,0.59795386242612,32.42243557447428,-0.3066939118841008,-0.29980302991014096,-0.006890881973959817,6.879107508557193,7.863761167255971,5.894453849858415,0.4342737985166287,6151150.637999999,1.4092957237052142,277401.2892800002,0.19599999999999973,0.17799999999999994,0.09600000000000009,0.46999999999999975,0.41702127659574434,0.4889897688365928,0.5110102311634072,0.016532410544678203,0,4,1,1,False,False,recovery
2025-02-01,6.322,6.492,5.861,6.307423512077541,6999151.58,1738454399999,43729791.24776,119497.0,3372252.35,21083006.03717,0,-0.06552153637956504,-0.06776669823711483,6.355447996839022,-0.00827523785495643,6.494958920748471,-0.05575048698732221,6.842484993182438,-0.036622515374754805,7.3791535826149195,-0.06499824637640117,7.158359852296329,0.019546092821865813,5.934607432418906,-0.0002005487991683097,0.039002749039526954,0.04820225442550373,0.04783684414131887,7.6,5.485,0.3888527243865443,32.84073558872771,-0.31040295547725893,-0.30192301502356456,-0.008479940453694379,6.842484993182438,7.856022938721226,5.82894704764365,0.23604269901288058,6383650.295,1.0964183901931615,-460630.76368928904,0.4169999999999998,0.16999999999999993,0.04400000000000048,0.6310000000000002,0.6608557844690961,0.481808732309238,0.5181912676907621,0.017073069304779937,0,5,2,1,False,False,recovery
2025-02-02,5.906,6.048,4.863,5.5058880458425286,17423977.29,1738540799999,94054582.95351,275392.0,8424782.05,45521441.5352,0,-0.12707811116539447,-0.13590920156186864,6.251332514272135,-0.10411548256688707,6.369066078680231,-0.12589284206823947,6.778205101441641,-0.06427989174079762,7.309382212229617,-0.06977137038530223,7.1720506086635405,0.013690756367211065,5.930799490812104,-0.003807941606801535,0.054383825577512174,0.05516891346378215,0.05025310659666386,7.6,4.863,0.23488785014341554,33.254969892052884,-0.37371169684703087,-0.31628075138825784,-0.05743094545877303,6.778205101441641,7.9552427249505975,5.601167477932684,-0.04047425085959042,7430188.275999999,2.345025003778249,-2218938.344128706,0.7530000000000001,0.14200000000000035,0.28999999999999915,1.1849999999999996,0.6354430379746838,0.48351658807746306,0.5164834119225369,0.015805346587432337,0,6,2,1,False,False,recovery
2025-02-03,5.155,5.28,3.78,5.532183828002118,44336682.05,1738627199999,202947672.5342,733019.0,21807863.63,99965830.6181,0,0.004775938402787894,0.004764569791795119,6.1267023756503445,-0.12463013862179029,6.2488947033608655,-0.12017137531936584,6.700847556037656,-0.07735754540398432,7.23004198632875,-0.07934022590086709,7.185587166059467,0.013536557395926074,5.927924516062218,-0.0028749747498864053,0.054738474664284324,0.05395485532326496,0.04942344577939391,7.6,3.78,0.458686865969141,30.84985505377996,-0.41695607060438356,-0.336415815231483,-0.08054025537290055,6.700847556037656,7.992353376826621,5.409341735248692,0.04755770000261552,11399890.794999998,3.8892198923033634,197893.20534640568,0.020999999999999908,0.10400000000000009,1.3750000000000004,1.5000000000000004,0.013999999999999934,0.49186954507345687,0.5081304549265432,0.016533014337278315,0,0,2,1,False,False,recovery
2025-02-04,5.177,5.229,4.581,5.06989475410133,16164176.0,1738713599999,77585820.91313,249624.0,8068002.38,38687062.62503,0,-0.08356357783355473,-0.08726258435798215,5.833012511810953,-0.29368986383939166,6.081964573588162,-0.1669301297727035,6.573702317524196,-0.12714523851346016,7.147121690494658,-0.082920295834092,7.193524028886422,0.007936862826955604,5.921499710359949,-0.0064248057022684435,0.05791781840338794,0.05227059363820445,0.050447491811837324,7.6,3.78,0.33766878379615983,21.6351106557059,-0.48296311496357536,-0.3657252751779015,-0.11723783978567387,6.573702317524196,7.982544471503709,5.164860163544684,-0.03370335320216936,12674443.125999998,1.2753361894725979,-1355342.4234930451,0.4349999999999996,0.05200000000000049,0.1609999999999996,0.6479999999999997,0.6712962962962961,0.4991285902850847,0.5008714097149153,0.015443038977056425,0,1,2,1,False,False,recovery
2025-02-05,4.743,4.865,4.628,5.0147887645934635,6698304.03,1738799999999,31817396.22512,133306.0,3428248.58,16296036.83003,0,-0.01086925709124209,-0.010928759020087934,5.486035780923396,-0.34697673088755643,5.924879507808687,-0.15708506577947468,6.4444798068868065,-0.12922251063738965,7.06870543188102,-0.07841625861363788,7.200854659385601,0.007330630499178703,5.914813914574407,-0.006685795785542403,0.05812489735830803,0.05215448621930511,0.050366516902138316,7.6,3.78,0.32324313209252975,22.466046599410703,-0.5335701019867765,-0.3992942405396765,-0.13427586144709996,6.4444798068868065,7.929314647974645,4.959644965798968,0.018569000830454464,12964163.560999999,0.5166784573862104,-74865.05980388017,0.05400000000000027,0.12199999999999989,0.06099999999999994,0.2370000000000001,0.22784810126582383,0.511808446532995,0.488191553467005,0.019901455562924036,0,2,2,1,False,False,recovery
2025-02-06,4.689,4.838,4.441,4.803455012938943,6626961.02,1738886399999,30663679.50018,125782.0,3268238.12,15110863.05461,0,-0.04214210439861921,-0.04305584645924117,5.1852420810956765,-0.30079369982771986,5.77034503896735,-0.15453446884133726,6.285806934307783,-0.1586728725790234,7.003025619909502,-0.06567981197151873,7.205425909529651,0.004571250144049799,5.906574311087124,-0.00823960348728292,0.05828340262088848,0.049754325526969054,0.04909204112761895,7.589,3.78,0.26869388630583957,21.74615580190914,-0.5839974127268341,-0.43623487497710806,-0.1477625377497261,6.285806934307783,7.7593318748598605,4.812281993755706,-0.0029951921999554904,12333618.548,0.5373087382432965,-281246.58626146294,0.19899999999999984,0.14900000000000002,0.04900000000000038,0.39700000000000024,0.501259445843828,0.4931729808182877,0.5068270191817122,0.018980344025020388,0,3,2,1,False,False,recovery
2025-02-07,4.49,4.938,4.459,4.915172512996528,9796463.72,1738972799999,46069424.52144,170753.0,4910104.72,23103271.50219,0,0.02325773838969125,0.02299139892194668,5.067098974526476,-0.11814310656920046,5.659215744399306,-0.11112929456804377,6.1570556194379025,-0.12875131486988067,6.955079092644472,-0.04794652726502946,7.211121133594028,0.005695224064377058,5.900558714115848,-0.006015596971275627,0.05946619111268052,0.050006251757847,0.047669868827801214,7.237,3.78,0.32836925455496907,24.396865345576444,-0.6079388110202695,-0.4705756621857403,-0.13736314883452916,6.1570556194379025,7.637461020430893,4.676650218444912,0.08055978936297635,12808459.555,0.7648432411355653,224729.56863251663,0.10299999999999976,0.34499999999999975,0.031000000000000583,0.4790000000000001,0.21503131524008295,0.5012119536538231,0.4987880463461769,0.01743006506025217,0,4,2,1,False,False,recovery
2025-02-08,4.594,4.765,4.499,5.079411852493159,4650038.29,1739059199999,21408624.47075,88835.0,2338742.63,10773887.45149,0,0.03341476602547622,0.03286862554908051,4.976544579424685,-0.09055439510179131,5.551623477537515,-0.10759226686179169,6.078739555713039,-0.07831606372486366,6.903015296579887,-0.05206379606458533,7.220851199087066,0.009730065493037898,5.896252751532208,-0.004305962583640799,0.06047635630739056,0.046214748592635496,0.047308002166141866,7.109,3.78,0.3903309860297865,27.635180762839695,-0.6066665254952204,-0.4977938348476364,-0.10887269064758398,6.078739555713039,7.614964798512912,4.542514312913165,0.17474570936012676,12668739.349,0.3670482249180577,153887.61595471375,0.1509999999999998,0.019999999999999574,0.09500000000000064,0.266,0.5676691729323301,0.5029512627948705,0.4970487372051296,0.01910414376394307,0,5,2,1,False,False,recovery
2025-02-09,4.745,4.878,4.511,5.099193021904811,7038964.34,1739145599999,33382952.55632,126782.0,3519031.84,16701269.74321,0,0.003894381866660801,0.0038868183919454334,4.982404232985381,0.005859653560696287,5.407708372398167,-0.1439151051393477,5.9941788391950785,-0.08456071651796027,6.857982201789404,-0.04503309479048312,7.23129507344087,0.010443874353804006,5.892884511464158,-0.0033682400680499214,0.05446640016208737,0.04569113026354468,0.047043389559882805,6.845,3.78,0.43040555363941635,29.221745019620585,-0.5971781569342642,-0.517670699264962,-0.07950745766930223,5.9941788391950785,7.551502660276492,4.436855018113665,0.21265262716241481,12840350.861,0.548190965823173,25218.628826131524,0.01699999999999946,0.11600000000000055,0.23399999999999999,0.367,0.046321525885557116,0.4999360232587852,0.5000639767412147,0.018011456497874515,0,6,2,1,False,False,recovery
2025-02-10,4.763,4.92,4.608,5.189680836849595,7055381.19,1739231999999,33963107.56035,151287.0,3706196.89,17851580.33669,0,0.017745516703539632,0.017589903285416802,5.017382647436607,0.03497841445122596,5.251709214180002,-0.15599915821816523,5.901209310957897,-0.09296952823718119,6.81747534321494,-0.04050685857446368,7.242630834299296,0.011335760858426802,5.8899239933321885,-0.002960518131969181,0.05299202397323478,0.04470504113051281,0.04712898337082397,6.696,3.78,0.483429642266665,33.10606053622618,-0.5757203996680147,-0.5292806393455726,-0.046439760322442125,5.901209310957897,7.4147638655759005,4.387654756339894,0.2649478600102787,12679009.951,0.5564615231998883,122972.83468500614,0.08199999999999985,0.07500000000000018,0.15500000000000025,0.3120000000000003,0.2628205128205121,0.5253007300658691,0.474699269934131,0.02144278188886914,0,0,2,1,False,False,recovery
2025-02-11,4.846,5.21,4.749,5.152718431226033,9664290.61,1739318399999,48092494.39658,179353.0,4935650.84,24547948.99677,0,-0.007122288785296527,-0.007147773361836754,5.087235331094026,0.0698526836574187,5.136238706094851,-0.11547050808515102,5.81559881342166,-0.08561049753623706,6.764728051649802,-0.052747291565138354,7.254871384997911,0.01224055069861496,5.886206304820093,-0.0037176885120953074,0.051168837972314196,0.04464036038056896,0.04549858186242556,6.546,3.78,0.49628287462980214,36.109851969552324,-0.5552964182166447,-0.534483795119787,-0.020812623096857608,5.81559881342166,7.292895498519259,4.338302128324061,0.27564412454095716,12945523.853999998,0.7465353058705199,-71808.97047677908,0.03699999999999992,0.3639999999999999,0.0600000000000005,0.4610000000000003,0.08026030368763536,0.5107101016698421,0.4892898983301579,0.01855832023660555,0,1,2,1,False,False,recovery
2025-02-12,4.809,5.332,4.752,5.602332209320693,15217967.69,1739404799999,76387644.97893,267926.0,7174417.47,35983384.65054,0,0.0872575872514112,0.08365855085839567,5.224667270358859,0.13743193926483332,5.145883122442667,0.009644416347816431,5.75747460056145,-0.05812421286021063,6.7173996182080336,-0.04732843344176807,7.2719278341227085,0.01705644912479709,5.884938050142835,-0.0012682546772584402,0.04531484378343193,0.049971350938442884,0.04724366727485046,6.546,3.78,0.6588330474767509,42.0223533066811,-0.4970999328643826,-0.5270070226687061,0.02990708980432355,5.75747460056145,7.167463485482269,4.34748571564063,0.44498453395628396,12724922.894,1.1959182634556873,1322751.1945144525,0.41800000000000015,0.10499999999999954,0.057000000000000384,0.5800000000000001,0.720689655172414,0.47144386268571453,0.5285561373142855,0.017605898859678813,0,2,2,1,False,False,recovery
2025-02-13,5.228,5.277,5.067,5.501144527194366,6378691.02,1739491199999,32892476.25896,139497.0,3234216.13,16676101.59015,0,-0.01806170686521924,-0.01822681055034618,5.3090138052991005,0.08434653494024147,5.142779192361893,-0.003103930080774475,5.695836947861379,-0.061637652700071044,6.669052736821062,-0.04834688138697185,7.28688987137937,0.014962037256661453,5.883692198338316,-0.0012458518045184164,0.04576982773871658,0.050011300203175,0.04727494166841735,6.499,3.78,0.6330064461913817,33.71296835549943,-0.45391139125813584,-0.5123878963865921,0.05847650512845626,5.695836947861379,7.031946412246712,4.359727483476045,0.4271420396843836,8929123.791,0.7143692000808997,-117152.15954084545,0.09699999999999953,0.04900000000000038,0.06400000000000006,0.20999999999999996,0.46190476190475976,0.5070344557934082,0.4929655442065918,0.02186922043450852,0,3,2,1,False,False,recovery
2025-02-14,5.132,5.378,5.1,5.544676643210272,6591725.25,1739577599999,34458402.38985,125833.0,3323000.76,17375204.75081,0,0.007913283463233611,0.007882137638245431,5.398110529560191,0.08909672426109072,5.190257381272787,0.04747818891089395,5.636110977430474,-0.05972597043090477,6.633563302559413,-0.03548943426164897,7.299613991721043,0.012724120341673029,5.883001567169885,-0.000690631168430933,0.035003359213248014,0.05010879822613973,0.046231867761770996,6.499,3.78,0.649016786763616,30.025470261156286,-0.41142878796697957,-0.49219607470266963,0.08076728673569006,5.636110977430474,6.879413266615333,4.392808688245615,0.4632292423911851,7971878.716,0.8268722449038323,50102.76451958692,0.038000000000000256,0.20800000000000018,0.03200000000000003,0.27800000000000047,0.13669064748201507,0.5041170003255218,0.4958829996744783,0.019089539570843004,0,4,2,1,False,False,recovery
2025-02-15,5.17,5.22,4.976,5.387620389670678,4188333.3,1739663999999,21309634.37438,81045.0,1933784.35,9841458.77818,0,-0.02832559293280279,-0.028734502790490755,5.437698440124409,0.03958791056421784,5.227540543780508,0.03728316250772146,5.576210025794597,-0.05990095163587661,6.595351374165321,-0.03821192839409182,7.310213311822598,0.010599320101555065,5.8821703706448485,-0.0008311965250369369,0.036535398481327655,0.050207230883775225,0.04635389311931636,6.499,3.78,0.5912542808645378,33.160809137794814,-0.3859847538990966,-0.470953810541955,0.08496905664285842,5.576210025794597,6.739773842620181,4.412646208969013,0.4189603383171426,7720881.643000001,0.5424682689958442,-119898.12928433248,0.1479999999999997,0.04999999999999982,0.04600000000000026,0.24399999999999977,0.6065573770491796,0.46170736937291984,0.5382926306270802,0.019350179222842653,0,5,2,1,False,False,recovery
2025-02-16,5.022,5.047,4.826,5.23690455179897,3661323.85,1739750399999,18041643.15161,75461.0,1664341.27,8203732.80711,0,-0.02797447239613715,-0.028373211899626567,5.454535664238995,0.016837224114586213,5.2708854976665105,0.04334495388600246,5.52061526831693,-0.0555947574776674,6.549789738057469,-0.04556163610785191,7.317607008398861,0.007393696576262876,5.881230743009876,-0.0009396276349722399,0.03460815928841365,0.050010828898917885,0.0461906230823482,6.499,3.78,0.5358236674508902,43.53504055347859,-0.37367419856047324,-0.45149788814565867,0.07782368958518543,5.52061526831693,6.633917747373315,4.407312789260545,0.3725814763484458,7424317.925999999,0.49315289114681166,-103526.08257666281,0.14200000000000035,0.024999999999999467,0.05400000000000027,0.22100000000000009,0.6425339366515851,0.4545736291532911,0.5454263708467089,0.02061030465797228,0,6,2,1,False,False,recovery
2025-02-17,4.88,5.07,4.776,5.249261531374468,6062988.09,1739836799999,29747663.84043,108434.0,3002655.01,14736639.68334,0,0.0023595961036282365,0.002356816628176415,5.383921528649751,-0.07061413558924468,5.304294399504305,0.033408901837794325,5.481755071951805,-0.03886019636512472,6.509669908943433,-0.04011982911403589,7.321937210923352,0.0043302025244909,5.88059065314235,-0.0006400898675265054,0.03429450360105665,0.04904127086219094,0.04602165649442261,6.499,3.78,0.5403683454852769,43.15415512097117,-0.35878503918589466,-0.4329553183537059,0.07417027916781121,5.481755071951805,6.574785392245065,4.388724751658545,0.3936472592475937,7050970.363,0.8598799566390972,12424.155922130993,0.009999999999999787,0.1800000000000006,0.10400000000000009,0.2940000000000005,0.03401360544217609,0.49524342872327826,0.5047565712767218,0.01788458073649292,0,0,2,1,False,False,recovery
2025-02-18,4.89,4.918,4.56,5.120957221750654,7479844.27,1739923199999,35401333.72014,142732.0,3797910.22,17986260.19988,0,-0.02444235419724239,-0.024746027069072817,5.307884067561008,-0.07603746108874265,5.308448936430054,0.004154536925748964,5.430036206983784,-0.05171886496802092,6.4703424670180745,-0.03932744192535864,7.318611173190883,-0.0033260377324690893,5.880398137497588,-0.0001925156447617482,0.03424405039212247,0.04877882978438677,0.04603223289733913,6.499,3.78,0.49318029486967796,51.47375367006273,-0.35326612660673273,-0.41701748000431127,0.06375135339757854,5.430036206983784,6.4861329509215055,4.373939463046063,0.3536691893960821,7333950.961,1.019892866720247,-185084.08111860888,0.12099999999999955,0.02800000000000047,0.20900000000000052,0.35800000000000054,0.3379888268156407,0.5077525791857161,0.4922474208142838,0.019082215464360196,0,1,2,1,False,False,recovery
2025-02-19,4.77,4.908,4.699,5.24821623299182,4658637.52,1740009599999,22463306.77473,98660.0,2408992.88,11621817.13488,0,0.024850629624603826,0.024546874775623596,5.248591985517318,-0.059292082043690186,5.323351257538755,0.0149023211087016,5.365529814968461,-0.06450639201532304,6.434805796331322,-0.035536670686752814,7.3116585295049195,-0.006952643685963267,5.8812213469241525,0.0008232094265645529,0.035050530722791684,0.046615031178222015,0.04622739578489131,6.499,3.78,0.5399839032702538,56.467754666530965,-0.3347646514487579,-0.4005669142932006,0.06580226284444274,5.365529814968461,6.285410501033833,4.4456491289030895,0.4362343487836289,7095918.278999999,0.6565235585909994,114292.4281484589,0.11600000000000055,0.02200000000000024,0.07099999999999973,0.20900000000000052,0.5550239234449773,0.5171024510187692,0.4828975489812309,0.021177865755050203,0,2,2,1,False,False,recovery
2025-02-20,4.886,5.069,4.881,5.4228295353354925,6201014.48,1740095999999,30896537.28438,115087.0,2938549.29,14644507.02837,0,0.033270980956539464,0.032729479992598384,5.255633814650281,0.007041829132963251,5.346666127387344,0.02331486984858877,5.299187670783674,-0.06634214418478734,6.39408521648878,-0.040720579842541405,7.310618749962991,-0.001039779541928354,5.884708478743285,0.003487131819132294,0.03608418144045191,0.0466607233864609,0.0455619652508374,6.492,3.78,0.605763102999813,67.5179569954723,-0.3025249456371881,-0.38095852056199814,0.07843357492481001,5.299187670783674,5.951110199520305,4.6472651420470426,0.5948286484219419,7010481.608,0.884534733380332,204331.42269340865,0.1609999999999996,0.02200000000000024,0.004999999999999893,0.18799999999999972,0.8563829787234033,0.4738820235749554,0.5261179764250445,0.018559382560899937,0,3,2,1,False,False,recovery
2025-02-21,5.047,5.339,4.952,5.439554522864458,11452215.06,1740182399999,59144646.00061,201261.0,5216111.63,26935241.19565,0,0.003084180946493653,0.0030794346169602718,5.296163808863378,0.040529994213097,5.375349736551188,0.028683609163843826,5.255794221323019,-0.04339344946065449,6.350985651311834,-0.04309956517694591,7.31217622795142,0.0015574779884293122,5.890731721840381,0.00602324309709612,0.0358476353333013,0.044836244806713825,0.045452874579408435,6.048,3.78,0.7317259800989673,65.67345296474988,-0.2724841521000325,-0.35926364686960505,0.08677949476957253,5.255794221323019,5.711002140011628,4.800586302634411,0.7018421626658282,7189274.053,1.5929584789191789,31767.586851594995,0.014000000000000234,0.27800000000000047,0.09499999999999975,0.38700000000000045,0.03617571059431581,0.4554674884004492,0.5445325115995509,0.017573980137952454,0,4,2,1,False,False,recovery
2025-02-22,5.062,5.216,5.025,5.421884632979897,5842036.36,1740268799999,29810432.46009,99472.0,2817311.98,14375794.34331,0,-0.003248407532324027,-0.003253695061877703,5.330688429184464,0.034524620321086275,5.357304978917108,-0.018044757634079645,5.251594050679888,-0.004200170643131607,6.29526977710373,-0.05571587420810431,7.316644966013802,0.004468738062382016,5.895101280306018,0.0043695584656369135,0.021673978726917405,0.034696040177989225,0.04371519886437266,5.378,3.78,1.0274622233916753,61.21930529122027,-0.2472522492101472,-0.3368613673377135,0.08960911812756628,5.251594050679888,5.698561365860245,4.8046267354995305,0.6904955647945925,6251680.92,0.9344744933015552,-20777.841232957842,0.019000000000000128,0.15399999999999991,0.017999999999999794,0.19099999999999984,0.09947643979057667,0.4822482789203318,0.5177517210796683,0.01702693955845218,0,5,2,1,False,False,recovery
2025-02-23,5.043,5.135,4.905,5.326769422157868,3679542.01,1740355199999,18479372.25974,73707.0,1746792.84,8775724.73937,0,-0.017542831922956914,-0.017698531021529202,5.3718508692659075,0.04116244008144321,5.339867468413457,-0.017437510503651055,5.241323330387675,-0.010270720292212765,6.239230660047326,-0.05603911705640385,7.316123710740569,-0.0005212552732336562,5.89863462639011,0.0035333460840920594,0.02163465265835063,0.03488610293802312,0.043738142173679606,5.378,4.441,0.9453248902431891,57.10465971655605,-0.23225351306045372,-0.31593979648226156,0.08368628342180784,5.241323330387675,5.670217850218784,4.812428810556566,0.5996120116011746,5981766.019,0.615126368753408,-65667.01980963688,0.08999999999999986,0.09199999999999964,0.04800000000000004,0.22999999999999954,0.39130434782608714,0.4747310494764538,0.5252689505235463,0.02003156909193707,0,6,2,1,False,False,recovery
2025-02-24,4.953,4.981,4.336,4.7507137054486686,9862579.39,1740441599999,45790466.25867,181286.0,4949971.68,23004489.46032,0,-0.10814354274712346,-0.11445008171376629,5.272350363757277,-0.09950050550863043,5.260471174637297,-0.07939629377615987,5.225364277955042,-0.01595905243263296,6.171746487110859,-0.06748417293646725,7.303298365957487,-0.012825344783081505,5.8977661203801395,-0.00086850600997046,0.03915835876620337,0.03821077380126119,0.04598035550396928,5.378,4.336,0.39799779793538226,39.48414213529068,-0.2638087654093155,-0.30551359026767233,0.041704824858356804,5.225364277955042,5.702191762734398,4.748536793175686,0.0022827042719551056,6308851.433,1.5632923828910206,-1069292.3748092067,0.5369999999999999,0.02799999999999958,0.08000000000000007,0.6449999999999996,0.8325581395348841,0.5018942291120051,0.4981057708879949,0.018381195509950668,0,0,2,1,False,False,recovery
2025-02-25,4.416,4.758,4.138,4.993234445379577,19174046.17,1740527999999,84262017.17944,290984.0,9688429.11,42590713.52638,0,0.05104932752583213,0.04978902469053419,5.186431345766094,-0.08591901799118329,5.221032580208187,-0.03943859442911002,5.224286561994347,-0.001077715960694725,6.107006284327895,-0.06474020278296422,7.296664660790609,-0.006633705166878556,5.898586735790409,0.0008206154102694541,0.04383501023641059,0.039968470053828926,0.04667220574165243,5.378,4.138,0.6897051978867555,46.52195686065866,-0.2661787899569905,-0.297646630205536,0.03146784024854549,5.224286561994347,5.70321082181332,4.745362302175375,0.2587801078378186,7807422.720000001,2.4558739622081074,972596.5448550683,0.2239999999999993,0.11800000000000033,0.27800000000000047,0.6200000000000001,0.361290322580644,0.5052887128830773,0.4947112871169227,0.015175930913073418,0,1,2,1,False,False,recovery
2025-02-26,4.64,4.931,4.591,5.117493456620743,12186062.66,1740614399999,58110608.18479,219023.0,5954542.11,28409154.418,0,0.024885475056382944,0.024580874695616123,5.122019132517351,-0.06441221324874302,5.209091470690365,-0.011941109517822568,5.239988484178437,0.015701922184089945,6.060681981799779,-0.0463243025281157,7.285163128039967,-0.011501532750641807,5.900167142123544,0.0015804063331348317,0.044166871947302025,0.03899826140100166,0.04514059820922045,5.378,4.138,0.7899140779199537,37.678004281886224,-0.25508987051548004,-0.28913527826752483,0.03404540775204479,5.239988484178437,5.679814930578049,4.800162037778826,0.3607461777703111,8659896.601,1.4071833904567426,299398.95328448317,0.11399999999999988,0.1770000000000005,0.04899999999999949,0.33999999999999986,0.33529411764705863,0.4886354416628283,0.5113645583371716,0.01797323763309781,0,2,2,1,False,False,recovery
2025-02-27,4.755,5.183,4.714,5.312896600718222,13238904.52,1740700799999,66072774.30909,208649.0,6468368.43,32259093.5922,0,0.03818336960346813,0.03747242579248821,5.100221526065015,-0.02179760645233575,5.21545497762474,0.0063635069343748185,5.259874688564523,0.01988620438608546,6.023604777200896,-0.03707720459888275,7.27771405892291,-0.007449069117057228,5.904025007835917,0.0038578657123728988,0.045922526377003114,0.03952729212744814,0.04536814252698748,5.378,4.138,0.9474972586437275,45.43439177729981,-0.22790724839808174,-0.2768896722936362,0.04898242389555446,5.259874688564523,5.673020679035139,4.846728698093906,0.5641684941602627,9377488.243999999,1.4117751124316953,501262.6869162834,0.17900000000000027,0.24899999999999967,0.04099999999999948,0.4689999999999994,0.38166311300639766,0.4885878903521241,0.5114121096478759,0.015760291924818565,0,3,2,1,False,False,recovery
2025-02-28,4.934,4.935,4.454,5.0754150014472845,14950436.65,1740787199999,69431164.52674,282803.0,7083467.46,32889179.01789,0,-0.04469908170974635,-0.04572889044812737,5.0499506419229,-0.050270884142115335,5.210900755594404,-0.004554222030336064,5.259674846012229,-0.00019984255229399395,5.98599621944565,-0.037608557755246075,7.26871642001792,-0.00899763890498928,5.906218047361238,0.0021930395253209056,0.047642611372815176,0.04038559880379412,0.04558726968368298,5.378,4.138,0.7559798398768424,39.597558117500434,-0.2229574897191915,-0.2661032357787473,0.04314574605955579,5.259674846012229,5.673192079682707,4.8461576123417505,0.27720415310214575,10124547.482,1.4766523320256773,-672678.7467166607,0.22200000000000042,0.0009999999999994458,0.258,0.48099999999999987,0.4615384615384625,0.4737966940918745,0.5262033059081255,0.018916036141325678,0,4,2,1,False,False,recovery
2025-03-01,4.713,4.819,4.525,5.025263468046351,6300022.18,1740873599999,29319655.79143,117188.0,3006941.46,13998901.40347,0,-0.009881267519332493,-0.00993041124609059,5.104860594442435,0.054909952519535565,5.188605479099856,-0.022295276494547878,5.2559783683193055,-0.003696477692923139,5.943670529342792,-0.04232569010285836,7.2570471559375935,-0.011669264080326869,5.908359952048237,0.002141904686999041,0.04690363765495878,0.04044651612063138,0.04535723533021113,5.378,4.138,0.7155350548760894,41.56772671778674,-0.22053933968971684,-0.2569904565609412,0.036451116871224376,5.2559783683193055,5.676793213560031,4.83516352307858,0.22587124375213619,10288685.948,0.6123252485148164,-64176.79640067902,0.04900000000000038,0.10599999999999987,0.13899999999999935,0.2939999999999996,0.16666666666666818,0.47729061487208924,0.5227093851279108,0.01860120435322023,0,5,3,1,False,False,recovery
2025-03-02,4.663,5.23,4.568,5.609898506850402,14370599.81,1740959999999,71023839.18815,273565.0,7007984.36,34635346.34633,0,0.1163391815218271,0.11005474387776665,5.2281934067366,0.12333281229416482,5.207312376251347,0.018706897151491653,5.276989251819346,0.021010883500040656,5.912780546986617,-0.03088998235617524,7.243892702650013,-0.013154453287580914,5.914246742318526,0.005886790270289488,0.05970884909848702,0.048015862412056624,0.048538512932539864,5.378,4.138,1.1870149248793562,57.221426236158,-0.1694939559194104,-0.23949115643263508,0.06999720051322467,5.276989251819346,5.724952911917603,4.82902559172109,0.8715806489281243,11105644.481,1.293990622028809,1666915.6297620074,0.5419999999999998,0.025000000000000355,0.09500000000000064,0.6620000000000008,0.8187311178247721,0.4876612286651659,0.5123387713348341,0.01903643575194653,0,6,3,1,False,False,recovery
2025-03-03,5.205,5.25,4.435,4.822442999391064,14498771.22,1741046399999,70039849.52499,314155.0,7026989.45,33970639.75541,0,-0.14036894009717904,-0.15125198189445735,5.169183315290665,-0.05901009144593505,5.145601223904007,-0.061711152347339926,5.260475480227598,-0.016513771591748494,5.868431930582985,-0.044348616403631524,7.203145684200307,-0.04074701844970541,5.916725136400421,0.0024783940818950967,0.07539352761753394,0.05799232232789751,0.052229133412222205,5.378,4.138,0.551970160799245,43.644086506903626,-0.19038654238194397,-0.22967023362249686,0.03928369124055289,5.260475480227598,5.750137943854158,4.770813016601037,0.052719972047318146,11410300.097,1.27067396096024,-2039020.2753198852,0.7320000000000002,0.04499999999999993,0.038000000000000256,0.8150000000000004,0.8981595092024538,0.4846610339162245,0.5153389660837755,0.021667698264432645,0,0,3,1,False,False,recovery
2025-03-04,4.474,4.515,4.017,4.6697109010733335,16361521.68,1741132799999,69736115.41545,304317.0,8285163.52,35304394.001,0,-0.031671104943493567,-0.032183481793148914,5.040546175361687,-0.12863713992897807,5.070383850713351,-0.07521737319065647,5.213844414815229,-0.0466310654123685,5.825996430991281,-0.04243549959170423,7.157602882228653,-0.04554280197165461,5.918356863241353,0.0016317268409320462,0.0756734871796999,0.05437816099242516,0.052190523512149006,5.378,4.017,0.4795818523683566,43.32885755475497,-0.21676948785364036,-0.22709008446872558,0.01032059661508522,5.213844414815229,5.742507465176123,4.685181364454335,-0.01463168588237885,12462248.629,1.312886796522923,-523071.22741783934,0.14400000000000013,0.04099999999999948,0.3129999999999997,0.49799999999999933,0.28915662650602475,0.5063809883971623,0.49361901160283767,0.01859955363271566,0,1,3,1,False,False,recovery
2025-03-05,4.33,4.549,4.278,4.882592725728191,7554050.49,1741219199999,33242894.90277,110871.0,3720179.1,16380477.1452,0,0.045587795297119316,0.04457921082011829,5.001981720217868,-0.03856445514381868,5.025966181070383,-0.044417669642967894,5.182916824741921,-0.030927590073308586,5.782061590784211,-0.04393484020707028,7.120359636208679,-0.03724324601997342,5.920656129536201,0.0022992662948473352,0.0777808348847252,0.055584136752074124,0.05225318914361008,5.378,4.017,0.635997594216158,44.7281548437361,-0.21798755327519626,-0.22526957823001972,0.007282024954823468,5.182916824741921,5.713181497339793,4.652652152144048,0.2168167949579011,12849699.477,0.5878776000575877,341938.5441200926,0.19599999999999973,0.023000000000000576,0.05200000000000049,0.2710000000000008,0.7232472324723216,0.4924747464853124,0.5075252535146876,0.014677026602717346,0,2,3,1,False,False,recovery
2025-03-06,4.525,4.664,4.343,4.781580931843381,7174387.38,1741305599999,32228062.56605,111294.0,3522888.29,15830565.29966,0,-0.02068814655634521,-0.020905144332261177,4.953245212977274,-0.04873650724059431,5.0290529037098555,0.0030867226394724057,5.144762039173576,-0.038154785568344174,5.725437218933666,-0.056624371850544364,7.083825519493063,-0.03653411671561635,5.922336748347192,0.0016806188109912412,0.06947734114237367,0.05561753816534846,0.05094940545272815,5.339,4.017,0.5783516882325118,40.553475689955505,-0.22451561027406086,-0.22511878463882795,0.0006031743647670895,5.144762039173576,5.675241968594079,4.6142821097530735,0.15768628821929703,12580880.276,0.5702611599989762,-150589.21809544822,0.0940000000000003,0.13899999999999935,0.08800000000000008,0.32099999999999973,0.2928348909657333,0.49103680961258606,0.5089631903874139,0.015512683397923796,0,3,3,1,False,False,recovery
2025-03-07,4.431,4.677,4.213,4.7636238162390425,12234991.06,1741391999999,55005773.6129,184724.0,6009886.5,27023360.07116,0,-0.003755476663534374,-0.0037625461711504513,4.783990274855002,-0.16925493812227188,5.0060918407958015,-0.022961062914053976,5.113562210501994,-0.031199828671581997,5.668724915711623,-0.056712303222043126,7.0429943442825795,-0.040831175210483295,5.923459385486472,0.0011226371392805135,0.06738496562841935,0.05536618414313659,0.05094529163914149,5.339,4.017,0.5647683935242376,40.04617132920996,-0.22850407885102175,-0.22579584348126672,-0.0027082353697550354,5.113562210501994,5.657139081374962,4.569985339629027,0.17811508085235317,11886974.765,1.0292771122914048,-49702.06253215874,0.017999999999999794,0.24599999999999955,0.20000000000000018,0.4639999999999995,0.03879310344827546,0.491204813352761,0.508795186647239,0.015098008579991556,0,4,3,1,False,False,recovery
2025-03-08,4.412,4.446,4.26,4.631197531147342,4166889.83,1741478399999,18123616.9715,71908.0,2023047.77,8802822.18579,0,-0.027799484216252113,-0.02819320383836981,4.745741181206258,-0.03824909364874429,4.957462248248461,-0.04862959254734012,5.083276859469413,-0.030285351032581787,5.601810617044181,-0.06691429866744247,6.9991467948183015,-0.043847549464278046,5.923694583985664,0.00023519849919129143,0.06705542974635305,0.055362316297202764,0.050329522966926964,5.339,4.017,0.46459722477106047,38.73692891954035,-0.23958883248585838,-0.22855444128218505,-0.011034391203673333,5.083276859469413,5.664134378024105,4.50241934091472,0.11085178905237554,11085057.482,0.37590150856377846,-117084.59980058977,0.12300000000000022,0.03399999999999981,0.028999999999999915,0.18599999999999994,0.6612903225806466,0.4855054615158856,0.5144945384841144,0.017256995729114346,0,5,3,1,False,False,recovery
2025-03-09,4.289,4.353,3.978,4.340991667172965,8567666.17,1741564799999,35586918.80742,119722.0,3823823.03,15895777.00169,0,-0.06266324466244078,-0.0647126639394856,4.679997334426185,-0.06574384678007306,4.860271754893936,-0.09719049335452556,5.037863366259338,-0.045413493210074485,5.538826474179757,-0.06298414286442355,6.948065896583922,-0.05108089823437911,5.921766760638749,-0.0019278233469144368,0.06694208663551729,0.0568201891765069,0.05036444766283787,5.339,3.978,0.26670952768035594,36.69729297007097,-0.2686934367904712,-0.2365822403838423,-0.032111196406628906,5.037863366259338,5.700365339750187,4.37536139276849,-0.025939338274287897,10617933.647,0.8069052279697299,-539349.46745162,0.2699999999999996,0.06400000000000006,0.040999999999999925,0.37499999999999956,0.7199999999999998,0.44630859257673433,0.5536914074232657,0.013973700378197625,0,6,3,1,False,False,recovery
2025-03-10,4.019,4.285,3.775,4.179179812908659,11244883.73,1741651199999,45402780.00654,170281.0,5286741.07,21392965.67189,0,-0.03727532017348567,-0.037987806475589095,4.539314751862278,-0.14068258256390642,4.770648236040072,-0.08962351885386344,4.990774495817238,-0.047088870442100195,5.489495407898121,-0.04933106628163575,6.896185110951372,-0.05188078563255072,5.918890312140782,-0.00287644849796731,0.06665314713340072,0.05708885739893147,0.04829793279681215,5.339,3.775,0.25842699035080496,41.31653817722581,-0.30134222412952383,-0.24953423713297862,-0.05180798699654521,4.990774495817238,5.75454667592564,4.227002315708836,-0.031306784958696175,10247378.355,1.0973424948746318,-422487.54496889905,0.15100000000000025,0.266,0.09299999999999997,0.5100000000000002,0.29607843137254936,0.47014635250479375,0.5298536474952062,0.015142975604604139,0,0,3,1,False,False,recovery
2025-03-11,3.87,4.123,3.65,4.368521788565815,11221604.68,1741737599999,43769628.43574,165697.0,5484689.48,21428080.34347,0,0.04530601317328253,0.04430967812132587,4.456702923206765,-0.08261182865551309,4.704974068092019,-0.06567416794805325,4.946789773595937,-0.043984722221300565,5.441057696624158,-0.048437711273963124,6.84256447607457,-0.053620634876801354,5.915928341784978,-0.0029619703558037003,0.06954981837860792,0.05789578227912242,0.04870759360743693,5.339,3.65,0.4254125450360063,40.35268688998782,-0.30838345576291637,-0.26130408085896617,-0.0470793749039502,4.946789773595937,5.748515779768725,4.145063767423149,0.13936059166235007,10739536.605,1.0448872323574523,504798.1422750782,0.1719999999999997,0.0810000000000004,0.2200000000000002,0.4730000000000003,0.36363636363636276,0.4887616019636864,0.5112383980363135,0.014765891753014418,0,1,3,1,False,False,recovery
2025-03-12,4.044,4.097,3.847,4.28986301398598,9411906.66,1741823999999,37514123.4441,120929.0,5073984.08,20230465.01191,0,-0.018005810291645274,-0.018169887439111583,4.361950762756153,-0.09475216045061252,4.572970518805577,-0.1320035492864422,4.890141447528462,-0.056648326067475274,5.385873528872013,-0.055184167752145186,6.780560745079924,-0.062003730994645956,5.912108365549066,-0.00381997623591257,0.05309924834182552,0.05712543340088075,0.04827797272123896,5.339,3.65,0.3788413345091651,37.036491087566205,-0.3166605228978643,-0.27237536926674577,-0.04428515363111851,4.890141447528462,5.710140170689865,4.070142724367059,0.13397599496973384,10243667.290000001,0.918802455560815,-172311.0076298858,0.07599999999999962,0.053000000000000824,0.121,0.25000000000000044,0.30399999999999794,0.53910267741648,0.46089732258351995,0.012848512460704746,0,2,3,1,False,False,recovery
2025-03-13,3.968,4.109,3.826,4.305240937103545,7535359.95,1741910399999,29891231.34995,95434.0,3817995.57,15142218.87259,0,0.0035847119284297957,0.0035783021621680774,4.296759443947392,-0.06519131880876028,4.521250312576825,-0.05172020622875184,4.833425768240416,-0.056715679288045884,5.334679779975069,-0.05119374889694406,6.721098862862789,-0.05946188221713555,5.909179116915933,-0.0029292486331327083,0.034719508352186554,0.0571316067004472,0.04824215286670241,5.25,3.65,0.4095255856897159,33.27336577060409,-0.31831000871902493,-0.2815622971572016,-0.036747711561823326,4.833425768240416,5.650327561943555,4.016523974537278,0.17671460926623153,9547326.163,0.7892639071243596,24687.419191027526,0.0129999999999999,0.1280000000000001,0.1419999999999999,0.2829999999999999,0.045936395759716975,0.5066772649659556,0.49332273503404445,0.012664822998933182,0,3,3,1,False,False,recovery
2025-03-14,3.98,4.228,3.969,4.529410955814123,7564082.21,1741996799999,31249570.66996,92817.0,3931627.44,16244229.47302,0,0.052069099496529825,0.05075879609048568,4.334443301675624,0.037683857728231906,4.507220318050904,-0.014029994525921019,4.788802084382128,-0.044623683858287855,5.2899716697608525,-0.04470811021421639,6.656170886218596,-0.06492797664419303,5.908687664506263,-0.000491452409669968,0.038950530086989975,0.058792606013218056,0.048975248550957536,5.25,3.65,0.5496318473838271,40.8963445415339,-0.29809236781317683,-0.2848683112883967,-0.013224056524780148,4.788802084382128,5.566941061970474,4.010663106793783,0.3333259635881977,8667582.216,0.8726865256653713,391409.42860085535,0.2070000000000003,0.04099999999999948,0.01100000000000012,0.2589999999999999,0.7992277992278007,0.519775873773852,0.48022412622614796,0.012270755053044301,0,4,3,1,False,False,recovery
2025-03-15,4.187,4.429,4.186,4.706105011415899,4603294.28,1742083199999,19892249.77856,72994.0,2229183.01,9625657.84484,0,0.03901038287880776,0.03826870521326868,4.439828341377073,0.10538503970144841,4.489571546619675,-0.01764877143122945,4.75776886384503,-0.03103322053709867,5.2494158183652555,-0.04055585139559703,6.594474785953212,-0.06169610026538397,5.909986168223898,0.0012985037176349579,0.038097000433321204,0.05962681058417673,0.04940146689519555,5.25,3.65,0.6600656321349371,44.89405311094825,-0.26476001944505434,-0.2808466529197282,0.016086633474673873,4.75776886384503,5.493946046311632,4.021591681378427,0.46491072145429185,8372506.595000001,0.5498107678707657,178106.91983759232,0.16199999999999992,0.08000000000000007,0.001000000000000334,0.24300000000000033,0.6666666666666654,0.48425820171548967,0.5157417982845104,0.015856904981534223,0,5,3,1,False,False,recovery
2025-03-16,4.35,4.366,4.183,4.652346115295016,4860914.03,1742169599999,20839179.10875,81076.0,2284152.7,9793276.07697,0,-0.011423224936646603,-0.011488971139279889,4.496593206722913,0.056764865345840576,4.476648064964839,-0.012923481654835811,4.752850484337346,-0.004918379507683923,5.207678819634587,-0.04173699873066816,6.529017056181797,-0.06545772977141517,5.911638493741501,0.0016523255176030816,0.03773052389121589,0.05447340728974994,0.04939783477500533,5.25,3.65,0.6264663220593849,31.54638077670087,-0.2399161824432614,-0.27266055882443485,0.032744376381173446,4.752850484337346,5.490538962367616,4.015162006307076,0.43187885399085363,8141159.26,0.5970788526252219,-57003.13072660419,0.0519999999999996,0.016000000000000014,0.11500000000000021,0.18299999999999983,0.28415300546447897,0.46990189209332717,0.5300981079066729,0.016679167642057638,0,6,3,1,False,False,recovery
2025-03-17,4.298,4.468,4.298,4.73173486396145,4964214.66,1742255999999,21822005.2642,85102.0,2491777.46,10954333.81902,0,0.017064239568383988,0.01692028082217427,4.5849675767180065,0.08837436999509318,4.47345916973708,-0.0031888952277592253,4.739775505266441,-0.013074979070904824,5.170600728466053,-0.03707809116853422,6.465167854720018,-0.0638492014617782,5.913690854957927,0.002052361216425602,0.03820022530088327,0.05332795747096896,0.04944557509614107,5.25,3.65,0.6760842899759064,47.59575628150042,-0.21138454464290213,-0.2604053559881283,0.04902081134522618,4.739775505266441,5.468742719832341,4.010808290700541,0.49448490882420626,7414081.619999999,0.6695656878943289,83160.41310376876,0.07200000000000006,0.09799999999999986,0.0,0.16999999999999993,0.42352941176470643,0.5019479677375595,0.4980520322624405,0.017143094291575216,0,0,3,1,False,False,recovery
2025-03-18,4.372,4.487,4.232,4.8198363579325205,4943541.34,1742342399999,21364537.492,85313.0,2416714.32,10450653.11308,0,0.01861927950403186,0.01844806274264385,4.687886660883802,0.1029190841657952,4.492323052415598,0.01886388267851835,4.72489265033203,-0.014882854934411327,5.140021461597656,-0.03057926686839707,6.404264187605005,-0.060903667115013604,5.916049578297503,0.0023587233395767626,0.03725727724987513,0.053184168300321286,0.049358666417698906,5.25,3.65,0.7311477237078253,54.12028101671509,-0.17959371727862727,-0.24424302824622812,0.06464931096760085,4.72489265033203,5.433252743343933,4.016532557320127,0.5670165559417641,7491746.771,0.6598649809061999,90499.61263157865,0.07800000000000029,0.03699999999999992,0.13999999999999968,0.2549999999999999,0.3058823529411777,0.48886297368355774,0.5111370263164422,0.017257466688849414,0,1,3,1,False,False,recovery
2025-03-19,4.45,4.596,4.438,4.916658575700443,7492558.96,1742428799999,33867600.18981,121492.0,3719443.75,16812531.28188,0,0.020088279057145053,0.01988917164634965,4.765336184861066,0.0774495239772639,4.549889743268345,0.057566690852747016,4.70508074908114,-0.01981190125088972,5.117825323938126,-0.022196137659530102,6.364500005576617,-0.03976418202838783,5.918981914215036,0.0029323359175323915,0.02890399459125508,0.05262229247524904,0.049012375103073796,5.25,3.65,0.7916616098127768,50.99857273855905,-0.14491601217380712,-0.22437762503174394,0.07946161285793682,4.70508074908114,5.364682207276736,4.0454792908855435,0.6603830798055651,7384236.05,1.014669480941092,148167.45808539382,0.08800000000000008,0.05799999999999983,0.012000000000000455,0.15800000000000036,0.5569620253164549,0.4964183491723901,0.5035816508276099,0.0162150208825317,0,2,3,1,False,False,recovery
2025-03-20,4.538,4.567,4.327,4.767522566214273,4472127.93,1742515199999,19766437.71043,76918.0,2135342.66,9435121.95817,0,-0.030332797608368267,-0.030802356671562392,4.777619695820741,0.012283510959675503,4.608724018598907,0.05883427533056196,4.68968612731949,-0.015394621761649852,5.09006908484019,-0.02775623909793623,6.323983199902345,-0.040516805674272405,5.922127914894145,0.0031460006791093065,0.027619654887778775,0.05211192298055828,0.04903611698205069,5.25,3.65,0.6984516038839208,49.59921442116405,-0.12799229511708976,-0.2051005590488131,0.07710826393172335,4.68968612731949,5.326886175527597,4.052486079111383,0.5610769248320601,6706960.47,0.6667890693561819,-136982.32310929932,0.13900000000000023,0.028999999999999915,0.07200000000000006,0.2400000000000002,0.5791666666666672,0.4774779911092571,0.522522008890743,0.01719941853273415,0,3,3,1,False,False,recovery
2025-03-21,4.4,4.586,4.378,4.877395617894487,5759787.32,1742601599999,25824060.86648,98687.0,2760688.02,12377265.70526,0,0.023046152410235887,0.022784600722362842,4.822629596340635,0.04500990051989362,4.659611401531774,0.0508873829328671,4.682292734811897,-0.007393392507593077,5.056850115732114,-0.033218969108075314,6.27825305657447,-0.04573014332787473,5.925104185640285,0.0029762707461395976,0.025603663233343066,0.05236303251468376,0.048265081090083026,5.25,3.65,0.7671222611840541,53.08196514667103,-0.1045095691395641,-0.1849823610669633,0.0804727919273992,4.682292734811897,5.306395119801336,4.058190349822458,0.6563067917821618,6160778.733999999,0.9349122194915045,130934.01500340947,0.09899999999999931,0.08700000000000063,0.02200000000000024,0.20800000000000018,0.4759615384615347,0.47930381221089946,0.5206961877891005,0.01713379236370832,0,4,3,1,False,False,recovery
2025-03-22,4.5,4.547,4.415,4.8214159834889605,3327416.15,1742687999999,14884753.97717,60812.0,1646884.68,7366586.29198,0,-0.0114773618527364,-0.011543735119018687,4.840565820246137,0.01793622390550187,4.712766698482072,0.053155296950298414,4.642868608643825,-0.039424126168071894,5.018284987021269,-0.03856512871084572,6.231218408006295,-0.047034648568175186,5.928536668409686,0.003432482769401446,0.024843293901657584,0.04462366129125245,0.047976564124752805,5.25,3.65,0.7321349896806003,55.375466186200875,-0.0893860416266774,-0.16586309717890613,0.07647705555222872,4.642868608643825,5.096615712687049,4.189121504600601,0.6967476742596764,5552329.683,0.5992828848380183,-39198.27871749277,0.05400000000000027,0.04699999999999971,0.030999999999999694,0.13199999999999967,0.40909090909091217,0.49494400632755237,0.5050559936724476,0.018276042808772208,0,5,3,1,False,False,recovery
2025-03-23,4.446,4.518,4.4,4.883641202040551,2678878.36,1742774399999,11938772.51575,49106.0,1321408.92,5888362.36915,0,0.012906004950554495,0.012823432166290678,4.853326789067743,0.012760968821606156,4.770606724975773,0.057840026493700236,4.645928518776299,0.003059910132473753,4.989809340820529,-0.02847564620073939,6.1844814617177235,-0.04673694628857117,5.932024045881864,0.003487377472177755,0.024665663570680983,0.03173228553353348,0.0472523732788687,4.677,3.65,1.2012085706334485,67.60317579921232,-0.07155464461244598,-0.1470014066656141,0.07544676205316811,4.645928518776299,5.105561732373841,4.186295305178756,0.7585895407815274,5066681.523999999,0.528724441690407,33742.057615834776,0.05600000000000005,0.016000000000000014,0.045999999999999375,0.11799999999999944,0.47457627118644335,0.49326947416903244,0.5067305258309676,0.018330806181136198,0,6,3,1,False,False,recovery
2025-03-24,4.503,4.773,4.469,5.013180096408046,5907545.08,1742860799999,27545851.99246,114916.0,2762158.45,12875006.40433,0,0.026525063780969305,0.026179373916195004,4.872631093209264,0.019304304141520845,4.8189836390351655,0.04837691405939282,4.663101978543034,0.017173459766735455,4.979955181831839,-0.009854158988690465,6.144668697030728,-0.039812764686995905,5.9366106619965615,0.004586616114697684,0.021251512780845017,0.031232459630602557,0.04396474372601821,4.773,3.65,1.2138736388317422,77.63297891197979,-0.046435152305741134,-0.12688815579363952,0.08045300348789838,4.663101978543034,5.151257981995685,4.174945975090384,0.858571968170999,4901027.811000001,1.205368609976247,154840.1420346513,0.11699999999999999,0.15299999999999958,0.03399999999999981,0.3039999999999994,0.38486842105263236,0.4675645149710817,0.5324354850289182,0.019452411863778787,0,0,3,1,False,False,recovery
2025-03-25,4.62,4.721,4.582,5.03316837418014,3866173.71,1742947199999,17997907.50254,62227.0,1880590.72,8755292.00309,0,0.003987145362364997,0.003979217763633675,4.925760254802436,0.053129161593172824,4.851689975311588,0.03270633627642283,4.670630760965632,0.00752878242259758,4.9699748727554,-0.009980309076438765,6.100008429542075,-0.04466026748865293,5.941606410015596,0.004995748019034352,0.0187519817737046,0.029664257538617612,0.04396280409887871,4.773,3.65,1.2316726395192703,74.80555458706763,-0.02463095637643864,-0.10643671591019935,0.08180575953376071,4.670630760965632,5.177332509717137,4.163929012214127,0.8577426110209685,4827315.754000001,0.8008951365562568,14226.180318181143,0.01699999999999946,0.08400000000000052,0.038000000000000256,0.13900000000000023,0.1223021582733772,0.4864216822787303,0.5135783177212697,0.016095241618101015,0,1,3,1,False,False,recovery
2025-03-26,4.637,4.767,4.596,5.096598706469119,5629934.83,1743033599999,26385206.37269,82380.0,2799584.18,13113755.54878,0,0.012602465797562523,0.012523715665818969,4.969600872517363,0.043840617714926644,4.896115234428999,0.044425259117410576,4.686381649696919,0.015750888731287382,4.970508951802755,0.0005340790473553625,6.058815321148707,-0.04119310839336787,5.9463011602884706,0.004694750272874693,0.0176502193474637,0.029258993670899222,0.04234751726747502,4.773,3.65,1.2881555712102577,80.45469865823185,-0.002207232700781603,-0.0855908192683158,0.0833835865675342,4.686381649696919,5.22611327611769,4.146650023276148,0.8800194732820764,4904217.834000001,1.147978132408545,69205.58233987572,0.057000000000000384,0.0730000000000004,0.04099999999999948,0.17100000000000026,0.3333333333333351,0.4972675998098543,0.5027324001901456,0.014632496198894722,0,2,3,1,False,False,recovery
2025-03-27,4.695,4.759,4.495,5.023218181805319,5678166.73,1743119999999,26282376.30249,82314.0,2880656.99,13330940.09589,0,-0.014397940448138025,-0.01450259656234792,5.009961312180635,0.04036043966327174,4.925263566213387,0.029148331784387693,4.699361367975233,0.01297971827831379,4.970677540146992,0.00016858834423683078,6.019691486014007,-0.03912383513470008,5.950204186226548,0.0039030259380776755,0.018874655043643548,0.029495696591977965,0.04237063514679055,4.773,3.65,1.2228122723110593,75.96686444217224,0.009532648356262108,-0.06656612574340022,0.07609877409966233,4.699361367975233,5.25903168841178,4.139691047538686,0.7893282009107391,4975613.040999999,1.1411994227064735,-83466.87353429926,0.07000000000000028,0.06400000000000006,0.1299999999999999,0.26400000000000023,0.26515151515151597,0.5073216633073401,0.49267833669266,0.014496580307355645,0,3,3,1,False,False,recovery
2025-03-28,4.623,4.646,4.242,4.65210895641657,5665177.03,1743206399999,24664573.42327,87773.0,2641597.62,11484765.10895,0,-0.0738787788937677,-0.07675014458163923,4.963654863055839,-0.046306449124795535,4.908490826061791,-0.016772740151595578,4.700406939238695,0.0010455712634618308,4.9676506190165455,-0.0030269211304467802,5.985338119463024,-0.034353366550982756,5.951607283288156,0.0014030970616074612,0.030913918517914533,0.033554437900068575,0.043257467849221194,4.773,3.65,0.8923499166665809,54.01124193041244,-0.010982228035826047,-0.055449346201885394,0.04446711816605935,4.700406939238695,5.259619023731835,4.141194854745555,0.4568160415686463,5047776.61,1.122311359575003,-420141.7775762165,0.3410000000000002,0.022999999999999687,0.040000000000000036,0.4039999999999999,0.8440594059405947,0.4662868620012039,0.5337131379987962,0.015493425807383816,0,4,3,1,False,False,recovery
2025-03-29,4.282,4.304,3.996,4.401402716541637,4478918.92,1743292799999,18416274.9407,60001.0,2056888.73,8450256.30061,0,-0.0538908787871657,-0.055397366463297064,4.841299387082557,-0.12235547597328189,4.85696524014591,-0.05152558591588097,4.703427491707128,0.0030205524684330243,4.957375223087447,-0.01027539592909843,5.956227157865959,-0.029110961597065277,5.951928273788562,0.0003209905004064595,0.033494225511271125,0.03272881654167063,0.04379425919076338,4.773,3.65,0.6691030423344941,40.49847423162589,-0.046929341460837826,-0.053745345253675886,0.00681600379283806,4.703427491707128,5.255066761903326,4.15178822151093,0.22624793820600173,4746412.606000001,0.9436429766637106,-242669.124110229,0.2320000000000002,0.02200000000000024,0.053999999999999826,0.3080000000000003,0.7532467532467533,0.45923776847471937,0.5407622315252807,0.013396313054936927,0,5,3,1,False,False,recovery
2025-03-30,4.05,4.173,3.985,4.394052298782895,3302917.68,1743379199999,13489067.99243,49789.0,1635251.3,6683374.76323,0,-0.001670017090487308,-0.0016714131235110706,4.713476172003108,-0.1278232150794496,4.819618213402772,-0.037347026743137945,4.7141711160008395,0.010743624293711562,4.9436680320132425,-0.013707191074204594,5.923341664296564,-0.03288549356939452,5.952511629579476,0.000583355790913842,0.032827378302813015,0.031469602592701484,0.043507666784884415,4.773,3.65,0.6625577014985707,41.70556222548212,-0.07514458511690592,-0.058025193226321894,-0.01711939189058402,4.7141711160008395,5.230029485592492,4.198312746409187,0.18972218336658242,4629491.581,0.7134514929361959,-6524.281837036876,0.008000000000000007,0.12300000000000022,0.05699999999999994,0.18800000000000017,0.0425531914893617,0.49509296277708015,0.5049070372229199,0.015074247929787944,0,6,3,1,False,False,recovery
2025-03-31,4.043,4.093,3.949,4.3714725283485265,4622562.33,1743465599999,18612600.45437,57577.0,2348559.81,9456950.09413,0,-0.005138712263534684,-0.005151960852010493,4.56845093637899,-0.14502523562411795,4.769025904448176,-0.0505923089545961,4.714318652989975,0.00014753698913594349,4.929113622142117,-0.014554409871125884,5.89354791196576,-0.0297937523308045,5.952449334373036,-6.229520644041031e-05,0.031064028376654857,0.029880671848801832,0.04350165653588093,4.773,3.826,0.5760005579181908,37.993026975655056,-0.0981954319462881,-0.06605924097031514,-0.032136190975972964,4.714318652989975,5.229762304940959,4.198875001038992,0.16742618388667996,4515769.082,1.023648961242434,-25159.913720930497,0.023000000000000576,0.04999999999999982,0.07099999999999973,0.14400000000000013,0.15972222222222607,0.5080644980724359,0.4919355019275641,0.012455646000991836,0,0,3,1,False,False,recovery
2025-04-01,4.021,4.282,4.015,4.537061201365615,4417348.85,1743551999999,18446448.51082,63437.0,2259214.74,9431975.02059,0,0.03787938090500731,0.03717957462451757,4.471219540291049,-0.09723139608794096,4.740590426235842,-0.02843547821233372,4.726678562358957,0.012359909368981903,4.916061229432437,-0.01305239270967995,5.866768286323687,-0.026779625642072702,5.9525644412385965,0.00011510686556093219,0.034601169255236604,0.030665268154167157,0.043781683231600435,4.773,3.826,0.7508566012308506,41.03842190065888,-0.1019268231309507,-0.07323275740244226,-0.02869406572850844,4.726678562358957,5.2101294295257565,4.243227695192158,0.30389179762509283,4624762.352,0.9551515329408649,165925.29262437928,0.15000000000000036,0.11099999999999977,0.006000000000000227,0.26700000000000035,0.5617977528089894,0.5114413230007859,0.488558676999214,0.014360876207456427,0,1,4,2,False,False,recovery
2025-04-02,4.171,4.24,3.911,4.314300051405525,6989787.29,1743638399999,28697020.10393,96232.0,3362206.84,13801248.72944,0,-0.049098114412263305,-0.050344391488092805,4.403657759288839,-0.06756178100221,4.6836563111723395,-0.056934115063502766,4.727131518074056,0.000452955715098291,4.8992928618360265,-0.016768367596410094,5.832010456742914,-0.03475782958077289,5.951471558777379,-0.001092882461217748,0.03644140797223002,0.032822619395079515,0.04428675762650799,4.773,3.911,0.4678654888695192,32.321502754991286,-0.12145883874958496,-0.0828779736718708,-0.03858086507771416,4.727131518074056,5.208934006656085,4.2453290294920265,0.07157603327920158,5055853.245,1.3825138807010606,-345216.05891632795,0.2060000000000004,0.06899999999999995,0.053999999999999826,0.3290000000000002,0.6261398176291803,0.4810170468005758,0.5189829531994242,0.01376751480516083,0,2,4,2,False,False,recovery
2025-04-03,3.965,4.111,3.845,4.4179304239475,5063977.24,1743724799999,20124962.32355,75552.0,2376831.91,9459094.74694,0,0.024020205202976985,0.023736258066181938,4.406963300770012,0.0033055414811729023,4.624131343926285,-0.059524967246054494,4.721557491480724,-0.005574026593331283,4.875604826128563,-0.023688035707463584,5.796502222168297,-0.035508234574616715,5.95111428004792,-0.0003572787294583435,0.03615690465931249,0.031060752679486287,0.042537590418606726,4.773,3.845,0.6173819223572203,39.45831575101099,-0.12711074333349082,-0.0917245276041948,-0.03538621572929601,4.721557491480724,5.215419880355161,4.227695102606288,0.19259952329512134,4971496.461,1.0186022015152754,120053.93708953366,0.0940000000000003,0.0519999999999996,0.11999999999999966,0.26599999999999957,0.35338345864661824,0.46936070155007253,0.5306392984499274,0.014919498334870083,0,3,4,2,False,False,recovery
2025-04-04,4.06,4.131,3.946,4.393149529021853,4789003.5,1743811199999,19400131.17652,69545.0,2426275.88,9831751.06859,0,-0.005609163691515318,-0.00562495412527633,4.406782746817804,-0.00018055395220795134,4.560129459410456,-0.06400188451582878,4.705909717361022,-0.015647774119702085,4.853444926165113,-0.022159899963449803,5.761248831493088,-0.035253390675209495,5.951632734052677,0.0005184540047569186,0.03581237661940287,0.02962157798726162,0.04248900623966137,4.773,3.845,0.5906783717907902,34.60804793174104,-0.1320671417527457,-0.09979305043390499,-0.03227409131884071,4.705909717361022,5.221200383399613,4.1906190513224315,0.19652061549689892,5063779.44,0.9457369849426143,-28316.354767183802,0.024999999999999467,0.07100000000000062,0.08899999999999997,0.18500000000000005,0.13513513513513223,0.5066348103525086,0.49336518964749143,0.014521810226281939,0,4,4,2,False,False,recovery
2025-04-05,4.034,4.069,3.897,4.308452553142402,2096452.45,1743897599999,8312692.42919,33727.0,1001927.67,3971374.27352,0,-0.019279329173734983,-0.01946759918157618,4.394178751776579,-0.012603995041224891,4.481314844077784,-0.07881461533267231,4.688715039253392,-0.017194678107630423,4.828720444363754,-0.024724481801358777,5.731141873461584,-0.030106958031503872,5.951920136763042,0.0002874027103647592,0.03468950275837948,0.02979063720957265,0.042512871232173455,4.773,3.845,0.49941007881724364,33.98757619620544,-0.14120177515134635,-0.10807479537739327,-0.03312697977395308,4.688715039253392,5.2336305293160885,4.143799549190695,0.15108122906614593,4710431.202,0.4450659313546217,-41045.78526641903,0.07799999999999985,0.03500000000000014,0.05900000000000016,0.17200000000000015,0.45348837209302195,0.477915761933928,0.522084238066072,0.016087653216270183,0,5,4,2,False,False,recovery
2025-04-06,3.955,3.976,3.601,4.012354485739697,6022544.15,1743983999999,22780191.53283,109315.0,2744278.79,10377112.11244,0,-0.06872492240555006,-0.07120058069046258,4.289237408651395,-0.10494134312518355,4.380228474471222,-0.10108636960656181,4.652746020342304,-0.0359690189110875,4.801215126285135,-0.027505318078619112,5.698283250225228,-0.03285862323635591,5.95062296030401,-0.0012971764590323787,0.038443189630938866,0.03272085396481593,0.043357678100848965,4.773,3.601,0.35098505609189146,26.26749244118065,-0.17036976082452426,-0.12053378846681947,-0.04983597235770479,4.652746020342304,5.2751638391115065,4.030328201573102,-0.01443862570399054,4744868.944,1.2692751309002224,-415610.35211071814,0.27200000000000024,0.020999999999999908,0.08199999999999985,0.375,0.7253333333333339,0.45566769153531234,0.5443323084646876,0.018150966979627703,0,6,4,2,False,False,recovery
2025-04-07,3.685,3.735,3.282,3.915500628488915,15127726.43,1744070399999,53106083.73806,235409.0,7673125.69,26915823.81251,0,-0.024138908362910105,-0.02443502684041232,4.209477524068073,-0.07975988458332228,4.306567641678456,-0.0736608327927657,4.607529233870124,-0.04521678647218064,4.774787047818934,-0.026428078466201654,5.662288392938202,-0.035994857287025894,5.948430381382588,-0.002192578921421884,0.03386380294110739,0.032305534703548855,0.04331945988858265,4.773,3.282,0.42488305062972165,19.55887411577497,-0.19900686914317856,-0.1362284046020913,-0.06277846454108726,4.607529233870124,5.305630289990429,3.909428177749819,0.0043492633952192635,5691123.884000001,2.658126362796287,-369670.20871572045,0.09200000000000008,0.04999999999999982,0.31099999999999994,0.45299999999999985,0.20309050772626958,0.5072226633331576,0.49277733666684237,0.015561426304825108,0,0,4,2,False,False,recovery
2025-04-08,3.592,3.706,3.342,3.682325623220702,5407861.13,1744156799999,19214035.31453,99875.0,2680667.41,9528865.19587,0,-0.05955177316832683,-0.061398680313777376,4.062356563922713,-0.1471209601453598,4.234659932346363,-0.071907709332093,4.545812586246137,-0.06171664762398699,4.743448329655859,-0.03133871816307465,5.626559119299645,-0.035729273638557046,5.944629823542137,-0.003800557840451191,0.03459648455726068,0.033316243727897044,0.04398858723381785,4.773,3.282,0.26849471711650025,16.499307055081573,-0.2377763205920882,-0.15653798780009068,-0.08123833279199752,4.545812586246137,5.340419543829807,3.7512056286624667,-0.04334218621192477,5784018.1049999995,0.9349661484159549,-323598.703854717,0.21399999999999997,0.11399999999999988,0.03600000000000003,0.3639999999999999,0.587912087912088,0.4956982706395791,0.5043017293604208,0.018468484600306295,0,1,4,2,False,False,recovery
2025-04-09,3.377,3.753,3.25,3.9724106676223845,11027926.38,1744243199999,38644970.63227,172602.0,5395151.04,18911138.43921,0,0.0787776731564449,0.07582861607042668,3.9782087916428197,-0.08414777227989356,4.192495769230312,-0.04216416311605098,4.506056991316542,-0.039755594929594906,4.720477398573293,-0.02297093108256565,5.595409932795684,-0.031149186503960813,5.941647876396226,-0.0029819471459102687,0.0460489123935059,0.038929039735730815,0.04550595696881545,4.773,3.25,0.47433399055967473,24.93780243074974,-0.24230085797908174,-0.17369056183588888,-0.06861029614319286,4.506056991316542,5.332867646079658,3.679246336553426,0.17728625615797797,6556518.975,1.681978870502697,865127.4395204254,0.266,0.11000000000000032,0.12699999999999978,0.5030000000000001,0.5288270377733597,0.4892262474461676,0.5107737525538324,0.01565135584447019,0,2,4,2,False,False,recovery
2025-04-10,3.643,3.65,3.389,3.777285773440941,7342100.4,1744329599999,25713225.08489,97417.0,3707847.54,12988340.63156,0,-0.04912002068966148,-0.05036742912222265,3.8719754357025282,-0.10623335594029149,4.133077093739553,-0.0594186754907593,4.451051499093865,-0.055005492222676367,4.691058789382276,-0.029418609191017353,5.562932292856799,-0.03247763993888508,5.938456210380958,-0.003191666015267991,0.04770068127310066,0.03920875576986738,0.04574955160376972,4.773,3.25,0.3462152156539338,23.653816421320286,-0.25864997873858986,-0.19068244521642908,-0.06796753352216078,4.451051499093865,5.319186627838662,3.5829163703490687,0.11194651423269993,6828472.782000001,1.0752185202163993,-362771.9110623104,0.17999999999999972,0.007000000000000117,0.07400000000000029,0.2610000000000001,0.6896551724137917,0.5050118274056835,0.4949881725943165,0.013268274021423079,0,3,4,2,False,False,recovery
2025-04-11,3.462,3.599,3.45,3.8809992552768335,5169131.93,1744415999999,18210104.07846,66128.0,2299536.13,8106540.73196,0,0.027457144642094145,0.027086958140910108,3.8457043896099554,-0.026271046092572803,4.067470899130675,-0.06560619460887818,4.404030662683259,-0.04702083641060639,4.660222183781102,-0.030836605601173517,5.527153700134942,-0.03577859272185702,5.935022864833562,-0.0034333455473962715,0.0465537952931834,0.04018849745960384,0.04565626312030365,4.773,3.25,0.41431336525071155,31.61524934540452,-0.26023810068304964,-0.2045935763097532,-0.05564452437329645,4.404030662683259,5.289402887302948,3.5186584380635697,0.20462626177871512,6903651.090000001,0.7487533571167194,140311.40670516904,0.09499999999999975,0.04200000000000026,0.01200000000000001,0.14900000000000002,0.6375838926174479,0.4448592454478135,0.5551407545521865,0.01279286365592917,0,4,4,2,False,False,recovery
2025-04-12,3.558,3.756,3.525,4.05244328914692,4420760.89,1744502399999,16213880.21817,59446.0,2114125.13,7757205.23343,0,0.04417522977799626,0.04322731999105451,3.8730929217415566,0.027388532131601195,4.041285222904815,-0.0261856762258601,4.362470767038578,-0.04155989564468143,4.632479959106751,-0.027742224674351057,5.491732805209295,-0.035420894925647595,5.931532263913335,-0.003490600920226683,0.048173354546488856,0.04170677560271628,0.04618306898777073,4.773,3.25,0.5268833152639003,41.35332698004035,-0.2448402322603478,-0.21264290749987214,-0.032197324760475654,4.362470767038578,5.2309227230900515,3.4940188109871038,0.32150568276612757,6646748.45,0.6651012782046836,193882.11943772828,0.15500000000000025,0.042999999999999705,0.03299999999999992,0.23099999999999987,0.6709956709956725,0.47822652765099,0.5217734723490101,0.013447006404365833,0,5,4,2,False,False,recovery
2025-04-13,3.713,3.816,3.615,4.004548758658364,6619352.13,1744588799999,24512218.15014,83080.0,3485220.68,12914682.81519,0,-0.011818680008878757,-0.011889075814198902,3.9375375488290887,0.06444462708753207,3.999947056375901,-0.04133816652891387,4.3120392001510925,-0.05043156688748507,4.604133241620321,-0.02834671748643025,5.449701509362026,-0.04203129584726906,5.927784233456866,-0.003748030456469209,0.047078700933606436,0.04088748590644272,0.04619307219586107,4.767,3.25,0.49739535837730003,40.53880494293408,-0.23380681946375237,-0.21687568989264822,-0.016931129571104153,4.3120392001510925,5.137465466275156,3.4866129340270287,0.31373839547376886,6802285.939,0.9731070098139842,-80223.76672502006,0.04499999999999993,0.10299999999999976,0.052999999999999936,0.20099999999999962,0.22388059701492544,0.5265199088298087,0.4734800911701913,0.012551077260789268,0,6,4,2,False,False,recovery
2025-04-14,3.669,3.798,3.633,4.015596904097665,5218014.54,1744675199999,19399479.06089,78953.0,2684428.37,9979608.09435,0,0.0027588989684326215,0.0027551001920298112,3.9461747961241445,0.008637247295055772,3.9621917938834827,-0.03775526249241823,4.261160626646969,-0.05087857350412328,4.577909791259117,-0.026223450361204215,5.408570225653222,-0.041131283708803146,5.9231760822403405,-0.004608151216525691,0.047215558975461216,0.0408657019341044,0.0461695902661976,4.767,3.25,0.5046782492403853,41.3069404570369,-0.22161660901013658,-0.21782387371614592,-0.0037927352939906567,4.261160626646969,5.022376916299402,3.4999443369945364,0.338703055959675,6845187.043,0.7622895484406124,12803.198162486784,0.008000000000000007,0.121,0.03600000000000003,0.16500000000000004,0.04848484848484852,0.5144539842543252,0.4855460157456748,0.015130850900235322,0,0,4,2,False,False,recovery
2025-04-15,3.676,3.735,3.516,3.844217305088487,4692519.65,1744761599999,17067918.11525,74167.0,2203694.13,8021066.03067,0,-0.04267848668632446,-0.0436159843755458,3.959561102453654,0.013386306329509434,3.915768269078091,-0.046423524805391914,4.198541556577938,-0.06261907006903122,4.559779863251913,-0.01812992800720359,5.365763175181387,-0.04280705047183542,5.917354215032052,-0.005821867208288367,0.04840444007722468,0.04109457762917751,0.044052194221876256,4.759,3.25,0.3937821769970091,33.12348117120759,-0.22321163596589777,-0.2189014261660963,-0.004310209799801457,4.198541556577938,4.871297182453947,3.5257859307019292,0.23666199295763718,7104793.763000001,0.6604723242548539,-201636.68879521344,0.15700000000000003,0.05899999999999972,0.0030000000000001137,0.21899999999999986,0.7168949771689503,0.4696185193385391,0.530381480661461,0.015805368018011388,0,1,4,2,False,False,recovery
2025-04-16,3.519,3.619,3.469,3.8869116504461183,4278941.46,1744847999999,15156297.33255,65749.0,2106421.0,7466525.43971,0,0.01110612173279546,0.01104490162442753,3.960743581487511,0.0011824790338570423,3.9032239855487334,-0.012544283529357436,4.1417262300099775,-0.05681532656796051,4.537653407353244,-0.02212645589866913,5.32232984584057,-0.04343332934081712,5.912189260275319,-0.0051649547567329535,0.04408600863804137,0.041449503740629404,0.04340459518782626,4.646,3.25,0.4562404372823197,38.58848638212168,-0.2185117618888528,-0.21882349331064763,0.0003117314217948308,4.1417262300099775,4.704110751628415,3.5793417083915404,0.2734516422762217,6930433.494,0.6174132489265614,46206.24480818357,0.03799999999999981,0.06200000000000028,0.050000000000000266,0.15000000000000036,0.25333333333333147,0.4922761901958808,0.5077238098041191,0.015365716174111903,0,2,4,2,False,False,recovery
2025-04-17,3.557,3.698,3.54,3.9722614749874143,3658951.76,1744934399999,13306605.40582,61775.0,1811790.6,6587540.86049,0,0.021958262038577647,0.021720651454972435,3.94470721865561,-0.01603636283190113,3.908900070198583,0.005676084649849589,4.10773385593852,-0.03399237407145783,4.514748767720578,-0.022904639632666424,5.287715374760179,-0.03461447108039106,5.907581676443689,-0.00460758383163018,0.04395896858153372,0.039398768993325166,0.043366712663895836,4.304,3.25,0.6852575664017212,37.98307588048266,-0.20553082882361284,-0.21616496041324068,0.010634131589627838,4.10773385593852,4.620195573968854,3.595272137908186,0.3678219502211808,5783556.027,0.6326474132728238,79206.99621028944,0.07699999999999996,0.06400000000000006,0.016999999999999904,0.15799999999999992,0.4873417721518987,0.4951665719692353,0.5048334280307647,0.01688325073736419,0,3,4,2,False,False,recovery
2025-04-18,3.636,3.748,3.613,4.018299560384689,2261720.31,1745020799999,8349845.00944,43780.0,1051826.37,3883316.24,0,0.011589892983422168,0.011523244644170882,3.9474573790008747,0.0027501603452648737,3.9424974639149815,0.03359739371639847,4.088578698130672,-0.019155157807847267,4.488856826913907,-0.025891940806670455,5.256230802057401,-0.03148457270277749,5.904916462812772,-0.002665213630916874,0.038217432025513864,0.03800441381477852,0.04299881680168501,4.282,3.25,0.7444763182022177,40.007176637273595,-0.1893457966317067,-0.21080112765693387,0.021455331025227176,4.088578698130672,4.5831491127313315,3.5940082835300133,0.42894931068336284,5468941.945,0.4135571985853289,25517.48285910858,0.0389999999999997,0.0730000000000004,0.02300000000000013,0.13500000000000023,0.2888888888888862,0.4650558980920148,0.5349441019079852,0.01935694692505989,0,4,4,2,False,False,recovery
2025-04-19,3.675,3.892,3.645,4.2437394601307385,2997616.3,1745107199999,11258754.33272,44305.0,1384417.8,5197996.74915,0,0.05610330846624767,0.054586010486005594,3.9930858902074897,0.04562851120661504,3.9696303431658166,0.027132879250835185,4.081063056198064,-0.007515641932608119,4.472223316087576,-0.016633510826331133,5.229109767766613,-0.02712103429078816,5.904798973062055,-0.00011748975071679268,0.034095630462956314,0.04030524413589246,0.04344364004208904,4.282,3.25,0.9629258334600179,48.39528226714078,-0.15652361933201853,-0.19994562599195081,0.04342200665993229,4.081063056198064,4.560422397322972,3.6017037150731572,0.6696810617593506,4665910.937,0.6424503897469057,167213.97047619024,0.20500000000000007,0.01200000000000001,0.029999999999999805,0.2469999999999999,0.8299595141700411,0.4618395623215687,0.5381604376784314,0.014780077089919748,0,5,4,2,False,False,recovery
2025-04-20,3.88,3.952,3.787,4.242841156930909,3877366.27,1745193599999,15032456.82721,61831.0,1842256.94,7140252.91293,0,-0.000211677273845301,-0.00021169968064149443,4.072810660575973,0.07972477036848336,4.016185881514813,0.04655553834899662,4.074631487627184,-0.006431568570880231,4.456574869865267,-0.01564844622230943,5.200122699604029,-0.028987068162583896,5.9049372610694535,0.00013828800739812408,0.028108865368762278,0.04029345708454867,0.04343224779357399,4.282,3.25,0.9620553846229734,56.69575974099606,-0.1290961528216279,-0.18577573135788625,0.05667957853625835,4.074631487627184,4.540856582576864,3.6084063926775047,0.6803953402828729,4319437.524,0.8976553656480204,-1998.6424072164878,0.0019999999999997797,0.07200000000000006,0.09100000000000019,0.16500000000000004,0.012121212121210784,0.4751310069038177,0.5248689930961823,0.015946649270253233,0,6,4,2,False,False,recovery
2025-04-21,3.879,3.982,3.771,4.136877956824916,4698554.41,1745279999999,18310416.41735,66634.0,2304025.89,8979221.61454,0,-0.024974585704886865,-0.025291742380294902,4.122803921851734,0.04999326127576076,4.041773751669622,0.025587870154808456,4.054622325400149,-0.020009162227035304,4.427114458864757,-0.029460411000509446,5.169947502925687,-0.030175196678341898,5.904400144952275,-0.0005371161171785488,0.029756188879164185,0.03956906120962401,0.040007899197464995,4.24,3.25,0.8958363200251678,56.39727016224318,-0.11458912063166693,-0.1715384092126424,0.05694928858097548,4.054622325400149,4.468719641024033,3.6405250097762645,0.5993192038697959,4272379.772,1.0997511131367654,-118736.03202166078,0.0990000000000002,0.1030000000000002,0.008999999999999897,0.2110000000000003,0.4691943127962088,0.4903690984393645,0.5096309015606355,0.014181808740616456,0,0,4,2,False,False,recovery
2025-04-22,3.78,4.04,3.689,4.386641592428897,7580714.41,1745366399999,29130025.8996,111369.0,3981312.62,15293992.60039,0,0.06037491030933784,0.05862253456184951,4.205679945340029,0.08287602348829548,4.07519358199782,0.03341983032819851,4.058239402451317,0.003617077051168316,4.418398430725515,-0.00871602813924266,5.14341518065425,-0.026532322271437536,5.904770800270646,0.0003706553183713268,0.032345307744357135,0.0405420938561081,0.03605038863051911,4.131,3.25,1.2901720685912563,70.15975044789134,-0.08199318863258664,-0.15362936509663128,0.07163617646404463,4.058239402451317,4.483013371992743,3.6334654329098908,0.8865611048766876,4588375.124,1.6521566360928601,455243.96060052805,0.22699999999999987,0.03300000000000036,0.09099999999999975,0.351,0.6467236467236464,0.5251896331496282,0.4748103668503718,0.014691095585013603,0,1,4,2,False,False,recovery
2025-04-23,4.008,4.198,3.999,4.482150292964578,7854197.12,1745452799999,32163360.06342,128773.0,3924007.93,16069423.20707,0,0.021772624574691424,0.02153898618229616,4.298450091856008,0.0927701465159787,4.122953735428441,0.047760153430620456,4.061450395902171,0.0032109934508541826,4.414647218563339,-0.0037512121621752215,5.12032182477731,-0.023093355876939725,5.905894890023328,0.001124089752681634,0.03174860929253628,0.04047977456718516,0.03592217931103863,4.198,3.25,1.2997365959541953,66.41926617531985,-0.047901742281371895,-0.1324838405335794,0.0845820982522075,4.061450395902171,4.498467316512047,3.624433475292296,0.981331359521849,4711859.623,1.6668996422689057,168570.2401597204,0.08499999999999996,0.10500000000000043,0.008999999999999897,0.1990000000000003,0.427135678391959,0.49960649956287323,0.5003935004371268,0.01639543775545068,0,2,4,2,False,False,recovery
2025-04-24,4.093,4.286,3.929,4.676303024942021,6601559.83,1745539199999,27028911.05917,101444.0,3124448.11,12803960.24538,0,0.043316872324026034,0.04240493843427419,4.384962804818263,0.08651271296225538,4.189024347512877,0.06607061208443632,4.07560807069818,0.01415767479600838,4.410521424547616,-0.0041257940157235495,5.096291507665913,-0.02403031711139736,5.907715343919632,0.0018204538963040306,0.03303276620139211,0.04149332057258392,0.03586451486657074,4.286,3.25,1.3767403715656577,78.97646832250676,-0.005158063617331621,-0.10701868515032985,0.10186062153299823,4.07560807069818,4.572161166959984,3.5790549744363758,1.1048647755557732,4850214.152,1.3610862578671559,283868.68558025936,0.17600000000000016,0.01699999999999946,0.16400000000000015,0.35699999999999976,0.49299719887955257,0.47328937258151,0.52671062741849,0.01536667130380306,0,3,4,2,False,False,recovery
2025-04-25,4.268,4.374,4.215,4.661286070646061,6676283.69,1745625599999,28631883.35244,106913.0,3338811.91,14313626.00451,0,-0.0032112876808589874,-0.003216454930459042,4.468651787561295,0.08368898274303138,4.270731224068634,0.08170687655575737,4.093249746573362,0.017641675875182727,4.40811552732367,-0.0024058972239462406,5.0667763731286675,-0.029515134537245302,5.909762523164878,0.0020471792452463333,0.027087476783394057,0.04117431700927747,0.03574602984942137,4.374,3.25,1.2555925895427593,76.6747945064146,0.027191421188347498,-0.08017666388259438,0.10736808507094188,4.093249746573362,4.6464721221052905,3.5400273710414343,1.0133887828800552,5048590.556,1.3224054547393564,-23458.480990865173,0.014000000000000234,0.10599999999999987,0.0389999999999997,0.1589999999999998,0.08805031446541038,0.5001003649681639,0.4998996350318361,0.016013849165837347,0,4,4,2,False,False,recovery
2025-04-26,4.254,4.362,4.201,4.6725649274852765,4527685.25,1745711999999,19398530.3994,67971.0,2331683.29,9991996.02607,0,0.002419687757471589,0.0024167650268306705,4.5757891816933665,0.10713739413207168,4.349296551772549,0.07856532770391489,4.1262602686606416,0.03301052208727917,4.406294349548594,-0.001821177775076066,5.037509632630108,-0.02926674049855915,5.911998224437123,0.0022357012722444836,0.027532251617622423,0.03739211282474532,0.03574303614774807,4.374,3.25,1.2656271596844102,73.80639097602098,0.05312632326329414,-0.05351606645341668,0.10664238971671082,4.1262602686606416,4.735146979925994,3.5173735573952887,0.948609444677596,5073464.9350000005,0.8924246659842145,9579.023801128838,0.009000000000000341,0.0990000000000002,0.052999999999999936,0.16100000000000048,0.055900621118014374,0.5149835205528035,0.48501647944719656,0.01501230678523866,0,5,4,2,False,False,recovery
2025-04-27,4.264,4.291,4.056,4.484303734061808,5800570.8,1745798399999,23934326.15395,78025.0,2866540.67,11827166.71567,0,-0.04029076028800915,-0.041124915696251714,4.595321610019949,0.019532428326582973,4.400500777679989,0.05120422590743967,4.154700423939286,0.028440155278644852,4.403356473606883,-0.002937875941710466,5.002583545325532,-0.03492608730457647,5.91369776586973,0.001699541432607532,0.033217534093024643,0.03829328438517264,0.03598586753442561,4.374,3.25,1.0981349947169117,66.62590604820956,0.05782227586072963,-0.03124839799058742,0.08907067385131705,4.154700423939286,4.775163413638275,3.534237434240298,0.7656107742078426,5287626.839,1.0970083511220334,-235397.31372273064,0.17400000000000038,0.027000000000000135,0.03399999999999981,0.23500000000000032,0.7404255319148942,0.49418251562415205,0.505817484375848,0.013451262417140052,0,6,4,2,False,False,recovery
2025-04-28,4.09,4.267,4.009,4.652367763264519,5819426.05,1745884799999,24277650.26853,89859.0,2889147.23,12053179.17221,0,0.0374782885303091,0.036793046185975134,4.629365104079937,0.03404349405998719,4.463907597967973,0.06340682028798383,4.203202530941477,0.048502107002190264,4.409583995528715,0.006227521921831958,4.974205234854236,-0.028378310471295798,5.915978527125543,0.002280761255812891,0.03411895250626083,0.035387780674364766,0.03520577895448596,4.374,3.25,1.247658152370569,69.90146061750333,0.07424931483089559,-0.010148855426290817,0.0843981702571864,4.203202530941477,4.819834088277666,3.586570973605287,0.864208762087533,5643397.413000001,1.0311919618835461,216272.06836185866,0.15200000000000014,0.025000000000000355,0.08099999999999952,0.258,0.5891472868217059,0.49646600973647564,0.5035339902635243,0.015441213485305824,0,0,4,2,False,False,recovery
2025-04-29,4.242,4.33,4.101,4.549556154510633,3884592.85,1745971199999,16492193.97532,69421.0,1824108.69,7745743.97131,0,-0.022098770773388843,-0.02234660665824386,4.60401572999366,-0.02534937408627691,4.494489267405962,0.030581669437989234,4.23205980528589,0.02885727434441332,4.416991522360754,0.007407526832039046,4.953243465129438,-0.02096176972479835,5.9172334739866255,0.0012549468610822956,0.03265245606116994,0.03249187535351939,0.03492458706207498,4.374,3.389,1.1782295984879523,73.03160245375938,0.07807186016526213,0.007495287692019773,0.07057657247324235,4.23205980528589,4.85717535180458,3.6069442587672005,0.7539501304941949,5732095.068,0.6776916300090925,-86995.83233144735,0.09499999999999975,0.08800000000000008,0.04600000000000026,0.2290000000000001,0.41484716157205115,0.46957525806082867,0.5304247419391713,0.017870856143907075,0,1,4,2,False,False,recovery
2025-04-30,4.146,4.175,4.026,4.460947635895496,4199576.05,1746057599999,17225903.43127,74041.0,1828310.54,7502115.20129,0,-0.01947629957864927,-0.019668461866985683,4.563948043043546,-0.04006768695011331,4.516299915302421,0.02181064789645859,4.266242898408617,0.03418309312272694,4.418840039307347,0.0018485169465929374,4.929948867965752,-0.023294597163685538,5.917863189445587,0.0006297154589613996,0.03370649106063483,0.03039062717563985,0.034495578975866525,4.374,3.45,1.0940991730470744,68.19845823940874,0.07310853824237373,0.020617937802090567,0.05249060044028317,4.266242898408617,4.860665291683027,3.671820505134207,0.6637764152981661,5764316.046,0.7285471539878853,-83039.60359295845,0.08099999999999952,0.028999999999999915,0.03900000000000059,0.14900000000000002,0.5436241610738222,0.4353559783731027,0.5646440216268973,0.017630589163875245,0,2,4,2,False,False,recovery
2025-05-01,4.066,4.224,4.064,4.585245484335044,3925860.31,1746143999999,16310211.5887,59680.0,2013583.35,8366592.61134,0,0.027863552452257245,0.027482427145853573,4.5464841544135,-0.01746388863004622,4.561136668053433,0.04483675275101273,4.301455209861528,0.03521231145291104,4.424747688714328,0.005907649406981186,4.9053106087931715,-0.024638259172580668,5.919329123210448,0.0014659337648614823,0.03251342616971706,0.03040390040938363,0.03458951680763513,4.374,3.469,1.2334204246796066,68.9648739781315,0.0783022478564579,0.032154799812964034,0.04614744804349386,4.301455209861528,4.88308762415065,3.719822795572406,0.7439601606629571,5687046.636,0.6903161801326927,108166.38492496866,0.11099999999999977,0.0470000000000006,0.0019999999999997797,0.16000000000000014,0.6937499999999979,0.5129024445599798,0.4870975554400202,0.015201763508493251,0,3,5,2,False,False,recovery
2025-05-02,4.177,4.287,4.126,4.569064970948656,3231292.82,1746230399999,13584720.47159,56806.0,1428983.05,6008059.48027,0,-0.0035288216174393927,-0.00353506259496657,4.563436401790869,0.016952247377369112,4.579379005905409,0.0182423378519756,4.327286293951614,0.025831084090086165,4.430024169391231,0.005276480676903006,4.88235197468315,-0.022958634110021414,5.919593128336527,0.0002640051260787146,0.027598878063634102,0.029335719754191157,0.034597163701118976,4.374,3.469,1.2155414043631558,67.36065568025842,0.08018830705197999,0.041761501260767234,0.038426805791212756,4.327286293951614,4.908242023741896,3.7463305641613323,0.708087006116904,5252104.477,0.6152377269246009,-12377.468307397521,0.016000000000000014,0.11000000000000032,0.034999999999999254,0.1609999999999996,0.09937888198757798,0.4422326076904414,0.5577673923095586,0.017579960456818023,0,4,5,2,False,False,recovery
2025-05-03,4.161,4.172,4.012,4.424360855304853,2386438.85,1746316799999,9770735.75926,41297.0,1060428.58,4345441.41323,0,-0.03167040008489064,-0.03218275388102113,4.517835020198936,-0.04560138159193361,4.573600062139437,-0.005778943765972322,4.348276898783938,0.020990604832324067,4.427923167381046,-0.002101002010185482,4.858947418570949,-0.023404556112200936,5.918981867878971,-0.0006112604575561065,0.029004888949513842,0.030305231892852846,0.03413680203737631,4.374,3.469,1.0556473539280145,55.99867719167941,0.06920881364039744,0.047250963736693276,0.02195784990370416,4.348276898783938,4.910157622938278,3.7863961746295987,0.5677047220612746,4705328.65,0.5071779311313355,-76278.86735159831,0.133,0.01100000000000012,0.016000000000000014,0.16000000000000014,0.8312499999999993,0.4443560663622284,0.5556439336377716,0.017304864107454503,0,5,5,2,False,False,recovery
2025-05-04,4.028,4.051,3.894,4.30703665740167,4232639.09,1746403199999,16832510.33527,56855.0,2084252.46,8294968.27692,0,-0.02651777324232263,-0.026875711390805253,4.469331120777143,-0.04850389942179234,4.536673425385401,-0.03692663675403551,4.3628488864491395,0.014571987665201291,4.419941800300761,-0.007981367080284407,4.834678809333008,-0.024268609237941163,5.918251496187697,-0.000730371691274101,0.025347010305818114,0.03113671692312037,0.03386946711428332,4.374,3.469,0.9260073562449397,51.97897747894301,0.0504587467343125,0.047892520336217125,0.002566226398095374,4.3628488864491395,4.903102272612859,3.82259550028542,0.4483462478192076,4468436.576,0.9472304279160031,-113486.8474975168,0.10799999999999965,0.023000000000000576,0.0259999999999998,0.15700000000000003,0.6878980891719721,0.4924238555855704,0.5075761444144297,0.013432517819514822,0,6,5,2,False,False,recovery
2025-05-05,3.919,4.022,3.884,4.306141678573596,3957728.74,1746489599999,15583547.87631,53905.0,1913418.11,7533527.60428,0,-0.00020779456950670294,-0.00020781616178948572,4.438369929312763,-0.030961191464379922,4.501158986178155,-0.03551443920724573,4.385945105123395,0.023096218674255375,4.413017711566333,-0.006924088734428402,4.81034826560046,-0.024330543732547838,5.91813418913255,-0.00011730705514700901,0.02542645573360132,0.029174531366670833,0.033837546098938506,4.374,3.469,0.9250184293630895,55.579382476075374,0.03512210059956278,0.04533843638888626,-0.010216335789323482,4.385945105123395,4.869347184663134,3.9025430255836557,0.4174564716128422,4196581.081,0.9430840638153275,-2019.2493571426617,0.0009999999999998899,0.1030000000000002,0.03400000000000025,0.13800000000000034,0.007246376811593387,0.48346368225327135,0.5165363177467287,0.013620185601704476,0,0,5,2,False,False,recovery
2025-05-06,3.918,3.977,3.823,4.365712299350707,4277490.05,1746575999999,16647357.33486,58381.0,1904669.65,7416181.47635,0,0.0138338738535988,0.013739059255462866,4.394463292315896,-0.043906636996867476,4.470473723364698,-0.030685262813457292,4.409885137568624,0.023940032445229242,4.405697260274118,-0.0073204512922151466,4.7881489943700855,-0.022199271230374684,5.917703512536872,-0.0004306765956778591,0.026171648597308857,0.029205575955160882,0.03380545511720892,4.374,3.54,0.990062709053606,49.21121242388743,0.02745803020726889,0.04176235515256279,-0.014304324945293899,4.409885137568624,4.832877220202903,3.9868930549343453,0.4477852659288318,4171561.5609999998,1.0253930063001653,57862.93329504839,0.052999999999999936,0.005999999999999783,0.0950000000000002,0.15399999999999991,0.34415584415584394,0.44527740046993214,0.5547225995300679,0.013648424500718594,0,1,5,2,False,False,recovery
2025-05-07,3.972,4.007,3.88,4.36483294506989,2714666.36,1746662399999,10722428.10713,42851.0,1305600.71,5157361.70321,0,-0.00020142286539315268,-0.000201443153702903,4.353616887140143,-0.040846405175752665,4.458526644465506,-0.01194707889919222,4.429513711072748,0.01962857350412417,4.396597192016865,-0.009100068257252403,4.768309326807261,-0.019839667562824737,5.9166309964809365,-0.0010725160559355018,0.023330119231396735,0.028996923302906385,0.033686584050758805,4.374,3.613,0.9879539357028778,45.23891991956097,0.021070356707061144,0.03762395546346246,-0.01655359875640132,4.429513711072748,4.80020028499383,4.058827137151667,0.4127554508939013,3862971.117,0.7027405273763013,-1367.2457114079668,0.0030000000000001137,0.0349999999999997,0.08899999999999997,0.12699999999999978,0.023622047244095425,0.4809433414130494,0.5190566585869506,0.01578499687158609,0,2,5,2,False,False,recovery
2025-05-08,3.968,4.494,3.966,4.901883356490014,8866998.35,1746748799999,37857544.83749,128737.0,4463929.71,19070402.99258,0,0.1230403129234825,0.11603957263959434,4.449121387377175,0.09550450023703139,4.483478203788056,0.024951559322549777,4.473692900878014,0.04417918980526547,4.396301687632657,-0.00029550438420855585,4.757063505785392,-0.011245821021868885,5.917476687200555,0.0008456907196183749,0.045117811350073325,0.03921485906070406,0.037909916935874054,4.494,3.645,1.4804279817314658,57.161538628466985,0.058667279443182174,0.04183262025940641,0.016834659183775767,4.473692900878014,4.84861479712447,4.0987710046315575,1.0710395417003438,4167728.347,2.127537500466558,1087988.963580248,0.48800000000000043,0.03799999999999937,0.0019999999999997797,0.5279999999999996,0.9242424242424258,0.503431886845902,0.49656811315409793,0.014518667413533465,0,3,5,2,False,False,recovery
2025-05-09,4.455,4.863,4.434,5.280800533823718,11614442.99,1746835199999,54075725.50422,195060.0,5552111.06,25837698.57125,0,0.07730032515604912,0.07445821274294255,4.643874162661585,0.19475277528441026,4.556602641719364,0.07312443793130807,4.525545954562663,0.0518530536846491,4.406567246984846,0.01026555935218898,4.748318165912519,-0.008745339872873181,5.92125360033554,0.0037769131349847385,0.048996740212024874,0.04076270875521403,0.039151092253160664,4.863,3.689,1.3558777971241203,65.97639229754952,0.11768199625231013,0.057002495457987155,0.06067950079432297,4.525545954562663,5.030773344134227,4.020318564991099,1.247440256457113,4940713.361,2.3507623578570116,894020.185271543,0.3440000000000003,0.06400000000000006,0.020999999999999908,0.42900000000000027,0.801864801864802,0.47803506933396206,0.521964930666038,0.01679460652292547,0,4,5,2,False,False,recovery
2025-05-10,4.799,5.323,4.797,5.843767416585992,11854751.74,1746921599999,59975887.70994,226499.0,5775502.12,29249698.39611,0,0.10660635241881433,0.1012979919486909,4.951399310264064,0.30752514760247873,4.6948846197884135,0.13828197806904985,4.605592267545417,0.08004631298275378,4.425894682958676,0.01932743597383002,4.741372399345395,-0.006945766567123535,5.928122488779748,0.006868888444208743,0.05472801597698908,0.04579956069162198,0.04173182164645543,5.323,3.689,1.3187071092937526,73.51310377426687,0.20748653145129836,0.0870993026566494,0.12038722879464896,4.605592267545417,5.36538413280789,3.8458004022829435,1.314812059492663,5706230.930000001,2.0775099860881374,1259829.8369243578,0.5099999999999998,0.014000000000000234,0.002000000000000668,0.5260000000000007,0.969581749049428,0.4871887869665333,0.5128112130334667,0.019106178262320996,0,5,5,2,False,False,recovery
2025-05-11,5.309,5.362,4.954,5.612107414454063,8101384.06,1747007999999,41321350.97102,158765.0,3867634.6,19737219.36435,0,-0.03964223515713905,-0.04044939223379593,5.200678333284736,0.24927902302067206,4.797570812800315,0.10268619301190185,4.679353740426874,0.07376147288145773,4.4417085115779775,0.015813828619301695,4.729996749299623,-0.011375650045772012,5.934405254387043,0.0062827656072945715,0.05884457411288286,0.04661872107326366,0.04213942701934883,5.362,3.689,1.149496362494957,72.25403947432002,0.2570016909789983,0.12107978032111918,0.1359219106578791,4.679353740426874,5.528707923719576,3.829999557134173,1.0490958262024277,6123783.305,1.3229377423243098,-323506.0125673379,0.21199999999999974,0.052999999999999936,0.14300000000000068,0.40800000000000036,0.5196078431372538,0.47740417826827486,0.5225958217317251,0.019597268667201045,0,6,5,2,False,False,recovery
2025-05-12,5.097,5.4,4.89,5.581861439919653,9921543.44,1747094399999,51272954.62515,221378.0,4981305.52,25772689.68772,0,-0.0053894147600438425,-0.005403990047538763,5.444084032254688,0.24340569896995223,4.898850459697416,0.10127964689710023,4.739114732801413,0.0597609923745388,4.455672916335559,0.013964404757581761,4.722741128578044,-0.007255620721578815,5.940550490437187,0.006145236050143943,0.0589367841671408,0.04566008298562513,0.04213903070174643,5.4,3.823,1.1153211413567865,69.39587125321385,0.2904540408913565,0.15495463243516666,0.13549940845618985,4.739114732801413,5.666371494276522,3.811857971326305,0.9544300684190062,6792808.367000001,1.460595221293102,-56449.82534039796,0.029000000000000803,0.30299999999999994,0.17799999999999994,0.5100000000000007,0.056862745098040714,0.5020696175070116,0.49793038249298843,0.022312859016217743,0,0,5,2,False,False,recovery
2025-05-13,5.069,5.273,4.823,5.723465405046823,6748215.11,1747180799999,33947513.86252,129114.0,3255718.69,16387138.50751,0,0.02536859193860752,0.025052149840432074,5.60840044196605,0.16431640971136208,5.028760914671612,0.12991045497419673,4.801180488405525,0.062065755604112205,4.469878622508335,0.014205706172775834,4.724916902170087,0.0021757735920431287,5.948483755416813,0.007933264979626209,0.055876732464627155,0.04570321573295581,0.04212646735124671,5.4,3.823,1.2051143976200522,74.10585756111774,0.32464917219019895,0.18889354038617312,0.13575563180402583,4.801180488405525,5.817877575759972,3.7844834010510784,0.953569174197784,7228985.992999999,0.9334940082239002,169104.83799723812,0.12600000000000033,0.0779999999999994,0.24599999999999955,0.4499999999999993,0.2800000000000012,0.48245626983280915,0.5175437301671909,0.01913305931944425,0,1,5,2,False,False,recovery
2025-05-14,5.194,5.267,4.947,5.48824990039435,5284499.6,1747267199999,26933285.50359,108903.0,2383257.42,12156512.93212,0,-0.041096693699775866,-0.04196503681486357,5.649890315280176,0.041489873314126235,5.14688223897088,0.1181213242992678,4.841777832178141,0.0405973437726157,4.47898025303262,0.009101630524284587,4.72447756289401,-0.00043933927607753276,5.955032364476738,0.006548609059924715,0.05760387307571024,0.0466679752172226,0.04259586421869867,5.4,3.823,1.0559606216831638,69.89730136215626,0.3289768938088651,0.21691021107071154,0.11206668273815354,4.841777832178141,5.901415675465133,3.7821399888911493,0.8050438752785836,7334172.044,0.7205311749297164,-218704.0257940325,0.21399999999999952,0.0730000000000004,0.03300000000000036,0.3200000000000003,0.668749999999998,0.45099017889981485,0.5490098211001851,0.020608006101467017,0,2,5,2,False,False,recovery
2025-05-15,4.981,5.028,4.679,5.268324916857826,7496534.85,1747353599999,36075159.04859,128537.0,3805301.12,18316547.80885,0,-0.04007196966754767,-0.04089696573422185,5.534801815334544,-0.11508849994563253,5.243100562799304,0.09621832382842399,4.872129774488729,0.030351942310588242,4.482414777240393,0.0034345242077735705,4.726461864521575,0.0019843016275649106,5.959992946703998,0.004960582227259813,0.0609011064291006,0.04788870916913262,0.042993103910844994,5.4,3.823,0.9165028007976066,62.75764003251677,0.3110746611332962,0.2357431010832285,0.07533156005006769,4.872129774488729,5.944696203428935,3.7995633455485245,0.6846949203699084,7688052.654999999,0.9750889056573456,-302570.9849096391,0.20199999999999996,0.04699999999999971,0.09999999999999964,0.3489999999999993,0.5787965616045856,0.5076080077183928,0.49239199228160724,0.01714618854869994,0,3,5,2,False,False,recovery
2025-05-16,4.778,4.956,4.711,5.243448280025585,4420510.08,1747439999999,21419277.14438,86430.0,2165355.68,10500415.55329,0,-0.004721925322532683,-0.004733108830924108,5.4610699884488465,-0.07373182688569724,5.330874160866791,0.08777359806748652,4.900673942115745,0.028544167627015504,4.4868193792048,0.004404601964406396,4.728748459675895,0.002286595154320281,5.964801559530748,0.004808612826750824,0.06145685978899172,0.04795270185777011,0.04294158944492231,5.4,3.823,0.9007281420580752,62.554445039391354,0.2915192239207096,0.24689832565072473,0.04462089826998489,4.900673942115745,5.981234220822028,3.8201136634094617,0.6586095401916086,7702354.658,0.573916714599563,-22199.673973634883,0.022999999999999687,0.17800000000000082,0.043999999999999595,0.2450000000000001,0.09387755102040685,0.4898429459072742,0.5101570540927258,0.01955204228377192,0,4,5,2,False,False,recovery
2025-05-17,4.755,4.768,4.557,5.087292078798457,3799964.46,1747526399999,17716336.13431,82251.0,1912931.09,8920381.12533,0,-0.029781203682696655,-0.030233669706550635,5.362156116224608,-0.0989138722242382,5.403120074239648,0.07224591337285702,4.930823359352578,0.030149417236833287,4.4955230416524365,0.008703662447636873,4.731586830334491,0.0028383706585959345,5.968506369932071,0.0037048104013228667,0.06322985959469381,0.04746427271075299,0.04179420057090051,5.4,3.823,0.8017070886483557,62.28885265450021,0.26041895109021596,0.24960245073862297,0.010816500351592984,4.930823359352578,5.996007542309159,3.865639176395997,0.5734467906815779,7810884.468,0.48649605247240224,-114278.63675709767,0.1429999999999998,0.0129999999999999,0.054999999999999716,0.2109999999999994,0.6777251184834132,0.5034076266071184,0.49659237339288165,0.02164520243960387,0,5,5,2,False,False,recovery
2025-05-18,4.613,4.921,4.508,5.288538500108268,4741500.76,1747612799999,22382505.92091,94925.0,2319304.14,10943774.10885,0,0.039558652853551424,0.038796250825691395,5.275170735236896,-0.08698538098771191,5.441785588601474,0.03866551436182597,4.962631896194765,0.03180853684218654,4.513265757323769,0.01774271567133212,4.735320490205608,0.0037336598711172897,5.973220811899818,0.00471444196774673,0.05225629066149417,0.04753598948949413,0.04130174612083736,5.4,3.823,0.9293205454079058,67.64523633803577,0.24913874870824415,0.2495097103325472,-0.0003709616243030567,4.962631896194765,6.030795034219098,3.894468758170431,0.6525546952108352,7398334.708999999,0.6408875708518583,186082.31516912425,0.17999999999999972,0.1280000000000001,0.10500000000000043,0.41300000000000026,0.43583535108958743,0.48914979821705235,0.5108502017829477,0.020020032644685267,0,6,5,2,False,False,recovery
2025-05-19,4.794,4.821,4.412,5.072698952925891,5563926.25,1747699199999,25288508.28723,109919.0,2607074.92,11858418.45071,0,-0.04081270225752498,-0.04166891791023257,5.192060545743205,-0.08311018949369142,5.420975430511691,-0.020810158089783037,4.988789036115527,0.026157139920762518,4.526838690406629,0.013572933082860672,4.735253361209936,-6.712899567240527e-05,5.978052280148501,0.0048314682486827465,0.0482512158246419,0.04832602875836057,0.041789109556181,5.4,3.823,0.7924533626670202,62.792355723840885,0.22024382571399492,0.24365653340883675,-0.023412707694841828,4.988789036115527,6.039845506534377,3.9377325656966775,0.5399169403224003,6793283.034999999,0.8190334807682572,-228686.30737533906,0.1979999999999995,0.027000000000000135,0.18400000000000016,0.4089999999999998,0.4841075794621017,0.4685674832587869,0.5314325167412131,0.019755653662735014,0,0,5,2,False,False,recovery
2025-05-20,4.597,4.727,4.519,5.163655113900021,4133769.06,1747785599999,19064153.19373,87956.0,1916822.25,8846474.88771,0,0.01793052610024648,0.01777167031840837,5.171126585151645,-0.020933960591560385,5.352964200243094,-0.06801123026859646,5.023924410015754,0.035135373900226696,4.542682342117659,0.015843651711029416,4.735897982129888,0.0006446209199522102,5.983596527785379,0.005544247636878552,0.030897900320299522,0.04798954204277899,0.04181671692469235,5.4,3.823,0.8501300658846043,63.17807558704746,0.20235121426385572,0.23539546957984056,-0.033044255315984844,5.023924410015754,6.0473027477760235,4.000546072255484,0.5682693285212961,6021184.766999999,0.6865374872160938,72853.63225848497,0.07999999999999918,0.05000000000000071,0.07800000000000029,0.20800000000000018,0.38461538461538036,0.46369843650627157,0.5363015634937284,0.021277434400266183,0,1,5,2,False,False,recovery
2025-05-21,4.677,4.877,4.612,5.234786194779727,6374820.22,1747871999999,30074951.66896,127248.0,3202320.24,15115669.16237,0,0.013775335360455943,0.013681317859445227,5.169394168102473,-0.0017324170491717084,5.31523207827566,-0.03773212196743447,5.056401445537988,0.03247703552223413,4.5566368419859415,0.013954499868282788,4.736349035709189,0.0004510535793009751,5.989489935004242,0.005893407218862556,0.03017121508677076,0.0477916915008397,0.04155837520765727,5.4,3.823,0.8952353803295668,64.0415099627171,0.19170106400399245,0.22665658846467096,-0.03495552446067851,5.056401445537988,6.062239000817099,4.050563890258877,0.5886747309769315,5848528.382999999,1.089987053585955,85869.93240538937,0.06300000000000061,0.13699999999999957,0.0649999999999995,0.2649999999999997,0.23773584905660636,0.5023389098806618,0.49766109011933823,0.01996103350503585,0,2,5,2,False,False,recovery
2025-05-22,4.741,4.977,4.732,5.466143230742279,4934402.45,1747958399999,24070590.66579,94638.0,2429196.24,11853524.40016,0,0.044196081244591845,0.04324728910908081,5.245164398491237,0.0757702303887644,5.303660257357923,-0.011571820917736453,5.101255358527668,0.04485391298968011,4.579673705572676,0.023036863586734846,4.7394832837043515,0.003134247995162376,5.997177334351131,0.007687399346889556,0.034185921662920817,0.04838983903718923,0.04123286476392194,5.4,3.823,1.0419424418150152,60.10458730770069,0.19962813360363096,0.22125089749246296,-0.021622763888831997,5.101255358527668,6.095530832588457,4.106979884466879,0.6834943542981843,5349814.284,0.9223502327468832,216530.74042194136,0.20700000000000074,0.028999999999999915,0.008999999999999453,0.2450000000000001,0.8448979591836762,0.4922979559561462,0.5077020440438538,0.019179221994752374,0,3,5,2,False,False,recovery
2025-05-23,4.948,5.12,4.531,5.040133722800495,10214231.78,1748044799999,49463918.76731,184794.0,4891652.63,23761673.41517,0,-0.07793603093783807,-0.08114067707071303,5.195483443029683,-0.04968095546155471,5.23532708913329,-0.06833316822463331,5.132044001902452,0.03078864337478393,4.592117771549736,0.012444065977059715,4.733861298839149,-0.0056219848652023785,6.002894566480928,0.005717232129796912,0.040218731111886015,0.05149664041724198,0.04279281685931205,5.4,3.823,0.771803248446731,45.76169930382655,0.1695801717321661,0.2109167523404036,-0.0413365806082375,5.132044001902452,6.074868820888665,4.189219182916239,0.4512580294604543,5696415.950999999,1.7930979527937918,-798889.9957275675,0.38700000000000045,0.1719999999999997,0.03000000000000025,0.5890000000000004,0.6570458404074706,0.4789055834407549,0.5210944165592452,0.018091815809568403,0,4,5,2,False,False,recovery
2025-05-24,4.562,4.633,4.511,5.023963847403728,3091142.26,1748131199999,14183295.70758,67200.0,1465635.62,6727448.52337,0,-0.00320822348891614,-0.003213380871538403,5.185736421925251,-0.00974702110443193,5.188898483834228,-0.04642860529906212,5.167890361402554,0.035846359500101954,4.604734057917374,0.012616286367637564,4.7290894920412425,-0.004771806797906564,6.007989681710306,0.005095115229377889,0.038926083501009866,0.05094076691837456,0.04278370987090557,5.4,3.823,0.7615496812959591,32.119043162087934,0.1428158791034173,0.19729657769300635,-0.05448069858958904,5.167890361402554,6.029676573526852,4.306104149278256,0.4164952328234353,5477080.217,0.5643777592312009,-10843.735180881244,0.017000000000000348,0.07099999999999973,0.03399999999999981,0.12199999999999989,0.13934426229508495,0.4741404622380596,0.5258595377619404,0.021739536503894197,0,5,5,2,False,False,recovery
2025-05-25,4.546,4.564,4.35,5.001149043886161,3942315.1,1748217599999,17574502.99951,84934.0,1799403.37,8026332.14822,0,-0.004541195798882347,-0.00455153835210858,5.153235207922479,-0.03250121400277184,5.162180896537061,-0.026717587297167,5.202640729668182,0.03475036826562761,4.6185879877322495,0.013853929814875876,4.7236542160480015,-0.005435275993241007,6.011634103884522,0.003644422174216011,0.03727060541004756,0.050990856789822805,0.04267371695059742,5.4,3.823,0.7470824628320615,35.338507708768915,0.11839918825495221,0.18151709980539552,-0.0631179115504433,5.202640729668182,5.968868484857068,4.436412974479295,0.3685171057707576,5121658.242000001,0.7697341200299479,-19082.713355335647,0.023000000000000576,0.017999999999999794,0.17300000000000004,0.2140000000000004,0.10747663551402117,0.4564331679119206,0.5435668320880794,0.0215441936642761,0,6,5,2,False,False,recovery
2025-05-26,4.523,4.617,4.426,4.941820046984592,3794527.16,1748303999999,17172749.48579,73519.0,1786371.24,8085237.09258,0,-0.011863073141980873,-0.011934000899701055,5.094641978363451,-0.058593229559027904,5.132018073232961,-0.030162823304099362,5.2314461170498765,0.028805387381694914,4.6371772989571465,0.01858931122489693,4.719196212621141,-0.004458003426860202,6.014704762221869,0.0030706583373465435,0.037342522709939756,0.05117836751258555,0.04143963481977885,5.4,3.88,0.6985658203845999,34.8520286475278,0.0931872262903024,0.1638511251023769,-0.0706638988120745,5.2314461170498765,5.902616633481112,4.560275600618641,0.28423808631725117,5059059.95,0.7500458973608328,-46141.718726508516,0.054999999999999716,0.0940000000000003,0.041999999999999815,0.19099999999999984,0.2879581151832448,0.4707757158338537,0.5292242841661463,0.019375009559820886,0,0,5,2,False,False,recovery
2025-05-27,4.468,4.614,4.373,5.017432829331842,3874357.43,1748390399999,17567270.89795,74880.0,1909084.52,8662571.58012,0,0.01530059403789652,0.015184720410948305,5.004899898081364,-0.08974208028208697,5.125032148286301,-0.0069859249466608375,5.264076111262974,0.032629994213097646,4.659215942974005,0.022038644016858733,4.71700149539647,-0.0021947172246710167,6.0173042518976665,0.002599489675797706,0.036771253283201036,0.05117416706231772,0.04124858427305408,5.4,3.966,0.7332167568562353,32.751418547874934,0.07840409084951361,0.14676171825180423,-0.06835762740229062,5.264076111262974,5.8095302073825925,4.718622015143356,0.2739101386479978,5066499.2469999995,0.7647010768419839,58098.018757833364,0.06700000000000017,0.07899999999999974,0.09499999999999975,0.24099999999999966,0.27800829875518784,0.49274868271511024,0.5072513172848898,0.01932707587074639,0,1,5,2,False,False,recovery
2025-05-28,4.536,4.661,4.419,5.076489473259782,4289732.2,1748476799999,19466976.74673,82731.0,2100431.83,9536611.87762,0,0.011770290891129909,0.01170155981477021,5.0121710481732205,0.007271150091856526,5.103827245601453,-0.02120490268484776,5.272806417101463,0.008730305838488661,4.687099219974787,0.027883277000781526,4.715273774815323,-0.0017277205811474516,6.018605492869337,0.0013012409716708362,0.03435649789382813,0.04350598592390218,0.04016178781556499,5.4,4.35,0.6918947364378876,38.99319217804931,0.0706394396254888,0.13153726252654116,-0.06089782290105236,5.272806417101463,5.799104632039199,4.746508202163727,0.31349267556901533,5021322.391,0.8543032822765433,49187.668004410196,0.051000000000000156,0.07399999999999984,0.11699999999999999,0.242,0.21074380165289322,0.4896417146972485,0.5103582853027515,0.019285819287273923,0,2,5,2,False,False,recovery
2025-05-29,4.588,4.682,4.33,4.795717946090341,4814923.2,1748563199999,21822337.54306,85482.0,2416497.31,10963114.66907,0,-0.05530820632021294,-0.05689654893919198,4.966521867910544,-0.045649180262676836,5.076129144917897,-0.027698100683555715,5.248552287714793,-0.024254129386669376,4.703565365544146,0.016466145569359547,4.71202138205872,-0.003252392756603051,6.015316277624802,-0.003289215244535626,0.03635173089472521,0.0415910268057446,0.03976048433854954,5.4,4.33,0.43525041690686056,37.764710053037184,0.04135328690226192,0.11350046740168532,-0.0721471804994234,5.248552287714793,5.816370985594771,4.680733589834816,0.10125094214476714,4946422.085999999,0.9734153528118468,-267670.6814911708,0.2560000000000002,0.0940000000000003,0.0019999999999997797,0.3520000000000003,0.7272727272727273,0.5018766052177115,0.49812339478228856,0.017753554199992222,0,3,5,2,False,False,recovery
2025-05-30,4.333,4.358,4.008,4.483770314144553,8486843.25,1748649599999,35385205.26849,139910.0,4049401.9,16888344.75924,0,-0.0650471181692619,-0.0672591447271749,4.863046121962222,-0.10347574594832132,5.00814066494235,-0.06798847997554702,5.180552432592721,-0.06799985512207218,4.7176950563582185,0.014129690814072227,4.704376922870248,-0.007644459188472119,6.008017726187584,-0.007298551437218137,0.03984174274768033,0.0347081735330997,0.04025976849549459,5.4,4.008,0.3417890187820063,32.87778181194531,-0.006947678456652007,0.08941083823001786,-0.09635851668666987,5.180552432592721,5.773425306411551,4.587679558773892,-0.08763197745921114,5381729.505,1.5769732094701405,-554426.7404778383,0.2839999999999998,0.024999999999999467,0.04100000000000037,0.34999999999999964,0.8114285714285717,0.47713876416887985,0.5228612358311201,0.016485517156217065,0,4,5,2,False,False,recovery
2025-05-31,4.049,4.121,3.895,4.515024512681597,5429234.96,1748735999999,21774544.9834,90597.0,2624912.27,10524878.68956,0,0.006970517298455103,0.006946335550579155,4.777687015101622,-0.08535910686059989,4.9361644967325375,-0.07197616820981256,5.125698287504099,-0.05485414508862263,4.730375561506314,0.012680505148095378,4.695298872643708,-0.009078050226539958,6.00295881130335,-0.005058914884233268,0.03938366574658351,0.034358279731007656,0.04012241465234818,5.4,3.895,0.41197642038644317,36.332252184369715,-0.0422179268920857,0.06308508520559715,-0.10530301209768285,5.125698287504099,5.752490425728947,4.49890614927925,0.012857821931203639,5287170.979,1.0268695643784285,36203.83895282682,0.026999999999999247,0.04500000000000082,0.15400000000000036,0.22600000000000042,0.119469026548669,0.48347737560431536,0.5165226243956846,0.016686881423897706,0,5,5,2,False,False,recovery
2025-06-01,4.077,4.102,3.971,4.5052991057887,2555495.93,1748822399999,10339304.6365,50061.0,1360590.11,5508512.59739,0,-0.002154009765745535,-0.0021563329815335263,4.675260270392995,-0.10242674470862756,4.840080084237179,-0.09608441249535815,5.071870170797551,-0.053828116706547746,4.73943267783915,0.009057116332836124,4.68595631847295,-0.009342554170757467,5.999066273212186,-0.0038925380911640772,0.034158879560904694,0.034389948559876024,0.039703865278454285,5.273,3.895,0.44288759491197427,29.409842081699125,-0.07014601237692109,0.036438865689093505,-0.10658487806601459,5.071870170797551,5.7183156464411296,4.425424695153972,0.06177969654378664,5049280.327,0.5061109236369796,-6269.617100098041,0.01100000000000012,0.025000000000000355,0.09499999999999975,0.13100000000000023,0.08396946564885574,0.5324172478725098,0.4675827521274902,0.019589544014652373,0,6,6,2,False,False,recovery
2025-06-02,4.066,4.171,3.952,4.597537505924975,3601436.52,1748908799999,14548595.17963,59863.0,1698283.22,6865450.86227,0,0.02047331330738067,0.02026655232061692,4.579469876926034,-0.09579039346696128,4.795820462549627,-0.044259621687552375,5.0155737758414585,-0.0562963949560924,4.751292452784482,0.011859774945332191,4.677712847202401,-0.00824347127054903,5.997178906608102,-0.001887366604083951,0.02894305652776393,0.03414086272404196,0.03972254626454694,5.267,3.895,0.512053575747066,36.64056511832427,-0.08386955726297973,0.012377181098678861,-0.09624673836165859,5.0155737758414585,5.617678028507491,4.413469523175426,0.15285391353284916,4388000.801,0.820746550269374,72631.03655681224,0.08199999999999985,0.023000000000000576,0.11399999999999988,0.2190000000000003,0.37442922374429105,0.47155717185874485,0.5284428281412552,0.016621978387668487,0,0,6,2,False,False,recovery
2025-06-03,4.149,4.223,4.097,4.586720678808769,3668892.34,1748995199999,15293548.21726,59104.0,1744469.47,7273771.28714,0,-0.0023527436377116517,-0.002355515687826434,4.537670423469718,-0.041799453456315305,4.752096145690132,-0.04372431685949518,4.970497314762179,-0.04507646107927954,4.762714928278703,0.011422475494220485,4.670312359768911,-0.007400487433490532,5.99321803525474,-0.003960871353362094,0.02896254944713308,0.03339416624301849,0.039731133809778434,5.12,3.895,0.5646699418847092,33.01370155881216,-0.09452872470989604,-0.00900400006303612,-0.08552472464685992,4.970497314762179,5.558423157895933,4.382571471628425,0.17361816083146717,4445775.809,0.8252535659968993,-9729.463775313403,0.012000000000000455,0.07399999999999984,0.03999999999999915,0.12599999999999945,0.09523809523809927,0.4754757862423404,0.5245242137576596,0.016109494234982105,0,1,6,2,False,False,recovery
2025-06-04,4.137,4.214,3.985,4.44281181084034,5036516.92,1749081599999,20666912.36441,66246.0,2577645.97,10586914.66578,0,-0.031375110464717526,-0.031877852940840015,4.529478722808876,-0.008191700660842294,4.69626242238555,-0.05583372330458225,4.929221659461305,-0.04127565530087374,4.77468681839374,0.011971890115037631,4.667233340822827,-0.0030790189460834227,5.985265853390158,-0.007952181864582464,0.029768841764090732,0.03301438510815598,0.03949492587083612,5.12,3.895,0.4471933149717057,27.640632650449575,-0.11328258354801157,-0.029859716760031213,-0.08342286678798036,4.929221659461305,5.544389056779505,4.314054262143105,0.10465244847056947,4555195.990999999,1.1056641536282912,-159483.61530577627,0.13099999999999934,0.07700000000000085,0.02100000000000035,0.22900000000000054,0.5720524017467207,0.5117913849875442,0.4882086150124558,0.013153137585408927,0,2,6,2,False,False,recovery
2025-06-05,4.006,4.078,3.742,4.23114416265337,6640572.84,1749167999999,26049696.81582,107730.0,3218645.46,12633001.86266,0,-0.047642722041592256,-0.04881502262207264,4.472702652803231,-0.056776070005644996,4.625194833952427,-0.07106758843312289,4.878606453592694,-0.05061520586861157,4.781571468637885,0.006884650244145085,4.659612437995565,-0.007620902827262022,5.978138549393087,-0.007127303997070733,0.03190946115437609,0.03416791588100198,0.040137197092687406,5.12,3.742,0.3549667363232005,14.740970543768213,-0.14356997669765548,-0.052601768747556066,-0.09096820795009941,4.878606453592694,5.54901602881501,4.208196878370377,0.017114376890711446,4839800.559,1.372075720692936,-318270.09118322516,0.19200000000000017,0.07200000000000006,0.07200000000000006,0.3360000000000003,0.5714285714285714,0.4846939469758154,0.5153060530241845,0.016222998014731514,0,3,6,2,False,False,recovery
2025-06-06,3.814,3.992,3.802,4.310091376799344,3530206.93,1749254399999,13806599.21622,58440.0,1799715.69,7039230.19222,0,0.01865859708653006,0.018486660896538182,4.433661107005359,-0.03904154579787189,4.554460688699177,-0.07073414525324928,4.839746418492739,-0.038860035099954615,4.788328066674124,0.006756598036238515,4.651538417197351,-0.008074020798214399,5.968350772618659,-0.009787776774428103,0.032278552571989284,0.03441549318800367,0.04010720777708524,5.12,3.742,0.41225789317804323,24.00616988577633,-0.15936550721980325,-0.07395451644200551,-0.08541099077779774,4.839746418492739,5.548242289880752,4.131250547104726,0.12621162445467124,4805385.509000001,0.7346355299461989,64791.42241740916,0.06999999999999984,0.1080000000000001,0.01200000000000001,0.18999999999999995,0.3684210526315782,0.5098045881406731,0.4901954118593269,0.0165542703753063,0,4,6,2,False,False,recovery
2025-06-07,3.886,4.058,3.868,4.474557958446204,2274474.36,1749340799999,9105229.27172,34519.0,1179050.65,4717325.26831,0,0.03815849068355304,0.037448461607791916,4.409065197509605,-0.024595909495753965,4.4942675372178185,-0.06019315148135895,4.799047391409635,-0.0406990270831038,4.797453234635355,0.009125167961230751,4.643155030774631,-0.008383386422719852,5.960434544848771,-0.007916227769888096,0.0355834152220658,0.03431562106012848,0.040406234097448576,5.12,3.742,0.5316095489449957,32.30642413612375,-0.1568049504636777,-0.09052460324633996,-0.06628034721733775,4.799047391409635,5.492347730618064,4.105747052201206,0.265982061011311,4603859.725,0.4940364163680074,86083.34987641596,0.14499999999999957,0.027000000000000135,0.018000000000000238,0.18999999999999995,0.76315789473684,0.5183837948386457,0.4816162051613543,0.015176693396534926,0,5,6,2,False,False,recovery
2025-06-08,4.031,4.112,3.977,4.4692357978473956,2726928.43,1749427199999,11047026.10726,38159.0,1313494.43,5323800.54109,0,-0.0011894271229099251,-0.0011901350527599346,4.385568221317331,-0.02349697619227431,4.461619322393525,-0.032648214824293476,4.768874233655711,-0.03017315775392415,4.801963161389688,0.004509926754333371,4.637093238738632,-0.006061792035999325,5.9529048293782765,-0.0075297154704943026,0.032214342108855036,0.033438949120234415,0.03967352611604464,5.12,3.742,0.5277473133870795,32.674568014593675,-0.15343642507045008,-0.10310696761116199,-0.05032945745928809,4.768874233655711,5.464551500451307,4.073196966860115,0.284642642422039,4395060.248000001,0.6204530259263012,-4058.935891837759,0.005999999999999339,0.0810000000000004,0.04800000000000049,0.13500000000000023,0.04444444444443947,0.481675432163799,0.5183245678362011,0.013993399892787065,0,6,6,2,False,False,recovery
2025-06-09,4.026,4.162,3.963,4.610522256496214,4628656.78,1749513599999,18745020.62485,56359.0,2167938.88,8790196.40432,0,0.03161311352532992,0.031123706775713925,4.419110310448506,0.03354208913117507,4.4742945166286905,0.012675194235165499,4.741217590785521,-0.027656642870190318,4.809316783380994,0.007353621991305737,4.63294582662313,-0.004147412115501403,5.944996491280361,-0.007908338097915468,0.02675001352571422,0.03408310500710296,0.03989537759951834,5.12,3.742,0.63027739948927,39.755930379125324,-0.13777798910011896,-0.11004117190895338,-0.02773681719116558,4.741217590785521,5.414429560245329,4.068005621325712,0.40293151323930126,4009241.6010000007,1.154496845200225,144897.08180869502,0.125,0.01100000000000012,0.06299999999999972,0.19899999999999984,0.6281407035175884,0.46837321993012404,0.531626780069876,0.012176102631658076,0,0,6,2,False,False,recovery
2025-06-10,4.152,4.317,4.097,4.770780067596754,6662210.27,1749599999999,28115017.89895,88726.0,3336413.93,14082926.29038,0,0.03475914488315013,0.034168689378272915,4.5270374914371825,0.1079271809886766,4.499870072120206,0.0255755554915158,4.718017284426372,-0.023200306359148826,4.8219948255964304,0.012678042215436669,4.624554642230594,-0.008391184392536388,5.934223672440304,-0.010772818840057319,0.0285759795009619,0.03500476186795809,0.03995234165122059,5.12,3.742,0.7465747950629565,42.75261531951693,-0.11115576528514204,-0.11026409058419112,-0.0008916747009509174,4.718017284426372,5.350350820506826,4.085683748345918,0.5417206902368603,4132539.132,1.612134829749508,229510.01411948967,0.14199999999999946,0.023000000000000576,0.054999999999999716,0.21999999999999975,0.6454545454545437,0.5007968519132315,0.49920314808676847,0.013317802411541119,0,1,6,2,False,False,recovery
2025-06-11,4.295,4.346,4.146,4.655514075174899,5328497.22,1749686399999,22710210.94322,76185.0,2500874.07,10672111.99322,0,-0.024160827116040062,-0.024457488028258968,4.5961220311122934,0.06908453967511097,4.514891569058826,0.015021496938619983,4.677485826648003,-0.04053145777836864,4.82737227525135,0.005377449654919708,4.622885352988432,-0.0016692892421614758,5.913015518594369,-0.021208153845934774,0.03007289230987991,0.03334539420098611,0.0392848583598568,5.12,3.742,0.6629274856131344,38.02602617877386,-0.09822617319839821,-0.10785650710703254,0.009630333908634325,4.677485826648003,5.202767769441821,4.1522038838541855,0.47908575406548076,4409839.261,1.208320055364485,-130296.27575686925,0.10599999999999987,0.051000000000000156,0.04300000000000015,0.20000000000000018,0.5299999999999989,0.46933947166439544,0.5306605283356045,0.014297652199957421,0,2,6,2,False,False,recovery
2025-06-12,4.188,4.204,3.907,4.356747953927026,5999705.47,1749772799999,24319792.4322,82855.0,2941965.33,11934310.5363,0,-0.06417467897713303,-0.0663264427595712,4.572560030208458,-0.023562000903835312,4.490812613859032,-0.024078955199794194,4.6433165382043295,-0.03416928844367373,4.8248642284706,-0.0025080467807505613,4.6197557235169695,-0.0031296294714628914,5.888679302872812,-0.024336215721556975,0.03612866606414044,0.03192625843633644,0.04026712813899434,4.682,3.742,0.6539871850287505,37.64071509369261,-0.11080995917643932,-0.10844719752091389,-0.0023627616555254305,4.6433165382043295,5.1580742836236775,4.128558792784982,0.22164713709761627,4649666.156,1.2903518809103935,-386708.1587252325,0.2689999999999997,0.016000000000000014,0.01200000000000001,0.2969999999999997,0.9057239057239056,0.49035162554404527,0.5096483744559547,0.013809844568920149,0,3,6,2,False,False,recovery
2025-06-13,3.919,3.919,3.664,4.26797623763422,9117736.81,1749859199999,34520828.85073,136245.0,4438620.61,16802429.93665,0,-0.020375683246213527,-0.020586131066249427,4.5323081181658225,-0.040251912042635674,4.458938169741576,-0.03187444411745588,4.605517157715854,-0.037799380488475975,4.816697692724444,-0.008166535746156,4.613609558636029,-0.006146164880940219,5.866984597422356,-0.021694705450456375,0.03644282275700261,0.03205609782210643,0.03988136272819921,4.682,3.664,0.5932968935503139,43.05098489299376,-0.126487763630724,-0.11205531074287592,-0.014432452887848085,4.605517157715854,5.113567280016032,4.097467035415675,0.16780746104987707,5194550.602999999,1.7552503588538055,-188450.28874968117,0.08099999999999996,0.0,0.17399999999999993,0.2549999999999999,0.3176470588235294,0.4868116619830355,0.5131883380169645,0.014942852907376254,0,4,6,2,False,False,recovery
2025-06-14,3.838,3.846,3.716,4.205847396887989,2930108.58,1749945599999,11099648.82719,39568.0,1329309.06,5037314.76827,0,-0.014556979066188469,-0.014663971479614039,4.451373146244178,-0.08093497192164456,4.435241728346341,-0.02369644139523519,4.565752075365945,-0.039765082349908276,4.807588919249282,-0.009108773475161591,4.607852223286475,-0.00575733534955436,5.84583887138977,-0.0211457260325858,0.03554812894038048,0.03208362488547698,0.03992610771269088,4.682,3.664,0.532266598121796,40.23797158989151,-0.14228563460308763,-0.11810137551491827,-0.02418425908816936,4.565752075365945,5.067880596350358,4.063623554381532,0.14162095615244993,4983909.768999999,0.5879136492850099,-43516.46405940598,0.05699999999999994,0.008000000000000007,0.06499999999999995,0.1299999999999999,0.43846153846153835,0.45367228677921556,0.5463277132207844,0.013503936430915471,0,5,6,2,False,False,recovery
2025-06-15,3.782,3.834,3.735,4.251612189951276,1774308.52,1750031999999,6722221.63703,32858.0,902855.93,3421889.36039,0,0.010881230045852286,0.010822455437835221,4.347539570715082,-0.10383357552909622,4.437288531076133,0.0020468027297919633,4.531241682514279,-0.034510392851665905,4.799169864498602,-0.008419054750680388,4.602732107023598,-0.005120116262877339,5.822863225653089,-0.02297564573668076,0.032406420517298216,0.03234616322515869,0.03996005492101493,4.682,3.664,0.5772221905218816,42.168268762264134,-0.14939064250398726,-0.12435922891273207,-0.025031413591255186,4.531241682514279,5.01921696210147,4.043266402927089,0.2134798582424501,4497283.336999999,0.3945289604954237,18770.785718064148,0.039000000000000146,0.0129999999999999,0.04700000000000015,0.0990000000000002,0.39393939393939464,0.5088494587175854,0.4911505412824146,0.018518763580079072,0,6,6,2,False,False,recovery
2025-06-16,3.821,3.991,3.786,4.2818211770324295,4011866.39,1750118399999,15689055.96405,58486.0,1879836.22,7350898.67779,0,0.007105301643586692,0.007080177925394614,4.272800991086588,-0.07473857962849362,4.434461511099441,-0.0028270199766922133,4.494461099899309,-0.03678058261497075,4.795120213358015,-0.004049651140586974,4.599238343482449,-0.003493763541148276,5.799192569150375,-0.023670656502713605,0.03190749013521377,0.03209992556087427,0.03957209948446135,4.682,3.664,0.6068970304837222,39.865165038562,-0.1508449529440421,-0.12965637371899408,-0.02118857922504802,4.494461099899309,4.936904538146994,4.0520176616516235,0.25969818457580923,4545449.283,0.8826116276347858,27298.75062549085,0.0259999999999998,0.14400000000000013,0.03500000000000014,0.20500000000000007,0.1268292682926819,0.4685689993778681,0.5314310006221319,0.014578252193488427,0,0,6,2,False,False,recovery
2025-06-17,3.846,3.897,3.663,4.140589845003601,5144535.08,1750204799999,19358889.35551,73349.0,2444785.68,9205177.34036,0,-0.03298393982130543,-0.033540175415781394,4.2295693693019025,-0.04323162178468554,4.40106469975518,-0.03339681134426087,4.4476661184865,-0.04679498141280902,4.784884654992797,-0.010235558365217834,4.5972343252607555,-0.0020040182216938263,5.7726501109223385,-0.026542458228036914,0.0302965508345318,0.03225296803575756,0.03945852235416194,4.682,3.663,0.4686848331733078,36.78518125649701,-0.16153165623762078,-0.13603143022271943,-0.025500226014901345,4.4476661184865,4.823939916661345,4.071392320311654,0.0919510274534081,4832455.3549999995,1.0645799499579651,-171172.4695191059,0.12700000000000022,0.05099999999999971,0.05600000000000005,0.23399999999999999,0.5427350427350437,0.4752199454338253,0.5247800545661747,0.01425765377422599,0,1,6,2,False,False,recovery
2025-06-18,3.719,3.786,3.572,4.03379790799425,6307506.25,1750291199999,23022607.40297,82876.0,2649698.2,9683750.63802,0,-0.02579147923531111,-0.026129911225558036,4.182733703373909,-0.046835665927993375,4.357520910769866,-0.04354378898531408,4.409570116581696,-0.03809600190480378,4.7745694900624684,-0.010315164930328358,4.595780506211612,-0.0014538190491437675,5.745982808581491,-0.026667302340847243,0.03074011385476311,0.030690525119314513,0.03950114664502328,4.358,3.572,0.5875291450308531,37.612228057420026,-0.1765826277961553,-0.1441416697374066,-0.03244095805874869,4.409570116581696,4.79170679009317,4.027433443070222,0.00832747203447557,5190513.137,1.2151989761932471,-164514.14526754513,0.09699999999999998,0.06700000000000017,0.04999999999999982,0.21399999999999997,0.4532710280373831,0.4200864961489337,0.5799135038510663,0.013139265617057454,0,2,6,2,False,False,recovery
2025-06-19,3.622,3.657,3.496,3.952564075051678,6333647.02,1750377599999,22613412.42896,65731.0,2577885.31,9202452.71294,0,-0.020138300131888554,-0.02034383985980794,4.132077039006647,-0.05065666436726257,4.291725092625412,-0.06579581814445401,4.3830098046270525,-0.026560311954643367,4.764401818845592,-0.010167671216876784,4.59162092907647,-0.004159577135141923,5.7170927025755205,-0.02889010600597075,0.027145426115307892,0.027817720929002025,0.039507353275336665,4.346,3.496,0.5371342059431504,40.83885601513318,-0.19284255369303338,-0.15388184652853198,-0.038960707164501396,4.3830098046270525,4.814134386977003,3.9518852222771024,0.0007873046473890733,5361012.161,1.1814274673867875,-129400.8502153506,0.07399999999999984,0.03500000000000014,0.052000000000000046,0.16100000000000003,0.4596273291925455,0.40701436342437664,0.5929856365756233,0.010378064927274713,0,3,6,2,False,False,recovery
2025-06-20,3.547,3.577,3.33,3.8300497810351826,7730014.2,1750463999999,26776699.46793,85268.0,3236233.84,11213699.37917,0,-0.0309961563405885,-0.03148670047445819,4.047764557223428,-0.08431248178321837,4.197652063969255,-0.09407302865615641,4.34876106804473,-0.03424873658232208,4.749297904779595,-0.015103914065996982,4.587022796746962,-0.004598132329507898,5.683791770913444,-0.03330093166207693,0.021047064741046485,0.028185224925986442,0.03948643360123156,4.346,3.33,0.492174981333841,34.653508220572164,-0.21315739597033012,-0.16573695641689162,-0.0474204395534385,4.34876106804473,4.840321914319403,3.8572002217700585,-0.027616561551471634,5467792.554,1.4137358218436904,-241835.2807779034,0.11000000000000032,0.029999999999999805,0.10699999999999976,0.2469999999999999,0.44534412955465735,0.4186582011712216,0.5813417988287783,0.011030768869738946,0,4,6,2,False,False,recovery
2025-06-21,3.437,3.508,3.209,3.7052323043144773,5927367.37,1750550399999,19991562.12894,72359.0,2521773.6,8492917.30544,0,-0.03258899592865594,-0.03313184376509683,3.9324467826798375,-0.11531777454359071,4.1026238868832134,-0.09502817708604194,4.308757727971019,-0.04000334007371098,4.732021251446912,-0.017276653332682912,4.581022710419071,-0.006000086327890841,5.65106078664093,-0.0327309842725132,0.021331432246618348,0.028680907560172015,0.03970997456847653,4.346,3.209,0.43644002138476445,24.76564692883123,-0.2366013885360143,-0.17990984284071618,-0.056691545695298134,4.308757727971019,4.871714598283143,3.745800857658896,-0.03603167088264329,5527679.569,1.0723066154632959,-194877.07675589158,0.11299999999999999,0.07100000000000017,0.11499999999999977,0.29899999999999993,0.3779264214046823,0.42544580799283244,0.5745541920071676,0.012207611825484,0,5,6,2,False,False,recovery
2025-06-22,3.325,3.363,3.007,3.515668347550731,11019675.81,1750636799999,34950831.97557,142255.0,5037701.92,15990281.56871,0,-0.0511611529843925,-0.052516308263584936,3.8074624831892643,-0.12498429949057321,4.018515926245583,-0.08410796063763026,4.254664270052308,-0.054093457918711785,4.7138474012918286,-0.018173850155083215,4.570885284336438,-0.01013742608263346,5.613528085277517,-0.037532701363413246,0.01873625448343845,0.029230274554920117,0.04008679423295852,4.346,3.007,0.37988674200950784,22.095122644172278,-0.26739478794001403,-0.19740683186057575,-0.06998795607943828,4.254664270052308,4.902323543873033,3.607004996231582,-0.07051288568912953,6029676.603,1.827573273916097,-566896.6797563172,0.17200000000000015,0.03799999999999981,0.1459999999999999,0.35599999999999987,0.48314606741573096,0.4571551837694216,0.5428448162305785,0.012909181944436894,0,6,6,2,False,False,recovery
2025-06-23,3.153,3.421,3.111,3.8100550710544083,8879579.75,1750723199999,28957754.83726,106245.0,4284297.3,13973084.86825,0,0.08373563556095065,0.08041399464041517,3.762713915801295,-0.044748567387969285,3.9727238095876016,-0.04579211665798155,4.21583098966459,-0.03883328038771783,4.703907769564884,-0.009939631726944675,4.561924784932822,-0.00896049940361543,5.578199785443018,-0.035328299834499255,0.038089505005141015,0.03634129139840607,0.04180784837032826,4.346,3.007,0.5997423980988859,28.5017579322095,-0.2649895954221706,-0.21092338457289475,-0.05406621084927585,4.21583098966459,4.872729996404007,3.5589319829251727,0.19114284353671795,6005860.897,1.4784857495509858,740669.0371868067,0.2629999999999999,0.004999999999999893,0.041999999999999815,0.3099999999999996,0.8483870967741943,0.4824887461594114,0.5175112538405886,0.011965093280456206,0,0,6,2,False,False,recovery
2025-06-24,3.416,3.525,3.385,3.836851503600556,4687786.75,1750809599999,16125431.26595,64500.0,2260205.94,7775712.74439,0,0.007033082736710217,0.007008465964123745,3.7395714015110713,-0.023142514290223737,3.9358242202588594,-0.036899589328742266,4.185532974302601,-0.030298015361989172,4.694521966065422,-0.009385803499461609,4.553769838815878,-0.008154946116944117,5.541393447498837,-0.036806337944180534,0.03845355796211599,0.03608898943687181,0.04182533710863457,4.346,3.007,0.6197546703514235,22.9803948701242,-0.25794775372590895,-0.2203282584034976,-0.03761949532241135,4.185532974302601,4.854144766630649,3.516921181974552,0.23924968516636122,6181628.714,0.7583416874234482,31562.966993559625,0.02300000000000013,0.08599999999999985,0.03100000000000014,0.14000000000000012,0.1642857142857151,0.48214777261359,0.51785222738641,0.013759158306422535,0,1,6,2,False,False,recovery
2025-06-25,3.438,3.465,3.341,3.740900965082825,3894305.42,1750895999999,13255574.27421,47982.0,1865945.53,6352366.73786,0,-0.02500762367990783,-0.025325627173739484,3.7217416383205992,-0.017829763190472026,3.8847530977720135,-0.051071122486845866,4.161020814424073,-0.02451215987852784,4.682025739380065,-0.012496226685357215,4.543861499827091,-0.009908338988786625,5.504514677273555,-0.03687877022528241,0.03811799978128651,0.03507789539729473,0.04189605586203891,4.346,3.007,0.5480963144755975,23.240134907213516,-0.25714523975759285,-0.22769165467431665,-0.029453585083276196,4.161020814424073,4.857938620568036,3.46410300828011,0.19858723249893304,6393628.404,0.6090916102605578,-98518.34008141921,0.0860000000000003,0.02699999999999969,0.010999999999999677,0.12399999999999967,0.6935483870967785,0.4791471979616843,0.5208528020383157,0.012321067514011266,0,2,6,2,False,False,recovery
2025-06-26,3.352,3.433,3.271,3.6828485848869974,3980149.78,1750982399999,13292768.83147,49441.0,1913609.46,6390096.39661,0,-0.015518288438449046,-0.015639957447718192,3.717264894435103,-0.004476743885496237,3.8248558385574705,-0.05989725921454303,4.129658674828455,-0.0313621395956174,4.668386052176407,-0.013639687203657935,4.532491622096637,-0.011369877730454725,5.46837790485082,-0.03613677242273461,0.037519519870819106,0.03466608109712096,0.04193681799077968,4.346,3.007,0.5047412881904386,27.05035787634195,-0.25821701851874934,-0.2337967274432032,-0.024420291075546136,4.129658674828455,4.85423528557663,3.405082064080281,0.19167505318720113,6390456.743,0.6228271217639944,-62931.962511933314,0.052999999999999936,0.08099999999999996,0.028000000000000025,0.16199999999999992,0.3271604938271603,0.4807883033989741,0.5192116966010258,0.012421894333835849,0,3,6,2,False,False,recovery
2025-06-27,3.299,3.394,3.274,3.750946422049135,3955846.51,1751068799999,13169767.74878,50281.0,1964277.0,6541756.89328,0,0.018490534050621843,0.01832166263134423,3.7643205093347847,0.047055614899681686,3.785891496262024,-0.03896434229544665,4.093478098008602,-0.036180576819853094,4.64536731348759,-0.02301873868881721,4.520834500560124,-0.011657121536512882,5.44266725306837,-0.025710651782450356,0.038202518721769926,0.03357129557162054,0.0379655910386986,4.346,3.007,0.555598522814888,32.14107923240418,-0.25068178103927163,-0.2371737381624169,-0.013508042876854726,4.093478098008602,4.817805776079144,3.3691504199380606,0.26355199012144587,6271587.886,0.6307567687651471,71946.28390421336,0.06000000000000005,0.03500000000000014,0.02499999999999991,0.1200000000000001,0.5,0.49655035781456547,0.5034496421854345,0.012710553827832921,0,4,6,2,False,False,recovery
2025-06-28,3.36,3.426,3.33,3.8056799370423247,1866680.64,1751155199999,6302639.11863,22221.0,893876.73,3019304.49753,0,0.0145919213005683,0.01448648367105676,3.7634454825323678,-0.0008750268024169117,3.7630796991668314,-0.022811797095192432,4.060300304968349,-0.033177793040253256,4.615864901551962,-0.029502411935627748,4.511216074268404,-0.009618426291719828,5.417599637085374,-0.025067615982996116,0.03838710131602111,0.03392956729393837,0.03619819786065043,4.346,3.007,0.596474934310922,36.10668621710459,-0.23755512619362218,-0.23725001576865798,-0.00030511042496420004,4.060300304968349,4.772850786022155,3.3477498239145427,0.3213316988085808,5827505.325,0.32032242544540274,26674.805215838016,0.04700000000000015,0.019000000000000128,0.029999999999999805,0.09600000000000009,0.4895833333333345,0.4788589493272936,0.5211410506727063,0.011904018032779299,0,5,6,2,False,False,recovery
2025-06-29,3.408,3.582,3.379,3.956537493783358,2800833.68,1751241599999,9697718.23224,37258.0,1327370.56,4594240.1251,0,0.03964010616675129,0.03887460150081387,3.7873826805689284,0.02393719803656058,3.7634770410399994,0.00039734187316797787,4.027601066832706,-0.032699238135642794,4.5781203030959094,-0.037744598456052714,4.502007493027293,-0.009208581241111347,5.390130274800881,-0.027469362284493037,0.04039663642056581,0.03445945046470589,0.033053062405049245,4.346,3.007,0.7091392784043002,40.45212047352835,-0.21252930802816028,-0.23230587422055846,0.019776566192398176,4.027601066832706,4.692249230946847,3.362952902718566,0.4465404578796486,5474223.990999999,0.5116403136964733,110159.00003522144,0.133,0.040999999999999925,0.028999999999999915,0.20299999999999985,0.655172413793104,0.4739198080480095,0.5260801919519905,0.013302467856641883,0,6,6,2,False,False,recovery
2025-06-30,3.542,3.56,3.352,3.7967683363554667,3677669.93,1751327999999,12629243.19344,49972.0,1832344.69,6293210.77454,0,-0.040381054818493745,-0.04121900542125225,3.7985561548234563,0.01117347425452797,3.7601488965720278,-0.0033281444679715833,3.9789004802706414,-0.048700586562064885,4.541813521533937,-0.0363067815619722,4.491761016555958,-0.010246476471334809,5.361489712281126,-0.028640562519754553,0.04131650378965039,0.033748794349150034,0.03306800909098326,4.346,3.007,0.5898195193095345,35.519055467598776,-0.20324531708903315,-0.2264937627942534,0.02324844570522025,3.9789004802706414,4.550487448270506,3.4073135122707763,0.3406785370277917,5068989.564,0.7255232790611442,-149557.88475571893,0.14500000000000002,0.018000000000000238,0.04499999999999993,0.20800000000000018,0.6971153846153841,0.49823522090792954,0.5017647790920704,0.01358795132547417,0,0,6,2,False,False,recovery
2025-07-01,3.397,3.42,3.256,3.6682078625471397,3435357.79,1751414399999,11444382.01102,40172.0,1766902.35,5889065.75917,0,-0.0338604998828379,-0.03444704513657389,3.7956280103554847,-0.0029281444679716273,3.756446452395294,-0.00370244417673371,3.9295351696392538,-0.049365310631387604,4.503540449986487,-0.038273071547449966,4.479606683161023,-0.012154333394934547,5.332044072439373,-0.029445639841752858,0.041429342822078025,0.0340192402490261,0.033279834736890446,4.204,3.007,0.5523875209249288,35.78982728967195,-0.20391088543666047,-0.22197718732273483,0.01806630188607436,3.9295351696392538,4.419833824588414,3.4392365146900934,0.23350191311537313,4819788.606,0.7127610919954941,-117309.83327641987,0.11599999999999966,0.02300000000000013,0.025000000000000355,0.16400000000000015,0.707317073170729,0.514328479887389,0.485671520112611,0.011693687369896922,0,1,7,3,False,False,recovery
2025-07-02,3.28,3.625,3.241,3.964542364438651,6939908.98,1751500799999,24139240.06007,76135.0,3594358.41,12501223.4338,0,0.08078454465929363,0.07768720765347789,3.838347198833388,0.04271918847790346,3.801333854084086,0.04488740168879213,3.9099248901648345,-0.01961027947441929,4.468361989174324,-0.03517846081216369,4.46912030584133,-0.010486377319693041,5.3068945014360285,-0.025149571003344917,0.04432148424799502,0.037432651712438376,0.03527073554369755,3.991,3.007,0.9731121589823688,48.12991534589318,-0.1784693518209588,-0.2132756202223796,0.034806268401420815,3.9099248901648345,4.357818002853462,3.4620317774762066,0.56097154960249,4411811.923,1.573029200048245,558407.7935751288,0.2650000000000001,0.08000000000000007,0.0389999999999997,0.3839999999999999,0.6901041666666672,0.5179258719903269,0.48207412800967314,0.010970604977588625,0,2,7,3,False,False,recovery
2025-07-03,3.545,3.665,3.499,3.9590087737961155,5719860.72,1751587199999,20503938.84525,62773.0,2851034.43,10221822.53186,0,-0.0013957703396414445,-0.001396745334413416,3.8690129661841466,0.030665767350758433,3.816229224358257,0.014895370274170983,3.8944765169729294,-0.015448373191905063,4.437777166642359,-0.030584822531964484,4.458378709837489,-0.01074159600384128,5.279193569689783,-0.02770093174624577,0.03674256884974443,0.037237188284830906,0.03492595161570403,3.991,3.007,0.9674885912562148,50.18144181556606,-0.15694411360554295,-0.2020093188990123,0.04506520529346936,3.8944765169729294,4.310554585910967,3.4783984480348926,0.5775482555327809,4095840.0200000005,1.39650491524813,-9681.00544992921,0.005999999999999783,0.1200000000000001,0.040000000000000036,0.16599999999999993,0.03614457831325172,0.4984447296122274,0.5015552703877726,0.010974567926192441,0,3,7,3,False,False,recovery
2025-07-04,3.539,3.561,3.313,3.7576440048517674,5659272.37,1751673599999,19296990.85477,55577.0,2910856.66,9905023.2134,0,-0.050862420481899706,-0.05220151773111744,3.8292342683978284,-0.03977869778631815,3.808308474483378,-0.007920749874879007,3.8720663473711183,-0.02241016960181108,4.407563548402238,-0.030213618240121143,4.444989162821316,-0.013389547016172898,5.251902241985011,-0.027291327704771717,0.04064251347888854,0.03868170371124973,0.035173784465312795,3.991,3.007,0.7628495984265928,48.04817128511681,-0.15435436023454585,-0.192478327166119,0.03812396693157316,3.8720663473711183,4.265178506236192,3.4789541885060444,0.3544660347702148,4192988.582000001,1.3496989699172042,-289440.03926815523,0.18100000000000005,0.021999999999999797,0.04499999999999993,0.24799999999999978,0.7298387096774203,0.5143517522553875,0.4856482477446124,0.009820520442630683,0,4,7,3,False,False,recovery
2025-07-05,3.358,3.39,3.308,3.756521638995535,2237505.07,1751759999999,7505825.11236,26609.0,1007197.44,3380042.15963,0,-0.00029868871420057896,-0.00029873333055906404,3.8211849289258417,-0.008049339471986716,3.8098705418746492,0.0015620673912710714,3.8473118198233314,-0.024754527547786953,4.377825015581637,-0.029738532820601016,4.432322197393218,-0.012666965428097754,5.226006841703612,-0.02589540028139936,0.039786633356838935,0.03852177229743253,0.03518295731906077,3.991,3.007,0.7617089827190394,51.48138841112499,-0.1506558605935555,-0.18411383385160632,0.033457973258050805,3.8473118198233314,4.200072766225864,3.494550873420799,0.3713148638565611,4027308.547,0.555583224847957,-1332.6414949377272,0.002000000000000224,0.03200000000000003,0.04800000000000004,0.0820000000000003,0.024390243902441665,0.4501430872735408,0.5498569127264592,0.011892263555854201,0,5,7,3,False,False,recovery
2025-07-06,3.356,3.448,3.328,3.801304716103485,3771010.63,1751846399999,12766488.87439,37457.0,1930952.52,6537381.58545,0,0.01192142130716567,0.01185092092091671,3.8478042996371107,0.026619370711268964,3.821716154996298,0.011845613121648668,3.8232859967768844,-0.02402582304644696,4.352105268327738,-0.02571974725389925,4.423814154990087,-0.008508042403131633,5.204576137226556,-0.021430704477055862,0.03945656235044307,0.03861951602088779,0.03510289008755337,3.897,3.007,0.8924772091050395,59.00298305841261,-0.14246886058595054,-0.17578483919847518,0.03331597861252464,3.8232859967768844,4.11087665025088,3.5356953433028893,0.4617837360013731,4006394.632,0.9412479239763517,43822.829132896164,0.039000000000000146,0.052999999999999936,0.028000000000000025,0.1200000000000001,0.3250000000000009,0.5120517308114828,0.48794826918851725,0.009932881043085259,0,6,7,3,False,False,recovery
2025-07-07,3.395,3.437,3.323,3.7733130849840477,2853677.78,1751932799999,9657326.46942,34832.0,1288963.08,4362642.35663,0,-0.007363690419464719,-0.007390936223271473,3.80955844374619,-0.038245855890920666,3.823952821289789,0.002236666293490952,3.804922158775907,-0.018363838000977406,4.321800760025253,-0.030304508302484656,4.417533258674511,-0.0062808963155758235,5.186880208270235,-0.01769592895632055,0.03923803855653128,0.038071818804970826,0.03450380458818195,3.786,3.007,0.9837138446521793,48.60820309257448,-0.1366639182124718,-0.16796065500127452,0.03129673678880271,3.804922158775907,4.0511295051657905,3.5587148123860235,0.435808020647352,3896177.7590000005,0.7324300780189325,-21854.380642120686,0.0259999999999998,0.041999999999999815,0.04600000000000026,0.11399999999999988,0.22807017543859498,0.4516848710228245,0.5483151289771755,0.012206003159894247,0,0,7,3,False,False,recovery
2025-07-08,3.369,3.477,3.327,3.8629401041786804,3238505.57,1752019199999,10985328.82606,39191.0,1573544.78,5339906.08026,0,0.0237528710647692,0.023475160640080654,3.7903447098227034,-0.019213733923486576,3.8296788380034252,0.005726016713636373,3.7963792685851283,-0.008542890190778696,4.297605583050309,-0.024195176974943777,4.412222136728469,-0.005311121946041553,5.167781900512518,-0.019098307757717592,0.03968779217002714,0.03818810633757581,0.034387880808236314,3.665,3.007,1.3008208270192712,50.9433398844487,-0.12340872914407841,-0.1590502698298353,0.035641540685756895,3.7963792685851283,4.019966353552473,3.5727921836177843,0.6488476751760356,4033360.2520000003,0.8029299064952454,75940.02375482318,0.07899999999999974,0.028999999999999915,0.04200000000000026,0.1499999999999999,0.5266666666666652,0.4858860810914091,0.5141139189085909,0.012101569428518847,0,1,7,3,False,False,recovery
2025-07-09,3.448,3.659,3.417,4.056842395060501,5645429.86,1752105599999,20033638.8888,62212.0,2662471.59,9455467.35609,0,0.050195520938072447,0.04897635725163606,3.8501843878644495,0.05983967804174606,3.839709328131139,0.010030490127713954,3.801593184585569,0.005213916000440744,4.275469328673518,-0.022136254376791342,4.409075835395589,-0.003146301332880519,5.151311873680673,-0.016470026831844287,0.040915750579726455,0.03959222495282174,0.03511911929273377,3.665,3.007,1.5955051596664154,60.6684336295457,-0.09614925320369228,-0.1464700665046067,0.050320813300914424,3.801593184585569,4.04454077467167,3.5586455944994677,1.0253174365394429,4317819.87,1.3074722961984053,281616.57074245997,0.17200000000000015,0.0389999999999997,0.03100000000000014,0.242,0.7107438016528932,0.4716153873179109,0.528384612682089,0.01101988715523604,0,2,7,3,False,False,recovery
2025-07-10,3.62,3.656,3.59,4.073739917483638,959864.95,1752191999999,3482003.85836,10831.0,490550.56,1779901.49841,0,0.0041651907512381126,0.0041565403562854025,3.9136280435620705,0.063443655697621,3.8674064862439557,0.027697158112816478,3.813777691407992,0.012184506822423113,4.252248403127596,-0.023220925545921922,4.404442622556769,-0.004633212838819567,5.1356054544402285,-0.015706419240444802,0.03795565956184739,0.038821430562292855,0.03504490622548926,3.665,3.007,1.6211852849295414,63.57661979792423,-0.0723484454422425,-0.13164574229213385,0.05929729684989135,3.813777691407992,4.085476672277607,3.5420787105383775,0.9784011799447989,4046039.3720000004,0.2372356919318678,3712.1848895027206,0.01399999999999979,0.02200000000000024,0.03000000000000025,0.06600000000000028,0.21212121212120805,0.5110620613868649,0.48893793861313506,0.011283879049860088,0,3,7,3,False,False,recovery
