timestamp,open,high,low,close,volume,close_time,quote_asset_volume,number_of_trades,taker_buy_base,taker_buy_quote,ignore,returns,log_returns,ma_5,ma_5_slope,ma_10,ma_10_slope,ma_20,ma_20_slope,ma_50,ma_50_slope,ma_100,ma_100_slope,ma_200,ma_200_slope,volatility_10,volatility_20,volatility_50,high_20,low_20,price_position,rsi,macd,macd_signal,macd_histogram,bb_middle,bb_upper,bb_lower,bb_position,volume_ma_10,volume_ratio,volume_price_trend,body_size,upper_wick,lower_wick,total_range,body_ratio,buy_pressure,sell_pressure,trade_intensity,hour,day_of_week,month,quarter,gap_up,gap_down,scenario_type
2024-07-11,3101.06,3217.24,3054.76,3099.5315794388557,289229.32,1720742399999,907129989.222096,1413031.0,148734.7368,466509910.1477,0,,,,,,,,,,,,,,,,,,,,,,0.0,0.0,0.0,,,,,,,,1.4899999999997817,116.17999999999984,44.809999999999945,162.47999999999956,0.009170359428851462,0.5142450177596103,0.4857549822403897,4.885504000770046,0,3,7,3,False,False,sideways
2024-07-12,3099.57,3157.89,3045.58,3133.9000928797536,185745.1825,1720828799999,575599522.850663,1094915.0,95406.1253,295730714.463656,0,0.01108829271780487,0.01102726829020047,,,,,,,,,,,,,,,,,,,,2.7416477958554424,0.5483295591710885,2.193318236684354,,,,,,,2056.0649417741784,34.309999999999945,24.009999999999764,53.99000000000024,112.30999999999995,0.30549372273172437,0.5136398372000845,0.4863601627999154,5.894715465904479,0,4,7,3,False,False,sideways
2024-07-13,3133.89,3201.8,3113.37,3175.9471492471057,119302.4769,1720915199999,376336968.783293,591291.0,60506.1294,190893440.610938,0,0.013416846460065246,0.013327637623952511,,,,,,,,,,,,,,,,,,,,8.212599735919866,2.0811835945208443,6.131416141399022,,,,,,,1600.7853375511972,42.039999999999964,25.870000000000346,20.519999999999982,88.43000000000029,0.4754042745674525,0.5071657435135783,0.4928342564864217,4.956234064575402,0,5,7,3,False,False,sideways
2024-07-14,3175.93,3268.72,3163.67,3245.059941765007,165430.7716,1721001599999,530204017.169411,792858.0,83179.8142,266820311.321886,0,0.021761316945807962,0.021527919442807446,,,,,,,,,,,,,,,,,,,,17.91863841134773,5.248674557886222,12.669963853461507,,,,,,,3601.9489901037086,69.15000000000009,23.639999999999873,12.259999999999764,105.04999999999973,0.6582579723941007,0.502807388223534,0.49719261177646595,4.7926875534200795,0,6,7,3,False,False,sideways
2024-07-15,3245.2,3493.63,3233.22,3483.411209735854,314296.8452,1721087999999,1058747637.288266,1617276.0,161760.1858,544978505.522768,0,0.0734504977560464,0.0708782243307967,3227.569994613315,,,,,,,,,,,,,,,,,,,44.33266002183473,13.065471650675924,31.267188371158802,,,,,,,23081.120089369746,238.19000000000005,10.240000000000236,11.980000000000018,260.4100000000003,0.9146730156291992,0.5146732723233839,0.48532672767661617,5.145695939044062,0,0,7,3,False,False,sideways
2024-07-16,3483.2,3498.59,3346.55,3444.1541633011852,376128.7869,1721174399999,1291412549.937766,1636557.0,193947.8823,665961239.711155,0,-0.01126971352820716,-0.011333697927815517,3296.4945113857816,68.92451677246663,,,,,,,,,,,,,,,,,,61.39057455923012,22.730492232386766,38.66008232684335,,,,,,,-4239.208407239487,39.06999999999971,15.390000000000327,97.57999999999993,152.03999999999996,0.2569718495132841,0.5156422189816708,0.4843577810183292,4.35105489661738,0,1,7,3,False,False,sideways
2024-07-17,3444.14,3517.0,3376.0,3387.0388189194828,297812.5162,1721260799999,1029558208.636794,1285615.0,168234.5187,581998341.750337,0,-0.016583271733387805,-0.01672231350568658,3347.122256593727,50.62774520794528,,,,,,,,,,,,,,,,,,69.49922002036737,32.08423778998289,37.41498223038448,,,,,,,-4935.684316415455,57.08999999999969,72.86000000000013,11.050000000000182,141.0,0.4048936170212744,0.5649007665850411,0.4350992334149589,4.316860205890836,0,2,7,3,False,False,sideways
2024-07-18,3387.05,3489.98,3367.2,3426.501818234493,241950.3457,1721347199999,829503482.767012,1165443.0,128938.7441,442179155.873657,0,0.011651180108883219,0.011583827761323724,3397.233190391204,50.11093379747717,,,,,,,,,,,,,,,,,,78.20817900199654,41.309026032385624,36.89915296961092,,,,,,,2818.0691568961224,39.44999999999982,63.48000000000002,19.850000000000364,122.7800000000002,0.321306401694085,0.5329140726249435,0.4670859273750565,4.8168685050984,0,3,7,3,False,False,sideways
2024-07-19,3426.49,3540.27,3377.0,3503.5155753721947,299511.6422,1721433599999,1034724329.319296,1262244.0,158469.6446,547637460.466815,0,0.022475913109943457,0.022227051796661564,3448.9243171126423,51.691126721438195,,,,,,,,,,,,,,,,,,90.2837237421545,51.103965574339405,39.1797581678151,,,,,,,6733.221012305867,77.04000000000042,36.73999999999978,49.48999999999978,163.26999999999998,0.47185643412752143,0.529093438358504,0.470906561641496,4.214340353277927,0,4,7,3,False,False,sideways
2024-07-20,3503.53,3539.65,3480.0,3517.4659750142587,147510.8165,1721519999999,516504071.765199,667108.0,69139.3433,242092830.77753,0,0.003981828920678332,0.00397392242117095,3455.735270168323,6.810953055680784,3341.6526323908192,,,,,,,,,,,,,,,,,99.8285986668061,60.84889219283275,38.97970647397335,,,,,243691.87037,0.6053169368187488,588.1856603211515,13.9699999999998,22.15000000000009,23.5300000000002,59.65000000000009,0.2341994970662159,0.46870693919587925,0.5312930608041208,4.52243446161116,0,5,7,3,False,False,sideways
2024-07-21,3517.5,3547.0,3411.4,3535.9128650905145,218890.9656,1721606399999,764360242.601174,961322.0,103673.5899,362208133.511289,0,0.005244369158732498,0.005230665345817897,3474.0870105261884,18.35174035786531,3385.290760955985,43.63812856516597,,,,,,,,,0.024561505980112124,,,,,,,107.64067596523137,70.20724894731248,37.43342701791889,,,,,236658.03493000002,0.9249251379305365,1146.2605789202737,18.420000000000073,11.079999999999927,106.09999999999991,135.5999999999999,0.1358407079646024,0.4736311963164916,0.5263688036835084,4.391784728825738,0,6,7,3,False,False,sideways
2024-07-22,3535.93,3562.82,3422.34,3439.5972153906523,207859.5043,1721692799999,724117324.169122,1069762.0,96899.9188,337741204.49652,0,-0.027239259952011485,-0.027617126265560468,3484.5986898204224,10.511679294234,3415.8604732070744,30.569712251089186,,,,,,,,,0.027764974803066163,,,,,,,104.85127528605653,77.13605421506129,27.71522107099524,,,,,238869.46711,0.8701802989508081,-5662.183379198645,96.32999999999993,26.890000000000327,17.259999999999764,140.48000000000002,0.6857203872437352,0.46617988013743183,0.5338201198625682,5.1465628362898,0,0,7,3,False,False,sideways
2024-07-23,3439.61,3541.0,3389.0,3482.5062866639764,500568.7811,1721779199999,1737977523.022786,1617621.0,270658.3324,940075969.466857,0,0.012475027913537495,0.012397855905302136,3495.7995835063193,11.200893685896972,3446.5163869487615,30.655913741687073,,,,,,,,,0.027752518979320087,,,,,,,104.89390693202813,82.68762475845466,22.20628217357347,,,,,276996.09753,1.8071329724989573,6244.739620014259,42.90000000000009,58.48999999999978,50.61000000000013,152.0,0.28223684210526373,0.5407015831175653,0.4592984168824347,3.2315658927935487,0,1,7,3,False,False,sideways
2024-07-24,3482.51,3487.82,3300.0,3335.8033698105532,275479.0506,1721865599999,940244066.497797,980283.0,135067.106,461180607.887137,0,-0.042125671794251196,-0.04303869102993408,3462.2571423939908,-33.54244111232856,3455.5907297533167,9.074342804555272,,,,,,,,,0.03171163070924132,,,,,,62.9102690395114,92.02913884945838,84.5559275766554,7.4732112728029705,,,,,288000.92542999994,0.9565214076610895,-11604.496964264294,146.70000000000027,5.309999999999945,35.809999999999945,187.82000000000016,0.7810669790224691,0.49029901078074933,0.5097009892192507,3.5584665979678674,0,2,7,3,False,False,sideways
2024-07-25,3335.82,3342.5,3087.53,3175.4383915435565,494282.6398,1721951999999,1570457188.18384,2011527.0,239121.0612,759567456.513645,0,-0.048073870216188475,-0.04926784196630511,3393.8516256998505,-68.40551669414026,3424.7934479340865,-30.797281819230193,,,,,,,,,0.024196390908222586,,,,,,53.529174882208174,68.10849164267711,81.26644038985975,-13.157948747182644,,,,,305999.50489,1.6153053580190715,-23756.84935267118,160.34000000000015,6.679999999999836,87.94999999999982,254.9699999999998,0.6288582970545565,0.4837739421654679,0.5162260578345321,4.069588607874065,0,3,7,3,False,False,sideways
2024-07-26,3175.47,3286.36,3171.0,3274.610002079826,260237.4641,1722038399999,844064770.724818,1169246.0,128738.672,417477416.189299,0,0.03123084069285409,0.03075307977208621,3341.5910530977126,-52.26057260213793,3407.8390318119505,-16.95441612213608,,,,,,,,,0.027279146793289293,,,,,,56.17028685163576,56.50220431099615,76.31359317408703,-19.811388863090883,,,,,294410.37261,0.88392763404682,8123.918215902169,99.14000000000033,11.75,4.4699999999998,115.36000000000013,0.8593966712898771,0.4946969201580073,0.5053030798419927,4.492996440937882,0,4,7,3,False,False,sideways
2024-07-27,3274.6,3327.59,3191.01,3249.016899751958,231991.9037,1722124799999,757931406.545815,1076809.0,118058.3171,385871810.970836,0,-0.007815618443604788,-0.007846320464243963,3303.4749899699736,-38.116063127738926,3394.0368398951987,-13.80219191675178,,,,,,,,,0.02699405155235324,,,,,,53.251105289992516,44.72344448582044,69.99556343643371,-25.272118950613276,,,,,287828.31136,0.8060079378704242,-1813.6488726046732,25.58999999999969,52.99000000000024,58.0,136.57999999999993,0.1873627178210551,0.5088898156233372,0.49111018437666276,4.6415800845898225,0,5,7,3,False,False,sideways
2024-07-28,3249.0,3284.3,3198.11,3270.1438393800368,103529.8329,1722211199999,336422802.722383,682428.0,52499.4791,170673348.408274,0,0.006502563784660964,0.006481513322145981,3261.002500513186,-42.47248945678757,3378.4010420097525,-15.635797885446209,,,,,,,,,0.026713836068377603,,,,,,51.16584485666706,36.67074243373963,63.3305992358949,-26.659856802155268,,,,,273986.26008000004,0.37786505377959745,673.9455913755083,21.159999999999854,14.140000000000327,50.88999999999987,86.19000000000005,0.24550411880728437,0.5070951785531183,0.4929048214468817,6.591607277673874,0,6,7,3,False,False,sideways
2024-07-29,3270.16,3396.77,3258.0,3317.6544116245827,318471.5055,1722297599999,1061016180.078098,1484898.0,159686.5707,532117930.525702,0,0.014528587908706037,0.01442405919543258,3257.372708875992,-3.629791637194103,3359.814925634992,-18.586116374760422,,,,,,,,,0.02593445790016753,,,,,,40.63458772541266,33.733762344822935,57.41123185768051,-23.677469512857577,,,,,275882.24641,1.1543747727307772,4625.888797872304,47.5,79.11000000000013,12.159999999999854,138.76999999999998,0.34229300281040576,0.5014155676166137,0.49858443238338634,4.662577261562887,0,0,7,3,False,False,sideways
2024-07-30,3317.66,3366.4,3233.18,3279.2145062677064,197277.1641,1722383999999,652703227.796507,1183239.0,91006.5842,301189857.217817,0,-0.011586470616767208,-0.01165411679540623,3278.1279318208226,20.75522294483062,3335.989778760336,-23.825146874656184,3338.821205575578,,,,,,,,0.025793659308211803,,,3562.82,3045.58,0.45169458330312107,40.67214375338405,27.981848031933623,51.525355092531136,-23.543507060597513,3338.821205575578,3611.3835049540025,3066.2589061971535,0.3906549081736468,280858.88117,0.7024067149957449,-2286.342470188322,38.44999999999982,48.74000000000024,46.0300000000002,133.22000000000025,0.28862032727818454,0.46131332339037817,0.5386866766096219,5.9978508176456495,0,1,7,3,False,False,sideways
2024-07-31,3279.2,3350.0,3213.75,3232.750577805295,233711.3352,1722470399999,769347274.945988,1337992.0,112910.4249,371910899.513719,0,-0.014169225091436588,-0.014270566991033448,3269.7560469659156,-8.371884854906966,3305.6735500318146,-30.31622872852131,3345.4821554938994,6.660949918321421,,,,,,,0.025525137642882615,0.026897564880371417,,3562.82,3045.58,0.3618640820611226,41.16811335737976,19.44995679227577,45.110275432480066,-25.660318640204295,3345.4821554938994,3599.2879541395723,3091.6763568482265,0.2779176474884564,282340.91813,0.8277628929873736,-3311.945787779384,46.460000000000036,70.80000000000018,18.98999999999978,136.25,0.34099082568807365,0.4831191640892221,0.5168808359107778,5.724976920160953,0,2,7,3,False,False,sideways
2024-08-01,3232.74,3242.57,3080.02,3203.394872534224,323285.6105,1722556799999,1020921619.452479,1835455.0,151515.291,478652865.101788,0,-0.009080720756069138,-0.009122201810328143,3260.6316415223687,-9.124405443546948,3282.0533157461714,-23.620234285643164,3348.956894476623,3.4747389827234656,,,,,,,0.024686076812911947,0.026934605292247647,,3562.82,3080.02,0.25554033250667735,37.07922863362695,10.202009026849282,38.12862215135391,-27.926613124504627,3348.956894476623,3592.2513540640225,3105.6624348892233,0.20085216451444052,293883.52875,1.1000467153605322,-2934.105375647263,29.33999999999969,9.830000000000382,123.38000000000011,162.55000000000018,0.18049830821285548,0.4686731672519028,0.5313268327480972,5.677502927399857,0,3,8,3,False,False,sideways
2024-08-02,3203.4,3218.6,2967.0,2989.6488407377446,385704.0395,1722643199999,1185594927.514843,2104725.0,177842.9277,547327363.228976,0,-0.06672484670220613,-0.06905520918226891,3204.5326417939104,-56.09899972845824,3232.767571153548,-49.28574459262336,3339.641979051155,-9.314915425467916,,,,,,,0.02995367805100987,0.030749971383231146,,3562.82,2967.0,0.0380128910371331,24.30917329892604,-14.210761804778485,27.660745360127432,-41.87150716490592,3339.641979051155,3621.9622430152936,3057.3217150870164,-0.11985125226056714,282397.05458999996,1.3658217507260726,-25741.295687302554,213.78999999999996,15.199999999999818,22.610000000000127,251.5999999999999,0.8497217806041337,0.46108650542147095,0.5389134945785291,5.456839401341037,0,4,8,3,False,False,sideways
2024-08-03,2989.61,3018.02,2859.0,2903.622521826111,344595.3157,1722729599999,1013020792.752083,1798017.0,151541.6882,445649429.32525,0,-0.02877472355261801,-0.029196833019504823,3121.7262638342163,-82.80637795969415,3189.549486355104,-43.218084798444124,3322.5701080542103,-17.071870996944654,,,,,,,0.028875115464705083,0.03072184472667981,,3562.82,2859.0,0.06340047430608833,21.3738781978023,-40.038128930146286,14.120970502072689,-54.15909943221897,3322.5701080542103,3664.063948355476,2981.0762677529447,-0.11340430893058556,289308.68110000005,1.191099120806852,-9909.2722096625,85.97000000000025,28.409999999999854,44.63999999999987,159.01999999999998,0.5406238209030327,0.43976711607980806,0.5602328839201919,5.217763904734356,0,5,8,3,False,False,sideways
2024-08-04,2903.65,2935.46,2630.0,2688.925372423155,512064.2612,1722815999999,1426784556.442743,2184760.0,235563.9823,656402849.740975,0,-0.0739411365592837,-0.076817478925702,3003.668437065306,-118.05782676891022,3140.898184443064,-48.6513019120398,3282.8458161885746,-39.72429186563568,,,,,,,0.03316654933018722,0.028485403151291284,,3562.82,2630.0,0.0631690705850591,16.61260064552995,-76.94380877925869,-4.0919853541935876,-72.8518234250651,3282.8458161885746,3717.6503355559425,2848.0412968212067,-0.18297409216164826,291086.84324,1.7591460180761413,-37866.415314868216,214.73000000000002,31.809999999999945,58.92000000000007,305.46000000000004,0.7029725659660839,0.46002816472285374,0.5399718352771463,4.26657387664609,0,6,8,3,False,False,sideways
2024-08-05,2688.91,2697.44,2111.0,2419.6037585890435,2670604.1003,1722902399999,6243689817.192618,7064159.0,1281460.7917,2994688528.683906,0,-0.10015957177398682,-0.10553783334877538,2841.039073222056,-162.6293638432503,3055.3975600939857,-85.50062434907841,3231.6182959529683,-51.227520235606335,,,,,,,0.03805020761071839,0.03457321440149051,,3562.82,2111.0,0.2125633746532239,14.618692302998028,-126.46600795516724,-28.56678987438832,-97.89921808077892,3231.6182959529683,3805.55986612532,2657.676725780617,-0.20740174572132952,532123.5068600001,5.018767383645442,-267495.4265406924,269.3199999999997,8.5300000000002,308.59000000000015,586.44,0.45924561762499094,0.479839296118825,0.520160703881175,2.6451539556935653,0,0,8,3,False,False,sideways
2024-08-06,2419.76,2556.23,2414.19,2461.336233394589,642283.8038,1722988799999,1601879002.769123,2870150.0,323805.053,808046548.679428,0,0.017247648362838097,0.01710059613767642,2692.627345394129,-148.41172782792682,2976.629493458249,-78.76806663573689,3185.3331666767235,-46.28512927624479,,,,,,,0.0403646382323386,0.03540754728186834,,3562.82,2111.0,0.2413083119082178,14.548941135825743,-160.49515737681668,-54.952463374874,-105.54269400194268,3185.3331666767235,3848.820770410394,2521.845562943053,-0.04559944240703053,573152.69687,1.120615513645014,11079.945763791364,41.56999999999971,94.90000000000009,5.570000000000164,142.03999999999996,0.29266403829906873,0.5041463774802413,0.49585362251975873,4.468663203118434,0,1,8,3,False,False,sideways
2024-08-07,2461.33,2551.32,2309.04,2342.844533167267,630115.4228,1723075199999,1537271441.495759,2370148.0,307617.0665,750975466.25288,0,-0.048141208267146074,-0.049338583204167244,2563.266483880033,-129.3608615140961,2883.8995628369717,-92.72993062127716,3131.150302423362,-54.18286425336146,,,,,,,0.039060722419072484,0.035543496650134634,,3562.82,2111.0,0.159692340074711,14.839614728418113,-194.77949660135027,-82.91787002016926,-111.86162658118101,3131.150302423362,3882.8409127690156,2379.4596920777085,-0.02435520572327265,625811.25586,1.0068777397333404,-30344.399598787575,118.52999999999975,89.99000000000024,33.76000000000022,242.2800000000002,0.4892273402674577,0.48819161596309374,0.5118083840369062,3.7614505442002018,0,2,8,3,False,False,sideways
2024-08-08,2342.79,2724.1,2320.4,2682.501125074408,586502.8754,1723161599999,1474101815.469424,2112663.0,299400.9503,752709539.426406,0,0.14497615488295446,0.1353838113596166,2519.0422045296923,-44.22427935034057,2820.384234181954,-63.51532865501758,3090.099579908473,-41.050722514889,,,,,,,0.06766467037918343,0.050381104434913296,,3562.82,2111.0,0.39364461508617304,34.511819123944164,-192.32562402853364,-104.79942082184215,-87.52620320669149,3090.099579908473,3845.8301259361174,2334.3690338808287,0.23032818576903502,652614.3928500001,0.8986974265748451,85041.41487680544,339.71000000000004,41.59999999999991,22.389999999999873,403.6999999999998,0.841491206341343,0.5104850510678333,0.4895149489321668,3.602135792700327,0,3,8,3,False,False,sideways
2024-08-09,2682.5,2707.98,2552.61,2598.7656202007447,406739.9611,1723247999999,1069628608.098305,1710060.0,195440.2941,514507073.994305,0,-0.031215459367734844,-0.03171304410399003,2501.0102540852104,-18.031950444481936,2752.3393455752584,-68.04488860669562,3044.164562167797,-45.9350177406759,,,,,,,0.06770926880760884,0.05040516867201734,,3562.82,2111.0,0.33596838464874756,28.556842525224425,-194.89108466335938,-122.8177535901456,-72.07333107321378,3044.164562167797,3802.199089036779,2286.1300352988155,0.20621460752800577,673560.67255,0.6038653645857074,-12694.229093491842,83.7199999999998,25.480000000000018,46.17000000000007,155.3699999999999,0.5388427624380502,0.4805042847804904,0.5194957152195095,4.204307822067105,0,4,8,3,False,False,sideways
2024-08-10,2598.79,2644.7,2576.49,2609.9275104977733,171012.3619,1723334399999,446695039.692734,758863.0,87017.1045,227278356.489,0,0.0042950738651708065,0.004285876361982836,2539.075004466956,38.06475038174585,2690.0570388445058,-62.28230673075268,2997.86529443816,-46.299267729636995,,,,,,,0.06816640711763713,0.05038669321253117,,3562.82,2111.0,0.3436565900027367,29.535601306423032,-193.78967271921965,-137.0121374159604,-56.77753530325924,2997.86529443816,3742.43166254014,2253.29892633618,0.23948743821903817,667290.77522,0.2562786243277808,733.0661739608436,11.13000000000011,34.779999999999745,22.300000000000182,68.21000000000004,0.16317255534379274,0.5088351715233518,0.4911648284766482,4.437474528559213,0,5,8,3,False,False,sideways
2024-08-11,2609.92,2720.0,2540.0,2555.4136048886066,297098.9145,1723420799999,780682452.75452,1217650.0,143129.6465,376123937.078661,0,-0.020887133987399387,-0.021108356056216734,2557.89047876576,18.815474298803565,2625.2589120799444,-64.7981267645614,2953.656113913058,-44.209180525102056,,,,,,,0.06807477528947828,0.050318089620576004,,3541.0,2111.0,0.3107787446773473,27.59260247859514,-195.06700144155957,-148.62311022108025,-46.443891220479316,2953.656113913058,3692.766245747788,2214.545982078328,0.23059325540845033,664672.10562,0.44698568209488626,-6208.533133900639,54.539999999999964,110.07999999999993,15.38000000000011,180.0,0.3029999999999998,0.4817575545197759,0.518242445480224,4.0984666741352225,0,6,8,3,False,False,sideways
2024-08-12,2555.38,2750.0,2510.05,2722.329616567957,483414.2506,1723507199999,1275788778.660518,1915621.0,252099.2184,665331112.596738,0,0.06531858927260692,0.06327389928339489,2633.787495445898,75.89701668013822,2598.5269896629657,-26.731922416978705,2915.647280408257,-38.00883350480126,,,,,,,0.07082677852232037,0.053069937352953275,,3487.82,2111.0,0.4440156422538582,32.63608684638031,-180.52953439271505,-155.0043950554072,-25.52513933730785,2915.647280408257,3617.4920679917304,2213.8024928247833,0.36227890606275426,674443.12673,0.7167605857943977,31577.10661825332,166.92000000000007,27.699999999999818,45.32999999999993,239.94999999999982,0.6956449260262563,0.5214972833074358,0.4785027166925641,3.962690379156977,0,0,8,3,False,False,sideways
2024-08-13,2722.3,2738.4,2611.37,2702.412234153195,325668.6964,1723593599999,872886595.988518,1547949.0,165417.0546,443554807.911323,0,-0.007316300823216215,-0.007343196215566451,2637.7697172616554,3.9822218157573843,2578.405960895674,-20.12102876729159,2883.977723625389,-31.669556782867858,,,,,,,0.07042198915791929,0.052561361532415,,3396.77,2111.0,0.45996736131127275,32.99257075229029,-168.67131539445336,-157.73777912321643,-10.933536271236932,2883.977723625389,3562.7789629287636,2205.1764843220144,0.3662601959459245,672550.4648,0.48422938269300864,-2375.8514162671318,19.860000000000127,16.09999999999991,91.07000000000016,127.0300000000002,0.1563410218058734,0.5079304717602573,0.49206952823974276,4.753140283703361,0,1,8,3,False,False,sideways
2024-08-14,2702.44,2780.0,2632.2,2661.4386019371914,338808.7141,1723679999999,914805683.898244,1503315.0,167827.7199,453631446.392397,0,-0.015161873417451788,-0.015277989809973152,2650.3043136089445,12.534596347289153,2575.6572838470775,-2.748677048596619,2858.2777341450706,-25.699989480318436,,,,,,,0.066362736748774,0.0517894230084663,,3396.77,2111.0,0.4281003616021461,33.09973799105778,-160.7270595994346,-158.33563521846006,-2.3914243809745415,2858.2777341450706,3529.4945996147094,2187.0608686754317,0.353371434528724,655224.9100900001,0.5170876578142641,-5138.974108938253,40.99000000000024,77.55999999999995,29.25,147.80000000000018,0.27733423545331654,0.4953465271571066,0.5046534728428934,4.437061201313417,0,2,8,3,False,False,sideways
2024-08-15,2661.45,2675.6,2515.71,2569.9102494449207,356546.8059,1723766399999,927491377.061398,1761529.0,172089.6821,447789574.128691,0,-0.034390555703839865,-0.03499582849254535,2642.3008613983743,-8.00345221057023,2590.687932932665,15.030649085587356,2823.0427465133253,-35.2349876317453,,,,,,,0.05796217657756231,0.05127978836323941,,3396.77,2111.0,0.35691472770784877,31.92541903572598,-159.97268719987824,-158.6630456147437,-1.3096415851345284,2823.0427465133253,3475.9746836725917,2170.110809354059,0.30615705660706627,423819.18065,0.8412710471318778,-12266.03000176744,91.55999999999995,14.150000000000091,54.179999999999836,159.88999999999987,0.5726436925386205,0.48265663652660984,0.5173433634733902,4.940526659756567,0,3,8,3,False,False,sideways
2024-08-16,2569.9,2630.97,2550.04,2592.69625716321,270684.1373,1723852799999,702631292.534931,1602311.0,127687.3984,331506251.81562,0,0.008866460501183226,0.00882738424910955,2649.7573918532953,7.456530454920994,2603.8239353095273,13.136002376862507,2790.226714383888,-32.81603212943719,,,,,,,0.05786563966310249,0.05146664405441006,,3396.77,2111.0,0.3746364102158316,37.28904500748198,-155.74091690133218,-158.0786198720614,2.337702970729225,2790.226714383888,3418.5223589747497,2161.9310697930264,0.3428045308595863,386659.21400000004,0.700058675699889,2405.716079650121,22.829999999999927,38.23999999999978,19.860000000000127,80.92999999999984,0.2820956382058566,0.47172102389762016,0.5282789761023798,5.919486143453446,0,4,8,3,False,False,sideways
2024-08-17,2592.72,2629.69,2587.5,2614.5008173537153,89348.676,1723939199999,232787181.525924,543278.0,47334.2042,123329370.607968,0,0.008409994086373551,0.00837482711787226,2628.1916320104465,-21.56575984284882,2630.9895637281725,27.165628418645156,2757.444563282572,-32.78215110131623,,,,,,,0.05458823109745196,0.05150057202572118,,3396.77,2111.0,0.39159477772363277,40.344823584861075,-148.91120697244423,-156.245137292138,7.3339303196937635,2757.444563282572,3347.5656902266255,2167.323436338518,0.37888609693649533,332582.53932,0.2686511329869655,750.5656829982428,21.79000000000042,15.179999999999836,5.2199999999998,42.190000000000055,0.5164730978905047,0.5297695088397281,0.47023049116027194,6.080425858800638,0,5,8,3,False,False,sideways
2024-08-18,2614.51,2689.16,2594.53,2612.1184988159703,174074.0585,1724025599999,459975824.154323,836384.0,92214.9872,243669152.914624,0,-0.0009111944130720806,-0.000911609803054478,2610.1328849430015,-18.058747067444983,2623.9513011023287,-7.0382626258437995,2722.1677676421414,-35.276795640430464,,,,,,,0.028400061366504373,0.051230201239160285,,3366.4,2111.0,0.3991703829982239,47.011224152630724,-142.05334332777966,-153.40677849926635,11.353435171486694,2722.1677676421414,3252.619319243626,2191.716216040657,0.39626831282336555,291339.65763,0.5974952394605793,-157.12878438408308,2.3600000000001273,74.64999999999964,17.61999999999989,94.62999999999965,0.02493923702842794,0.5297457185442712,0.47025428145572884,4.804759578808809,0,6,8,3,False,False,sideways
2024-08-19,2612.15,2648.08,2563.58,2636.296554073445,224867.1336,1724111999999,585578272.443482,1156033.0,112686.5275,293606287.965002,0,0.009256109655221945,0.009213534391467154,2605.1044753702527,-5.028409572748842,2627.7043944895986,3.753093387269928,2690.0218700324285,-32.14589760971285,,,,,,,0.026651360073074972,0.05142215098338154,,3350.0,2111.0,0.42396816309398294,60.420143269858315,-133.1327979636685,-149.3519823921468,16.219184428478286,2690.0218700324285,3151.8158893861714,2228.2278506786856,0.44182978372676907,273152.37488,0.8232296486486254,2084.1197115234813,24.210000000000036,11.7199999999998,48.570000000000164,84.5,0.2865088757396454,0.5011249340708455,0.49887506592915454,5.140960270594208,0,0,8,3,False,False,sideways
2024-08-20,2636.36,2695.0,2555.0,2572.8148757687954,281315.8751,1724198399999,738361057.602134,1303349.0,139599.9133,366762747.976129,0,-0.02407987000042211,-0.02437452993445634,2605.685400635027,0.5809252647741232,2623.9931310167003,-3.711263472898281,2657.0250849306035,-32.996785101825026,,,,,,,0.02783428694481162,0.0515159111749667,,3242.57,2111.0,0.4081186985946918,55.250859386189525,-129.69064931849698,-145.41971577741683,15.729066458919846,2657.0250849306035,3043.7420153234175,2270.3081545377895,0.39112164151144074,284182.72620000003,0.989911944549429,-6780.109963682501,63.539999999999964,58.63999999999987,17.820000000000164,140.0,0.45385714285714257,0.49623901690715494,0.5037609830928451,4.633044614125298,0,1,8,3,False,False,sideways
2024-08-21,2572.81,2663.74,2536.22,2630.721123625094,245286.6218,1724284799999,638338169.862144,1420421.0,121889.9837,317338706.906728,0,0.022506962471987135,0.02225741817519393,2613.2903739274043,7.604973292377508,2631.5238828903493,7.530751873649024,2628.3913974851466,-28.63368744545687,,,,,,,0.027787440130559577,0.05203110834586155,,3218.6,2111.0,0.46923178369907387,64.38028129395772,-120.8965512709974,-140.51508287613296,19.61853160513556,2628.3913974851466,2917.177101183981,2339.6056937863123,0.5040336590594823,279001.49693,0.8791588020100878,5519.096763862998,57.90000000000009,33.029999999999745,36.590000000000146,127.51999999999998,0.4540464240903396,0.49692878806650026,0.5030712119334998,5.790862092585598,0,2,8,3,False,False,sideways
2024-08-22,2630.71,2644.69,2584.2,2622.849242511477,199063.1196,1724371199999,521285357.086423,1064195.0,98645.806,258303739.531237,0,-0.0029922902290646647,-0.002996776080353109,2614.9600589589563,1.669685031552035,2621.575845484701,-9.948037405648392,2610.0514175738335,-18.339979911313094,,,,,,,0.017221021772735413,0.050199532688625294,,3018.02,2111.0,0.5643196870096325,45.54276168679575,-113.25680626539861,-135.0634275539861,21.80662128858748,2610.0514175738335,2843.530052030742,2376.572783116925,0.5274068438155213,250566.38383,0.794452617934004,-592.4880456104955,7.829999999999927,13.980000000000018,38.68000000000029,60.49000000000024,0.12944288312117536,0.4955503872250176,0.5044496127749823,5.346017896928407,0,3,8,3,False,False,sideways
2024-08-23,2622.89,2799.13,2621.4,2762.487328434741,401786.4447,1724457599999,1082989033.023547,1747686.0,210295.5073,567121017.138491,0,0.053239082010506866,0.051870255823268034,2645.0338248827106,30.07376592375431,2627.5833549128556,6.007509428154663,2602.994657904265,-7.056759669568692,,,,,,,0.02475878543307059,0.05151815816743717,,2935.46,2111.0,0.7901988312771279,61.29021777948861,-94.84135467721444,-127.01901297863176,32.177658301417324,2602.994657904265,2805.6039797035082,2400.3853361050215,0.8935965757007722,258178.15866000002,1.5562371611346124,21384.656438769547,139.59000000000015,36.65000000000009,1.4899999999997817,177.73000000000002,0.7854048275474041,0.5234012000007128,0.4765987999992873,4.349788359099413,0,4,8,3,False,False,sideways
2024-08-24,2762.49,2820.0,2731.26,2768.022432306644,263542.9441,1724543999999,730370481.138122,1133872.0,130086.4491,360650474.071654,0,0.0020036667009941667,0.0020016620382072403,2671.37900052935,26.34517564663929,2638.241737949801,10.658383036945452,2606.9495108984393,3.9548529941744164,,,,,,,0.023983093610452862,0.04859451325818621,,2820.0,2111.0,0.926688903112333,60.987463235913914,-78.89093440977013,-117.39339726485944,38.50246285508932,2606.9495108984393,2819.466910043532,2394.4321117533464,0.8789640802498124,250651.58166,1.0514314027249456,526.6126999768178,5.510000000000218,52.0,31.229999999999563,88.73999999999978,0.06209150326797647,0.4936062680192241,0.506393731980776,4.302418354899147,0,5,8,3,False,False,sideways
2024-08-25,2768.01,2792.28,2733.21,2746.141523550398,154527.2352,1724630399999,426733399.326636,1047985.0,75993.749,209910294.015187,0,-0.007904888522891285,-0.007936297788164447,2706.0443300856705,34.66532955632056,2655.864865360349,17.623127410548022,2623.276399146507,16.326888248067917,,,,,,,0.02045138597467858,0.042303951497281646,,2820.0,2309.04,0.8554515491435686,63.885254499718776,-67.24061000517986,-107.36283981292353,40.122229807743665,2623.276399146507,2825.095470459902,2421.4573278331122,0.8043942368882953,230449.62459,0.6705466996308809,-1220.9214717572129,21.88000000000011,24.269999999999982,12.920000000000073,59.070000000000164,0.3704079905197232,0.49178223438504903,0.508217765614951,6.781878926673503,0,6,8,3,False,False,sideways
2024-08-26,2746.12,2762.0,2666.66,2680.488963614789,211708.1247,1724716799999,575695656.477179,1453833.0,102718.2247,279333306.990401,0,-0.023907201931358757,-0.024197617100498236,2715.9978980836095,9.95356799793899,2664.644136005507,8.779270645157794,2634.2340356575173,10.95763651101015,,,,,,,0.0226032597628314,0.042785420995104614,,2820.0,2309.04,0.7269629004516774,46.4271541285718,-62.58382945507765,-98.40703774135434,35.823208286276696,2634.2340356575173,2822.3656903619517,2446.102380953083,0.6229323370113895,224552.02333,0.9428021246946204,-5060.401840156178,65.63000000000011,15.88000000000011,13.829999999999927,95.34000000000015,0.6883784350744704,0.48518792014031764,0.5148120798596824,6.867157328327136,0,0,8,3,False,False,sideways
2024-08-27,2680.49,2699.98,2392.96,2457.337721555354,412660.7197,1724803199999,1058769621.892103,1898416.0,187278.0778,480143744.796805,0,-0.08325019990326799,-0.08692069008719447,2682.8955938923855,-33.10230419122399,2648.927826425671,-15.716309579835979,2639.9586950769217,5.724659419404361,,,,,,,0.03538811607811325,0.04570536434196285,,2820.0,2320.4,0.2740947188858168,34.46477962278257,-76.02338731423924,-93.93030765593133,17.906920341692086,2639.9586950769217,2794.774882796925,2485.1425073569185,-0.08979934918644096,256883.22770000002,1.606413635466789,-34355.42240719121,223.15999999999985,19.490000000000236,64.36999999999989,307.02,0.7268581851345185,0.45383063824477693,0.5461693617552231,4.600428171065393,0,1,8,3,False,False,sideways
2024-08-28,2457.33,2554.6,2418.8,2528.3190549523233,451266.634,1724889599999,1124304892.423795,2272721.0,222246.9184,553710617.949506,0,0.0288854611941749,0.028476139863573554,2636.0619391959017,-46.83365469648379,2640.5478820393064,-8.379944386364514,2632.2495915708173,-7.709103506104384,,,,,,,0.03704289439853872,0.03212572667553816,,2820.0,2392.96,0.31697043591308377,41.87084335117919,-80.0242634592455,-91.14909881659418,11.124835357348672,2632.2495915708173,2793.3727496080223,2471.1264335336123,0.17748107136003585,284602.48525,1.585603279618585,13038.513758428837,71.0,26.269999999999982,38.529999999999745,135.79999999999973,0.5228276877761424,0.49249579218834955,0.5075042078116505,5.036315182123569,0,2,8,3,False,False,sideways
2024-08-29,2528.33,2595.4,2505.88,2527.607136812812,237002.9632,1724975999999,603867504.225949,1455668.0,119563.3591,304607143.525936,0,-0.00028157765062009066,-0.0002816173010500463,2587.9788800971355,-48.08305909876617,2629.678940313243,-10.86894172606344,2628.69166740142,-3.557924169397211,2937.473018305851,,,,,,0.03682515953617749,0.03140509330974353,,2820.0,2392.96,0.3153033364856028,47.09441438003676,-82.30368680382162,-89.38001641403967,7.076329610218053,2628.69166740142,2795.9537578473373,2461.429576955503,0.1978259379662212,285816.06821,0.8292149727070798,-67.49203367595432,0.7199999999997999,67.07000000000016,21.730000000000018,89.51999999999998,0.008042895442357015,0.5044804397618603,0.49551956023813964,6.141982278810596,0,3,8,3,False,False,sideways
2024-08-30,2527.6,2552.17,2431.14,2525.9912756206404,338379.1941,1725062399999,845015735.149411,1735497.0,172073.9114,429842974.529762,0,-0.000639284946081009,-0.0006394893758327036,2543.9488305111836,-44.03004958595193,2624.996580298427,-4.682360014815913,2624.494855657564,-4.19681174385596,2926.0022122294863,-11.470806076364624,,,,,0.03611432257589301,0.03138138129864426,0.03978049890987134,2820.0,2392.96,0.31151947269726576,45.28114319992195,-83.28052664975894,-88.16011846118353,4.879591811424589,2624.494855657564,2797.8408103796683,2451.14890093546,0.21587574629348102,291522.40011,1.1607313673745812,-215.5358233671349,1.599999999999909,24.570000000000164,94.86000000000013,121.0300000000002,0.013219862843922221,0.5085239116360908,0.49147608836390927,5.1288525720854885,0,4,8,3,False,False,sideways
2024-08-31,2525.99,2533.95,2491.92,2512.9891460804406,97946.1147,1725148799999,246514334.07653,702529.0,47410.9072,119335754.458794,0,-0.005147337469328828,-0.00516063064677475,2510.4488670043143,-33.499963506869335,2613.223382543962,-11.773197754464945,2622.3736327171555,-2.121222940408643,2913.5839932935005,-12.418218935985806,,,,,0.03514004053431712,0.031056349017907943,0.039726747244962855,2820.0,2392.96,0.28107237279983277,42.72827908683128,-84.13399809750626,-87.35489438844809,3.2208962909418233,2622.3736327171555,2800.2578099450393,2444.4894554892717,0.19254014510637268,276788.3494,0.35386646479998124,-503.689639728019,12.979999999999563,7.960000000000036,21.090000000000146,42.029999999999745,0.30882702831310116,0.4840509227468111,0.515949077253189,7.172607123332886,0,5,8,3,False,False,sideways
2024-09-01,2513.0,2516.28,2400.0,2425.7302934205095,223127.776,1725235199999,550299930.153449,1357443.0,106672.8284,263071210.850516,0,-0.03472313153283235,-0.035340308465377446,2504.127381377345,-6.321485626969206,2593.511487634865,-19.711894909097282,2607.5436665597836,-14.829966157371928,2898.579656176969,-15.004337116531588,,,,,0.03644729405738788,0.027804965639239548,0.03988792836502016,2820.0,2392.96,0.07673822925372205,38.09577633964671,-90.80470046280107,-88.04485560331868,-2.759844859482385,2607.5436665597836,2799.2572982145725,2415.8300349049946,0.025820434441881274,279194.81504,0.7991830935973244,-7750.3963641370665,87.2800000000002,3.2800000000002,25.7199999999998,116.2800000000002,0.7506019951840389,0.47807955742811686,0.5219204425718832,6.083702461140472,0,6,9,3,False,False,sideways
2024-09-02,2425.71,2564.83,2423.52,2538.043452094165,262632.8385,1725321599999,654854126.195111,1452334.0,134090.7048,334264683.017486,0,0.04630076104433001,0.045260858771827416,2506.0722608057135,1.9448794283684947,2571.067100000808,-22.444387634056966,2599.325227456832,-8.218439102951379,2884.439326383552,-14.140329793417095,,,,,0.035214679705870146,0.03009833525542978,0.04036704107154868,2820.0,2392.96,0.33974206653747857,44.35975926945553,-86.03676857032906,-87.64323819672076,1.6064696263917,2599.325227456832,2787.983332888205,2410.6671220254593,0.33758509812619886,265279.45442,0.99002329100161,12157.644507678158,112.30000000000018,26.81999999999971,2.1900000000000546,141.30999999999995,0.7947066732715323,0.5105633612530902,0.4894366387469098,5.52990253730209,0,0,9,3,False,False,sideways
2024-09-03,2538.0,2553.6,2411.12,2425.270939609017,224793.1299,1725407999999,556674703.352341,1272909.0,101487.6507,251452238.685074,0,-0.04443285334303393,-0.04545024392792153,2485.6050213649546,-20.46723944075893,2536.791950731045,-34.275149269763006,2587.5168443404227,-11.808383116409459,2863.276520981015,-21.162805402536833,,,,,0.03679480297642115,0.03141907790656497,0.03916919912917063,2820.0,2392.96,0.07566255996866142,41.98385029266996,-90.31683126227563,-88.17795680983174,-2.1388744524438863,2587.5168443404227,2788.937848383372,2386.0958402974734,0.09724680774401871,261404.473,0.8599437007338432,-9983.680758676315,112.71000000000004,15.599999999999909,14.170000000000073,142.48000000000002,0.7910583941605841,0.4514713182967252,0.5485286817032747,5.662579637403767,0,1,9,3,False,False,sideways
2024-09-04,2425.28,2490.0,2306.65,2450.721489982735,384179.3854,1725494399999,921640300.674654,2002621.0,188707.7458,452757932.493335,0,0.010493899860038125,0.010439221089272968,2470.551064237373,-15.053957127581725,2507.2499473742787,-29.542003356766145,2581.557406367314,-5.959437973108834,2843.407867514646,-19.86865346636887,,,,,0.03750383607271804,0.03074178865845703,0.03923564905732507,2820.0,2306.65,0.2806496347184862,39.8630144672406,-90.61066176020131,-88.66449779990566,-1.9461639602956495,2581.557406367314,2792.021644060465,2371.093168674163,0.18917304474470203,284369.68802,1.3509857118561115,4026.668966131055,25.429999999999836,39.289999999999964,118.63000000000011,183.3499999999999,0.13869648213798663,0.4911969589506246,0.5088030410493753,5.21272373298976,0,2,9,3,False,False,sideways
2024-09-05,2450.71,2466.0,2348.04,2368.8297936558793,278549.0969,1725580799999,667044058.826434,1862353.0,131571.9247,315231080.607934,0,-0.033415341833654355,-0.03398639165413298,2441.7191937524613,-28.831870484911633,2476.0840303783875,-31.165916995891166,2570.3640831919474,-11.193323175366459,2823.0436870093736,-20.364180505272543,,,,,0.03799403942136361,0.03140793271198298,0.03939986305859648,2820.0,2306.65,0.12112553551354666,36.795348173566424,-96.34094163781083,-90.1997865674867,-6.141155070324132,2570.3640831919474,2801.163760032251,2339.564406351644,0.06339997461193357,291053.78524,0.9570365033057764,-9308.800729629378,81.90000000000009,15.289999999999964,20.769999999999982,117.96000000000004,0.6943031536113943,0.4723473389943703,0.5276526610056297,6.685905719050278,0,3,9,3,False,False,sideways
2024-09-06,2368.81,2408.83,2150.55,2225.230453628211,643027.111,1725667199999,1467265008.063493,2980066.0,303990.1689,694418877.024754,0,-0.06062037062023251,-0.06253559033825365,2401.619225794001,-40.099967958460184,2452.8733035856735,-23.210726792714013,2550.9005650056724,-19.463518186274996,2799.018259717248,-24.02542729212564,,,,,0.03368301025636195,0.03367979079504193,0.04004556137793836,2820.0,2150.55,0.11155493857377055,22.1864089333217,-111.18779269355446,-94.39738779270024,-16.790404900854213,2550.9005650056724,2827.198623588931,2274.602506422414,-0.08934563827079098,314090.42437,2.0472674781148723,-38975.617545256864,143.57999999999993,40.01999999999998,74.67999999999984,258.27999999999975,0.5559083165556763,0.4727486037521052,0.5272513962478947,4.634432901850074,0,4,9,3,False,False,sideways
2024-09-07,2225.24,2311.27,2220.98,2273.590663849891,219453.2076,1725753599999,498662894.230975,982698.0,109807.9246,249593766.45553,0,0.02173267498781062,0.021499887103967913,2348.728668145147,-52.890557648854156,2427.40046447543,-25.472839110243513,2533.9741732573684,-16.926391748304013,2774.419761486802,-24.598498230445784,,,,,0.03284620467312224,0.03428738924593929,0.04003422346565932,2820.0,2150.55,0.18379365725579322,25.490231705265444,-117.69504905636995,-99.0569200454342,-18.638129010935756,2533.9741732573684,2834.86443921276,2233.083907301977,0.06731151042606223,290909.08173,0.7543704249277443,4768.299271293292,48.340000000000146,37.690000000000055,4.2599999999997635,90.28999999999996,0.53538597851368,0.5003705609997199,0.49962943900028006,4.4779386491865525,0,5,9,3,False,False,sideways
2024-09-08,2273.58,2333.58,2240.94,2297.312634205685,192775.6493,1725839999999,440447734.826373,976672.0,93305.1937,213222870.553424,0,0.010433703275164463,0.010379647866760613,2323.13700706448,-25.59166108066711,2404.3710142147174,-23.029450260712565,2517.02497726398,-16.949195993388457,2750.016694670631,-24.403066816171304,,,,,0.03337170315862051,0.03431659565333619,0.040083447057264875,2820.0,2150.55,0.21922867160457793,27.791375986808305,-119.55972180163099,-103.15748039667356,-16.402241404957422,2517.02497726398,2831.5285400421767,2202.521414485783,0.1506997550084242,286486.35034,0.6728964541284957,2011.2062920135068,23.720000000000255,36.279999999999745,32.63999999999987,92.63999999999987,0.2560449050086387,0.4840092306201871,0.5159907693798129,5.066366024684426,0,6,9,3,False,False,sideways
2024-09-09,2297.3,2381.41,2272.8,2359.496593122591,321698.99,1725926399999,747001776.046536,1761692.0,156788.5098,364223174.142904,0,0.027068130819907665,0.026708268395418504,2304.892027692452,-18.244979372027956,2387.7215459649124,-16.649468249805068,2506.35906313167,-10.665914132309808,2726.488369231272,-23.528325439358923,,,,,0.035241026156677756,0.03482317437197535,0.04034527901469763,2820.0,2150.55,0.3121168020353887,34.06218104181325,-114.69760005823127,-105.4655043289851,-9.232095729246169,2506.35906313167,2827.2990564736997,2185.4190697896406,0.27119948735624544,284818.32993,1.1294883657209287,8710.084524441714,62.19999999999982,21.909999999999854,24.5,108.60999999999967,0.5726912807292147,0.4873764440478971,0.512623555952103,5.47621240588912,0,0,9,3,False,False,sideways
2024-09-10,2359.51,2400.0,2320.41,2388.5574860622005,224382.1729,1726012799999,528411566.919702,1210860.0,105895.4188,249480052.381382,0,0.012316564908088967,0.01224133312406002,2308.8375661737155,3.945538481263611,2375.278379963088,-12.443166001824466,2494.250881253525,-12.108181878144933,2705.467574644703,-21.02079458656908,,,,,0.03573001834734238,0.03449201794676496,0.04033346907962644,2820.0,2150.55,0.3555269042679817,45.76957975789981,-107.26290238878119,-105.82498394094434,-1.43791844783685,2494.250881253525,2813.7046601035177,2174.797102403533,0.33457169363935474,297461.93575,0.7543223045807803,2759.7247965916295,29.009999999999764,11.480000000000018,39.100000000000364,79.59000000000015,0.3644930267621524,0.47194221105610834,0.5280577889438917,5.396418014632748,0,1,9,3,False,False,sideways
2024-09-11,2388.52,2389.32,2277.68,2340.5215235420224,282898.3125,1726099199999,659291892.326731,1530070.0,135125.5965,314926799.454531,0,-0.020110867249576114,-0.02031584356368944,2331.895780156478,23.05821398276248,2366.7575029752397,-8.520876987848169,2480.1344953050525,-14.116385948472725,2682.6278793822644,-22.839695262438454,,,,,0.03463807699671603,0.03467130826197521,0.04028424579537734,2820.0,2150.55,0.28377253497949395,38.113764543520944,-104.04755618340005,-105.46949838943549,1.421942206035439,2480.1344953050525,2800.6113225358295,2159.6576680742755,0.2821793029945124,303438.98939999996,0.9323070613284874,-5681.607041441973,47.9699999999998,0.8000000000001819,62.870000000000346,111.64000000000033,0.42968470082407434,0.47764723410995963,0.5223527658900404,5.408551173312495,0,2,9,3,False,False,sideways
2024-09-12,2340.54,2391.93,2315.39,2361.7646566763574,202611.1308,1726185599999,476749201.764419,1093596.0,102118.0952,240341157.998119,0,0.009076239171766698,0.009035297656535006,2349.5305787217712,17.634798565293295,2349.1296234334586,-17.627879541781112,2460.0983617171332,-20.036133587919267,2663.14710511958,-19.480774262684463,,,,,0.030501605699091182,0.03206906422835164,0.0400263801572651,2820.0,2150.55,0.31550475267212974,39.76925434575935,-98.64807424899891,-104.10521356134818,5.45713931234927,2460.0983617171332,2755.362738558283,2164.8339848759833,0.33348193559144,297436.81863,0.6811904852036509,1836.0565184541922,21.220000000000255,30.169999999999618,25.15000000000009,76.53999999999996,0.27724065847923,0.504010292015013,0.49598970798498704,5.397511951500347,0,3,9,3,False,False,sideways
2024-09-13,2361.75,2464.82,2337.35,2439.1761638690355,253888.616,1726271999999,607650210.702862,1458878.0,124124.3676,297410717.96547,0,0.032776977576426614,0.03225126903192163,2377.9032846544414,28.372705932670215,2350.520145859461,1.3905224260024625,2443.6560482952527,-16.4423134218805,2648.42186056609,-14.725244553490029,,,,,0.029662424993056206,0.033255552843421333,0.039929237774809515,2792.28,2150.55,0.4497626164727148,45.102418128756966,-87.11823940469367,-100.70781873001728,13.589579325323612,2443.6560482952527,2700.8979004193943,2186.414196171111,0.49129246584639086,300346.36724000005,0.8453194168222561,8323.705853634536,77.44000000000005,25.63000000000011,24.40000000000009,127.47000000000025,0.6075154938416875,0.488893001803594,0.5111069981964059,5.746133966085348,0,4,9,3,False,False,sideways
2024-09-14,2439.19,2440.6,2376.72,2417.762535922472,122931.2302,1726358399999,296990460.130078,754834.0,57970.9645,140034806.307876,0,-0.008779041163060941,-0.008817803978588744,2389.5564732144176,11.653188559976115,2347.2242504534343,-3.2958954060268297,2427.2370989138562,-16.418949381396487,2631.284911242943,-17.136949323146837,,,,,0.02960129230747866,0.033259084208633716,0.03959838043914563,2762.0,2150.55,0.43701453254145395,44.67839717048204,-78.80030220441085,-96.326315424896,17.52601322048514,2427.2370989138562,2641.519196831099,2212.9550009966133,0.47789231325557757,274221.55172,0.4482916438512523,-1078.5253819013765,21.40000000000009,1.4099999999998545,41.070000000000164,63.88000000000011,0.3350031308703828,0.4715723124684064,0.5284276875315936,6.1402948524304275,0,5,9,3,False,False,sideways
2024-09-15,2417.8,2430.32,2283.75,2316.0982982616674,174364.1946,1726444799999,413278017.276324,1058493.0,80610.9146,191044099.00633,0,-0.042048892788396075,-0.042958538627239314,2375.064635654311,-14.491837560106433,2341.9511009140133,-5.273149539420956,2409.0175656462006,-18.219533267655606,2612.6265392131368,-18.658372029806287,,,,,0.030756676733776227,0.034017347120595384,0.03993750058428741,2699.98,2150.55,0.30130917179925976,43.97045150940372,-79.49535837423218,-92.96012401476324,13.464765640531056,2409.0175656462006,2592.3672064698144,2225.667924822587,0.24660635557523802,263803.06149,0.6609634991162133,-7333.595948727561,101.70000000000027,12.519999999999982,32.34999999999991,146.57000000000016,0.693866411953334,0.46231346283521907,0.5376865371647809,6.070586925419148,0,6,9,3,False,False,sideways
2024-09-16,2316.09,2335.7,2252.39,2295.6486655181175,330555.232,1726531199999,756718235.682234,2102319.0,153834.0111,352253267.83244,0,-0.008829345783336717,-0.008868555424423491,2366.09006404953,-8.974571604780976,2348.992922103004,7.041821188990525,2400.9331128443387,-8.084452801861971,2593.1366357358984,-19.489903477238386,,,,,0.02318214696274959,0.028888905685680814,0.039898613249684106,2595.4,2150.55,0.32617436330924426,35.17026318980267,-80.76529777600808,-90.52115876701221,9.755860991004127,2400.9331128443387,2589.4964813694273,2212.36974431925,0.22082476000047452,232555.87359000003,1.4214013471135738,-2914.355095824887,20.41000000000031,19.609999999999673,43.289999999999964,83.30999999999995,0.24498859680710985,0.4653806571725962,0.5346193428274039,6.359962863936759,0,0,9,3,False,False,sideways
2024-09-17,2295.67,2393.63,2263.29,2341.778940052129,274206.2588,1726617599999,640307796.594042,1813524.0,134491.637,314135444.255817,0,0.02009465787466236,0.019895424828259817,2362.0929207246845,-3.997143324845638,2355.811749723228,6.818827620224056,2391.606107099329,-9.327005745009501,2573.6191263044493,-19.51750943144907,,,,,0.02304330358021233,0.028441699178126507,0.03996555884493429,2595.4,2150.55,0.42987285613606624,44.438441966755676,-77.15995434988872,-87.84891788358752,10.688963533698796,2391.606107099329,2571.912198276412,2211.3000159222465,0.36182616815129226,238031.17871000004,1.1519762254930186,5508.778512621988,46.13000000000011,51.82999999999993,32.38000000000011,130.34000000000015,0.3539205155746514,0.49047617508284236,0.5095238249171576,6.613722122669506,0,1,9,3,False,False,sideways
2024-09-18,2341.79,2376.14,2277.34,2374.764037841427,292917.6008,1726703999999,679856751.171053,2555639.0,144167.2401,334741394.026549,0,0.014085487415205655,0.013987208730933714,2349.210495519163,-12.882425205521486,2363.556890086802,7.745140363574137,2383.9639521507597,-7.642154948569441,2555.5301169359236,-18.089009368525694,,,,,0.023199089416233158,0.028705791678825622,0.040059301398735696,2564.83,2150.55,0.5412137632553516,44.99061547049809,-70.8246495131857,-84.44406420950716,13.619414696321456,2383.9639521507597,2552.576360708003,2215.3515435935165,0.4727187506896645,248045.37386,1.1809033010441328,4121.459965137876,32.960000000000036,1.3899999999998727,64.44999999999982,98.79999999999973,0.33360323886639803,0.49217677499152857,0.5078232250084714,8.724771038067303,0,2,9,3,False,False,sideways
2024-09-19,2374.74,2494.95,2372.6,2465.241114508777,326746.032,1726790399999,794820680.995054,2862096.0,171108.4747,416132368.004027,0,0.03809939649818439,0.03739153786460044,2358.7062112364233,9.495715717260282,2374.1313422254207,10.574452138618653,2380.9264440951665,-3.0375080555932072,2540.1799276699935,-15.350189265930112,,,,,0.024657292014577347,0.030125317312577025,0.04051196452604828,2564.83,2150.55,0.7596097192931766,56.28711869774231,-57.83642850226897,-79.12253706805953,21.286108565790556,2380.9264440951665,2540.724259061258,2221.128629129075,0.7638167187439385,248550.07805999997,1.3146084465164543,12446.550607314492,90.47000000000025,29.73999999999978,2.1399999999998727,122.34999999999991,0.739436044135679,0.5236742238387764,0.4763257761612236,8.759390228800084,0,3,9,3,False,False,sideways
2024-09-20,2465.21,2571.93,2437.31,2561.3917883136514,340754.5912,1726876799999,864016608.115563,3241249.0,173101.7132,438921107.763294,0,0.03900254349929311,0.03826116014036256,2407.764909246821,49.05869801039762,2391.414772450566,17.283430225145366,2383.346576206827,2.4201321116606778,2527.339865985582,-12.840061684411467,,,,,0.026917524967216992,0.03138001652950035,0.04097170422214272,2571.93,2150.55,0.9749911915934586,73.36763680495746,-39.33122805056564,-71.16427526456076,31.833047213995115,2383.346576206827,2552.7435968369305,2213.949555576724,1.0255263978213798,260187.31989,1.3096510288974175,13295.899386879055,96.19000000000005,10.529999999999745,27.90000000000009,134.6199999999999,0.7145297875501421,0.5079952483997521,0.49200475160024787,9.511974552083451,0,4,9,3,False,False,sideways
2024-09-21,2561.4,2623.34,2528.97,2612.4128756846976,154757.8773,1726963199999,396953470.517631,1425778.0,78964.0704,202638566.044652,0,0.019919282791422077,0.019723489646664878,2471.1177512801364,63.35284203331548,2418.603907664833,27.189135214267026,2392.6807053200364,9.334129113209201,2519.795146684521,-7.544719301060923,,,,,0.025310709771985067,0.030431414619697658,0.04007176858639273,2623.34,2150.55,0.9768879961181444,73.46579530860188,-20.314574253387036,-60.994335062326016,40.67976080893898,2392.6807053200364,2590.157092229717,2195.204318410356,1.056350492844392,247373.27637,0.6256046714946131,3081.3819560787033,51.0,10.940000000000055,32.43000000000029,94.37000000000035,0.5404259828335256,0.5102426563200217,0.4897573436799782,9.212959138978833,0,5,9,3,False,False,sideways
2024-09-22,2612.4,2632.57,2524.58,2580.9945190754593,214266.3257,1727049599999,553059849.553399,2067811.0,97837.0512,252636983.573378,0,-0.012026566283479867,-0.012099470546674112,2518.960867084802,47.84311580466556,2440.5268939047432,21.922986239910188,2394.828258669101,2.147553349064765,2513.342586629508,-6.452560055013237,,,,,0.026377633318603717,0.028938404622095727,0.039912330294279534,2632.57,2150.55,0.8930013673197359,69.4397057995845,-7.690289050597585,-50.333525859980334,42.64323680938275,2394.828258669101,2599.754386915835,2189.9021304223675,0.9542277307416152,248538.79586000004,0.8621041433736346,-2575.395279046087,31.40000000000009,20.170000000000073,56.42000000000007,107.99000000000024,0.29076766367256246,0.4566142200850743,0.5433857799149258,9.650657858833112,0,6,9,3,False,False,sideways
2024-09-23,2580.99,2702.82,2539.49,2646.9769550683195,333282.0149,1727135999999,883518257.199407,3492404.0,161782.1178,428832914.201112,0,0.025564733092302783,0.025243419982566292,2573.403450530181,54.442583445379114,2461.306973024672,20.780079119928814,2405.9135594420663,11.085300772965184,2512.5036182824115,-0.8389683470963973,,,,,0.025753467137856555,0.02731072666941004,0.03869267165897381,2702.82,2150.55,0.8988845221871898,69.597976338909,7.551727458718233,-38.75647519624062,46.308202654958855,2405.9135594420663,2639.7238474017067,2172.103271482426,1.0155106683497708,256478.13575,1.299455853908982,8518.64181439476,65.98000000000002,55.850000000000364,41.5,163.33000000000038,0.40396742790669116,0.485421086549006,0.514578913450994,10.478825270688196,0,0,9,3,False,False,sideways
2024-09-24,2646.98,2670.96,2591.56,2653.211168293127,288600.0402,1727222399999,760159619.981534,2730471.0,140655.8896,370558448.965917,0,0.0023552200607075413,0.0023524508771125556,2610.997461287051,37.59401075686992,2484.851836261737,23.544863237064874,2416.0380433575856,10.12448391551925,2517.175766476493,4.672148194081728,,,,,0.02515680234096609,0.02728112466988417,0.03586766413480481,2702.82,2150.55,0.9101728652527326,68.62139268409996,19.904734867611296,-27.024233183470237,46.92896805108153,2416.0380433575856,2674.2781170152534,2157.7979696999178,0.959210535329126,273045.01675000007,1.0569687139327728,679.2590208600857,6.2199999999998,17.76000000000022,55.42000000000007,79.40000000000009,0.07833753148614349,0.48737307694941895,0.5126269230505811,9.461090158226527,0,1,9,3,False,False,sideways
2024-09-25,2653.2,2673.5,2554.05,2579.9299961828397,220343.4293,1727308799999,576100924.711546,2446589.0,103887.8784,271731602.599472,0,-0.02761980387615759,-0.02800840272468436,2614.7051028608885,3.7076415738374635,2511.2350060538547,26.38316979211777,2426.593053483934,10.555010126348407,2519.547641732258,2.371875255764735,,,,,0.022090830986384185,0.026886975971398,0.03605099498405867,2702.82,2150.55,0.7774820218060722,66.26720100069986,23.51039093281679,-16.917308360212832,40.42769929302962,2426.593053483934,2693.809300582378,2159.37680638549,0.7869154558600163,277642.94022000005,0.7936215814650399,-6083.27913320707,73.25,20.300000000000182,25.899999999999636,119.44999999999982,0.6132272917538728,0.471481626341376,0.528518373658624,11.103526017419572,0,2,9,3,False,False,sideways
2024-09-26,2580.09,2666.22,2559.2,2632.2466810851492,278686.3573,1727395199999,731881168.916695,2897463.0,139205.4473,365580497.054424,0,0.020278335063244057,0.020075467584867165,2618.6718639409787,3.9667610800902366,2544.894807610558,33.659801556703314,2446.9438648567807,20.350811372846692,2525.335684690616,5.788042958357892,,,,,0.021072477435442504,0.022238176732081966,0.03541875090138356,2702.82,2220.98,0.8535337063862467,67.63393534180119,30.240821221889746,-7.485682443792316,37.72650366568206,2446.9438648567807,2711.572657634317,2182.3150720792446,0.8501183946830494,272456.05275,1.022867190826246,5650.529409625431,52.17000000000007,33.95999999999958,20.890000000000327,107.01999999999998,0.48747897589235734,0.49950578366542814,0.5004942163345718,10.39685985374929,0,3,9,3,False,False,sideways
2024-09-27,2632.25,2728.6,2615.21,2694.440179986059,281826.9792,1727481599999,753233859.358672,2599262.0,151742.5093,405576362.613476,0,0.02362753435983822,0.02335272447261957,2641.360996123099,22.689132182120375,2580.1609316039508,35.26612399339274,2467.986340663589,21.042475806808397,2525.5744657888486,0.23878109823272098,,,,,0.021215598325922593,0.022300708529637003,0.02907677232198126,2728.6,2240.94,0.929951564586103,66.97870692595188,40.130630378109345,2.037580120588016,38.09305025752133,2467.986340663589,2741.359911281714,2194.612770045464,0.914183856198013,273218.12479,1.0315090897304742,6656.326995381885,62.179999999999836,34.17000000000007,17.039999999999964,113.38999999999987,0.5483728723873349,0.5384243542997178,0.4615756457002822,9.222899835134024,0,4,9,3,False,False,sideways
2024-09-28,2694.43,2704.35,2650.0,2675.2219723888197,137230.0342,1727567999999,367299958.062676,1192804.0,65924.2202,176467262.336168,0,-0.007132541943216775,-0.007158100122872361,2647.009999587199,5.649003464100133,2610.2067250586897,30.04579345473894,2486.881807572746,18.895466909156767,2527.10359283261,1.5291270437614912,,,,,0.022277083974923388,0.022575722218846163,0.0287380700282476,2728.6,2252.39,0.8879107376762769,67.1748936805144,45.88865084456347,10.807794265383107,35.08085657918036,2486.881807572746,2762.814136374598,2210.9494787708936,0.8412796275700652,257649.36813,0.5326232126863163,-978.8939617373488,19.2199999999998,9.920000000000073,25.210000000000036,54.34999999999991,0.3536338546458111,0.48039207003272755,0.5196079299672725,8.692003954918492,0,5,9,3,False,False,sideways
2024-09-29,2675.21,2683.7,2629.73,2657.6333162032356,160554.3146,1727654399999,426486288.276277,1417045.0,81486.0061,216453626.088544,0,-0.0065746530071590925,-0.006596361239954819,2647.8944291692205,0.8844295820213119,2629.4459452281358,19.23922016944607,2501.788643726778,14.906836154032135,2528.0577089467192,0.9541161141091834,,,,,0.02094743892652834,0.02232317577551491,0.02875365117568655,2728.6,2252.39,0.8509760740077607,75.66207247299398,48.47388916849559,18.341013246005605,30.132875922489983,2501.788643726778,2780.9390078213683,2222.6382796321877,0.7791410876033276,241030.19639000003,0.6661170135720852,-1055.6742812018501,17.590000000000146,8.489999999999782,27.889999999999873,53.9699999999998,0.3259218084120847,0.5075292202704841,0.492470779729516,8.825954030138533,0,6,9,3,False,False,sideways
2024-09-30,2657.62,2663.5,2575.0,2602.1844074677965,282475.7961,1727740799999,738997897.579085,2684395.0,135231.5945,353834770.003651,0,-0.020864017770011567,-0.021084746985888782,2652.345311426212,4.450882256991463,2633.5252071435502,4.079261915414463,2512.4699897970577,10.681346070279687,2528.9931249983033,0.9354160515840704,,,,,0.01952641695504166,0.023065593211087965,0.02875329602232304,2728.6,2252.39,0.7345381396186486,71.88145775828157,45.52367702551874,23.777546001908235,21.746131023610502,2512.4699897970577,2789.7194836168396,2235.2204959772757,0.661793654579321,235202.31688,1.2009907038633418,-5887.348208539584,55.38999999999987,5.880000000000109,27.230000000000018,88.5,0.6258757062146878,0.4787369267281446,0.5212630732718554,9.503097387677387,0,0,9,3,False,False,sideways
2024-10-01,2602.24,2659.0,2414.0,2447.807149807532,502828.6804,1727827199999,1275068045.816548,4525442.0,241562.4716,612727012.04731,0,-0.05932602517224761,-0.06115866613823494,2615.4574051706886,-36.887906255523376,2617.0646345558334,-16.460572587716797,2517.8342711103332,5.364281313275569,2523.5026756630946,-5.490449335208723,,,,,0.02625545650755145,0.026658753847640167,0.028444502867486662,2728.6,2252.39,0.41035918986903264,56.55552643648154,30.378474000139704,25.09773160155453,5.280742398585176,2517.8342711103332,2785.0456348021485,2250.622907418518,0.36896679779014524,270009.39719000005,1.8622636309438143,-29842.427994826005,154.44999999999982,56.76000000000022,33.789999999999964,245.0,0.6304081632653054,0.48040710686557725,0.5195928931344228,8.999967934207756,0,1,10,4,False,False,sideways
2024-10-02,2447.78,2499.0,2352.0,2364.1007009591644,317484.735,1727913599999,772815459.366551,4299369.0,155763.8413,379325012.463598,0,-0.03419650475935132,-0.03479488653842546,2549.3895093653096,-66.06789580537907,2595.375252744204,-21.689381811629573,2517.9510733244742,0.11680221414098924,2516.736444999214,-6.766230663880378,,,,,0.0277009768989141,0.027834210057751555,0.02880414235302664,2728.6,2252.39,0.23458285411722676,49.379616316333916,11.488943243062295,22.375973929856084,-10.88703068679379,2517.9510733244742,2784.8770829405426,2251.025063708406,0.21181082617876074,280331.23812,1.132534273130474,-10854.810858835923,83.68000000000029,51.2199999999998,12.099999999999909,147.0,0.5692517006802741,0.49061836406087367,0.5093816359391263,13.541970765933046,0,2,10,4,False,False,sideways
2024-10-03,2364.09,2403.38,2310.0,2349.7718850214287,314635.9263,1727999999999,739732809.481887,4096011.0,149299.0436,351028567.523543,0,-0.006061000672231143,-0.006079443094254526,2484.299491891831,-65.09001747347838,2565.654745739515,-29.720507004688898,2513.4808593820935,-4.470213942380724,2510.503110660899,-6.233334338315217,,,,,0.025074680396937558,0.026793320063759216,0.028749649475776202,2728.6,2252.39,0.2044935743084539,42.62899398906076,-4.584514242479145,16.983876295389038,-21.568390537868183,2513.4808593820935,2788.8234005577765,2238.1383182064105,0.20271761555325757,278466.62925999996,1.129887366167058,-1903.1740392072845,14.289999999999964,39.289999999999964,39.80000000000018,93.38000000000011,0.1530306275433706,0.47451365568992876,0.5254863443100712,13.018255887582663,0,3,10,4,False,False,sideways
2024-10-04,2349.8,2441.64,2339.15,2414.4565849408377,239383.017,1728086399999,572627417.105369,2556302.0,121492.1876,290635408.17503,0,0.02752807637700494,0.027155991956057245,2435.664145639352,-48.635346252479394,2541.7792874042866,-23.87545833522836,2513.315561833012,-0.16529754908151517,2507.394037370817,-3.1090732900820512,,,,,0.027747067444223332,0.027496466769818373,0.02866279834122165,2728.6,2252.39,0.34032587501488387,40.227778890903814,-11.965400720571779,11.194020892196876,-23.159421612768654,2513.315561833012,2788.9039120478874,2237.7272116181366,0.32064013806263175,273544.92694,0.8751140797157129,6582.065166554566,64.60999999999967,27.230000000000018,10.650000000000091,102.48999999999978,0.6304029661430365,0.5075221672889184,0.49247783271108153,10.67871076250994,0,4,10,4,False,False,sideways
2024-10-05,2414.41,2428.23,2390.05,2414.6603404012235,103740.2316,1728172799999,250133597.688322,1147501.0,49644.8537,119740244.150919,0,8.438978015035126e-05,8.438621953317274e-05,2398.159332226037,-37.50481341331488,2525.2523218261244,-16.526965578162162,2518.24366393999,4.9281021069778035,2503.8333190355775,-3.5607183352394713,,,,,0.02705973184948777,0.02563246082909971,0.028628998292458015,2728.6,2252.39,0.3407537439390681,35.89462913768878,-17.595534696931736,5.436109774371154,-23.03164447130289,2518.24366393999,2782.265169856257,2254.2221580237224,0.30383544291347037,261884.60716999997,0.3961295500375018,10.74177869542156,0.25,13.570000000000164,24.359999999999673,38.179999999999836,0.0065479308538502114,0.47854967098415463,0.5214503290158454,11.061292059039513,0,5,10,4,False,False,sideways
2024-10-06,2414.66,2457.8,2407.0,2440.0255697213097,105752.7096,1728259199999,257213775.45288,1097106.0,56040.4942,136283551.473558,0,0.010504677985422761,0.010449887227787748,2396.6030162087927,-1.5563160172441712,2506.0302106897407,-19.222111136383774,2525.462509150149,7.218845210159088,2500.3438140829294,-3.489504952648076,,,,,0.02615596253521714,0.02555110205385873,0.028644599543703887,2728.6,2263.29,0.3798232785053185,39.85732718127024,-19.782652314450388,0.39235735660684545,-20.175009671057232,2525.462509150149,2771.1140558804923,2279.8109624198055,0.326101360715988,244591.24240000002,0.43236506982966283,1111.10725425195,25.370000000000346,17.769999999999982,7.6599999999998545,50.80000000000018,0.49940944881890265,0.5299201733172424,0.47007982668275766,10.3742590062203,0,6,10,4,False,False,sideways
2024-10-07,2440.02,2521.0,2403.0,2422.7128712833082,300459.5407,1728345599999,742163736.966911,3081333.0,147053.1926,363265506.414649,0,-0.007095293857915963,-0.007120585159195542,2408.3254502736218,11.72243406482903,2478.8574798194654,-27.172730870275245,2529.509205711708,4.046696561559202,2496.555701532276,-3.7881125506532953,,,,,0.02382802874855319,0.025336687199790046,0.02865767599704619,2728.6,2277.34,0.32214880841046883,32.64908875778026,-22.651832633036975,-4.216480641321919,-18.435351991715056,2529.509205711708,2764.8712162027145,2294.1471952207016,0.27312325339674837,246454.49855,1.2191278409107376,-2132.743960084123,17.309999999999945,80.98000000000002,19.710000000000036,118.0,0.14669491525423684,0.4894276023234299,0.5105723976765701,10.255400753196984,0,0,10,4,False,False,sideways
2024-10-08,2422.7,2466.66,2401.18,2440.8640470126115,201358.3312,1728431999999,490043095.024962,2240640.0,98699.0695,240246242.020958,0,0.007492087050203544,0.007464160763394843,2426.5438826718582,18.218432398236473,2455.4216872818447,-23.435792537620728,2532.8142061702674,3.305000458559334,2492.6470513910594,-3.90865014121664,,,,,0.02448469109554371,0.02521386217664745,0.028645754180662387,2728.6,2310.0,0.31262314145392156,33.86854496506483,-23.193668350013013,-8.01191818306014,-15.181750166952874,2532.8142061702674,2760.7666469797327,2304.861765360802,0.29831284361084626,252867.32824999996,0.7963003073331995,1510.991600817256,18.190000000000055,25.769999999999982,21.519999999999982,65.48000000000002,0.2777947464874779,0.49016630656303334,0.5098336934369666,11.1276249989104,0,1,10,4,False,False,sideways
2024-10-09,2440.88,2473.61,2351.42,2370.4434573784206,242082.2725,1728518399999,586469983.393527,2569883.0,118607.6753,287392550.52832,0,-0.028850680856387312,-0.029275043786861892,2417.741257159375,-8.802625512483246,2426.7027013993634,-28.71898588248132,2528.0743233137496,-4.739882856517852,2488.5996230232518,-4.047428367807697,,,,,0.025255784713563205,0.02455970575091674,0.028731569047444082,2728.6,2310.0,0.14439430811853943,34.01638764475031,-28.971465097949476,-12.203827566038008,-16.76763753191147,2528.0743233137496,2765.68072279069,2290.467923836809,0.16829414889007052,261020.12403999997,0.9274467759539573,-6984.105645666151,70.41000000000031,32.73000000000002,19.049999999999727,122.19000000000005,0.5762337343481486,0.4899477936782835,0.5100522063217164,10.61574221631615,0,2,10,4,False,False,sideways
2024-10-10,2370.47,2421.36,2330.66,2386.498656847087,257862.9619,1728604799999,614182044.949536,2734517.0,124649.1698,296876662.883377,0,0.006773078437577684,0.006750244189267675,2412.1089204485475,-5.632336710827531,2405.1341263372924,-21.568575062070977,2519.3296667404215,-8.74465657332803,2483.7151736876917,-4.884449335560021,,,,,0.02557609479680522,0.02274055987067024,0.028551919534183116,2728.6,2310.0,0.18274882189939612,30.15136232376767,-31.887313132616782,-16.140524679353764,-15.746788453263019,2519.3296667404215,2764.5252022813147,2274.1341311995284,0.2291324868531689,258558.84062,0.9973086253081451,1742.6774646538536,16.019999999999982,34.870000000000346,39.809999999999945,90.70000000000027,0.17662624035281074,0.4833930739085333,0.5166069260914667,10.604535757486776,0,3,10,4,False,False,sideways
2024-10-11,2386.49,2471.45,2381.86,2439.536293522623,235441.2197,1728691199999,572065403.741898,1913115.0,120079.0581,291669006.342688,0,0.022224037932460528,0.021980682955474336,2412.0110652088106,-0.09785523973687305,2404.307040708801,-0.8270856284912043,2510.6858376323175,-8.643829108104,2480.0489147079147,-3.6662589797770124,,,,,0.019868038981146186,0.022869787435554144,0.02874780924735007,2728.6,2310.0,0.3094512506512735,29.102788363158382,-29.57749868842302,-18.827919481167616,-10.749579207255405,2510.6858376323175,2754.2480953483578,2267.1235799162773,0.35393971796598106,231820.09454999998,1.0156204109787341,5229.747057937432,53.01000000000022,31.949999999999818,4.629999999999654,89.58999999999969,0.5916955017301083,0.510017142508033,0.489982857491967,8.125658720413094,0,4,10,4,False,False,sideways
2024-10-12,2439.49,2490.51,2434.35,2476.3882483305024,139637.5062,1728777599999,343538957.820228,1058123.0,75635.4722,186143651.984974,0,0.01510613099125746,0.014993169580430971,2422.7461406182492,10.73507540943865,2415.535795445935,11.22875473713384,2505.45552409507,-5.230313537247639,2474.32693310583,-5.721981602084725,,,,,0.016275812293699763,0.023119887262920333,0.02776761242481729,2728.6,2310.0,0.3974874542056914,34.15750920189568,-24.490992416264362,-19.960534068186966,-4.530458348077396,2505.45552409507,2747.146110948516,2263.764937241624,0.4398667607559887,214035.37167000002,0.6524038765671558,2112.1639593277237,36.91000000000031,14.110000000000127,5.139999999999873,56.16000000000031,0.6572293447293466,0.5416558506256108,0.4583441493743892,7.577641772579866,0,5,10,4,False,False,sideways
2024-10-13,2476.4,2484.92,2436.4,2468.9029320808518,120022.8179,1728863999999,295322793.084125,1032905.0,59760.3747,147082675.325771,0,-0.0030226747581671987,-0.0030272522660529594,2428.353917631897,5.607777013647592,2427.4489001518778,11.913104705942715,2496.5518229456966,-8.903701149373319,2468.3445431013142,-5.982390004515764,,,,,0.01607830598519882,0.022204003851765408,0.02776265826938882,2728.6,2310.0,0.37960566670055373,34.71644722214647,-20.823857545841292,-20.133198763717832,-0.6906587821234602,2496.5518229456966,2729.243338905989,2263.8603069854043,0.44058895797996567,194574.06083,0.6168490156807918,-363.0152261633874,7.4900000000002365,8.519999999999982,32.50999999999976,48.51999999999998,0.15436933223413518,0.49790844562398834,0.5020915543760117,8.605905260952884,0,6,10,4,False,False,sideways
2024-10-14,2468.92,2654.0,2443.39,2629.757365631006,435900.1619,1728950399999,1119084230.807938,2715025.0,229665.6047,589781071.815328,0,0.06515219025422847,0.06311769059908356,2480.216699282414,51.86278165051726,2448.9789782208945,21.53007806901678,2495.3791328125903,-1.1726901331062436,2466.016859942926,-2.3276831583880266,,,,,0.024244643167321885,0.026966020975658266,0.029319071789539266,2728.6,2310.0,0.7638733053774631,51.90727829226637,-4.88174455736862,-17.08290792244799,12.20116336507937,2495.3791328125903,2724.9620198852604,2265.7962457399203,0.7926573372515365,214225.77532000002,2.0347699115518365,28404.28288049058,160.8699999999999,24.210000000000036,25.5300000000002,210.61000000000013,0.7638288780209856,0.5268766216991855,0.4731233783008145,6.228547812796763,0,0,10,4,False,False,sideways
2024-10-15,2629.79,2688.6,2537.36,2607.426249997692,416285.6663,1729036799999,1083630113.139707,3306565.0,205576.5183,535279891.165901,0,-0.00849170190572146,-0.008527961824551244,2524.402217912535,44.185518630120896,2468.2555691805414,19.27659095964691,2496.753945503333,1.3748126907426013,2464.555605670584,-1.461254272342103,,,,,0.02473535877092742,0.026268746689358465,0.029147809507689523,2728.6,2310.0,0.7105261586184716,63.50897540120328,5.8827477854424615,-12.489776780869901,18.372524566312364,2496.753945503333,2728.7849508943327,2264.722940112333,0.7384860254082493,245480.31879000002,1.6958005772190563,-3542.668126273963,22.38000000000011,58.809999999999945,70.04999999999973,151.23999999999978,0.14797672573393375,0.49383520726810093,0.5061647927318991,7.9430191036582425,0,1,10,4,False,False,sideways
2024-10-16,2607.41,2647.79,2588.67,2611.085579104476,260322.4242,1729123199999,681342662.41857,2813136.0,127407.6679,333593643.097793,0,0.0014034257370796333,0.001402441855608692,2558.7120750289055,34.309857116370495,2485.3615701188583,17.10600093831681,2495.6958904042995,-1.0580550990334814,2467.630562821567,3.0749571509827547,,,,,0.024799464554863176,0.025870345108707265,0.0265654444098458,2728.6,2310.0,0.7192679863938749,74.17902799825154,14.541339290061387,-7.083553566683643,21.62489285674503,2495.6958904042995,2725.3058076129664,2266.0859731956325,0.7512733119347621,260937.29025,0.9976436252196422,368.40763259248973,3.6900000000000546,36.690000000000055,18.73999999999978,59.11999999999989,0.06241542625169251,0.4894225623917649,0.510577437608235,10.806352962658066,0,2,10,4,False,False,sideways
2024-10-17,2611.1,2648.37,2575.4,2605.823628588649,221624.5434,1729209599999,579597649.929403,2543113.0,109682.8589,286944146.556011,0,-0.0020152347965674,-0.0020172681144112145,2584.599151080535,25.88707605162972,2503.672645849392,18.311075730533958,2491.2650628344286,-4.430827569870871,2469.180654294293,1.550091472726308,,,,,0.024527616572604306,0.025261510549114283,0.02627466184093629,2704.35,2310.0,0.7501550110020268,75.51967911838076,20.73966604837142,-1.5189096436726306,22.258575692044047,2491.2650628344286,2707.77302952868,2274.757096140177,0.764559700743017,253053.79051999998,0.8758001330254092,-449.85258321011474,5.299999999999727,37.26999999999998,30.40000000000009,72.9699999999998,0.07263258873509308,0.49490393625781076,0.5050960637421893,11.474870792672325,0,3,10,4,False,False,sideways
2024-10-18,2605.79,2675.58,2596.49,2642.160523666244,292444.1153,1729295999999,771232214.935164,2835054.0,151075.2919,398486077.848593,0,0.01394449519873131,0.013848165207997459,2619.2506693976134,34.65151831707817,2523.8022935147555,20.129647665363336,2489.6119903983003,-1.653072436128241,2471.471722031362,2.2910677370687154,2704.472370168606,,,,0.024609865571784413,0.025447334252405272,0.026338070559408715,2688.6,2310.0,0.8773389425944111,74.05354059514836,28.25822518374025,4.436517321809946,23.821707861930307,2489.6119903983003,2700.641654492755,2278.5823263038455,0.8614386013514773,262162.36893,1.115507601238092,4081.7378438333685,36.38000000000011,33.409999999999854,9.300000000000182,79.09000000000015,0.45998229864711143,0.5165954245481102,0.48340457545188975,9.69434449755194,0,4,10,4,False,False,sideways
2024-10-19,2642.17,2663.49,2631.02,2648.2047603762057,105413.7646,1729382399999,278723129.157894,1145594.0,52955.7012,140037162.00516,0,0.0022876114663823444,0.0022849988669214655,2622.940148346653,3.689478949039767,2551.578423814534,27.776130299778288,2489.1405626069486,-0.4714277913517435,2473.9159917264733,2.444269695111416,2699.95910197798,-4.51326819062615,,,0.021120459360011487,0.02540971614469271,0.02633708758688469,2688.6,2310.0,0.8933036460016002,74.3697968669746,34.30896446969609,10.411006751387177,23.897957718308916,2489.1405626069486,2698.6262846366276,2279.6548405772696,0.8796540313776651,248495.51813999997,0.4242079108268299,240.57687451524643,6.029999999999745,15.289999999999964,11.150000000000091,32.4699999999998,0.1857098860486536,0.5023604023719689,0.49763959762803117,10.867594040939887,0,5,10,4,False,False,sideways
2024-10-20,2648.2,2759.0,2635.54,2746.914310807388,256910.7448,1729468799999,692550694.441629,2274845.0,131315.6321,354129881.286766,0,0.03727413827968484,0.0365962513793803,2650.8377605085925,27.897612161939378,2587.619989210564,36.041565396030364,2496.377057773928,7.236495166979239,2478.5944950210123,4.678503294539041,2696.0892441572564,-3.8698578207236096,,,0.022542777221678047,0.02619510713020163,0.02680472145701124,2759.0,2310.0,0.973083097566566,77.77212943105383,46.53285295354863,17.635375991819465,28.89747696172916,2496.377057773928,2730.8176366632224,2261.9364788846333,1.0343299658711531,248400.29642999996,1.0342610234058167,9576.187455331197,98.71000000000004,12.090000000000146,12.659999999999854,123.46000000000004,0.7995302122144825,0.5111332817248522,0.4888667182751478,8.854612140768666,0,6,10,4,False,False,sideways
2024-10-21,2746.91,2769.48,2655.01,2666.7491938920884,310674.7232,1729555199999,839718870.967621,2526347.0,155766.4454,421099497.596007,0,-0.02918369772216778,-0.02961801264827875,2661.970483466115,11.132722957522674,2610.3412792475106,22.721290036946357,2507.3241599781563,10.947102204228486,2483.4148730304437,4.8203780094313515,2690.997264603706,-5.091979553550573,,,0.026132619678052683,0.02310293015828083,0.026660328893621632,2769.48,2310.0,0.7764194173676513,69.8285993430215,49.18474653650219,23.945250100756013,25.239496435746176,2507.3241599781563,2752.420135492993,2262.22818446332,0.825229807586705,255923.64677999998,1.2139351994583985,-9071.7277041738,80.21000000000004,22.570000000000164,11.6899999999996,114.4699999999998,0.7007076089805204,0.5013811352129982,0.4986188647870018,8.131807357799232,0,0,10,4,False,False,sideways
2024-10-22,2666.71,2671.92,2606.56,2622.7777273028446,265747.713,1729641599999,699818031.28854,2153796.0,129041.0542,339834310.024147,0,-0.016488789680692895,-0.01662624282519637,2665.361303208954,3.39081974283863,2624.9802271447447,14.638947897234175,2520.2580112953397,12.933851317183326,2485.1095585346175,1.6946855041737763,2684.774442459084,-6.222822144621659,,,0.027232140049206176,0.021845239615942938,0.026013815790572475,2769.48,2310.0,0.6807210918926713,64.18574510344213,47.19423566660862,28.595047213926534,18.599188452682085,2520.2580112953397,2760.7894639103592,2279.72655868032,0.7131108320615183,268534.66745999997,0.9896216213483306,-4373.820498582504,43.90000000000009,5.210000000000036,16.25,65.36000000000013,0.6716646266829867,0.4855772896152826,0.5144227103847173,8.104664291127879,0,1,10,4,False,False,sideways
2024-10-23,2622.81,2628.2,2450.0,2524.6000068534054,352647.7086,1729727999999,897683017.740168,2642127.0,161673.0363,411442765.600342,0,-0.0374327261618167,-0.03815132036591843,2641.8491998463865,-23.51210336256736,2630.549934622,5.569707477255179,2528.999417386939,8.741406091599401,2487.0961398795052,1.9865813448877816,2675.1863304302597,-9.588112028824526,,,0.030490089163266808,0.023756359098045774,0.025782171644911187,2769.48,2330.66,0.4419579938321076,61.52241654794819,37.265051608285376,30.329048092798303,6.936003515487073,2528.999417386939,2755.7560193917093,2302.242815382169,0.4902992669350347,291797.15653,1.2085371660012867,-13203.398257792203,98.19999999999982,5.389999999999873,74.61000000000013,178.19999999999982,0.5510662177328839,0.4584548044898313,0.5415451955101687,7.492256253384316,0,2,10,4,False,False,sideways
2024-10-24,2524.6,2562.65,2507.31,2535.843522875785,290851.7842,1729814399999,737665762.666147,2252562.0,151672.5796,384697096.340313,0,0.004453583138658512,0.004443695283990858,2619.3769523463025,-22.472247500083995,2621.1585503464776,-9.391384275522341,2535.0687642836865,6.069346896747447,2488.798580537366,1.702440657860734,2666.103224026006,-9.083106404253613,,,0.02132941727383855,0.023097579432596976,0.025751534769977165,2769.48,2330.66,0.4675801533106625,61.24364298735527,29.958022053170225,30.25484288487269,-0.2968208317024654,2535.0687642836865,2755.321339634263,2314.81618893311,0.5017587957617866,277292.31876,1.0488995349767907,1291.466207010976,11.220000000000255,26.829999999999927,17.289999999999964,55.340000000000146,0.20274665702927766,0.5214772191175714,0.47852278088242856,7.7447075189714445,0,3,10,4,False,False,sideways
2024-10-25,2535.82,2566.33,2382.59,2440.6108094748156,514799.8822,1729900799999,1282541014.469803,3741205.0,232180.1435,578647966.535608,0,-0.037554648992288886,-0.03827799260594592,2558.116252079788,-61.260700266514505,2604.4770062941902,-16.681544052287336,2536.3662877373654,1.2975234536788776,2490.234200853745,1.435620316378845,2656.6389439315594,-9.464280094446622,,,0.023919305936784034,0.024793541076968913,0.025870839527806177,2769.48,2330.66,0.2505601601449699,50.07606381427044,16.294827776542206,27.462839863206597,-11.16801208666439,2536.3662877373654,2753.9214257445165,2318.8111497302143,0.2799282537298607,287143.74035,1.7928298961785116,-19326.66702898474,95.20000000000027,30.509999999999764,58.029999999999745,183.73999999999978,0.5181234352889974,0.4510104829623833,0.5489895170376168,7.267299642750385,0,4,10,4,False,False,sideways
2024-10-26,2440.63,2508.0,2430.12,2482.4798464071523,248724.8313,1729987199999,612908876.738983,1985542.0,132469.8569,326550515.934207,0,0.017155146887736006,0.017009658909924095,2521.2623825828005,-36.8538694969875,2591.616433024458,-12.860573269732413,2538.489001571658,2.1227138342924263,2495.3791887093234,5.14498785557862,2647.1987242132864,-9.440219718273056,,,0.024980371535511848,0.0249741479955873,0.024390554638121533,2769.48,2330.66,0.34597294199706574,50.42817622690129,8.74433004698767,23.719137899962814,-14.974807852975143,2538.489001571658,2752.8918330431243,2324.0861701001913,0.36938335939849887,285983.98106,0.869715955341628,4269.031304814768,41.88000000000011,25.48999999999978,10.510000000000218,77.88000000000011,0.537750385208013,0.5325960267321328,0.4674039732678672,7.982886105992105,0,5,10,4,False,False,sideways
2024-10-27,2482.51,2527.99,2464.13,2507.792819356598,137580.8836,1730073599999,342704461.298222,1337190.0,70648.0053,176001096.76121,0,0.010196647914818335,0.01014501280716737,2498.2654009935513,-22.996981589249117,2581.8133521012523,-9.80308092320547,2542.7429989753227,4.2539974036649255,2500.0632318194575,4.684043110134098,2637.24149665313,-9.957227560156298,,,0.025423803009520567,0.024972757872837596,0.024258946958876145,2769.48,2330.66,0.4036571244624178,52.66672273821896,4.74831593521867,19.924973507013984,-15.176657571795314,2542.7429989753227,2750.7546082459753,2334.73138970467,0.41598983407399753,277579.61508,0.49564476685490183,1401.5736275962583,25.289999999999964,20.1899999999996,18.38000000000011,63.85999999999967,0.39602254932665354,0.5135016104810073,0.4864983895189927,9.719300857870053,0,6,10,4,False,False,sideways
2024-10-28,2507.8,2589.67,2471.67,2567.4714812643547,360605.327,1730159999999,910015100.830837,2847523.0,180803.6076,456316658.784813,0,0.023797285584009176,0.023518543723130142,2506.839695875741,8.57429488218986,2574.344447861064,-7.468904240188294,2549.0733706879096,6.330371712586839,2505.466408760631,5.4031769411735695,2627.741551715631,-9.499944937499095,,,0.026350495886915775,0.02542285646071729,0.02442398880287521,2769.48,2330.66,0.539655169008602,45.04088762522981,6.324114764107435,17.204801758432676,-10.880686994325242,2549.0733706879096,2751.6658553107677,2346.4808860650514,0.5454066956400052,284395.73624999996,1.2679702296345523,8581.59578728765,59.679999999999836,22.190000000000055,36.13000000000011,118.0,0.5057627118644054,0.5013891755403824,0.49861082445961763,7.896508417359015,0,0,10,4,False,False,sideways
2024-10-29,2567.49,2681.86,2561.2,2638.8056750315664,451915.7025,1730246399999,1187541746.021715,3690029.0,227223.4801,597159695.537778,0,0.027783831013415305,0.027404863805444962,2527.4321263068973,20.592430431156117,2573.4045393266,-0.9399085344639388,2562.4914815705665,13.418110882656947,2511.052590398811,5.5861816381798235,2618.770479815041,-8.971071900589777,,,0.0280492574556236,0.024855416623944738,0.024438875104165984,2769.48,2330.66,0.7022142906694462,52.31754411848314,13.177122297924598,16.399265866331064,-3.222143568406466,2562.4914815705665,2750.2763371577826,2374.7066259833505,0.7031958147592897,319045.93004,1.4164597004680224,12553.409530862958,71.3100000000004,43.059999999999945,6.289999999999964,120.66000000000031,0.5909995027349595,0.5028005861336495,0.49719941386635047,8.165303793576413,0,1,10,4,False,False,sideways
2024-10-30,2638.8,2722.3,2599.66,2659.2217161924073,460627.126,1730332799999,1230352880.142655,3700127.0,234688.3298,627072013.721042,0,0.007736849042738525,0.007707073108840876,2571.154307650416,43.722181343518514,2564.6352798651014,-8.769259461498677,2576.127634537833,13.636152967266298,2516.465875001415,5.413284602604108,2610.966724823059,-7.8037549919822595,,,0.02508674826734791,0.02485860569574892,0.02441002436916394,2769.48,2381.86,0.7155505809617853,53.46925077438516,20.02475117288668,17.12436292764219,2.9003882452444927,2576.127634537833,2749.1286035180783,2403.1266655575873,0.7401549602420514,339417.56816,1.3571104421526652,3559.2644759511913,20.389999999999873,63.11000000000013,39.14000000000033,122.64000000000033,0.16625896934115963,0.5094974146181743,0.49050258538182573,8.032803087675736,0,2,10,4,False,False,sideways
2024-10-31,2659.19,2669.0,2503.0,2518.560432300561,403427.2017,1730419199999,1042550364.390791,3391343.0,196341.4498,507552898.635748,0,-0.052895658543753,-0.05434601081354193,2578.3704248290974,7.216117178681543,2549.816403705949,-14.818876159152296,2580.0788414767294,3.9512069388965756,2520.0266531765856,3.560778175170526,2601.3272662794247,-9.639458543634191,,,0.02870165977188721,0.02774106052580018,0.02544650574184006,2769.48,2382.59,0.35144468014309194,44.737813555670314,13.940657118616855,16.487621765837122,-2.5469646472202676,2580.0788414767294,2743.27642281272,2416.881260140739,0.3115216883958757,348692.81600999995,1.1569702132562156,-21327.470400755854,140.57999999999993,9.809999999999945,15.610000000000127,166.0,0.8468674698795177,0.4866837163499082,0.5133162836500917,8.406332011597721,0,3,10,4,False,False,sideways
2024-11-01,2518.61,2586.8,2467.67,2511.4859343651888,430249.1073,1730505599999,1084316033.711915,3614843.0,202239.1162,509869182.303567,0,-0.0028089450801503935,-0.0028128975696678463,2579.1090478308156,0.7386230017182243,2538.6872244121832,-11.129179293765901,2581.8337257784638,1.7548843017343643,2523.021078730362,2.9944255537766367,2593.0840919249713,-8.243174354453458,,,0.0284352086548785,0.027583030667289274,0.02543252113210447,2769.48,2382.59,0.3331591262766902,41.831725333800044,8.450701461667904,14.88023770500328,-6.4295362433353755,2581.8337257784638,2741.0426554089163,2422.6247961480112,0.2790708361127651,365142.95544,1.178303184793875,-1216.295354968093,7.120000000000346,68.19000000000005,43.81999999999971,119.13000000000011,0.059766641484095856,0.4700512163038252,0.5299487836961748,8.401744335240368,0,4,11,4,False,False,sideways
2024-11-02,2511.49,2523.45,2470.0,2494.2670639143876,145961.13,1730591999999,364240307.892377,1228028.0,68739.2217,171535490.173642,0,-0.00685604892911873,-0.006879659611792068,2564.4681643608224,-14.640883469993241,2535.6539301182816,-3.0332942939016903,2583.101932370141,1.2682065916774263,2524.122896731269,1.10181800090686,2586.2723786486795,-6.811713276291812,,,0.025972909815509083,0.027626211644770707,0.025054150451274407,2769.48,2382.59,0.2886532707342848,40.510157973798265,2.679564754744206,12.440103114951466,-9.76053836020726,2583.101932370141,2738.8905440054796,2427.313320734803,0.21488651345165874,344474.29758,0.4237213952547571,-1003.1053692429496,17.259999999999764,11.960000000000036,24.230000000000018,53.44999999999982,0.322918615528528,0.4709419672209991,0.5290580327790009,8.413390606115478,0,5,11,4,False,False,sideways
2024-11-03,2494.23,2496.39,2411.0,2457.7155325985154,276009.1197,1730678399999,675516839.246158,2569553.0,128755.1302,315138233.230781,0,-0.014654217202591746,-0.014762650887877456,2528.250135874212,-36.218028486610365,2527.841131090555,-7.812799027726669,2574.4998407185167,-8.602091651624505,2524.92195666479,0.7990599335207662,2578.103433953866,-8.16894469481349,,,0.026236882366306065,0.023273830947969032,0.02511348639887126,2769.48,2382.59,0.19417801596969506,30.691959257645365,-4.78830912066087,8.994420667828999,-13.782729788489869,2574.4998407185167,2738.237779528187,2410.7619019088465,0.14338042554770417,342990.03113,0.8047146991143513,-4039.055287222908,36.5,2.1599999999998545,46.73000000000002,85.38999999999987,0.4274505211383072,0.4664886810259988,0.5335113189740012,9.30966702402044,0,6,11,4,False,False,sideways
2024-11-04,2457.73,2491.39,2357.59,2398.169378217381,306316.9645,1730764799999,745000696.549594,3066552.0,148574.7254,361660123.21258,0,-0.024228253266632915,-0.02452658597185205,2476.0396682792066,-52.21046759500541,2523.5969879648114,-4.244143125743449,2564.036997129501,-10.462843589015847,2526.5633782639043,1.6414215991144374,2569.5949587385207,-8.508475215345243,,,0.024560937775344006,0.023726683795587032,0.024616853529618076,2769.48,2357.59,0.09851994031751432,31.560895425112534,-15.334760408198235,4.128584452623553,-19.46334486082179,2564.036997129501,2744.776353828744,2383.2976404302576,0.041141392939310385,322141.73936,0.9508763599171001,-7418.221581312829,59.51999999999998,33.659999999999854,40.61999999999989,133.79999999999973,0.444843049327355,0.4850359027372772,0.5149640972627227,10.011042010048385,0,0,11,4,False,False,sideways
2024-11-05,2398.21,2480.0,2380.74,2422.515992615989,331619.2545,1730851199999,807964220.382607,2878817.0,164899.7226,401792814.478282,0,0.01015216632309146,0.010100979230964499,2456.8307803422927,-19.208887936913925,2517.600602585695,-5.996385379116418,2554.608517805076,-9.428479324424643,2529.100724805862,2.537346541957504,2561.1186802708803,-8.47627846764044,,,0.024065486370106737,0.02390963198348512,0.024608626457651994,2769.48,2357.59,0.15762944625018552,35.87046973799781,-21.480714423238624,-0.993275322548882,-20.48743910068974,2554.608517805076,2744.4580968991872,2364.758938710965,0.15211267304520315,330431.18168000004,1.0035955227165894,3365.682177344797,24.340000000000146,57.44999999999982,17.470000000000255,99.26000000000022,0.24521458795083712,0.49725617666147914,0.5027438233385209,8.681091224152668,0,1,11,4,False,False,sideways
2024-11-06,2422.6,2744.7,2420.3,2721.878990676569,1002141.3618,1730937599999,2613263657.61569,5557031.0,527404.5797,1375499686.352236,0,0.12357524118439711,0.11651578074742615,2498.9093916045686,42.0786112622759,2539.009219717692,21.408617131996834,2560.4112859094726,5.802768104396364,2536.7027258183502,7.602001012488472,2555.1609260614,-5.957754209480299,,,0.04665180835177994,0.03714174143566339,0.02998032244207551,2769.48,2357.59,0.8844327142600431,60.84130251566001,-2.1703171319186367,-1.228683684422833,-0.9416334474958037,2560.4112859094726,2763.4858529294215,2357.3367188895236,0.8975576733625016,416887.2295,2.403866779517169,123820.3349420964,299.27,22.829999999999927,2.299999999999727,324.39999999999964,0.9225339087546249,0.5262776288893019,0.4737223711106981,5.545156813025578,0,2,11,4,False,False,sideways
2024-11-07,2721.88,2916.11,2699.49,2895.443819493072,730845.9524,1731023999999,2069602523.372077,5380366.0,367745.6506,1041659729.922739,0,0.06376654855378439,0.06181595759175884,2579.144742720305,80.23535111573665,2571.806453540564,32.79723382287193,2573.075450700814,12.664164791341591,2547.1163214513836,10.41359563303331,2551.3232191936536,-3.8377068677464194,,,0.04966037301589927,0.03952215439182854,0.03114102722278125,2916.11,2357.59,0.9629983160729644,66.7697362671469,26.829271843872903,4.382907421236315,22.446364422636588,2573.075450700814,2823.6507123005777,2322.5001891010506,1.1432565743604162,453911.29204000003,1.6101074487822955,46613.121617358585,173.5899999999997,20.640000000000327,22.390000000000327,216.62000000000035,0.8013572154002373,0.5031780628905075,0.4968219371094925,7.3618332048383115,0,3,11,4,False,False,sideways
2024-11-08,2895.47,2981.69,2886.4,2961.7369987756583,568864.435,1731110399999,1664276186.367457,4290252.0,290136.2734,849147013.622051,0,0.022895688334990005,0.022637515333598965,2679.949035955734,100.80429323542876,2604.099585914973,32.2931323744092,2588.7520626207865,15.676611919972402,2557.046239136721,9.929917685337387,2548.613083403357,-2.71013579029659,,,0.04952427438815112,0.03970758606857285,0.03087875033922729,2981.69,2357.59,0.9680291600314985,74.97655153135797,54.53234563555225,14.412795064099502,40.11955057145275,2588.7520626207865,2892.6707085049657,2284.8334167366074,1.1136262799371206,465606.16529000003,1.221771697644266,13021.835747495204,66.2800000000002,19.940000000000055,9.069999999999709,95.28999999999996,0.6955609192989844,0.510027091779784,0.489972908220216,7.541782779934203,0,4,11,4,False,False,sideways
2024-11-09,2961.75,3157.4,2953.71,3126.2635402885808,526719.4212,1731196799999,1602480049.885514,3681905.0,278109.2638,846556140.576448,0,0.05555069257700307,0.05406261422735048,2825.5678683699743,145.6188324142404,2650.8037683245902,46.70418240961726,2607.7195240948463,18.967461474059746,2568.34367417622,11.29743503949885,2547.841770080901,-0.7713133224560806,,,0.05127252270637168,0.040656090964875595,0.031345271954809024,3157.4,2357.59,0.9610701795283638,77.60914812000749,88.74020624105515,29.278277299490632,59.461928941564516,2607.7195240948463,2990.35555583399,2225.0834923557027,1.1775943366295991,472215.39480999997,1.1154219599552238,29247.666417000735,164.46000000000004,31.190000000000055,8.039999999999964,203.69000000000005,0.8074034071382984,0.5280026758200729,0.4719973241799271,6.990258668669725,0,5,11,4,False,False,sideways
2024-11-10,3126.2,3248.52,3069.0,3183.195455142712,865536.7322,1731283199999,2751696491.353273,6072418.0,444231.9853,1412520566.696555,0,0.018210849507868332,0.018047018005706576,2977.7037608753185,152.13589250534415,2717.2672706088056,66.46350228421534,2633.541837157377,25.82231306253061,2579.75932576538,11.415651589160007,2549.7772362249507,1.9354661440497694,,,0.04497695403773316,0.039792909272878804,0.03132900774484838,3248.52,2357.59,0.9266782520991683,78.20035540354671,119.07152948169596,47.2369277359317,71.83460174576426,2633.541837157377,3094.616391921097,2172.4672823936567,1.0960572019280133,518426.3478599999,1.6695461867878223,15781.279483911758,57.01000000000022,65.30999999999995,57.19999999999982,179.51999999999998,0.31756907308378024,0.5132445207390125,0.4867554792609875,7.015783125189011,0,6,11,4,False,False,sideways
2024-11-11,3183.2,3387.61,3105.0,3371.5493904167834,1000093.9664,1731369599999,3248336095.357834,7802397.0,512353.6597,1664789115.812,0,0.05917133833857746,0.05748684610882246,3107.6378408233613,129.93407994804284,2803.273616213965,86.00634560515937,2670.9804203130743,37.438583155697415,2595.570423192207,15.811097426827018,2554.4565049108573,4.6792686859066634,,,0.045056780777118895,0.040764935307324744,0.032172448767230154,3387.61,2357.59,0.9844074779293444,80.31550550372721,156.50383136466826,69.09030846167902,87.41352290298924,2670.9804203130743,3237.8383569246957,2104.122483701453,1.1179405145946635,575410.83377,1.738052027709565,59184.81702131869,188.39000000000033,16.019999999999982,78.19999999999982,282.6100000000001,0.6666076925798813,0.5123055201945672,0.4876944798054328,7.801663905728769,0,0,11,4,False,False,sideways
2024-11-12,3371.59,3442.5,3207.67,3243.781282341039,973215.7285,1731455999999,3215515065.96685,7073014.0,474680.7996,1569519071.966663,0,-0.03789596214693147,-0.03863268670753294,3177.3053333929547,69.66749256959338,2878.22503805663,74.95142184266524,2706.939484087456,35.959063774381775,2607.506509737661,11.936086545454145,2560.005064010036,5.548559099178874,,,0.048845844281252965,0.04079545816293993,0.03262753298407772,3442.5,2357.59,0.8168339146482556,71.87792520800919,173.85528625423512,90.04330402019025,83.81198223404488,2706.939484087456,3323.742811638004,2090.1361565369084,0.9351806923492871,658136.2936199999,1.47874496200011,-36886.82133504219,127.78999999999996,70.90999999999985,36.13000000000011,234.82999999999993,0.5441808968189754,0.4877446856840436,0.5122553143159564,7.267673335799361,0,1,11,4,False,False,sideways
2024-11-13,3243.79,3331.0,3116.69,3187.159467412812,919686.3747,1731542399999,2958494366.71914,9753402.0,446483.2399,1436610189.542692,0,-0.0174554971497225,-0.017609640742620985,3222.3898271203852,45.08449372743053,2951.16943153806,72.94439348142987,2739.505281314307,32.56579722685092,2618.1854757200545,10.678965982393493,2567.6806210982736,7.675557088237383,,,0.04912268948247189,0.04133824559897014,0.032775111181832774,3442.5,2357.59,0.7646435809540071,68.60478797100272,180.951634207579,108.224970057668,72.72666414991099,2739.505281314307,3386.3188344759315,2092.6917281526826,0.8460457684524167,722504.01912,1.2729152369562808,-16058.646113511431,56.63000000000011,87.21000000000004,70.4699999999998,214.30999999999995,0.26424338574961564,0.48547336590219897,0.5145266340978011,10.60513917386407,0,2,11,4,False,False,sideways
2024-11-14,3187.16,3240.4,3028.56,3058.8181042745127,605780.6662,1731628799999,1909266330.683718,6204964.0,291332.1428,919046552.324913,0,-0.04026825907223297,-0.04110147010349406,3208.9007399175716,-13.489087202813607,3017.234304143773,66.06487260571294,2770.415646054292,30.910364739985198,2627.763237881888,9.577762161833562,2573.655439807073,5.974818708799376,,,0.05121231526283612,0.041514506802050787,0.033073085897438376,3442.5,2357.59,0.6463467976832297,69.20571519281611,174.21126663625864,121.42222937338613,52.78903726287251,2770.415646054292,3416.172758658171,2124.6585334504134,0.72330567684907,752450.3892900001,0.80507721814272,-24393.469640717067,128.3399999999997,53.24000000000024,30.26000000000022,211.84000000000015,0.6058345921450132,0.48092017301822565,0.5190798269817744,10.242921813472693,0,3,11,4,False,False,sideways
2024-11-15,3058.81,3131.06,3014.5,3090.0079987800646,519623.6317,1731715199999,1593247701.289049,6118576.0,256031.9621,785238977.756796,0,0.010196714365579895,0.010145078587191003,3190.263248645042,-18.637491272529587,3083.98350476018,66.74920061640705,2800.792053672938,30.37640761864577,2636.9184642357864,9.155226353898342,2581.127074463201,7.471634656128117,,,0.051210807653219635,0.041499476832194036,0.033002072447371876,3442.5,2357.59,0.6750956289278046,70.2193096241561,169.43312104508323,131.02440770772557,38.40871333735765,2800.792053672938,3446.6759286322135,2154.9081787136624,0.7238915974836516,771250.82701,0.6737414256195833,5298.4683873921995,31.200000000000273,41.04999999999973,44.309999999999945,116.55999999999995,0.26767330130405187,0.49272578551203716,0.5072742144879628,11.775014889108245,0,4,11,4,False,False,sideways
2024-11-16,3090.01,3219.97,3072.0,3132.8907670718286,423639.1573,1731801599999,1332892680.485038,5079843.0,221452.0936,696573570.911464,0,0.013877882616709858,0.013782466572087173,3142.531523976051,-47.731724668990864,3125.0846823997063,41.10117763952621,2832.046951058699,31.25489738576107,2645.6874759775014,8.769011741715076,2585.6309708831755,4.503896419974353,,,0.03797099261581014,0.04150016165142035,0.032910808252387805,3442.5,2357.59,0.7146221963774216,71.92651759860303,167.1795455192023,138.25543527002094,28.924110249181354,2832.046951058699,3478.729503393596,2185.364398723802,0.7326054838861121,713400.60656,0.5938306659743079,5876.089165367691,42.85999999999967,87.09999999999991,18.01000000000022,147.9699999999998,0.289653308102992,0.522737546291498,0.47726245370850195,11.99096663390516,0,5,11,4,False,False,sideways
2024-11-17,3132.88,3162.11,3034.99,3075.9830009079205,449818.9575,1731887999999,1393762559.896065,5832635.0,219773.8217,681175947.125362,0,-0.018164618684454514,-0.018331620815060914,3108.9718676894277,-33.55965628662352,3143.138600541191,18.0539181414847,2857.4725270408776,25.425575982178543,2653.7026965478835,8.015220570382098,2590.403144690247,4.77217380707134,,,0.03495180389275313,0.04192991262730231,0.033020609267214986,3442.5,2357.59,0.6621682912941355,70.93497247965433,158.9690928004461,142.398166776106,16.57092602434011,2857.4725270408776,3500.3308572664455,2214.6141968153097,0.6699522768806397,685297.90707,0.6563845487624598,-8165.421518615512,56.88000000000011,29.230000000000018,41.01000000000022,127.12000000000035,0.44745122718690966,0.4885828354621981,0.5114171645378018,12.966627801586153,0,6,11,4,False,False,sideways
2024-11-18,3075.99,3224.94,3050.01,3207.805667410437,640658.4357,1731974399999,2006111259.657586,6541040.0,335610.6352,1051440459.598216,0,0.04285546001509344,0.04196258541357317,3113.1011076889527,4.129239999524998,3167.745467404669,24.60686686347799,2885.9225266598214,28.44999961894382,2664.706143572028,11.003447024144407,2596.3819262593734,5.978781569126568,,,0.03651978561694122,0.042401324348830476,0.03345546276543099,3442.5,2357.59,0.7836739152652633,76.13560479620568,161.2405565987674,146.16664474063828,15.073911858129122,2885.9225266598214,3538.326586640106,2233.5184666795367,0.7466900196485154,692477.3071399999,0.925168852602525,27450.839345013006,131.8100000000004,17.139999999999873,25.979999999999563,174.92999999999984,0.7535014005602271,0.5238526748396017,0.47614732516039826,10.20987102566298,0,0,11,4,False,False,sideways
2024-11-19,3207.81,3221.2,3065.4,3107.4811453011253,500112.0194,1732060799999,1561642778.418154,5163295.0,240538.5797,751285220.167402,0,-0.03127512465251692,-0.03177463377608023,3122.833715894275,9.732608205322322,3165.8672279059233,-1.8782394987456428,2908.3354981152565,22.412971455435127,2674.8120783286945,10.105934756666556,2601.902601663499,5.520675404125541,,,0.03437764674356905,0.04342675512270403,0.033647168921560285,3442.5,2357.59,0.6912012473856128,71.07724776731433,153.17959847649536,147.5692354878097,5.610362988685665,2908.3354981152565,3558.7435742712587,2257.9274219592544,0.6530928462349713,689816.56696,0.7249927638067291,-15646.624561064942,100.36999999999989,13.389999999999873,42.039999999999964,155.79999999999973,0.6442233632862648,0.48096940359198254,0.5190305964080174,10.324276961378706,0,1,11,4,False,False,sideways
2024-11-20,3107.45,3159.2,3029.41,3069.9950218905215,503607.8336,1732147199999,1559041767.185464,6338828.0,262555.3379,813254437.229678,0,-0.012063186116925362,-0.012136536839026383,3118.8311205163664,-4.002595377908619,3154.547184580704,-11.320043325219103,2935.907227594755,27.571729479498572,2687.255835770354,12.443757441659727,2605.3792557167244,3.476654053225502,,,0.03391838702081272,0.04128624033501951,0.032472378854365366,3442.5,2357.59,0.6566489587989063,62.77006937530943,142.12805051915166,146.48099849407808,-4.352947974926423,2935.907227594755,3563.0814845229997,2308.7329706665105,0.6068983562499022,653623.6771000001,0.7704859099266554,-6072.582423149658,37.48000000000002,51.75,40.559999999999945,129.78999999999996,0.2887741736651516,0.5213487963901282,0.4786512036098718,12.586833597657524,0,2,11,4,False,False,sideways
2024-11-21,3069.97,3386.73,3032.59,3355.8469043088567,974923.3035,1732233599999,3167224819.418769,8227428.0,517407.4618,1678599533.383094,0,0.09311151333473688,0.08902822899911265,3163.422347963772,44.5912274474058,3152.976935969912,-1.5702486107920777,2978.1252760919383,42.21804849718319,2707.090759837348,19.834924066993608,2611.9136024182812,6.534346701556842,,,0.04165733127056827,0.04503218809072996,0.03427389087147753,3442.5,2357.59,0.9201287704130818,65.60368436002841,154.652736608517,148.11534611696587,6.537390491551122,2978.1252760919383,3598.6461915853956,2357.604360598481,0.8043584984694211,651106.6108100001,1.497332828931287,90773.550579465,285.84000000000015,30.920000000000073,37.379999999999654,354.1399999999999,0.8071384198339646,0.530716067553718,0.46928393244628197,8.439051534067675,0,3,11,4,False,False,sideways
2024-11-22,3355.88,3425.92,3257.54,3327.7715674123806,603273.7093,1732319999999,2008464564.861674,7141711.0,299228.216,996678648.696995,0,-0.008366095861056078,-0.008401288059359927,3213.7800612646643,50.3577133008921,3161.375964477046,8.399028507134062,3019.8005012668377,41.675225174899424,2726.6507534851676,19.559993647819738,2618.576932073033,6.663329654751578,,,0.03964767958969131,0.04507293554886916,0.03429417188653242,3442.5,2357.59,0.8942507373075929,62.73531700698172,160.4634724918219,150.58497139193707,9.87850109988483,3019.8005012668377,3614.932817887161,2424.6681846465144,0.758741676048168,614112.40889,0.9823506259878533,-5038.950975078717,28.09999999999991,70.03999999999996,70.24000000000024,168.3800000000001,0.1668844280793437,0.49600738667561894,0.5039926133243811,11.838259963767992,0,4,11,4,False,False,sideways
2024-11-23,3327.78,3497.51,3312.72,3393.9203106150035,721024.0009,1732406399999,2449223191.454517,6790558.0,377413.2984,1281905367.172234,0,0.019877789644695776,0.01968280604407252,3251.002989905577,37.22292864091287,3182.0520487972653,20.67608432021916,3066.6107401676622,46.810238900824515,2746.2400279986505,19.589274513482906,2626.817032684734,8.24010061170111,,,0.039237478107465015,0.04451703629960668,0.03422017780161507,3497.51,2357.59,0.9091254742569682,59.996840322863214,168.46422259898736,154.16082163334715,14.303400965640208,3066.6107401676622,3621.5064445990047,2511.71503573632,0.7949289099135921,594246.17151,1.2133422737379242,14328.266045086137,66.12999999999965,103.60000000000036,15.0600000000004,184.79000000000042,0.3578656853725824,0.523440687035249,0.47655931296475096,9.417936145709238,0,5,11,4,False,False,sideways
2024-11-24,3393.91,3450.0,3281.4,3361.207938043303,479098.0921,1732492799999,1608242778.282872,5919258.0,229135.6476,769433365.505761,0,-0.00963852111358876,-0.009685272309012512,3301.7483484540126,50.74535854843543,3212.291032174144,30.238983376878878,3114.762668158958,48.151927991295906,2765.170979951492,18.930951952841497,2634.502149493534,7.685116808800103,,,0.03621891183715297,0.04391835733293368,0.034290098809361534,3497.51,2380.74,0.8779497461816692,56.771175470490334,170.20326236271057,157.36930977921983,12.833952583490742,3114.762668158958,3586.3044605864766,2643.2208757314397,0.7613185870711834,581577.9140999999,0.823790038246915,-4617.476183101812,32.710000000000036,56.090000000000146,79.79999999999973,168.5999999999999,0.19400948991696354,0.47826457958879437,0.5217354204112056,12.355002237755729,0,6,11,4,False,False,sideways
2024-11-25,3361.21,3546.66,3300.01,3414.49951407472,949330.37,1732579199999,3272920810.057311,9876856.0,473543.9399,1633463973.646526,0,0.015854888187143867,0.015730512368144985,3370.649246890853,68.90089843684063,3244.7401837036095,32.449151529465325,3164.3618442318952,49.5991760729371,2784.6604588385603,19.489478887068344,2642.5021364607446,7.999986967210589,,,0.036265777678323556,0.04388386722202936,0.03430897570730933,3546.66,2420.3,0.8826658564532833,51.820807847330805,173.87729944092325,160.67090771156052,13.206391729362736,3164.3618442318952,3524.9477844033418,2803.7759040604487,0.8468488950566025,624548.58793,1.5200264452545713,15051.117284689979,53.279999999999745,132.17000000000007,61.19999999999982,246.64999999999964,0.21601459558078176,0.49881890948037405,0.501181090519626,10.404024049077877,0,0,11,4,False,False,sideways
2024-11-26,3414.49,3462.49,3252.0,3324.721991973557,672367.1503,1732665599999,2252619301.964274,7269605.0,320649.414,1076018603.47616,0,-0.026293025297293493,-0.02664486793105453,3364.424264423793,-6.224982467060272,3263.9233061937825,19.18312249017299,3194.503994296744,30.14215006484892,2802.700641252365,18.040182413804814,2649.628171392321,7.126034931576214,,,0.03804442225672858,0.03723326735421947,0.034579754715549305,3546.66,2699.49,0.7380242359544805,53.545570074679055,167.6125711785653,162.05924040496149,5.553330773603818,3194.503994296744,3495.155519546729,2893.8524690467593,0.7165596824571897,649421.38723,1.0353326261210327,-17675.165371967087,89.75999999999976,48.0,72.73000000000002,210.48999999999978,0.42643355978906294,0.4768963115716333,0.5231036884283667,10.811957420520043,0,1,11,4,False,False,sideways
2024-11-27,3324.74,3684.92,3302.4,3653.271050693824,754573.6485,1732751999999,2640023089.760935,6392173.0,422777.0485,1478531171.096091,0,0.09882000946648772,0.09423688536302692,3429.5241610800817,65.09989665628882,3321.6521111723728,57.72880497859023,3232.395355856782,37.891361560037694,2826.9487813259893,24.2481400736242,2659.797916358524,10.169744966203325,,,0.04660885383123397,0.04054096466591881,0.036941977936119114,3684.92,2886.4,0.960365489522897,66.48946683492335,187.0032352449607,167.04803937296134,19.955195871999365,3232.395355856782,3563.795569156302,2900.9951425572617,1.1349961133800683,679896.8563300001,1.1098354720642423,74567.00911492818,328.5400000000004,31.639999999999873,22.33999999999969,382.52,0.8588831956499018,0.5602859963907154,0.4397140036092846,8.471238046421124,0,2,11,4,False,False,sideways
2024-11-28,3653.27,3661.92,3529.76,3578.7801463357355,560976.425,1732838399999,2014252549.702022,5393261.0,281616.1445,1011307244.124802,0,-0.02039019369886097,-0.02060094343857079,3466.496128224228,36.97196714414622,3358.7495590649028,37.09744789253,3263.2475132347854,30.85215737800354,2851.1155151051357,24.166733779146398,2669.8575690641937,10.059652705669578,,,0.04719222570390843,0.04110546129781029,0.03678529879622864,3684.92,2953.71,0.8548435419862084,69.12312550451392,194.1219656018052,172.4628246187301,21.659140983075076,3263.2475132347854,3603.329034746706,2923.165991722865,0.9639073474180073,671928.65526,0.8348749835396326,-11438.251078003921,74.48000000000002,8.650000000000091,49.029999999999745,132.15999999999985,0.563559322033899,0.502010658469293,0.49798934153070695,9.614059984784564,0,3,11,4,False,False,sideways
2024-11-29,3578.8,3647.98,3534.28,3592.2045051950004,425493.2449,1732924799999,1525999121.819639,4240304.0,220911.8759,792537823.50665,0,0.003751099064582153,0.0037440812367227337,3512.6954416545677,46.19931343033977,3407.2218950542897,48.47233598938692,3286.5445614801065,23.297048245321093,2875.2296320720943,24.11411696695859,2679.4724028798933,9.614833815699512,,,0.04486908777670863,0.03971156223819109,0.03679137239028547,3684.92,3014.5,0.8617053566346474,68.71429672666956,198.55799133908295,177.68185796280068,20.87613337628227,3286.5445614801065,3650.1395908675136,2922.9495320926994,0.920330201199225,664466.7778100001,0.6403529252468766,1595.5446803411187,13.409999999999854,55.76999999999998,44.51999999999998,113.69999999999982,0.11794195250659521,0.5191900894970002,0.4808099105029998,9.965620020587076,0,4,11,4,False,False,sideways
2024-11-30,3592.22,3738.98,3568.4,3703.58561910095,503684.7485,1733011199999,1849683070.29735,4641849.0,267000.5769,980789627.359577,0,0.031006339907672764,0.03053535429590911,3570.512662659813,57.8172210052453,3470.580954775333,63.359059721043195,3312.5640696780188,26.019508197912273,2900.5106185836607,25.280986511566425,2690.2797666457877,10.807363765894479,,,0.04399144634444648,0.03999196152859217,0.03687736449571223,3738.98,3014.5,0.9511451235381932,70.23390538712572,208.65584405065465,183.87665518037147,24.77918887028318,3312.5640696780188,3717.184307601222,2907.9438317548156,0.9831957385892637,664474.4693,0.7580197159879052,15618.64260035325,111.38000000000011,35.38000000000011,23.81999999999971,170.57999999999993,0.6529487630437341,0.530094623065602,0.4699053769343981,9.215782319841276,0,5,11,4,False,False,sideways
2024-12-01,3703.59,3746.8,3659.2,3707.6302515566513,429089.2633,1733097599999,1589850114.025915,3667910.0,212029.4008,785774029.012855,0,0.0010920855818321584,0.0010914896901767991,3647.094314576432,76.5816519166192,3505.759289500112,35.17833472477923,3329.3681127350123,16.804043056993578,2925.1354586481834,24.624840064522687,2699.7311958770065,9.451429231218754,,,0.03580964749259235,0.038173649068480794,0.036883500111336766,3746.8,3014.5,0.946511336278371,73.26713492434843,214.5120714815348,190.00373844060417,24.508333040930637,3329.3681127350123,3770.5647637675784,2888.1714617024463,0.9286774819531872,609891.06528,0.7035506629417596,464.58795383763385,4.019999999999982,39.190000000000055,44.39000000000033,87.60000000000036,0.04589041095890371,0.49413821070549263,0.5058617892945073,8.548128125582023,0,6,12,4,False,False,sideways
2024-12-02,3707.61,3760.0,3554.32,3643.4074100748594,737130.569,1733183999999,2685285591.845365,6825848.0,368529.347,1342985979.580745,0,-0.017321803180030626,-0.017473580875288337,3645.1215864526393,-1.9727281237928764,3537.3228737663608,31.563584266248654,3349.3494191217032,19.981306386690903,2948.6255482080637,23.49008955988029,2708.4850456546887,8.753849777682262,,,0.03644228301170575,0.03720964392773934,0.037031783098529454,3760.0,3014.5,0.8436048424880743,66.88665542990202,211.53251221109622,194.30949319470258,17.223019016393636,3349.3494191217032,3809.9941219892376,2888.704716254169,0.8191809100621713,623276.75125,1.1826697651110247,-12761.970979717396,64.19000000000005,52.38999999999987,89.09999999999991,205.67999999999984,0.3120867366783358,0.49995124676480485,0.5000487532351952,9.260025682098663,0,0,12,4,False,False,sideways
2024-12-03,3643.43,3670.0,3500.0,3614.510052404779,678400.2032,1733270399999,2439869839.029021,5200407.0,376625.93,1355330328.945037,0,-0.007931409918685683,-0.00796303086041564,3652.2675676664476,7.145981213808227,3559.381847945338,22.058974178977223,3370.7169483713014,21.367529249598192,2968.3206019435393,19.69505373547554,2717.1687309432327,8.683685288543984,,,0.03663780944561731,0.036947483059743914,0.03618116448383585,3760.0,3014.5,0.8048424579540965,70.80794991902616,204.48227043623228,196.34404864300853,8.13822179322375,3370.7169483713014,3839.262846974004,2902.171049768599,0.7601592552197312,619014.37148,1.0959361114314916,-5383.005493330979,28.919999999999618,26.570000000000164,114.51000000000022,170.0,0.1701176470588213,0.5551677729804076,0.44483222701959235,7.665691984568674,0,1,12,4,False,False,sideways
2024-12-04,3614.51,3887.24,3614.51,3837.8093958147933,968744.0399,1733356799999,3638907449.551761,8222722.0,516513.6315,1939427558.60474,0,0.0617785924433798,0.059945419392685426,3701.388545790406,49.120978123958594,3607.041993722487,47.660145777148955,3409.6665129483154,38.949564577013916,2992.928264859881,24.607662916341724,2728.741935265233,11.573204322000493,,,0.039874497978678834,0.03713126477483283,0.03692417665443048,3887.24,3014.5,0.9433615920145674,77.34056382963209,214.44134748935994,199.96350841227883,14.477839077081114,3409.6665129483154,3898.132548961547,2921.2004769350838,0.9382524590255037,667978.9662599999,1.4502612938907005,59845.13991364559,223.28999999999996,49.4399999999996,0.0,272.72999999999956,0.8187218127818734,0.5331786418560241,0.4668213581439759,8.488023318160288,0,2,12,4,False,False,sideways
2024-12-05,3837.8,3956.0,3677.0,3785.2033635163407,946493.276,1733443199999,3653558567.753712,8753645.0,465065.3016,1796915310.225865,0,-0.013707307183056239,-0.013802119731633268,3717.7120946734844,16.323548883078274,3644.112378666649,37.070384944162015,3444.4262811851295,34.759768236814125,3016.4106205481185,23.482355688237476,2742.020591684842,13.278656419608978,,,0.040809598027007093,0.03757574107035187,0.03704431981716754,3956.0,3029.41,0.8156718327591931,68.33413134125297,215.6037745414851,203.09156163812008,12.512212903365025,3444.4262811851295,3936.045968449806,2952.806593920453,0.8465860818423092,667695.25686,1.4175527926484244,-12972.418134764814,52.600000000000364,118.19999999999982,108.19999999999982,279.0,0.1885304659498221,0.4913561600410144,0.5086438399589855,9.248502046410735,0,3,12,4,False,False,sideways
2024-12-06,3785.21,4087.73,3777.26,3998.8451842990976,803855.1146,1733529599999,3174080080.146193,6677199.0,410529.4137,1621071926.726909,0,0.0564413058600608,0.05490600126338853,3775.955081221974,58.242986548489625,3711.5246978992027,67.41231923255373,3487.7240020464924,43.297720861362905,3044.2710516623274,27.86043111420895,2756.7258529783103,14.705261293468084,,,0.04077736997704752,0.03893729207909797,0.037636107667797444,4087.73,3029.41,0.9160132892689333,74.73570633353313,231.10013728531885,208.69327676755984,22.406860517759014,3487.7240020464924,4015.0527612300884,2960.3952428628963,0.9846323790910976,680844.05329,1.1806743566541873,45376.65706873664,213.65999999999985,88.86000000000013,7.949999999999818,310.4699999999998,0.6881824330853222,0.5107007547053803,0.48929924529461966,8.306470754151498,0,4,12,4,False,False,sideways
2024-12-07,3998.87,4024.46,3968.0,3996.224062237105,283920.02,1733615999999,1134418058.866173,2721543.0,141027.5358,563531840.242212,0,-0.0006554697521884423,-0.0006556846664047696,3846.5184116544233,70.56333043244922,3745.8199990535313,34.29530115432863,3533.736055112952,46.01205306645943,3071.3523224337446,27.081270771417167,2771.4120222325537,14.686169254243396,,,0.02992790363557282,0.038393417626903015,0.03765577048684219,4087.73,3029.41,0.9135366072994038,73.29166119622157,240.39845007072427,215.03431142819275,25.364138642531515,3533.736055112952,4070.3057984371985,2997.166311788705,0.9309672814002427,633778.6904399999,0.4479797511066347,-188.15016567182118,2.650000000000091,25.590000000000146,28.2199999999998,56.460000000000036,0.04693588381154958,0.4967157152214909,0.5032842847785091,9.585597380558088,0,5,12,4,False,False,sideways
2024-12-08,3996.22,4015.58,3923.5,4004.176388581142,251362.1685,1733702399999,1000371580.638359,2614587.0,124696.173,496407855.459141,0,0.0019899600773598536,0.0019879827295992965,3924.451678889696,77.93326723527252,3788.359623278072,42.5396242245406,3573.554591171488,39.81853605853621,3098.4717549978436,27.119432564099043,2786.1938733621582,14.781851129604547,,,0.02824141483442124,0.03785197165245662,0.03765687405268872,4087.73,3029.41,0.9210507111092505,75.34964694937935,245.5782431001735,221.14309776258892,24.435145337584572,3573.554591171488,4126.238349294443,3020.8708330485338,0.8895734143447129,602817.26479,0.4169790468552117,498.79686208592614,7.930000000000291,11.429999999999836,72.7199999999998,92.07999999999993,0.08612076455256622,0.4960817045147349,0.5039182954852651,10.401672676530875,0,6,12,4,False,False,sideways
2024-12-09,4004.15,4006.17,3509.0,3711.990742614751,939642.2001,1733788799999,3566495804.128105,8331026.0,434519.7442,1650765938.051974,0,-0.07297022348956139,-0.07576959256167813,3899.2879482496874,-25.163730640008453,3800.338247020047,11.978623741975298,3603.780071037168,30.225479865679972,3117.77328363399,19.301528636146486,2798.1838893275017,11.990015965343446,,,0.03899701194584232,0.041337254357228244,0.03916357256693033,4087.73,3029.41,0.6449663075579702,59.86969667009524,223.5296163868934,221.6204014874498,1.9092148994435831,3603.780071037168,4113.599516219804,3093.960625854532,0.6061264655556812,654232.16031,1.436251925699834,-68557.98827696638,292.1500000000001,2.019999999999982,203.0,497.1700000000001,0.5876259629502988,0.46243106594590677,0.5375689340540932,8.866168419333851,0,0,12,4,False,False,sideways
2024-12-10,3712.0,3780.76,3515.89,3628.22587717955,942206.0337,1733875199999,3443114495.273664,10461668.0,468842.2362,1713256933.099759,0,-0.022566022181455203,-0.022824531277282734,3867.892450982329,-31.395497267358223,3792.8022728279066,-7.535974192140657,3631.6916138016204,27.911542764452406,3137.0028172997395,19.229533665749386,2810.208845165092,12.024955837590369,,,0.038547713490469586,0.041693716282962416,0.03905059954446768,4087.73,3032.59,0.5645088587102659,60.10950773235812,197.02560771485605,216.70144273293107,-19.67583501807502,3631.6916138016204,4075.2870675099216,3188.096160093319,0.4960935841507188,698084.28883,1.3497023909235257,-21258.015981243287,83.75,68.76000000000022,112.36000000000013,264.87000000000035,0.3161928493223086,0.4976005453487471,0.5023994546512529,11.103376146847106,0,1,12,4,False,False,sideways
2024-12-11,3628.24,3848.64,3562.34,3831.826547361636,461818.7801,1733961599999,1722223536.878177,6195364.0,248830.1039,928595809.300587,0,0.05611576485981007,0.05459780508981336,3834.4887235948363,-33.403727387492836,3805.221902408405,12.419629580498622,3655.4905959542593,23.798982152638928,3161.183793700916,24.180976401176395,2823.146676117766,12.937830952674176,,,0.04264945046798804,0.03847079224809091,0.0395101673432894,4087.73,3252.0,0.6937964981054122,56.48758121849498,190.25670158787216,211.4124945039193,-21.155792916047147,3655.4905959542593,4087.7006467304004,3223.2805451781182,0.7039933489407773,701357.24051,0.658464407901718,25909.96510084914,203.57000000000016,16.829999999999927,65.89999999999964,286.2999999999997,0.7110373733845629,0.538804645073376,0.46119535492662395,13.415140888507146,0,2,12,4,False,False,sideways
2024-12-12,3831.82,3987.41,3796.8,3881.616235933226,572098.6343,1734047999999,2239803483.576607,7005239.0,284607.1551,1114554219.241143,0,0.01299372191204018,0.012910027727144365,3811.5671583340613,-22.92156526077497,3829.0427849942416,23.820882585836443,3683.182829380301,27.69223342604164,3188.3241182825122,27.14032458159636,2837.7101290810083,14.56345296324207,,,0.0420291312887182,0.03830783817016311,0.03895722742156776,4087.73,3252.0,0.7533727829959749,61.20426814155783,186.75708702585598,206.48141300830665,-19.724325982450665,3683.182829380301,4097.58718454605,3268.7784742145527,0.7394200303150263,684854.04704,0.8353584778722725,7435.262183704294,49.789999999999964,105.79999999999973,35.01999999999998,190.60999999999967,0.26121399716699045,0.49747917236026157,0.5025208276397384,12.244809863200192,0,3,12,4,False,False,sideways
2024-12-13,3881.6,3968.47,3852.94,3906.832456652082,387765.6873,1734134399999,1516942852.285181,5124578.0,192195.3238,751955442.548066,0,0.0064963198796990085,0.0064753097370246525,3792.098371948249,-19.46878638581211,3858.2750254189727,29.232240424731117,3708.828436682155,25.645607301853943,3215.7438969580376,27.419778675525322,2852.2712387477022,14.561109666693937,,,0.041700286861432526,0.03821379008214111,0.03895304259086716,4087.73,3252.0,0.783545471207306,61.53985056804949,183.89848824371984,201.9648280553893,-18.06633981166945,3708.828436682155,4111.167522017518,3306.4893513467914,0.746066100941801,655790.59545,0.591294980425752,2516.4345885050107,25.200000000000273,61.66999999999962,28.659999999999854,115.52999999999975,0.21812516229551052,0.4956480939256123,0.5043519060743876,13.215656175465838,0,4,12,4,False,False,sideways
2024-12-14,3906.8,3945.0,3825.03,3870.3098871883058,265538.9479,1734220799999,1031595277.387337,3407748.0,131333.8294,510395698.455933,0,-0.00934838385546577,-0.009392354245093338,3823.76220086296,31.663828914710848,3861.5250745563235,3.250049137350743,3734.2835341394057,25.45509745725076,3244.3378785123077,28.593981554270158,2867.2860396830265,15.014800935324274,,,0.03747194007597548,0.03820689868540075,0.03846019919975492,4087.73,3252.0,0.7398440730718123,56.47038107907556,176.64965473076245,196.90179339046395,-20.2521386597015,3734.2835341394057,4107.3763040612685,3361.1907642175433,0.6822956165532075,585470.08625,0.45354827537100323,-2481.526309979786,36.51000000000022,38.19999999999982,45.25999999999976,119.9699999999998,0.30432608152038243,0.4945934690132889,0.5054065309867112,12.833326436479414,0,5,12,4,False,False,sideways
2024-12-15,3870.3,3974.61,3831.5,3959.105277968015,253833.2141,1734307199999,987865003.127543,3637695.0,137576.2363,535670221.160293,0,0.02294270830189693,0.02268348178626942,3889.938081020653,66.17588015769297,3878.9152660014915,17.390191445168057,3761.5138223340705,27.23028819466481,3273.8703871435246,29.532508631216842,2884.6247879264242,17.33874824339773,,,0.037613625736651245,0.03831866496070083,0.0384909622804948,4087.73,3252.0,0.8460929701793819,59.157093996819086,176.04066073317108,192.7295668590054,-16.688906125834308,3761.5138223340705,4115.333504689204,3407.694139978937,0.7792262068615207,516204.08005999995,0.4917303522097234,5823.953608664999,88.78999999999996,15.519999999999982,38.80000000000018,143.11000000000013,0.6204318356508971,0.5419946195291863,0.45800538047081374,14.33104415786539,0,6,12,4,False,False,sideways
2024-12-16,3959.09,4107.8,3884.0,3986.2310196150706,673351.0723,1734393599999,2686550997.110245,7117624.0,357970.2261,1428720574.045161,0,0.006851482782740614,0.00682811803597427,3920.81897547134,30.88089445068681,3877.6538495330883,-1.2614164684032403,3794.5892737161457,33.075451382075244,3303.4391511486947,29.568764005170124,2901.751191484076,17.126403557651884,,,0.033096906981068694,0.037459468154794395,0.038493672616724005,4107.8,3302.4,0.8490576354793524,62.83004441022928,175.721244134445,189.3279023140933,-13.60665817964832,3794.5892737161457,4096.33010088429,3492.848446548002,0.8175601851719804,503153.67582999996,1.338261260218845,4617.596875278115,27.149999999999636,121.5600000000004,75.09000000000015,223.80000000000018,0.12131367292225029,0.5316249439943158,0.46837505600568413,10.570450234359862,0,0,12,4,False,False,sideways
2024-12-17,3986.24,4041.82,3847.96,3893.0552537660624,450825.9861,1734479999999,1788532842.700757,6874200.0,212006.098,841864072.770541,0,-0.0233744018825095,-0.02365191623230165,3923.106779037907,2.287803566567163,3867.336968685984,-10.31688084710413,3806.578483869758,11.989210153612476,3329.950826598729,26.51167545003409,2917.7086176796797,15.957426195603603,,,0.03393027272146569,0.03169173662189421,0.038726443653799646,4107.8,3500.0,0.6466851822409712,59.94593150164461,166.03564303769417,184.6694504588135,-18.633807421119315,3806.578483869758,4103.696443103888,3509.4605246356286,0.6455259892724295,519844.2724400001,0.8672327656587462,-10543.897679041605,93.22999999999956,55.58000000000038,45.05000000000018,193.86000000000013,0.4809140616940034,0.4702614856654999,0.5297385143345001,15.248011898043515,0,1,12,4,False,False,sideways
2024-12-18,3893.01,3907.19,3617.42,3626.7981047294616,722505.0618,1734566399999,2735374632.738641,6584244.0,338987.7414,1283903825.654028,0,-0.0683928512905202,-0.07084406741886842,3867.0999086533834,-56.00687038452361,3829.5991403008165,-37.73782838516763,3808.979381789444,2.400897919685576,3349.7106751926867,19.75984859395794,2930.3816327957484,12.673015116068655,,,0.039785332307623524,0.03522926267992843,0.04014093871389331,4107.8,3500.0,0.20861813874541218,42.689743331934395,135.31517851694753,174.7985960704403,-39.483417553492785,3808.979381789444,4099.03899598754,3518.9197675913474,0.18595890613099722,566958.5617699999,1.2743525021377158,-49406.00525089277,266.21000000000004,14.179999999999836,9.38000000000011,289.77,0.9186941367291301,0.4691838982490572,0.5308161017509428,9.113076638655599,0,2,12,4,False,False,sideways
2024-12-19,3626.8,3720.0,3326.8,3417.0215775842566,1078153.4851,1734652799999,3807975330.681162,6357638.0,498105.4058,1759867070.362796,0,-0.05784069614232168,-0.059580906328205126,3776.4422467325735,-90.65766192080991,3800.102223797766,-29.49691650305067,3800.220235408907,-8.759146380537004,3364.8666724205236,15.155997227836906,2940.666273710969,10.284640915220734,,,0.0372975661011055,0.03761150088276945,0.04117933181921559,4107.8,3326.8,0.11552058589533479,38.49737819675161,92.97007533364649,158.43289192308154,-65.46281658943505,3800.220235408907,4126.1987217009855,3474.241749116828,-0.08776679127422807,580809.6902699999,1.856293899984349,-62365.12066811766,209.78999999999996,93.19999999999982,90.21000000000004,393.1999999999998,0.5335452695829096,0.4619986047290847,0.5380013952709152,5.896783795500435,0,3,12,4,False,False,sideways
2024-12-20,3417.01,3497.84,3101.9,3472.2157889433456,1332783.731,1734739199999,4421584295.580899,7029546.0,616548.6946,2043875039.787976,0,0.016152725438189908,0.01602365817250301,3679.0643489276395,-97.37789780493404,3784.5012149741465,-15.601008823619395,3788.6517439010263,-11.56849150788048,3383.939779553379,19.07310713285551,2951.9832163649826,11.316942654013474,,,0.03758134798068964,0.037071973612179204,0.04031817678579096,4107.8,3101.9,0.36814374087219953,31.739338815723386,63.137181434250124,139.37374982531526,-76.23656839106513,3788.6517439010263,4144.154780282134,3433.1487075199184,0.05494619936459047,619867.46,2.150110817238253,21530.42044102871,55.19999999999982,25.63000000000011,315.1100000000001,395.94000000000005,0.13941506288831593,0.4626022063890275,0.5373977936109725,5.274333589535691,0,4,12,4,False,False,sideways
2024-12-21,3472.2,3555.18,3293.11,3338.9324588584973,475275.82,1734825599999,1627460721.692153,2732677.0,227433.379,779411940.386095,0,-0.03838567018480399,-0.039141813258156036,3549.6046367763242,-129.45971215131522,3735.2118061238325,-49.289408850313976,3770.216854266119,-18.43488963490745,3400.488710043245,16.548930489866052,2961.7548943868037,9.771678021821117,,,0.032379192508452,0.03790868306702514,0.0408097341559804,4107.8,3101.9,0.23564217005517166,29.102287856616314,28.412031034117263,117.18140606707567,-88.76937503295841,3770.216854266119,4177.829284261578,3362.6044242706594,-0.029037344877370117,621213.16399,0.7650768649964583,-18244.724267195805,133.27999999999975,82.98000000000002,45.809999999999945,262.0699999999997,0.5085664135536303,0.47852924434489424,0.5214707556551057,5.749665531059417,0,5,12,4,False,False,sideways
2024-12-22,3338.92,3403.0,3221.1,3281.821064385305,361920.2495,1734911999999,1201895225.016952,2546556.0,178324.6442,592471146.242741,0,-0.017104686955158543,-0.017252661917370505,3427.357798900173,-122.2468378761514,3675.2322889690404,-59.97951715479212,3752.1375369816415,-18.079317284477384,3416.239790052664,15.751080009418729,2970.1813433919665,8.426449005162794,,,0.031046246252090497,0.03790485999293487,0.04090386471745333,4107.8,3101.9,0.17886575642241256,27.72981583538366,-3.673961927200253,93.0103324682205,-96.68429439542075,3752.1375369816415,4212.14098555683,3292.1340884064525,-0.011209724680424785,600195.32551,0.6030041123570362,-6188.236628596989,57.090000000000146,64.07999999999993,60.73000000000002,181.9000000000001,0.3138537658053882,0.49271806273995183,0.5072819372600482,7.0362352024185375,0,6,12,4,False,False,sideways
2024-12-23,3281.83,3466.99,3216.97,3422.4831664413996,488253.41,1734998399999,1627069583.878682,4032824.0,251606.2172,838574859.785712,0,0.0428609906806241,0.04196788878597437,3386.4948112425614,-40.862987657611484,3626.7973599479715,-48.43492902106891,3742.5361926834717,-9.601344298169806,3435.535142729522,19.295352676857874,2980.228549697156,10.04720630518932,,,0.03577039205979886,0.03933907843860032,0.041110627968773704,4107.8,3101.9,0.3187028198045526,40.154649546799654,-17.549783463049152,70.89830928196656,-88.44809274501571,3742.5361926834717,4222.2295231372555,3262.8428622296883,0.16639829457363275,610244.09778,0.8000952598742233,20932.606133468216,140.70000000000027,44.45999999999958,64.86000000000013,250.01999999999998,0.562754979601633,0.5153189144137263,0.48468108558627365,8.25969448938411,0,0,12,4,False,False,sideways
2024-12-24,3422.53,3539.65,3358.19,3493.171271567532,315723.6763,1735084799999,1087476459.253163,2764397.0,158218.8988,544905389.45923,0,0.0206540402650488,0.020443637751199294,3401.724750039216,15.229938796654551,3589.083498385894,-37.713861562077454,3725.3042864711088,-17.2319062123629,3457.4351805965243,21.90003786700254,2991.9992794302143,11.770729733058488,,,0.03729576189448366,0.036825174945989685,0.040894138248081136,4107.8,3101.9,0.388976311330681,45.36595145942477,-22.582218918817034,52.202203641809845,-74.78442256062688,3725.3042864711088,4215.23857688861,3235.3699960536082,0.26309780776340114,615262.5706199999,0.5131527438469812,6517.3651452565755,70.64999999999964,46.470000000000255,64.34000000000015,181.46000000000004,0.38934200374738026,0.5011309276965998,0.49886907230340016,8.755748166866256,0,1,12,4,False,False,sideways
2024-12-25,3493.17,3547.95,3440.93,3496.9958490436015,219846.0452,1735171199999,766349902.713217,2133099.0,110386.2104,384894251.076681,0,0.001094872589614937,0.0010942736537536328,3406.680762059267,4.956012020051276,3542.8725554934535,-46.21094289244047,3710.8939107474716,-14.410375723637117,3478.9247777250766,21.489597128552305,3004.012751265469,12.013471835254677,,,0.03578946663007567,0.036769409957550035,0.04090606305049131,4107.8,3101.9,0.39277845615230284,36.68583449822691,-25.96256850665395,36.56924921211709,-62.531817718771045,3710.8939107474716,4210.273063612636,3211.514757882307,0.2858360120995841,611863.85373,0.3593054955931626,240.41472030187654,3.8299999999999272,50.94999999999982,52.24000000000024,107.01999999999998,0.035787703233039876,0.502106873469471,0.49789312653052903,9.70269443809854,0,2,12,4,False,False,sideways
2024-12-26,3497.0,3514.94,3304.63,3335.0276395136693,310170.1719,1735257599999,1047464157.032189,2543314.0,164346.2488,554727435.330121,0,-0.04631638598433829,-0.04742330403206922,3405.899798190302,-0.7809638689650455,3477.752217483313,-65.12033801014059,3677.703033508201,-33.190877239270776,3491.187750701819,12.262972976742276,3013.9452382600844,9.932486994615374,,,0.03665799748000866,0.03512441940582031,0.038083059525745255,4107.8,3101.9,0.23176025401498082,30.045703865916096,-41.23566175299766,21.008267019094145,-62.243928772091806,3677.703033508201,4184.681625037004,3170.724441979398,0.16204155390350136,575545.7636899999,0.5389148725748656,-14364.32923626107,161.94999999999982,17.940000000000055,30.420000000000073,210.30999999999995,0.7700537302077879,0.5298583283920216,0.4701416716079784,8.199737532530929,0,3,12,4,False,False,sideways
2024-12-27,3335.04,3444.16,3306.6,3333.518951859385,342529.6038,1735343999999,1152635224.265439,3133395.0,171567.6704,577327628.470155,0,-0.00045237635706796286,-0.00045247871012141146,3416.2393756851175,10.33957749481533,3421.798587292645,-55.95363019066781,3644.567777989315,-33.13525551888597,3499.9492533491452,8.761502647326324,3023.532787400264,9.587549140179817,,,0.03693525455251474,0.03512681771737172,0.03712371141691832,4107.8,3101.9,0.23026041540847508,28.701383381232176,-52.85218953092499,6.236175709090318,-59.08836524001531,3644.567777989315,4150.5171766298445,3138.6183793487853,0.19260875992173496,564716.12546,0.6065518379185403,-158.16722083685934,1.5299999999997453,109.11999999999989,26.91000000000031,137.55999999999995,0.011122419307936508,0.500884211164933,0.4991157888350671,9.147807854382016,0,4,12,4,False,False,sideways
2024-12-28,3333.51,3428.68,3322.23,3403.990076698986,175963.613,1735430399999,592591876.178986,1445334.0,88404.9578,297871890.109462,0,0.021140160250264328,0.02091980718519805,3412.540757736635,-3.698617948482479,3399.517784489598,-22.28080280304721,3614.558462395207,-30.009315594108102,3508.794314907612,8.845061558466568,3032.9202770221664,9.387489621902205,,,0.033151116204282544,0.03568241033242035,0.03710580870902677,4107.8,3101.9,0.30031819932298015,33.10242392464194,-55.72952538647314,-6.156964510022373,-49.572560876450765,3614.558462395207,4101.541844479605,3127.575080310809,0.2838033150177104,510061.98058000003,0.34498476596885114,3720.905316129237,70.48999999999978,24.679999999999836,11.2800000000002,106.44999999999982,0.6621888210427421,0.5024047659216908,0.49759523407830913,8.213823161269142,0,5,12,4,False,False,sideways
2024-12-29,3404.01,3413.78,3326.17,3356.540402824442,156256.8819,1735516799999,527250656.145704,1170497.0,74717.2883,252109610.012067,0,-0.013939427790740866,-0.014037494005473798,3385.214583988017,-27.326173748618203,3393.469667013616,-6.048117475982053,3596.7859454056916,-17.772516989515225,3513.399852158329,4.605537250717134,3040.8717631672744,7.951486145107992,,,0.0280039334252557,0.03225644361566241,0.0364095553523919,4107.8,3101.9,0.25314683648915587,27.49098223053761,-61.133913213303,-17.1523542506785,-43.981558962624504,3596.7859454056916,4094.621025085326,3098.950865726057,0.25870970891017586,417872.32026,0.37393451139040995,-2181.3534159482965,47.5300000000002,9.769999999999982,30.309999999999945,87.61000000000013,0.5425179773998416,0.4781695845423113,0.5218304154576887,7.490850871765668,0,6,12,4,False,False,sideways
2024-12-30,3356.48,3437.59,3305.0,3361.8497434953492,420794.6476,1735603199999,1420731724.372564,2700666.0,215138.5269,726878029.720071,0,0.0015817895909846502,0.001580539879509744,3358.185362878366,-27.029221109650734,3382.433062468817,-11.036604544799047,3583.467138721481,-13.318806684210358,3516.9729379253813,3.573085767052362,3048.366131845381,7.494368678106639,,,0.027359098370815547,0.031996336767472315,0.03633492882153478,4107.8,3101.9,0.2584250357842222,26.289562320801096,-64.2479002809373,-26.571463456730264,-37.67643682420704,3583.467138721481,4091.9007763901063,3075.033501052856,0.2820586810086585,326673.41192,1.2881202823541993,671.9716223949347,5.360000000000127,75.75,51.48000000000002,132.59000000000015,0.040425371445811306,0.5112672609479265,0.4887327390520735,6.4180141439612735,0,0,12,4,False,False,sideways
2024-12-31,3361.83,3451.0,3315.59,3337.80063291681,303053.1685,1735689599999,1024862944.046191,2021786.0,146510.7501,495460792.490612,0,-0.007153535230142394,-0.007179244444504067,3358.7399615589943,0.5545986806282599,3382.319879874648,-0.11318259416884757,3558.76584299924,-24.70129572224141,3516.2979627753825,-0.6749751499987724,3055.9341929837947,7.568061138413668,,,0.02448846629704519,0.0287770943026848,0.035393646264613804,4107.8,3101.9,0.23451698271876933,27.74626092956227,-67.87391150223266,-34.831953065830746,-33.04195843640191,3558.76584299924,4064.3898315610645,3053.141854437415,0.28149255664181044,309451.14677,0.97932475501616,-2168.889427846053,24.049999999999727,89.17000000000007,22.190000000000055,135.40999999999985,0.1776087438150783,0.4834489961783719,0.5165510038216281,6.671390403232164,0,1,12,4,False,False,sideways
2025-01-01,3337.78,3374.85,3313.88,3360.3755880842436,190238.5861,1735775999999,636613395.695965,1182219.0,99518.0217,333085258.287462,0,0.006763422280169573,0.0067406529477831096,3364.1112888039665,5.371327244972235,3390.1753322445416,7.855452369893555,3532.7038106067907,-26.062032392449055,3518.6298488902457,2.3318861148632095,3063.0681793139534,7.1339863301586774,,,0.023762898285574464,0.028588331406034426,0.0349683080145801,4107.8,3101.9,0.256959526875677,36.73024603024592,-68.14046049129001,-41.4936545509226,-26.646805940367415,3532.7038106067907,4021.721281174621,3043.6863400389607,0.323801568559048,292282.98043,0.6508712406727389,1288.0992893060748,22.59999999999991,14.4699999999998,23.90000000000009,60.9699999999998,0.3706741020173853,0.5231221685367646,0.47687783146323537,6.214401737503242,0,2,1,1,False,False,sideways
2025-01-02,3360.39,3509.99,3354.5,3455.6989790551283,338632.8874,1735862399999,1166286232.162882,2373075.0,169044.3627,582161055.521965,0,0.02836688592456671,0.027971996284573215,3374.453069275195,10.341780471228503,3393.4969135059146,3.3215812613730122,3510.1471367269432,-22.556673879847494,3524.0006391230922,5.3707902328465025,3071.093057421574,8.02487810762068,,,0.021356061245406587,0.029526134351893166,0.035067088561456974,4107.8,3101.9,0.35172380858447977,52.17430905214699,-59.968620556363476,-45.18864775201078,-14.779972804352695,3510.1471367269432,3967.067569863215,3053.2267035906716,0.4404183379389642,277320.92816999997,1.221086665310796,9602.582993692937,95.2800000000002,54.31999999999971,5.889999999999873,155.48999999999978,0.6127725255643471,0.4991965310809324,0.5008034689190676,7.0078101929800924,0,3,1,1,False,False,sideways
2025-01-03,3455.68,3630.0,3423.44,3609.0455009540437,334041.0604,1735948799999,1179953901.101814,2293811.0,169194.075,597682226.030962,0,0.04437496518890782,0.04341858703553522,3424.954088901115,50.50101962591998,3405.084336444566,11.587422938651343,3497.08391741523,-13.063219311713056,3535.0051870566836,11.004547933591311,3081.3842124692856,10.291155047711527,,,0.02479990590109292,0.031550627915637765,0.035017396277059167,4107.8,3101.9,0.5041708926871892,56.92759193545384,-40.65000779995398,-44.28091976159942,3.630911961645438,3497.08391741523,3924.644455741064,3069.5233790893963,0.6309306794041528,279152.66658,1.1966250026999832,14822.554295328011,153.33000000000038,20.98999999999978,32.23999999999978,206.55999999999995,0.7423024786986853,0.50650681924371,0.49349318075629,6.866853425902967,0,4,1,1,False,False,sideways
2025-01-04,3609.0,3671.6,3572.42,3656.8740867003057,229266.3133,1736035199999,829864804.859837,1567855.0,116823.1483,422850861.086886,0,0.013252419714192776,0.01316537459566509,3483.9589575421064,59.00486864099139,3421.0721602102362,15.987823765670328,3481.9723578518447,-15.111559563385526,3546.3425088150875,11.33732175840396,3091.6304865254374,10.246274056151833,,,0.02496384731838934,0.031203619666443874,0.035031259665182155,4107.8,3101.9,0.5517189449252466,67.62199680287591,-21.235708825287475,-39.67187757433703,18.436168749049557,3481.9723578518447,3859.1753723311663,3104.769343372523,0.7318403116288579,280094.69339000003,0.8185314420818846,3040.9941833552657,47.88000000000011,14.7199999999998,36.57999999999993,99.17999999999984,0.4827586206896571,0.5095521737078501,0.49044782629214984,6.838575530058039,0,5,1,1,False,False,sideways
2025-01-05,3656.88,3675.25,3593.7,3635.9900433669654,155444.1741,1736121599999,564147572.800669,1461192.0,76901.3758,279135355.270006,0,-0.005710900303976474,-0.005727269848091244,3543.5968396321377,59.637882090031326,3451.168400595566,30.096240385329565,3464.46030903944,-17.512048812404828,3556.4044943409904,10.061985525902855,3101.0459851592464,9.415498633808966,,,0.018087931971900104,0.031110722406303762,0.03502771698426967,4041.82,3101.9,0.5682292571356767,70.45119019676727,-7.449036916453224,-33.22730944276027,25.77827252630705,3464.46030903944,3768.520986690394,3160.399631388486,0.7820649740911795,264622.09361,0.5874194855743738,-887.9779475807456,20.890000000000327,18.36999999999989,42.289999999999964,81.55000000000018,0.2561618638871892,0.49472021865887345,0.5052797813411265,9.400107842317649,0,6,1,1,False,False,sideways
2025-01-06,3636.0,3744.83,3610.63,3687.471317837539,329642.3648,1736207999999,1210642823.302069,2753873.0,166824.6196,612822771.954551,0,0.014158805127777896,0.014059505458575185,3609.0159855827965,65.41914595065873,3486.563637193381,35.395236597815256,3454.181112243013,-10.279196796426731,3568.634260679583,12.229766338592526,3111.1684786137334,10.122493454487085,,,0.017843979288858752,0.03102012686079817,0.03491636532564528,3907.19,3101.9,0.7271558293751804,67.05842397704455,7.544144302268251,-25.07301869375457,32.61716299602282,3454.181112243013,3706.779524626544,3201.582699859482,0.9617808231516346,263333.36971000006,1.2518062756840265,4665.413296683427,51.44999999999982,57.38000000000011,25.36999999999989,134.19999999999982,0.3833830104321899,0.5060776083839088,0.49392239161609114,8.354123420000414,0,0,1,1,False,False,sideways
2025-01-07,3687.44,3700.86,3356.31,3381.314004437816,541543.2874,1736294399999,1899318756.158016,3538701.0,254553.4502,892893276.020809,0,-0.08302635790514146,-0.0866765507648866,3594.1389906593345,-14.876994923462007,3484.2960299672645,-2.2676072261165245,3441.9069072284306,-12.274205014582549,3572.104427420131,3.4701667405479384,3118.405285496079,7.236806882345718,,,0.033943508429921505,0.032784870043145856,0.0365730183526672,3744.83,3101.9,0.4345947528312818,44.474420572197054,-5.217840077369601,-21.101982970477575,15.884142893107974,3441.9069072284306,3682.772961876743,3201.040852580118,0.37421867543958,299891.33715,1.8057983686575458,-44960.08407019373,306.1300000000001,13.420000000000073,25.0,344.5500000000002,0.8884922362501813,0.47005189820029886,0.5299481017997012,6.534474865323572,0,1,1,1,False,False,sideways
2025-01-08,3381.31,3415.1,3208.2,3327.25549896822,584749.9627,1736380799999,1944382187.656659,3766197.0,275577.2269,916259778.418379,0,-0.01598742542060483,-0.016116602967434134,3537.7809902621693,-56.35800039716514,3481.3675395816417,-2.9284903856228084,3437.4186032976295,-4.488303930801067,3576.4999144934723,4.395487073341428,3125.655996411083,7.250710915003765,,,0.034042099779400016,0.03034340417885194,0.0363549188139487,3744.83,3101.9,0.3505132735573388,42.01154769679273,-19.46944263360774,-20.775474903103607,1.3060322694958657,3437.4186032976295,3683.525527291761,3191.311679303498,0.2761885311035856,342740.64523,1.7061004314431307,-9341.998510948091,54.01999999999998,33.789999999999964,119.09000000000015,206.9000000000001,0.261092315128081,0.4712736117631564,0.5287263882368436,6.4406964347806355,0,2,1,1,False,False,sideways
2025-01-09,3327.29,3357.27,3158.0,3219.2029980508833,501818.4247,1736467199999,1638958679.714368,3685889.0,237793.7346,777185110.082679,0,-0.032474963509969035,-0.03301397690394121,3450.2467725322845,-87.53421772988486,3467.1028650371954,-14.26467454444628,3424.7679637530064,-12.650639544623118,3579.4840740166796,2.9841595232073814,3133.369954893517,7.713958482434009,,,0.03550100792725898,0.030850444579473325,0.03662975911813367,3744.83,3158.0,0.10429425566328113,44.257550204359426,-39.03292684476537,-24.426965291435963,-14.605961553329408,3424.7679637530064,3688.708694064062,3160.8272334419507,0.11058498728130431,350843.02294,1.4303218017415706,-16302.02162294935,108.09000000000015,29.980000000000018,61.19999999999982,199.26999999999998,0.5424298690219308,0.47386409684371245,0.5261359031562877,7.345065104382167,0,3,1,1,False,False,sideways
2025-01-10,3219.2,3322.49,3193.97,3267.0249235474907,454142.1333,1736553599999,1482940591.671988,3199118.0,222519.1849,726413490.668374,0,0.014855206560618228,0.014745948682894224,3376.4537485683895,-73.79302396389494,3460.025294100263,-7.077570936932261,3421.172586987456,-3.5953767655505544,3577.707634401452,-1.7764396152274458,3142.3991971194,9.029242225883081,,,0.03594555537620242,0.029948852557416777,0.03423348354955859,3744.83,3158.0,0.18578621329429434,46.84805142305819,-50.10076882990643,-29.561725999130054,-20.539042830776374,3421.172586987456,3691.9080245440027,3150.437149430909,0.21531679629533323,365951.91942,1.2409885266342457,6748.931305004967,47.840000000000146,55.44999999999982,25.230000000000018,128.51999999999998,0.3722377840024911,0.48997696664494883,0.5100230333550512,7.0443100637982585,0,4,1,1,False,False,sideways
2025-01-11,3267.05,3320.18,3217.56,3282.8218079704625,151679.7487,1736639999999,494933295.358262,1208777.0,74202.7876,242350177.143991,0,0.004835250661576973,0.00482359838312568,3295.5238465949747,-80.92990197341487,3452.2699160888856,-7.755378011377616,3421.2226241667136,0.05003717925774254,3576.808639212614,-0.8989951888383985,3151.7296963488902,9.330499229490215,,,0.03590119311087962,0.029715441632553918,0.03421824522299548,3744.83,3158.0,0.21270522633550176,43.942398442210084,-56.94105574372679,-35.0375919480494,-21.90346379567739,3421.2226241667136,3691.8499684832404,3150.5952798501867,0.2442963190844882,362096.03568000003,0.41889370154288563,733.0865958093434,15.779999999999745,37.34999999999991,49.49000000000024,102.61999999999989,0.15377119469888678,0.48920695238467254,0.5107930476153274,7.969270850987374,0,5,1,1,False,False,sideways
2025-01-12,3282.83,3300.0,3224.49,3267.298217238388,164879.9709,1736726399999,538751712.045787,1151908.0,78312.5332,255990007.31399,0,-0.004728733888139769,-0.004739949721996331,3272.720689155089,-22.80315743988558,3433.4298399072113,-18.84007618167425,3413.4633767065634,-7.7592474601501635,3574.276197345082,-2.5324418675318157,3160.258112671866,8.528416322975772,,,0.03430796382002931,0.02799572029300927,0.03410773308340988,3744.83,3158.0,0.18625192515445385,45.39137298935116,-62.88970309080332,-40.60801417660019,-22.28168891420313,3413.4633767065634,3692.7003156159603,3134.2264377971665,0.23827753584635702,344720.74403000006,0.47830011322338917,-779.9934654176325,15.529999999999745,17.170000000000073,42.8100000000004,75.51000000000022,0.20566812342735666,0.47496692759302284,0.5250330724069772,6.986342814790005,0,6,1,1,False,False,sideways
2025-01-13,3267.3,3339.0,2920.0,3137.474314573182,845907.5669,1736812799999,2614824635.154439,4900248.0,410956.8014,1271030799.211468,0,-0.039734329110287736,-0.04054529229572987,3234.764452276081,-37.956236879007974,3386.272721269125,-47.157118638086104,3395.6785288568453,-17.784847849718062,3569.801524875679,-4.474672469402776,3167.486252413586,7.228139741720042,,,0.030996196046310473,0.028679315227464437,0.03454069404620194,3744.83,2920.0,0.26365955963432686,39.73319265229023,-77.18995517829126,-47.9244023769384,-29.265552801352854,3395.6785288568453,3697.903130209416,3093.453927504275,0.07282727294849417,395907.39468,2.1366298742253136,-33602.7738830077,129.78999999999996,71.69999999999982,217.51000000000022,419.0,0.309761336515513,0.4858176206013083,0.5141823793986917,5.792888244229749,0,0,1,1,False,False,sideways
2025-01-14,3137.51,3256.67,3125.65,3225.629521297366,374308.4517,1736899199999,1197715520.899026,2446285.0,180843.3605,578754045.677244,0,0.028097507066341176,0.0277100137667291,3236.0497569253776,1.2853046492964495,3343.1482647288312,-43.12445654029398,3382.110212469534,-13.56831638731137,3566.024125020132,-3.7773998555471735,3175.342291929346,7.856039515760131,,,0.032724773457284,0.02959993887237634,0.03470411238182606,3744.83,2920.0,0.37053637876576506,45.151783441288146,-80.48187459444262,-54.435896820439254,-26.04597777400336,3382.110212469534,3689.504388460774,3074.716036478294,0.24547225778176854,410411.60851999995,0.9120318332364115,10512.814545229809,88.11999999999989,31.039999999999964,11.860000000000127,131.01999999999998,0.672569073423904,0.48313993359931395,0.516860066400686,6.535478931586199,0,1,1,1,False,False,sideways
2025-01-15,3225.63,3473.75,3186.36,3451.5191258657396,464188.034,1736985599999,1537407357.366771,2689488.0,233981.7183,775803015.406068,0,0.07002961842856625,0.06768632886507023,3272.948597389028,36.89884046365023,3324.701172978708,-18.447091750123036,3387.9347867871375,5.824574317603492,3568.5600676979757,2.53594267784365,3185.63035447517,10.288062545823777,,,0.04183238661321973,0.032091910068427425,0.03589866405051587,3744.83,2920.0,0.6443983922332356,53.350512445171205,-64.12415782278867,-56.37354902090914,-7.750608801879537,3387.9347867871375,3695.9865314396457,3079.8830421346292,0.6032039911838954,441285.99451,1.0518984055123486,32506.962980955614,225.88999999999987,22.230000000000018,39.26999999999998,287.3899999999999,0.7860050802045999,0.5040666737652268,0.49593332623477315,5.793962366552517,0,2,1,1,False,False,sideways
2025-01-16,3451.51,3460.79,3265.44,3308.089711345811,471282.6787,1737071999999,1573512574.074851,2667507.0,227669.8721,760336218.428321,0,-0.04155544538202505,-0.04244356416021817,3278.0021780640977,5.053580675069952,3286.7630123295357,-37.93816064917246,3386.663324761458,-1.2714620256792841,3561.6564409110156,-6.903626786960103,3194.3026111185027,8.67225664333273,,,0.0427856428407803,0.03355433395036144,0.033533928766167516,3744.83,2920.0,0.470508724641212,44.75912147102412,-62.01918592268021,-57.50267640126336,-4.51650952141685,3386.663324761458,3695.868498762936,3077.4581507599805,0.37294259601349394,455450.02590000007,1.034762656492803,-19589.898338438976,143.46000000000004,9.279999999999745,42.61000000000013,195.3499999999999,0.734374200153571,0.4830855925535207,0.5169144074464793,5.660099809647428,0,3,1,1,False,False,sideways
2025-01-17,3308.04,3525.72,3307.5,3473.6813629269054,518550.1813,1737158399999,1773013467.309093,3165882.0,269301.5133,920836504.156446,0,0.05005657827632737,0.04884404679043024,3319.278807201801,41.27662913770337,3295.999748178445,9.23673584890912,3390.147889072855,3.4845643113967526,3559.5544652428384,-2.101975668177147,3205.3349901739875,11.032379055484853,,,0.03796208356269832,0.03509372859119253,0.03419437569515923,3744.83,2920.0,0.6712672464955269,45.235316040617306,-46.45362962498484,-55.29286704600766,8.839237421022816,3390.147889072855,3701.7367940519207,3078.558984093789,0.6340443650579644,453150.71529,1.1443216656254127,25955.33290598812,165.59000000000015,52.08999999999969,0.5399999999999636,218.2199999999998,0.758821372926406,0.5193354915523583,0.48066450844764175,6.105256760422233,0,4,1,1,False,False,sideways
2025-01-18,3473.64,3494.39,3227.0,3307.6878892164955,634197.1281,1737244799999,2100633661.764419,3931387.0,309754.3291,1025970289.517671,0,-0.047786039180791384,-0.048965520683317776,3353.3215221304636,34.04271492866246,3294.042987203273,-1.9567609751720738,3387.705263392457,-2.4426256803981232,3553.8641329232687,-5.690332319569734,3214.546882497681,9.211892323693519,,,0.04097321968188374,0.036663664013641725,0.03484890943851908,3744.83,2920.0,0.4700215671307973,38.65290713490786,-46.97065174329009,-53.628423985464146,6.657772242174055,3387.705263392457,3701.1637898672598,3074.246736917654,0.37236369819662024,458095.43182999996,1.3844214197170857,-30292.802484534044,165.92999999999984,20.75,80.71000000000004,267.3899999999999,0.6205542466060807,0.4884196338573738,0.5115803661426263,6.198998427788687,0,5,1,1,False,False,sideways
2025-01-19,3307.71,3448.99,3130.48,3215.120427220334,1342301.5217,1737331199999,4408659681.01233,7064813.0,651932.4312,2143657478.900286,0,-0.027985549149889155,-0.028384607502468986,3351.2197033150574,-2.1018188154062045,3293.6347301202172,-0.40825708305555963,3380.368797578706,-7.336465813750692,3544.094829085656,-9.769303837612824,3222.3027238346585,7.755841336977483,,,0.04059879991817563,0.03718514123520658,0.03473991882765744,3744.83,2920.0,0.3577954575128621,36.93229666713567,-54.224746932615744,-53.74768857489447,-0.47705835772127614,3380.368797578706,3703.1063381017225,3057.6312570556897,0.24398954318952676,542143.74153,2.4759144464378595,-37573.94024693917,92.59000000000015,141.27999999999975,84.63999999999987,318.50999999999976,0.290697309346646,0.485682553927481,0.5143174460725191,5.263208664959677,0,6,1,1,False,False,sideways
2025-01-20,3215.2,3453.69,3142.78,3283.991189056486,1158354.7814,1737417599999,3830020315.131607,7137551.0,572672.7028,1895320599.961986,0,0.021420896478112628,0.0211946936848611,3317.714115953206,-33.50558736185121,3295.331356671117,1.696626550899964,3377.6783253856906,-2.6904721930154665,3535.6220478356536,-8.4727812500023,3230.3787532419187,8.076029407260194,,,0.04090672396891291,0.03750677483132808,0.03489818359933822,3744.83,2920.0,0.44129237425467777,37.60606538142637,-53.796245103333604,-53.7573998805823,-0.03884522275130564,3377.6783253856906,3702.798397866732,3052.558252904649,0.35591917531534767,612565.0063400001,1.8909907836900872,24816.329512687636,68.80000000000018,169.69000000000005,72.41999999999962,310.90999999999985,0.22128590267279988,0.4943845460782418,0.5056154539217582,6.161800438526683,0,0,1,1,False,False,sideways
2025-01-21,3283.99,3368.0,3204.6,3327.525788277392,548706.0513,1737503999999,1802317579.667659,3752957.0,271093.6278,890755658.885448,0,0.013256612674839241,0.013169512707639384,3321.6013313395224,3.8872153863162566,3299.80175470181,4.47039803069265,3376.0358353953475,-1.6424899903431651,3529.304415399704,-6.31763243594969,3238.9649818038833,8.586228561964617,,,0.04107473021180763,0.037597658633542606,0.03488896436605527,3744.83,2920.0,0.49407246132826427,48.02989368998111,-49.3746161527597,-52.880843135017784,3.5062269822580845,3376.0358353953475,3701.8551198431196,3050.2165509475753,0.42555682024749625,652267.6366,0.8412283861884925,7274.866465774057,43.55000000000018,40.460000000000036,79.38999999999987,163.4000000000001,0.2665238678090585,0.4940598470851965,0.5059401529148035,6.839649373482314,0,1,1,1,False,False,sideways
2025-01-22,3327.55,3365.99,3222.85,3242.59783456634,349240.7498,1737590399999,1150648371.196559,2187671.0,163482.76,538844820.504563,0,-0.02552285365007423,-0.025854211977114183,3275.3846256674096,-46.21670567211277,3297.3317164346054,-2.4700382672044725,3365.3807781709083,-10.655057224439133,3521.866171042935,-7.4382443567687915,3245.0933864932367,6.128404689353374,,,0.04197571760111409,0.03740225538510576,0.03504645715077574,3744.83,2920.0,0.3911082702694376,46.96780293545053,-52.122582756436714,-52.72919105930157,0.6066083028648563,3365.3807781709083,3694.1553314758607,3036.606224865956,0.31327182659011676,670703.7144899999,0.5207079404138399,-8914.84679012483,84.95000000000027,38.4399999999996,19.75,143.13999999999987,0.5934749196590775,0.46810906256965096,0.5318909374303491,6.264077148078555,0,2,1,1,False,False,sideways
2025-01-23,3242.61,3347.97,3185.0,3338.2370473908227,605592.7225,1737676799999,1965307923.080547,3255920.0,303294.9418,984590435.717348,0,0.029494626748023167,0.029068028188961925,3281.4944573022754,6.109831634865714,3317.4079897163692,20.07627328176386,3351.840355492747,-13.540422678161121,3511.8747240744556,-9.991446968479522,3252.401494467168,7.308107973931328,,,0.04036729127286675,0.03655904236234833,0.03414136815085333,3744.83,2920.0,0.5070584816153907,54.30171310827639,-46.05221958236234,-51.39379676391373,5.341577181551386,3351.840355492747,3660.022728650607,3043.6579823348875,0.4779297758620404,646672.23005,0.9364755348365218,17856.26355339085,95.59999999999991,9.759999999999764,57.61000000000013,162.9699999999998,0.586611032705406,0.5008232934965627,0.4991767065034373,5.376418637527467,0,3,1,1,False,False,sideways
2025-01-24,3338.22,3428.0,3275.9,3310.1149643638705,451524.2752,1737763199999,1519379297.690963,2793569.0,215008.0035,723830815.046523,0,-0.00842423190076702,-0.008459916292714583,3300.493364730982,18.998907428706843,3325.85653402302,8.448544306650547,3334.5023993759255,-17.337956116821715,3502.3729560914057,-9.501767983049831,3259.391788319763,6.990293852594732,,,0.03989078636284307,0.03636477297927454,0.03411321963680089,3744.83,2920.0,0.4729640827368919,51.579702371293656,-43.01478246998295,-49.71799390512757,6.703211435144624,3334.5023993759255,3607.428500223765,3061.576298528086,0.4553222741681797,654393.8123999999,0.6899886072333529,-3803.494273465113,28.129999999999654,89.7800000000002,34.190000000000055,152.0999999999999,0.18494411571334432,0.47618260038126076,0.5238173996187393,6.186974108452099,0,4,1,1,False,False,sideways
2025-01-25,3310.1,3350.68,3268.66,3318.7593317292667,208559.0415,1737849599999,690383485.125444,1456638.0,98129.4498,324799632.127654,0,0.002611500645282705,0.002608096602624333,3307.4469932655384,6.953628534556174,3312.5805546093725,-13.275979413647292,3318.6408637940403,-15.861535581885164,3488.7712390400097,-13.601717051396008,3266.5211453511683,7.129357031405561,,,0.03234256305321357,0.03639582221494592,0.03306107392165127,3744.83,2920.0,0.4834442633382233,51.32443325239922,-39.45524793432651,-47.66544471096736,8.21019677664085,3318.6408637940403,3551.76265124175,3085.5190763463306,0.5002540902258072,628830.91315,0.33166155979079665,546.9012867383962,8.670000000000073,31.909999999999854,41.440000000000055,82.01999999999998,0.10570592538405359,0.4705116071412325,0.5294883928587675,6.9842956197130395,0,5,1,1,False,False,sideways
2025-01-26,3318.76,3362.0,3230.0,3232.597047024919,272165.469,1737935999999,899291017.613374,1416325.0,116826.2789,386320687.827929,0,-0.025962197343020965,-0.02630516432994678,3288.461245015044,-18.985748250494453,3305.031288177283,-7.549266432089553,3295.897150253409,-22.743713540631234,3473.498698735766,-15.272540304243648,3272.425510584755,5.904365233586759,2988.4489403766806,,0.03063154774951729,0.03645253202357213,0.03321499369596661,3700.86,2920.0,0.40032406196362846,48.784421406307956,-43.09015101888235,-46.750385972550355,3.6602349536680023,3295.897150253409,3454.2867441635,3137.5075563433184,0.3001759406478996,608919.19218,0.44696483949802374,-7065.803538371127,86.15000000000009,43.23999999999978,2.6100000000001273,132.0,0.6526515151515159,0.4292472492166154,0.5707527507833846,5.2039114484431535,0,6,1,1,False,False,sideways
2025-01-27,3232.61,3253.91,3020.01,3182.429602824108,753004.7529,1738022399999,2349770569.706611,4888504.0,345284.5821,1077195796.137122,0,-0.01551923839285263,-0.015640922376625198,3276.427598666597,-12.033646348446837,3275.9061121670034,-29.125176010279574,3285.9529301727243,-9.944220080684772,3457.0637630206247,-16.434935715141364,3277.767759009234,5.342248424478839,2988.863430493607,0.4144901169265722,0.02472671548958821,0.031761221746366926,0.033246216809566395,3525.72,2920.0,0.4332523324706266,51.667857746208554,-49.44891506959448,-47.29009179195918,-2.1588232776352996,3285.9529301727243,3446.7179411021216,3125.187919243327,0.17802904764494887,632364.64934,1.1907761663874037,-11686.608793820786,50.17000000000007,21.299999999999727,162.42999999999984,233.89999999999964,0.21449337323642648,0.45854236745548704,0.541457632544513,6.491996207425267,0,0,1,1,False,False,sideways
2025-01-28,3182.44,3223.01,3040.03,3077.734744347438,350959.7173,1738108799999,1107001736.175005,2936974.0,170776.7271,538990208.723447,0,-0.032897776712409565,-0.03345107733973359,3224.327138057921,-52.10046060867626,3252.910797680098,-22.9953144869055,3273.476892441685,-12.476037731039469,3444.3786430552796,-12.685119965345166,3281.075963344635,3.308204335401115,2988.5826037509455,-0.28082674266170216,0.02243669907335276,0.03235722878002574,0.032010585347680955,3525.72,2920.0,0.260408677850225,44.57957176250631,-62.21905891863753,-50.27588521729485,-11.94317370134268,3273.476892441685,3457.7544159194986,3089.199368963871,-0.031106953251988034,604040.90826,0.5810197827676513,-11548.529303193813,104.72000000000025,40.570000000000164,37.6899999999996,182.98000000000002,0.5723029839326715,0.4865992268680232,0.5134007731319769,8.368407698167472,0,1,1,1,False,False,sideways
2025-01-29,3077.72,3182.52,3054.06,3113.9169904223263,409737.2576,1738195199999,1278256645.74957,3277369.0,200807.9235,626556500.38162,0,0.011756128802633325,0.01168756238102387,3185.0875432696116,-39.239594788309205,3242.790454000297,-10.120343679800953,3268.212592060257,-5.264300381427802,3434.0924653201346,-10.286177735144975,3285.547641309937,4.471677965301751,2988.272452956821,-0.3101507941246382,0.021808148948925583,0.03177143389619547,0.03195553709900785,3525.72,2920.0,0.32014295453728847,35.62817620685118,-68.62877525116073,-53.946463224068026,-14.682312027092706,3268.212592060257,3464.633689882347,3071.791494238167,0.10723261566920544,510784.4818500001,0.8021724859689958,4816.648031649439,36.18000000000029,68.61999999999989,23.659999999999854,128.46000000000004,0.2816440915460087,0.49008948972864896,0.509910510271351,7.998708780345973,0,2,1,1,False,False,sideways
2025-01-30,3113.9,3283.43,3091.06,3247.3842325083433,350639.4823,1738281599999,1130886606.539682,2410789.0,180484.1307,581935263.184576,0,0.04286152858169645,0.04196840457948706,3170.812523425427,-14.275019844184499,3239.1297583454825,-3.66069565481439,3267.2305575083,-0.9820345519569855,3422.4036190230686,-11.688846297065993,3291.793706361992,6.246065052055201,2988.2840744105383,0.011621453717452823,0.025255081818163435,0.03310482067575996,0.0315108438356251,3525.72,2920.0,0.5404877377473807,47.39364288667463,-62.22157898913929,-55.60148637708228,-6.620092612057007,3267.2305575083,3463.872925164954,3070.5881898516463,0.44953700660630436,430012.95193999994,0.8154160955340829,15031.588841076149,133.48999999999978,36.039999999999964,22.840000000000146,192.3699999999999,0.6939231688932779,0.5147284884067376,0.48527151159326243,6.875406569124975,0,3,1,1,False,False,sideways
2025-01-31,3247.38,3437.31,3213.8,3300.9925743830627,648681.6561,1738367999999,2158479814.331743,3802893.0,343645.0199,1144000791.641501,0,0.016508161041759895,0.01637338262438461,3184.4916288970553,13.67910547162819,3236.47643695605,-2.6533213894326764,3268.1390958289294,0.9085383206293045,3410.7911457920654,-11.61247323100315,3299.5576320372884,7.7639256752963774,2987.371981233774,-0.9120931767643015,0.025476621490930947,0.033292923958082976,0.0315507173138988,3525.72,2920.0,0.6289912408093885,41.796898758413334,-52.21616913015214,-54.924422927696256,2.708253797544117,3268.1390958289294,3465.2521152144404,3071.0260764434183,0.5833366528922143,440010.5124199999,1.4742412687650035,10706.855895645382,53.60999999999967,136.32000000000016,33.57999999999993,223.50999999999976,0.23985504004294989,0.5297591147652618,0.47024088523473817,5.862495053218756,0,4,1,1,False,False,sideways
2025-02-01,3300.99,3331.98,3101.7,3117.532123223886,354065.2525,1738454399999,1142845926.865901,2900696.0,170674.3585,551595869.395103,0,-0.0555773595441863,-0.05718150068264497,3171.5121329770113,-12.979495920043973,3223.9698658218044,-12.506571134245405,3260.6507911282047,-7.488304700724711,3395.0051391235015,-15.786006668563914,3305.37451804077,5.816886003481613,2985.738871033388,-1.6331102003859996,0.030107219582341114,0.035598935089344017,0.032389839652976544,3525.72,2920.0,0.32611127785756827,41.11462600499639,-58.41713848831387,-55.62296603981978,-2.7941724484940877,3260.6507911282047,3468.9595626686014,3052.342019587808,0.15647469656225227,440492.9626900001,0.8037932100839845,-19676.90619211961,183.44999999999982,30.990000000000236,15.840000000000146,230.2800000000002,0.7966388744137557,0.4820421018298032,0.5179578981701968,8.192546372507989,0,5,2,1,False,False,sideways
2025-02-02,3117.54,3163.2,2750.71,2869.7037894234304,1050805.93,1738540799999,3131430738.391756,5974563.0,494989.1069,1476742890.842307,0,-0.07949503774292233,-0.0828328874956396,3129.90594199221,-41.60619098480129,3177.116540025065,-46.85332579673923,3247.262264870717,-13.388526257487683,3374.993017168204,-20.012121955297516,3309.6654478402556,4.290929799485639,2983.152195885907,-2.586675147480946,0.03598376626454203,0.03879863320694966,0.03410088535672985,3525.72,2750.71,0.1535383923090417,35.90493071334606,-82.37950705228559,-60.974274242312944,-21.405232809972645,3247.262264870717,3514.8820448361985,2979.6424849052355,-0.20540091523874912,485014.28344,2.1665463593094216,-83544.31949864324,247.86000000000013,45.659999999999854,118.9699999999998,412.4899999999998,0.6008872942374367,0.4710566364047832,0.5289433635952169,5.685695930551135,0,6,2,1,False,False,sideways
2025-02-03,2869.68,2921.0,2125.01,2879.9011934426962,2807979.021,1738627199999,7325488963.974643,10550628.0,1344253.3318,3509887592.196321,0,0.003553469196663883,0.003547170541971482,3083.1027825962838,-46.803159395926286,3134.0951629329475,-43.021377092117746,3229.9758484779836,-17.286416392733372,3353.4089354776975,-21.584081690506537,3313.6396613106112,3.9742134703556076,2980.4191927619486,-2.733003123958497,0.03640220607946691,0.03812113871593815,0.033881689202548165,3525.72,2125.01,0.5389346784435723,32.681414309715294,-99.4011766088206,-68.65965471561448,-30.741521893206126,3229.9758484779836,3544.1016777277628,2915.8500192282045,-0.05722042321601529,720659.75802,3.8964004715829748,10000.259818035438,10.220000000000255,41.09999999999991,744.6699999999996,795.9899999999998,0.012839357278358091,0.47872627314760835,0.5212737268523916,3.7573742257670517,0,0,2,1,False,False,sideways
2025-02-04,2879.89,2888.5,2632.6,2731.1958560818507,1259594.3919,1738713599999,3477670143.18934,4767588.0,602952.4706,1664512055.454141,0,-0.05163556919919188,-0.053016429921854354,2979.8651073109854,-103.23767528529834,3075.338815368206,-58.756347564741645,3193.9596849887894,-36.01616348919424,3328.3082322070336,-25.10070327066387,3315.873691677864,2.2340303672526716,2976.5575941654965,-3.8615985964520405,0.03779676002683054,0.03511374952970593,0.03444184767269062,3525.72,2125.01,0.43277042077364386,26.55581116869918,-123.46699959376474,-79.62112369124453,-43.845875902520206,3193.9596849887894,3561.7305519464376,2826.188818031141,-0.12914693697071672,825763.2930599999,1.525369803291169,-65041.939657435716,148.69999999999982,8.610000000000127,98.59000000000015,255.9000000000001,0.5810863618601007,0.47868780178553605,0.521312198214464,3.7850184397919278,0,1,2,1,False,False,sideways
2025-02-05,2731.19,2826.95,2699.13,2788.2308001327224,686593.0429,1738799999999,1897054238.490223,3498289.0,327991.4256,906340721.064559,0,0.020882773355072937,0.020667717071694746,2877.3127524609167,-102.5523548500687,3030.9021906789862,-44.43662468921957,3167.966739428135,-25.992945560654334,3306.2117431343663,-22.096489072667282,3318.0812848665473,2.207593188683404,2972.911418291089,-3.646175874407618,0.039646240486138316,0.03503362157591354,0.03457942090602005,3525.72,2125.01,0.47348901637935215,31.73640488169984,-136.36516167085892,-90.96993128716741,-45.39523038369151,3167.966739428135,3573.336174824673,2762.597304031597,0.031617450481990876,867206.05045,0.7917299960530966,14344.296452415992,57.059999999999945,38.69999999999982,32.059999999999945,127.81999999999971,0.4464090126740735,0.47770863540161285,0.5222913645983872,5.095141927486024,0,2,2,1,False,False,sideways
2025-02-06,2788.25,2857.64,2655.28,2686.6488003092413,719459.9571,1738886399999,1981674881.322119,3805682.0,325809.3292,897799508.979957,0,-0.036432421526455316,-0.037112655057422145,2791.136087877988,-86.17666458292888,2981.3241104275,-49.578080251486426,3128.6151112972516,-39.351628130883455,3287.4087570459624,-18.80298608840394,3318.5597161193236,0.4784312527763177,2968.665097967183,-4.24632032390582,0.040284291029548815,0.03276500414421483,0.03368756113163711,3494.39,2125.01,0.4101409399211623,23.93349515746401,-153.01994776651418,-103.37993458303677,-49.64001318347741,3128.6151112972516,3560.93451460086,2696.295707993643,-0.011157153265252654,863851.5708699999,0.8328513616933282,-26218.71289910554,101.61000000000013,69.38999999999987,31.359999999999673,202.35999999999967,0.5021249258746803,0.45285262367244533,0.5471473763275546,5.2896369873591675,0,3,2,1,False,False,sideways
2025-02-07,2686.63,2797.5,2562.51,2622.098826004118,695467.3612,1738972799999,1875060380.334312,3272698.0,327218.1388,882532535.722566,0,-0.024026204801198214,-0.02431954211104584,2741.615095194126,-49.520992683862005,2935.760518593168,-45.56359183433187,3094.3356581366324,-34.27945316061914,3271.5103020143592,-15.898455031603135,3318.1884872174414,-0.3712289018822048,2964.57760602025,-4.087491946932914,0.03996842687029848,0.03182580187232355,0.03294496595061116,3453.69,2125.01,0.37412230635225785,23.255693111975404,-169.47403798241885,-116.5987552629132,-52.87528271950565,3094.3356581366324,3573.0984023762658,2615.572913896999,0.006815392577677884,898302.3352599998,0.774201884935218,-16706.914023407637,64.5300000000002,110.86999999999989,59.58999999999969,234.98999999999978,0.27460743010340977,0.470501071733113,0.529498928266887,4.705753544426723,0,4,2,1,False,False,sideways
2025-02-08,2622.11,2667.3,2588.8,2632.528099722748,379685.1509,1739059199999,996898803.984915,1865406.0,182406.1592,478945902.373384,0,0.0039774525716573805,0.003969563419411008,2692.140476450136,-49.47461874399005,2887.62162952321,-48.13888906995817,3065.206041761753,-29.129616374879333,3254.7165482299474,-16.79375378441182,3319.3281638916633,1.139676674221846,2960.3277150855442,-4.249890934705945,0.03945881480010693,0.03173335099994148,0.03283216051392784,3453.69,2125.01,0.3819716558710507,23.36203934045095,-179.60212628248337,-129.19942946682724,-50.40269681565613,3065.206041761753,3582.378914132907,2548.033169390599,0.08168925213029164,895297.1245899999,0.4240884288262138,1500.148035286219,10.349999999999909,34.840000000000146,33.309999999999945,78.5,0.13184713375796062,0.4804142557791032,0.5195857442208968,4.913033853386864,0,5,2,1,False,False,sideways
2025-02-09,2632.46,2698.9,2520.02,2627.1438673643233,387166.7911,1739145599999,1016386052.050485,2319910.0,185314.8373,486833033.685477,0,-0.002045270612302863,-0.0020473650345023547,2671.3300787066305,-20.81039774350529,2825.597593008808,-62.024036514401814,3032.3636756771457,-32.84236608460742,3240.480776400064,-14.23577182988356,3320.4847432216548,1.156579329991473,2956.7844175733126,-3.5432975122316748,0.03423272489410976,0.0309558192383815,0.03247806616706282,3437.31,2125.01,0.3826364911714724,24.925157381925658,-185.92000173383303,-140.5435439202284,-45.376457813604645,3032.3636756771457,3573.888046973835,2490.8393043804563,0.1258526579860879,898949.8554699998,0.43068786178020657,-776.5514602341684,5.2800000000002,66.44000000000005,107.15999999999985,178.8800000000001,0.029516994633274802,0.4786434207683264,0.5213565792316736,5.992017015221738,0,6,2,1,False,False,sideways
2025-02-10,2627.18,2693.79,2559.85,2661.2439674786656,398173.2716,1739231999999,1051708232.55688,2736600.0,195023.1915,515093980.36806,0,0.012979913486258043,0.012896396329833871,2645.9327121758192,-25.39736653081127,2761.622732318368,-63.97486069043998,2999.049584637209,-33.31409103993656,3228.069234461931,-12.411541938132814,3322.154512257298,1.669769035643185,2954.213445452989,-2.570972120323404,0.03382548654390076,0.030944640789072855,0.032513921613746104,3437.31,2125.01,0.40862147944727994,28.12395855355409,-186.03092178791894,-149.6410194937665,-36.38990229415245,2999.049584637209,3546.0690020211646,2452.0301672532537,0.1912306890548309,873899.0170199999,0.455628469474394,5154.528036570087,34.01000000000022,32.59999999999991,67.32999999999993,133.94000000000005,0.253919665521877,0.4897947838545976,0.5102052161454024,6.872887245804773,0,0,2,1,False,False,sideways
2025-02-11,2661.19,2725.04,2558.24,2602.55869488689,484196.1435,1739318399999,1286091770.773805,2776008.0,226374.751,602010853.065178,0,-0.022051819866547473,-0.02229859589972053,2629.1146910913494,-16.81802108446982,2710.1253894846686,-51.49734283369935,2967.0476276532363,-32.00195698397283,3211.6707450308404,-16.39848943109064,3323.6029438801806,1.4484316228827083,2950.853188917024,-3.3602565359651635,0.03158051328370086,0.030866445808489372,0.03190882296713027,3437.31,2125.01,0.363902076420704,29.253852515157135,-188.6792607061284,-157.44866773623886,-31.23059296988953,2967.0476276532363,3528.764998958136,2405.3302563483367,0.17555842903734759,886912.1061199999,0.5459347551565474,-10662.107556807267,58.59999999999991,63.84999999999991,44.350000000000364,166.80000000000018,0.3513189448441238,0.46752695997051036,0.5324730400294897,5.733230297816282,0,1,2,1,False,False,sideways
2025-02-12,2602.59,2795.45,2546.92,2738.261101704497,646295.8959,1739404799999,1705436939.533127,4190060.0,324858.6193,858009920.218688,0,0.052141919828442074,0.05082800999657451,2652.3471462314246,23.232455140075217,2696.981120712775,-13.144268771893621,2937.0488303689203,-29.99879728431597,3196.57254163358,-15.098203397260477,3327.003861115052,3.4009172348714856,2948.299409926786,-2.553778990237788,0.03024184341950692,0.03276675331353752,0.032724902064691,3437.31,2125.01,0.4673101437967666,34.91021004753691,-177.77871588786684,-161.51467736656446,-16.264038521302382,2937.0488303689203,3479.0361204087603,2395.0615403290803,0.31661218600734065,846461.10271,0.7635269876322041,33693.139201991864,135.67999999999984,57.179999999999836,55.67000000000007,248.52999999999975,0.5459300688045707,0.5026468856770595,0.49735311432294055,6.483191409045121,0,2,2,1,False,False,sideways
2025-02-13,2738.27,2757.28,2612.76,2675.915509233031,443769.2853,1739491199999,1185301387.824423,3213834.0,217787.6458,581683038.436098,0,-0.02276831542202362,-0.023031516282629,2661.024628133481,8.67748190205657,2676.5825522918085,-20.398568420966512,2905.338857612378,-31.709972756542356,3180.1509348373693,-16.421606796210654,3329.537856281223,2.5339951661708255,2945.3282682760514,-2.9711416507348076,0.030628694094255535,0.032902362675824776,0.032818082592276906,3437.31,2125.01,0.419801500596686,25.65345647474018,-172.18587229991135,-163.64891635323386,-8.536955946677494,2905.338857612378,3429.3347155332444,2381.3429996915115,0.2810828607599469,610040.12914,0.7274427764704607,-10112.663617072114,62.40000000000009,19.01000000000022,63.10999999999967,144.51999999999998,0.4317741489067264,0.4907677322750485,0.5092322677249516,7.242128075239281,0,3,2,1,False,False,sideways
2025-02-14,2675.87,2791.78,2664.46,2725.9889650119176,419895.7862,1739577599999,1142877818.043903,2645594.0,222908.7801,606858652.139505,0,0.018712644553279922,0.01853971697748987,2680.7936476630002,19.769019529519028,2676.0618631848156,-0.5206891069929043,2875.700339276511,-29.638518335867047,3167.9701613473335,-12.18077349003579,3329.578956024576,0.04109974335324296,2942.369941042988,-2.958327233063301,0.02708543158124372,0.033421534569038326,0.03242561827423907,3437.31,2125.01,0.45795851940251275,25.428850603888733,-161.84731891616138,-163.28859686581936,1.441277949657973,2875.700339276511,3367.2920485521136,2384.1086300009083,0.347727930069036,526070.26857,0.7981743338991373,7858.5211437386315,50.07999999999993,65.83000000000038,11.409999999999854,127.32000000000016,0.3933396167137909,0.5308669137104096,0.46913308628959033,6.300596688388487,0,4,2,1,False,False,sideways
2025-02-15,2725.95,2739.0,2662.28,2693.090326414259,202971.4295,1739663999999,548554180.222323,1678502.0,90810.3179,245463912.573468,0,-0.012068514957291776,-0.01214193076165708,2687.1629194501193,6.3692717871190325,2666.547815812969,-9.514047371846573,2848.7250032459774,-26.975336030533526,3155.1615888384313,-12.808572508902216,3327.555421093788,-2.0235349307881734,2939.439320143721,-2.930620899267069,0.026273346452678904,0.03319957748937884,0.03244491229751961,3437.31,2125.01,0.43288906988818016,29.184171963587843,-154.52729163564481,-161.53633581978445,7.00904418413964,2848.7250032459774,3316.4888264015044,2380.9611800904504,0.3336396818999281,477708.10723,0.424885879950696,-2450.4447054586426,32.909999999999854,13.050000000000182,30.759999999999764,76.7199999999998,0.4289624608967667,0.4474044358050895,0.5525955641949105,8.269646640095226,0,5,2,1,False,False,sideways
2025-02-16,2693.04,2727.31,2651.26,2661.3900271906095,191231.5314,1739750399999,514482095.174283,1449884.0,89433.4055,240599550.812392,0,-0.01177097511833447,-0.01184080153686848,2698.9291859108625,11.766266460743282,2664.021938501106,-2.5258773118630415,2822.6730244643027,-26.051978781674734,3140.309587848264,-14.852000990167198,3324.5519513779373,-3.0034697158507697,2936.582517390647,-2.8568027530741347,0.023848547975710274,0.03316877311460233,0.03226325618189203,3437.31,2125.01,0.4087327799974163,37.035310412270434,-149.56003154897098,-159.14107496562178,9.5810434166508,2822.6730244643027,3269.7632059259877,2375.5828430026177,0.31963035203948575,424885.26466,0.4500780500190482,-2246.031747832193,31.63000000000011,34.26999999999998,10.149999999999636,76.04999999999973,0.4159105851413573,0.46767081163478036,0.5323291883652196,7.581824970942004,0,6,2,1,False,False,sideways
2025-02-17,2661.41,2849.7,2637.71,2744.048389909524,639739.8197,1739836799999,1752388687.805609,3881592.0,329950.3751,904399237.600089,0,0.03105834239792693,0.03058579159859066,2700.0866435518683,1.1574576410057489,2676.2168948916465,12.194956390540483,2805.988706742407,-16.684317721895695,3128.059747589965,-12.249840258299173,3320.7297998741474,-3.8221515037898826,2934.2857849775237,-2.296732413123209,0.024218767789798,0.033757350512402806,0.03261723452744421,3437.31,2125.01,0.47172017824394097,42.24451557881852,-137.37008623227348,-154.78687721895213,17.41679098667865,2805.988706742407,3237.6400688049366,2374.3373446798773,0.42825191546145247,419312.51051000005,1.5256874137189451,19864.695293099634,82.64000000000033,105.64999999999964,23.699999999999818,211.98999999999978,0.38982970894853725,0.5157571327273752,0.4842428672726248,6.067454112548812,0,0,2,1,False,False,sideways
2025-02-18,2744.05,2756.93,2605.44,2671.970273114399,604863.8737,1739923199999,1616153629.018717,3898156.0,285508.8694,762964442.385853,0,-0.026267072060453533,-0.02661821423375041,2699.2975963281415,-0.7890472237268114,2680.161112230812,3.944217339165334,2783.8913708770106,-22.097335865396417,3114.2621581823464,-13.797589407618489,3315.617548053864,-5.112251820283291,2932.697392139407,-1.5883928381167607,0.026146918287354468,0.033824447015408966,0.032766207943200426,3437.31,2125.01,0.4167951483002353,46.29480085853688,-132.00390948937502,-150.2302836730367,18.226374183661676,2783.8913708770106,3193.874434679883,2373.908307074138,0.36350521808819714,441830.38279,1.3689956536725747,-15884.000196360197,72.0600000000004,12.879999999999654,66.54999999999973,151.48999999999978,0.4756749620437026,0.4720216925066458,0.5279783074933542,6.444683125402535,0,1,2,1,False,False,sideways
2025-02-19,2672.0,2736.7,2656.03,2715.4678593790777,326154.0202,1740009599999,882047186.131933,2376004.0,163604.8767,442601160.332459,0,0.016279217887397612,0.016148132155296303,2697.193375201574,-2.1042211265676087,2688.993511432287,8.832399201475255,2757.2955522205475,-26.595818656463052,3101.8155027115918,-12.44665547075465,3309.0567327434865,-6.56081531037762,2931.756618827172,-0.9407733122347963,0.026487995286095,0.032244381651117565,0.03288829368104601,3437.31,2125.01,0.4499412172362094,45.3694602863746,-122.82542898320526,-144.74931273507042,21.923883751865162,2757.2955522205475,3104.9549219965593,2409.6361824445357,0.43984385798602477,435729.1057,0.7485247506613832,5311.008431506899,43.5,21.199999999999818,15.9699999999998,80.66999999999962,0.5392339159538888,0.5016184580514331,0.4983815419485669,7.284914037064504,0,2,2,1,False,False,sideways
2025-02-20,2715.51,2770.59,2707.18,2738.0628916945493,336735.2544,1740095999999,921476439.354937,2096063.0,170515.6667,466756209.201236,0,0.008320861628845933,0.00828643410565344,2706.187888257632,8.994513056058167,2696.6754038538757,7.6818924215886,2729.1490680861216,-28.14648413442592,3089.369248783798,-12.446253927793805,3303.9995488370223,-5.057183906464161,2932.002306423529,0.24568759635667448,0.026345749690118145,0.03196221896067545,0.03289902899287371,3331.98,2125.01,0.5079271992630713,53.63762642268819,-112.43213906878145,-138.28587800181265,25.853738933031195,2729.1490680861216,2964.470742466189,2493.827393706054,0.5189396570288528,429585.30398,0.7838612058658254,2795.070018109385,22.529999999999745,32.55000000000018,8.330000000000382,63.41000000000031,0.35530673395362933,0.5063790157755458,0.4936209842244542,6.224661577935453,0,3,2,1,False,False,sideways
2025-02-21,2738.04,2845.32,2616.72,2662.983128706964,890440.0604,1740182399999,2429306635.177234,3872201.0,428879.7345,1170981749.414793,0,-0.02742075911233699,-0.027803725176425237,2706.506508560903,0.3186203032710182,2702.717847235883,6.04244338200715,2706.4216183602757,-22.727449725845872,3073.5149317768346,-15.854317006963356,3298.757785449963,-5.241763387059109,2933.219203274119,1.216896850590274,0.0269640427932518,0.030374599941707235,0.03274003703565489,3163.2,2125.01,0.5181836934539575,52.85016027925781,-108.99723901439665,-132.42815020432946,23.4309111899328,2706.4216183602757,2855.9775745505185,2556.865662170033,0.35477512644813836,470209.69567,1.893708421157108,-24403.815186197455,75.03999999999996,107.2800000000002,46.2800000000002,228.60000000000036,0.32825896762904566,0.48164919074658474,0.5183508092534153,4.348637457147363,0,4,2,1,False,False,sideways
2025-02-22,2663.0,2798.07,2653.33,2763.2275230532528,444989.6669,1740268799999,1214059511.899935,2597168.0,248387.7772,677008292.573996,0,0.03764364605455195,0.03695241756732572,2710.3423351896486,3.835826628745508,2705.214489370758,2.496642134875401,2701.097805041767,-5.323813318508655,3056.5985722188184,-16.91635955801621,3295.8018796377505,-2.955905812212677,2934.7286597224115,1.5094564482924397,0.024259710511574044,0.02682865215547134,0.032547531413229754,2921.0,2125.01,0.8017908806056014,58.09742369958585,-97.06724040268818,-125.3559682440012,28.28872784131302,2701.097805041767,2832.6810049034816,2569.5146051800525,0.7360852984149193,450079.07276999997,0.9886921961541617,16746.851076499428,100.2199999999998,34.850000000000364,9.670000000000073,144.74000000000024,0.6924139836948987,0.5581877415949499,0.4418122584050502,5.8364681096823015,0,5,2,1,False,False,sideways
2025-02-23,2763.23,2857.34,2745.41,2819.719376261662,611002.1222,1740355199999,1711849865.819046,2796506.0,321625.3377,901407652.084993,0,0.020444155516368134,0.020237979101503534,2739.892155819101,29.54982062945237,2719.5948760736214,14.380386702863234,2698.088714182715,-3.0090908590518666,3039.855478010046,-16.743094208772163,3293.0989934125664,-2.702886225184102,2937.113033937884,2.3843742154726897,0.023353218872059517,0.027260035060986787,0.03264469480296901,2888.5,2520.02,0.8133396012311715,61.220375966505635,-82.10772339509276,-116.70631927421952,34.59859587912676,2698.088714182715,2814.3112690250155,2581.866159340415,1.023266169135521,466802.35646000004,1.308909678249142,12486.62424296078,56.460000000000036,37.65000000000009,17.820000000000164,111.93000000000029,0.5044224068614303,0.5263898864081555,0.47361011359184446,4.576916999781903,0,6,2,1,False,False,sideways
2025-02-24,2819.7,2839.95,2470.33,2513.5045856956467,876876.3707,1740441599999,2334572148.661955,4737903.0,411575.6658,1095102528.763101,0,-0.10859761192689676,-0.11495933945924364,2699.499501082415,-40.39265473668593,2698.3464381419944,-21.248437931626995,2687.204150663405,-10.884563519310177,3017.405768856619,-22.449709153427193,3286.9051315988054,-6.193861813761032,2936.26805124099,-0.8449826968940215,0.042334007155865515,0.034795679899817814,0.03580234601606424,2857.64,2470.33,0.1114729433674493,43.464395165202376,-93.87899423605904,-112.14085426658744,18.261860030528396,2687.204150663405,2828.4521474941535,2545.9561538326566,-0.11487443668279143,512500.41491,1.7109768991191703,-95213.74279343437,306.17999999999984,20.25,43.190000000000055,369.6199999999999,0.8283642660029217,0.46936567063774803,0.530634329362252,5.403159622396699,0,0,2,1,False,False,sideways
2025-02-25,2513.52,2533.49,2313.49,2495.72047506051,1322016.8718,1740527999999,3207776114.782463,7076645.0,655424.217,1590563026.371759,0,-0.007075423986232621,-0.007100573497707265,2651.031017755607,-48.46848332680793,2678.6094530066193,-19.736985135375107,2672.578634409794,-14.62551625361084,2993.5707520010787,-23.83501685554029,3281.1025063403313,-5.802625258474109,2935.7528255152893,-0.5152257257009296,0.04230013347600709,0.0343207855859581,0.03567538550844995,2857.64,2313.49,0.3348901498860798,45.09630480127022,-103.45032928479213,-110.40274927022838,6.952419985436251,2672.578634409794,2829.4887551776196,2515.6685136419687,-0.06356517503091798,624404.95914,2.1172427483933323,-9372.648976525421,17.820000000000164,19.9699999999998,182.21000000000004,220.0,0.08100000000000074,0.49577598514881516,0.5042240148511848,5.352915799300467,0,1,2,1,False,False,sideways
2025-02-26,2495.69,2507.5,2253.77,2336.3800316326315,863087.2133,1740614399999,2059160287.050773,5495972.0,408608.956,975185376.421555,0,-0.06384546868134955,-0.06597471856898701,2585.7103983407405,-65.32061941486654,2646.108453450822,-32.500999555797534,2655.065195975964,-17.513438433830288,2972.672072544975,-20.898679456103764,3272.388249982553,-8.71425635777814,2934.3850881209632,-1.3677373943260136,0.04602947119094974,0.03614332748254367,0.03493824925776206,2857.34,2253.77,0.13686901541268032,31.946083141057557,-122.48123594360413,-112.81844660490354,-9.662789338700591,2655.065195975964,2872.052148735505,2438.078243216423,-0.23434176638373855,691590.52733,1.247974313112835,-55101.04808073442,159.32000000000016,11.809999999999945,82.59999999999991,253.73000000000002,0.6279115595317863,0.47342719218106627,0.5265728078189338,6.367806074876536,0,2,2,1,False,False,sideways
2025-02-27,2336.38,2381.6,2230.57,2307.711629263211,637583.9106,1740700799999,1480849324.540646,3906903.0,297736.9154,691230000.438891,0,-0.012270436307995514,-0.01234633966219812,2494.607219582732,-91.10317875800865,2602.4747773861905,-43.633676064631345,2639.3458361389185,-15.719359837045431,2952.281195150875,-20.39087739409979,3264.3905548221733,-7.9976951603798625,2933.146578242836,-1.2385098781273882,0.04350147184927763,0.035935194633040644,0.034922160368862316,2857.34,2230.57,0.1230780497841484,32.94286730386628,-138.28263096851242,-117.91128347762533,-20.37134749088709,2639.3458361389185,2906.2073642796404,2372.4843079981965,-0.12136009110468261,691374.9364199999,0.9221970265532988,-7818.4444410303695,28.66000000000031,45.2199999999998,77.14999999999964,151.02999999999975,0.18976362312123657,0.4669768330882345,0.5330231669117655,6.127668742963415,0,3,2,1,False,False,sideways
2025-02-28,2307.72,2314.18,2076.26,2237.5678010637566,1291539.0557,1740787199999,2794546441.726884,5708556.0,625030.5287,1351940395.764772,0,-0.03039540439541366,-0.030866923987120567,2378.176904543151,-116.43031503958082,2559.0345301811262,-43.440247205064225,2619.597821205969,-19.748014932949445,2932.6484912111323,-19.632703939742896,3256.066282613906,-8.324272208267303,2930.722769165315,-2.423809077520673,0.04362620309699033,0.036266860399832325,0.034892041713313324,2857.34,2076.26,0.2065189238794444,27.78683331426224,-154.68228993592083,-125.26548476928444,-29.416805166636394,2619.597821205969,2941.3859284314276,2297.8097139805104,-0.09360493996526993,760042.45462,1.6992985692433897,-39248.97040205935,70.12999999999965,6.460000000000036,161.32999999999993,237.91999999999962,0.29476294552790755,0.483942414239452,0.516057585760548,4.419963898734774,0,4,2,1,False,False,sideways
2025-03-01,2237.59,2281.14,2142.73,2217.359028229676,446430.7271,1740873599999,988941461.430361,2511839.0,209196.8605,463872993.775749,0,-0.009031580104287062,-0.00907261206635478,2318.947793049957,-59.22911149319407,2509.223647066186,-49.810883114940225,2599.1085792492363,-20.489241956732712,2911.655173304776,-20.993317906356424,3244.6814038531143,-11.384878760791707,2928.2975031356973,-2.4252660296178874,0.0422120856843725,0.03624570428781851,0.03475496145933445,2857.34,2076.26,0.18064606471766748,28.111310462598894,-167.38036029389195,-133.68845987420596,-33.69190041968599,2599.1085792492363,2967.660212799286,2230.5569456991866,-0.01790511324340446,772070.12531,0.578225620270892,-4030.184567959307,20.200000000000273,43.54999999999973,74.65999999999985,138.40999999999985,0.14594321219565273,0.46859870479555976,0.5314012952044402,5.626492191334649,0,5,3,1,False,False,sideways
2025-03-02,2217.4,2550.58,2172.04,2518.122148571168,1266684.7748,1740959999999,3001215557.603687,4977392.0,627527.3017,1488652979.402768,0,0.1356402443232747,0.1271965838081073,2323.4281277520886,4.480334702131586,2487.229572753848,-21.994074312337943,2591.9524883038616,-7.156090945374672,2896.36118011679,-15.293993187985961,3236.584909664702,-8.09649418841218,2927.5809208688675,-0.716582266829846,0.06466978413736327,0.04831480056307678,0.040173769821977574,2857.34,2076.26,0.5657066479376861,44.71635937545446,-151.4290227944757,-137.23657245825993,-14.192450336215785,2591.9524883038616,2960.981872113287,2222.9231044944363,0.39996685498244616,865065.0773499999,1.4642652997625372,171786.39999181748,300.71000000000004,32.4699999999998,45.36000000000013,378.53999999999996,0.7943942515982461,0.4954092084978931,0.504590791502107,3.9294638247987885,0,6,3,1,False,False,sideways
2025-03-03,2518.12,2523.56,2097.91,2149.01235020059,1109565.2003,1741046399999,2529346005.909485,4969357.0,510488.2652,1161760907.053157,0,-0.14658137159073803,-0.15850508000471958,2285.95459146568,-37.47353628640849,2435.8324949032103,-51.39707785063774,2569.2751710695466,-22.67731723431507,2873.995462776035,-22.365717340755054,3224.135830060558,-12.449079604144117,2925.476431372646,-2.104489496221504,0.0784623005775057,0.05811130547820633,0.044918599409520456,2857.34,2076.26,0.0931432762336633,31.88318145190138,-166.6505055604548,-143.11935907869892,-23.531146481755883,2569.2751710695466,2987.9613414522087,2150.5890006868844,-0.0018828547463766439,886977.59134,1.2509506566267654,-162638.05609394744,369.1099999999997,5.440000000000055,51.100000000000364,425.6500000000001,0.8671678609185941,0.4600795564442506,0.5399204435557494,4.478652537639433,0,0,3,1,False,False,sideways
2025-03-04,2149.02,2221.88,1993.2,2171.4701507789023,1257822.3372,1741132799999,2634485208.259771,5856962.0,596181.03,1248910466.060303,0,0.01045028921132829,0.010396062402405277,2258.7062957688186,-27.248295696861533,2376.6567576757757,-59.17573722743464,2540.9356235232667,-28.339547546279846,2854.6753795001487,-19.32008327588619,3212.238452187914,-11.897377872644029,2923.370300840724,-2.1061305319217354,0.07675655450268647,0.056571780897524404,0.04474031945555903,2857.34,1993.2,0.20629776515252415,34.28669415632896,-174.8855121764368,-149.4725896982465,-25.412922478190296,2540.9356235232667,2987.276538624668,2094.5947084218656,0.08611740460716212,968260.8583700001,1.2990531697392544,13169.321030148776,22.490000000000236,50.36999999999989,155.81999999999994,228.68000000000006,0.09834703515830082,0.4739787268583101,0.5260212731416899,4.65643026584979,0,1,3,1,False,False,sideways
2025-03-05,2171.5,2273.51,2155.03,2241.583981972819,687130.7897,1741219199999,1514537132.807393,3480893.0,326604.0072,720412253.031027,0,0.03228864609019233,0.03177832377561582,2259.5095319506313,0.8032361818127356,2318.843218246891,-57.813539428884724,2519.219047160256,-21.716576363010518,2834.9944687136576,-19.68091078649104,3200.509296866895,-11.72915532101888,2921.5057166638203,-1.864584176903918,0.07755653242897065,0.057252067105728,0.04481002164905264,2857.34,1993.2,0.28743488551949786,35.366872160234266,-173.7513170119346,-154.32833516098412,-19.422981850950464,2519.219047160256,2979.940598258098,2058.4974960624145,0.19869537844944773,975873.72512,0.7041185473207671,22175.4105402121,70.09000000000015,31.920000000000073,16.4699999999998,118.48000000000002,0.5915766374071585,0.4753156343679414,0.5246843656320587,5.06583761370925,0,2,3,1,False,False,sideways
2025-03-06,2241.59,2319.99,2176.9,2202.2299388572346,596908.3935,1741305599999,1343407922.359188,3304973.0,304201.8256,684721457.490546,0,-0.017556354538610153,-0.01771229519278943,2256.483714076143,-3.025817874488439,2287.7157535630495,-31.12746468384148,2493.031095852522,-26.187951307734238,2810.0086849734876,-24.985783740170064,3189.284376335732,-11.224920531163207,2919.456273864026,-2.0494427997941784,0.07106501713663337,0.05696094541264285,0.043458706268095094,2857.34,1993.2,0.24189360388042974,33.62343652862131,-174.02198444484156,-158.2670650177556,-15.754919427085952,2493.031095852522,2963.700892116916,2022.361299588128,0.1910773122650802,947876.9274,0.629731958068969,-10489.082133648546,39.39000000000033,78.39999999999964,25.299999999999727,143.0899999999997,0.27528129149486624,0.5096289965304366,0.4903710034695634,5.536817769676746,0,3,3,1,False,False,sideways
2025-03-07,2202.21,2258.47,2101.82,2141.59569833872,782387.2606,1741391999999,1698459492.23933,4452265.0,384442.6282,834995037.361386,0,-0.02753311062058239,-0.027919250979769477,2181.1784240296533,-75.30529004648952,2252.303275890871,-35.412477672178284,2465.4563644487453,-27.574731403776696,2786.6788047133464,-23.32988026014118,3174.167622812181,-15.11675352355087,2916.9827695853523,-2.473504278673772,0.07123892571972996,0.05710902362336878,0.04328266549935041,2857.34,1993.2,0.17172645443877144,33.92297355765315,-177.08780877757272,-162.03121376971905,-15.056595007853673,2465.4563644487453,2951.1557728880443,1979.756956009446,0.16660380836092786,893913.9662799999,0.8752377634906909,-21529.68304075917,60.61000000000013,56.25999999999976,39.779999999999745,156.64999999999964,0.38691350143632475,0.49137127808698877,0.5086287219130112,5.690615407752972,0,4,3,1,False,False,sideways
2025-03-08,2141.6,2234.93,2105.06,2203.5990801742178,328793.0979,1741478399999,714743022.410347,2118806.0,165408.6608,359616114.815223,0,0.02895195478941015,0.028540764595092114,2192.095770024379,10.917345994725565,2239.0251807450295,-13.27809514584169,2442.5668170979257,-22.889547350819612,2761.277159058292,-25.40164565505438,3160.415812150566,-13.751810661614854,2915.13669060738,-1.846078977972411,0.06989420518817506,0.05775774224196177,0.04280799232904598,2857.34,1993.2,0.24347800145140566,32.3270215078457,-172.52557448981406,-164.13008591373804,-8.39548857607602,2442.5668170979257,2932.5172351104407,1952.6163990854106,0.2561306939046189,840484.5547399999,0.3911946936392075,9515.594045499603,61.98000000000002,31.34999999999991,36.539999999999964,129.8699999999999,0.4772464772464778,0.5030782636754372,0.4969217363245629,6.444192452739441,0,5,3,1,False,False,sideways
2025-03-09,2203.57,2212.0,1989.66,2020.4102288592967,601671.5882,1741564799999,1249766628.544949,2791079.0,283406.499,589074622.734246,0,-0.08313166081937107,-0.08679139480861615,2161.8837856404575,-30.21198438392139,2210.2950407046383,-28.730140040391234,2406.384909045414,-36.18190805251152,2735.5316058511485,-25.74555320714353,3144.6978693872084,-15.717942763357769,2912.0851361335513,-3.0515544738286735,0.07432230893187954,0.05933927454361055,0.04375726267835468,2857.34,1989.66,0.03543959623282386,26.62818816317919,-181.59842665427232,-167.62375406184492,-13.974672592427396,2406.384909045414,2909.2999158580524,1903.4699022327757,0.11626251458239673,836893.3225,0.7189346264619049,-50013.24427095632,183.16000000000008,8.429999999999836,30.75,222.33999999999992,0.8237833948007562,0.4710318794474863,0.5289681205525137,4.638874520151391,0,6,3,1,False,False,sideways
2025-03-10,2020.43,2152.4,1810.01,1865.0900434559483,1248745.3514,1741651199999,2461512870.770777,5261040.0,617411.7094,1216440716.446106,0,-0.07687556872598134,-0.0799912417844078,2086.5849979370832,-75.29878770337427,2173.047264943857,-37.247775760781224,2366.0408975624914,-40.344011482922724,2708.5309981758605,-27.000607675287938,3126.3129136307584,-18.384955756449926,2908.296340138273,-3.7887959952781785,0.07709334297714264,0.06096971939875481,0.044728981052290354,2857.34,1810.01,0.05259091542870754,29.20536321478771,-199.02750309274188,-173.90450386802434,-25.122999224717546,2366.0408975624914,2907.247814899273,1824.8339802257096,0.037191009520290474,832613.9520699999,1.4997891259153617,-95991.72471227832,155.33000000000015,131.97000000000003,55.08999999999992,342.3900000000001,0.45366395046584335,0.4944256318614553,0.5055743681385447,4.213060728595878,0,0,3,1,False,False,sideways
2025-03-11,1865.11,1963.2,1754.28,1923.4455414708752,1171427.9995,1741737599999,2203451540.611388,4578427.0,576537.0793,1085290919.303633,0,0.0312883006478315,0.030808797999219782,2030.8281184598115,-55.756879477271696,2143.6559162679773,-29.391348675879726,2326.4397816670817,-39.60111589540975,2681.320085224148,-27.210912951712544,3108.471066529901,-17.84184710085765,2904.101131203454,-4.19520893481922,0.07850131738811211,0.06147838417805209,0.04489115452387885,2857.34,1754.28,0.15336023559087922,32.112631826969775,-205.75950327448027,-180.27550374931553,-25.483999525164734,2326.4397816670817,2875.8365580469617,1777.0430052872016,0.13323934766086404,905113.6793099999,1.2942330077179043,36635.7810363173,58.320000000000164,39.76999999999998,110.82999999999993,208.92000000000007,0.2791499138426199,0.49216603969350486,0.5078339603064951,3.9084152008951536,0,1,3,1,False,False,sideways
2025-03-12,1923.42,1960.0,1829.72,1908.2347001815642,788739.6763,1741823999999,1494384669.01818,3444921.0,399364.7041,756917595.001095,0,-0.007908121629312759,-0.007939556660879588,1984.1559188283804,-46.67219963143111,2082.6671714290164,-60.98874483896088,2284.9483720914327,-41.49140957564896,2652.9342634622317,-28.385821761916304,3091.119339430968,-17.35172709893277,2899.8021925428284,-4.298938660625481,0.05946042970077649,0.06125740606524458,0.0447705330486222,2857.34,1754.28,0.13957055842979005,35.292485623124136,-209.90242519180447,-186.20088803781334,-23.701537153991126,2284.9483720914327,2828.766462634488,1741.1302815483773,0.15363999611185872,857319.1694599999,0.9200070456803199,-6245.356093046832,15.220000000000027,36.57999999999993,78.48000000000002,130.27999999999997,0.11682529935523511,0.5063327180058077,0.4936672819941923,4.367627372519436,0,2,3,1,False,False,sideways
2025-03-13,1908.2,1923.09,1821.81,1864.5748013634038,569537.2622,1741910399999,1069629049.44307,2688683.0,276728.702,519941674.768743,0,-0.02287973214930339,-0.023145535384727793,1916.3510630662179,-67.80485576216256,2054.2234165452983,-28.443754883718157,2245.0279557242543,-39.920416367178404,2625.3738027981726,-27.560460664059065,3073.6199869205534,-17.49935251041461,2895.3943589318933,-4.407833610935086,0.04173407831652297,0.06122154778161697,0.04475345616606411,2857.34,1754.28,0.09998984766323123,34.932690652183865,-214.23909468868624,-191.80852936798794,-22.430565320698292,2245.0279557242543,2789.219663045679,1700.8362484028294,0.15044197730108266,803316.3756500001,0.7089825123248127,-13016.203754607552,43.61000000000013,14.889999999999873,42.77999999999997,101.27999999999997,0.43058846761453534,0.4858834010808292,0.5141165989191708,4.720820178848695,0,3,3,1,False,False,sideways
2025-03-14,1864.59,1945.64,1861.31,1911.6749346554993,375805.7355,1741996799999,718122712.753679,1728618.0,196808.7418,376032113.705905,0,0.02526052226902098,0.024946748362477976,1894.6040042254583,-21.747058840759564,2028.2438949329578,-25.979521612340477,2202.4503263043666,-42.57762941988767,2596.8425605434663,-28.531242254706285,3054.358642308961,-19.26134461159245,2891.550288787097,-3.8440701447962056,0.042916226717887584,0.06071258846757567,0.044681139417440174,2857.34,1754.28,0.1426893683530355,38.74275371529946,-211.43802346563507,-195.73442818751738,-15.703595278117689,2202.4503263043666,2707.795080442941,1697.1055721657922,0.21229998009524054,715114.71548,0.5255181124999663,9484.882956912848,47.06000000000017,33.99000000000001,3.2799999999999727,84.33000000000015,0.5580457725601813,0.5236980791103439,0.47630192088965606,4.599764816521806,0,4,3,1,False,False,sideways
2025-03-15,1911.64,1957.19,1903.75,1937.1667095917282,209545.8675,1742083199999,404571982.738394,884429.0,103183.2548,199258936.505655,0,0.013334785362357104,0.013246659672372726,1909.019337452614,14.41533322715577,1997.802167694849,-30.441727238108797,2158.32269297087,-44.12763333349676,2569.3835954480237,-27.458965095442636,3035.878275769715,-18.480366539246006,2888.9494337272786,-2.600855059818514,0.04113377347521666,0.060505555558529586,0.044803476788053485,2839.95,1754.28,0.16845515634744287,40.35657427677481,-204.80036996587478,-197.5476165431889,-7.252753422685885,2158.32269297087,2584.6738280527597,1731.97155788898,0.24064102897642822,667356.22326,0.31399402627337386,2797.3795091151433,25.529999999999973,20.019999999999982,7.8900000000001,53.440000000000055,0.47773203592814273,0.49241369458168865,0.5075863054183114,4.220694068328501,0,5,3,1,False,False,sideways
2025-03-16,1937.18,1940.87,1860.38,1887.041508176006,324766.6564,1742169599999,616620264.891675,1466585.0,147750.6179,280566280.649476,0,-0.025875522828020636,-0.026216183534091185,1901.7385307936402,-7.2808066589739155,1966.283324626726,-31.518843068123033,2126.999539094888,-31.323153875981916,2540.749238976958,-28.63435647106553,3014.760239008484,-21.118036761230996,2885.743045993397,-3.2063877338814564,0.041304096392109316,0.05660333035820285,0.04482544828584102,2550.58,1754.28,0.16672297899787256,23.75146559807642,-201.26461340559717,-198.29101591567056,-2.973597489926618,2126.999539094888,2535.1401583765146,1718.858919813261,0.206035102140489,640142.04955,0.5073352963272775,-8411.00324266226,50.180000000000064,3.689999999999827,26.61999999999989,80.48999999999978,0.6234314821717009,0.454943926626576,0.545056073373424,4.515811494495529,0,6,3,1,False,False,sideways
2025-03-17,1887.01,1952.4,1879.98,1926.3227420695673,334840.4877,1742255999999,641484974.278307,1566024.0,166794.9782,319499477.720785,0,0.02081630622504438,0.020602607447346277,1905.356139171241,3.6176083776008454,1944.756028999811,-21.52729562691502,2098.5296524453406,-28.469886649547334,2514.6237528778515,-26.125486099106638,2994.061225806808,-20.699013201675825,2882.7366240196807,-3.006421973716442,0.04242827714612901,0.05709037223704856,0.044978156148046004,2550.58,1754.28,0.21605267119121857,37.23544677601455,-193.06727421266692,-197.24626757506985,4.1789933624029345,2098.5296524453406,2476.712146289743,1720.3471586009384,0.2723230012246079,595387.37226,0.5623909798909513,6975.399878901392,39.299999999999955,26.090000000000146,7.029999999999973,72.42000000000007,0.5426677713338844,0.4981326462212055,0.5018673537787945,4.676925454137666,0,0,3,1,False,False,sideways
2025-03-18,1926.3,1936.2,1872.31,1931.5599536614916,332896.0155,1742342399999,632109997.551311,1549810.0,156778.6707,297667875.793969,0,0.0027187612322416843,0.002715072086015127,1918.7531696308586,13.397030459617554,1917.552116348538,-27.203912651272958,2078.288648546784,-20.241003898556755,2489.606359894599,-25.01739298325265,2973.3350614576125,-20.726164349195642,2879.764467409885,-2.9721566097955474,0.04054183571167555,0.055790908703936305,0.04500053529692897,2550.58,1754.28,0.22262960399534298,35.97141625579232,-184.02687734805045,-194.60238952966597,10.575512181615522,2078.288648546784,2446.0604903598596,1710.5168067337083,0.3005166815355742,595797.66402,0.5587400481798888,903.8244940144647,5.240000000000009,4.660000000000082,53.99000000000001,63.8900000000001,0.0820159649397402,0.4709538816934263,0.5290461183065738,4.655537849175609,0,1,3,1,False,False,sideways
2025-03-19,1931.54,2069.9,1927.58,2056.039863604746,691809.5034,1742428799999,1385193898.481618,2614680.0,338168.3696,677189954.262031,0,0.06444527373188125,0.06245379372630176,1947.6261554207078,28.87298578984928,1921.1150798230829,3.5629634745448584,2065.7050602638606,-12.583588282923301,2469.172462279745,-20.433897614853777,2956.775552667512,-16.559508790100608,2877.4797209975063,-2.2847464123788086,0.03872268573407105,0.05806994256547139,0.04603590863456861,2550.58,1754.28,0.3789524847478918,39.79901765797238,-164.91675163416767,-188.66526195056633,23.748510316398665,2065.7050602638606,2417.290874214659,1714.119246313062,0.48625485404188273,604811.45554,1.1438432540639045,44598.672232191886,124.51999999999998,13.840000000000146,3.9600000000000364,142.32000000000016,0.8749297358066318,0.4888171786279627,0.5111828213720373,3.7794797370515565,0,2,3,1,False,False,sideways
2025-03-20,2056.05,2067.9,1952.17,1983.793854345838,401518.9282,1742515199999,800851703.937569,1885019.0,185718.3372,370117787.131419,0,-0.0351384282658036,-0.03577063691304748,1956.9515843715296,9.325428950821788,1932.9854609120716,11.870381088988779,2053.0163629279646,-12.688697335895995,2446.5699995582154,-22.60246272152972,2940.331232439175,-16.444320228336892,2875.270038802133,-2.2096821953732615,0.030627916597523386,0.058192414656039075,0.04612409712119725,2550.58,1754.28,0.28822536022333056,38.4098420310416,-153.8282521509625,-181.69785999064555,27.869607839683056,2053.0163629279646,2396.715239667601,1709.317486188328,0.3992977381264984,520088.81322,0.7720199281236139,-14113.290925855255,72.26000000000022,11.849999999999909,31.61999999999989,115.73000000000002,0.6243843428670198,0.46253943253079244,0.5374605674692076,4.694720142959377,0,3,3,1,False,False,sideways
2025-03-21,1983.79,1996.73,1937.1,1965.7823099651985,262641.659,1742601599999,516587945.858554,1470569.0,130673.0391,256964902.673041,0,-0.009079342765974552,-0.00912081119338757,1972.6997447293684,15.748160357838742,1937.2191377615043,4.233676849432641,2040.4375270147407,-12.578835913223884,2420.9379611073523,-25.632038450863092,2921.670790065211,-18.660442373964088,2872.408733091488,-2.861305710644956,0.02965823876418039,0.05819261718959229,0.04553837571769871,2550.58,1754.28,0.26560631667110196,40.22945943779131,-144.82447117139736,-174.32318222679592,29.49871105539856,2040.4375270147407,2377.1551460155943,1703.7199080138869,0.389142692813243,429210.17917,0.611918523246332,-2388.3856297087864,18.039999999999964,12.940000000000055,28.65000000000009,59.63000000000011,0.30253228240818264,0.4975335580712274,0.5024664419287727,5.599146021233441,0,4,3,1,False,False,sideways
2025-03-22,1965.74,2006.61,1964.34,1980.7088678855112,170782.9574,1742687999999,339679365.319319,833146.0,83417.243,165949750.564435,0,0.007593189665328071,0.007564506506949829,1983.5769698925571,10.877225163188768,1944.4665545318992,7.247416770394921,2013.566862980458,-26.870664034282754,2394.5322869774013,-26.405674129950967,2902.6617163847336,-19.009073680477286,2870.1859227328705,-2.2228103586176076,0.029454163115415547,0.04815661920804346,0.04545402708289709,2523.56,1754.28,0.29433869057496775,36.92932784159818,-134.92908292115612,-166.44436236566798,31.51527944451186,2013.566862980458,2264.666905667837,1762.4668202930786,0.434571904601675,367414.50727999996,0.4648236637805088,1297.97654002595,14.950000000000045,25.919999999999845,1.400000000000091,42.26999999999998,0.35367873196120303,0.4884400895144588,0.5115599104855413,4.878390752120796,0,5,3,1,False,False,sideways
2025-03-23,1980.68,2020.74,1976.81,2006.0280921847718,268707.5233,1742774399999,537810044.752251,973880.0,141545.4057,283218620.576171,0,0.01278291055781966,0.012701898803547806,1998.470597597213,14.893627704655955,1958.6118836140358,14.14532908213664,2006.417650079667,-7.149212900790872,2372.302206356619,-22.230080620782246,2883.6536727400603,-19.008043644673307,2867.9624557438815,-2.223466988989003,0.027942077918849603,0.03620299490583432,0.04505480967046658,2319.99,1754.28,0.44501262516973705,48.964964266472045,-123.6188653118104,-157.8792629548965,34.260397643086094,2006.417650079667,2249.2875426834016,1763.5477574759325,0.4991980111434997,337331.53339,0.7965680545771523,3432.288919260476,25.309999999999945,14.75,3.8700000000001182,43.930000000000064,0.5761438652401527,0.5267638358676353,0.47323616413236463,3.6243123677363744,0,6,3,1,False,False,sideways
2025-03-24,2005.99,2104.11,1977.67,2081.1545201783315,477912.8154,1742860799999,985984215.594533,1804046.0,241987.6758,499157615.491606,0,0.03745033695502209,0.03676610398184784,2003.49352891193,5.0229313147169705,1975.5598421663192,16.947958552283353,2001.9018685496387,-4.515781530028335,2356.531220971717,-15.770985384901905,2865.76211906996,-17.891553670100166,2866.5240793764933,-1.438376367388173,0.029038353938640543,0.037212530382515846,0.04428393734989376,2319.99,1754.28,0.5778128726349748,67.57846632225402,-107.3558303042978,-147.77457642477674,40.41874612047894,2001.9018685496387,2235.0125960645146,1768.791141034763,0.6699892846493631,347542.24138,1.375121520487214,17918.246275521757,75.20999999999981,22.91000000000031,28.319999999999936,126.44000000000005,0.5948275862068948,0.5063427219407433,0.4936572780592567,3.7748433226049034,0,0,3,1,False,False,sideways
2025-03-25,2081.2,2097.7,2037.08,2066.1258459721635,328765.3292,1742947199999,678919919.780749,1398034.0,144848.2928,299282311.765827,0,-0.007221315890028279,-0.007247515799699633,2019.9599272371954,16.466398325265345,1988.4557558043623,12.895913638043112,1993.1289617496059,-8.772906800032843,2340.2557140223066,-16.275506949410556,2846.832324750002,-18.92979431995809,2865.728556338213,-0.7955230382804075,0.02941505022604078,0.036366157489911496,0.04426556726901634,2319.99,1754.28,0.5512468331338736,62.48854638638302,-94.5895765421601,-137.1375764482534,42.54799990609331,1993.1289617496059,2199.9880948499986,1786.2698286492132,0.676441047413485,359464.18755000003,0.9145982842985437,-2377.4352318181463,15.049999999999727,16.5,29.070000000000164,60.61999999999989,0.24826789838336777,0.4405826282000785,0.5594173717999216,4.252376621956766,0,1,3,1,False,False,sideways
2025-03-26,2066.16,2079.21,1981.6,2009.521852891185,428975.3286,1743033599999,872757205.466645,1468474.0,181445.0723,369125581.320511,0,-0.027396198150914097,-0.027778472065654085,2028.7078358223928,8.747908585197365,2000.7037902758807,12.248034471518395,1983.493557451303,-9.635404298302774,2325.822233958493,-14.433480063813477,2827.0652330827634,-19.767091667238674,2864.4082122834197,-1.3203440547931677,0.029606334221820216,0.03663294241366778,0.04388263357847837,2258.47,1754.28,0.5062414028266827,58.26647927463672,-88.02500023307357,-127.31506120521746,39.29006097214389,1983.493557451303,2165.843433661699,1801.1436812409074,0.5713691064145567,369885.05477,1.159753072117886,-11757.555288153333,56.63999999999987,13.050000000000182,27.920000000000073,97.61000000000013,0.5802684151213995,0.4229732112850464,0.5770267887149536,3.4232131828944534,0,2,3,1,False,False,sideways
2025-03-27,2009.52,2037.38,1987.06,2003.6843693481208,360634.8383,1743119999999,726385594.534751,1394730.0,154040.2327,310291637.030968,0,-0.0029049117005947034,-0.002909139145476492,2033.3029361149142,4.595100292521465,2008.4399530037358,7.736162727855117,1976.597991001773,-6.895566449530179,2310.131305342801,-15.690928615691973,2808.1715242385835,-18.893708844179855,2862.940070959132,-1.468141324287899,0.029298074644898475,0.036208891540281986,0.04372323463678555,2234.93,1754.28,0.5188897729077725,62.10036934327022,-82.34434796320102,-118.32091855681418,35.97657059361316,1976.597991001773,2143.555232694568,1809.6407493089775,0.5811177103542098,372464.48983,0.9682395185232309,-1051.6542022164356,5.8599999999999,27.860000000000127,16.600000000000136,50.320000000000164,0.11645468998409939,0.42713630614871184,0.5728636938512881,3.8674300202793246,0,3,3,1,False,False,sideways
2025-03-28,2003.67,2015.93,1860.0,1896.9506999721293,626167.5832,1743206399999,1197329354.058415,2245087.0,307332.2769,587606938.584515,0,-0.05326870389806759,-0.05473996829511132,2011.4874576723862,-21.815478442528047,2004.9790276347999,-3.460925368935932,1961.2655719916688,-15.332419010104104,2294.337343336059,-15.793962006742277,2790.873050191011,-17.298474047572654,2860.62734149338,-2.3127294657519997,0.03452276669914454,0.03708442158814439,0.04402904472838403,2212.0,1754.28,0.31169863666024933,48.83960439400505,-85.46966413545215,-111.75066767254178,26.28100353708963,1961.2655719916688,2093.068820620884,1829.4623233624538,0.25601939751702096,401791.6466,1.558438530264855,-33363.76989231305,106.76999999999998,12.259999999999991,36.90000000000009,155.93000000000006,0.684730327711152,0.49081473577631224,0.5091852642236878,3.5854411186963535,0,4,3,1,False,False,sideways
2025-03-29,1896.9,1913.6,1797.2,1828.0666010139955,409769.7555,1743292799999,758545295.871779,1755638.0,199201.1398,368752720.356886,0,-0.036313067576899005,-0.03698879601438027,1960.8698738395185,-50.617583832867695,1982.1817013757245,-22.797326259075362,1951.6483905994035,-9.617181392265366,2278.4566988362567,-15.880644499802202,2774.983500425308,-15.889549765702668,2857.824887068139,-2.8024544252407395,0.027121001289595856,0.03329665773404977,0.04416596355834511,2152.4,1754.28,0.18533758920424878,41.95238485341878,-92.43928824273144,-107.88839178657972,15.449103543848281,1951.6483905994035,2093.003880901918,1810.292900296889,0.06286880219179701,373587.67181,1.0968503149868434,-14866.54782724975,68.82000000000016,16.699999999999818,30.87999999999988,116.39999999999986,0.591237113402064,0.4861294351920514,0.5138705648079486,4.284449929345749,0,5,3,1,False,False,sideways
2025-03-30,1828.09,1849.01,1767.69,1807.7220127818614,327843.4476,1743379199999,595676639.883548,1523210.0,164123.1476,298224370.054843,0,-0.01112901916202036,-0.011191410027064355,1909.1891072014582,-51.68076663806028,1964.574517219327,-17.60718415639758,1948.7799890656995,-2.8684015337039455,2261.960577097439,-16.496121738817692,2758.3385626636928,-16.644937761615438,2855.1608895143377,-2.663997553801437,0.025812209169524022,0.02869881523079168,0.04414649007521227,2104.11,1754.28,0.15276566555716034,43.88024112799797,-98.46931088384395,-106.00457560603257,7.535264722188629,1948.7799890656995,2099.546053764731,1798.013924366668,0.03219586726818524,366220.12374999997,0.895208718305721,-3647.726425640018,20.34999999999991,20.920000000000073,40.049999999999955,81.31999999999994,0.25024594195769706,0.5006143901959137,0.4993856098040863,4.646150506135661,0,6,3,1,False,False,sideways
2025-03-31,1807.74,1854.22,1776.75,1822.4343945459887,497854.9052,1743465599999,904456573.010415,2283021.0,248408.7865,451323627.204578,0,0.008138630641271405,0.008105690590825408,1871.7716155324192,-37.41749166903901,1950.2397256774057,-14.334791541921277,1943.729431719455,-5.050557346244432,2245.866387641072,-16.094189456367076,2743.1735820205686,-15.164980643124181,2852.464238203686,-2.6966513106517596,0.026370737562676105,0.027772644978514983,0.04419100767077276,2104.11,1767.69,0.16272633775039708,41.66882774044483,-100.89789291625152,-104.98323906807637,4.085346151824851,1943.729431719455,2104.504293715912,1782.9545697229983,0.12277984360471868,389741.44837,1.2773978936091055,4045.652891117049,14.690000000000055,31.789999999999964,30.99000000000001,77.47000000000003,0.18962178907964436,0.49895819827306587,0.5010418017269341,4.585715589329901,0,0,3,1,False,False,sideways
2025-04-01,1822.43,1927.9,1817.88,1904.9455112926537,452989.0974,1743551999999,851190042.273377,2141608.0,227293.9134,427068696.66992,0,0.04527521923071509,0.04428021842648851,1852.0238439213256,-19.74777161109364,1942.66339001812,-7.576335659285633,1943.5649722750095,-0.16445944444558336,2230.740418517352,-15.125969123720097,2729.404826489641,-13.768755530927592,2849.793084940804,-2.671153262881944,0.03100820628013504,0.029690202433886436,0.044711692220533776,2104.11,1767.69,0.40798855981408244,48.10104553207356,-95.0687112021219,-103.00033349488548,7.931622292763578,1943.5649722750095,2104.499360845044,1782.6305837049747,0.38001488890750823,417962.06237000006,1.0838043405934588,20518.895096310913,82.54999999999995,22.920000000000073,4.5499999999999545,110.01999999999998,0.7503181239774583,0.5017646444574231,0.498235355542577,4.727725263791305,0,1,4,2,False,False,sideways
2025-04-02,1904.98,1957.0,1781.53,1795.2148997078366,750840.7823,1743638399999,1411539014.562126,3408080.0,364479.3767,685797603.628611,0,-0.057603018529572725,-0.05932866911368464,1831.676683868467,-20.3471600528585,1921.5820707704268,-21.081319247693273,1940.0969771922312,-3.467995082778316,2214.593542613771,-16.14687590358062,2713.132143822306,-16.272682667335175,2846.680346759731,-3.1127381810729275,0.03468267503245599,0.03204104734830485,0.045256928376639846,2104.11,1767.69,0.08181707302727702,30.98988807048393,-98.1717234761411,-102.03461149113662,3.8628880149955194,1940.0969771922312,2110.885966667307,1769.3079877171551,0.07584479558754631,466175.38827,1.6106401178457905,-43261.495797986354,109.75999999999999,52.01999999999998,13.690000000000055,175.47000000000003,0.6255200319142872,0.4854283162184064,0.5145716837815936,4.539018231748492,0,2,4,2,False,False,sideways
2025-04-03,1795.21,1845.26,1750.0,1817.2640941010281,508075.018,1743724799999,912214691.840036,2579520.0,253462.4464,455404696.427552,0,0.012282203315480578,0.012207389022985772,1829.5161824858737,-2.1605013825933383,1895.1930281626962,-26.389042607730516,1935.3764351645077,-4.720542027723468,2196.173602461701,-18.419940152070012,2696.373072047641,-16.75907177466479,2844.1861757389274,-2.4941710208036056,0.031592162714661094,0.03160096231515334,0.0445506319253431,2104.11,1750.0,0.18995254045643478,36.90432246627797,-97.72518227511932,-101.17272564793316,3.44754337281384,1935.3764351645077,2114.4892248127217,1756.263645516294,0.17028501623067227,469191.60852999997,1.082873198844761,6229.17032240059,22.019999999999982,28.029999999999973,45.210000000000036,95.25999999999999,0.23115683392819636,0.4988681541512045,0.5011318458487956,5.077045531886395,0,3,4,2,False,False,sideways
2025-04-04,1817.23,1835.68,1758.72,1816.911170152888,572734.4702,1743811199999,1030518559.141754,2647730.0,277397.8197,499272616.797469,0,-0.000194206196713953,-0.00019422505717929308,1831.3540139600786,1.8378314742049042,1870.2715605807687,-24.921467581927573,1929.3636581925657,-6.012776971942003,2178.9935156800984,-17.180086781602768,2679.572225258734,-16.800846788907165,2841.7924882621014,-2.393687476826017,0.0318127103480449,0.031398350516120443,0.04450373799588507,2104.11,1750.0,0.18895588984464698,37.95854536230267,-96.28980424425458,-100.19614136719746,3.9063371229428725,1929.3636581925657,2116.133628402135,1742.5936879829965,0.19895458056373294,493588.52263,1.1603480306800584,-113.4608218398445,0.36000000000012733,18.450000000000045,58.149999999999864,76.96000000000004,0.00467775467775633,0.4843393127763589,0.5156606872236411,4.622962538077038,0,4,4,2,False,False,sideways
2025-04-05,1816.88,1827.29,1764.39,1806.0073492478994,201716.2696,1743897599999,362822603.997079,861593.0,96425.6245,173484839.307568,0,-0.006001295541636753,-0.006019375688219992,1828.0686049004612,-3.28540905961745,1849.92011021644,-20.351450364328684,1925.3119502461602,-4.051707946405486,2160.5938833648183,-18.399632315280087,2664.282022356076,-15.290202902657711,2839.1136303080802,-2.6788579540211686,0.03140227342031142,0.030938436606529434,0.044352456381370094,2104.11,1750.0,0.1581637040690727,35.776693579023785,-94.93772108150483,-99.14445731005893,4.206736228554092,1925.3119502461602,2119.3231497309016,1731.3007507614186,0.19253166488555273,470862.61673,0.42839729133915777,-1205.7212061710438,10.870000000000118,10.409999999999854,41.61999999999989,62.899999999999864,0.17281399046105153,0.4780260149129786,0.5219739850870214,4.2713113905414,0,5,4,2,False,False,sideways
2025-04-06,1806.02,1817.0,1537.5,1580.7224853800715,979847.0958,1743983999999,1621420911.803542,3251935.0,453768.9316,751319408.63196,0,-0.1247419419204725,-0.13323651258645489,1763.2239997179447,-64.84460518251649,1807.6239218196351,-42.29618839680484,1908.0319374116857,-17.28001283447452,2138.346526544134,-22.247356820684217,2646.754057691283,-17.527964664793217,2835.1434225457733,-3.970207762306927,0.047684151124571875,0.04087764611876212,0.04736408175407132,2104.11,1537.5,0.07628260246037215,23.878909457546357,-110.76792744679528,-101.4691513374062,-9.298776109389081,1908.0319374116857,2155.7841659200362,1660.2797089033354,-0.1605580381703458,532783.8424799999,1.8391081291786404,-122208.93479490695,225.26,10.980000000000018,43.25999999999999,279.5,0.8059391771019677,0.4631017773538621,0.5368982226461378,3.318818838101413,0,6,4,2,False,False,sideways
2025-04-07,1580.77,1639.0,1411.01,1553.0484905359428,2168796.0067,1744070399999,3314200223.327178,5723226.0,1076060.067,1645270461.504365,0,-0.017507181115016923,-0.01766224428834978,1714.790717883566,-48.433281834378704,1773.2337008760164,-34.390220943618715,1889.106364255408,-18.92557315627778,2116.1796958110413,-22.166830733092866,2628.244641829652,-18.509415861630714,2830.5824594259093,-4.560963119864027,0.04643274373124228,0.04082222606842445,0.04737671206030397,2104.11,1411.01,0.20493217506267902,15.557617256066663,-124.11581034224628,-105.99848313837421,-18.117327203872065,1889.106364255408,2182.8504976679346,1595.3622308428812,-0.07202482619033967,687046.6848299999,3.1566937947406557,-38031.72227645196,27.730000000000018,58.23000000000002,142.02999999999997,227.99,0.12162814158515732,0.49615549995285785,0.5038445000471421,2.638895489626226,0,0,4,2,False,False,sideways
2025-04-08,1553.04,1618.67,1441.3,1473.397236974791,891846.1327,1744156799999,1361139288.977932,3369669.0,449628.1417,686762120.765776,0,-0.05128703581796401,-0.05264898746951052,1646.0173464583186,-68.77337142524743,1737.7667644720962,-35.46693640392027,1859.9742329239102,-29.132131331497703,2090.7666727523465,-25.413023058694762,2609.4132101711557,-18.831431658496513,2825.1424866692146,-5.439972756694715,0.047294459502546043,0.03780093775808801,0.04736625721365104,2104.11,1411.01,0.09001188425161014,14.348180461475152,-139.51307431544387,-112.70140137378814,-26.81167294165573,1859.9742329239102,2196.46708554962,1523.4813802982005,-0.07442081300181358,735254.3225499999,1.2129763883698232,-45728.18958101589,79.62999999999988,65.63000000000011,32.11000000000013,177.37000000000012,0.4489485256807793,0.504154388536488,0.495845611463512,3.778307576216729,0,1,4,2,False,False,sideways
2025-04-09,1473.41,1689.0,1385.05,1669.5259812956617,1968530.9138,1744243199999,2995077137.626647,4723847.0,990740.8363,1508747907.727771,0,0.13311328364071473,0.124968962608736,1616.5403086868732,-29.47703777144534,1723.947161323476,-13.819603148620217,1844.2608392714014,-15.713393652508785,2070.717786915972,-20.048885836374666,2592.489972549159,-16.923237621996577,2820.42805219727,-4.714434471944514,0.06790118190066749,0.05002078215752855,0.05151504265336637,2104.11,1385.05,0.39562203612447044,32.48885914920197,-134.34096734787454,-117.02931456860543,-17.31165277926911,1844.2608392714014,2185.7225154662415,1502.7991630765614,0.24413694104278488,899323.06917,2.188902944096374,261996.94056384818,196.0999999999999,19.49000000000001,88.36000000000013,303.95000000000005,0.6451719032735643,0.5032894476559172,0.4967105523440828,2.399681390261335,0,2,4,2,False,False,sideways
2025-04-10,1669.51,1669.85,1471.02,1522.2543417209647,911855.3934,1744329599999,1425649915.894919,3007121.0,454828.2592,711164539.487151,0,-0.08821164883004973,-0.09234738692604783,1559.7897071814864,-56.75060150538684,1693.9291560409736,-30.018005282502372,1822.08444085919,-22.176398412211483,2046.8535165628093,-23.86427035316251,2574.3345096372004,-18.155462911958693,2815.1343513104976,-5.293700886772513,0.07238329147249369,0.05318983375726932,0.05261583125071841,2104.11,1385.05,0.19081069969260522,28.357499282381184,-140.50596057470761,-121.72464376982587,-18.78131680488174,1822.08444085919,2187.112551143971,1457.0563305744092,0.08930546622243764,940723.1179899998,0.9693132612158185,-80430.68039849059,147.26,0.33999999999991815,51.23000000000002,198.82999999999993,0.7406327013026206,0.4987942852474661,0.501205714752534,3.2978046977245636,0,3,4,2,False,False,sideways
2025-04-11,1522.24,1591.47,1504.63,1566.818313907397,578484.3183,1744415999999,901210974.608363,2547292.0,305707.1748,476514872.298804,0,0.029274984452368757,0.028854655798682995,1557.0088728869516,-2.7808342945347704,1660.116436302448,-33.81271973852563,1801.389913160284,-20.69452769890586,2023.4286250070663,-23.424891555742988,2556.398936895432,-17.935572741768283,2809.7335581046923,-5.4007932058052575,0.07105556291037612,0.05381369495185633,0.052848762647044877,2104.11,1385.05,0.2527860177278627,34.280356433393806,-140.1799152010899,-125.4156980560787,-14.764217145011202,1801.389913160284,2175.3727563782986,1427.4070699422698,0.1863872186829931,953272.64008,0.6068403665203826,16948.85898911476,44.6099999999999,24.62000000000012,17.6099999999999,86.83999999999992,0.5137033625057571,0.5284623370576162,0.47153766294238375,4.403389892202718,0,4,4,2,False,False,sideways
2025-04-12,1566.85,1669.59,1546.06,1644.1697180049835,501867.9033,1744502399999,813176435.313973,2177800.0,266899.4092,432987094.823904,0,0.04936845798329004,0.04818851462729568,1575.2331183807596,18.224245493807985,1645.011918132163,-15.104518170285019,1783.2969944512945,-18.0929187089896,2003.0523567930268,-20.376268214039555,2538.2836442849307,-18.115292610501456,2804.6883508532524,-5.045207251439933,0.0723192405171121,0.055241561458631495,0.05343623341729179,2104.11,1385.05,0.3603589658790413,41.31357663916729,-132.15649225726747,-126.76385689631647,-5.3926353609510045,1783.2969944512945,2150.5469092601556,1416.0470796424336,0.31058228901329854,928375.35218,0.5405872766026367,24769.0876358229,77.33000000000015,25.409999999999854,20.789999999999964,123.52999999999997,0.6260017809439017,0.5318120713538765,0.4681879286461235,4.339388882373263,0,5,4,2,False,False,sideways
2025-04-13,1644.19,1649.75,1562.01,1597.7764738207425,580136.6145,1744588799999,931598664.291855,2597350.0,281372.538,452135764.611083,0,-0.02821682194739239,-0.02862256725214221,1600.10896574995,24.875847369190296,1623.0631561041341,-21.948762028028796,1759.1280921334153,-24.1689023178792,1979.7433358083765,-23.30902098465026,2518.1709540135976,-20.112690271333122,2799.777583241442,-4.91076761181057,0.07229135443798265,0.05431393207245486,0.05309426662297963,2097.7,1385.05,0.2985006297912616,40.32133635115346,-128.06516336432855,-127.0241181899189,-1.0410451744096605,1759.1280921334153,2106.951524597154,1411.3046596696768,0.26805527855071387,935581.51183,0.6200813153791926,-16378.949777451407,46.430000000000064,5.559999999999945,35.75,87.74000000000001,0.5291771142010492,0.48501082498043224,0.5149891750195678,4.477135100735828,0,6,4,2,False,False,sideways
2025-04-14,1597.76,1691.5,1595.56,1623.774420921947,645930.1419,1744675199999,1062426756.849636,2975844.0,332185.1295,546536662.981744,0,0.016271329267376178,0.01614036986861417,1590.958653675207,-9.150312074742942,1603.7494811810402,-19.313674923093913,1737.0105208809043,-22.11757125251097,1955.8244367015823,-23.918899106794242,2497.839957355814,-20.330996657783544,2794.7352219406257,-5.042361300816083,0.07273679947977978,0.05466937928018711,0.05304950354733603,2079.21,1385.05,0.3439040292179714,40.935926307917335,-121.3263638832766,-125.88456732859045,4.5582034453138505,1737.0105208809043,2057.8481325682055,1416.1729091936031,0.3235305091515877,942901.0789999999,0.6850455008334974,10515.123041520053,26.00999999999999,67.73000000000002,2.2000000000000455,95.94000000000005,0.2711069418386489,0.5142740800466119,0.48572591995338815,4.6070678653369095,0,0,4,2,False,False,sideways
2025-04-15,1623.78,1661.21,1583.12,1588.761252161682,476178.8915,1744761599999,774210116.710625,2283302.0,232389.8503,377978352.554607,0,-0.021562828130021416,-0.021798702822716787,1604.2600357633505,13.301382088143555,1582.0248714724182,-21.724609708621983,1715.972490844429,-21.03803003647522,1937.329570030903,-18.494866670679357,2477.3676694437613,-20.472287912052707,2789.2068273015043,-5.528394639121416,0.07283681323553459,0.054590290193113816,0.0511272783964856,2037.38,1385.05,0.31228251369963367,34.92015084039616,-117.45711434614009,-124.19907673210038,6.741962385960292,1715.972490844429,2016.0823365389347,1415.8626451499235,0.28805887159690063,970347.3411899998,0.4907303511709848,-10260.997193928342,35.0,37.430000000000064,5.660000000000082,78.09000000000015,0.4482007939556913,0.48803055836421927,0.5119694416357807,4.795050853277901,0,1,4,2,False,False,sideways
2025-04-16,1588.77,1613.66,1538.07,1577.1207688222523,611387.8686,1744847999999,965271509.893183,2645419.0,311107.7903,491272640.364742,0,-0.007326766890614622,-0.007353739475801729,1606.3205267463213,2.060490982970805,1581.6646998166366,-0.3601716557816417,1694.644310818136,-21.328180026293012,1918.957575906138,-18.371994124765024,2456.264163953608,-21.10350549015311,2783.716321283671,-5.490506017833468,0.06082012592434848,0.05456787999045631,0.05112721406276906,2015.93,1385.05,0.30444897416664396,38.52470332093605,-114.01569398547599,-122.16240018277551,8.146706197299523,1694.644310818136,1968.1082381823453,1421.1803834539269,0.28512057672717905,933501.4184700001,0.6549404816138993,-4479.2575375470215,11.629999999999882,24.8900000000001,39.070000000000164,75.59000000000015,0.15385633020240586,0.5088550268627295,0.49114497313727046,4.32690790227433,0,2,4,2,False,False,sideways
2025-04-17,1577.15,1616.96,1563.2,1583.6313662965279,449870.3628,1744934399999,716711483.143345,1871114.0,226961.4241,361610704.821231,0,0.004128154040566878,0.004119656590503395,1594.2128564046302,-12.107670341691119,1584.722987392695,3.0582875760583192,1678.9783441343557,-15.665966683780425,1903.9026025994158,-15.054973306722104,2438.2873375721956,-17.976826381412593,2778.3463115341374,-5.370009749533438,0.060456877624245314,0.05370163592689735,0.05050772500263569,1957.0,1385.05,0.3472005704983441,37.5027701202683,-109.50073642307098,-119.63006743083461,10.12933100776364,1678.9783441343557,1939.2229725620614,1418.73371570665,0.3168127841602798,761608.8540800001,0.5906842605492415,1848.3837521994992,6.4699999999998,33.340000000000146,13.950000000000045,53.75999999999999,0.12034970238094868,0.504504059096911,0.49549594090308896,4.159229312982873,0,3,4,2,False,False,sideways
2025-04-18,1583.63,1600.64,1573.54,1588.6086248131437,200409.0359,1745020799999,317931022.839473,889028.0,99073.5374,157166748.966902,0,0.0031429400948628228,0.003138011383039948,1592.3792866031106,-1.8335698015196158,1596.2441261765302,11.52113878383534,1667.005445324313,-11.97289881004258,1889.5205425104143,-14.38206008900147,2420.900868830645,-17.386468741550743,2773.278432620864,-5.067878913273489,0.057340651744558005,0.053315119357105784,0.050518731639032706,1957.0,1385.05,0.3559028320887206,37.84800482190146,-104.31845860592307,-116.5677456658523,12.24928705992923,1667.005445324313,1920.3107066337616,1413.7001840148646,0.3452522855113608,692465.1443999999,0.28941389688812186,630.2250532210815,4.9699999999998,12.040000000000191,10.090000000000146,27.100000000000136,0.18339483394833117,0.4943566389363585,0.5056433610636415,4.436067445799234,0,4,4,2,False,False,sideways
2025-04-19,1588.6,1631.81,1585.01,1613.2427902870595,223096.3899,1745107199999,358254845.712294,1762563.0,119856.3027,192451022.067047,0,0.015506755464589794,0.015387754369292008,1590.272960476133,-2.106326126977592,1590.61580707567,-5.628319100860153,1657.2814841995728,-9.723961124740299,1877.0340422948805,-12.486500215533852,2404.8412667530065,-16.059602077638374,2769.1056108232615,-4.17282179760241,0.037780373049051,0.053503115504610343,0.050486711532995394,1957.0,1385.05,0.3989733198479929,39.88741853671108,-97.10433647655236,-112.67506382799232,15.570727351439956,1657.2814841995728,1902.6491140742428,1411.9138543249028,0.41025977237704997,517921.69201000006,0.4307531299455448,3464.552397603585,24.670000000000073,18.539999999999964,3.589999999999918,46.799999999999955,0.5271367521367541,0.5372399918874706,0.4627600081125293,7.90045504900391,0,5,4,2,False,False,sideways
2025-04-20,1613.26,1619.19,1565.59,1587.3925067972543,276052.2306,1745193599999,438377495.975152,1913811.0,138393.3947,219774032.482756,0,-0.016023802272939536,-0.016153571524217328,1589.9992114032475,-0.27374907288549366,1597.129623583299,6.513816507628917,1645.5293898121363,-11.7520943874365,1864.4347118662322,-12.599330428648273,2388.044942585504,-16.796324167502462,2765.2220698524525,-3.8835409708090083,0.024035650119714157,0.053480078197900106,0.05050705424502655,1957.0,1385.05,0.35377656577892186,50.44250973441332,-92.40777524074451,-108.62160611054277,16.213830869798258,1645.5293898121363,1879.8579047877045,1411.2008748365681,0.37595004598364073,454341.37572999997,0.6075876980309377,-4433.550053522365,25.90000000000009,5.930000000000064,21.769999999999982,53.600000000000136,0.4832089552238811,0.5013304706837606,0.4986695293162395,6.93278585664868,0,6,4,2,False,False,sideways
2025-04-21,1587.36,1658.75,1564.07,1579.5393149469464,691486.6667,1745279999999,1117358203.868595,4257816.0,349723.7779,565324291.159292,0,-0.004947227492054007,-0.00495950553356504,1590.4829206281863,0.4837092249388206,1598.401723687254,1.2721001039549265,1629.259079994851,-16.27030981728535,1845.6630551937476,-18.771656672484596,2371.012117655269,-17.032824930235165,2761.3709070020795,-3.85116285037293,0.022496299571892316,0.05213179220561157,0.04622704132350272,1957.0,1385.05,0.34004600917378525,51.80495202847781,-88.30151863390256,-104.55758861521474,16.25606998131218,1629.259079994851,1830.6151707951615,1427.9029891945404,0.37653771770625816,465641.61057,1.4850190597303774,-3393.4842339437614,7.789999999999964,71.3900000000001,15.5,94.68000000000006,0.08227714406421587,0.505756357630142,0.49424364236985796,6.157480982705983,0,0,4,2,False,False,sideways
2025-04-22,1579.57,1778.0,1537.26,1756.251046486499,1103036.9586,1745366399999,1833852783.080129,3841594.0,570956.5969,949980453.538352,0,0.11187548791432778,0.10604821825907168,1625.0068566661807,34.52393603799442,1609.6098565354055,11.208132848151536,1627.310887333784,-1.9481926610669689,1837.8078291194659,-7.855226074281745,2355.9016459477502,-15.110471707518627,2758.079879309808,-3.291027692271655,0.03960029714894192,0.05717901471671502,0.044869028895710567,1845.26,1385.05,0.8065905705797333,67.0209740986915,-69.98141856403208,-97.64235460497821,27.660936040946126,1627.310887333784,1822.5678160741018,1432.0539585934662,0.8301807520597623,525758.5161,2.0979916155845983,123385.22522903961,176.69000000000005,21.74000000000001,42.309999999999945,240.74,0.7339453352164163,0.5176223629212491,0.4823776370787509,3.4827427767024597,0,1,4,2,False,False,sideways
2025-04-23,1756.25,1834.86,1744.95,1795.0655510085278,887545.6316,1745452799999,1590311895.515477,3346263.0,465865.2367,834633411.499644,0,0.022100772323911055,0.021860089977215273,1666.2982419052573,41.29138523907659,1629.338764254184,19.7289077187786,1626.200960179159,-1.1099271546249838,1830.2797371240583,-7.528091995407522,2342.4775583121036,-13.424087635646629,2754.981905362845,-3.097973946963066,0.037741255798598564,0.05732793273903189,0.0449706592038211,1835.68,1385.05,0.9098718483201912,59.31878175057285,-51.73424101392561,-88.4607318867677,36.72649087284209,1626.200960179159,1817.115541082947,1435.286379275371,0.942251686670461,556499.41781,1.5948725249215367,19613.067519840923,38.819999999999936,39.789999999999964,11.299999999999955,89.90999999999985,0.4317650984317651,0.5248915887965935,0.4751084112034065,3.770243332692214,0,2,4,2,False,False,sideways
2025-04-24,1795.08,1802.82,1722.9,1769.6564288492245,483465.0385,1745539199999,851507192.04646,2225460.0,228156.9812,401904077.519877,0,-0.014154982889080348,-0.014256120191601072,1697.5809696176905,31.282727712433143,1643.9269650469116,14.588200792727548,1623.838223113976,-2.362737065182955,1820.841186061586,-9.438551062472243,2327.9178273876223,-14.5597309244813,2751.630059658484,-3.3518457043610397,0.03860360239098925,0.05742735393288552,0.04470982198238953,1834.86,1385.05,0.8550419707192473,72.42093862963671,-38.875393806305965,-78.54366427067536,39.6682704643694,1623.838223113976,1805.7735664482543,1441.9028797796977,0.900741832408368,540252.90747,0.8948865092907374,-6846.352108090469,25.429999999999836,7.740000000000009,46.75,79.91999999999985,0.3181931931931918,0.4719203314222689,0.5280796685777311,4.603145672962658,0,3,4,2,False,False,sideways
2025-04-25,1769.64,1827.32,1738.6,1784.5920210989752,595610.8894,1745625599999,1063192910.339053,2516748.0,310119.5698,553732398.650821,0,0.008439825949414947,0.008404409749902881,1737.0208724780346,39.43990286034409,1663.5100419406413,19.58307689372964,1622.7674567065299,-1.0707664074461718,1812.4884277064211,-8.352758355164951,2311.2485563399546,-16.669271047667735,2748.439455407562,-3.1906042509217514,0.03707638061850347,0.05743553538663082,0.044696994700894443,1834.86,1385.05,0.8882461952801746,70.85584699594416,-27.166330728489356,-68.26819756223816,41.1018668337488,1622.7674567065299,1800.3894626443232,1445.1454507687365,0.9555307309419743,552196.10726,1.0786220358477796,5031.719716627504,14.959999999999809,42.72000000000003,31.04000000000019,88.72000000000003,0.16862037871956498,0.5206747816723177,0.4793252183276822,4.225490240004333,0,4,4,2,False,False,sideways
2025-04-26,1784.6,1841.16,1778.94,1820.8574973790485,355068.0442,1745711999999,640645562.865216,1907298.0,184308.0796,332672166.455174,0,0.02032143809414788,0.020117713037872915,1785.284508964455,48.26363648642041,1687.8837147963209,24.373672855679615,1634.7742073064787,12.006750599948873,1806.0736636872277,-6.414764019193399,2296.376234200287,-14.87232213966763,2745.339422659394,-3.100032748167905,0.03647837179236125,0.049310555053580514,0.044678048592694856,1841.16,1385.05,0.9554877055513986,68.36645464447513,-14.790003078473319,-57.5725586654852,42.78255558701188,1634.7742073064787,1831.8310434137554,1437.717371199202,0.9721563934256688,526564.12482,0.6743111189380324,7218.350691233942,36.2800000000002,20.279999999999973,5.6599999999998545,62.22000000000003,0.5830922532947634,0.5190781953224277,0.4809218046775723,5.3716408197119305,0,5,4,2,False,False,sideways
2025-04-27,1820.87,1857.47,1781.9,1791.282316156872,340332.6435,1745798399999,616122293.308254,2405764.0,164744.7128,298455924.453593,0,-0.016242446904684793,-0.01637580141944956,1792.2907628985297,7.006253934074721,1708.6488097823553,20.765094986034455,1646.685898587525,11.91169128104616,1797.827328406881,-8.246335280346784,2279.5522437325867,-16.82399046770024,2742.443616953287,-2.8958057061072395,0.037703563194085764,0.049276631290259755,0.04449047405587312,1857.47,1385.05,0.8598965246113034,70.84344585268138,-7.284176748423988,-47.51488228207295,40.230705533648965,1646.685898587525,1851.5874470595807,1441.7843501154691,0.8528436428313936,515610.35289000004,0.6600578161249728,-5530.53629078524,29.579999999999927,36.600000000000136,9.389999999999873,75.56999999999994,0.3914251687177445,0.48406967696591235,0.5159303230340877,7.068860557303549,0,6,4,2,False,False,sideways
2025-04-28,1791.29,1827.98,1744.71,1799.874338975399,587269.743,1745884799999,1049690759.152374,2980656.0,282424.4021,504906960.405928,0,0.004796576587079215,0.004785109666955734,1793.2525204919039,0.9617575933741591,1729.7753811985808,21.126571416225488,1663.0097536875553,16.323855100030414,1793.416610609203,-4.410717797677989,2264.4741082301757,-15.078135502410987,2739.5104953639284,-2.9331215893585068,0.037659118664953695,0.047263173785550165,0.04297713530234526,1857.47,1385.05,0.8780837792121396,69.70755432575795,-0.6351294929370397,-38.13893172424577,37.50380223130873,1663.0097536875553,1861.7083801803435,1464.311127194767,0.8444024443037891,554296.4236000001,1.0594867980310019,2816.2090406188418,8.590000000000146,28.09999999999991,46.57999999999993,83.26999999999998,0.10315840038429383,0.48091086841502745,0.5190891315849725,5.075446224717217,0,0,4,2,False,False,sideways
2025-04-29,1799.88,1842.99,1780.47,1797.7925981317117,480456.3884,1745971199999,871685371.749142,2590967.0,247137.1213,448518545.933271,0,-0.001156603435366721,-0.0011572728173094866,1798.879754348401,5.6272338564972415,1748.230361983046,18.45498078446508,1669.423084529358,6.41333084180269,1792.070661702718,-1.345948906484864,2250.3008299392895,-14.173278290886174,2736.3017768869736,-3.2087184769548003,0.037911908656793836,0.037556451845738074,0.04157470938854338,1857.47,1471.02,0.8455753606720446,75.2543993237247,4.415411161215388,-29.628063147153544,34.04347430836893,1669.423084529358,1877.0851442587793,1461.7610247999366,0.8090827322275818,580032.4234499999,0.8283267779105739,-552.5616841056673,2.0700000000001637,43.1099999999999,17.339999999999918,62.51999999999998,0.0331094049904057,0.5143799255599616,0.4856200744400384,5.39272046861184,0,1,4,2,False,False,sideways
2025-04-30,1797.81,1816.8,1731.7,1793.5734970722972,473523.9877,1746057599999,843558998.326332,2468998.0,224863.7757,400751136.051079,0,-0.002346823022744138,-0.0023495811279289837,1800.6760495430656,1.7962951946644807,1768.8484610105502,20.618099027504286,1682.9890422969245,13.565957767566488,1789.4732208147468,-2.5974408879712882,2235.396653019447,-14.904176919842484,2732.887703130683,-3.4140737562906907,0.03704540679275594,0.030697600541088946,0.041331314724289296,1857.47,1504.63,0.8189079953301699,76.62853929259099,7.985502915014422,-22.105349934719953,30.090852849734375,1682.9890422969245,1885.557161763109,1480.42092283074,0.7729562160787917,599779.59916,0.7894966557101596,-1106.2352241560832,4.2000000000000455,18.99000000000001,61.909999999999854,85.09999999999991,0.04935370152761516,0.47487304031250455,0.5251269596874955,5.214092768546771,0,2,4,2,False,False,sideways
2025-05-01,1793.62,1873.17,1792.52,1838.123584242308,537198.7291,1746143999999,988206595.824892,2398765.0,284534.1382,523485516.257833,0,0.02483872963261957,0.024535263267830336,1804.1292669157178,3.4532173726522615,1794.7068879400863,25.858426929536108,1696.55430581367,13.565263516745517,1788.0709984959615,-1.4022223187853342,2220.5026309790965,-14.894022040350592,2729.73380639149,-3.1538967391929873,0.03664911602384323,0.030556524043951313,0.04147177988221311,1873.17,1537.26,0.8956672449236638,78.62876320080643,14.245433574259323,-14.835193232924098,29.08062680718342,1696.55430581367,1902.6720620644383,1490.4365495629017,0.8434184443973888,584350.8054000001,0.9193086141676086,13328.060974765978,44.49000000000001,35.06000000000017,1.099999999999909,80.65000000000009,0.551642901425914,0.5296627165829235,0.47033728341707653,4.4653214351768655,0,3,5,2,False,False,sideways
2025-05-02,1838.1,1871.0,1813.0,1842.1841492323008,410667.875,1746230399999,755324594.318921,2062923.0,214203.7089,394103918.039345,0,0.0022090816008253356,0.002206645167592561,1814.3096335308032,10.180366615085404,1803.3001982146664,8.593310274580062,1706.455027375036,9.900721561366026,1787.6231854533391,-0.4478130426223288,2206.498494125756,-14.004136853340242,2725.795940309497,-3.937866081992979,0.014338421226872042,0.029012578732869925,0.04133974827360369,1873.17,1537.26,0.9077554976996837,78.58459511992383,19.311516242963307,-8.005851337746618,27.317367580709927,1706.455027375036,1920.8353757253597,1492.0746790247124,0.8165614826678675,515113.89704,0.797237033129608,913.7818785329131,4.100000000000136,28.799999999999955,25.09999999999991,58.0,0.07068965517241614,0.5215984057676778,0.47840159423232215,5.02333668052316,0,4,5,2,False,False,sideways
2025-05-03,1842.2,1848.6,1810.0,1833.5118952307025,213751.5979,1746316799999,391267436.332057,1135719.0,102337.2203,187310371.211181,0,-0.00470759343207483,-0.004718709048958956,1821.037144781864,6.727511251060832,1807.1448326368838,3.8446344222174957,1718.241798445534,11.786771070497934,1786.0599246648437,-1.5632607884954268,2191.451242604155,-15.047251521601083,2721.926368535662,-3.869571773835105,0.013223887745299992,0.028008651534184442,0.04119178495793635,1873.17,1537.26,0.8819383026129096,75.7569944237579,22.36879133378102,-1.9309228034410912,24.29971413722211,1718.241798445534,1933.383756757814,1503.099840133254,0.7678931104128309,447734.49366999994,0.4774070368086144,-1007.1457332385309,8.680000000000064,6.399999999999864,23.519999999999982,38.59999999999991,0.22487046632124572,0.47876704223692734,0.5212329577630727,5.313265543546143,0,5,5,2,False,False,sideways
2025-05-04,1833.52,1849.95,1803.0,1808.875700755144,238254.3564,1746403199999,435999576.565349,1443996.0,115191.4115,210878994.455424,0,-0.013436615567993693,-0.013527703751792818,1823.2537653065506,2.2166205246865047,1811.0667598274758,3.921927190591987,1727.496862437194,9.255063991660109,1783.4941044881118,-2.565820176731904,2176.4388499680676,-15.012392636087498,2717.915319143915,-4.0110493917468375,0.013126766301608674,0.0282918172611422,0.04118882088157844,1873.17,1537.26,0.8085966501596972,75.97270912069494,22.543896858921016,2.96404112903133,19.579855729889687,1727.496862437194,1941.4501727484783,1513.5435521259099,0.6901789652133694,423213.42545999994,0.5629650244224557,-3204.4114211047618,24.660000000000082,16.430000000000064,5.8599999999999,46.950000000000045,0.5252396166134198,0.48348081957673705,0.516519180423263,6.060732831158424,0,6,5,2,False,False,sideways
2025-05-05,1808.86,1833.55,1781.85,1820.1480257569272,342341.0078,1746489599999,619310042.705,1961255.0,174628.629,315946281.030022,0,0.006231674734243686,0.0062123381405758335,1828.5686710434766,5.3149057369259936,1814.622360293271,3.5556004657951235,1739.0662011169559,11.569338679761813,1782.1562348397304,-1.3378696483814565,2161.4527369083444,-14.986113059723266,2713.9869411297564,-3.928378014158625,0.013029689768077174,0.027551353196126643,0.04103580149216612,1873.17,1537.26,0.8421542251106757,77.99104316059622,23.323394101165377,7.03591172345814,16.287482377707235,1739.0662011169559,1946.3523073737485,1531.7800948601632,0.6955794966294666,397886.4373,0.8603987864554438,2144.2917740312064,11.330000000000155,13.3599999999999,27.00999999999999,51.700000000000045,0.21914893617021555,0.5101014048016714,0.4898985951983285,5.728951411937743,0,0,5,2,False,False,sideways
2025-05-06,1820.19,1820.9,1752.0,1817.006096499821,384584.2451,1746575999999,687049952.313885,2333041.0,187697.5461,335412217.286639,0,-0.0017261943603732455,-0.0017276859506217353,1824.345173494979,-4.223497548497562,1814.2372202053484,-0.3851400879225366,1751.0604675008349,11.994266383878994,1779.9699019283353,-2.186332911395084,2147.296827403093,-14.155909505251202,2709.8611689939244,-4.125772135831994,0.011351908475543012,0.027424505662611256,0.0409272430119324,1873.17,1537.26,0.8328007397809563,61.855749853291,23.417679417443196,10.312265262255153,13.105414155188043,1751.0604675008349,1946.30219217386,1555.8187428278097,0.6688820079555908,400838.05739,0.9594504264494386,-674.0086155121414,3.1900000000000546,0.7100000000000364,65.0,68.90000000000009,0.046298984034833825,0.4880531339789925,0.5119468660210075,6.0663977521839465,0,1,5,2,False,False,sideways
2025-05-07,1817.0,1850.0,1787.01,1811.080267953644,456170.0705,1746662399999,831394497.734043,2408512.0,237181.4755,432215626.276345,0,-0.003261314619467881,-0.0032666442969830445,1818.1243972392476,-6.22077625573138,1816.2170153850257,1.9797951796772395,1762.4329125836903,11.372445082855393,1777.5603082141783,-2.4095937141569266,2133.5833340543886,-13.71349334870456,2705.675546531811,-4.185622462113315,0.009965269083520143,0.02752111402041665,0.04092682755429198,1873.17,1537.26,0.8151596199983443,53.585318783508534,22.75196587047344,12.800205383898811,9.95176048657463,1762.4329125836903,1942.5206367488727,1582.3451884185079,0.635065717542559,412421.80009000003,1.1060765226291458,-1478.724114058893,5.8900000000001,33.0,24.09999999999991,62.99000000000001,0.09350690585807428,0.5199408966923884,0.48005910330761165,5.279855377973553,0,2,5,2,False,False,sideways
2025-05-08,1811.11,2226.0,1808.71,2207.385637950546,1473152.686,1746748799999,2976074419.323541,5616063.0,774940.4643,1564609175.673035,0,0.2188226424909876,0.1978853456488357,1892.8991457832162,74.7747485439686,1856.9681452825403,40.7511298975146,1793.3717632405605,30.938850656870272,1780.5872237010944,3.0269154869160957,2124.8798429904195,-8.703491063969068,2702.9779031675275,-2.697643364283522,0.0696687833676396,0.05471813351924344,0.050603299544604484,2226.0,1537.26,0.9729733106114731,86.83140427223202,53.58521735484601,20.957207778088254,32.628009576757755,1793.3717632405605,2045.8015721689965,1540.9419543121246,1.320057418074897,501010.09439000004,2.940365279054153,322333.2356444831,396.28,18.610000000000127,2.3999999999998636,417.28999999999996,0.9496513216228523,0.5260421894244844,0.4739578105755156,3.8122748940906455,0,3,5,2,False,False,sideways
2025-05-09,2207.39,2490.77,2184.33,2345.0369107086804,1667041.0382,1746835199999,3881949928.351723,6885286.0,816968.732,1901989668.677011,0,0.06235941305024406,0.060492295932569176,2000.1313877739237,107.23224199070751,1911.6925765402368,54.72443125769655,1829.9614692616415,36.58970602108093,1787.8120848283513,7.224861127256872,2117.191042193283,-7.688800797136537,2701.36934175161,-1.6085614159173929,0.07016126794589787,0.05560792920726321,0.05099570627459069,2490.77,1537.26,0.8471614463494671,89.08538942422575,88.1123937822274,34.388244978916084,53.724148803311316,1829.9614692616415,2169.554320332909,1490.3686181903738,1.2583720326005101,619668.55937,2.690214007137678,103954.53404619476,137.6500000000001,145.73000000000002,23.059999999999945,306.44000000000005,0.44919070617412893,0.49007115798548545,0.5099288420145145,4.130243852565525,0,4,5,2,False,False,sideways
2025-05-10,2345.04,2600.0,2317.0,2583.24514302212,979350.1606,1746921599999,2393510879.665205,4862978.0,508011.2632,1242333639.703975,0,0.10157973685857757,0.09674527398079416,2152.750811226962,152.61942345303828,1990.6597411352195,78.9671645949827,1879.7541010728849,49.79263181124338,1800.1613414894898,12.349256661138497,2110.549651298421,-6.64139089486207,2701.1716788302065,-0.19766292140366204,0.072671018396994,0.05775249174591893,0.05276204920167146,2600.0,1537.26,0.9842342840413647,91.48406771302359,133.1618366516782,54.14296331346851,79.01887333820967,1879.7541010728849,2340.142075747363,1419.3661263984068,1.2640197840165628,670251.17666,1.4611688792257016,99474.38625921684,238.19000000000005,16.769999999999982,28.039999999999964,283.0,0.8416607773851592,0.5187228058335809,0.4812771941664192,4.965515089128786,0,5,5,2,False,False,sideways
2025-05-11,2583.22,2608.13,2435.51,2514.5463777258574,831584.3888,1747007999999,2087255708.689512,4340859.0,402700.0972,1010999635.269731,0,-0.026593978307413835,-0.02695399535516816,2292.258867472169,139.50805624520717,2058.3020204835743,67.6422793483548,1926.5044542118303,46.75035313894546,1810.8380916862966,10.676750196806779,2102.685189331849,-7.86446196657198,2701.1214106845687,-0.050268145637801354,0.07556977468597913,0.05856174260195768,0.05297239621834138,2608.13,1537.26,0.9126097264148377,87.74802804533601,161.45922700551546,75.60621605187791,85.85301095363755,1926.5044542118303,2444.7843157447824,1408.2245926788783,1.0673015364466747,699689.74263,1.1885044729600196,-22102.787647638022,68.64999999999964,24.91000000000031,79.05999999999995,172.6199999999999,0.3976943575483703,0.4842564418279999,0.5157435581720001,5.2199861595093,0,6,5,2,False,False,sideways
2025-05-12,2514.58,2624.0,2406.63,2495.462520151946,1068680.9433,1747094399999,2694150708.642761,5441783.0,534397.3204,1347640836.766131,0,-0.007589383812109496,-0.007618329732903412,2429.1353179118296,136.8764504396604,2123.629857575539,65.32783709196474,1963.4650278951026,36.96057368327229,1820.62678024564,9.788688559343427,2096.4644933011296,-6.2206960307194095,2700.9195056709495,-0.20190501361912538,0.07609162981643722,0.05523185086611805,0.05299825944003088,2624.0,1722.9,0.8573549219309134,85.91031377938981,180.2671968836171,96.53841221822574,83.72878466539134,1963.4650278951026,2533.473697903353,1393.4563578868524,0.9666573687810253,765491.04946,1.3960724218184903,-8117.414117336363,19.110000000000127,109.42000000000007,88.83999999999969,217.3699999999999,0.0879146156323326,0.5000531952500477,0.49994680474995234,5.092055804042146,0,0,5,2,False,False,sideways
2025-05-13,2495.48,2738.5,2415.3,2679.707582978575,1031355.6465,1747180799999,2653880363.305381,4666012.0,569632.7662,1468803335.988289,0,0.07383202966935776,0.07123358689948847,2523.599706917436,94.46438900560634,2208.249426350326,84.61956877478679,2007.6971294936047,44.23210159850214,1832.5978415016448,11.97106125600476,2094.5645312366814,-1.8999620644481183,2702.114989538468,1.1954838675183055,0.07580062003620722,0.05657841164970269,0.053688475977776734,2738.5,1722.9,0.9421106567335318,88.32177500952874,207.64607063885683,118.75994390235196,88.88612673650486,2007.6971294936047,2654.7694651737506,1360.6247938134588,1.0192699613549476,847251.4543200001,1.2172958113453591,76144.76002963776,184.23000000000002,58.789999999999964,80.17999999999984,323.1999999999998,0.570018564356436,0.5523145853063403,0.44768541469365974,4.524154219579385,0,1,5,2,False,False,sideways
2025-05-14,2679.71,2725.99,2547.26,2609.7855868141864,830047.1122,1747267199999,2183890526.340228,4181188.0,413256.8419,1088633834.584732,0,-0.026093144120847733,-0.026439610426708504,2576.5494421385365,52.94973522110058,2288.3404149562302,80.09098860590439,2049.703587391853,42.0064578982483,1843.4710363184852,10.873194816840396,2091.863375170396,-2.701156066285421,2702.751518240504,0.6365287020362302,0.07690851992478241,0.057036721673177936,0.05385239517612316,2738.5,1731.7,0.8721549332679642,83.55104038551262,221.15259516174137,139.23847415422986,81.91412100751151,2049.703587391853,2739.385996572748,1360.0211782109582,0.9060434135818528,906430.7299,0.9157314340959878,-21673.388702745557,69.97000000000025,46.279999999999745,62.47999999999956,178.72999999999956,0.39148436188664704,0.49787154948914,0.5021284505108601,5.0372899785386425,0,2,5,2,False,False,sideways
2025-05-15,2609.75,2647.03,2476.03,2548.7034035867823,768954.0332,1747353599999,1963827790.236602,4305508.0,396304.5157,1012773316.797603,0,-0.023405058076808594,-0.023683306639757606,2569.6410942514694,-6.908347887067066,2361.1959527392155,72.85553778298527,2087.9091565162435,38.20556912439042,1854.2546673323973,10.7836310139121,2090.0384506454448,-1.824924524951257,2702.9560711616546,0.20455292115047996,0.07888944303033578,0.05784498040812212,0.05380476081053677,2738.5,1731.7,0.8114853035228271,78.81727859292316,224.34171975655318,156.25912327469453,68.08259648185864,2087.9091565162435,2800.0470844668353,1375.7712285656519,0.823528791955109,949092.03244,0.8101996507368341,-17988.245467694054,61.059999999999945,37.2800000000002,72.65999999999985,171.0,0.35707602339181255,0.5153812823515339,0.48461871764846604,5.599174741411578,0,3,5,2,False,False,sideways
2025-05-16,2548.7,2649.31,2529.4,2537.1229479173053,605953.6919,1747439999999,1568128704.046345,3310498.0,323624.7041,837990689.566938,0,-0.004543665478368264,-0.004554019301133361,2574.1564082897594,4.515314038289944,2433.2076378809643,72.01168514174879,2123.722429043156,35.81327252691244,1864.923438903781,10.668771571383786,2087.527372123291,-2.511078522153639,2702.8043284949194,-0.15174266673511738,0.07904716791612533,0.05809130943127649,0.05381086873893935,2738.5,1731.7,0.7999830630883048,78.01210840349114,223.35992381866618,169.67928338348887,53.68064043517731,2123.722429043156,2851.1897973802443,1396.2550607060675,0.7841368127749415,971228.9771199999,0.6239040495855506,-2750.779504483917,11.579999999999927,100.61000000000013,7.7199999999998,119.90999999999985,0.096572429321991,0.5340749770584903,0.4659250229415097,5.46328546925716,0,4,5,2,False,False,sideways
2025-05-17,2537.13,2538.16,2446.42,2475.099969109455,494333.2782,1747526399999,1227578098.31878,2950197.0,227882.8455,566013389.009042,0,-0.024446185731268666,-0.024749954608944007,2570.083898081261,-4.072510208498443,2499.6096079965455,66.40197011558121,2157.913311690785,34.19088264762922,1876.4864242865274,11.56298538274632,2085.411883811293,-2.1154883119979786,2701.9857999653086,-0.8185285296108304,0.08050199643571022,0.058375418028330274,0.05331413820039948,2738.5,1731.7,0.738378991964099,74.79516739267768,215.09759622660522,178.76294595211215,36.33465027449307,2157.913311690785,2883.8698255196778,1431.9567978618925,0.7184611966257736,975045.29789,0.5069849362585904,-12087.893587819228,62.05000000000018,1.0299999999997453,28.659999999999854,91.73999999999978,0.676367996511885,0.4609902985487494,0.5390097014512506,5.968032358133885,0,5,5,2,False,False,sideways
2025-05-18,2475.09,2587.61,2323.21,2497.81190173963,810103.1851,1747612799999,2001441345.434297,3416878.0,400896.368,990832542.382129,0,0.009176167796707935,0.009134322560137617,2533.704761833472,-36.37913624778912,2528.6522343754536,29.042626378908153,2192.810189828997,34.89687813821183,1889.8813303010402,13.394906014512799,2084.1690145686484,-1.2428692426447014,2701.178750893045,-0.8070490722634531,0.04778569712178193,0.05833239617548145,0.05295270831262316,2738.5,1731.7,0.7609375265590284,76.66466822908538,207.98478608678124,184.60731397904598,23.377472107735258,2192.810189828997,2913.3793199094953,1472.2410597484986,0.7116394521900762,908740.3478,0.891457265060593,7429.797138585531,22.690000000000055,89.82999999999993,151.8800000000001,264.4000000000001,0.08581694402420592,0.49487074655867813,0.5051292534413219,4.217830595960707,0,6,5,2,False,False,sideways
2025-05-19,2497.78,2547.36,2348.38,2528.1071885952692,861747.523,1747699199999,2109843607.573324,4757453.0,431712.8465,1057907975.585551,0,0.012128730283709421,0.012055766613209198,2517.369082189688,-16.335679643783806,2546.9592621641127,18.30702778865907,2229.3259193521744,36.51572952317747,1904.2890338173083,14.407703516268157,2083.1248054573734,-1.044209111274995,2701.2264846745184,0.04773378147319818,0.04460481730972458,0.05817836155942349,0.052887185869756326,2738.5,1731.7,0.791028196856644,77.0033024044863,202.4585926370928,188.17756971065535,14.281022926437458,2229.3259193521744,2939.553695698792,1519.0981430055567,0.7103418643945562,828210.99628,1.0404927329758153,10474.363153792454,30.359999999999673,19.220000000000255,149.4000000000001,198.98000000000002,0.15257814855764232,0.5009737016673733,0.4990262983326266,5.5207040032304215,0,0,5,2,False,False,sideways
2025-05-20,2528.14,2588.63,2442.4,2524.1664518200373,676989.1747,1747785599999,1703522806.130449,3816684.0,338210.0092,851893459.669116,0,-0.0015587696570024123,-0.001559985802382186,2512.461691836339,-4.907390353349001,2541.051393043904,-5.907869120208488,2265.855567089562,36.52964773738768,1918.3236749627895,14.034641145481146,2082.0950313019307,-1.0297741554427375,2701.289887261793,0.06340258727459513,0.030295213243210464,0.05816365651170424,0.052904586596700935,2738.5,1752.0,0.7827333520730231,76.95640750622408,195.50737269715137,189.64353030795456,5.863842389196805,2265.855567089562,2956.6025404428633,1575.108593736261,0.6869793822450491,797974.89769,0.848384048996738,-1057.7370082609477,3.949999999999818,60.49000000000024,81.78999999999996,146.23000000000002,0.02701224099021964,0.49957964150589834,0.5004203584941016,5.637732688549001,0,1,5,2,False,False,sideways
2025-05-21,2524.19,2615.95,2452.2,2550.988805846828,1095890.2902,1747871999999,2780015740.832861,5568312.0,550624.5604,1397549396.349744,0,0.010626222374301442,0.010570160871621078,2515.234863422244,2.7731715859049473,2544.6956358560014,3.644242812097218,2301.498828169788,35.643261080225784,1931.2445408538729,12.920865891083395,2080.9924796856126,-1.1025516163181237,2701.5734959714546,0.2836087096616211,0.029191842600271238,0.058171411351270914,0.05263049618156357,2738.5,1752.0,0.8099227631493443,77.76245407898115,189.97293092643304,189.70941043165027,0.2635204947827674,2301.498828169788,2972.603421817204,1630.3942345223718,0.6858800997926986,824405.48783,1.3293097952132782,11635.360165977836,26.799999999999727,64.96000000000004,71.99000000000024,163.75,0.16366412213740292,0.502444966730667,0.49755503326933304,5.081085259897487,0,2,5,2,False,False,sideways
2025-05-22,2551.0,2692.99,2544.83,2664.802558862031,852555.6669,1747958399999,2246807632.745271,5196535.0,448569.1098,1182067855.833156,0,0.044615543884137576,0.04364891713540734,2553.175381372759,37.940517950515186,2561.62963972701,16.934003871008372,2342.6297486512744,41.130920481486555,1948.6362940369568,17.391753183083893,2081.6149183253638,0.6224386397511807,2702.6089311027717,1.035435131317172,0.03186886756542647,0.05833891348511777,0.05204591069713252,2738.5,1752.0,0.925294028243316,71.78012218304099,192.55105592293512,190.27773952990725,2.2733163930278693,2342.6297486512744,2995.7995272127982,1689.4599700897506,0.7466225633711026,802792.9601899999,1.0619869744475867,38042.64680113498,113.82000000000016,28.169999999999618,6.170000000000073,148.15999999999985,0.7682235421166326,0.5261464174310798,0.47385358256892024,6.095244218943799,0,3,5,2,False,False,sideways
2025-05-23,2664.83,2734.23,2498.3,2526.484268637954,971442.4532,1748044799999,2537338702.615742,5450420.0,473528.1684,1237163443.755829,0,-0.051905642976845634,-0.05330124895532187,2558.909854752424,5.734473379664905,2546.307308292948,-15.322331434061653,2377.2783673216372,34.648618670362794,1962.8206975276955,14.18440349073876,2079.4971499946982,-2.1177683306655126,2703.250505554875,0.6415744521032138,0.02702123972747482,0.06031636299593533,0.052755006068666045,2738.5,1752.0,0.7850828876208351,58.634216914353225,181.34270271516334,188.49073216695848,-7.148029451795139,2377.2783673216372,2988.9348014252596,1765.6219332180149,0.6219687172382783,796801.6408599999,1.2191772749758742,-50423.63841708788,138.32999999999993,69.40000000000009,28.199999999999818,235.92999999999984,0.58631797567075,0.48744850180282406,0.5125514981971759,5.610646294122654,0,4,5,2,False,False,sideways
2025-05-24,2526.49,2575.85,2515.08,2530.3581560525336,257544.2344,1748131199999,656038924.220513,2090724.0,128007.8604,326091787.487667,0,0.0015333115122335705,0.0015321371903843466,2559.360048243877,0.4501934914528647,2538.3645652167825,-7.942743076165698,2413.3524900865064,36.07412276486912,1977.0896372456884,14.268939717992907,2078.0415764628933,-1.45557353180493,2703.789716372058,0.5392108171831751,0.026082426014449787,0.060001167285917575,0.05275015466035934,2738.5,1752.0,0.7890097881931409,46.76100934727706,170.80367395336953,184.9533205242407,-14.14964657087117,2413.3524900865064,2966.1276994189698,1860.577280754043,0.6058347624772503,739551.35308,0.34824388235841747,397.5549234751462,3.9100000000003092,45.44999999999982,11.409999999999854,60.76999999999998,0.0643409577094012,0.49703252219262267,0.5029674778073774,8.117921975115278,0,5,5,2,False,False,sideways
2025-05-25,2530.41,2554.26,2463.0,2551.2129414500537,359890.0299,1748217599999,901956598.724874,2556052.0,170482.1859,427565947.988837,0,0.008241831437038272,0.008208053014780467,2564.7693461698805,5.409297926003546,2538.61551900311,0.2509537863275,2449.905735871163,36.55324578465661,1991.9937490897314,14.904111844042973,2076.293816227275,-1.7477602356184434,2702.9363861259253,-0.8533302461328276,0.025206791370194548,0.05998123452727246,0.0527117432788248,2738.5,1752.0,0.8101499659909313,52.385383250832774,162.26374912665688,180.41540624472395,-18.151657118067078,2449.905735871163,2929.335929297388,1970.4755424449384,0.605653760409731,698644.9527499999,0.5151257852553062,2961.156505895454,20.809999999999945,3.0400000000004184,67.40999999999985,91.26000000000022,0.22802980495288072,0.47370633175742777,0.5262936682425722,7.10231400605966,0,6,5,2,False,False,sideways
2025-05-26,2551.22,2599.0,2525.86,2563.69452188587,362971.1182,1748303999999,929347758.924527,2374458.0,175269.0596,448860267.783445,0,0.004892410285721516,0.004880481338235143,2567.310489377688,2.541143207807636,2541.2726763999663,2.6571573968562916,2487.2401571404653,37.33442126930231,2011.6531898198473,19.659440730115875,2074.999858181991,-1.2939580452839436,2701.27763963789,-1.6587464880353764,0.025178317223519635,0.05988142336875511,0.049102381992316584,2738.5,1787.01,0.8162823801467909,54.477369455936646,154.71944692822444,175.27621438142407,-20.556767453199626,2487.2401571404653,2864.5748482590543,2109.9054660218762,0.6013084226615366,674346.69538,0.538255945623731,1775.5738647141673,12.480000000000018,35.30000000000018,25.359999999999673,73.13999999999987,0.1706316652994263,0.4828732943523769,0.5171267056476231,6.541727098770582,0,0,5,2,False,False,sideways
2025-05-27,2563.7,2712.36,2509.46,2660.797408471335,798430.8862,1748390399999,2101748442.524873,4017588.0,412557.6256,1085725214.202044,0,0.03787615324544813,0.03717646475969382,2566.5094592995492,-0.8010300781388651,2559.8424203361546,18.569743936188388,2529.7260141663496,42.48585702588434,2033.808168178555,22.154978358707694,2074.993931994798,-0.005926187192926591,2699.7729416863676,-1.504697951522303,0.025794672113522057,0.05978583623245264,0.04907491616228557,2738.5,1808.71,0.9164299556580895,48.598879150354485,154.7915834869459,171.17928820252845,-16.387704715582544,2529.7260141663496,2741.555608603573,2317.896419729126,0.8093793259936325,704756.45618,1.132917448571872,30243.64136165776,97.11000000000013,51.55000000000018,54.23999999999978,202.9000000000001,0.4786101527846234,0.5167105039779961,0.4832894960220039,5.031854440302338,0,1,5,2,False,False,sideways
2025-05-28,2660.81,2689.14,2608.5,2681.6147559768056,560095.6833,1748476799999,1480645502.351484,3160462.0,273261.3831,722627732.75787,0,0.007823725113078162,0.007793278476724521,2597.53555676732,31.026097467770796,2578.2227057598716,18.38028542371694,2553.4374700676626,23.711455901313002,2057.9725185585953,24.164350380040332,2074.369595655471,-0.6243363393268737,2697.5496977648086,-2.2232439215590603,0.02578881680292946,0.03749865807560885,0.048225547636449075,2738.5,2184.33,0.8973505530375256,55.739735513532324,154.74473719023308,167.89237800006939,-13.147640809836304,2553.4374700676626,2713.0838886293377,2393.7910515059875,0.9014411568513361,679755.706,0.8239661371816421,4376.2573260800555,20.789999999999964,7.539999999999964,52.309999999999945,80.63999999999987,0.25781249999999994,0.4878833942978899,0.5121166057021102,5.642718010928116,0,2,5,2,False,False,sideways
2025-05-29,2681.61,2788.0,2619.05,2631.405045982018,811567.2545,1748563199999,2189640513.339573,4254669.0,405459.3733,1094147671.84856,0,-0.018723685004671142,-0.018901192415475925,2617.7449347532165,20.20937798589648,2588.5524914985463,10.329785738674673,2567.7558768313293,14.318406763666644,2077.2100998523224,19.23758129372709,2073.9639433841467,-0.40565227132447035,2694.790745719006,-2.7589520458027437,0.026981792722830387,0.03593926006436568,0.04520068783752327,2788.0,2317.0,0.6675266369044963,56.72539500682927,148.93922847168324,164.10174809439218,-15.162519622708942,2567.7558768313293,2697.2170796079745,2438.294674054684,0.7458233346576432,674737.67915,1.2027892906801514,-15195.701017469057,50.220000000000255,106.38999999999987,12.33999999999969,168.94999999999982,0.2972477064220202,0.49960045954515525,0.5003995404548448,5.242534092410206,0,3,5,2,False,False,sideways
2025-05-30,2631.39,2649.23,2507.35,2531.3683108247815,763045.2564,1748649599999,1976177953.879442,4624552.0,376566.6772,975743608.339547,0,-0.038016471584253364,-0.0387579506919712,2613.776008628162,-3.9689261250546224,2589.2726773990207,0.720185900474462,2565.1620352214627,-2.5938416098665584,2097.392379234399,20.18227938207656,2072.1229478986043,-1.8409954855424076,2690.5898403210454,-4.200905397960469,0.030145327440616997,0.029444697380672864,0.04349852765955206,2788.0,2323.21,0.4478545382318498,49.590884504406596,134.71330141786393,158.22405875908655,-23.510757341222615,2565.1620352214627,2695.3930378143,2434.9310326286254,0.37025468696445446,683343.2873199999,1.116635328917304,-29012.300686260784,100.04999999999973,17.840000000000146,23.990000000000236,141.8800000000001,0.7051733859599637,0.49350503661685563,0.5064949633831444,6.060652315458127,0,4,5,2,False,False,sideways
2025-05-31,2531.35,2550.34,2475.33,2528.0420685052045,394537.2521,1748735999999,994330383.170508,2792146.0,197180.2806,497000872.324811,0,-0.0013140096229193876,-0.0013148736905757026,2606.645517952029,-7.130490676132922,2586.9780036648585,-2.2946737341621883,2565.83681976043,0.6747845389672875,2116.616854326355,19.224475091956265,2070.0227396667105,-2.1002082318937028,2687.0111442518664,-3.578696069178932,0.0299441126137967,0.028806076859916256,0.04345249533945792,2788.0,2323.21,0.44069809700123597,54.106550213142505,121.76709648789256,150.93266630484777,-29.165569816955212,2565.83681976043,2695.099817383935,2436.573822136925,0.35380676624370266,613207.9835099999,0.6433987532935732,-511.2241685779538,3.2899999999999636,18.990000000000236,52.73000000000002,75.01000000000022,0.04386081855752505,0.4997760783055852,0.5002239216944148,7.077014870302535,0,5,5,2,False,False,sideways
2025-06-01,2528.06,2547.79,2468.56,2539.1946942805644,332021.7088,1748822399999,834842712.277541,2210246.0,165557.314,416473007.507851,0,0.004411566529806343,0.0044018640950081326,2582.3249751138746,-24.320542838154324,2574.417217206712,-12.560786458146595,2568.023428466861,2.1866087064308886,2134.5173538518666,17.90049952551135,2068.7848553224467,-1.2378843442638754,2683.7713203862054,-3.2398238656610374,0.025597548501859548,0.028750187064030874,0.04309480078572537,2788.0,2323.21,0.46469307489525236,53.268544312925975,111.12606737113038,142.9713465181043,-31.845279146973922,2568.023428466861,2693.7039070300702,2442.3429499036515,0.38530941910840405,561154.5877,0.5916760124172821,1464.380613244941,11.150000000000091,8.579999999999927,59.5,79.23000000000002,0.14072952164584235,0.4986340037775265,0.5013659962224735,6.6569321867185085,0,6,6,2,False,False,sideways
2025-06-02,2539.2,2615.0,2475.0,2607.37302650844,468889.9737,1748908799999,1184963591.471666,3239230.0,232758.6658,588585524.428128,0,0.0268503759800085,0.02649622995280834,2567.476629220201,-14.848345893673468,2582.5060929937604,8.088875787048437,2564.4067006433543,-3.616727823506608,2154.7092849056203,20.191931053753706,2067.2263103569985,-1.5585449654481636,2681.5140949973743,-2.2572253888311025,0.02112202229251695,0.024042140637938247,0.042812140555835224,2788.0,2323.21,0.611379389634975,55.90716800034173,106.96141217394052,135.76935964927156,-28.807947475331048,2564.4067006433543,2680.3399335886625,2448.473467698046,0.685306338715471,510899.33975,0.917773692816756,12593.797364668535,68.21000000000004,7.5900000000001455,64.19999999999982,140.0,0.487214285714286,0.49640358901963016,0.5035964109803698,6.908294443660867,0,0,6,2,False,False,sideways
2025-06-03,2607.42,2655.38,2575.0,2593.35554209656,454383.0439,1748995199999,1188862077.100825,3098351.0,228172.36,597147462.454556,0,-0.005376094739559023,-0.005390597940626653,2559.86672844311,-7.609900777091298,2588.8058315981634,6.299738604403046,2563.585198407473,-0.8215022358813258,2174.100907329113,19.391622423492663,2064.9626720153474,-2.2636383416511308,2679.030832713957,-2.483262283417389,0.021300580959141106,0.02334442677703405,0.042863776253524145,2788.0,2323.21,0.581220641787818,55.07991771028419,101.36136832363945,128.88776138414516,-27.52639306050571,2563.585198407473,2678.3918905591745,2448.7785062557714,0.6296542175858072,530583.2207,0.8563841187825939,-2448.438015806836,14.059999999999945,47.960000000000036,18.360000000000127,80.38000000000011,0.1749191341129625,0.5021586149905185,0.49784138500948144,6.818808583627256,0,1,6,2,False,False,sideways
2025-06-04,2593.35,2679.88,2583.5,2607.6681117025096,502494.8214,1749081599999,1321537606.684948,2754319.0,260366.5898,685080028.877307,0,0.005518938446202659,0.005503764907698934,2575.126688618656,15.259960175545984,2594.451348623409,5.645517025245681,2566.5334338132593,2.948235405786363,2194.479044519929,20.378137190816233,2065.904307275416,0.9416352600687787,2676.4047194371105,-2.626113276846354,0.02123870640850682,0.022709070578433885,0.042624168835125355,2788.0,2323.21,0.6120142681695164,54.239313799097914,96.96049771634353,122.50230865058484,-25.54181093424131,2566.5334338132593,2682.7507730945504,2450.3160945319682,0.6769730667714238,544843.69985,0.9222733447011336,2774.6729503223437,14.329999999999927,72.20000000000027,9.849999999999909,96.38000000000011,0.14868229923220494,0.5181478071248437,0.4818521928751563,5.481288329153714,0,2,6,2,False,False,sideways
2025-06-05,2607.68,2640.86,2391.66,2413.9688048282096,808938.0344,1749167999999,2047572739.901186,4181206.0,378086.6913,958339246.460727,0,-0.07428065941560191,-0.07718417819820106,2552.3120358832566,-22.81465273539925,2579.478776917643,-14.972571705766313,2560.3757266588045,-6.1577071544547834,2211.2160052400486,16.73696072011944,2065.0867905730934,-0.8175167023227914,2673.094648456712,-3.31007098039845,0.032155375829179884,0.028327117961565455,0.04422621106701414,2788.0,2323.21,0.19526841117108712,33.241591429668034,76.95576267260503,113.39299945498888,-36.43723678238385,2560.3757266588045,2694.781533589604,2425.969919728005,-0.04464507588565155,589440.3914699999,1.372383104562273,-60079.085287400136,193.66999999999962,33.18000000000029,22.350000000000364,249.20000000000027,0.7771669341894037,0.46738646870576667,0.5326135312942333,5.1687593143042845,0,3,6,2,False,False,sideways
2025-06-06,2414.02,2531.36,2381.49,2476.132897052393,578843.4974,1749254399999,1428256037.775954,3246760.0,290586.021,717257126.502031,0,0.025751820860256514,0.025425827488723237,2539.6996764376227,-12.612359445633956,2561.0123257757486,-18.46645114189414,2560.4273730559516,0.051646397147123935,2229.066035855166,17.850030615117248,2066.4843192272906,1.397528654197231,2669.4362846049216,-3.6583638517904546,0.03052438248670529,0.028466136666930084,0.044278896205044285,2788.0,2323.21,0.32901503270809007,46.254886541445536,65.36450738644726,103.78730104128056,-38.4227936548333,2560.4273730559516,2694.695933954104,2426.1588121577993,0.1860974920722548,567481.65259,1.0200215192123734,14888.253467701383,62.07999999999993,55.26000000000022,32.5300000000002,149.87000000000035,0.4142256622406071,0.5020113766591999,0.4979886233408001,5.609046339094281,0,4,6,2,False,False,sideways
2025-06-07,2476.1,2544.36,2457.0,2524.6567597117914,264787.6743,1749340799999,662320802.305284,1587509.0,135613.3419,339037471.977697,0,0.01959663098744069,0.019407089265090733,2523.156423078293,-16.54325335932981,2545.3165261492472,-15.695799626501412,2561.7696159545594,1.3422428986077648,2247.786998553139,18.720962697972936,2068.6537705317764,2.1694513044858468,2666.5221626769753,-2.9141219279463257,0.03136379742134365,0.028729111529891372,0.04428899764000704,2788.0,2348.38,0.4009752961916914,49.60234518071687,59.408994341501966,94.91163970132484,-35.50264535982288,2561.7696159545594,2693.922659472703,2429.616572436416,0.35958380051355876,537950.8516899999,0.49221536403958854,5189.671593949802,48.5300000000002,19.730000000000018,19.09999999999991,87.36000000000013,0.5555173992674007,0.512158816525396,0.4878411834746041,5.995403691643814,0,5,6,2,False,False,sideways
2025-06-08,2524.64,2548.63,2490.58,2509.861536662434,266474.7139,1749427199999,670516749.059655,1401175.0,135061.7873,339794332.050441,0,-0.005860290905860155,-0.005877529793535964,2506.457621991468,-16.698801086824915,2533.162175217289,-12.154350931958106,2560.857333357918,-0.9122825966414894,2265.719373480646,17.932374927507226,2071.376707887763,2.722937355986687,2663.721495250835,-2.800667426140535,0.03102580218293156,0.028641667064515257,0.044339824597026414,2788.0,2381.49,0.3157893696647909,47.091280408214324,52.885722802732744,86.50645632160644,-33.62073351887369,2560.857333357918,2694.2350497300945,2427.4796169857414,0.3088293978838808,483441.5976299999,0.5512035273885251,-1562.1401020030967,14.809999999999945,23.990000000000236,19.25,58.05000000000018,0.25512489233419294,0.5068465421101256,0.49315345788987447,5.258191216318631,0,6,6,2,False,False,sideways
2025-06-09,2509.84,2693.99,2477.73,2680.1248678549937,568726.3025,1749513599999,1458505754.33474,2896758.0,303579.9958,779517686.549857,0,0.0678377387379594,0.06563579897483113,2520.9489732219645,14.491351230496548,2548.03783092031,14.875655703021039,2568.6552541596657,7.79792080174775,2287.574020701801,21.85464722115512,2076.0043662840167,4.627658396253537,2660.3428850685655,-3.3786101822693126,0.035907255593068836,0.03239591762001336,0.044926257806070846,2788.0,2381.49,0.7346310493099647,56.70218625005166,60.75447126147674,81.3560593095805,-20.601588048103764,2568.6552541596657,2710.9396579634176,2426.3708503559137,0.8917140976641201,464009.70224,1.2256776092277428,38589.90023856202,170.28999999999996,13.859999999999673,32.11000000000013,216.25999999999976,0.7874317950615007,0.5337892664107969,0.46621073358920306,5.093413100935313,0,0,6,2,False,False,sideways
2025-06-10,2680.13,2827.0,2655.61,2816.3658567994667,1138405.4775,1749599999999,3115655145.472068,5277581.0,605348.556,1656990975.326069,0,0.05083382143068271,0.0495839646746988,2601.428383616216,80.47941039425132,2576.870209749736,28.832378829426034,2581.924106707297,13.268852547631468,2312.310551538851,24.73653083704994,2078.9868033662997,2.9824370822830133,2657.785856515501,-2.557028553064356,0.03837810272875924,0.034065640523149365,0.04520245211860455,2827.0,2381.49,0.976130405152447,58.56901846690875,77.09531351661599,80.5039101509876,-3.408596634371605,2581.924106707297,2761.8013954308612,2402.046817983733,1.1516713470494326,538396.52478,2.1144368975360237,57881.71261055423,136.26999999999998,10.599999999999909,24.519999999999982,171.38999999999987,0.7950872279596247,0.5317512678605325,0.46824873213946744,4.6359413269776715,0,1,6,2,False,False,sideways
2025-06-11,2816.41,2879.22,2743.75,2771.586956129177,850210.9324,1749686399999,2388186204.977766,4906906.0,410413.9413,1153264237.421366,0,-0.015899532570380126,-0.01602728609547904,2660.519195431573,59.09081181535703,2600.1094359345975,23.23922618486131,2587.2633265706545,5.339219863357357,2332.6172697317047,20.306718192853623,2085.212549425585,6.225746059285484,2654.674189743072,-3.111666772429089,0.0393224510306097,0.033083274369019595,0.04303335876103651,2879.22,2381.49,0.7837521470057606,54.82839205752292,85.44728259732483,81.49258464025505,3.954697957069783,2587.2633265706545,2783.1275375823407,2391.3991155589683,0.9705393308109895,590215.4471400001,1.440509455521466,-13521.143183566224,44.79999999999973,62.809999999999945,27.860000000000127,135.4699999999998,0.3307005241012755,0.4827201411554091,0.5172798588445909,5.771398382456273,0,2,6,2,False,False,sideways
2025-06-12,2771.6,2784.83,2616.24,2642.6347590760906,699593.3757,1749772799999,1905633561.097528,4172997.0,343802.7294,937069085.599158,0,-0.04652648431899897,-0.047643630225689154,2684.1147953044324,23.595599872859566,2603.6356091913626,3.526173256765105,2593.0708510925615,5.807524521906998,2349.5686538930563,16.951384161351598,2089.924195508557,4.711646082972038,2651.0813238482356,-3.59286589483645,0.042446582783439185,0.03263663194220818,0.04372873651067926,2879.22,2381.49,0.5246715268842361,50.55568326992094,80.73030496005731,81.34012870421552,-0.6098237441582057,2593.0708510925615,2788.233726833454,2397.907975351669,0.6269808814698256,613285.78734,1.1407298035298374,-32551.319171987423,128.94999999999982,13.230000000000018,26.41000000000031,168.59000000000015,0.7648733614093345,0.4914322252637076,0.5085677747362924,5.964889241303318,0,3,6,2,False,False,sideways
2025-06-13,2642.66,2645.45,2436.98,2579.184613187331,1202176.2972,1749859199999,3033896895.562154,6026303.0,570084.1354,1438866069.089298,0,-0.0240101836513128,-0.024303126692447875,2697.979410609412,13.864615304979452,2602.2185163004397,-1.4170928909229588,2595.5121739493015,2.441322856740044,2365.7592175798186,16.19056368676229,2093.3002018207026,3.376006312145364,2646.904749343799,-4.176574504436758,0.04321619944292862,0.03318233976793997,0.04385560502371756,2879.22,2381.49,0.3971924802349286,52.45500035889851,71.05311363534474,79.28272569044137,-8.229612055096624,2595.5121739493015,2788.5822990108404,2402.4420488877627,0.45771598335898284,688065.11267,1.7471839148115198,-28868.789972305083,63.4699999999998,2.7899999999999636,142.21000000000004,208.4699999999998,0.30445627668249564,0.4742100944160922,0.5257899055839078,5.0128279970549405,0,4,6,2,False,False,sideways
2025-06-14,2579.19,2579.43,2488.72,2530.7521218405236,331438.9278,1749945599999,838399986.460107,1988958.0,155289.4372,393033307.094926,0,-0.018778218162117,-0.01895676766168675,2668.1048614065176,-29.874549202894286,2594.526917314241,-7.691598986198642,2594.489132968825,-1.0230409804767078,2380.682419594649,14.923202014830622,2096.585423650535,3.285221829832608,2642.934899993133,-3.969849350665754,0.043571498487749535,0.03344164535773415,0.04402423773351894,2879.22,2381.49,0.2998857248719664,50.132981138012575,58.797985924382374,75.18577773722957,-16.387791812847198,2594.489132968825,2788.760705096594,2400.2175608410557,0.3359589866128677,670959.52331,0.4939775296204671,-6223.499344117329,48.429999999999836,0.23999999999978172,42.04000000000042,90.71000000000004,0.5338992393341397,0.4685310751841021,0.5314689248158979,6.000978862688681,0,5,6,2,False,False,sideways
2025-06-15,2530.77,2559.51,2492.0,2547.5904248300526,299701.6624,1750031999999,758742736.767623,1846489.0,153252.4073,388090718.363716,0,0.006653477772166516,0.006631441082014548,2614.349775012635,-53.75508639388272,2607.8890793144255,13.362162000184526,2593.683928116034,-0.8052048527906663,2395.2170781436694,14.53465854902015,2100.6453709154484,4.059947264913262,2637.4064968638145,-5.528403129318576,0.03543891460187804,0.03345715882257539,0.04398794283360885,2879.22,2381.49,0.33371591993661787,50.409688832933625,49.86955407109053,70.12253300400177,-20.252978932911233,2593.683928116034,2788.6252533813627,2398.7426028507057,0.3817759568853727,620035.88611,0.48336180068588835,1995.4373435015766,16.840000000000146,11.900000000000091,38.76999999999998,67.51000000000022,0.24944452673678108,0.5113498739805455,0.48865012601945446,6.16109028296134,0,6,6,2,False,False,sideways
2025-06-16,2547.62,2680.34,2514.85,2544.1604848492266,680429.988,1750118399999,1774646762.471706,3434185.0,348962.3301,910684719.14748,0,-0.0013463467076167968,-0.0013472538466525385,2568.864480756645,-45.48529425598963,2614.691838094109,6.802758779683245,2587.8520819349287,-5.831846181105448,2410.274641517516,15.057563373846733,2104.0509849621985,3.405614046750088,2632.2333985563823,-5.173098307432156,0.03478741608868926,0.03226181734456672,0.043873290456917007,2879.22,2381.49,0.3268247540819858,46.70733314648421,42.03241647735058,64.50450969867153,-22.472093221320947,2587.8520819349287,2781.312653191552,2394.3915106783056,0.38707880680310364,630194.5351699999,1.079714199388366,-918.7745215005613,3.449999999999818,132.72000000000025,29.320000000000164,165.49000000000024,0.020847181098554674,0.5128556005088947,0.4871443994911053,5.047080611620545,0,0,6,2,False,False,sideways
2025-06-17,2544.17,2618.6,2453.8,2509.9396232373833,715930.4081,1750204799999,1815306987.093816,4017130.0,359536.2104,912037726.665479,0,-0.013450748023024706,-0.013542028788053266,2542.325453588903,-26.539027167742006,2613.220124446668,-1.4717136474409926,2579.2683252979577,-8.583756636970975,2424.4759472027563,14.201305685240186,2108.9462789059794,4.895293943780871,2626.8220741465943,-5.411324409787994,0.034631348396976964,0.0322805174266811,0.04397559800836108,2879.22,2381.49,0.258070888307684,45.74452961844851,32.683337761341136,58.14027531120545,-25.456937549864314,2579.2683252979577,2770.4329055966696,2388.103744999246,0.3186675011860406,675308.80855,1.060152628006173,-9629.521048193426,34.220000000000255,74.42999999999984,56.149999999999636,164.79999999999973,0.20764563106796305,0.502194356228239,0.4978056437717609,5.611062129154449,0,1,6,2,False,False,sideways
2025-06-18,2509.95,2548.42,2465.78,2525.012724340157,504532.1818,1750291199999,1266177014.470926,3243812.0,250381.7951,628614334.113376,0,0.006005364018809356,0.00598740368998172,2531.4910758194687,-10.834377769434468,2614.7352432144403,1.515118767772492,2573.9487092158647,-5.3196160820930345,2439.0203497269254,14.544402524169072,2115.5455057148215,6.599226808842104,2620.92920967279,-5.892864473804366,0.03461360070716417,0.03211190638884079,0.043958294635293896,2879.22,2381.49,0.28835457846655277,45.78659767974024,26.188513923533264,51.74992303367102,-25.561409110137753,2573.9487092158647,2764.9256854529326,2382.971732978797,0.3718798835338107,699114.55534,0.721673119156604,3025.2432662364554,15.050000000000182,23.420000000000073,44.16999999999962,82.63999999999987,0.18211519845111573,0.4962652614283642,0.5037347385716358,6.429346069515678,0,2,6,2,False,False,sideways
2025-06-19,2525.0,2546.91,2485.03,2521.139284511866,252646.059,1750377599999,636251233.010393,1667327.0,122131.8125,307645921.480362,0,-0.0015340278450688416,-0.0015352056704823287,2529.568508353737,-1.922567465731845,2598.8366848801275,-15.898558334312838,2573.4372579002184,-0.5114513156463545,2453.571665475716,14.551315748790785,2121.5224431452316,5.976937430410089,2614.996754837566,-5.93245483522378,0.025514929590912675,0.03094768177597043,0.0439546532264338,2879.22,2381.49,0.280572367572512,56.774050780108,20.492539774577835,45.49844638185238,-25.005906607274547,2573.4372579002184,2764.948416987792,2381.926098812645,0.363459723084759,667506.53099,0.3784922652746074,-388.22443917626043,3.880000000000109,21.909999999999854,36.08999999999969,61.879999999999654,0.06270200387847658,0.4834107168875331,0.5165892831124669,6.599457781369944,0,3,6,2,False,False,sideways
2025-06-20,2521.13,2569.0,2367.36,2406.5392420959683,632027.8235,1750463999999,1559837109.182709,3175602.0,283785.5071,700887886.0366,0,-0.04545565694046383,-0.046521180049390036,2501.35827180692,-28.21023654681676,2557.8540234097773,-40.982661470350195,2567.3621165797567,-6.075141320461626,2464.9399786327895,11.368313157073317,2126.5054885643754,4.983045419143764,2608.8124139976717,-6.184340839894503,0.01913722783012546,0.03259554766662242,0.04451643892203846,2879.22,2367.36,0.07654288691432862,45.87457635944897,6.654465023278135,37.729650110137534,-31.0751850868594,2567.3621165797567,2772.182739965441,2362.5414931940722,0.10740556340131527,616868.76559,1.0245742024164595,-28736.969841897666,114.64000000000033,47.86999999999989,39.129999999999654,201.63999999999987,0.5685379884943483,0.4490079337464484,0.5509920662535517,5.024465509151749,0,4,6,2,False,False,sideways
2025-06-21,2406.49,2448.8,2216.0,2295.7692976767967,496783.864,1750550399999,1167664698.578644,2825558.0,223536.0109,525577801.093422,0,-0.04602872975497252,-0.04712172303445867,2451.6800343724344,-49.67823743448571,2510.2722575645394,-47.581765845237896,2555.1908467495687,-12.171269830188066,2474.01168160168,9.07170296889035,2130.8174335275094,4.31194496313401,2602.218710224032,-6.593703773639845,0.02145054031344679,0.03399836174148795,0.045125691319088425,2879.22,2216.0,0.1202757722577677,37.364321348317716,-13.099514636087406,27.563817160892548,-40.66333179697995,2555.1908467495687,2793.2868142631414,2317.094879235996,-0.04478358407725566,581526.0587500001,0.8542761868106911,-22864.745241675613,110.75999999999976,42.3100000000004,79.73000000000002,232.80000000000018,0.47577319587628725,0.4499663276100288,0.5500336723899713,5.6877008388501125,0,5,6,2,False,False,sideways
2025-06-22,2295.72,2314.48,2111.89,2227.6587021470928,840155.8295,1750636799999,1865382440.303028,5203723.0,410219.4606,910717903.71948,0,-0.029667874554567986,-0.030116868722885062,2395.223850154376,-56.4561842180583,2468.77465187164,-41.49760569289947,2536.2051305315013,-18.98571621806741,2481.894617740007,7.882936138327295,2133.9772712024255,3.1598376749161616,2594.1679567556935,-8.050753468338371,0.019579370293552643,0.033604179166717624,0.0453765514797301,2879.22,2111.89,0.15087211779429044,35.28713521897171,-33.86032096831832,15.278989535050375,-49.13931050336869,2536.2051305315013,2814.0241567269213,2258.386104336081,-0.05530111204006334,595582.30413,1.4106460579403246,-24896.569318206017,68.01999999999998,18.76000000000022,115.80999999999995,202.59000000000015,0.33575201145170014,0.4882659218637249,0.511734078136275,6.193759320930832,0,6,6,2,False,False,sideways
2025-06-23,2227.7,2438.68,2188.0,2411.6638091696045,744583.8003,1750723199999,1707539521.027113,4477307.0,367124.3462,842382247.363266,0,0.08260022365417163,0.07936576197056915,2372.5540671202657,-22.669783034110424,2452.022571469867,-16.752080401772673,2527.120543885153,-9.08458664634827,2493.9503799082963,12.05576216828922,2138.722242198204,4.744970995778658,2587.3002589839593,-6.867697771734129,0.03671777142634922,0.039167040057324215,0.04660281003830637,2879.22,2111.89,0.390671300704527,36.20129184637499,-35.06156729555414,5.210878168929472,-40.27244546448361,2527.120543885153,2808.924873404628,2245.3162143656778,0.2951473369617457,549823.05444,1.3542244078112835,61486.57175705342,183.96000000000004,27.019999999999982,39.69999999999982,250.67999999999984,0.7338439444710394,0.49305980878456135,0.5069401912154387,6.013167353622318,0,0,6,2,False,False,sideways
2025-06-24,2411.66,2482.04,2376.11,2448.4297018944544,516760.6621,1750809599999,1252322606.094842,3133356.0,255502.6802,619378004.307767,0,0.015245032323767171,0.015129994515187204,2358.012150596783,-14.541916523482541,2443.7903294752605,-8.232241994606738,2519.1586233947505,-7.961920490402463,2506.516013431047,12.565633522750886,2144.3361241353887,5.6138819371844875,2579.5481815719363,-7.752077412023027,0.036987813216304365,0.0393371104815295,0.04661812258055798,2879.22,2111.89,0.4385853568796405,28.934172142889523,-32.67026095513211,-2.365349655882844,-30.304911299249262,2519.1586233947505,2800.3783258637695,2237.9389209257315,0.37424614833292474,568355.22787,0.9092212700086201,7883.211049094419,36.789999999999964,33.590000000000146,35.54999999999973,105.92999999999984,0.3473048239403381,0.49443136627639983,0.5055686337236002,6.063456895628898,0,1,6,2,False,False,sideways
2025-06-25,2448.46,2468.69,2389.69,2418.4782940958503,414894.7387,1750895999999,1007574107.706431,2776920.0,206517.9982,501745009.719739,0,-0.012232904941248401,-0.012308342770039,2360.39996099676,2.3878103999768427,2430.87911640184,-12.91121307342064,2519.384097858133,0.22547446338239752,2518.5454573829675,12.029443951920257,2149.2576796556514,4.9215555202627,2571.65945273123,-7.888728840706335,0.036939413407474024,0.03564449457677731,0.04668165845751811,2879.22,2111.89,0.3995520755031739,29.433921111649624,-32.813705772580306,-8.455020879222337,-24.358684893357967,2519.384097858133,2800.255707044375,2238.512488671891,0.3203702324086209,579874.5355,0.7154905299337808,-5076.781789071457,29.970000000000255,20.230000000000018,28.799999999999727,79.0,0.37936708860759816,0.497759983284165,0.502240016715835,6.693071135828313,0,2,6,2,False,False,sideways
2025-06-26,2418.5,2520.92,2394.32,2415.951734383001,463704.0261,1750982399999,1138310757.584065,2978926.0,234924.0215,577384294.658558,0,-0.0010446898444436137,-0.0010452359132272916,2384.4364483380004,24.036487341240445,2418.0582413552174,-12.820875046622405,2516.375039724663,-3.009058133469807,2530.642886711555,12.097429328587623,2154.1015974628667,4.843917807215348,2563.718329460239,-7.941123270990829,0.036942476504358654,0.0351529756737672,0.046673020011556474,2879.22,2111.89,0.39625941170422285,34.51719855801936,-32.753694871348216,-13.314755677647513,-19.438939193700705,2516.375039724663,2800.468644702255,2232.281434747071,0.3232566598083352,558201.93931,0.8307101667779765,-485.0841583106992,2.5399999999999636,102.42000000000007,21.639999999999873,126.59999999999991,0.020063191153238274,0.5066249337445639,0.4933750662554362,6.424196971189507,0,3,6,2,False,False,sideways
2025-06-27,2415.96,2463.54,2382.53,2423.1144958224263,381474.766,1751068799999,927024811.54842,2112477.0,163666.228,397737067.688627,0,0.0029647783676665096,0.0029603920797243197,2423.5276070730674,39.09115873506698,2409.3757286137215,-8.682512741495884,2511.297926530195,-5.077113194467984,2534.9574638689924,4.31457715743727,2157.7723437850436,3.6707463221769103,2557.2739482262778,-6.444381233961394,0.036867979057688044,0.0348440937086324,0.035243142890923104,2879.22,2111.89,0.40559406750997157,38.452260128231956,-31.76202792653885,-17.004210127425782,-14.757817799113067,2511.297926530195,2798.381992136416,2224.213860923974,0.3464153165004886,524756.3751000001,0.7269559439412324,1138.4431293812972,7.210000000000036,40.36999999999989,33.429999999999836,81.00999999999976,0.08900135785705539,0.4290355289188381,0.5709644710811619,5.537658551181862,0,4,6,2,False,False,sideways
2025-06-28,2423.17,2447.8,2405.81,2435.622264967683,155814.9859,1751155199999,378310903.948948,855656.0,75110.0135,182401886.244142,0,0.0051618564318032245,0.005148579719614299,2428.3192982326827,4.791691159615311,2400.4366826764744,-8.939045937247101,2507.585962945457,-3.711963584737987,2536.7691709541728,1.8117070851803874,2162.290627891262,4.518284106218289,2551.3109301652185,-5.9630180610593015,0.036846261288955406,0.0348584086141057,0.03417136578935652,2879.22,2111.89,0.4218944456331475,42.56607180182349,-29.62534969977014,-19.528438041894653,-10.096911657875488,2507.585962945457,2796.6611334671593,2218.510792423755,0.37552770815995834,489884.65551000007,0.3180646385786201,800.561485349766,12.449999999999818,12.180000000000291,17.360000000000127,41.99000000000024,0.29649916646820074,0.4820461463713421,0.517953853628658,5.491487195905204,0,5,6,2,False,False,sideways
2025-06-29,2435.62,2525.0,2412.0,2500.070870402832,284291.8057,1751241599999,700329421.976834,1370707.0,147274.8033,363091989.661933,0,0.02646083769315699,0.02611680545161164,2438.647531934358,10.328233701675344,2398.329841265571,-2.1068414109035984,2498.583263072849,-9.002699872607991,2535.105685501787,-1.6634854523858849,2167.633513495638,5.342885604376079,2544.6521517804244,-6.6587783847940045,0.03801490722501716,0.031641424870074354,0.031195187086595612,2879.22,2111.89,0.5058851737881123,46.54376107503918,-22.472503935255645,-20.117251220566853,-2.355252714688792,2498.583263072849,2776.013951739343,2221.152574406355,0.5026810432132315,493049.23017999995,0.576599228430419,7525.1035520644,64.47000000000025,24.909999999999854,23.61999999999989,113.0,0.5705309734513296,0.5180409718013902,0.48195902819860986,4.821479101815702,0,6,6,2,False,False,sideways
2025-06-30,2500.09,2524.3,2431.0,2485.5270182933855,440455.714,1751327999999,1093515997.924797,2333352.0,224857.1016,558417620.217763,0,-0.005817375931868374,-0.005834362774504204,2452.0572767738654,13.409744839507312,2406.2286188853127,7.89877761974185,2482.041321147545,-16.541941925303945,2534.5252983131372,-0.5803871886496381,2172.681694999717,5.0481815040789115,2537.6717056922253,-6.980446088199187,0.03469315793156274,0.02899321306217686,0.03097376441662413,2879.22,2111.89,0.4869313311005508,45.803261597636464,-17.77251891554579,-19.64830475956264,1.8757858440168533,2482.041321147545,2715.6892614857047,2248.3933808093857,0.5074592935439436,473892.01923000003,0.9294431982958296,-2575.692290549599,14.620000000000346,24.210000000000036,54.4699999999998,93.30000000000018,0.15669882100750607,0.5105101249747892,0.4894898750252108,5.297585945269404,0,0,6,2,False,False,sideways
2025-07-01,2485.47,2500.8,2386.52,2405.0104917824365,351951.0868,1751414399999,858543228.334264,1978858.0,158891.8622,387699992.1451,0,-0.032394146560608794,-0.03293045082327369,2449.8690282537527,-2.1882485201126656,2417.1527382958766,10.92411941056389,2463.7124979302084,-18.328823217336776,2532.7162577457475,-1.8090405673897294,2176.671518995694,3.9898239959770763,2530.162595867877,-7.509109824348343,0.03273129518500834,0.02952430713217379,0.031298577789937804,2784.83,2111.89,0.43558191188283735,42.95641123439664,-20.310629417609107,-19.780769691171937,-0.52985972643717,2463.7124979302084,2655.4838084678904,2271.9411873925264,0.34694789334446,459408.74150999996,0.7660957552596744,-11393.412289799455,80.45999999999958,15.330000000000382,18.490000000000236,114.2800000000002,0.7040602030101456,0.4514600697633078,0.5485399302366922,5.622536978056009,0,1,7,3,False,False,sideways
2025-07-02,2405.01,2619.28,2373.0,2570.38866205812,634967.0337,1751500799999,1599878809.253887,2717139.0,323198.0206,814743086.674377,0,0.06876401198279858,0.06650285181006936,2479.3238615008913,29.454833247138595,2451.4257342869796,34.272995991103016,2460.1001930793095,-3.6123048508989086,2530.529879327338,-2.1863784184092765,2181.5638604144915,4.892341418797514,2523.6629897422263,-6.499606125650644,0.035764707304015056,0.03244169781032038,0.031061034283739773,2680.34,2111.89,0.8065769409061837,52.53451358048151,-8.8751567756658,-17.59964710807071,8.724490332404908,2460.1001930793095,2640.0374759385486,2280.1629102200704,0.8064636389588223,438889.86193,1.4467571224082478,43668.65309249427,165.39999999999964,48.870000000000346,32.01000000000022,246.2800000000002,0.6715933084294279,0.508999685726519,0.49100031427348106,4.27918121066385,0,2,7,3,False,False,sideways
2025-07-03,2570.41,2635.5,2556.12,2591.276414895481,504943.6592,1751587199999,1308429372.972785,2506227.0,261017.406,676592013.259716,0,0.008126301343329256,0.008093460751634418,2510.454691486451,31.130829985559558,2469.386994859567,17.961260572587435,2460.704783164717,0.6045900854073807,2530.159695888964,-0.3701834383741698,2186.815366103725,5.251505689233454,2516.823845426863,-6.839144315363228,0.026730121776715084,0.03202980762843966,0.03085886223636977,2680.34,2111.89,0.8433220422121225,53.84449975904887,1.8516599852550826,-13.709385689405552,15.561045674660635,2460.704783164717,2642.3994743638254,2279.0100919656084,0.8593160341368434,414925.84781999997,1.2169491533317318,4093.9094765924824,20.840000000000146,44.25,14.289999999999964,79.38000000000011,0.26253464348702593,0.5169238215874203,0.48307617841257966,4.963379486675214,0,3,7,3,False,False,sideways
2025-07-04,2591.26,2603.17,2474.24,2508.011250973603,452593.02,1751673599999,1142275937.968202,1980591.0,198158.5551,500628761.729327,0,-0.032132876077304307,-0.03266046980266799,2512.042767600605,1.588076114154319,2475.345149767482,5.958154907914832,2459.567739621371,-1.1370435433459534,2529.3458528367,-0.8138430522640192,2191.800260084549,4.9848939808239265,2509.432746583656,-7.391098843207146,0.029285988047809183,0.03259177414298616,0.031020077291313515,2680.34,2111.89,0.6968444911137358,55.75995619717696,3.5925243143142325,-10.249003688661595,13.841528002975828,2459.567739621371,2639.694583073898,2279.440896168844,0.6344705498184109,408509.08361,1.1079142133154782,-14533.628632590475,83.22000000000025,11.909999999999854,33.80000000000018,128.9300000000003,0.6454665322267903,0.43782945459477035,0.5621705454052296,4.376097094913218,0,4,7,3,False,False,sideways
2025-07-05,2508.04,2529.81,2487.95,2516.396028095113,157198.0958,1751759999999,394906375.017766,911950.0,79575.3002,199902327.125929,0,0.0033431975706865735,0.0033376215101466977,2518.216569560951,6.173801960345827,2485.136923167408,9.791773399926115,2458.008019784624,-1.5597198367468081,2528.9313144402563,-0.41453839644373147,2196.927376672019,5.127116587470027,2502.549450455301,-6.8832961283546865,0.02880878808316183,0.03256483536765152,0.031015790363471588,2680.34,2111.89,0.7115947367316611,64.17080929366645,5.584380019830405,-7.082326946963195,12.666706966793601,2458.008019784624,2635.4457986302555,2280.570240938993,0.6645309378035145,382739.41932,0.41071833175503186,524.6120723138386,8.36999999999989,13.400000000000091,20.090000000000146,41.86000000000013,0.1999522216913489,0.5062103315885077,0.49378966841149236,5.801278923634391,0,5,7,3,False,False,sideways
2025-07-06,2516.42,2605.0,2503.5,2570.3976230465028,277593.6319,1751846399999,707971625.070802,1375995.0,138516.8522,353423928.298894,0,0.021459895162952103,0.02123287377349259,2551.293995813764,33.077426252812984,2500.5815120337584,15.444588866350387,2459.319876694488,1.3118569098637636,2530.8372675189976,1.9059530787412768,2203.6618459027627,6.734469230743798,2497.2674480468863,-5.282002408414883,0.029217238389125003,0.03291708905787727,0.030947541378910266,2635.5,2111.89,0.8756662841551971,72.4204056377878,11.389130611216387,-3.388035435327279,14.777166046543666,2459.319876694488,2639.80142074674,2278.838332642236,0.8077260529194503,364128.3799,0.7623509927356804,5950.302416810464,53.929999999999836,34.65000000000009,12.920000000000073,101.5,0.5313300492610822,0.4989914619147285,0.5010085380852716,4.956868032533567,0,6,7,3,False,False,sideways
2025-07-07,2570.35,2590.57,2512.0,2542.266716342975,315707.5272,1751932799999,805370144.473485,1985043.0,155551.5678,396828929.460145,0,-0.010944184841793492,-0.011004512998176282,2545.669606670735,-5.6243891430290205,2512.4967340858134,11.915222052055015,2460.9362313497672,1.6163546552793377,2531.7263638110644,0.8890962920668244,2210.8038470560523,7.142001153289584,2492.8936737406802,-4.373774306206087,0.029735657853747606,0.03286382767334635,0.03097281629067658,2635.5,2111.89,0.8219413615915951,60.732043777885515,13.563160532833535,0.0022037583048839515,13.560956774528652,2460.9362313497672,2643.8886894835828,2277.9837732159517,0.722272184322664,357551.65602,0.8829703957023223,-3446.516316156149,28.059999999999945,20.220000000000255,30.289999999999964,78.57000000000016,0.3571337660684725,0.4927078209999675,0.5072921790000324,6.287601114884029,0,0,7,3,False,False,sideways
2025-07-08,2542.3,2628.21,2523.59,2615.2573691919697,370915.7321,1752019199999,957180096.783727,1899797.0,193484.7421,499495444.930149,0,0.028710855702029248,0.028306421934812726,2550.465797530033,4.796190859297894,2530.460244508242,17.9635104224285,2465.448463592358,4.512232242590926,2533.4693674229984,1.7430036119340002,2218.8792006201534,8.075353564101079,2488.6088816419233,-4.284792098756952,0.030650462888853803,0.03342793987594655,0.031184424803717983,2635.5,2111.89,0.9613402516987256,62.938465393203494,20.934510578660593,4.188665122376026,16.745845456284567,2465.448463592358,2659.188452691405,2271.7084744933113,0.8866236038730854,379061.73064,0.9785101003832636,10644.738331982624,72.94999999999982,12.960000000000036,18.710000000000036,104.61999999999989,0.6972854138787985,0.5216406999092611,0.4783593000907389,5.1219100070088395,0,1,7,3,False,False,sideways
2025-07-09,2615.25,2795.74,2589.78,2768.7467362807606,686119.3772,1752105599999,1844561572.906599,2997546.0,357355.9972,961263657.537834,0,0.05868996638606716,0.05703226302566599,2602.612894591464,52.14709706143094,2557.327831096035,26.867586587793085,2477.828836180803,12.38037258844497,2538.360973112213,4.89160568921443,2228.3423240375014,9.463123417348015,2485.7579530290345,-2.850928612888765,0.03433231288889351,0.03570154084607982,0.03222421609370448,2795.74,2111.89,0.9605275079048926,72.79697542715724,38.71538094553762,11.094008287008345,27.621372658529275,2477.828836180803,2713.632065125695,2242.025607235911,1.116865810959582,419244.48779,1.636561474706086,40268.602698184885,153.48999999999978,27.0,25.4699999999998,205.95999999999958,0.7452417945232088,0.5208364740525797,0.47916352594742023,4.368840320809409,0,2,7,3,False,False,sideways
2025-07-10,2768.74,2798.0,2755.5,2781.5386060500146,126170.4422,1752191999999,350229119.116601,493792.0,55961.633,155371171.783171,0,0.004620093850272955,0.004609453975573788,2655.6414101824444,53.02851559098053,2586.9289898716975,29.601158775662498,2496.5788043785055,18.7499681977024,2542.971969116277,4.6109960040639635,2237.108254985075,8.765930947573452,2483.256540737358,-2.501412291676388,0.033927922079607785,0.03365248543381945,0.03220395030198964,2798.0,2111.89,0.9760076460771808,73.48021705854369,53.22549542031811,19.5203057136703,33.705189706647815,2496.5788043785055,2765.7847381325787,2227.3728706244324,1.0292598823839958,387815.96061,0.3253358680791402,581.9241051503783,12.770000000000437,16.48999999999978,13.239999999999782,42.5,0.30047058823530437,0.4435399608990195,0.5564600391009805,3.91369001637691,0,3,7,3,False,False,sideways
