timestamp,open,high,low,close,volume,close_time,quote_asset_volume,number_of_trades,taker_buy_base,taker_buy_quote,ignore,returns,log_returns,ma_5,ma_5_slope,ma_10,ma_10_slope,ma_20,ma_20_slope,ma_50,ma_50_slope,ma_100,ma_100_slope,ma_200,ma_200_slope,volatility_10,volatility_20,volatility_50,high_20,low_20,price_position,rsi,macd,macd_signal,macd_histogram,bb_middle,bb_upper,bb_lower,bb_position,volume_ma_10,volume_ratio,volume_price_trend,body_size,upper_wick,lower_wick,total_range,body_ratio,buy_pressure,sell_pressure,trade_intensity,hour,day_of_week,month,quarter,gap_up,gap_down,trend_short,trend_long,vol_regime,market_regime
2024-07-10 08:00:00,3097.07,3109.1,3078.43,3102.22,27639.2203,1720612799999,85489690.242695,164325.0,13001.8283,40217397.998202,0,,,,,,,,,,,,,,,,,,,,,,0.0,0.0,0.0,,,,,,,,5.149999999999636,6.880000000000109,18.640000000000327,30.670000000000073,0.167916530811856,0.47041226774403616,0.5295877322559639,5.9453558463803695,8,2,7,3,False,False,-1,-1,low_vol,bear_stable
2024-07-10 12:00:00,3102.22,3129.61,3077.76,3122.76,77648.5786,1720627199999,241221263.403674,329561.0,41604.9578,129256204.467546,0,0.0066210649148030765,0.00659924193909688,,,,,,,,,,,,,,,,,,,,1.6385185185190494,0.3277037037038099,1.3108148148152394,,,,,,,514.116279452789,20.54000000000042,6.849999999999909,24.45999999999958,51.84999999999991,0.39614271938284384,0.5358109388495619,0.4641890611504381,4.244263139673236,12,2,7,3,False,False,-1,-1,low_vol,bear_stable
2024-07-10 16:00:00,3122.76,3151.51,3090.17,3107.03,49062.5774,1720641599999,153065763.566508,222213.0,25091.1963,78304372.300169,0,-0.005037210672610093,-0.005049940183768904,,,,,,,,,,,,,,,,,,,,1.6487707080304972,0.5919171045691474,1.0568536034613498,,,,,,,-247.13853850503875,15.730000000000018,28.75,16.860000000000127,61.340000000000146,0.2564395174437558,0.5114121114232372,0.48858788857676283,4.529175020470897,16,2,7,3,False,False,-1,-1,low_vol,bear_stable
2024-07-10 20:00:00,3107.03,3112.1,3080.21,3101.05,32002.3115,1720655999999,99125557.70046,114139.0,15827.81,49026170.257753,0,-0.001924667608616648,-0.001926522161298848,,,,,,,,,,,,,,,,,,,,1.160976603425297,0.7057290043403773,0.45524759908491974,,,,,,,-61.593812344910056,5.980000000000018,5.069999999999709,20.840000000000146,31.889999999999873,0.18751959862025847,0.4945833365817966,0.5054166634182035,3.5665861198807467,20,2,7,3,False,False,-1,-1,low_vol,bear_stable
2024-07-11 00:00:00,3101.06,3130.0,3054.76,3077.2,34911.342,1720670399999,108000903.250876,203097.0,16739.5914,51776744.529575,0,-0.007690943390142202,-0.00772067121670418,3102.052,,,,,,,,,,,,,,,,,,,-1.1369928700223682,0.33718462946782823,-1.4741774994901964,,,,,,,-268.50115499589384,23.860000000000127,28.940000000000055,22.4399999999996,75.23999999999978,0.31711855396066185,0.4794886257881465,0.5205113742118535,5.817507674153575,0,3,7,3,False,False,-1,-1,low_vol,bear_stable
2024-07-11 04:00:00,3077.2,3124.15,3073.99,3118.22,22671.2036,1720684799999,70309449.055946,117768.0,13497.3506,41861500.252002,0,0.013330300272975437,0.013242233593872174,3105.252,3.199999999999818,,,,,,,,,,,,,,,,,,0.3478115923189762,0.3393100220380578,0.008501570280918358,,,,,,,302.2139515377617,41.01999999999998,5.930000000000291,3.2100000000000364,50.16000000000031,0.8177830940988782,0.5953521850070633,0.4046478149929367,5.194607312335195,4,3,7,3,False,False,-1,-1,low_vol,bear_stable
2024-07-11 08:00:00,3118.22,3156.93,3114.52,3147.04,40591.5006,1720699199999,127384115.761603,190040.0,21603.3758,67796639.578887,0,0.009242452424780945,0.009200002322930891,3110.108,4.856000000000222,,,,,,,,,,,,,,,,,,3.8061876059223323,1.0326855388149128,2.7735020671074198,,,,,,,375.1650131459672,28.820000000000164,9.889999999999873,3.699999999999818,42.409999999999854,0.6795567083235148,0.5322142685210313,0.46778573147896874,4.681768281313552,8,3,7,3,False,False,-1,-1,low_vol,bear_stable
2024-07-11 12:00:00,3147.04,3217.24,3104.52,3117.95,116955.8929,1720713599999,370407161.702242,511176.0,59326.4245,187948577.950985,0,-0.009243606690731654,-0.009286593932899323,3112.292,2.1839999999997417,,,,,,,,,,,,,,,,,,4.151796304831805,1.6565076920182913,2.495288612813514,,,,,,,-1081.0942741309348,29.090000000000146,70.19999999999982,13.429999999999836,112.7199999999998,0.2580731014904205,0.5072546840433724,0.4927453159566276,4.37067331388823,12,3,7,3,False,False,-1,-1,low_vol,bear_stable
2024-07-11 16:00:00,3117.95,3148.58,3097.3,3107.11,43267.1929,1720727999999,135366010.830912,207035.0,20637.0188,64595639.418115,0,-0.0034766433073011305,-0.0034827008757226047,3113.504,1.211999999999989,,,,,,,,,,,,,,,,,,3.5105290882529516,2.0273119712652234,1.4832171169877282,,,,,,,-150.424596621492,10.83999999999969,30.63000000000011,9.809999999999945,51.279999999999745,0.21138845553821656,0.4769668984002889,0.5230331015997111,4.785034251667387,16,3,7,3,False,False,-1,-1,low_vol,bear_stable
2024-07-11 20:00:00,3107.11,3123.7,3086.0,3099.57,30832.188,1720742399999,95662348.620517,183915.0,16930.9757,52530808.418136,0,-0.002426692328240665,-0.0024296415182192,3117.978,4.47400000000016,3110.0150000000003,,,,,,,,,,,,,,,,,2.3666242423491894,2.095174425482017,0.2714498168671726,,,,,47558.20078,0.6483043406672795,-74.82023408247389,7.539999999999964,16.58999999999969,13.570000000000164,37.69999999999982,0.2,0.5491331234747271,0.45086687652527285,5.965032387581446,20,3,7,3,False,False,-1,-1,low_vol,bear_stable
2024-07-12 00:00:00,3099.57,3117.92,3055.11,3085.74,32384.1963,1720756799999,100067062.4962,238661.0,15780.1837,48772790.302893,0,-0.00446190923257106,-0.004471893259186974,3111.482,-6.496000000000095,3108.3669999999997,-1.648000000000593,,,,,,,,,0.007571490728978003,,,,,,,0.34018455689874827,1.7441764517653633,-1.403991894866615,,,,,48032.69838,0.6742114724390381,-144.49534446036355,13.830000000000382,18.34999999999991,30.629999999999654,62.809999999999945,0.22018786817386393,0.487280386822507,0.512719613177493,7.3696749423421695,0,4,7,3,False,False,-1,-1,low_vol,bear_stable
2024-07-12 04:00:00,3085.62,3098.67,3057.87,3072.3,20230.5029,1720771199999,62282103.467345,135403.0,9922.8782,30552435.570334,0,-0.004355519259561569,-0.00436503216605259,3096.534,-14.947999999999865,3103.321,-5.045999999999822,,,,,,,,,0.007210372200113619,,,,,,,-2.3234953625501475,0.9306420889022613,-3.254137451452409,,,,,42290.89081,0.4783654946141817,-88.11434501156617,13.319999999999709,13.050000000000182,14.430000000000291,40.80000000000018,0.3264705882352855,0.4904909309001903,0.5095090690998098,6.693012065458838,4,4,7,3,False,False,-1,-1,low_vol,bear_stable
2024-07-12 08:00:00,3072.3,3086.24,3045.58,3070.0,32506.8939,1720785599999,99665221.728328,172410.0,15886.1447,48713883.754961,0,-0.0007486248087752445,-0.0007489051682588438,3086.9440000000004,-9.58999999999969,3099.618,-3.7029999999999745,,,,,,,,,0.00711035667012477,,,,,,,-4.567421278214169,-0.16897058452102487,-4.398450693693144,,,,,40635.32246,0.7999664314710103,-24.33546722976466,2.300000000000182,13.9399999999996,24.420000000000073,40.659999999999854,0.05656665027054083,0.4887007890963092,0.5112992109036908,5.303798035283832,8,4,7,3,False,False,-1,-1,low_vol,bear_stable
2024-07-12 12:00:00,3070.0,3139.74,3057.58,3131.34,42632.5813,1720799999999,132236948.81552,228004.0,23590.6067,73163289.348465,0,0.01998045602605858,0.019783466353843933,3091.79,4.845999999999549,3102.647,3.0289999999999964,,,,,,,,,0.009741366935757709,,,,,,55.30766987459905,-1.3802131348943476,-0.41121909459568945,-0.9689940402986581,,,,,41698.34944,1.0224045285376169,851.8184159420173,61.340000000000146,8.399999999999636,12.420000000000073,82.15999999999985,0.7465920155793604,0.5533468999682645,0.44665310003173553,5.348116230531883,12,4,7,3,False,False,-1,-1,low_vol,bear_stable
2024-07-12 16:00:00,3131.34,3157.89,3112.47,3116.1,32682.231,1720814399999,102545427.200291,187054.0,16397.4176,51452650.374274,0,-0.004866925980570702,-0.004878808033211494,3095.096,3.30600000000004,3106.537,3.8899999999998727,,,,,,,,,0.00949885710061756,,,,,,52.396739881199075,-0.08311030881850456,-0.3455973374402525,0.26248702862174794,,,,,41475.43834000001,0.7879900082570168,-159.0619991569132,15.240000000000236,26.549999999999727,3.630000000000109,45.42000000000007,0.3355350066050245,0.5017227128711012,0.49827728712889885,5.72341588308338,16,4,7,3,False,False,-1,-1,low_vol,bear_stable
2024-07-12 20:00:00,3116.1,3135.4,3090.0,3133.88,25308.7771,1720828799999,78802759.142979,133383.0,13828.8944,43075665.112729,0,0.00570585026154502,0.005689633555430311,3104.724,9.628000000000156,3108.103,1.5660000000002583,,,,,,,,,0.008697918076716528,,,,,,51.938633193863296,2.3524330484638085,0.1940087397405597,2.158424308723249,,,,,41739.19569000001,0.6063551700413706,144.4080924354196,17.7800000000002,1.5199999999999818,26.09999999999991,45.40000000000009,0.3916299559471402,0.5464070565464026,0.4535929434535974,5.270226983823727,20,4,7,3,False,False,-1,-1,low_vol,bear_stable
2024-07-13 00:00:00,3133.89,3140.4,3120.3,3120.94,14045.7686,1720843199999,43941127.687795,72387.0,6837.0081,21391114.969147,0,-0.004129066843657103,-0.004137614978818923,3114.452,9.728000000000065,3105.493,-2.6100000000001273,,,,,,,,,0.008225535706468834,,,,,,52.44885743459734,3.201563222420191,0.795519636276486,2.4060435861437046,,,,,39084.622489999994,0.35936815312962744,-57.99591741994005,12.949999999999818,6.510000000000218,0.6399999999998727,20.09999999999991,0.644278606965168,0.4867663916946489,0.5132336083053511,5.1536517553051535,0,5,7,3,False,False,-1,-1,low_vol,bear_stable
2024-07-13 04:00:00,3120.95,3142.62,3113.37,3140.21,15588.5675,1720857599999,48811187.601372,75578.0,8516.984,26669268.324701,0,0.006174421808814001,0.006155438168404728,3128.4939999999997,14.041999999999462,3107.719,2.2260000000001128,,,,,,,,,0.00790626606006873,,,,,,56.585940127816976,5.367559076973521,1.7099275244158931,3.6576315525576275,,,,,28947.889949999993,0.5385044480590891,96.25039114016914,19.26000000000022,2.4099999999998545,7.579999999999927,29.25,0.6584615384615459,0.5463609148178625,0.4536390851821374,4.8482966763944155,4,5,7,3,False,False,-1,-1,low_vol,bear_stable
2024-07-13 08:00:00,3140.2,3171.0,3128.99,3156.84,28706.7349,1720871999999,90552712.421301,121076.0,14791.1165,46661266.221852,0,0.0052958241646259285,0.005281850600482824,3133.594,5.100000000000364,3112.692,4.972999999999956,,,,,,,,,0.007873086267788803,,,,,,63.727247655819106,8.330005298324977,3.03394307919771,5.296062219127267,,,,,27491.84415,1.0441909514462309,152.0258203709305,16.640000000000327,14.159999999999854,11.210000000000036,42.01000000000022,0.39609616757915356,0.5152490017246789,0.4847509982753211,4.217686212722159,8,5,7,3,False,False,-1,-1,low_vol,bear_stable
2024-07-13 12:00:00,3156.84,3165.67,3140.94,3154.87,18763.0676,1720886399999,59167881.657642,94887.0,8702.2928,27442067.58044,0,-0.0006240417632823458,-0.0006242365583879093,3141.348,7.753999999999905,3118.2219999999998,5.529999999999745,3114.1185,,,,,,,,0.007790421756104945,,,3217.24,3045.58,0.6366655015728769,57.29992431183523,10.398930340143124,4.5069405313867925,5.891989808756332,3114.1185,3165.5834924041374,3062.6535075958627,0.8959147577443711,26284.93211,0.7138335956691195,-11.708937789689852,1.9700000000002547,8.829999999999927,13.929999999999836,24.730000000000018,0.07966033158108586,0.4637990431799116,0.5362009568200884,5.057115500665787,12,5,7,3,False,False,-1,-1,low_vol,bear_stable
2024-07-13 16:00:00,3154.86,3165.32,3146.85,3163.75,11736.4726,1720900799999,37029352.438017,77596.0,5721.168,18051026.675388,0,0.0028146960096613327,0.002810742170347457,3147.322,5.97400000000016,3126.023,7.801000000000386,3117.195,3.0765000000001237,,,,,,,0.007474268648221427,0.007485702891286584,,3217.24,3045.58,0.688395665851102,53.61547449045825,12.609752747948733,6.127502974699181,6.482249773249552,3117.195,3172.8508604281706,3061.5391395718298,0.9182398730506003,24220.15974,0.4845745331983512,33.034602594719566,8.889999999999873,1.5700000000001637,8.010000000000218,18.470000000000255,0.48132106118027884,0.4874691225368685,0.5125308774631314,6.611526533108424,16,5,7,3,False,False,-1,-1,low_vol,bear_stable
2024-07-13 20:00:00,3163.75,3201.8,3144.26,3175.93,30461.8657,1720915199999,96834706.977166,149767.0,15937.56,50678696.83941,0,0.003849861714737113,0.0038424699625343546,3158.3199999999997,10.997999999999593,3136.386,10.362999999999829,3119.8535,2.6585000000000036,,,,,,,0.0070747431913031344,0.007401529835655444,,3217.24,3045.58,0.7593498776651522,63.535344103090814,15.169801611637013,7.935962702086748,7.233838909550265,3119.8535,3181.396739151536,3058.310260848464,0.9555861925135615,25243.29602,1.2067309148482583,117.27397051789363,12.179999999999836,25.870000000000346,19.48999999999978,57.539999999999964,0.21167883211678562,0.5231971067353238,0.4768028932646762,4.916540617536765,20,5,7,3,False,False,-1,-1,low_vol,bear_stable
2024-07-14 00:00:00,3175.93,3193.61,3163.67,3172.75,23189.3613,1720929599999,73712140.046798,118343.0,10562.5464,33580406.284259,0,-0.0010012815143910503,-0.001001783131594557,3164.828,6.508000000000266,3146.661,10.275000000000091,3123.1395,3.286000000000058,,,,,,,0.007091419386396141,0.0072861047333439176,,3217.24,3045.58,0.7408248864033565,65.89192330040663,16.74898745513474,9.698567652696347,7.050419802438391,3123.1395,3188.6875546822835,3057.591445317717,0.8784284693151148,24311.54276,0.9538416187290946,-23.219078800225216,3.1799999999998363,17.68000000000029,9.079999999999927,29.940000000000055,0.10621242484969373,0.4554910445075518,0.5445089554924482,5.103331586799676,0,6,7,3,False,False,-1,-1,low_vol,bear_stable
2024-07-14 04:00:00,3172.74,3206.7,3171.22,3195.4,31503.902,1720943999999,100616565.260919,156991.0,15274.0303,48779063.205885,0,0.007138917342998985,0.0071135559031974506,3172.54,7.711999999999989,3153.067,6.405999999999949,3127.857,4.717499999999745,,,,,,,0.004385789602731803,0.007371265660049089,,3217.24,3045.58,0.8727717581265308,71.6193656093488,19.602207276050194,11.679295577367117,7.922911698683077,3127.857,3199.9638479410937,3055.750152058906,0.9683535747893045,23198.674829999996,1.3580043787354557,224.9037523599404,22.66000000000031,11.299999999999727,1.5199999999999818,35.48000000000002,0.6386696730552508,0.48482979346494925,0.5151702065350507,4.9832239828577425,4,6,7,3,False,False,-1,-1,low_vol,bear_stable
2024-07-14 08:00:00,3195.4,3225.13,3195.4,3202.84,29415.9314,1720958399999,94383310.82942,140011.0,13925.0296,44681511.838539,0,0.002328346998810904,0.002325640599081829,3182.134,9.594000000000051,3161.741,8.673999999999978,3134.139,6.282000000000153,,,,,,,0.003657211280718529,0.007045194318047151,,3225.13,3045.58,0.8758563074352551,77.20219290094778,22.207753206670077,13.78498710322771,8.422766103442367,3134.139,3209.4826846513506,3058.7953153486496,0.9559174423039623,22872.04487,1.2861085035113433,68.49049559241743,7.440000000000055,22.289999999999964,0.0,29.730000000000018,0.25025227043390685,0.47338394323288363,0.5266160567671163,4.7596997047661045,8,6,7,3,False,False,-1,-1,low_vol,bear_stable
2024-07-14 12:00:00,3202.85,3204.48,3173.68,3190.48,24709.3054,1720972799999,78801899.064055,130358.0,11030.7828,35183419.887458,0,-0.0038590750708746846,-0.0038665405137349763,3187.48,5.346000000000004,3167.401,5.6599999999998545,3137.7519999999995,3.6129999999993743,,,,,,,0.004031448466430347,0.006629858236011013,,3225.13,3045.58,0.8070175438596489,77.59152035861018,23.010072631439016,15.630004208869972,7.380068422569044,3137.7519999999995,3216.724353217006,3058.779646782993,0.8338383488149984,22812.097700000002,1.0831667356921761,-95.35506448776923,12.36999999999989,1.6300000000001091,16.800000000000182,30.800000000000182,0.4016233766233707,0.44642221306633734,0.5535777869336627,5.2756642847597,12,6,7,3,False,False,-1,-1,low_vol,bear_stable
2024-07-14 16:00:00,3190.47,3197.9,3183.31,3190.9,15171.9991,1720987199999,48394485.200922,63223.0,7293.5487,23264796.232021,0,0.00013164163386081285,0.00013163296986128378,3190.474,2.994000000000142,3174.397,6.996000000000095,3139.945,2.1930000000006658,,,,,,,0.003529197657550343,0.006353000713998607,,3225.13,3045.58,0.8093567251461989,78.4765404183153,23.40995169493044,17.185993706082066,6.223957988848376,3139.945,3222.364035486509,3057.5259645134915,0.8091215500109855,22924.72075,0.6618182731844182,1.9972667504587822,0.43000000000029104,7.0,7.1599999999998545,14.590000000000146,0.02947224126115742,0.4807243034966961,0.519275696503304,4.167084349484307,16,6,7,3,False,False,-1,-1,low_vol,bear_stable
2024-07-14 20:00:00,3190.9,3268.72,3190.24,3245.08,41440.2724,1721001599999,134295616.767297,183932.0,25093.8764,81331113.873724,0,0.016979535554232372,0.016836994498412163,3204.9399999999996,14.46599999999944,3184.884,10.48700000000008,3146.3015,6.356499999999869,,,,,,,0.005797719395388578,0.006874907673553677,,3268.72,3045.58,0.8940575423500946,77.72523400936021,27.778518463250748,19.3044986575158,8.474019805734947,3146.3015,3240.3650273072076,3052.2379726927925,1.0250627040457108,25509.891239999997,1.624478599697864,703.6365785928745,54.179999999999836,23.639999999999873,0.6600000000003092,78.48000000000002,0.690366972477062,0.6055432299716254,0.3944567700283746,4.43848433776222,20,6,7,3,False,False,-1,-1,low_vol,bear_stable
2024-07-15 00:00:00,3245.2,3342.19,3233.22,3329.37,62167.7706,1721015999999,205014991.425274,322688.0,33558.0931,110672291.855928,0,0.025974706324651375,0.02564309373967671,3231.734,26.794000000000324,3202.1369999999997,17.2529999999997,3157.4145,11.112999999999829,,,,,,,0.009247787950759163,0.008578191255383885,,3342.19,3045.58,0.9567782610161486,88.89375205164671,37.608609025744045,22.965320731161448,14.643288294582597,3157.4145,3280.134442783731,3034.6945572162685,1.2006012881827866,28855.994810000004,2.1544143949754195,1614.789584193296,84.17000000000007,12.820000000000164,11.980000000000018,108.97000000000025,0.7724144259888032,0.5397988825418809,0.4602011174581191,5.190599516206553,0,0,7,3,False,False,-1,-1,low_vol,bear_stable
2024-07-15 04:00:00,3329.37,3369.42,3320.78,3355.95,52045.5258,1721030399999,174033807.459409,272517.0,27048.3833,90447980.082151,0,0.0079834923724309,0.00795179290042677,3262.3559999999998,30.621999999999844,3222.245,20.108000000000175,3170.2335,12.81899999999996,,,,,,,0.009025456224518865,0.008515565619300152,,3369.42,3045.58,0.9584053853754934,89.23914195851142,47.00200067412743,27.772656719754643,19.229343954372787,3170.2335,3318.429457793443,3022.0375422065567,1.1265909771265603,32184.240630000004,1.6171121263456698,415.50505824345566,26.579999999999927,13.470000000000255,8.58999999999969,48.63999999999987,0.5464638157894737,0.5197062165140044,0.48029378348599566,5.236127329123842,4,0,7,3,False,False,-1,-1,low_vol,bear_stable
2024-07-15 08:00:00,3355.96,3373.0,3328.0,3339.68,35902.2987,1721044799999,120253694.052165,191169.0,16539.9164,55408951.549447,0,-0.004848105603480368,-0.0048598957895985865,3292.196,29.840000000000146,3239.838,17.593000000000302,3182.9305,12.697000000000116,,,,,,,0.009651600914775137,0.008536213657608229,,3373.0,3045.58,0.8982346832814118,88.20118756549068,52.52796848213029,32.72371907222978,19.804249409900514,3182.9305,3343.631849481774,3022.2291505182257,0.9877043674663647,34600.823240000005,1.0376140027355023,-174.05813550529595,16.2800000000002,17.039999999999964,11.679999999999836,45.0,0.36177777777778225,0.46069240686251656,0.5393075931374834,5.324700838723733,8,0,7,3,False,False,-1,-1,low_vol,bear_stable
2024-07-15 12:00:00,3339.68,3393.69,3333.33,3367.83,41384.83,1721059199999,139135187.31504,238357.0,21251.2973,71463415.302192,0,0.008428951276769014,0.00839362603132998,3327.582,35.38599999999997,3259.028,19.1899999999996,3197.707,14.776499999999942,,,,,,,0.009674907131472673,0.008354628232734298,,3393.69,3045.58,0.9257131366522073,88.55613523951482,58.504405158119425,37.87985628940771,20.624548868711713,3197.707,3369.5393578497683,3025.8746421502315,0.995026088592514,35693.11967,1.1594623945069131,348.8307156673686,28.15000000000009,25.860000000000127,6.349999999999909,60.36000000000013,0.4663684559310807,0.513504520859455,0.48649547914054503,5.759525893908468,12,0,7,3,False,False,-1,-1,low_vol,bear_stable
2024-07-15 16:00:00,3367.82,3431.92,3358.21,3406.0,64769.2902,1721073599999,219903647.147692,322838.0,31958.7741,108533922.654309,0,0.011333707461481213,0.011269962193707423,3359.7660000000005,32.18400000000065,3282.353,23.325000000000273,3214.507,16.800000000000182,,,,,,,0.00947794169815706,0.008381605795137899,,3431.92,3057.58,0.9307581343163966,89.3344278858297,65.56498198223517,43.41688142797321,22.14810055426196,3214.507,3399.0019305936,3030.0120694064003,1.0189654788450946,39851.11256,1.6252818563718412,734.0761876145821,38.179999999999836,25.920000000000073,9.610000000000127,73.71000000000004,0.5179758513091821,0.4934248005700701,0.5065751994299299,4.984430105735511,16,0,7,3,False,False,-1,-1,low_vol,bear_stable
2024-07-15 20:00:00,3406.0,3493.63,3403.21,3483.39,58027.1299,1721087999999,200406309.888686,269707.0,31403.7216,108451944.078741,0,0.022721667645331678,0.022467375312475883,3390.5699999999997,30.803999999999178,3311.1519999999996,28.798999999999523,3232.1095,17.602499999999964,,,,,,,0.01067910638152246,0.008653350927422728,,3493.63,3090.0,0.9746302306567891,91.88810118835111,76.52315491301215,50.038136124981,26.485018788031148,3232.1095,3447.744015299433,3016.474984700567,1.0826537084081094,42503.43535,1.3652338786775267,1318.4731600002883,77.38999999999987,10.240000000000236,2.7899999999999636,90.42000000000007,0.8558947135589451,0.5411903303526994,0.4588096696473006,4.647946580587298,20,0,7,3,False,False,-1,-1,low_vol,bear_stable
2024-07-16 00:00:00,3483.2,3498.59,3453.96,3469.51,43190.2791,1721102399999,149921644.586307,210384.0,21797.5667,75671919.071721,0,-0.003984624173577922,-0.0039925839399679855,3413.282,22.712000000000444,3337.8190000000004,26.667000000000826,3249.78,17.670500000000175,,,,,,,0.011269067663315561,0.008600467657805864,,3498.59,3090.0,0.9288284098974524,88.49524097295672,83.12932282273277,56.656373464531356,26.47294935820142,3249.78,3482.6217225227665,3016.938277477234,0.9718441300366942,43880.87012,0.9842621393306136,-172.0970301654373,13.6899999999996,15.390000000000327,15.550000000000182,44.63000000000011,0.306744342370593,0.5046868683004181,0.4953131316995819,4.871096098103242,0,1,7,3,False,False,-1,-1,low_vol,bear_stable
2024-07-16 04:00:00,3469.51,3478.52,3372.2,3376.8,85385.3345,1721116799999,291740725.97297,377141.0,41881.8192,143057299.946977,0,-0.026721352582929625,-0.027084858126852514,3420.7059999999997,7.423999999999523,3356.451,18.631999999999607,3261.926,12.14599999999973,,,,,,,0.015490263077729662,0.011205852598922802,,3498.59,3113.37,0.6838429988058775,71.02602214918255,79.96208317567334,61.31751540675975,18.64456776891359,3261.926,3494.655020595561,3029.196979404439,0.7467977558321562,49948.47303,1.7094683645026734,-2281.611628585885,92.71000000000004,9.009999999999764,4.600000000000364,106.32000000000016,0.8719902182091789,0.4905036613752447,0.5094963386247553,4.416929466968359,4,1,7,3,False,False,-1,-1,low_vol,bear_stable
2024-07-16 08:00:00,3376.8,3425.0,3346.55,3419.79,52731.1967,1721131199999,178683865.810232,279825.0,27478.1758,93123344.576469,0,0.012730987917555003,0.012650630194317216,3431.0980000000004,10.392000000000735,3379.34,22.889000000000124,3276.8685000000005,14.942500000000564,,,,,,,0.015490388288671676,0.011212189666536126,,3498.59,3113.37,0.7954415658584701,73.86952152740204,79.99878051002088,65.05376842741198,14.945012082608898,3276.8685000000005,3509.8589945226213,3043.8780054773797,0.8067110104488048,53704.39279,0.9818786501542717,671.3202280659162,42.98999999999978,5.210000000000036,30.25,78.44999999999982,0.5479923518164421,0.5210990366164021,0.47890096338359794,5.306630941679349,8,1,7,3,False,False,-1,-1,low_vol,bear_stable
2024-07-16 12:00:00,3419.78,3484.73,3375.6,3476.25,72924.2562,1721145599999,249965843.820899,370958.0,39643.4184,136024110.982796,0,0.016509785688594958,0.01637498088556836,3445.148,14.049999999999727,3402.457,23.116999999999734,3293.6705,16.80199999999968,,,,,,,0.015457641994723036,0.011520456001934505,,3498.59,3128.99,0.9395562770562768,75.47207458869198,83.6197965923725,68.7669740604041,14.8528225319684,3293.6705,3533.5314258870003,3053.809574113,0.8805945035124523,56852.791170000004,1.2826855937810238,1203.9638413621922,56.4699999999998,8.480000000000018,44.18000000000029,109.13000000000011,0.5174562448455946,0.5436245834482711,0.4563754165517289,5.086894530437459,12,1,7,3,False,False,-1,-1,low_vol,bear_stable
2024-07-16 16:00:00,3476.21,3494.38,3441.61,3474.4,75353.5961,1721159999999,261013428.784129,258858.0,37843.7256,131073092.792223,0,-0.0005321826681049524,-0.0005323243275624363,3443.35,-1.7980000000002292,3416.96,14.503000000000156,3309.5485,15.877999999999702,,,,,,,0.014053730497751908,0.011590313336879843,,3498.59,3140.94,0.9323640430588563,74.88180318856517,85.35626450199425,72.08483214872213,13.271432353272118,3309.5485,3553.2831925417504,3065.8138074582494,0.8381781606074851,58171.373719999996,1.2953724707053385,-40.10187782380093,1.8099999999999454,18.170000000000073,32.789999999999964,52.76999999999998,0.03429979154822714,0.5022152565854784,0.49778474341452167,3.4352441475583406,16,1,7,3,False,False,-1,-1,low_vol,bear_stable
2024-07-16 20:00:00,3474.4,3475.0,3414.31,3444.13,46544.1243,1721174399999,160087040.963229,139391.0,25303.1766,87011472.340969,0,-0.008712295648169444,-0.008750469579343941,3438.2740000000003,-5.075999999999567,3425.778,8.817999999999756,3324.0114999999996,14.462999999999738,,,,,,,0.014558391644208812,0.01192820471213124,,3498.59,3144.26,0.8463014703807185,72.50226220258693,83.32932324027934,74.33373036703358,8.995592873245755,3324.0114999999996,3563.389873052504,3084.6331269474954,0.7508967256905331,57621.233570000004,0.8077599422347805,-405.50617158674766,30.269999999999982,0.599999999999909,29.820000000000164,60.690000000000055,0.498764211566979,0.543638471677079,0.45636152832292093,2.9948141058913422,20,1,7,3,False,False,-1,-1,low_vol,bear_stable
2024-07-17 00:00:00,3444.14,3517.0,3441.86,3480.25,63187.5187,1721188799999,220042169.634861,204746.0,37812.7389,131664349.133386,0,0.010487409011854965,0.010432797627408487,3458.964,20.6899999999996,3439.835,14.057000000000244,3339.8365,15.825000000000273,,,,,,,0.01448331705770785,0.011995584042973824,,3517.0,3144.26,0.9014058056554166,74.14026130049561,83.67300945129773,76.2015861838864,7.471423267411325,3339.8365,3576.4363772322513,3103.2366227677485,0.79673197983566,60349.75557,1.0470219490236123,662.6733530511341,36.11000000000013,36.75,2.2799999999997453,75.13999999999987,0.48056960340697613,0.5984210122180347,0.40157898778196527,3.2402918204794138,0,2,7,3,False,False,-1,-1,low_vol,bear_stable
2024-07-17 04:00:00,3480.25,3514.54,3471.99,3486.22,44337.3766,1721203199999,154903956.727025,187267.0,25714.0693,89848584.226174,0,0.0017153940090510744,0.0017139244011456346,3472.25,13.286000000000058,3451.674,11.838999999999942,3355.351,15.514500000000226,,,,,,,0.014422329033168414,0.01201440273349202,,3517.0,3163.67,0.9128859706223638,71.8780620577028,83.46498002173848,77.65426495145682,5.81071507028166,3355.351,3587.3452958373186,3123.3567041626816,0.7820521934120506,60645.01023,0.7310968607614662,76.0560701966813,5.9699999999998,28.320000000000164,8.260000000000218,42.55000000000018,0.14030552291421328,0.5799637071896581,0.42003629281034194,4.223682462980906,4,2,7,3,False,False,-1,-1,low_vol,bear_stable
2024-07-17 08:00:00,3486.23,3500.0,3440.96,3449.03,56767.5254,1721217599999,197169123.159845,235249.0,32435.2329,112700586.149137,0,-0.010667714602061729,-0.010725022597426552,3466.8059999999996,-5.444000000000415,3455.977,4.302999999999884,3369.165,13.81399999999985,,,,,,,0.01477759798985744,0.0124442766077625,,3517.0,3171.22,0.8034299265428893,61.871031746031804,79.38410249120898,78.00023245940726,1.3838700318017203,3369.165,3587.9018166734204,3150.4281833265795,0.6825595736799094,59844.833750000005,0.9485785462642378,-605.5797596324901,37.19999999999982,13.769999999999982,8.070000000000164,59.039999999999964,0.6300813008130054,0.571369505213627,0.42863049478637305,4.144077064173032,8,2,7,3,False,False,-1,-1,low_vol,bear_stable
2024-07-17 12:00:00,3449.03,3475.5,3432.49,3437.17,52698.6235,1721231999999,182144370.294601,269291.0,31590.6527,109196021.373649,0,-0.0034386479676895565,-0.0034445737058638962,3459.3599999999997,-7.445999999999913,3451.3550000000005,-4.621999999999389,3381.2535000000003,12.088500000000295,,,,,,,0.012751425534830831,0.012539753286978947,,3517.0,3173.68,0.7674764068507518,58.29995094833229,74.33607476795987,77.26740092111778,-2.9313261531579116,3381.2535000000003,3585.819944876657,3176.6870551233437,0.6366707527075487,59311.98311000001,0.8884987609041015,-181.2120145983121,11.860000000000127,26.4699999999998,4.680000000000291,43.01000000000022,0.27574982562194994,0.5994587828276008,0.40054121717239927,5.110019619392905,12,2,7,3,False,False,-1,-1,low_vol,bear_stable
2024-07-18 08:00:00,3433.0,3461.01,3431.34,3458.83,36230.4199,1721303999999,124887616.318859,149215.0,19807.5139,68291860.957905,0,0.007524031459364977,0.007495867119359615,3425.4139999999998,4.33199999999988,3442.387,-1.5570000000002437,3429.6735,6.472999999999956,,,,,,,0.008510912886805918,0.01157053399316906,,3517.0,3320.78,0.703547039037814,48.77892618677395,51.750924565390505,62.9983005119178,-11.247375946527292,3429.6735,3519.9325583353216,3339.414441664678,0.6615156447327462,44819.24251,0.8083675196410632,272.59881911360293,25.829999999999927,2.180000000000291,1.6599999999998545,29.670000000000073,0.8705763397371036,0.5467094765854481,0.45329052341455195,4.118500431732507,8,3,7,3,False,False,-1,-1,low_vol,bear_stable
2024-07-28 08:00:00,3227.69,3265.72,3215.87,3256.46,18512.5133,1722167999999,60072611.729146,107296.0,9842.3504,31954240.640568,0,0.008913495410030059,0.008874004703156146,3246.3720000000003,-4.902000000000044,3258.316,-1.7730000000001382,3231.621,4.407999999999902,3370.5798,-4.7710000000001855,3347.0436,1.49350000000004,,,0.005827167810285982,0.007600477560790328,0.011070641281919877,3327.59,3087.53,0.7036990752311917,55.21074571560909,-28.402905184522297,-36.20452519290444,7.8016200083821445,3231.621,3326.701399419067,3136.540600580933,0.6306210331033741,31060.565929999993,0.5960133933721923,165.01120232767042,28.769999999999982,9.259999999999764,11.820000000000164,49.84999999999991,0.5771313941825483,0.5316593290442092,0.46834067095579074,5.795863493046079,8,6,7,3,False,False,-1,-1,low_vol,bear_stable
2024-07-28 12:00:00,3256.46,3279.93,3254.31,3268.61,20423.3467,1722182399999,66749949.488304,139600.0,11422.2757,37338221.23362,0,0.003731045368283281,0.003724102283131389,3247.894,1.5219999999994798,3257.716,-0.599999999999909,3236.4595,4.83849999999984,3366.2039999999997,-4.375800000000254,3348.7339999999995,1.6903999999994994,,,0.005981551431464831,0.007617802912658698,0.01109316257128411,3327.59,3087.53,0.7543114221444638,54.59383315072785,-25.1335553558024,-33.990331225484034,8.856775869681634,3236.4595,3328.532168891735,3144.3868311082647,0.6745930708156442,31197.920200000004,0.654638083855346,76.20043310987863,12.150000000000091,11.319999999999709,2.150000000000091,25.61999999999989,0.4742388758782257,0.5592754149348109,0.4407245850651891,6.835314605906387,12,6,7,3,False,False,-1,-1,low_vol,bear_stable
2024-07-28 16:00:00,3268.61,3284.3,3262.2,3271.85,12981.7418,1722196799999,42489774.682818,91143.0,6887.8247,22548413.458972,0,0.0009912470438504517,0.0009907560829150784,3252.462,4.568000000000211,3260.401,2.6849999999999454,3241.427,4.9675000000002,3361.9447999999998,-4.259199999999964,3350.5951,1.8611000000005333,,,0.005104680389935005,0.007612654751714259,0.011097438926945712,3327.59,3087.53,0.767808047988002,56.549771976725864,-22.02721511557047,-31.597708003501324,9.570492887930854,3241.427,3329.608256416331,3153.245743583669,0.6725026453261415,30155.74215,0.43048987935453614,12.868113183279842,3.2399999999997817,12.450000000000273,6.410000000000309,22.100000000000364,0.14660633484161667,0.5305778535820209,0.46942214641797914,7.020860636744447,16,6,7,3,False,False,-1,-1,low_vol,bear_stable
2024-07-28 20:00:00,3271.85,3273.78,3251.08,3270.16,10560.7928,1722211199999,34454210.023804,87084.0,4658.1344,15196316.452357,0,-0.0005165273469138754,-0.0005166607931183181,3258.954,6.492000000000189,3260.186,-0.21499999999969077,3247.821,6.393999999999778,3357.2736,-4.6711999999997715,3352.5737,1.9785999999999149,,,0.004357809260917135,0.007175521426640799,0.011056778427401694,3327.59,3087.53,0.7607681412980075,54.10743353228428,-19.477265182448264,-29.173619439290714,9.69635425684245,3247.821,3323.3729749716044,3172.2690250283954,0.6478386237315162,29542.264869999995,0.35748081084752664,-5.454938286291156,1.6900000000000546,1.930000000000291,19.079999999999927,22.700000000000273,0.07444933920704996,0.4410780978488661,0.5589219021511339,8.245971836508335,20,6,7,3,False,False,-1,-1,low_vol,bear_stable
2024-07-29 00:00:00,3270.16,3356.7,3267.17,3348.98,56328.9402,1722225599999,186792860.410778,280384.0,31546.7297,104613030.240682,0,0.024102796193458564,0.023816908486561997,3283.2120000000004,24.258000000000266,3267.243,7.056999999999789,3259.076,11.25500000000011,3353.9642000000003,-3.3093999999996413,3355.3635,2.789800000000014,,,0.008828440065868621,0.008457243159393746,0.011613278006030877,3356.7,3087.53,0.9713192406285998,65.32896085263374,-10.969842697153581,-25.53286409086329,14.563021393709707,3259.076,3323.069010605224,3195.082989394776,1.2024517142553455,33326.7078,1.6902041611202894,1357.684965434115,78.82000000000016,7.7199999999998,2.9899999999997817,89.52999999999975,0.8803752931978152,0.560044793812755,0.4399552061872451,4.977618946929877,0,0,7,3,False,False,-1,-1,low_vol,bear_stable
2024-07-29 04:00:00,3348.98,3389.0,3339.86,3366.91,47550.5766,1722239999999,159900384.893549,209299.0,23610.9034,79404272.958929,0,0.005353868939199424,0.0053395879326383995,3305.3020000000006,22.090000000000146,3275.837,8.594000000000051,3268.6475,9.571500000000015,3350.9524000000006,-3.0117999999997664,3357.7192,2.35570000000007,,,0.008867034330299567,0.007904467192622708,0.011644479935139992,3389.0,3171.0,0.8986697247706416,67.6508835003442,-2.7491573574257018,-20.976122744175775,18.226965386750074,3268.6475,3337.103184897174,3200.1918151028262,1.2177088370936495,32334.482499999995,1.4705841233117,254.57955509976296,17.929999999999836,22.090000000000146,9.11999999999989,49.13999999999987,0.3648758648758625,0.4965429462321178,0.5034570537678822,4.4016080343387465,4,0,7,3,False,False,-1,-1,low_vol,bear_stable
2024-07-29 08:00:00,3366.9,3396.77,3361.82,3375.0,33297.2724,1722254399999,112613706.024184,154441.0,16217.2748,54856518.355232,0,0.002402796629550563,0.0023999145295392956,3326.5800000000004,21.277999999999793,3287.237,11.400000000000091,3275.5870000000004,6.9395000000004075,3348.2430000000004,-2.709400000000187,3360.3082,2.588999999999942,,,0.008330574178923638,0.006928895474874611,0.011651926447157977,3396.77,3191.01,0.8941971228615863,77.09010585979833,4.368236083756528,-15.907250978589317,20.275487062345846,3275.5870000000004,3357.0924256121316,3194.0815743878693,1.1098551062912496,31223.113779999996,1.066430229688642,80.006573895947,8.099999999999909,21.769999999999982,5.079999999999927,34.94999999999982,0.23175965665235912,0.48704514307304037,0.5129548569269596,4.638247786326185,8,0,7,3,False,False,-1,-1,low_vol,bear_stable
2024-07-29 12:00:00,3375.01,3386.8,3290.0,3308.67,69835.2343,1722268799999,233148998.97496,370348.0,33503.2787,111929200.237053,0,-0.0196533333333333,-0.01984902837269298,3333.9440000000004,7.364000000000033,3293.203,5.9659999999998945,3278.4705000000004,2.8834999999999127,3344.7162,-3.5268000000005486,3362.0561,1.747899999999845,,,0.010968472001668643,0.008432809651003676,0.011922654352610926,3396.77,3191.01,0.5718312597200622,56.51706337826215,4.603478966919283,-11.805104989487598,16.40858395640688,3278.4705000000004,3360.3928782742505,3196.54812172575,0.6843177690648907,31054.18564,2.2488187296094235,-1372.495138109331,66.34000000000015,11.789999999999964,18.670000000000073,96.80000000000018,0.6853305785123969,0.47974749473991535,0.5202525052600847,5.303168289076679,12,0,7,3,False,False,-1,-1,low_vol,bear_stable
2024-07-29 16:00:00,3308.66,3324.19,3258.0,3311.02,68829.5419,1722283199999,226646248.252668,317164.0,32515.2026,107106948.863335,0,0.0007102551780624466,0.0007100030662222281,3342.1160000000004,8.172000000000025,3300.535,7.33199999999988,3281.6785000000004,3.2080000000000837,3340.9608000000003,-3.755399999999554,3363.9569,1.9008000000003449,,,0.01082012905482537,0.008417388031197874,0.011904138255482092,3396.77,3191.01,0.5832523328149295,55.924566694524216,4.922789157807983,-8.459526160028481,13.382315317836465,3281.6785000000004,3363.413607776047,3199.943392223954,0.6794914131660232,36089.1774,1.9072072809284923,48.88653853814113,2.3600000000001273,13.170000000000073,50.659999999999854,66.19000000000005,0.03565493276930239,0.4724018452315168,0.5275981547684832,4.607963255963498,16,0,7,3,False,False,-1,-1,low_vol,bear_stable
2024-07-29 20:00:00,3311.03,3353.38,3309.23,3317.66,42629.9401,1722297599999,141913981.521959,153262.0,22293.1815,74207959.870471,0,0.002005424310333348,0.0020034161313868225,3335.8520000000003,-6.264000000000124,3309.532,8.997000000000298,3284.8104999999996,3.1319999999991524,3337.315,-3.6458000000002357,3365.7314,1.774499999999989,,,0.010657038093336976,0.008413388045684745,0.011910404413161465,3396.77,3191.01,0.6155229393468108,56.56844140499124,5.646547408131028,-5.63831144639658,11.284858854527608,3284.8104999999996,3367.043527677792,3202.577472322207,0.6997342243600223,38094.99001,1.1190432151001894,85.49111822459443,6.629999999999654,35.720000000000255,1.800000000000182,44.15000000000009,0.15016987542468044,0.5229465827938145,0.4770534172061856,3.595172773888087,20,0,7,3,False,False,-1,-1,low_vol,bear_stable
2024-07-30 00:00:00,3317.66,3337.94,3282.3,3321.0,41748.5862,1722311999999,138250924.515304,239968.0,20889.7061,69194342.40456,0,0.0010067336616772504,0.001006227245200317,3326.6699999999996,-9.182000000000698,3315.986,6.4539999999997235,3287.1510000000003,2.340500000000702,3333.9206,-3.3944000000001324,3367.373,1.6415999999999258,,,0.010444596592399718,0.00833411723976584,0.011911323943684273,3396.77,3191.01,0.6317554432348363,61.42160968552502,6.415685098177164,-3.227512137481831,9.643197235658995,3287.1510000000003,3370.764286000452,3203.5377139995485,0.7024140039168942,40418.5973,1.032905370023813,42.029707054974324,3.3400000000001455,16.940000000000055,35.35999999999967,55.63999999999987,0.060028756290441285,0.50036918615462,0.49963081384538,5.747931171858462,0,1,7,3,False,False,-1,-1,low_vol,bear_stable
2024-07-30 04:00:00,3321.0,3353.41,3298.12,3340.9,26383.0201,1722326399999,87743460.921915,132183.0,12027.2766,40008468.369018,0,0.005992171032821458,0.005974289373728099,3319.85,-6.819999999999709,3323.215,7.229000000000269,3290.4655,3.314499999999498,3330.0202000000004,-3.900399999999536,3369.2333000000003,1.8603000000002794,,,0.010510181769877888,0.008414117651186033,0.011785921750161774,3396.77,3191.01,0.7284700622083984,66.98081827253573,8.532637019459344,-0.8754823060935966,9.40811932555294,3290.4655,3377.183521796016,3203.7474782039835,0.7907959554164853,41014.564640000004,0.6432597866531932,158.0915688015663,19.90000000000009,12.509999999999764,22.88000000000011,55.289999999999964,0.3599204196057172,0.4558718658596632,0.5441281341403368,5.010154239316976,4,1,7,3,False,False,-1,-1,low_vol,bear_stable
2024-07-30 08:00:00,3340.9,3355.5,3327.09,3334.65,22941.9785,1722340799999,76598965.217919,131452.0,9871.7931,32964827.88582,0,-0.0018707533898051354,-0.0018725054343643895,3325.046,5.195999999999913,3329.495,6.279999999999745,3294.9480000000003,4.4825000000005275,3326.3666000000003,-3.6536000000000968,3370.9422999999997,1.708999999999378,,,0.010586639786983331,0.008109299064727606,0.011771059233464323,3396.77,3191.01,0.6980948678071541,68.25731610862121,9.595404057279211,1.2186949665809648,8.376709090698245,3294.9480000000003,3381.0365406152696,3208.859459384731,0.7305881811693643,42010.58831,0.5460999101157316,-42.91878404771154,6.25,14.599999999999909,7.559999999999945,28.409999999999854,0.21999296022527393,0.43029388681538516,0.5697061131846148,5.729758660527033,8,1,7,3,False,False,-1,-1,low_vol,bear_stable
2024-07-30 12:00:00,3334.66,3366.4,3291.6,3321.0,40077.5343,1722355199999,133381737.833928,257969.0,17994.983,59922378.164425,0,-0.004093383113670135,-0.004101783939363717,3327.042,1.9960000000000946,3334.579,5.084000000000287,3297.3824999999997,2.434499999999389,3323.2088,-3.1578000000004067,3372.393,1.4507000000003245,,,0.01073869289894653,0.008021188326647024,0.011692797175022864,3396.77,3191.01,0.6317554432348363,67.334200260078,9.229818072012222,2.820919587667216,6.408898484345006,3297.3824999999997,3383.529335204743,3211.2356647952565,0.6370770031416078,44962.26246,0.8913593780040401,-164.05270214115563,13.659999999999854,31.740000000000236,29.40000000000009,74.80000000000018,0.18262032085561258,0.4490042442556153,0.5509957557443846,6.436748280694504,12,1,7,3,False,False,-1,-1,low_vol,bear_stable
2024-07-30 16:00:00,3321.0,3327.42,3260.0,3272.79,37527.1304,1722369599999,123366490.90982,231726.0,17292.055,56855880.531755,0,-0.014516711833785001,-0.014623110253881598,3318.068,-8.973999999999705,3326.96,-7.619000000000142,3297.1014999999998,-0.28099999999994907,3318.6584000000003,-4.550399999999627,3373.3934000000004,1.0004000000003543,,,0.008444368593699998,0.008710231483545335,0.011804565192911202,3396.77,3191.01,0.3974533437013989,52.8292733635954,4.992395228033274,3.255214715740428,1.7371805122928463,3297.1014999999998,3383.5450597491736,3210.657940250826,0.3593793449127819,43082.08148,0.8710612187440671,-544.7705379656729,48.210000000000036,6.420000000000073,12.789999999999964,67.42000000000007,0.7150697122515571,0.460788096923073,0.539211903076927,6.174892605164396,16,1,7,3,False,False,-1,-1,low_vol,bear_stable
2024-07-30 20:00:00,3272.79,3285.23,3233.18,3279.21,28598.9146,1722383999999,93361648.397621,189941.0,12930.7704,42243959.862239,0,0.0019616290687762827,0.0019597075868873614,3309.71,-8.358000000000175,3318.19,-8.769999999999982,3297.0135,-0.08799999999973807,3315.0996,-3.5588000000002467,3374.2315,0.8380999999994856,,,0.008167850085145268,0.008720154114859704,0.011703992164349579,3396.77,3191.01,0.4286547433903573,51.8737184472884,2.127720404653701,3.029715853523083,-0.901995448869382,3297.0135,3383.529757620376,3210.497242379624,0.39710893368666156,41186.91528,0.6943689374544487,56.100462214810435,6.420000000000073,6.019999999999982,39.61000000000013,52.05000000000018,0.12334293948126898,0.45214199842395414,0.5478580015760458,6.641545759921952,20,1,7,3,False,False,-1,-1,low_vol,bear_stable
2024-07-31 00:00:00,3279.2,3304.89,3262.04,3294.01,19396.1899,1722398399999,63730475.418501,153233.0,10272.7368,33761322.245442,0,0.004513282162472043,0.004503127845933242,3300.332,-9.378000000000156,3310.0910000000003,-8.098999999999705,3298.6639999999998,1.650499999999738,3311.0170000000003,-4.082599999999729,3375.1432,0.9117000000001099,,,0.00833715017297851,0.008652015129885027,0.011584987397434729,3396.77,3191.01,0.5005832037325044,53.76333129542835,1.0396963076509564,2.6317119443486576,-1.5920156366977012,3298.6639999999998,3383.531220477535,3213.7967795224645,0.47258069738933256,39796.80703,0.4873805550625854,87.54047789559041,14.8100000000004,10.879999999999654,17.159999999999854,42.84999999999991,0.34562427071179536,0.5296265324768757,0.4703734675231242,7.90015981437674,0,2,7,3,False,False,-1,-1,low_vol,bear_stable
2024-07-31 04:00:00,3294.01,3332.04,3262.49,3317.5,41437.6447,1722412799999,136946244.203908,195766.0,23204.0587,76761828.629744,0,0.007131125892149592,0.007105819650676992,3296.9019999999996,-3.430000000000291,3310.9739999999997,0.8829999999993561,3302.0885000000003,3.424500000000535,3308.5750000000007,-2.4419999999995525,3376.4133999999995,1.2701999999994769,,,0.0062066315016919915,0.008712144642004841,0.011419627232836719,3396.77,3198.11,0.6009765428370077,57.485295047751585,2.049253538686571,2.51522026321624,-0.46596672452966903,3302.0885000000003,3383.9951804743023,3220.1818195256983,0.5940796276369363,36957.048070000004,1.1212379468596447,295.4970610298653,23.48999999999978,14.539999999999964,31.520000000000437,69.55000000000018,0.33774263120057113,0.5599753284240115,0.4400246715759884,4.724351526668697,4,2,7,3,False,False,-1,-1,low_vol,bear_stable
2024-08-02 00:00:00,3203.4,3218.6,3136.41,3168.27,34860.9621,1722571199999,110678968.215078,231325.0,16360.5168,51938041.172887,0,-0.010966473122307585,-0.0110270481587895,3161.776,0.2920000000003711,3195.52,-15.460000000000036,3253.8395,-7.137499999999818,3254.6904,-3.894600000000082,3359.3511,-2.5151999999998225,,,0.013139303585646769,0.010335209844630476,0.011780284782521475,3366.4,3080.02,0.30815699420350573,37.56543256876368,-37.87282661561676,-26.445738064636096,-11.427088550980663,3253.8395,3400.838370668788,3106.8406293312123,0.20894504287450613,50904.44655,0.6848313745196783,-382.3018038874334,35.13000000000011,15.199999999999818,31.860000000000127,82.19000000000005,0.4274242608589863,0.4693076672143825,0.5306923327856176,6.635645893433332,0,4,8,3,False,False,-1,-1,low_vol,bear_stable
2024-08-02 04:00:00,3168.28,3175.52,3127.0,3147.42,29937.757,1722585599999,94340395.485977,224398.0,15623.8172,49248268.787955,0,-0.006580878523610667,-0.006602627977538352,3153.582,-8.19399999999996,3180.0260000000003,-15.493999999999687,3245.3275,-8.512000000000171,3250.9226,-3.7678000000000793,3356.0627999999997,-3.288300000000163,,,0.013145108460508089,0.010331832092975324,0.011764053668509173,3366.4,3080.02,0.23535163070046813,34.841618550297895,-39.590602832680815,-29.074711018245043,-10.515891814435772,3245.3275,3396.424641130794,3094.2303588692057,0.17601140806744928,48577.39671,0.6162898596383017,-197.01674208637493,20.860000000000127,7.239999999999782,20.420000000000073,48.51999999999998,0.4299258037922534,0.5218766790043756,0.4781233209956244,7.495484715170879,4,4,8,3,False,False,-1,-1,low_vol,bear_stable
2024-08-02 08:00:00,3147.41,3166.95,3134.26,3153.73,29653.6551,1722599999999,93507988.588726,175941.0,14361.8922,45293747.216168,0,0.002004816643472962,0.0020028096805334607,3160.892,7.309999999999945,3168.7799999999997,-11.24600000000055,3236.964,-8.36349999999993,3250.6312,-0.29140000000006694,3352.8561000000004,-3.206699999999273,,,0.013100612178678516,0.010352456241660753,0.009393131821799267,3366.4,3080.02,0.25738529226901324,33.54370982121905,-39.98190211576275,-31.256149237748588,-8.725752878014163,3236.964,3388.939729281128,3084.9882707188717,0.22616022178767853,46385.61810000001,0.6392855439820041,59.45014128428688,6.320000000000164,13.2199999999998,13.149999999999636,32.6899999999996,0.19333129397369964,0.4843211452877524,0.5156788547122476,5.93319775948969,8,4,8,3,False,False,-1,-1,low_vol,bear_stable
2024-08-02 12:00:00,3153.73,3182.8,2985.13,3038.99,173912.4137,1722614399999,533957421.865251,666454.0,76622.744,235636369.904367,0,-0.036382315543816435,-0.03706065592312615,3142.362,-18.529999999999745,3149.4049999999997,-19.375,3221.8684999999996,-15.095500000000357,3247.9741999999997,-2.657000000000153,3348.8047,-4.051400000000285,,,0.01672076507810302,0.012607202695040782,0.010703748045173968,3366.4,2985.13,0.14126472053924954,23.08926121321042,-48.985889849052,-34.80209736000927,-14.18379248904273,3221.8684999999996,3389.5414184768097,3054.1955815231895,-0.04534298580033579,59165.039840000005,2.9394455605930676,-6327.3363122201445,114.74000000000024,29.070000000000164,53.85999999999967,197.67000000000007,0.5804623868062943,0.4405823734479053,0.5594176265520947,3.8321243769845967,12,4,8,3,False,False,-1,-1,low_vol,bear_stable
2024-08-02 16:00:00,3039.0,3048.59,2995.0,3011.64,55041.9854,1722628799999,166439148.807223,394438.0,25829.9588,78139513.61368,0,-0.008999700558409152,-0.009040442491154502,3104.0099999999998,-38.35200000000032,3132.747,-16.6579999999999,3205.718,-16.150499999999738,3244.7569999999996,-3.217200000000048,3344.1186000000002,-4.686099999999897,,,0.016335256352366195,0.01262530134235743,0.010765101165576775,3366.4,2985.13,0.06953077871324721,21.153026230419883,-57.663818815599825,-39.374441651127384,-18.28937716447244,3205.718,3389.1370304768225,3022.298969523177,-0.029056334818333494,59330.18361999999,0.927723159471995,-495.3613867403283,27.360000000000127,9.590000000000146,16.639999999999873,53.590000000000146,0.5105430117559256,0.46927738184386064,0.5307226181561394,7.166129585143926,16,4,8,3,False,False,-1,-1,low_vol,bear_stable
2024-08-02 20:00:00,3011.64,3041.91,2967.0,2989.61,62297.2662,1722643199999,186671004.552588,412169.0,29043.9987,87071422.533919,0,-0.007314951322203056,-0.007341836769353129,3068.278,-35.73199999999997,3115.0269999999996,-17.720000000000255,3189.1485000000002,-16.569499999999607,3241.7036,-3.053399999999783,3339.1525,-4.966100000000097,,,0.016335716431962605,0.012633608199101797,0.010733794666630037,3350.0,2967.0,0.05903394255874707,21.09359114183782,-65.56300739263224,-44.61215479942836,-20.950852593203884,3189.1485000000002,3387.9469062495814,2990.350093750419,-0.0018614177155168302,60622.68516000001,1.0276230100263672,-455.70146975932573,22.029999999999745,30.269999999999982,22.610000000000127,74.90999999999985,0.2940862368175115,0.4662162639168908,0.5337837360831093,6.616165124754704,20,4,8,3,False,False,-1,-1,low_vol,bear_stable
2024-08-03 00:00:00,2989.61,3003.53,2913.56,2982.5,68097.7841,1722657599999,201228566.71543,403629.0,31790.7208,94007946.977325,0,-0.002378236626182084,-0.002381069122696276,3035.2940000000003,-32.98399999999947,3094.4379999999996,-20.588999999999942,3174.634,-14.514500000000226,3238.876,-2.82759999999962,3334.4872000000005,-4.665299999999661,,,0.0158083428260178,0.01245100071197426,0.010712532192254855,3350.0,2913.56,0.15795985702502072,22.291027719716382,-71.5718530596223,-50.00409445146715,-21.567758608155152,3174.634,3389.462263297882,2959.805736702118,0.05281954745967042,65088.477600000006,1.0462340895187876,-161.95264430845998,7.110000000000127,13.920000000000073,68.94000000000005,89.97000000000025,0.07902634211403921,0.4668392844224721,0.533160715577528,5.927197269844791,0,5,8,3,False,False,-1,-1,low_vol,bear_stable
2024-08-03 04:00:00,2982.49,2996.63,2961.04,2983.9,27043.971,1722671999999,80586262.030059,130991.0,13428.9677,40018111.611461,0,0.0004694048616933344,0.00046929472569547776,3001.3280000000004,-33.965999999999894,3081.1099999999997,-13.327999999999975,3159.8685,-14.765499999999975,3235.0444,-3.8315999999999804,3329.9544999999994,-4.532700000001114,,,0.014895200496931254,0.012414286636842827,0.010417295236925677,3350.0,2913.56,0.16116762899825895,24.07160421789692,-75.3523235615703,-55.073740273487786,-20.278583288082515,3159.8685,3384.7900241180455,2934.9469758819546,0.10882245332010447,60207.25678999999,0.44918125225881106,12.694571466893548,1.4100000000003092,12.730000000000018,21.449999999999818,35.590000000000146,0.039617870188263654,0.4965604977168478,0.5034395022831522,4.843630397325896,4,5,8,3,False,False,-1,-1,low_vol,bear_stable
2024-08-03 08:00:00,2983.81,3006.64,2974.5,2997.21,30768.4215,1722686399999,91928865.56242,142987.0,12345.596,36883523.887785,0,0.0044606052481650504,0.004450686234173957,2992.972,-8.356000000000222,3067.667,-13.442999999999756,3145.0285,-14.840000000000146,3230.2644,-4.7800000000002,3325.7587,-4.195799999999508,,,0.014883473877586978,0.012412249282198116,0.010033021575313094,3350.0,2913.56,0.19166437540097167,29.367377179984075,-76.3937483302011,-59.33774188483045,-17.056006445370656,3145.0285,3371.8418341736174,2918.2151658263824,0.17414063079984068,55892.83654999999,0.5504895331707763,137.24578242065436,13.400000000000091,9.429999999999836,9.309999999999945,32.13999999999987,0.41692594897324653,0.4012424231772826,0.5987575768227174,4.647199727161824,8,5,8,3,False,False,-1,-1,low_vol,bear_stable
2024-08-03 12:00:00,2997.2,3018.02,2938.88,2942.4,39003.7122,1722700799999,116558199.312312,234253.0,15900.2572,47562294.950958,0,-0.018287006916432258,-0.01845628108188392,2979.124,-13.848000000000411,3041.567,-26.09999999999991,3126.2735000000002,-18.754999999999654,3224.0924,-6.1720000000000255,3321.3122000000003,-4.44649999999956,,,0.011929324919067914,0.012445207716249601,0.010269501650266891,3350.0,2913.56,0.06608010264870347,26.723368945130204,-80.71140308248778,-63.612474124361924,-17.098928958125853,3126.2735000000002,3355.0631118616307,2897.48388813837,0.09816029560117237,55061.792830000006,0.7083625540567056,-713.2611547679332,54.79999999999973,20.820000000000164,3.519999999999982,79.13999999999987,0.6924437705332299,0.407660099594315,0.592339900405685,6.005915508729449,12,5,8,3,False,False,-1,-1,low_vol,bear_stable
2024-08-03 16:00:00,2942.4,2955.39,2878.0,2893.53,119955.4009,1722715199999,349666228.762657,573215.0,50107.9426,146090629.925123,0,-0.016608890701468204,-0.016748364823555604,2959.908,-19.215999999999894,3014.093,-27.47400000000016,3104.8064999999997,-21.467000000000553,3217.0258000000003,-7.066599999999653,3315.9334999999996,-5.378700000000663,,,0.0121948215878506,0.01253218137599083,0.010476090660400107,3350.0,2878.0,0.03290254237288178,21.054698236934115,-87.07285449145866,-68.30455019778127,-18.76830429367739,3104.8064999999997,3336.477760764508,2873.1352392354916,0.04401659639872152,63571.236710000005,1.8869445854453628,-1992.3261425989006,48.86999999999989,12.989999999999782,15.5300000000002,77.38999999999987,0.6314769350045222,0.41772143833500375,0.5822785616649963,4.778567665142954,16,5,8,3,False,False,-1,-1,low_vol,bear_stable
2024-08-19 00:00:00,2612.15,2647.42,2603.53,2644.41,39440.4953,1724039999999,103603207.887586,201875.0,21942.2006,57661589.123203,0,0.012349979901613573,0.012274341022188528,2649.2120000000004,7.270000000000437,2629.695,4.518000000000029,2612.7115000000003,4.74100000000044,2635.882,0.8279999999999745,2632.0194,-5.093199999999797,2992.43775,-4.14994999999999,0.010074536122801365,0.010160562771426719,0.014249761220630115,2689.16,2515.71,0.7420005765350243,55.50309420123765,3.189275231494321,-2.261154364752583,5.450429596246904,2612.7115000000003,2668.8225932930086,2556.600406706992,0.7824619708840116,26006.893069999987,1.5165400647375378,487.0893242646846,32.25999999999976,3.0100000000002183,8.61999999999989,43.88999999999987,0.7350193665983107,0.5563368419463028,0.4436631580536972,5.118470203390169,0,0,8,3,False,False,-1,-1,low_vol,bear_stable
2024-08-19 04:00:00,2644.41,2648.08,2612.0,2614.31,25322.1941,1724054399999,66540027.460733,128598.0,12669.4073,33292800.693709,0,-0.011382501200645878,-0.011447777679896735,2642.194,-7.018000000000484,2630.448,0.7529999999997017,2614.9325,2.220999999999549,2635.9698,0.08779999999978827,2627.7726000000002,-4.246799999999894,2988.28865,-4.1491000000000895,0.010876948944280455,0.010466892574933667,0.014342718480841087,2689.16,2550.04,0.46197527314548614,54.8916492882401,1.6846160932464045,-1.4720002731527857,3.15661636639919,2614.9325,2667.298374333837,2562.566625666163,0.4940562436136227,26547.437479999986,0.9538470189100908,-288.229904746238,30.09999999999991,3.6700000000000728,2.3099999999999454,36.07999999999993,0.8342572062084249,0.5003281804873299,0.4996718195126701,5.078469878721923,4,0,8,3,False,False,-1,-1,low_vol,bear_stable
2024-08-19 08:00:00,2614.31,2622.26,2565.84,2587.9,47327.1464,1724068799999,122489365.728178,220993.0,20891.1942,54078111.576189,0,-0.010102091947779668,-0.010153464350637525,2625.334,-16.860000000000127,2627.744,-2.7039999999997235,2615.3235,0.3910000000000764,2634.8002,-1.1695999999997184,2623.5352000000003,-4.23739999999998,2983.8269,-4.461749999999938,0.01129682355720987,0.010720317579674508,0.01427267788362691,2689.16,2550.04,0.2721391604370339,48.386964541914345,-1.6202264349335564,-1.50164550550894,-0.11858092942461651,2615.3235,2666.7011102270426,2563.9458897729573,0.23311818242603363,29715.79243999999,1.592659744664713,-478.10318455882947,26.409999999999854,7.950000000000273,22.059999999999945,56.42000000000007,0.46809641970931976,0.44142095581744184,0.5585790441825581,4.669476543804467,8,0,8,3,False,False,-1,-1,low_vol,bear_stable
2024-08-19 12:00:00,2587.91,2604.67,2563.58,2584.53,45893.9924,1724083199999,118541898.679958,243980.0,23034.4683,59513452.774309,0,-0.001302214150469494,-0.0013030627681176116,2608.6600000000003,-16.673999999999523,2624.746,-2.9980000000000473,2613.6775000000002,-1.6459999999997308,2632.935,-1.8652000000001863,2619.4844,-4.050800000000436,2979.31845,-4.5084499999998116,0.011293410840537211,0.010181326078243059,0.01416374698064004,2689.16,2550.04,0.2479154686601514,46.7654931027384,-4.4598583138786125,-2.0932880671828746,-2.366570246695738,2613.6775000000002,2666.846368562542,2560.5086314374585,0.22589693190749158,33205.788669999994,1.3821081877047316,-59.76380632481941,3.3799999999996544,16.76000000000022,20.950000000000273,41.090000000000146,0.08225845704550115,0.501905959700294,0.498094040299706,5.316164213248965,12,0,8,3,False,False,-1,-1,low_vol,bear_stable
2024-08-19 16:00:00,2584.54,2629.96,2574.28,2606.63,44403.0922,1724097599999,115445724.19575,230336.0,22961.3963,59709453.854236,0,0.008550877722448558,0.00851452604636737,2607.5559999999996,-1.104000000000724,2624.7490000000003,0.003000000000156433,2613.383,-0.29450000000042564,2632.0154,-0.9195999999997184,2615.7257,-3.7586999999998625,2975.10645,-4.211999999999989,0.011660896210699082,0.010376666955118928,0.014163862005842123,2689.16,2550.04,0.40677113283496397,51.401833750094745,-4.870853565885227,-2.648801166923345,-2.222052398961882,2613.383,2666.644032699534,2560.1219673004657,0.4366046839713383,35126.57790999999,1.2640881874052161,379.6854119008093,22.090000000000146,23.329999999999927,10.259999999999764,55.679999999999836,0.3967313218390842,0.5171125514542431,0.4828874485457569,5.187386476656236,16,0,8,3,False,False,-1,-1,low_vol,bear_stable
2024-08-19 20:00:00,2606.63,2641.15,2604.32,2636.36,22480.2132,1724111999999,58958048.491277,130251.0,11187.8608,29350879.943356,0,0.011405531279851777,0.011340978582795168,2605.946,-1.6099999999996726,2627.579,2.8299999999999272,2616.7524999999996,3.369499999999789,2632.4611999999997,0.44579999999950815,2612.2503,-3.4753999999998086,2971.1023999999998,-4.004050000000461,0.012204019954617434,0.009899725438215492,0.01410507120193905,2689.16,2563.58,0.5795508838987119,55.16915979309381,-2.765726158586858,-2.672186165256048,-0.09353999333081031,2616.7524999999996,2666.6003970153447,2566.9046029846545,0.6966732918939849,35609.07378999999,0.6313057546111481,256.3987748303368,29.730000000000018,4.789999999999964,2.3099999999999454,36.82999999999993,0.8072223730654379,0.4976759206180483,0.5023240793819517,5.79402867940772,20,0,8,3,False,False,-1,-1,low_vol,bear_stable
2024-08-20 00:00:00,2636.36,2677.0,2619.06,2661.99,44019.1489,1724126399999,116833485.570423,222097.0,23149.3306,61458731.10706,0,0.009721737547224052,0.009674785515051885,2615.482,9.536000000000058,2628.838,1.2590000000000146,2618.8320000000003,2.079500000000735,2633.7198,1.258600000000115,2608.8981,-3.3522000000002663,2967.3284,-3.7739999999998872,0.01151814694552614,0.009113754956488796,0.014140102074357492,2689.16,2563.58,0.7836438923395438,57.74893771204584,0.959666837542045,-1.9458155646964295,2.9054824022384746,2618.8320000000003,2672.633783809303,2565.0302161906975,0.9010833558323119,35320.055409999986,1.2462933137850367,427.9426126579763,25.629999999999654,15.010000000000218,17.300000000000182,57.940000000000055,0.4423541594753129,0.5258922804843236,0.4741077195156765,5.04546329381666,0,1,8,3,False,False,-1,-1,low_vol,bear_stable
2024-08-20 04:00:00,2662.0,2695.0,2657.63,2674.81,45897.8592,1724140799999,122846667.2096,207932.0,25359.1959,67867649.81365,0,0.004815945965236601,0.0048043863961168215,2632.864,17.382000000000062,2629.099,0.26099999999996726,2622.936,4.1039999999998145,2636.1083999999996,2.3885999999997694,2606.2222,-2.6758999999997286,2963.7672000000002,-3.561199999999644,0.011283008302094581,0.00874367121376453,0.013926655448758263,2695.0,2563.58,0.8463704154618776,59.54174314830051,4.890163722400757,-0.5786197072769921,5.4687834296777496,2622.936,2680.7284917360635,2565.143508263937,0.9487953230750709,36185.01228999999,1.2684218215032699,221.0416098272376,12.809999999999945,20.190000000000055,4.369999999999891,37.36999999999989,0.34278833288734234,0.5525136976323288,0.44748630236767123,4.530320228966148,4,1,8,3,False,False,-1,-1,low_vol,bear_stable
2024-08-20 08:00:00,2674.81,2676.4,2639.4,2642.45,28408.1903,1724155199999,75475904.109059,136286.0,13494.3072,35859306.429868,0,-0.01209805556282506,-0.012171832680609087,2644.448,11.583999999999833,2626.554,-2.5450000000000728,2625.27,2.3339999999998327,2638.137,2.0286000000005515,2603.7113999999997,-2.510800000000472,2959.82245,-3.9447500000001128,0.01193399946416759,0.009265458392380221,0.014019415868871102,2695.0,2563.58,0.6001369654542676,55.2653996416297,5.332459985781043,0.6035962313346148,4.728863754446428,2625.27,2682.20712321509,2568.33287678491,0.65086817729708,37076.74433999999,0.7661996975649239,-343.6838646887079,32.36000000000013,1.5900000000001455,3.049999999999727,37.0,0.874594594594598,0.47501467208912634,0.5249853279108736,4.797419285099622,8,1,8,3,False,False,-1,-1,low_vol,bear_stable
2024-08-20 12:00:00,2642.46,2655.78,2555.0,2574.99,95187.741,1724169599999,247878395.766572,394892.0,45658.0407,118980110.833981,0,-0.025529338303468374,-0.0258608664943541,2638.12,-6.3279999999999745,2622.838,-3.7159999999998945,2624.0074999999997,-1.2625000000002728,2638.2914,0.15439999999989595,2600.4249,-3.2864999999997053,2955.5324,-4.290050000000065,0.012851440705372596,0.010987065043684498,0.014437098302394931,2695.0,2555.0,0.14278571428571274,45.931648746401564,0.23679512107037226,0.5302360092817664,-0.29344088821139414,2624.0074999999997,2684.3022503607317,2563.7127496392677,0.09351768017333541,43838.00729999998,2.1713519127042993,-2430.080042331927,67.47000000000025,13.320000000000164,19.98999999999978,100.7800000000002,0.6694780710458437,0.47966303454979564,0.5203369654502044,4.148559424264517,12,1,8,3,False,False,-1,-1,low_vol,bear_stable
2024-08-20 16:00:00,2575.0,2606.7,2565.8,2601.94,39842.9406,1724183999999,103033972.906744,196277.0,20386.0662,52723756.705495,0,0.010466060062369387,0.010411670026191472,2631.236,-6.8840000000000146,2618.591,-4.247000000000298,2624.143,0.13550000000032014,2636.8582,-1.4331999999999425,2597.2865,-3.1383999999998196,2951.2479500000004,-4.2844499999996515,0.012640254221871955,0.011254076310724004,0.01324655379480772,2695.0,2555.0,0.3352857142857147,43.947046219773476,-1.6083758711793052,0.10251363318955209,-1.7108895043688572,2624.143,2684.215067631171,2564.070932368829,0.31519697194109136,43878.25182999999,0.908033910611703,416.9986093810158,26.940000000000055,4.7599999999997635,9.199999999999818,40.899999999999636,0.6586797066014742,0.511660682996877,0.488339317003123,4.926267917082405,16,1,8,3,False,False,-1,-1,low_vol,bear_stable
2024-08-20 20:00:00,2601.94,2609.93,2565.23,2572.82,27959.9951,1724198399999,72292632.039736,145865.0,11552.9727,29873193.086075,0,-0.011191649307824125,-0.011254747035067817,2613.402,-17.833999999999833,2614.442,-4.148999999999887,2622.445,-1.6979999999998654,2634.5306,-2.327600000000075,2594.0823,-3.204200000000128,2947.16565,-4.082300000000487,0.012623884620604616,0.011508544445671606,0.0133002631443491,2695.0,2555.0,0.12728571428571545,37.52635806807914,-5.358656553185028,-0.989720404085364,-4.368936149099664,2622.445,2686.3792025260495,2558.510797473951,0.11190569335888118,44142.03192999998,0.6334097883019679,-312.91845980768096,29.11999999999989,7.989999999999782,7.5900000000001455,44.69999999999982,0.651454138702461,0.41319652091069214,0.5868034790893079,5.216917938587192,20,1,8,3,False,False,-1,-1,low_vol,bear_stable
2024-08-21 00:00:00,2572.81,2598.2,2557.0,2591.5,29772.4505,1724212799999,76827017.58178,143327.0,14260.4516,36822516.954075,0,0.007260515698727321,0.007234285043487588,2596.7400000000002,-16.661999999999807,2614.8019999999997,0.3599999999996726,2621.273,-1.1720000000000255,2633.1588,-1.3717999999998938,2590.8551,-3.2271999999998116,2943.09515,-4.070499999999811,0.012506801515889163,0.011615417744222952,0.01326786776947267,2695.0,2555.0,0.26071428571428573,40.74477879536752,-6.745700887483963,-2.140916500765084,-4.60478438671888,2621.273,2686.630014716417,2555.9159852835833,0.27222796872543253,42386.56233999999,0.7024030460687746,216.16334424483207,18.690000000000055,6.699999999999818,15.809999999999945,41.19999999999982,0.45364077669903247,0.478981453004683,0.521018546995317,4.81408139380398,0,2,8,3,False,False,-1,-1,low_vol,bear_stable
2024-08-21 04:00:00,2591.51,2606.6,2588.31,2600.72,20871.9622,1724227199999,54202201.701066,113193.0,11587.8553,30090312.482032,0,0.00355778506656379,0.003551471120617281,2588.394,-8.346000000000458,2616.421,1.6190000000001419,2620.5834999999997,-0.6895000000004075,2630.7272000000003,-2.4315999999998894,2588.5925,-2.2626000000000204,2938.96625,-4.128900000000158,0.01253590507281638,0.011648921499273561,0.012830436801614746,2695.0,2555.0,0.3265714285714271,48.43942000491517,-7.020043874327712,-3.11674197547761,-3.903301898850102,2620.5834999999997,2686.52923759028,2554.6377624097195,0.34939511842742954,39884.35931999999,0.523311958769105,74.25795542504392,9.209999999999582,5.880000000000109,3.200000000000273,18.289999999999964,0.5035538545653144,0.5551876334846945,0.4448123665153055,5.423208365143551,4,2,8,3,False,False,-1,-1,low_vol,bear_stable
2024-08-21 08:00:00,2600.73,2607.87,2567.35,2577.6,25994.1915,1724241599999,67169394.014715,162990.0,11418.4054,29508921.318949,0,-0.008889845888830794,-0.008929596327668574,2588.916,0.5220000000003893,2613.518,-2.9029999999997926,2619.1335,-1.449999999999818,2629.1514,-1.575800000000072,2586.793,-1.79950000000008,2934.7062999999994,-4.259950000000572,0.012534883059752117,0.01179666692289124,0.012437625246382434,2695.0,2555.0,0.16142857142857078,40.64469151706947,-8.999314945224796,-4.293256569427047,-4.706058375797749,2619.1335,2687.6009097732854,2550.6660902267145,0.19669146140091381,38043.46924999999,0.6832760526959567,-231.08435643975537,23.13000000000011,7.139999999999873,10.25,40.51999999999998,0.5708292201382064,0.43926757252673154,0.5607324274732685,6.270246951131371,8,2,8,3,False,False,-1,-1,low_vol,bear_stable
2024-08-21 12:00:00,2577.61,2618.0,2536.22,2601.89,82446.4366,1724255999999,213211481.095438,470844.0,41870.1045,108342193.912148,0,0.009423494723774128,0.009379370583176528,2588.906,-0.010000000000218279,2610.071,-3.4470000000001164,2618.825,-0.3085000000000946,2628.2104,-0.9410000000002583,2585.9227,-0.8703000000000429,2930.7578,-3.9484999999995125,0.012330080799759438,0.012002986967594777,0.012511895217513955,2695.0,2536.22,0.41359113238443124,48.232078802026976,-8.509805784870878,-5.136566412515814,-3.373239372355064,2618.825,2687.5575815638504,2550.0924184361493,0.3768051511038631,44040.09158999998,1.8720768650426878,776.9335602940782,24.279999999999745,16.110000000000127,41.39000000000033,81.7800000000002,0.2968941061384163,0.5078461389803717,0.4921538610196283,5.7109078259423525,12,2,8,3,False,False,-1,-1,low_vol,bear_stable
2024-08-21 16:00:00,2601.88,2650.0,2592.58,2646.43,48427.2293,1724270399999,127208206.374732,332271.0,23601.8034,62010295.427515,0,0.017118325524906775,0.016973457914008255,2603.6279999999997,14.721999999999753,2608.5150000000003,-1.5559999999995853,2618.6765,-0.14849999999978536,2628.2460000000005,0.03560000000061336,2589.2598000000003,3.3371000000001914,2926.96725,-3.790549999999712,0.013248770266534616,0.01209435489485816,0.012749347893346561,2695.0,2536.22,0.694105051013981,57.92252091285631,-4.476260935193295,-5.0045053170513105,0.5282443818580154,2618.6765,2687.1432591340945,2550.2097408659056,0.7026786454551153,44480.899629999985,1.0887196460239403,828.9930754267032,44.54999999999973,3.5700000000001637,9.300000000000182,57.42000000000007,0.7758620689655115,0.48736637922830744,0.5126336207716926,6.861243246885487,16,2,8,3,False,False,-1,-1,low_vol,bear_stable
2024-08-21 20:00:00,2646.42,2663.74,2619.77,2630.71,37774.3517,1724284799999,99719869.094413,197796.0,19151.3635,50564466.812009,0,-0.0059400777651401615,-0.005957790204075829,2611.47,7.842000000000098,2604.105,-4.410000000000309,2616.602,-2.074500000000171,2627.8202,-0.42580000000043583,2591.9914000000003,2.7316000000000713,2922.7958000000003,-4.1714499999998225,0.013205182330089157,0.011987364780802347,0.012771480078682165,2695.0,2536.22,0.595100138556494,56.04861947922669,-2.5190817972952573,-4.5074206131001,1.988338815804843,2616.602,2680.6094507505904,2552.5945492494093,0.610205920049628,43668.54887999999,0.8650242032040706,-224.38258662575444,15.710000000000036,17.31999999999971,10.940000000000055,43.9699999999998,0.3572890607232228,0.5069938367731139,0.49300616322688606,5.236251347763038,20,2,8,3,False,False,-1,-1,low_vol,bear_stable
2024-08-22 00:00:00,2630.71,2640.25,2584.2,2616.59,37855.1007,1724299199999,99040902.394268,198934.0,18308.0589,47887357.708212,0,-0.005367372306335549,-0.005381828399766505,2614.6440000000002,3.174000000000433,2601.519,-2.58600000000024,2614.0365,-2.5654999999997017,2625.9228,-1.8974000000002889,2595.2516,3.2601999999997133,2918.2638999999995,-4.53190000000086,0.012774134989317924,0.012031517838451461,0.012370653969240602,2695.0,2536.22,0.5061720619725422,51.33240582191781,-2.0833536203404037,-4.022607214548161,1.9392535942077576,2614.0365,2673.325994685065,2554.7470053149354,0.5215341690257584,44613.239919999985,0.8485171838647314,-203.1824191507235,14.11999999999989,9.539999999999964,32.39000000000033,56.05000000000018,0.25191793041926575,0.4836351921261696,0.5163648078738303,5.255143859649011,0,3,8,3,False,False,-1,-1,low_vol,bear_stable
2024-08-22 04:00:00,2616.6,2642.33,2613.75,2636.29,20272.9857,1724313599999,53211619.003092,122510.0,11619.2945,30499448.657525,0,0.0075288830118589445,0.00750068242962679,2626.382,11.737999999999829,2607.649,6.130000000000109,2615.2435,1.20699999999988,2624.5998,-1.3229999999998654,2597.1065000000003,1.8549000000002707,2913.9277,-4.33619999999928,0.00957063120738431,0.011195057845883406,0.012417644088022262,2695.0,2536.22,0.6302431036654493,49.99037747779945,-0.14671925240918426,-3.2474296221203662,3.100710369711182,2615.2435,2675.3485523404847,2555.1384476595154,0.675080955597336,37121.76438999999,0.5461212858045406,152.63293763638933,19.690000000000055,6.039999999999964,2.849999999999909,28.579999999999927,0.6889433170049022,0.5731417499100786,0.4268582500899214,6.043017136839395,4,3,8,3,False,False,-1,-1,low_vol,bear_stable
2024-08-22 08:00:00,2636.3,2644.49,2619.6,2641.91,32925.1144,1724327999999,86744025.599128,149121.0,16703.4302,44005820.61112,0,0.0021317836808545376,0.0021295146541673846,2634.386,8.003999999999905,2611.6459999999997,3.9969999999998436,2615.1184999999996,-0.12500000000045475,2623.2502000000004,-1.3495999999995547,2599.4766,2.3700999999996384,2909.6622,-4.2654999999999745,0.009143187865716385,0.010854739036156061,0.01241563713471343,2695.0,2536.22,0.6656379896712428,47.079017805190276,1.820577978903657,-2.2338281019155617,4.054406080819218,2615.1184999999996,2674.9780500977495,2555.2589499022497,0.7237863461740865,36429.98176999999,0.9037916792786802,70.18922156818874,5.609999999999673,2.5799999999999272,16.700000000000273,24.889999999999873,0.2253917235837566,0.5073157832368838,0.49268421676311625,4.529095880681283,8,3,8,3,False,False,-1,-1,low_vol,bear_stable
2024-08-22 12:00:00,2641.9,2644.69,2590.5,2599.4,60175.4528,1724342399999,157299104.755773,309479.0,27341.5437,71438749.829083,0,-0.01609063139925271,-0.0162214912523584,2624.98,-9.405999999999949,2614.304,2.6580000000003565,2614.373,-0.745499999999538,2620.6868000000004,-2.5634000000000015,2601.2747,1.7980999999999767,2905.2222,-4.440000000000055,0.00999417821871333,0.011161504095310857,0.01256592782712156,2695.0,2536.22,0.39790905655624265,39.90252001821054,-0.049950719970183854,-1.7970526255264863,1.7471019055563024,2614.373,2674.6449091766617,2554.1010908233384,0.37578790679989144,39651.52753999999,1.5176074298599398,-968.2610302879293,42.5,2.7899999999999636,8.900000000000091,54.190000000000055,0.7842775419819147,0.45436373849770184,0.5456362615022983,5.142944267134788,12,3,8,3,False,False,-1,-1,low_vol,bear_stable
2024-08-22 16:00:00,2599.41,2619.23,2597.4,2606.6,27850.849,1724356799999,72645456.36059,183014.0,14014.3086,36554909.887675,0,0.002769869969992955,0.002766040949131242,2620.158,-4.822000000000116,2615.814,1.5099999999997635,2615.308,0.9349999999999454,2617.814,-2.8728000000005522,2602.4217000000003,1.1470000000003893,2900.83115,-4.3910500000001775,0.009783957280698074,0.010930814192158985,0.012507471480867498,2695.0,2536.22,0.44325481798715216,44.85283560660445,-0.9405364445015039,-1.6257493893214898,0.685212944819986,2615.308,2674.4197669647465,2556.1962330352535,0.4263429225081918,39459.367389999985,0.7058108338315154,77.14323028390832,7.190000000000055,12.63000000000011,2.0099999999997635,21.829999999999927,0.329363261566655,0.5031914323329965,0.4968085676670036,6.571217990517991,16,3,8,3,False,False,-1,-1,low_vol,bear_stable
2024-08-31 16:00:00,2519.18,2519.8,2491.92,2499.8,22057.3239,1725134399999,55221129.283066,142879.0,9853.9619,24669044.560223,0,-0.007696918453947488,-0.007726692608683427,2517.804,-5.239999999999782,2510.056,-1.7000000000002728,2520.2439999999997,-1.1700000000000728,2621.2118,-3.0693999999998596,2618.7517000000003,-1.526999999999589,2701.74815,-4.3760000000006585,0.012183523765286159,0.01046290355422576,0.013130214811282348,2595.4,2431.14,0.41799586022160123,39.410618048388905,-24.470130871729452,-30.24863199864265,5.7785011269131985,2520.2439999999997,2570.4072893239672,2470.080710676032,0.29622548405900134,39109.291439999986,0.5639919080057874,-169.77342337060696,19.379999999999654,0.6200000000003456,7.880000000000109,27.88000000000011,0.695121951219497,0.4467433105064935,0.5532566894935065,6.477621702785078,16,5,8,3,False,False,-1,-1,low_vol,bear_stable
2024-08-31 20:00:00,2499.79,2528.22,2493.68,2513.01,16623.8224,1725148799999,41767377.890943,111826.0,9144.9739,22976344.18086,0,0.005284422753820239,0.005270509187153726,2515.702,-2.1019999999998618,2509.6160000000004,-0.4399999999995998,2521.092,0.8480000000004111,2618.0501999999997,-3.1616000000003623,2617.7302,-1.0215000000002874,2697.7698499999997,-3.9783000000002176,0.012326242578877487,0.010240581316958947,0.013114358634144266,2595.4,2431.14,0.4984171435529054,37.61020151133503,-23.01640126165057,-28.80218585124424,5.785784589593668,2521.092,2570.093155990769,2472.090844009231,0.41753255778779574,37319.70645999999,0.4454435465031792,87.84730534602659,13.220000000000255,15.209999999999582,6.110000000000127,34.539999999999964,0.3827446438911485,0.5501125842152885,0.4498874157847114,6.726852423543697,20,5,8,3,False,False,-1,-1,low_vol,bear_stable
2024-09-01 00:00:00,2513.0,2516.28,2476.44,2488.74,22040.3526,1725163199999,54956778.760739,156265.0,9905.2587,24690808.237204,0,-0.009657741115236429,-0.009704679554307963,2509.2480000000005,-6.4539999999997235,2507.246,-2.3700000000003456,2520.285,-0.8070000000002437,2612.8942,-5.155999999999494,2616.2403000000004,-1.4898999999995794,2693.65845,-4.111399999999776,0.012689721174207354,0.01044994992837961,0.012460526696050545,2595.4,2431.14,0.35066358212589693,41.38229689935901,-23.551212521427715,-27.751991185280936,4.200778663853221,2520.285,2570.9148977618856,2469.655102238114,0.18847458325555652,37393.98605999999,0.589409017926986,-212.8600194993281,24.26000000000022,3.2800000000002,12.299999999999727,39.840000000000146,0.6089357429718908,0.44941471126918364,0.5505852887308164,7.089950094537055,0,6,9,3,False,False,-1,-1,low_vol,bear_stable
2024-09-01 04:00:00,2488.75,2491.18,2458.84,2486.82,26820.4775,1725177599999,66364476.163449,165725.0,13894.939,34381954.795831,0,-0.0007714747221484464,-0.000771772461914221,2501.512,-7.736000000000331,2511.053,3.806999999999789,2518.2095,-2.07549999999992,2607.381,-5.5132000000003245,2614.4244999999996,-1.8158000000007632,2689.50425,-4.154199999999946,0.009367992391665771,0.010201009310323354,0.012412247360706025,2595.4,2431.14,0.338974796055036,41.205640119011655,-23.854996699070853,-26.97259228803892,3.1175955889680687,2518.2095,2570.8155158558043,2465.6034841441956,0.20165484413379714,29677.67119999999,0.9037258118824367,-20.69132042720116,1.9299999999998363,2.4299999999998363,27.980000000000018,32.33999999999969,0.059678416821269474,0.5180720216483842,0.4819279783516159,6.179047334261666,4,6,9,3,False,False,-1,-1,low_vol,bear_stable
2024-09-01 08:00:00,2486.82,2492.88,2459.02,2477.74,22368.1709,1725191999999,55393312.168203,138656.0,10341.4019,25605557.230329,0,-0.003651249386767197,-0.003657931468064923,2493.222,-8.289999999999964,2508.1330000000003,-2.919999999999618,2515.9265,-2.2829999999999018,2602.0038,-5.3771999999999025,2613.706,-0.7184999999994943,2685.28795,-4.216300000000047,0.005271721775912896,0.010218376878012012,0.012402945233863203,2595.4,2431.14,0.2836965785949096,41.515335824137516,-24.54548291575429,-26.487170413581996,1.9416874978277043,2515.9265,2571.4654169483892,2460.387583051611,0.1562185391958047,18844.37677999999,1.1869944631833036,-81.67177028172887,9.080000000000382,6.059999999999945,18.7199999999998,33.86000000000013,0.2681630242173759,0.4623266670409783,0.5376733329590216,6.198808146624094,8,6,9,3,False,False,-1,-1,low_vol,bear_stable
2024-09-01 12:00:00,2477.73,2489.31,2438.0,2480.83,47978.3656,1725206399999,118140534.814924,311680.0,22847.2853,56251497.824136,0,0.0012471042159387657,0.0012463272273994248,2489.4280000000003,-3.793999999999869,2503.616,-4.51700000000028,2512.5915,-3.3350000000000364,2596.4508,-5.552999999999884,2612.8154,-0.8906000000001768,2680.9876,-4.30034999999998,0.004410921330547553,0.009937158793146744,0.012378613063277913,2595.4,2431.14,0.302508218677706,42.13874323046507,-24.5602458158246,-26.10178549403052,1.5415396782059183,2512.5915,2568.150387213763,2457.0326127862368,0.21416364156289286,21715.34812999999,2.209421894264608,59.834022013611445,3.099999999999909,8.480000000000018,39.73000000000002,51.309999999999945,0.06041707269537931,0.47619974157685774,0.5238002584231423,6.496261306575229,12,6,9,3,False,False,-1,-1,low_vol,bear_stable
2024-09-01 16:00:00,2480.83,2514.82,2457.16,2501.71,38784.3156,1725220799999,96538904.6759,248401.0,19715.7125,49084948.834136,0,0.008416538013487518,0.008381316448521015,2487.168,-2.2600000000002183,2501.4350000000004,-2.1809999999995853,2509.9165,-2.675000000000182,2591.3588,-5.092000000000098,2612.0317,-0.7836999999999534,2676.8229000000006,-4.164699999999357,0.005475888135975914,0.010131504951795852,0.012465804057443818,2595.4,2431.14,0.4296237671983445,47.841654262380814,-22.62628232367706,-25.40668485995983,2.7804025362827716,2509.9165,2561.8703464308273,2457.9626535691723,0.4210212470897021,24177.08571999999,1.6041766178591363,326.429666574497,20.88000000000011,13.110000000000127,23.670000000000073,57.66000000000031,0.3621227887617065,0.5083424109719239,0.49165758902807605,6.404676636861938,16,6,9,3,False,False,-1,-1,low_vol,bear_stable
2024-09-01 20:00:00,2501.71,2516.0,2400.0,2425.72,65136.0938,1725235199999,158905923.570234,336716.0,29968.231,73056443.92888,0,-0.03037522334723064,-0.030846110515055362,2474.564,-12.60400000000027,2491.906,-9.529000000000451,2502.404,-7.512499999999818,2584.6518,-6.70699999999988,2610.1144,-1.9173000000000684,2672.3465,-4.476400000000467,0.010827027223745032,0.011821422701532552,0.013088455079131572,2585.69,2400.0,0.1385104205934611,45.58592402345993,-26.915099732123508,-25.70836783439257,-1.2067318977309398,2502.404,2557.4990239037797,2447.3089760962202,-0.19592491813711108,29195.077229999988,2.2310642745300946,-1978.523397141165,75.99000000000024,14.289999999999964,25.7199999999998,116.0,0.6550862068965537,0.4600864014353897,0.5399135985646103,5.16942267115195,20,6,9,3,False,False,-1,-1,low_vol,bear_stable
2024-09-02 00:00:00,2425.71,2455.26,2423.52,2450.52,35331.6569,1725249599999,86238023.695336,236484.0,18512.8698,45190898.719206,0,0.010223768613030426,0.01017185939611674,2467.3039999999996,-7.260000000000218,2484.408,-7.498000000000047,2498.503,-3.90099999999984,2577.8019999999997,-6.849800000000414,2608.4944,-1.6199999999998909,2668.23515,-4.1113500000001295,0.011610719127211443,0.011579680987390178,0.013060315727668467,2552.17,2400.0,0.33199710849707537,37.598909794267634,-27.990211949770583,-26.164736657468172,-1.8254752923024107,2498.503,2556.7636589661383,2440.242341033862,0.08820410847147737,31250.87565999999,1.1305813406445844,361.22268486057993,24.809999999999945,4.7400000000002365,2.1900000000000546,31.740000000000236,0.7816635160680454,0.5239740058723371,0.4760259941276629,6.693260966201673,0,0,9,3,False,False,-1,-1,low_vol,bear_stable
2024-09-02 04:00:00,2450.47,2466.2,2433.18,2441.14,37943.8673,1725263999999,92838673.238273,175899.0,19195.9945,46973593.484639,0,-0.003827759006251763,-0.0038351036240319514,2459.9839999999995,-7.320000000000164,2476.603,-7.804999999999836,2494.1795,-4.323499999999967,2571.2648,-6.537199999999757,2607.2160999999996,-1.2783000000003995,2664.0448000000006,-4.190349999999398,0.0116126110918789,0.011587691180623916,0.013028924742901075,2552.17,2400.0,0.2703555234277443,30.51882460973374,-29.26182167072193,-26.784153660118925,-2.4776680106030042,2494.1795,2556.0663051493184,2432.292694850682,0.07147973730402982,33508.44464999999,1.1323673090866666,-145.23997978959676,9.329999999999927,15.730000000000018,7.960000000000036,33.01999999999998,0.28255602665051277,0.505905060974109,0.49409493902589097,4.635768900657103,4,0,9,3,False,False,-1,-1,low_vol,bear_stable
2024-09-02 20:00:00,2524.26,2564.83,2522.22,2538.01,31904.11,1725321599999,81204318.414669,196681.0,16992.3399,43249382.703534,0,0.005451124096266247,0.005436320492463452,2506.482,17.498000000000502,2486.893,5.118999999999687,2498.973,4.463000000000193,2552.6356,-4.516000000000076,2604.0374,-0.6222999999999956,2648.31745,-3.8217499999996107,0.015156160706323094,0.012266310700260264,0.013835172682581592,2564.83,2400.0,0.8372869016562536,53.094376849720504,-10.623230833568869,-20.534248957664143,9.911018124095275,2498.973,2560.4276703634837,2437.5183296365162,0.8176080822589197,43689.97843999999,0.7302386299827162,173.9132627909289,13.75,26.81999999999971,2.0400000000004184,42.61000000000013,0.3226942032386754,0.5326066108723922,0.46739338912760775,6.164754321621885,20,0,9,3,False,False,-1,-1,low_vol,bear_stable
2024-09-03 00:00:00,2538.0,2553.6,2514.73,2516.0,27730.1585,1725335999999,70267072.776706,180653.0,13411.9274,33990757.344327,0,-0.008672148651896694,-0.008709970556562831,2521.454,14.972000000000207,2490.719,3.826000000000022,2499.426,0.45299999999997453,2547.6295999999998,-5.006000000000313,2603.2051,-0.832300000000032,2644.5664999999995,-3.7509500000005573,0.015449767571150257,0.01132664077642184,0.013865938551978384,2564.83,2400.0,0.7037553843353761,52.640845070422486,-8.55575672045552,-18.13855051022242,9.5827937897669,2499.426,2561.260337045896,2437.591662954104,0.6340193878661474,44226.17719999999,0.6270078097548075,-240.48005665265666,22.0,15.599999999999909,1.2699999999999818,38.86999999999989,0.5659891947517381,0.4836585192976809,0.5163414807023191,6.514676070098914,0,1,9,3,False,False,-1,-1,low_vol,bear_stable
2024-09-03 04:00:00,2516.0,2525.2,2512.46,2519.55,19383.1812,1725350399999,48807739.709438,112447.0,9714.8774,24463066.331439,0,0.0014109697933228915,0.0014099753107906896,2522.202,0.7480000000000473,2494.591,3.8719999999998436,2499.1035,-0.32249999999976353,2543.098,-4.5315999999997985,2602.3328,-0.8722999999999956,2641.0005499999997,-3.5659499999997024,0.015449390159731142,0.011198735063216338,0.01385021410658096,2564.83,2400.0,0.7252927258387444,51.10078771965259,-6.555248435588965,-15.821890095295728,9.266641659706764,2499.1035,2560.4193735437393,2437.787626456261,0.6667308872751742,41366.658759999984,0.4685701427436245,27.349083171704155,3.550000000000182,5.649999999999636,3.5399999999999636,12.739999999999782,0.2786499215070834,0.5012013920604529,0.4987986079395471,5.801266512433986,4,1,9,3,False,False,-1,-1,low_vol,bear_stable
2024-09-03 08:00:00,2519.55,2520.54,2494.24,2509.59,20704.4681,1725364799999,51869908.910079,148466.0,9291.8003,23280023.681958,0,-0.003953086860748911,-0.003960920961348958,2521.4800000000005,-0.7219999999997526,2495.379,0.7880000000000109,2498.407,-0.6965000000000146,2538.403,-4.695000000000164,2601.2793,-1.0534999999999854,2637.6574,-3.343149999999696,0.015342916201924597,0.011231154155309847,0.013853342891861953,2564.83,2400.0,0.664866832494086,53.687002652519936,-5.707724868407695,-13.799057049918122,8.091332181510428,2498.407,2558.8655488623162,2437.948451137684,0.5924848529317777,39558.674009999995,0.5233863019464742,-81.84656080490497,9.960000000000036,0.9899999999997817,15.350000000000364,26.300000000000182,0.3787072243345995,0.4487823717625473,0.5512176282374527,7.170722729167817,8,1,9,3,False,False,-1,-1,low_vol,bear_stable
2024-09-03 12:00:00,2509.59,2519.12,2435.79,2444.01,81518.5002,1725379199999,200948704.34504,416998.0,34023.3698,83868220.949778,0,-0.026131758574109654,-0.026479260233629648,2505.4320000000002,-16.04800000000023,2497.208,1.8290000000001783,2494.557,-3.850000000000364,2532.6206,-5.782399999999598,2599.5743,-1.7049999999999272,2634.0433999999996,-3.6140000000004875,0.014427946352396895,0.012640834498718567,0.01427548698442494,2564.83,2400.0,0.2670023660741384,43.82090586299476,-10.210118371403041,-13.081269314215108,2.8711509428120667,2494.557,2558.652421661032,2430.4615783389677,0.10568946509692381,41196.914649999984,1.9787525568980935,-2130.2217665499093,65.57999999999993,9.529999999999745,8.220000000000255,83.32999999999993,0.7869914796591861,0.41736991868748835,0.5826300813125117,5.115378705164156,12,1,9,3,False,False,-1,-1,low_vol,bear_stable
2024-09-03 16:00:00,2444.01,2469.87,2435.83,2447.6,41528.1331,1725393599999,101709781.370219,242759.0,20212.385,49513203.942853,0,0.0014688974267698107,0.0014678196522423536,2487.35,-18.082000000000335,2496.916,-0.2919999999999163,2490.662,-3.894999999999982,2526.8256,-5.795000000000073,2597.9843,-1.5900000000001455,2630.33945,-3.7039499999996224,0.014056439737102343,0.012636796697703661,0.014275096039243923,2564.83,2400.0,0.2887823818479641,45.579608119206895,-13.334898256982342,-13.131995102768556,-0.2029031542137858,2490.662,2556.289545115641,2425.0344548843586,0.1719212952113241,41816.56226999999,0.9931025135892887,61.000567849144204,3.5899999999996908,22.269999999999982,8.180000000000291,34.039999999999964,0.10546415981197693,0.48671547433467455,0.5132845256653255,5.845651655359388,16,1,9,3,False,False,-1,-1,low_vol,bear_stable
2024-09-05 16:00:00,2371.43,2395.99,2348.04,2363.97,43189.7973,1725566399999,102519791.864648,400414.0,18400.901,43711427.0929,0,-0.0031457812374812155,-0.0031507396086428077,2388.578,-17.347999999999956,2410.145,-0.9029999999997926,2445.5975,-7.592000000000098,2481.9774,-3.184600000000046,2571.5233000000003,-2.980199999999968,2590.2107,-3.166200000000117,0.011590017916841716,0.011239344200531815,0.01176124394256546,2564.83,2306.65,0.22201564799752013,28.381828978622252,-31.601753726552033,-26.24419447111456,-5.357559255437472,2445.5975,2559.6790499406147,2331.515950059385,0.14224057245675908,49021.71475999999,0.881033997106143,-135.86565399695687,7.460000000000036,24.559999999999945,15.929999999999836,47.94999999999982,0.15557872784150292,0.426047403561211,0.5739525964387889,9.271032165737903,16,3,9,3,False,False,-1,-1,low_vol,bear_stable
2024-09-05 20:00:00,2363.97,2378.33,2350.0,2368.81,28144.4081,1725580799999,66672062.290562,237996.0,13542.66,32081936.497526,0,0.0020474033088406784,0.0020453102351099682,2381.23,-7.347999999999956,2406.874,-3.2710000000001855,2438.378,-7.219499999999698,2479.4326,-2.544800000000123,2568.4633000000003,-3.0599999999999454,2587.34275,-2.8679500000002918,0.010813363652499875,0.011289437959562179,0.011688805159469455,2564.83,2306.65,0.2407622588891467,36.37977251322171,-32.702483250648584,-27.53585222702137,-5.166631023627215,2438.378,2552.7211112877303,2324.03488871227,0.19579278009612214,47264.22058999999,0.5954696332378472,57.62295426930239,4.8400000000001455,9.519999999999982,13.9699999999998,28.329999999999927,0.17084362866220112,0.4811847508706356,0.5188152491293644,8.456244634968892,20,3,9,3,False,False,-1,-1,low_vol,bear_stable
2024-09-06 00:00:00,2368.81,2408.4,2357.6,2392.63,32980.5199,1725595199999,78803220.604795,304319.0,17048.1902,40735497.317744,0,0.01005568196689488,0.010005459993821044,2377.276,-3.9540000000001783,2406.2599999999998,-0.6140000000000327,2431.797,-6.581000000000131,2477.1876,-2.244999999999891,2565.9651,-2.498200000000452,2584.8382500000002,-2.5044999999995525,0.01139759635685233,0.011549679947047614,0.011776223490244708,2564.83,2306.65,0.33302347199628196,40.72361537682681,-31.292029364962218,-28.28708765460954,-3.0049417103526785,2431.797,2540.3335198011123,2323.2604801988878,0.3195676438134764,46900.20908999999,0.7032062444905405,331.64161921724775,23.820000000000164,15.769999999999982,11.210000000000036,50.80000000000018,0.46889763779527716,0.5169169634587841,0.4830830365412159,9.22723477139607,0,4,9,3,False,False,-1,-1,low_vol,bear_stable
2024-09-06 04:00:00,2392.63,2397.35,2321.21,2344.45,57143.7515,1725609599999,134483074.895107,377674.0,28147.2853,66266354.381275,0,-0.020136836869888097,-0.020342346525689375,2368.2580000000003,-9.017999999999574,2395.165,-11.0949999999998,2422.1189999999997,-9.678000000000338,2473.51,-3.677599999999984,2563.6597,-2.305399999999736,2582.0423,-2.7959500000001754,0.009478741714874438,0.01201743730852903,0.011991224397456287,2553.6,2306.65,0.1530674225551721,37.45343928482742,-33.67378738198886,-29.364427600085403,-4.309359781903456,2422.1189999999997,2525.1579399872453,2319.080060012754,0.12310850631026528,43490.58253999999,1.3139339177037386,-1150.6944020889232,48.18000000000029,4.7199999999998,23.23999999999978,76.13999999999987,0.6327817178881058,0.4925697834171773,0.5074302165828227,6.60919155789063,4,4,9,3,False,False,-1,-1,low_vol,bear_stable
2024-09-06 08:00:00,2344.44,2379.4,2338.57,2372.95,39913.21,1725623999999,94183969.556948,274949.0,20213.9346,47696445.36591,0,0.01215636929770314,0.012083074045350205,2368.562,0.30399999999963256,2387.244,-7.920999999999822,2414.9665,-7.152499999999691,2470.501,-3.0090000000000146,2561.3698,-2.289900000000216,2579.32815,-2.714150000000245,0.010851176467553647,0.012474974581480216,0.012143916360017057,2525.2,2306.65,0.30336307481125513,49.991621141535646,-32.882585972172365,-30.068059274502797,-2.8145266976695673,2414.9665,2510.1246987562677,2319.8083012437323,0.2792281666258803,42659.72498999999,0.935618080270236,485.19972061677794,28.509999999999764,6.450000000000273,5.869999999999891,40.82999999999993,0.6982610825373454,0.5064472288748513,0.4935527711251488,6.8886716954111185,8,4,9,3,False,False,-1,-1,low_vol,bear_stable
2024-09-10 00:00:00,2359.51,2360.59,2334.99,2340.84,27409.2787,1725940799999,64270457.471337,139579.0,11909.8889,27925466.623017,0,-0.007908455181182439,-0.007939892871600615,2331.75,5.302000000000135,2309.244,4.423999999999978,2293.4990000000003,5.914000000000215,2372.1346,-3.2174000000004526,2481.7467,-4.154700000000048,2553.60475,-0.04804999999987558,0.013140864826557323,0.010661005817593504,0.013949020707986417,2381.41,2150.55,0.8242657887897437,59.38058368076238,-7.458420945044509,-21.33717685910746,13.87875591406295,2293.4990000000003,2361.5172529373035,2225.480747062697,0.8480021755604125,47675.75488999999,0.5749102193188158,-216.76505214748846,18.670000000000073,1.0799999999999272,5.850000000000364,25.600000000000364,0.7292968749999925,0.4345203327076243,0.5654796672923756,5.092399604080059,0,1,9,3,False,False,-1,-1,low_vol,bear_stable
2024-09-10 04:00:00,2340.85,2366.47,2328.0,2363.51,27052.9146,1725955199999,63534736.984528,129008.0,13426.6244,31541342.898596,0,0.009684557680148975,0.009637962942826426,2341.394,9.643999999999778,2321.0209999999997,11.776999999999589,2300.413,6.91399999999976,2370.8903999999998,-1.2442000000000917,2477.7711,-3.975600000000213,2553.7083,0.10354999999981374,0.01016341582816991,0.01076856244294033,0.013379839010645881,2381.41,2220.98,0.8884248581936068,66.38367644379676,-3.2509117686545324,-17.719923841016872,14.46901207236234,2300.413,2367.315299260393,2233.510700739607,0.9715607736769837,45157.83744999999,0.5990746264134933,261.9955118598443,22.66000000000031,2.9599999999995816,12.849999999999909,38.4699999999998,0.5890304133090831,0.4963097174010227,0.5036902825989773,4.768728320311927,4,1,9,3,False,False,-1,-1,low_vol,bear_stable
2024-09-10 08:00:00,2363.51,2372.0,2339.08,2351.0,33662.5301,1725969599999,79242495.796348,182913.0,13451.1012,31668172.92014,0,-0.0052929752782938655,-0.0053070326975986635,2353.084,11.690000000000055,2328.912,7.891000000000076,2306.0425000000005,5.629500000000462,2368.9,-1.9903999999996813,2473.351,-4.42009999999982,2553.31125,-0.3970499999995809,0.010365967298746679,0.010903581373119545,0.013307408926185253,2381.41,2237.61,0.7885257301808073,61.832422586520956,-0.915331510586384,-14.359005374930776,13.443673864344392,2306.0425000000005,2369.8538271169978,2242.231172883003,0.8522689625117066,45823.23061999999,0.7346171285729398,-178.17493962412314,12.510000000000218,8.489999999999782,11.920000000000073,32.92000000000007,0.3800121506682925,0.3995867559580733,0.6004132440419268,5.433727038835978,8,1,9,3,False,False,-1,-1,low_vol,bear_stable
2024-09-10 12:00:00,2351.0,2364.16,2320.41,2325.01,56700.2756,1725983999999,132711024.025845,334106.0,25166.63,58920946.636386,0,-0.011054870267971029,-0.011116429452593557,2347.972,-5.111999999999625,2331.683,2.7710000000001855,2307.8875,1.8449999999993452,2366.5774,-2.322599999999966,2468.9211,-4.429900000000089,2552.8663,-0.4449500000000626,0.01090741267932273,0.010259666193073213,0.013380660106029483,2381.41,2240.94,0.598490780949671,55.1562124901403,-1.1483061629764961,-11.716865532539922,10.568559369563426,2307.8875,2371.649503163167,2244.1254968368326,0.6342688368508738,46652.398899999986,1.2153774926245007,-626.8141909162032,25.98999999999978,13.159999999999854,4.600000000000364,43.75,0.5940571428571378,0.4438537508625443,0.5561462491374557,5.89249340438832,12,1,9,3,False,False,-1,-1,low_vol,bear_stable
2024-09-10 16:00:00,2325.01,2391.94,2324.52,2380.73,47628.1754,1725998399999,112525994.719404,280570.0,25803.6476,60949474.240444,0,0.023965488320480288,0.023682823237332545,2352.218,4.24599999999964,2339.333,7.650000000000091,2312.739,4.851500000000215,2363.8758000000003,-2.701599999999871,2465.0831,-3.838000000000193,2552.5317999999997,-0.33450000000038926,0.01307930057986139,0.011454798217630485,0.013092413068865771,2391.94,2240.94,0.9257615894039732,62.169824967452655,3.1271502337317543,-8.748062379285587,11.875212613017341,2312.739,2383.1689884992984,2242.3090115007017,0.9826850142157649,47767.79978999999,0.9970770186063872,1141.4324812744867,55.7199999999998,11.210000000000036,0.49000000000023647,67.42000000000007,0.8264609908039119,0.5417727507571075,0.4582272492428925,5.8908408236020735,16,1,9,3,False,False,-1,-1,low_vol,bear_stable
2024-09-10 20:00:00,2380.73,2400.0,2372.2,2388.52,31928.9985,1726012799999,76126857.92224,144684.0,16137.5267,38474649.062799,0,0.003272105614664289,0.0032667639262947495,2361.754,9.536000000000058,2346.752,7.418999999999869,2317.1405,4.401499999999942,2361.3822,-2.4936000000002423,2461.5343,-3.5488000000000284,2551.9384,-0.5933999999997468,0.013074244810027245,0.01139334573981666,0.013106465717982513,2400.0,2240.94,0.9278259776185086,73.59376032784725,7.062654245582962,-5.585919054311877,12.648573299894839,2317.1405,2394.9622646394005,2239.3187353605995,0.9586088501767356,47850.45485999998,0.6672663529200987,104.47505526245767,7.789999999999964,11.480000000000018,8.5300000000002,27.800000000000182,0.28021582733812633,0.5054191317651257,0.49458086823487435,4.5314293212172,20,1,9,3,False,False,-1,-1,low_vol,bear_stable
2024-09-11 00:00:00,2388.52,2389.32,2339.0,2348.31,39080.7694,1726027199999,92164081.772811,237254.0,17427.4809,41095249.649284,0,-0.01683469261299886,-0.016978006760707386,2358.714,-3.0399999999999636,2350.054,3.3020000000001346,2320.034,2.893500000000131,2357.8634,-3.5187999999998283,2457.5075,-4.026799999999639,2550.8122999999996,-1.126100000000406,0.014543280660283035,0.012077160967289469,0.013273151775225527,2400.0,2240.94,0.6750282912108634,62.04335735052459,6.85790491873604,-3.097154259702294,9.955059178438333,2320.034,2397.9789909670494,2242.089009032951,0.6813843304693775,47239.41403999999,0.8272915783186545,-657.9127399284918,40.210000000000036,0.8000000000001819,9.309999999999945,50.320000000000164,0.7990858505564369,0.44593494876280504,0.554065051237195,6.070863077736643,0,2,9,3,False,False,-1,-1,low_vol,bear_stable
2024-09-11 04:00:00,2348.31,2348.31,2318.66,2341.66,32934.4948,1726041599999,76810860.75119,183814.0,15725.3966,36671854.926682,0,-0.0028318237370705823,-0.0028358409357008793,2356.846,-1.8679999999999382,2354.9649999999997,4.9109999999996035,2323.438,3.4039999999999964,2353.9364,-3.9270000000001346,2453.286,-4.2215000000001055,2549.1081,-1.7041999999996733,0.014099247012424952,0.01194763299294969,0.013238086608151307,2400.0,2240.94,0.6332201684898769,57.445951389821374,6.0888516863774385,-1.2599530704863477,7.348804756863786,2323.438,2398.742599873557,2248.133400126443,0.620988625068031,43390.511989999985,0.7590252635781358,-93.26468414306767,6.650000000000091,0.0,23.0,29.65000000000009,0.22428330522765835,0.4774749603871258,0.5225250396128742,5.581199927803356,4,2,9,3,False,False,-1,-1,low_vol,bear_stable
2024-09-11 08:00:00,2341.66,2341.89,2306.45,2327.59,29236.327,1726055999999,67919835.366086,175202.0,14092.2085,32743791.142854,0,-0.006008558031481814,-0.006026682052246138,2357.362,0.5160000000000764,2352.667,-2.2979999999997744,2325.5155000000004,2.0775000000003274,2350.1682,-3.768199999999979,2448.8988999999997,-4.387100000000373,2547.2727,-1.835399999999936,0.011667097904334607,0.012024358206895782,0.013214067443813907,2400.0,2240.94,0.5447629825223194,53.82925709789525,4.294535317021655,-0.14905539298474735,4.4435907100064025,2325.5155000000004,2398.7397794003155,2252.2912205996854,0.5141653835106965,37174.54110999999,0.7864610060280044,-175.66816740687864,14.069999999999709,0.2300000000000182,21.140000000000327,35.440000000000055,0.39700902934536364,0.4820102231036067,0.5179897768963934,5.992613230793321,8,2,9,3,False,False,-1,-1,low_vol,bear_stable
2024-09-11 12:00:00,2327.59,2355.32,2277.68,2325.9,110620.3982,1726070399999,255766024.42669,542741.0,52597.4994,121639314.774369,0,-0.0007260728908442537,-0.0007263366094259987,2346.396,-10.965999999999894,2349.307,-3.3600000000001273,2327.0634999999997,1.5479999999993197,2346.2952,-3.8730000000000473,2444.6966,-4.202299999999468,2545.5511500000002,-1.721549999999752,0.011550861373263478,0.012009599066277736,0.013208014784882826,2400.0,2240.94,0.5341380611090158,51.95037254307006,2.7049765055089665,0.4217509867139954,2.2832255187949713,2327.0634999999997,2398.8612968508974,2255.265703149102,0.49189738368702385,43625.41622999999,2.5356869403100255,-80.31847230741649,1.6900000000000546,27.730000000000018,48.220000000000255,77.64000000000033,0.021767130345183506,0.47547740069516403,0.5245225993048359,4.9063374281001275,12,2,9,3,False,False,-1,-1,low_vol,bear_stable
2024-09-11 16:00:00,2325.89,2368.87,2324.48,2340.6,54352.1621,1726084799999,127574371.456715,302401.0,26722.5341,62724900.36053,0,0.00632013414162258,0.006300245847642783,2336.8120000000004,-9.583999999999833,2349.283,-0.023999999999887223,2329.2635,2.200000000000273,2342.9154,-3.3798000000001593,2440.6592,-4.0374000000001615,2544.07955,-1.4716000000003078,0.011532772246849567,0.01207425806935104,0.013249113254679229,2400.0,2240.94,0.6265560165975097,54.077654261317875,2.601419299844565,0.8576846493401094,1.7437346505044558,2329.2635,2399.8166516772294,2258.7103483227706,0.5803401388208904,46319.70456999999,1.1734134015872462,343.5129553592148,14.710000000000036,28.269999999999982,1.4099999999998545,44.38999999999987,0.33138094165352733,0.49165540187406825,0.5083445981259318,5.563734510572488,16,2,9,3,False,False,-1,-1,low_vol,bear_stable
2024-09-11 20:00:00,2340.6,2351.8,2333.0,2340.55,16674.161,1726099199999,39056718.553239,88658.0,8560.477,20051688.600812,0,-2.136204392022556e-05,-2.1362272091935266e-05,2335.2599999999998,-1.5520000000005894,2346.987,-2.2959999999998217,2334.004,4.740499999999884,2340.8462000000004,-2.069199999999455,2436.7334,-3.925799999999981,2542.9932,-1.0863500000000386,0.01102920569679,0.010784964624851212,0.012756074818778438,2400.0,2243.26,0.6207094551486545,58.34318292428565,2.4866503290268156,1.1834777852774507,1.3031725437493649,2334.004,2392.6663926514257,2275.341607348574,0.5557938374496321,45281.82920999998,0.36823072943170104,-0.35619415961491213,0.04999999999972715,11.200000000000273,7.550000000000182,18.800000000000182,0.0026595744680705676,0.513397765560738,0.486602234439262,5.317089117707332,20,2,9,3,False,False,-1,-1,low_vol,bear_stable
2024-09-12 00:00:00,2340.54,2391.93,2339.54,2368.0,44561.7461,1726113599999,105410365.565308,205686.0,22907.7635,54193768.47231,0,0.011728012646600172,0.01165977253532256,2340.528,5.268000000000029,2348.6870000000004,1.7000000000002728,2338.7995,4.795500000000175,2339.2542000000003,-1.5920000000000982,2433.0399,-3.693499999999858,2541.8792,-1.1140000000000327,0.011579250104882378,0.010784715527437795,0.012875018382687457,2400.0,2267.39,0.7586908981223138,53.38986347193589,4.5581373139530115,1.8584096910125631,2.6997276229404483,2338.7995,2391.5322136955347,2286.0667863044655,0.7768727223919886,46371.75080999998,0.9609675140924447,522.6207218153859,27.460000000000036,23.929999999999836,1.0,52.38999999999987,0.5241458293567495,0.5140679058803758,0.48593209411962424,4.615752702742499,0,3,9,3,False,False,-1,-1,low_vol,bear_stable
2024-09-17 08:00:00,2309.18,2323.69,2302.46,2308.12,40567.8112,1726574399999,93776084.480934,204417.0,19119.3839,44200056.539432,0,-0.00045903740721808806,-0.00045914279714187974,2294.4759999999997,4.079999999999927,2297.307,-6.423000000000229,2354.316,-6.2409999999999854,2355.5034,0.07780000000002474,2373.5766999999996,-1.9168000000004213,2496.1642,-1.721900000000005,0.011972180136389841,0.00906706736783632,0.010009030728853844,2433.6,2252.39,0.307543733789526,29.776397066791844,-22.502599432867555,-15.477111630942808,-7.025487801924747,2354.316,2474.826636071372,2233.8053639286277,0.30833227047013323,49667.00710999999,0.8167959690051878,-18.62214286976091,1.0599999999999454,14.510000000000218,5.6599999999998545,21.230000000000018,0.049929345266130215,0.47129444094829553,0.5287055590517045,5.038896453945241,8,1,9,3,False,False,-1,-1,low_vol,bear_stable
2024-09-17 12:00:00,2308.12,2393.63,2302.61,2383.79,100277.9426,1726588799999,235742383.770438,598092.0,52208.1869,122786434.611031,0,0.032784257317643783,0.032258317713020235,2316.1899999999996,21.713999999999942,2304.076,6.769000000000233,2352.4939999999997,-1.8220000000001164,2356.8926,1.3892000000000735,2372.2845,-1.2921999999994114,2495.00735,-1.1568500000003041,0.014086351252274925,0.011996138062461881,0.011013553556231058,2430.32,2252.39,0.7384926656550321,44.407904143670095,-15.549964481110692,-15.491682200976385,-0.05828228013430703,2352.4939999999997,2469.8697181739603,2235.118281826039,0.6333154782218967,52305.65361999999,1.9171530352821546,3287.537873482313,75.67000000000007,9.840000000000146,5.5099999999997635,91.01999999999998,0.8313557459898933,0.5206348030917819,0.47936519690821816,5.964342551240177,12,1,9,3,False,False,-1,-1,low_vol,bear_stable
2024-09-17 16:00:00,2383.79,2390.0,2327.9,2353.09,55350.6039,1726603199999,130729073.992574,486460.0,25621.7392,60522580.517993,0,-0.01287865122347176,-0.01296230001734825,2327.6719999999996,11.481999999999971,2311.547,7.471000000000004,2349.295,-3.1989999999996144,2357.6486,0.7559999999998581,2370.928,-1.3565000000003238,2493.58415,-1.4231999999997242,0.013601595503152025,0.012302591609151226,0.011178581268959471,2430.32,2252.39,0.565952902826955,42.62110607931934,-12.374538641630807,-14.868253489107271,2.4937148474764648,2349.295,2462.679910070035,2235.910089929965,0.5167350311326966,49144.43023999999,1.1262843750490497,-712.8411226366358,30.699999999999818,6.210000000000036,25.190000000000055,62.09999999999991,0.49436392914653565,0.462899000095643,0.537100999904357,8.788702664904438,16,1,9,3,False,False,-1,-1,low_vol,bear_stable
2024-09-17 20:00:00,2353.09,2361.6,2328.79,2341.8,26354.3507,1726617599999,61845452.254269,193459.0,12269.9277,28794113.643907,0,-0.004797946529881969,-0.004809493625036067,2339.1960000000004,11.524000000000797,2314.658,3.1109999999998763,2345.4579999999996,-3.837000000000444,2358.6336,0.9850000000001273,2369.4778,-1.450199999999768,2491.95115,-1.6330000000002656,0.013235976098363904,0.01231855926895973,0.011107321643617114,2430.32,2252.39,0.5025009835328509,41.049787313732324,-10.64627579142143,-14.023857949570104,3.377582158148673,2345.4579999999996,2454.0698228710826,2236.8461771289167,0.48316021265778164,47553.48368999999,0.5542044169004184,-126.44676548835744,11.289999999999964,8.509999999999764,13.010000000000218,32.809999999999945,0.3441024078024987,0.4655750331196739,0.5344249668803261,7.34068549827714,20,1,9,3,False,False,-1,-1,low_vol,bear_stable
2024-09-18 00:00:00,2341.79,2343.28,2309.69,2334.79,33269.0484,1726631999999,77439941.549321,292708.0,16621.481,38696497.604043,0,-0.002993423861986644,-0.0029979131162610165,2344.318,5.121999999999844,2317.357,2.699000000000069,2341.7619999999997,-3.6959999999999127,2358.3179999999998,-0.3156000000003587,2368.0483,-1.4295000000001892,2490.8771500000003,-1.0739999999996144,0.0132863668558152,0.012309328319519076,0.010522250699317594,2430.32,2252.39,0.46310346765581945,44.547671582859145,-9.730100899759236,-13.165106539607931,3.4350056398486952,2341.7619999999997,2446.2641185582806,2237.259881441719,0.4666418246051564,46353.92481999999,0.7177180471597444,-99.58836334614857,7.0,1.4900000000002365,25.09999999999991,33.590000000000146,0.20839535576064214,0.4996079479087235,0.5003920520912766,8.798207765990686,0,2,9,3,False,False,-1,-1,low_vol,bear_stable
2024-09-18 04:00:00,2334.79,2336.24,2312.64,2330.0,24340.0227,1726646399999,56622338.950739,173739.0,10891.187,25337902.445783,0,-0.0020515763730356573,-0.002053683738617122,2348.694,4.375999999999749,2321.585,4.2280000000000655,2337.3725,-4.389499999999771,2357.728,-0.5899999999996908,2366.54,-1.508299999999963,2489.6777,-1.1994500000000698,0.012894075414309432,0.012247190104697612,0.01051074968137105,2430.32,2252.39,0.4361827685044681,52.3721755751246,-9.283523980084283,-12.388790027703202,3.105266047618919,2337.3725,2435.61604739765,2239.1289526023497,0.4624784517900242,43430.318579999985,0.5604385023141133,-49.93541549047157,4.789999999999964,1.449999999999818,17.360000000000127,23.59999999999991,0.2029661016949145,0.44746001818642506,0.5525399818135749,7.137996629723768,4,2,9,3,False,False,-1,-1,low_vol,bear_stable
2024-09-18 08:00:00,2330.0,2330.01,2277.34,2300.59,43998.7581,1726660799999,101395840.365835,489005.0,21493.0699,49535647.163081,0,-0.012622317596566512,-0.012702655799450482,2332.054,-16.639999999999873,2324.1220000000003,2.537000000000262,2331.3975,-5.974999999999909,2356.923,-0.805000000000291,2364.5288,-2.011199999999917,2488.28025,-1.39745000000039,0.013531679381080646,0.012462265592006435,0.010602067333571661,2424.49,2252.39,0.2800697269029651,53.901008184915874,-11.17394349908409,-12.14582072197938,0.9718772228952908,2331.3975,2422.753114438769,2240.041885561231,0.3313869367019112,42117.027769999986,1.044678611707267,-555.3662985927034,29.409999999999854,0.010000000000218279,23.25,52.67000000000007,0.5583823808619672,0.4884926490686563,0.5115073509313437,11.114063694447776,8,2,9,3,False,False,-1,-1,low_vol,bear_stable
2024-09-18 12:00:00,2300.6,2318.0,2288.0,2296.0,39254.5568,1726675199999,90317600.568226,576448.0,18109.7881,41680017.4338,0,-0.001995140377033744,-0.0019971333208387452,2320.636,-11.41800000000012,2324.154,0.03199999999969805,2325.0525000000002,-6.3449999999998,2355.5728,-1.3501999999998588,2363.2316,-1.2971999999999753,2486.673,-1.6072500000000218,0.013271398416437015,0.01243401096181249,0.010506002396241946,2423.18,2252.39,0.25534281866619907,47.141467211519746,-12.89385687153026,-12.295427951889558,-0.5984289196407033,2325.0525000000002,2406.7681486656843,2243.336851334316,0.3222341713344274,41506.86447999999,0.9457365014626614,-78.31835125424452,4.599999999999909,17.40000000000009,8.0,30.0,0.1533333333333303,0.4613423147857321,0.5386576852142678,14.684868381955596,12,2,9,3,False,False,-1,-1,low_vol,bear_stable
2024-09-18 16:00:00,2296.0,2364.42,2288.25,2315.19,107978.8702,1726689599999,251180009.122441,808766.0,53910.1379,125426128.842027,0,0.008358013937282305,0.008323279147162733,2315.314,-5.322000000000116,2327.255,3.1010000000001128,2320.469,-4.5835000000001855,2354.8566,-0.7161999999998443,2361.8783,-1.3533000000002176,2485.18635,-1.4866499999998268,0.01337327216069309,0.012629501828905404,0.0105568355272668,2418.72,2252.39,0.37756267660674686,51.35224153705395,-12.563602597845602,-12.349062881080767,-0.2145397167648344,2320.469,2392.583684656937,2248.3543153430633,0.4633985780766206,49454.37399999999,2.1834038420949384,902.4889020635969,19.190000000000055,49.23000000000002,7.75,76.17000000000007,0.2519364579230673,0.4992656229885243,0.5007343770114757,7.490039472555992,16,2,9,3,False,False,-1,-1,low_vol,bear_stable
2024-09-19 08:00:00,2438.07,2442.1,2423.35,2435.35,42639.8525,1726747199999,103755784.388082,318149.0,21372.644,52010158.645612,0,-0.0011115395027193609,-0.0011121577209108342,2393.406,27.86999999999989,2357.0209999999997,8.226000000000113,2334.284,7.848500000000058,2359.042,1.7408000000000357,2358.4527,-0.8890000000001237,2481.5562000000004,-0.8020999999994274,0.011367135718706524,0.012200321439025101,0.010554851003486026,2442.6,2263.29,0.9595672299369806,72.6106075563134,12.620777833808006,-2.328740759732682,14.949518593540688,2334.284,2432.1695646365783,2236.398435363422,1.0162456812464107,48790.00860999999,0.8739464024456135,-47.3958804438769,2.7200000000002547,4.029999999999745,12.0,18.75,0.14506666666668025,0.5012363492580093,0.49876365074199075,7.461306297905228,8,3,9,3,False,False,-1,-1,low_vol,bear_stable
2024-09-19 12:00:00,2435.34,2453.0,2420.48,2440.0,57030.3325,1726761599999,138896299.231964,802215.0,30581.2552,74497521.520267,0,0.0019093764756605847,0.0019075559334296632,2418.368,24.96199999999999,2366.841,9.820000000000164,2340.7495,6.465499999999793,2361.0087999999996,1.9667999999996937,2357.4725999999996,-0.9801000000002205,2480.755,-0.8012000000003354,0.011015570004717928,0.011935654117680376,0.010543008637479926,2453.0,2263.29,0.9314743555953824,70.83519143785439,17.40021384808415,1.6170501618306843,15.783163686253465,2340.7495,2448.6438585619044,2232.8551414380954,0.9599429540287551,51857.60678999999,1.0997486392101976,108.89237527460129,4.6599999999998545,13.0,14.860000000000127,32.51999999999998,0.14329643296432526,0.5362278959183694,0.46377210408163055,14.066461913053024,12,3,9,3,False,False,-1,-1,low_vol,bear_stable
2024-09-19 16:00:00,2439.99,2494.95,2433.41,2460.93,69471.6538,1726775999999,171475822.577955,812525.0,35806.5557,88360905.060555,0,0.008577868852458925,0.008541287977213687,2435.6040000000003,17.23600000000033,2379.455,12.614000000000033,2348.406,7.656500000000051,2363.6756,2.6668000000004213,2356.9219,-0.5506999999997788,2480.0635,-0.6914999999999054,0.010784761396659633,0.011962693256749214,0.01055039003013952,2494.95,2263.29,0.8531468531468531,72.88876906024385,22.616122818265467,5.816864693117641,16.799258125147826,2348.406,2467.597052366448,2229.2149476335517,0.9720320769299411,55477.867329999994,1.2522408871047712,595.9187352598298,20.940000000000055,34.01999999999998,6.579999999999927,61.539999999999964,0.3402664933376676,0.5154124558929097,0.4845875441070902,11.69577742224412,16,3,9,3,False,False,-1,-1,low_vol,bear_stable
2024-09-19 20:00:00,2460.94,2478.8,2452.26,2465.21,31615.9111,1726790399999,77962855.076118,320765.0,15202.6752,37490881.011416,0,0.0017391799035324507,0.0017376692814061758,2447.91,12.305999999999585,2392.9759999999997,13.52099999999973,2357.2805,8.874499999999898,2366.4618,2.786200000000008,2356.3785000000003,-0.5433999999995649,2479.35565,-0.707850000000235,0.010560867802814384,0.011635467585197061,0.01054711296903745,2494.95,2263.29,0.8716222049555391,65.51329929121258,26.786352093270125,10.010762173148137,16.775589920121988,2357.2805,2483.660175993497,2230.9008240065027,0.9270049719290059,56205.45616999998,0.5625060848963485,54.98575721698854,4.269999999999982,13.590000000000146,8.679999999999836,26.539999999999964,0.16088922381311183,0.4808551982549065,0.5191448017450935,10.145682627504604,20,3,9,3,False,False,-1,-1,low_vol,bear_stable
2024-09-20 00:00:00,2465.21,2521.71,2437.31,2520.56,49254.4522,1726804799999,121684027.139206,477606.0,26946.1695,66667135.494964,0,0.022452448270127157,0.022204102494123166,2464.41,16.5,2414.973,21.9970000000003,2369.5474999999997,12.266999999999825,2370.061,3.59920000000011,2356.4882000000002,0.10969999999997526,2478.88375,-0.4719000000000051,0.009575625735732727,0.0121288042298327,0.010945591889223859,2521.71,2263.29,0.9955498800402443,79.16884383599813,34.16375278345049,14.84136029520861,19.32239248824188,2369.5474999999997,2509.3088308277624,2229.786169172237,1.0402513667607496,56731.025579999994,0.8682101494982352,1105.8830400939507,55.34999999999991,1.150000000000091,27.90000000000009,84.40000000000009,0.6558056872037897,0.5470808890652935,0.45291911093470655,9.696707174016646,0,4,9,3,False,False,-1,-1,low_vol,bear_stable
2024-10-08 08:00:00,2428.6,2441.74,2417.4,2439.71,20649.4241,1728388799999,50170124.206937,212340.0,10174.9761,24722224.654527,0,0.004574652062916851,0.0045642201449993414,2434.954,-6.903999999999996,2454.074,-0.16800000000012005,2437.245,2.0054999999997563,2454.9798,-3.803599999999733,2547.7035,-1.323399999999765,2458.61045,0.1708000000003267,0.00972700426146983,0.007558453286655582,0.011081408840997488,2521.0,2390.05,0.3792287132493312,56.40320282949357,-0.15729657410702202,-1.355625997186334,1.198329423079312,2437.245,2489.9614923760323,2384.5285076239675,0.5233797801114786,39633.21732999999,0.5210130665917352,94.46393055710993,11.110000000000127,2.0299999999997453,11.199999999999818,24.33999999999969,0.45645028759245143,0.49274866217697566,0.5072513378230243,10.283095498048297,8,1,10,4,False,False,-1,-1,low_vol,bear_stable
2024-10-08 12:00:00,2439.71,2453.23,2401.18,2419.5,63179.4006,1728403199999,153518108.038929,685301.0,28038.3476,68127342.424456,0,-0.00828377143185055,-0.008318272531344768,2429.73,-5.22400000000016,2452.0209999999997,-2.0530000000003383,2437.465,0.22000000000025466,2450.6134,-4.366399999999885,2545.7745,-1.9290000000000873,2458.64595,0.035499999999956344,0.01007450764119851,0.007700816584590379,0.011103898767193995,2521.0,2390.05,0.2248949980908733,50.481730594437344,-1.9454922242598514,-1.4735992426010376,-0.47189298165881377,2437.465,2489.827907120561,2385.102092879439,0.32845681238975794,43837.00665999999,1.441234368259213,-523.3637137717216,20.210000000000036,13.519999999999982,18.320000000000164,52.05000000000018,0.38828049951969196,0.44378938916365723,0.5562106108363427,10.846905692232857,12,1,10,4,False,False,-1,-1,low_vol,bear_stable
2024-10-08 16:00:00,2419.49,2456.62,2411.17,2440.13,43221.5315,1728417599999,105382635.223367,498757.0,21988.7061,53629992.143782,0,0.008526555073362418,0.008490409323140135,2433.214,3.4839999999999236,2446.5,-5.520999999999731,2438.612,1.1469999999999345,2446.8372,-3.7762000000002445,2544.2287,-1.545799999999872,2458.8989,0.2529500000000553,0.006910014844156933,0.00792711415775733,0.011193733661341855,2521.0,2390.05,0.38243604429171435,52.91677469535909,-1.6786313550151135,-1.5146056650838529,-0.16402568993126065,2438.612,2490.102655503904,2387.1213444960963,0.5147405386972103,41668.54856999999,1.037269906999307,368.53076868981856,20.640000000000327,16.48999999999978,8.319999999999709,45.44999999999982,0.45412541254126315,0.5087442609478102,0.4912557390521897,11.539549448866707,16,1,10,4,False,False,-1,-1,low_vol,bear_stable
2024-10-08 20:00:00,2440.13,2466.66,2434.06,2440.89,20226.2738,1728431999999,49506247.172732,222065.0,10838.3317,26529753.328505,0,0.0003114588157187015,0.00031141032249059133,2433.766,0.5520000000001346,2442.536,-3.963999999999942,2439.906,1.293999999999869,2443.735,-3.1021999999998116,2542.7577,-1.4710000000000036,2459.2462,0.3472999999999047,0.006817921051089745,0.007920444068518592,0.011080548500358247,2521.0,2390.05,0.3882397861779287,48.6497949950516,-1.3897958437264606,-1.4896437008123744,0.09984785708591382,2439.906,2490.185769459031,2389.626230540969,0.5097852477307171,41239.207579999995,0.4904622321067402,6.2996512841502,0.7599999999997635,25.769999999999982,6.070000000000164,32.59999999999991,0.023312883435575634,0.5358540978516765,0.46414590214832346,10.979036583594553,20,1,10,4,False,False,-1,-1,low_vol,bear_stable
2024-10-11 16:00:00,2443.8,2471.45,2433.46,2459.6,54255.9426,1728676799999,132979825.933751,332707.0,26468.7447,64885649.088024,0,0.006461222435459435,0.006440438217377235,2427.9939999999997,14.621999999999844,2410.058,6.430000000000291,2418.548,0.9944999999993342,2419.0916,2.1451999999999316,2505.9725,-1.8700000000003456,2468.9328,0.8150000000000546,0.00776539982093176,0.00932779233218433,0.007995361475766771,2473.61,2330.66,0.9019937040923386,53.136608957734644,-2.2064944380726956,-8.106498108448429,5.9000036703757335,2418.548,2473.4324487993777,2363.663551200622,0.8739857181590704,42891.16206999999,1.2649678857255549,350.5597135841193,15.799999999999727,11.849999999999909,10.340000000000146,37.98999999999978,0.4158989207686185,0.48784968856111993,0.5121503114388801,6.132176201469219,16,4,10,4,False,False,-1,-1,low_vol,bear_stable
2024-10-11 20:00:00,2459.59,2462.31,2434.22,2439.5,26214.1878,1728691199999,64196934.602859,207724.0,11499.1975,28169446.680193,0,-0.008172060497641853,-0.008205634823422719,2433.674,5.680000000000291,2414.428,4.369999999999891,2419.5480000000002,1.0000000000004547,2421.0697999999998,1.9781999999995605,2504.1528,-1.8197000000000116,2469.9016,0.9688000000001011,0.008480994183611831,0.009322320583107753,0.00805575332378424,2473.61,2330.66,0.7613850996852042,46.1866778617408,-0.5240190337081003,-6.590002293500364,6.065983259792263,2419.5480000000002,2475.2285133068726,2363.867486693128,0.6791650149670692,43510.77353999999,0.6024757931711091,-214.223928598145,20.090000000000146,2.7199999999998,5.2800000000002,28.090000000000146,0.7152011391954447,0.4386631234861299,0.5613368765138701,7.924105892000973,20,4,10,4,False,False,-1,-1,low_vol,bear_stable
2024-10-12 00:00:00,2439.49,2451.37,2434.35,2439.04,25581.3859,1728705599999,62482275.500815,196008.0,11809.2442,28847394.490238,0,-0.00018856323017013565,-0.00018858101045119503,2439.9539999999997,6.279999999999745,2417.676,3.2480000000000473,2419.4935,-0.054500000000189175,2422.7804,1.7106000000003405,2502.2692,-1.8835999999996602,2470.73635,0.8347499999999854,0.00844759929109868,0.009126717872192828,0.00802876835579925,2473.61,2330.66,0.7581671913256377,54.26222770242494,0.7634362720900754,-5.119314580382277,5.882750852472352,2419.4935,2475.0912618918237,2363.8957381081764,0.6757849537003977,42819.16686999999,0.5974283894328374,-4.823708757532763,0.4499999999998181,11.88000000000011,4.690000000000055,17.019999999999982,0.026439482961211434,0.4616342619654551,0.5383657380345449,7.662133739204489,0,5,10,4,False,False,-1,-1,low_vol,bear_stable
2024-10-12 04:00:00,2439.05,2451.77,2439.05,2446.69,19107.4669,1728719999999,46736176.732905,116134.0,10503.2856,25690585.982476,0,0.003136479926528546,0.0031315714342772475,2445.728,5.774000000000342,2421.882,4.206000000000131,2419.7835,0.2899999999999636,2424.7182000000003,1.937800000000152,2500.728,-1.5412000000001171,2471.4833000000003,0.7469500000001972,0.00842667713555447,0.00915332995270721,0.00802861414658288,2473.61,2330.66,0.8116824064358166,68.7623079952738,2.3736826082899825,-3.6207151426478252,5.994397750937807,2419.7835,2475.9091771241388,2363.6578228758613,0.7396986671580662,39698.729609999995,0.4813117973222721,59.93018637865862,7.639999999999873,5.079999999999927,0.0,12.7199999999998,0.6006289308176095,0.5496953444938324,0.4503046555061676,6.0779380442103506,4,5,10,4,True,False,-1,-1,low_vol,bear_stable
2024-10-12 08:00:00,2446.68,2467.51,2442.61,2452.5,22359.2388,1728734399999,54834613.822825,149104.0,12919.1818,31689848.541011,0,0.0023746367541452873,0.002371821759800164,2447.466,1.737999999999829,2430.4190000000003,8.537000000000262,2420.0695,0.2860000000000582,2426.427,1.7087999999998829,2499.5461,-1.1819000000000415,2472.22465,0.7413499999997839,0.0058281172461413355,0.009152835980592258,0.007977028405131465,2472.08,2330.66,0.8615471644746152,65.53503530689842,4.071696887554481,-2.0822327366073643,6.1539296241618455,2420.0695,2476.82911814169,2363.3098818583103,0.7856828592384401,32603.665889999986,0.6857891034534831,53.095070249191366,5.820000000000164,15.010000000000218,4.069999999999709,24.90000000000009,0.23373493975904186,0.5778006092049968,0.42219939079500324,6.668563332308075,8,5,10,4,False,False,-1,-1,low_vol,bear_stable
2024-10-12 12:00:00,2452.5,2484.0,2448.8,2473.11,38159.8719,1728748799999,94210132.072642,251956.0,21796.0863,53823108.90483,0,0.00840366972477069,0.00836855548086745,2450.168,2.7020000000002256,2439.0809999999997,8.661999999999352,2421.9245,1.8550000000000182,2428.2572,1.830199999999877,2498.4777,-1.0684000000001106,2473.0185500000002,0.7939000000001215,0.005848308294349241,0.009264381543757451,0.008014596729123807,2484.0,2330.66,0.9289813486370166,68.92904363155577,6.999751415325136,-0.2658359062208644,7.2655873215460005,2421.9245,2483.1286145762615,2360.7203854237387,0.918154076358886,34064.91831999999,1.1202102861815995,320.6829601871578,20.610000000000127,10.889999999999873,3.699999999999818,35.19999999999982,0.5855113636363702,0.5711781831217311,0.4288218168782689,6.602642709605113,12,5,10,4,False,False,-1,-1,low_vol,bear_stable
2024-10-12 16:00:00,2473.1,2486.75,2466.66,2472.6,21868.9413,1728763199999,54136926.183204,193791.0,11289.886,27948395.990253,0,-0.0002062180816867487,-0.00020623934755901115,2456.7879999999996,6.619999999999436,2445.231,6.150000000000546,2423.4695,1.5450000000000728,2429.9852,1.7280000000000655,2497.1807,-1.2970000000000255,2473.8051,0.7865499999998065,0.005435693705167153,0.009259595951533464,0.008014062491875737,2486.75,2330.66,0.9093471715036192,67.02412868632706,9.173358222948082,1.622002919612925,7.551355303335157,2423.4695,2488.232107299444,2358.706892700556,0.879312245512555,33222.82935999999,0.6582504175977866,-4.509771123406113,0.5,13.650000000000091,5.940000000000055,20.090000000000146,0.024888003982080457,0.5162520601763196,0.4837479398236804,8.861471497022126,16,5,10,4,False,False,-1,-1,low_vol,bear_stable
2024-10-12 20:00:00,2472.6,2490.51,2469.1,2476.4,12560.6014,1728777599999,31138833.507837,151130.0,7317.7883,18144318.076166,0,0.0015368438081373448,0.0015356640722505614,2464.26,7.472000000000662,2452.107,6.875999999999749,2424.2245,0.7549999999996544,2431.1722,1.1869999999998981,2495.6467,-1.5340000000001055,2474.72435,0.91924999999992,0.00527332767600571,0.0091005445036231,0.007820153753634816,2490.51,2330.66,0.9117297466374721,68.32456722667615,11.07492072780451,3.512586481251242,7.562334246553268,2424.2245,2491.1596898560397,2357.28931014396,0.8897464107610374,31997.31609999999,0.39255171779860637,19.303682488071264,3.800000000000182,14.110000000000127,3.5,21.41000000000031,0.17748715553480277,0.5825985609255939,0.4174014390744061,12.032067190668116,20,5,10,4,False,False,-1,-1,low_vol,bear_stable
2024-10-13 00:00:00,2476.4,2484.92,2452.55,2457.86,22224.4323,1728791999999,54861998.715449,176910.0,10692.5027,26402045.612618,0,-0.00748667420449034,-0.007514840016709858,2466.494,2.2339999999999236,2456.111,4.003999999999905,2426.2025000000003,1.9780000000005202,2431.7514,0.5792000000001281,2493.9373,-1.7093999999997322,2475.2608,0.5364500000000589,0.00615613540648547,0.008311473549701234,0.00787439341143612,2490.51,2330.66,0.7957460118861431,75.648781590999,10.959564619326557,5.001982108866305,5.957582510460251,2426.2025000000003,2494.7199058178758,2357.685094182125,0.7310179407853523,31311.976919999986,0.7097741658657306,-166.38708400985192,18.539999999999964,8.519999999999982,5.309999999999945,32.36999999999989,0.5727525486561639,0.48111477295192817,0.5188852270480718,7.96015833439309,0,6,10,4,False,False,-1,-1,low_vol,bear_stable
2024-10-13 04:00:00,2457.86,2469.84,2457.32,2465.0,11829.3096,1728806399999,29150900.34771,90318.0,6304.7726,15536045.042131,0,0.0029049661087285905,0.002900754848423182,2468.994,2.5,2458.23,2.119000000000142,2430.929,4.72649999999976,2432.7632,1.0117999999997664,2492.0672,-1.8701000000000931,2475.7882999999997,0.5274999999996908,0.0053111604547244305,0.006750216319879844,0.007830901410104726,2490.51,2330.66,0.8404128870816381,73.84148193136956,11.313863228133414,6.264358332719727,5.049504895413687,2430.929,2496.224851693905,2365.6331483060953,0.7608971252853753,25416.137849999992,0.4654251432618825,34.36374347765776,7.139999999999873,4.8400000000001455,0.5399999999999636,12.519999999999982,0.5702875399360929,0.5329789153544514,0.46702108464554853,7.6351032354415675,4,6,10,4,False,False,-1,-1,low_vol,bear_stable
2024-12-26 00:00:00,3497.0,3514.94,3450.45,3455.71,39490.1081,1735185599999,137308496.753515,400166.0,20193.1513,70231580.970015,0,-0.011807263368601606,-0.011877522697278526,3475.59,-6.701999999999771,3479.7169999999996,4.114999999999782,3416.2699999999995,10.42849999999953,3479.578,-9.765599999999722,3670.7536,-3.9517000000000735,3662.6936499999997,0.866549999999279,0.009778171791499582,0.012421081449460384,0.023233488164023514,3547.95,3216.97,0.7213124660100315,65.76673286458055,9.043909028318012,-5.10294545289539,14.146854481213403,3416.2699999999995,3567.434651952724,3265.105348047275,0.6304537783487077,45060.00941999999,0.8763892553132095,-466.27010679124754,41.289999999999964,17.940000000000055,5.260000000000218,64.49000000000024,0.6402543029927091,0.5113470758009904,0.4886529241990097,10.13332247626843,0,3,12,4,False,False,-1,-1,low_vol,bear_stable
2024-12-26 04:00:00,3455.71,3455.71,3417.95,3422.0,37010.8253,1735199999999,127194347.188182,301772.0,19046.5911,65457915.112766,0,-0.009754869476894745,-0.009802759913958459,3465.782,-9.807999999999993,3472.6099999999997,-7.106999999999971,3423.2785000000003,7.008500000000822,3470.1577999999995,-9.420200000000477,3666.7336,-4.019999999999982,3663.1647500000004,0.47110000000066066,0.006675583137269303,0.012611473831771214,0.023208412232474076,3547.95,3216.97,0.6194634116865073,49.91770441911739,5.523116810095871,-2.9777330002971376,8.500849810393008,3423.2785000000003,3560.5583983674524,3285.9986016325483,0.495343455177326,40288.37793999999,0.9186476892943882,-361.03577003365376,33.710000000000036,0.0,4.050000000000182,37.76000000000022,0.8927436440677924,0.5146221665043498,0.48537783349565017,8.153614450742875,4,3,12,4,False,False,-1,-1,low_vol,bear_stable
2024-12-26 08:00:00,3422.0,3426.0,3346.87,3373.28,75705.1585,1735214399999,255613685.267068,537996.0,38032.0034,128389745.057477,0,-0.014237288135593107,-0.01433961068045541,3445.84,-19.942000000000007,3463.386,-9.223999999999705,3424.3925000000004,1.1140000000000327,3460.6272,-9.530599999999595,3662.5086000000006,-4.224999999999454,3663.3036000000006,0.13885000000027503,0.007540322709493135,0.012292955422830815,0.023236906091454387,3547.95,3260.48,0.39238877100219244,46.57240540070698,-1.184775860136142,-2.6191415722649385,1.4343657121287965,3424.3925000000004,3559.5479725608493,3289.2370274391515,0.3109122071361609,40994.680489999984,1.8467068798954807,-1077.8361549152457,48.7199999999998,4.0,26.41000000000031,79.13000000000011,0.6156956906356594,0.5023700386282132,0.49762996137178683,7.106464218022871,8,3,12,4,False,False,-1,-1,low_vol,bear_stable
2024-12-26 12:00:00,3373.28,3374.0,3328.21,3344.13,52846.6299,1735228799999,177108838.940379,490218.0,25056.2247,84000739.718854,0,-0.00864144097139874,-0.008678994724641358,3418.424,-27.416000000000167,3448.4809999999998,-14.9050000000002,3426.339,1.9464999999995598,3450.5632,-10.06399999999985,3658.8299000000006,-3.6786999999999352,3663.31755,0.013949999999567808,0.006719236483986181,0.012038923232824428,0.023252274239703812,3547.95,3269.35,0.2684134960516878,42.28534363936114,-8.752101731569837,-3.8457336041259182,-4.906368127443919,3426.339,3555.2434509296017,3297.434549070398,0.18112427690764385,42489.876699999986,1.2437463698264866,-456.6710328182057,29.15000000000009,0.7199999999997999,15.920000000000073,45.789999999999964,0.6366018781393342,0.47413098521917285,0.5258690147808271,9.276239580984141,12,3,12,4,False,False,-1,-1,low_vol,bear_stable
2024-12-26 16:00:00,3344.14,3365.01,3313.5,3339.75,51011.9069,1735243199999,170206135.163608,462912.0,27614.6083,92155603.936118,0,-0.0013097576948264411,-0.0013106161771204202,3386.9739999999997,-31.450000000000273,3434.6330000000003,-13.847999999999502,3426.3494999999994,0.010499999999410647,3439.7051999999994,-10.85800000000063,3655.4034,-3.4265000000004875,3663.2430500000005,-0.07449999999971624,0.006787034986179998,0.0118232834757116,0.023191665907023675,3547.95,3269.35,0.2526920315865044,39.63993906661127,-14.93058095583774,-6.062703074468283,-8.867877881369457,3426.3494999999994,3555.224212145225,3297.4747878547737,0.1640167083267175,43845.81847999999,1.163438354407018,-66.81323759004503,4.389999999999873,20.870000000000346,26.25,51.51000000000022,0.08522616967578828,0.5413365227481821,0.4586634772518179,9.074587250922784,16,3,12,4,False,False,-1,-1,low_vol,bear_stable
2024-12-28 16:00:00,3368.39,3413.0,3365.61,3400.87,33164.8093,1735415999999,112476941.888813,241963.0,17209.8432,58372331.602728,0,0.009645586305583098,0.00959936462378802,3361.904,13.472000000000207,3356.964,2.1469999999999345,3383.5080000000003,-3.5084999999999127,3391.1338,5.926199999999881,3611.2224,-5.341300000000047,3661.3049499999997,-0.3548500000006243,0.015119063286512647,0.012060292047448056,0.01826063259170029,3514.94,3304.63,0.457610194474822,53.00119656260195,-17.508354101513305,-21.4487286082592,3.9403745067458935,3383.5080000000003,3495.047634985145,3271.9683650148554,0.577828836369744,44849.31676999999,0.7394718958613917,319.894030411355,32.48000000000002,12.13000000000011,2.7799999999997453,47.38999999999987,0.685376661742986,0.5189188046982076,0.4810811953017924,7.295775404925967,16,5,12,4,False,False,-1,-1,low_vol,bear_stable
2024-12-28 20:00:00,3400.87,3428.68,3389.71,3404.0,24369.4516,1735430399999,82951030.16082,199109.0,12599.4514,42900438.488844,0,0.0009203527332712902,0.0009199294683765638,3373.6020000000003,11.69800000000032,3364.762,7.798000000000229,3380.0585,-3.449500000000171,3391.7216,0.5877999999997883,3606.2083999999995,-5.014000000000578,3660.7329000000004,-0.5720499999993081,0.013968426746214813,0.012062926266936589,0.013527709578170368,3514.94,3304.63,0.4724929865436732,56.903350782925536,-13.373308518177964,-19.83364459024295,6.460336072064987,3380.0585,3483.95124941009,3276.16575058991,0.615222188920504,42127.322729999985,0.5784714057474596,22.428491388382415,3.130000000000109,24.679999999999836,11.159999999999854,38.9699999999998,0.08031819348216898,0.5170182573989478,0.4829817426010522,8.170434167669164,20,5,12,4,False,False,-1,-1,low_vol,bear_stable
2024-12-29 00:00:00,3404.01,3406.6,3375.62,3382.98,20759.3469,1735444799999,70317428.433389,152262.0,9298.6362,31497773.596024,0,-0.006175088131609829,-0.006194232842535355,3383.0919999999996,9.489999999999327,3361.1330000000003,-3.6289999999999054,3375.147,-4.91150000000016,3389.7942,-1.9274000000000342,3600.9044,-5.303999999999633,3660.3278000000005,-0.4050999999999476,0.010831354936412945,0.012091105409980108,0.012804347583272183,3514.94,3304.63,0.37254529028576827,54.80045306149645,-11.658007180599725,-18.198517108314306,6.540509927714581,3375.147,3467.5586005704245,3282.7353994295754,0.5423810428109118,35729.195819999986,0.5810191476064408,-128.19079666216132,21.0300000000002,2.5899999999996908,7.360000000000127,30.980000000000018,0.6788250484183405,0.4479252764931637,0.5520747235068363,7.3346238074570635,0,6,12,4,False,False,-1,-1,low_vol,bear_stable
2024-12-29 04:00:00,3382.98,3407.99,3380.0,3407.61,15629.5688,1735459199999,53025787.345995,115673.0,8267.8833,28056219.390683,0,0.007280563290353426,0.0072541879303890805,3392.768,9.676000000000386,3369.262,8.128999999999905,3370.6775000000002,-4.469499999999698,3388.5022,-1.2919999999999163,3595.4038,-5.500599999999849,3660.2933999999996,-0.03440000000091459,0.005971603803914565,0.01217682873039542,0.012848927845445798,3514.94,3304.63,0.4896581237221247,57.71586558911102,-8.21646901377244,-16.202107489405932,7.985638475633493,3370.6775000000002,3445.1874184848516,3296.167581515149,0.7478361320950085,29643.622499999987,0.5272489487409984,113.79206484933323,24.63000000000011,0.3799999999996544,2.980000000000018,27.98999999999978,0.8799571275455628,0.528989852874252,0.47101014712574796,7.400907950832272,4,6,12,4,False,False,-1,-1,low_vol,bear_stable
2024-12-29 08:00:00,3407.6,3413.78,3390.0,3398.36,21613.8119,1735473599999,73531596.113949,130756.0,9224.9022,31391103.011726,0,-0.002714512517570933,-0.0027182034876444155,3398.764,5.996000000000095,3373.5980000000004,4.33600000000024,3367.81,-2.867500000000291,3387.1166,-1.3856000000000677,3590.676,-4.727800000000116,3660.1121499999995,-0.18125000000009095,0.0057376834689482495,0.011928074609494993,0.01285271782955764,3455.71,3304.63,0.620399788191687,52.178809469087575,-6.16436396553172,-14.19455878463109,8.03019481909937,3367.81,3432.2787625703795,3303.3412374296204,0.7369364540435316,26646.79150999999,0.8111224907467297,-58.67096295497359,9.239999999999782,6.180000000000291,8.360000000000127,23.7800000000002,0.38856181665263684,0.42680588887701015,0.5731941111229898,6.049650131358828,8,6,12,4,False,False,-1,-1,low_vol,bear_stable
2024-12-29 12:00:00,3398.37,3410.92,3354.68,3373.82,35645.2469,1735487999999,120524619.251489,279658.0,17329.9411,58595944.897587,0,-0.007221130192210379,-0.007247328751162527,3393.3540000000003,-5.4099999999998545,3377.629,4.030999999999494,3365.4010000000003,-2.4089999999996508,3384.1238,-2.9927999999999884,3585.5981,-5.077899999999772,3660.0072500000006,-0.10489999999890642,0.005863816928343305,0.0118407470458694,0.012666459852012027,3444.16,3304.63,0.4958790224324531,55.88293211244035,-6.44394703069338,-12.644436433843548,6.2004894031501685,3365.4010000000003,3424.74043355581,3306.0615664441907,0.5709393357461162,26961.158749999984,1.3220962507777978,-257.3989685983834,24.549999999999727,12.550000000000182,19.140000000000327,56.24000000000024,0.43652204836414693,0.48617817541333963,0.5138218245866604,7.845590206867104,12,6,12,4,False,False,-1,-1,low_vol,bear_stable
2024-12-29 16:00:00,3373.82,3376.21,3345.9,3362.6,25174.7717,1735502399999,84539703.924296,207813.0,12279.8058,41242641.115548,0,-0.0033256071752495453,-0.003331149297483835,3385.0739999999996,-8.280000000000655,3379.3379999999997,1.7089999999998327,3364.8670000000006,-0.5339999999996508,3382.5312000000004,-1.5925999999994929,3579.8958,-5.702300000000378,3660.2052000000003,0.19794999999976426,0.005959461346641096,0.011425460897405435,0.01225947363842839,3444.16,3304.63,0.4154662079839454,41.26083335903524,-7.484601032963383,-11.612469353667516,4.127868320704133,3364.8670000000006,3424.1000164332113,3305.63398356679,0.4808637130395264,26854.760639999986,0.9374416714220252,-83.72140140078919,11.220000000000255,2.3899999999998727,16.699999999999818,30.309999999999945,0.37017485978225917,0.4877822109504969,0.5122177890495031,8.254811701033221,16,6,12,4,False,False,-1,-1,low_vol,bear_stable
2024-12-29 20:00:00,3362.59,3368.35,3326.17,3356.48,37434.1357,1735516799999,125311521.076586,284335.0,18316.1197,61325928.000499,0,-0.001820020222446872,-0.0018216784715887025,3379.7740000000003,-5.299999999999272,3381.433,2.0950000000002547,3365.4845,0.6174999999993815,3381.8527999999997,-0.6784000000006927,3574.6042,-5.291599999999562,3660.506,0.30079999999952634,0.005894368579529544,0.011257536662961724,0.012077956558935427,3444.16,3304.63,0.37160467283021575,56.35214827295702,-8.702838772257564,-11.030543237385526,2.3277044651279617,3365.4845,3424.0611364327706,3306.9078635672295,0.4231391511329382,28201.409659999994,1.3273852673079465,-68.1308839838204,6.110000000000127,5.7599999999997635,30.309999999999945,42.179999999999836,0.14485538169749054,0.48928923714939676,0.5107107628506032,7.5956074498068356,20,6,12,4,False,False,-1,-1,low_vol,bear_stable
2024-12-30 00:00:00,3356.48,3437.59,3347.77,3403.76,63632.2232,1735531199999,216618220.149793,458478.0,36843.0598,125392138.633289,0,0.014086185527695694,0.013987897146514458,3379.004,-0.7700000000004366,3385.886,4.4529999999999745,3368.685,3.20049999999992,3382.7302,0.877400000000307,3569.6268,-4.977400000000216,3661.02175,0.5157500000000255,0.007045815180956346,0.011664689126783723,0.012172857809986113,3444.16,3304.63,0.7104565326453113,59.52343750000004,-5.786496958060525,-9.981733981520525,4.195237023460001,3368.685,3428.326369428912,3309.0436305710878,0.7940492508459829,31868.67392999999,1.9967013167780094,896.3353015349421,47.2800000000002,33.82999999999993,8.710000000000036,89.82000000000016,0.5263861055444234,0.5790000403443393,0.4209999596556607,7.205123079842353,0,0,12,4,False,False,-1,-1,low_vol,bear_stable
2024-12-30 04:00:00,3403.75,3432.65,3388.6,3427.0,49424.5964,1735545599999,168764277.816457,267428.0,26993.4245,92163641.053701,0,0.00682774343666992,0.006804539954855199,3384.732,5.7280000000000655,3391.7479999999996,5.861999999999625,3373.2825,4.5974999999998545,3384.4918,1.7615999999998166,3565.0346999999997,-4.5921000000003005,3661.5331,0.5113500000002205,0.007251877776388865,0.011719923026947493,0.01216914460283593,3444.16,3306.6,0.875254434428614,68.13579049466533,-1.5817676511187528,-8.301740715440172,6.719973064321419,3373.2825,3436.098484179257,3310.4665158207426,0.9275782724879966,32684.79623999999,1.5121586206957496,337.45846368015975,23.25,5.650000000000091,15.150000000000091,44.05000000000018,0.5278093076049921,0.5461536657080319,0.453846334291968,5.410828200511112,4,0,12,4,False,False,-1,-1,low_vol,bear_stable
2024-12-30 08:00:00,3427.01,3434.35,3395.05,3424.13,41773.7823,1735559999999,142849350.589034,250845.0,21597.3771,73852882.285918,0,-0.0008374671724540317,-0.0008378180439957769,3394.7940000000003,10.062000000000353,3394.0739999999996,2.326000000000022,3375.5190000000002,2.236500000000433,3385.8468,1.3550000000000182,3560.0962,-4.938499999999749,3661.8486,0.3154999999997017,0.006722114278839659,0.011387809657135664,0.01215221141445608,3444.16,3306.6,0.8543908112823513,65.81127825597295,1.501615910172859,-6.341069390317566,7.842685300490425,3375.5190000000002,3442.3113462049855,3308.726653795015,0.8638964848667917,33545.69353999999,1.2452800312561374,-34.984171345491276,2.880000000000109,7.339999999999691,29.079999999999927,39.29999999999973,0.0732824427480949,0.5170079392116715,0.4829920607883284,6.0048428987958795,8,0,12,4,False,False,-1,-1,low_vol,bear_stable
2024-12-30 16:00:00,3324.16,3408.56,3317.5,3401.93,73974.9031,1735588799999,249617265.513721,541526.0,39150.4052,132194479.970514,0,0.02339538409703512,0.023125907018154163,3396.196,9.090000000000146,3387.9849999999997,1.894999999999527,3374.559,-0.8670000000001892,3386.1,0.4179999999996653,3549.1808,-5.0890000000003965,3661.0563500000003,-0.2925000000000182,0.014016554037634079,0.012221263656910219,0.01307815177333067,3437.59,3305.0,0.7310506071347743,55.43699704594069,-2.1930415273764083,-5.148821512914953,2.9557799855385447,3374.559,3439.679678226039,3309.4383217739614,0.7101559807546295,46830.720959999984,1.5796234092399508,1730.671271565454,77.76999999999998,6.630000000000109,6.6599999999998545,91.05999999999995,0.8540522732264444,0.5292390197128897,0.47076098028711033,7.320401613341215,16,0,12,4,False,False,-1,-1,low_vol,bear_stable
2024-12-30 20:00:00,3401.93,3419.0,3308.87,3361.84,87984.973,1735603199999,295093888.542105,478295.0,43159.2405,144800044.48166,0,-0.011784487041179514,-0.011854474496151231,3387.8120000000004,-8.38399999999956,3383.4080000000004,-4.576999999999316,3376.335,1.77599999999984,3387.2891999999997,1.1891999999998006,3543.5915999999997,-5.589200000000346,3660.1016,-0.9547500000003311,0.014307669949636984,0.010837297264402291,0.012754529971571518,3437.59,3305.0,0.4286899464514676,49.2280817713989,-3.8919920486910087,-4.897455620070164,1.0054635713791553,3376.335,3437.7482272739207,3314.9217727260793,0.3819879638034001,54066.261379999996,1.627354486037148,-1036.8577741370295,40.08999999999969,17.070000000000164,52.970000000000255,110.13000000000011,0.3640243348769604,0.4905296782894961,0.5094703217105039,5.4360987301774815,20,0,12,4,False,False,-1,-1,low_vol,bear_stable
2024-12-31 00:00:00,3361.83,3365.04,3315.59,3340.18,41362.5257,1735617599999,138164810.34886,308408.0,18401.4662,61468055.37593,0,-0.006442900316493416,-0.0064637453820954255,3370.4479999999994,-17.364000000000942,3377.59,-5.818000000000211,3375.594,-0.7409999999999854,3389.15,1.8608000000003813,3538.0481,-5.543499999999767,3658.8545,-1.2471000000000458,0.014398106568368946,0.010772792476345137,0.012553424701935679,3437.59,3305.0,0.26532921034768686,42.64880447685263,-6.90658870158768,-5.299282236373667,-1.6073064652140125,3375.594,3438.4322157941983,3312.755784205802,0.2182128776858913,56041.132759999986,0.738074404690174,-266.49462992349703,21.65000000000009,3.2100000000000364,24.58999999999969,49.44999999999982,0.43781597573306713,0.4448825570629987,0.5551174429370013,7.456217790878278,0,1,12,4,False,False,-1,-1,low_vol,bear_stable
2024-12-31 04:00:00,3340.19,3363.42,3328.77,3353.64,24854.5842,1735631999999,83254558.483837,231811.0,12694.1548,42525301.87933,0,0.004029722949062675,0.004021625362270895,3356.35,-14.097999999999502,3375.572,-2.018000000000029,3376.6004999999996,1.0064999999995052,3390.5861999999997,1.4361999999996442,3532.6944,-5.353700000000117,3657.3563,-1.498199999999997,0.01435232616488919,0.010707200289418609,0.01247986438241921,3437.59,3305.0,0.3668451617769049,44.048969559463025,-8.11601241879589,-5.862628272858112,-2.253384145937778,3376.6004999999996,3437.205694661742,3315.995305338257,0.31057316845404326,54962.06648999998,0.45221342258887126,100.15708834015058,13.449999999999818,9.7800000000002,11.420000000000073,34.65000000000009,0.3881673881673819,0.5107369609506482,0.4892630390493517,9.32668992306055,4,1,12,4,False,False,-1,-1,low_vol,bear_stable
2024-12-31 08:00:00,3353.64,3410.0,3352.79,3394.73,44537.3245,1735646399999,150918953.725036,322815.0,23136.9576,78389871.458958,0,0.012252358631218652,0.012177906015063801,3370.464,14.114000000000033,3378.785,3.212999999999738,3379.0615,2.46100000000024,3391.4607999999994,0.8745999999996457,3528.0506,-4.643799999999828,3656.3359499999997,-1.020350000000235,0.014849182564789041,0.011015541996540711,0.012243222566626683,3437.59,3305.0,0.6767478693717469,51.32561655272006,-5.693241685340581,-5.828750955354606,0.13550927001402524,3379.0615,3438.33362863243,3319.7893713675694,0.6321742643761514,56898.321769999995,0.7827528671237997,545.687272248961,41.090000000000146,15.269999999999982,0.849999999999909,57.210000000000036,0.7182310784827848,0.5194959028129317,0.4805040971870683,7.248190223011712,8,1,12,4,False,False,-1,-1,low_vol,bear_stable
2024-12-31 12:00:00,3394.74,3451.0,3393.12,3412.85,95324.0163,1735660799999,326280346.572731,445551.0,44609.3827,152731397.029693,0,0.005337685176729723,0.0053234902249249295,3372.648,2.1840000000001965,3384.422,5.637000000000171,3382.9275000000002,3.86600000000044,3393.6138,2.153000000000702,3523.4762,-4.574399999999969,3655.4382,-0.8977499999996326,0.014867909228036873,0.011022732403585044,0.012093804574947487,3451.0,3305.0,0.7386986301369857,50.599981679948684,-2.284709154168013,-5.119942595117288,2.835233440949275,3382.9275000000002,3440.3004846107538,3325.5545153892467,0.7607716872584597,62687.30983,1.5206270066223386,508.8095887908525,18.110000000000127,38.15000000000009,1.6199999999998909,57.88000000000011,0.3128887353144453,0.46797632361195424,0.5320236763880458,4.674068690074696,12,1,12,4,False,False,-1,-1,low_vol,bear_stable
2024-12-31 16:00:00,3412.86,3416.35,3330.0,3355.38,65968.4251,1735675199999,222589441.325634,465429.0,31141.6717,105088068.357141,0,-0.01683929853348365,-0.01698269155912236,3371.3559999999998,-1.292000000000371,3379.584,-4.838000000000193,3382.7349999999997,-0.1925000000005639,3393.9306,0.3168000000000575,3518.2852000000003,-5.1909999999998035,3654.11255,-1.3256500000002234,0.015232555151234478,0.011631623075767388,0.012261066311142882,3451.0,3305.0,0.34506849315068566,45.568158383171784,-4.172671311749127,-4.930488338443656,0.7578170266945286,3382.7349999999997,3440.4674757643616,3325.002524235638,0.26308828230708114,62920.93001999999,1.0484337259323937,-1110.8620040426558,57.48000000000002,3.4899999999997817,25.38000000000011,86.34999999999991,0.6656629994209621,0.4720693521604172,0.5279306478395829,7.0553298687132076,16,1,12,4,False,False,-1,-1,low_vol,bear_stable
2024-12-31 20:00:00,3355.37,3364.64,3328.47,3337.78,31006.2927,1735689599999,103654833.590093,247772.0,16527.1171,55258098.38956,0,-0.0052453075359572,-0.005259112456727462,3370.876,-0.47999999999956344,3370.6620000000003,-8.92199999999957,3381.2050000000004,-1.5299999999992906,3395.1422000000002,1.2116000000000895,3513.2110000000002,-5.074200000000019,3653.09255,-1.0199999999999818,0.014991054609539478,0.01167009479642807,0.011984071914305885,3451.0,3305.0,0.22452054794520684,46.22981002594359,-7.008280736500183,-5.346046818054962,-1.6622339184452208,3381.2050000000004,3442.075876451616,3320.334123548385,0.1433023267332327,61079.09964999999,0.5076416135416955,-162.63754076140472,17.58999999999969,9.269999999999982,9.3100000000004,36.17000000000007,0.48631462538013975,0.5330246108397215,0.4669753891602785,7.9910230609414326,20,1,12,4,False,False,-1,-1,low_vol,bear_stable
2025-01-01 00:00:00,3337.78,3368.42,3335.84,3355.2,27833.8566,1735703999999,93391717.368208,168272.0,15699.7199,52677358.093164,0,0.005219037803569915,0.005205465827063961,3371.1880000000006,0.3120000000003529,3363.7690000000002,-6.893000000000029,3378.9215000000004,-2.2835000000000036,3395.482,0.339799999999741,3507.9869,-5.224100000000362,3651.9932999999996,-1.099250000000211,0.015188214199181805,0.01151060892138347,0.011716077315466073,3451.0,3305.0,0.3438356164383549,49.23578982154659,-7.760415975419619,-5.828920649527894,-1.9314953258917251,3378.9215000000004,3440.1119059472385,3317.7310940527623,0.30616650900751824,59685.10707999999,0.4663450894490714,145.26594981454397,17.419999999999618,13.220000000000255,1.9400000000000546,32.57999999999993,0.5346838551258335,0.5640511886520246,0.43594881134797536,6.0455869417678905,0,2,1,1,False,False,-1,-1,low_vol,bear_stable
2025-01-01 04:00:00,3355.2,3356.61,3336.88,3347.12,20068.2829,1735718399999,67121317.282602,89179.0,10238.9887,34250120.740999,0,-0.002408202193609932,-0.0024111065763434687,3361.666,-9.52200000000039,3366.065,2.2959999999998217,3376.0775000000003,-2.844000000000051,3393.9738,-1.5081999999997606,3502.5105,-5.476400000000012,3650.83495,-1.1583499999997002,0.01183706959321243,0.01151134072949789,0.01114639646630599,3451.0,3305.0,0.28849315068493075,49.03727474697604,-8.905816336676253,-6.444299786957567,-2.461516549718686,3376.0775000000003,3437.646289042812,3314.5087109571887,0.2648362063783248,51291.51840999999,0.39125928656632264,-48.32848290176468,8.079999999999927,1.4100000000003092,10.239999999999782,19.730000000000018,0.40952863659401517,0.5102075125719899,0.48979248742801007,4.443778296547733,4,2,1,1,False,False,-1,-1,low_vol,bear_stable
2025-01-01 08:00:00,3347.11,3348.84,3313.88,3341.0,39620.2004,1735732799999,131940382.950071,210861.0,18891.8331,62919985.165217,0,-0.001828437582160114,-0.00183011121455544,3347.296,-14.370000000000346,3359.972,-6.092999999999847,3373.9785,-2.09900000000016,3392.855,-1.118800000000192,3496.8795999999998,-5.630900000000111,3649.62085,-1.214100000000144,0.008764368152524765,0.011444943020961103,0.011101581881148488,3451.0,3305.0,0.2465753424657534,42.9476806903991,-10.189924125847028,-7.193424654735459,-2.9964994711115693,3373.9785,3437.391217394511,3310.5657826054894,0.2399693519295949,47856.048139999984,0.8279037225157726,-72.44306342407518,6.110000000000127,1.7300000000000182,27.11999999999989,34.960000000000036,0.17477116704805837,0.4768232595814937,0.5231767404185064,5.322057886410892,8,2,1,1,False,False,-1,-1,low_vol,bear_stable
2025-01-01 12:00:00,3341.01,3359.37,3328.2,3352.93,30899.7402,1735747199999,103334828.875165,238224.0,16491.4013,55159262.287665,0,0.0035707871894641308,0.0035644270648255865,3346.8059999999996,-0.49000000000023647,3359.0809999999997,-0.8910000000005311,3371.2445,-2.7340000000003783,3391.8891999999996,-0.9658000000003995,3490.8180000000007,-6.061599999999089,3648.66305,-0.9577999999996791,0.008137793440702415,0.011340741113033672,0.011112892351795743,3451.0,3305.0,0.3282876712328756,41.459702525077795,-10.128186078891304,-7.7803769395666285,-2.347809139324675,3371.2445,3433.251353432658,3309.2376465673415,0.35231874392811946,42147.52485999998,0.733132972876548,110.33639646392982,11.919999999999618,6.440000000000055,12.8100000000004,31.170000000000073,0.3824189926210969,0.5337067947257369,0.4662932052742631,7.709579383453845,12,2,1,1,False,False,-1,-1,low_vol,bear_stable
2025-01-01 16:00:00,3352.93,3364.14,3323.03,3356.55,35964.8595,1735761599999,120293277.728449,288725.0,19546.1187,65385926.558246,0,0.001079652721649449,0.0010790703158094393,3350.56,3.75400000000036,3360.718,1.637000000000171,3369.154,-2.0904999999997926,3390.729,-1.1601999999998043,3484.9575,-5.860500000000684,3647.4721000000004,-1.1909499999997024,0.007842557660542183,0.011337834044776299,0.011098503366629058,3451.0,3305.0,0.3530821917808232,42.221454880294665,-9.675619961431039,-8.159425543939511,-1.516194417491528,3369.154,3430.122173025709,3308.185826974291,0.3966345933091599,41607.75823999998,0.8643786885260467,38.82955844291504,3.6200000000003456,7.589999999999691,29.899999999999636,41.10999999999967,0.08805643395768364,0.5434782443679503,0.45652175563204966,8.027975196177257,16,2,1,1,False,False,-1,-1,low_vol,bear_stable
2025-01-01 20:00:00,3356.56,3374.85,3352.0,3360.38,35851.6465,1735775999999,120531871.49147,186958.0,18649.96,62692605.442171,0,0.001141052568857992,0.00114040206316931,3351.596,1.0360000000000582,3361.392,0.6739999999999782,3368.482,-0.6720000000000255,3388.0751999999998,-2.6538000000000466,3478.8212,-6.136300000000119,3646.2042500000007,-1.2678499999997257,0.007751458766680704,0.011232865256954156,0.010581475951409016,3451.0,3305.0,0.37931506849315144,55.35386980429261,-8.90525482710882,-8.308591400573373,-0.5966634265354465,3368.482,3429.5298516712232,3307.4341483287767,0.43364221853675006,42707.46446999999,0.8394702646228066,40.90861333661364,3.8200000000001637,14.4699999999998,4.559999999999945,22.84999999999991,0.16717724288841046,0.5201981448746015,0.4798018551253986,5.214767472394887,20,2,1,1,False,False,-1,-1,low_vol,bear_stable
2025-01-02 00:00:00,3360.39,3405.6,3354.5,3388.55,52198.498,1735790399999,176892089.212373,313371.0,26691.2136,90451552.292014,0,0.008382980496253412,0.008348038458389403,3359.882,8.286000000000058,3360.774,-0.6179999999999382,3369.7794999999996,1.2974999999996726,3386.5358,-1.5393999999996595,3473.61,-5.211199999999735,3645.23305,-0.9712000000008629,0.007158420022269848,0.011362431883503894,0.010606692298638639,3451.0,3305.0,0.572260273972604,47.68239451257541,-5.953028527259448,-7.837478825910589,1.8844502986511404,3369.7794999999996,3431.401347620775,3308.157652379224,0.6523039370347616,43473.581819999985,1.2006946705271504,437.57899066772273,28.16000000000031,17.049999999999727,5.889999999999873,51.09999999999991,0.5510763209393417,0.5113406443227543,0.4886593556772457,6.003448604977101,0,3,1,1,False,False,-1,-1,low_vol,bear_stable
2025-01-02 04:00:00,3388.54,3427.54,3388.0,3420.05,45379.1947,1735804799999,154684017.923212,238759.0,23335.7727,79554424.546334,0,0.00929601156837001,0.009253069573872131,3375.6920000000005,15.8100000000004,3361.494,0.7200000000002547,3372.958,3.17850000000044,3385.0732000000003,-1.4625999999998385,3468.3984,-5.2116000000000895,3644.3722500000003,-0.8607999999994718,0.007592420895398107,0.01151658082105878,0.0106294804160497,3451.0,3305.0,0.7880136986301383,60.392044845931395,-1.0593694202298138,-6.481856944774433,5.42248752454462,3372.958,3438.1462080391543,3307.769791960846,0.8612002953947979,38479.099659999985,1.17932059484159,421.84551889451507,31.51000000000022,7.489999999999782,0.5399999999999636,39.539999999999964,0.7969145169448723,0.5142394626936825,0.4857605373063176,5.261419943179379,4,3,1,1,False,False,-1,-1,low_vol,bear_stable
2025-01-02 08:00:00,3420.06,3476.0,3414.21,3471.18,51457.6321,1735819199999,177588626.597733,320702.0,26301.6426,90767951.388066,0,0.01495007382932978,0.014839422938476416,3399.3419999999996,23.64999999999918,3373.0739999999996,11.579999999999472,3376.329,3.3710000000000946,3384.9321999999997,-0.14100000000053114,3462.5414,-5.856999999999971,3643.44255,-0.929700000000139,0.006170114384265365,0.011569735609360966,0.010831018267111902,3476.0,3305.0,0.971812865497075,71.16043160819287,6.865513007446225,-3.8123829543303014,10.677895961776526,3376.329,3454.0012696299095,3298.656730370091,1.1105847070772044,37028.02035999999,1.3896943881879193,769.29539897749,51.11999999999989,4.820000000000164,5.849999999999909,61.789999999999964,0.827318336300371,0.5111320036819184,0.4888679963180817,6.232350516571865,8,3,1,1,False,False,-1,-1,low_vol,bear_stable
2025-01-02 12:00:00,3471.18,3509.99,3440.38,3463.51,100117.958,1735833599999,347734703.3933,670037.0,49218.8143,170986893.141619,0,-0.002209623240511771,-0.0022120680600282217,3420.7339999999995,21.391999999999825,3385.647,12.57300000000032,3378.1544999999996,1.8254999999994652,3384.4179999999997,-0.5142000000000735,3457.3140999999996,-5.227300000000469,3642.24475,-1.1978000000003703,0.005757527264297045,0.011508317816264348,0.01082584014613163,3509.99,3305.0,0.7732572320601023,68.08559670781906,12.384375160098898,-0.5730313314444615,12.95740649154336,3378.1544999999996,3462.2884652233165,3294.020534776683,1.0072594627713158,43939.18688999999,2.278557367268569,-221.2229667893814,7.669999999999618,38.809999999999945,23.13000000000011,69.60999999999967,0.11018531820140287,0.4916082517384144,0.5083917482615856,6.692475689526149,12,3,1,1,False,False,-1,-1,low_vol,bear_stable
2025-01-02 16:00:00,3463.52,3491.19,3428.99,3463.18,59125.0848,1735847999999,204717078.732366,528865.0,29193.6289,101076099.681535,0,-9.527906661177532e-05,-9.528360595038078e-05,3441.2940000000003,20.560000000000855,3396.4449999999997,10.797999999999774,3380.107,1.9525000000003274,3384.2608,-0.15719999999964784,3451.5958,-5.7182999999995445,3641.2922000000003,-0.9525499999995191,0.0058482669749562125,0.011504657880351842,0.0108006091681516,3509.99,3305.0,0.7716473974340212,63.01380280619037,16.540812742262005,2.849737483296832,13.691075258965174,3380.107,3470.3258373607455,3289.8881626392545,0.9603971988013291,47068.30970999999,1.2561548346283289,-5.633382893086064,0.3400000000001455,27.670000000000073,34.190000000000055,62.20000000000027,0.005466237942124502,0.4937604571520209,0.5062395428479791,8.944849750135157,16,3,1,1,False,False,-1,-1,low_vol,bear_stable
2025-01-12 04:00:00,3286.0,3289.41,3263.49,3266.87,17101.3936,1736668799999,56036276.611814,116137.0,8562.7521,28057367.270233,0,-0.005821667681071285,-0.005838679645833961,3277.096,-1.3879999999994652,3269.451,2.173000000000229,3272.6115,-3.0210000000001855,3444.522,-6.842800000000352,3420.1450999999997,-0.7725999999997839,3539.4875,-2.2256499999998596,0.008022213335883162,0.012391032181748892,0.011869604331208367,3357.27,3158.0,0.5463441561700201,56.93301143139706,-40.142004829688176,-52.12595700658451,11.98395217689633,3272.6115,3340.0729064405027,3205.1500935594972,0.4574460398697456,29915.71438999999,0.5716525227195153,-99.55863042239932,19.13000000000011,3.4099999999998545,3.380000000000109,25.920000000000073,0.7380401234567923,0.5007049308542901,0.49929506914570987,6.7910839734137225,4,6,1,1,False,False,-1,-1,low_vol,bear_stable
2025-01-12 08:00:00,3266.87,3271.36,3224.49,3253.02,30127.3285,1736683199999,97757130.525645,192492.0,13489.7193,43778487.928562,0,-0.004239532029128745,-0.004248544326008767,3273.434,-3.661999999999807,3265.187,-4.264000000000124,3269.0255,-3.5859999999997854,3437.623,-6.898999999999887,3419.2778,-0.8672999999998865,3537.3406,-2.146900000000187,0.006174988331061428,0.012414231673764932,0.0118730900467064,3343.36,3158.0,0.5126240828657742,49.79067820262351,-39.05835464183565,-49.512436533634734,10.454081891799085,3269.0255,3332.3154840665266,3205.735515933474,0.3735542421437785,24148.220399999987,1.2476003614742566,-127.72577412783328,13.849999999999909,4.4900000000002365,28.5300000000002,46.870000000000346,0.2954981864732197,0.4477569028398917,0.5522430971601083,6.3892820765704466,8,6,1,1,False,False,-1,-1,low_vol,bear_stable
2025-01-12 12:00:00,3253.03,3296.14,3247.89,3285.68,45904.0573,1736697599999,150097793.736966,264135.0,23924.3348,78285392.686982,0,0.010039901383944727,0.0099898363935513,3274.88,1.4459999999999127,3267.0510000000004,1.8640000000004875,3268.8740000000003,-0.1514999999999418,3431.4557999999997,-6.167200000000321,3418.7841,-0.4936999999999898,3535.09625,-2.2443499999999403,0.006511479710556727,0.012422662273782055,0.011993146081293558,3337.0,3158.0,0.713296089385474,48.30624820408031,-35.15887538193056,-46.6417243032939,11.482848921363342,3268.8740000000003,3331.9798237030977,3205.7681762969028,0.6331572825914534,26115.09118999999,1.7577597936007827,460.87220841494803,32.649999999999636,10.460000000000036,5.140000000000327,48.25,0.6766839378238266,0.5211812682187463,0.47881873178125367,5.754066536510706,12,6,1,1,False,False,-1,-1,low_vol,bear_stable
2025-01-12 16:00:00,3285.68,3300.0,3268.66,3280.12,25565.4361,1736711999999,83979424.720455,187661.0,11035.5555,36251112.614676,0,-0.0016921915706946677,-0.0016936249441071363,3274.3379999999997,-0.5420000000003711,3271.383,4.331999999999425,3267.8095000000003,-1.0644999999999527,3425.018,-6.437799999999697,3417.7913,-0.9927999999999884,3532.7463000000002,-2.349949999999808,0.005619059019504362,0.012394500267923107,0.011979681784693445,3337.0,3158.0,0.6822346368715078,44.80406051217822,-32.14658963263764,-43.74269736916265,11.596107736525006,3267.8095000000003,3329.302086964302,3206.3169130356987,0.6000974313143325,26313.127429999986,0.9715848550504288,-43.261615469553156,5.559999999999945,14.320000000000164,11.460000000000036,31.340000000000146,0.17740906190172048,0.43165919238905537,0.5683408076109446,7.340418495736125,16,6,1,1,False,False,-1,-1,low_vol,bear_stable
2025-01-12 20:00:00,3280.11,3289.31,3234.38,3267.3,29843.3716,1736726399999,97236982.430101,240808.0,12761.3791,41579787.503121,0,-0.003908393595356219,-0.003916051325064405,3270.5979999999995,-3.7400000000002365,3274.541,3.1580000000003565,3265.1454999999996,-2.6640000000006694,3418.2077999999997,-6.81020000000035,3417.2041000000004,-0.5871999999994841,3531.2440500000002,-1.5022500000000036,0.005846778030450148,0.01233488767753821,0.011973050580765261,3327.91,3158.0,0.6432817373903847,54.43696940573449,-30.4428718560398,-41.08273226653808,10.63986041049828,3265.1454999999996,3321.4060829949394,3208.88491700506,0.5191475086580096,27093.073609999985,1.1015129560266979,-116.63964242527567,12.809999999999945,9.199999999999818,32.92000000000007,54.929999999999836,0.23320589841616574,0.42761184195421137,0.5723881580457887,8.069061472933575,20,6,1,1,False,False,-1,-1,low_vol,bear_stable
2025-01-13 00:00:00,3267.3,3339.0,3235.69,3242.72,74893.5146,1736740799999,245964854.018196,562793.0,38086.3967,125176134.798125,0,-0.007523031249043632,-0.0075514719787474005,3265.768,-4.8299999999994725,3271.432,-3.1090000000003783,3267.5,2.354500000000371,3410.4394,-7.768399999999474,3415.4386,-1.7655000000004293,3529.3135500000003,-1.9304999999999382,0.005017154827020491,0.008974974730949438,0.011936724972919983,3339.0,3158.0,0.4680662983425403,38.17141835731522,-30.72192064239698,-39.01056994170986,8.28864929931288,3267.5,3314.727506703794,3220.272493296206,0.23765288780309984,31189.608409999986,2.4012329239756567,-563.4262506865055,24.580000000000382,71.69999999999982,7.029999999999745,103.30999999999995,0.2379246926725428,0.5085406513957351,0.4914593486042649,7.51457590160951,0,0,1,1,False,False,-1,-1,low_vol,bear_stable
2025-01-13 04:00:00,3242.73,3260.49,3181.3,3201.66,60066.4461,1736755199999,193206562.141082,421093.0,28956.4988,93183603.463125,0,-0.012662209503133126,-0.012743058487452365,3255.496,-10.271999999999935,3264.4649999999997,-6.967000000000098,3266.623,-0.8769999999999527,3401.335,-9.104400000000169,3414.1919999999996,-1.2466000000003987,3527.1806,-2.1329500000001644,0.006233363714757437,0.00931090270648452,0.011950225625402013,3339.0,3181.3,0.12910589727330182,36.16120565574464,-33.86588284660911,-37.98163252268971,4.115749676080597,3266.623,3318.088288496065,3215.157711503935,-0.13113412844238767,34938.63643999999,1.719198349459113,-760.5739246268537,41.070000000000164,17.759999999999764,20.359999999999673,79.1899999999996,0.5186260891526755,0.4820744472178786,0.5179255527821214,7.010453045598115,4,0,1,1,False,False,-1,-1,low_vol,bear_stable
2025-01-23 04:00:00,3227.0,3234.0,3185.0,3233.48,55874.4651,1737619199999,179372106.555552,351591.0,27666.0497,88843702.96159,0,0.00203289824352626,0.002030834702065273,3248.6760000000004,-18.613999999999578,3284.868,-6.162000000000262,3297.9955,0.9179999999996653,3321.8376000000003,0.1570000000001528,3311.4402,-4.809700000000703,3373.49895,-1.1936500000001615,0.008791381434945584,0.012438490926946573,0.020203204269674226,3453.69,3142.78,0.2917242932038206,42.16355401129244,-18.583103724320154,-9.830692330233884,-8.75241139408627,3297.9955,3388.264043328897,3207.726956671103,0.1426468312170766,61187.79841999999,0.9131635153216551,113.58710195975931,6.480000000000018,0.5199999999999818,42.0,49.0,0.13224489795918404,0.495146569197313,0.5048534308026871,6.29251661507181,4,3,1,1,False,False,-1,-1,low_vol,bear_stable
2025-01-23 08:00:00,3233.48,3233.65,3188.89,3213.08,54314.7039,1737633599999,174273897.649617,314712.0,25543.7768,81979015.45976,0,-0.006308992169427374,-0.006328977965020136,3235.614,-13.062000000000353,3272.96,-11.907999999999902,3295.0325,-2.963000000000193,3321.2834,-0.5542000000004919,3306.6966,-4.7435999999997875,3372.22615,-1.2728000000001884,0.007550453238203159,0.011811809664776435,0.02021367580179439,3453.69,3185.0,0.10450705273735503,42.294765668762075,-22.07510677491109,-12.279575219169326,-9.795531555741766,3295.0325,3392.4537742084863,3197.6112257915133,0.07939115113287593,57416.80368999999,0.9459722661200615,-342.6710415898665,20.40000000000009,0.17000000000007276,24.190000000000055,44.76000000000022,0.45576407506702393,0.4702921118198345,0.5297078881801656,5.794232084546078,8,3,1,1,False,False,-1,-1,low_vol,bear_stable
2025-01-23 12:00:00,3213.08,3286.72,3189.69,3259.33,162299.7618,1737647999999,526186819.597424,761120.0,82941.42,268932876.246859,0,0.014394288346384121,0.014291674111613185,3235.082,-0.5320000000001528,3266.139,-6.820999999999913,3288.8695,-6.163000000000011,3321.804,0.520600000000286,3302.4154,-4.281200000000354,3370.9055,-1.3206500000001142,0.00947094598679788,0.009379720521412917,0.020312057693260985,3413.3,3185.0,0.3255803766973275,50.643609775084116,-20.86997974303904,-13.997656123943269,-6.87232361909577,3288.8695,3378.2303868811982,3199.5086131188013,0.33471795641827395,68836.85624,2.357745118895918,2336.1895698986586,46.25,27.389999999999873,23.389999999999873,97.02999999999975,0.4766567041121315,0.511038457975112,0.48896154202488795,4.689594066921175,12,3,1,1,False,False,-1,-1,low_vol,bear_stable
2025-01-23 16:00:00,3259.33,3297.49,3195.0,3204.98,86129.1778,1737662399999,279903313.920304,498338.0,40950.617,133152597.35858,0,-0.01667520625404606,-0.01681580268023875,3227.558,-7.523999999999887,3253.5389999999998,-12.600000000000364,3280.347,-8.522499999999582,3321.9116,0.10759999999982028,3297.6427000000003,-4.772699999999531,3369.7192500000006,-1.1862499999992906,0.010440678428524341,0.009952026784473208,0.02039886416152898,3390.68,3185.0,0.09714119019836656,36.23889790194405,-24.02356990618182,-16.002838880390982,-8.020731025790838,3280.347,3367.4314314080752,3193.262568591925,0.06727626981433289,71424.92904999999,1.2058699804896764,-1436.2218043064051,54.34999999999991,38.159999999999854,9.980000000000018,102.48999999999978,0.530295638598888,0.4754557984413964,0.5245442015586036,5.785937039329313,16,3,1,1,False,False,-1,-1,low_vol,bear_stable
2025-01-31 04:00:00,3230.65,3276.93,3213.8,3241.63,50490.3334,1738310399999,164107094.392815,354834.0,26926.6225,87575189.300798,0,0.003398696856669714,0.003392934339515945,3249.316,3.7839999999996508,3210.2230000000004,14.051000000000386,3180.915,2.9594999999999345,3234.6440000000002,-0.019399999999222928,3278.0369,0.42180000000007567,3336.6853499999997,-0.8118500000000495,0.0105537451966255,0.011184858970707612,0.014800799220940663,3283.43,3040.03,0.8282662284305679,70.31153188430943,6.906689857264155,-9.173899164454022,16.080589021718176,3180.915,3291.600249052775,3070.229750947225,0.7742687057199967,69090.22825999999,0.730788342600274,171.60133741878587,10.980000000000018,35.29999999999973,16.84999999999991,63.129999999999654,0.17392681767780893,0.5333025291530359,0.46669747084696417,7.027761080302155,4,4,1,1,False,False,-1,-1,low_vol,bear_stable
2025-02-09 20:00:00,2623.89,2649.55,2520.02,2627.18,159422.821,1739145599999,412587525.101755,782722.0,74532.8805,193009147.483852,0,0.0012538635384866659,0.0012530781080799028,2644.3300000000004,-10.27199999999948,2638.9100000000003,-0.2429999999994834,2661.5525,-3.919499999999971,2761.824,-12.476200000000063,3001.4245,-7.536200000000008,3145.7915500000004,-4.177299999999832,0.008715972147509438,0.010635876409693936,0.024835923447075383,2797.5,2520.02,0.38618999567536344,34.120452789627464,-41.35100748642708,-48.16080409366397,6.8097966072368905,2661.5525,2745.8126582503733,2577.2923417496263,0.2960334948703494,59134.018409999975,2.6959578477257766,199.89446245458635,3.2899999999999636,22.370000000000346,103.86999999999989,129.5300000000002,0.02539952134640592,0.4675170093747118,0.5324829906252883,4.909723683788032,20,6,2,1,False,False,-1,-1,low_vol,bear_stable
2025-02-10 00:00:00,2627.18,2658.6,2559.85,2625.97,124085.1172,1739159999999,323674760.172205,704748.0,62513.5851,163064698.759903,0,-0.00046056988862586135,-0.00046067598351434035,2637.0060000000003,-7.324000000000069,2640.1749999999997,1.264999999999418,2658.3725,-3.1799999999998363,2750.4018,-11.422199999999975,2993.692,-7.732500000000073,3141.99305,-3.798500000000331,0.008452033022593036,0.010584257854424614,0.02477299192422871,2797.5,2520.02,0.3818293210321458,42.95319040974241,-40.19005517034702,-46.56665430900058,6.37659913865356,2658.3725,2742.9803430790143,2573.7646569209855,0.3085136151636688,66923.34149999997,1.8541380991862169,-57.14986860893095,1.2100000000000364,31.420000000000073,66.11999999999989,98.75,0.012253164556962393,0.5037959951251914,0.49620400487480865,5.679553002831834,0,0,2,1,False,False,-1,-1,low_vol,bear_stable
2025-02-10 04:00:00,2625.97,2660.0,2618.4,2637.03,50659.2011,1739174399999,133528588.427913,410361.0,24348.5494,64197960.14516,0,0.0042117769814584705,0.004202932274712256,2633.4559999999997,-3.5500000000006366,2643.3540000000003,3.179000000000542,2655.892,-2.48050000000012,2740.7915999999996,-9.610200000000532,2986.2254,-7.466600000000199,3138.2716500000006,-3.7213999999994485,0.008421232970829268,0.01065182245006709,0.024604460815502258,2797.5,2520.02,0.42168804958916034,53.54884715949614,-37.94019161592087,-44.84136177038464,6.90117015446377,2655.892,2739.9173181391047,2571.866681860895,0.38776002032641305,65501.00700999998,0.7734110269826219,213.36525709205563,11.0600000000004,22.9699999999998,7.569999999999709,41.59999999999991,0.26586538461539483,0.48063429488231707,0.519365705117683,8.1004238339637,4,0,2,1,False,False,-1,-1,low_vol,bear_stable
2025-02-10 08:00:00,2637.02,2662.0,2634.84,2653.16,44469.5344,1739188799999,117724244.760475,310110.0,22111.2726,58547832.594151,0,0.006116729805879961,0.006098098550423946,2633.446,-0.009999999999763531,2644.8810000000003,1.5270000000000437,2652.7709999999997,-3.1210000000000946,2732.2954,-8.49619999999959,2979.0699999999993,-7.155400000000554,3134.7358999999997,-3.5357500000009168,0.007677314097741348,0.010432474355856697,0.02459756678849473,2797.5,2520.02,0.4798183652875878,52.77885173013725,-34.45838750215762,-42.76476691673924,8.30637941458162,2652.7709999999997,2731.959250829465,2573.5827491705345,0.5024561724493565,63534.538359999984,0.699926930263132,272.0081265180842,16.139999999999873,8.840000000000146,2.1799999999998363,27.159999999999854,0.5942562592047113,0.49722293921746125,0.5027770607825388,6.973538270281508,8,0,2,1,False,False,-1,-1,low_vol,bear_stable
2025-02-10 12:00:00,2653.16,2684.55,2631.24,2658.22,79674.8175,1739203199999,211594129.043062,579297.0,38795.2904,103058304.181136,0,0.0019071597642057458,0.001905343443997872,2640.312,6.8659999999999854,2647.457,2.575999999999567,2650.0285,-2.7424999999998363,2723.4296000000004,-8.865799999999581,2972.5513,-6.518699999999171,3131.2540500000005,-3.4818499999992127,0.007626773337583649,0.01045432031977444,0.024561851761590717,2797.5,2520.02,0.49805391379558817,57.15500425148793,-30.934143395908904,-40.39864221257317,9.464498816664268,2650.0285,2724.0548063551605,2576.0021936448393,0.5553283042429473,68605.54612999999,1.1613465965131298,151.95260615643585,5.059999999999945,26.330000000000382,21.920000000000073,53.3100000000004,0.09491652598011456,0.48692035472814227,0.5130796452718578,7.270766575649827,12,0,2,1,False,False,-1,-1,low_vol,bear_stable
2025-02-10 16:00:00,2658.21,2693.79,2650.0,2672.28,64651.5219,1739217599999,172801866.308551,438580.0,29821.3146,79719297.637694,0,0.005289253711130204,0.005275314738292213,2649.332,9.019999999999982,2646.831,-0.625999999999749,2645.5080000000003,-4.520499999999629,2715.578,-7.851600000000417,2966.0797,-6.471600000000308,3127.8664999999996,-3.3875500000008287,0.005318665765078849,0.00955980232723379,0.024552441333002335,2797.5,2520.02,0.548724232377109,64.9114820435002,-26.698862191344688,-37.658686208327474,10.959824016982786,2645.5080000000003,2698.667766978605,2592.3482330213956,0.751806972844472,69340.38730999998,0.9323790132720564,341.95830213979065,14.070000000000164,21.509999999999764,8.210000000000036,43.789999999999964,0.3213062343000725,0.4612623759441617,0.5387376240558382,6.783753686082988,16,0,2,1,False,False,-1,-1,low_vol,bear_stable
2025-02-10 20:00:00,2672.28,2686.61,2651.74,2661.19,34633.0795,1739231999999,92384643.844674,293504.0,17433.1794,46505887.050016,0,-0.004150014220066778,-0.004158649428185087,2656.3759999999997,7.043999999999869,2646.691,-0.14000000000032742,2642.481,-3.0270000000000437,2707.178,-8.400000000000091,2959.7762999999995,-6.303400000000238,3124.4388,-3.4276999999997315,0.00512976341370266,0.009068973498861098,0.024527891226917935,2727.78,2520.02,0.6794859453215245,63.93802002889745,-23.961033758237136,-34.91915571830941,10.958121960072276,2642.481,2682.6810030892702,2602.28099691073,0.7326989870927839,69542.02899999997,0.49801652321648565,-143.72777240970322,11.090000000000146,14.329999999999927,9.450000000000273,34.870000000000346,0.3180384284485241,0.5033678682832695,0.4966321317167305,8.474672314369272,20,0,2,1,False,False,-1,-1,low_vol,bear_stable
2025-02-11 00:00:00,2661.19,2725.04,2660.72,2678.89,74917.793,1739246399999,201687516.64168,465617.0,39666.8407,106788279.704641,0,0.006651159819479169,0.006629138447188135,2664.7479999999996,8.371999999999844,2649.102,2.411000000000058,2643.4605,0.9794999999999163,2701.5777999999996,-5.600200000000314,2953.4961,-6.280199999999695,3121.42985,-3.0089499999999134,0.0054166285408844776,0.007613044775104151,0.023967735356536624,2725.04,2520.02,0.7749000097551454,61.03574504737294,-20.13098545585126,-31.961521665817784,11.830536209966525,2643.4605,2686.2568089770784,2600.664191022922,0.913931725034696,73350.33147999998,1.0213695219690646,498.2902145656578,17.699999999999818,46.15000000000009,0.47000000000025466,64.32000000000016,0.27518656716417556,0.5294715595799785,0.47052844042002145,6.215038929403593,0,1,2,1,False,False,-1,-1,low_vol,bear_stable
2025-02-11 04:00:00,2678.89,2724.98,2676.49,2712.15,56265.817,1739260799999,152320097.277319,437177.0,30616.2153,82866781.208608,0,0.012415590039158042,0.012339148660703788,2676.546,11.79800000000023,2654.996,5.894000000000233,2647.9629999999997,4.5024999999996,2698.4272,-3.1505999999994856,2947.2714,-6.224699999999757,3118.3541500000006,-3.075699999999415,0.006472713942578045,0.007269191257440704,0.02369062589991086,2725.04,2520.02,0.9371280850648723,68.65489957395005,-14.247603048502242,-28.418737942354678,14.171134893852436,2647.9629999999997,2699.377242589083,2596.5487574109166,1.1242141940415282,72706.79389999996,0.7738728938782161,698.5733170902893,33.26000000000022,12.829999999999927,2.400000000000091,48.49000000000024,0.6859146215714592,0.5441352659999587,0.4558647340000413,7.769850742592078,4,1,2,1,False,False,-1,-1,low_vol,bear_stable
2025-02-11 08:00:00,2712.12,2720.9,2690.24,2708.8,59949.3625,1739275199999,162307229.770977,337002.0,24998.7283,67700075.806147,0,-0.0012351824198513217,-0.001235945886401538,2686.662,10.115999999999985,2663.487,8.490999999999985,2651.32,3.3570000000004256,2702.0608,3.633600000000115,2940.9564,-6.315000000000055,3115.27445,-3.0797000000006847,0.004752610947893907,0.007166807580040229,0.016396052706826356,2725.04,2520.02,0.9207882157838271,58.85520309024936,-9.7429860279467,-24.683587559473086,14.940601531526386,2651.32,2709.344113680242,2593.295886319758,0.9953113141612087,74872.90650999997,0.8006816523410001,-74.04839864129409,3.319999999999709,8.7800000000002,18.5600000000004,30.66000000000031,0.10828440965426209,0.4169974000974572,0.5830025999025428,5.62144426473259,8,1,2,1,False,False,-1,-1,low_vol,bear_stable
2025-02-11 12:00:00,2708.8,2710.29,2626.13,2662.36,87537.4987,1739289599999,233108614.240417,566722.0,43140.549,114902348.780961,0,-0.01714412285883049,-0.01729278490330496,2684.678,-1.9839999999999236,2667.005,3.518000000000029,2652.9575,1.637499999999818,2702.861,0.800199999999677,2934.3923,-6.564100000000053,3112.1426999999994,-3.1317500000004657,0.008024491939306376,0.008186343596254352,0.015748801557791407,2725.04,2520.02,0.6942737293922552,49.94288552272163,-9.807311883318107,-21.70833242424209,11.901020540923984,2652.9575,2710.2457256200473,2595.6692743799526,0.5820631106849106,67684.37427999997,1.293319169028152,-1500.7536324675143,46.440000000000055,1.4899999999997817,36.23000000000002,84.15999999999985,0.5518060836501917,0.492823642903564,0.5071763570964359,6.47404836117393,12,1,2,1,False,False,-1,-1,low_vol,bear_stable
2025-02-11 16:00:00,2662.35,2670.8,2580.0,2589.7,103602.5891,1739303999999,271649427.701662,559875.0,43654.5617,114544512.148334,0,-0.027291575895070697,-0.02767090860663869,2670.38,-14.297999999999774,2663.378,-3.6269999999999527,2651.7765,-1.18100000000004,2703.0268,0.16580000000021755,2926.8999,-7.492400000000089,3108.5841500000006,-3.5585499999988315,0.012134202496123493,0.010221162452521351,0.016074753344623535,2725.04,2520.02,0.33986928104575087,37.77610818933132,-15.542184711506252,-20.475102881694923,4.932918170188671,2651.7765,2713.3210126970266,2590.2319873029733,-0.004321971851433226,65636.12146999998,1.5784386215957806,-2827.477923348474,72.65000000000009,8.450000000000273,9.699999999999818,90.80000000000018,0.8001101321585897,0.421365547707147,0.5786344522928529,5.404063787050665,16,1,2,1,False,False,-1,-1,low_vol,bear_stable
2025-02-11 20:00:00,2589.69,2631.36,2558.24,2602.59,101923.0832,1739318399999,265018885.14175,409615.0,44297.856,115208855.416487,0,0.004977410510870195,0.0049650641548134485,2655.1200000000003,-15.259999999999764,2659.934,-3.44399999999996,2651.644,-0.1325000000001637,2701.0642,-1.9626000000002932,2919.5402000000004,-7.3596999999995205,3104.9941999999996,-3.589950000000954,0.012175350828720219,0.010268628682497461,0.014660626589786504,2725.04,2520.02,0.40274119598088076,40.87993658114737,-18.829937671351672,-20.14606983962627,1.3161321682745992,2651.644,2713.6202573890723,2589.6677426109272,0.10425167583087488,70762.50967999997,1.4403542732007866,507.31302561997734,12.900000000000091,28.769999999999982,31.450000000000273,73.12000000000035,0.1764223194748363,0.43462044719620496,0.565379552803795,4.018863903442042,20,1,2,1,False,False,-1,-1,low_vol,bear_stable
2025-02-12 00:00:00,2602.59,2624.36,2569.31,2587.24,51289.7143,1739332799999,133331655.904999,390800.0,25960.0958,67507188.175298,0,-0.005897970867482116,-0.005915432590667745,2630.138,-24.982000000000426,2653.3419999999996,-6.592000000000553,2649.1115,-2.5324999999998,2697.5244000000002,-3.539799999999559,2912.2896,-7.250600000000304,3101.95225,-3.041949999999815,0.011958909365957084,0.00990526558966591,0.014256347162159712,2725.04,2520.02,0.3278704516632514,43.0468601783343,-22.41572773765347,-20.60000141923171,-1.8157263184217598,2649.1115,2717.2838046942447,2580.939195305755,0.04621234915339813,71444.52766999997,0.7178956313757938,-302.5052407428809,15.350000000000364,21.769999999999982,17.929999999999836,55.05000000000018,0.2788374205267995,0.5061462352501347,0.49385376474986525,7.6194614326405015,0,2,2,1,False,False,-1,-1,low_vol,bear_stable
2025-02-12 04:00:00,2587.23,2624.07,2577.5,2618.63,47853.4948,1739347199999,124551285.105024,353118.0,25011.2715,65110797.170437,0,0.012132620089361668,0.012059609798429854,2612.1040000000003,-18.03399999999965,2649.3830000000003,-3.958999999999378,2648.4199999999996,-0.6915000000003602,2692.2989999999995,-5.225400000000718,2905.3228000000004,-6.966799999999694,3098.9494,-3.002849999999853,0.012781528288795163,0.010319206463552612,0.012987267903359379,2725.04,2520.02,0.48097746561311155,48.53420195439745,-22.46561194643573,-20.973123524672516,-1.4924884217632126,2648.4199999999996,2717.5769318362886,2579.2630681637106,0.28462028889222873,68262.39539999996,0.7010227888955685,580.5882723566441,31.40000000000009,5.440000000000055,9.730000000000018,46.570000000000164,0.674253811466609,0.5226634252008695,0.4773365747991305,7.379147572728586,4,2,2,1,False,False,-1,-1,low_vol,bear_stable
2025-02-12 08:00:00,2618.62,2639.49,2610.78,2627.08,58319.6511,1739361599999,153130495.222617,501152.0,30355.7454,79724433.832634,0,0.003226878176756376,0.0032216829785535125,2605.048,-7.056000000000495,2644.863,-4.520000000000437,2645.8469999999998,-2.5729999999998654,2688.6206,-3.6783999999993284,2898.2062,-7.11660000000029,3095.81295,-3.136449999999968,0.012677361488529923,0.009489546746811442,0.012606072379971552,2725.04,2520.02,0.5221929567847037,50.18568704205562,-21.574602572160074,-21.09341933417003,-0.48118323799004514,2645.8469999999998,2714.1088956971375,2577.585104302862,0.362536779792458,67629.20831999998,0.8623441342688783,188.190409410636,8.460000000000036,12.409999999999854,7.839999999999691,28.70999999999958,0.29467084639498986,0.5205062929465982,0.4794937070534018,8.59319269830131,8,2,2,1,False,False,-1,-1,low_vol,bear_stable
2025-02-12 12:00:00,2627.08,2665.16,2546.92,2606.9,231775.8396,1739375999999,601916382.353413,1311463.0,107781.8437,280062402.617426,0,-0.007681532347701525,-0.00771118727845814,2608.4880000000003,3.4400000000005093,2639.434,-5.428999999999633,2643.0625,-2.7844999999997526,2686.688,-1.9326000000000931,2891.9491,-6.257100000000264,3092.366,-3.4469500000000153,0.012803871452954124,0.009545396129223746,0.011467107144532288,2725.04,2520.02,0.4237635352648528,45.10892503490146,-22.24045445758884,-21.322826358853792,-0.9176280987350474,2643.0625,2712.972189675199,2573.152810324801,0.24136274836856508,87343.48432999998,2.6536133906028714,-1780.3936093030802,20.179999999999836,38.07999999999993,59.98000000000002,118.23999999999978,0.17066982408660245,0.4650262248472942,0.5349737751527058,5.658324880899277,12,2,2,1,False,False,-1,-1,low_vol,bear_stable
2025-02-12 16:00:00,2606.9,2683.65,2583.18,2677.95,116993.489,1739390399999,310079217.268832,780357.0,62666.0328,166066322.637662,0,0.027254593578579733,0.026889800495482015,2623.56,15.071999999999662,2639.34,-0.09400000000005093,2644.221,1.1585000000000036,2685.0872000000004,-1.6007999999997082,2886.8926,-5.056499999999687,3089.1975,-3.168499999999767,0.01568211668485043,0.011427029539007037,0.01177049155898325,2725.04,2520.02,0.7703150912106129,53.41525914088115,-16.840874544946473,-20.426435996072332,3.5855614511258587,2644.221,2715.698604560034,2572.743395439966,0.7359410350109798,91551.05392999997,1.2779043383755402,3188.6099940350387,71.04999999999973,5.700000000000273,23.720000000000255,100.47000000000025,0.7071762715238334,0.5356369259147404,0.46436307408525956,6.6700891363279196,16,2,2,1,False,False,-1,-1,low_vol,bear_stable
2025-02-12 20:00:00,2677.95,2795.45,2669.49,2738.27,140063.7071,1739404799999,382427903.678242,853170.0,73083.6301,199538775.785231,0,0.022524692395302415,0.022274757685096895,2653.7660000000005,30.206000000000586,2641.952,2.61200000000008,2648.474,4.253000000000156,2684.309,-0.7782000000001972,2883.5672999999997,-3.325300000000425,3086.6631499999994,-2.5343500000008135,0.01684842433172373,0.012435717095697818,0.012171387550691373,2795.45,2520.02,0.7923973423374365,59.57100839331403,-7.606663792364088,-17.86248155533068,10.255817762966593,2648.474,2731.407873315518,2565.5401266844824,1.0413710731824586,99930.84293999997,1.4016063807657104,3154.891918173235,60.320000000000164,57.179999999999836,8.460000000000036,125.96000000000004,0.47888218482057915,0.5217884890610609,0.47821151093893904,6.091299578347374,20,2,2,1,False,False,-1,-1,low_vol,bear_stable
2025-02-13 00:00:00,2738.27,2757.28,2716.0,2744.0,59978.5118,1739419199999,164196673.152951,549833.0,32626.6091,89321387.15316,0,0.0020925620921239396,0.0020903757335986118,2678.84,25.073999999999614,2645.472,3.519999999999982,2654.4795000000004,6.005500000000211,2683.777,-0.5320000000001528,2880.4179,-3.149399999999787,3083.90485,-2.758299999999508,0.016830325296063223,0.01207101247941961,0.012171584555073453,2795.45,2520.02,0.8132011763424469,58.74932903918406,0.17189635615341103,-14.255605973033864,14.427502329187275,2654.4795000000004,2746.7835204345283,2562.1754795654724,0.984921997864098,99933.75786999997,0.6001826917989391,125.5087601346884,5.730000000000018,13.2800000000002,22.269999999999982,41.2800000000002,0.1388081395348835,0.543971634521282,0.456028365478718,9.167166431761983,0,3,2,1,False,False,-1,-1,low_vol,bear_stable
2025-03-15 08:00:00,1917.68,1931.87,1912.7,1929.0,29503.127,1742039999999,56749294.511651,139422.0,16111.7926,31001129.112497,0,0.005913457025750191,0.005896041163659332,1922.5819999999999,1.3599999999996726,1908.446,7.718000000000075,1897.7715,3.0049999999998818,1998.3622,-4.377799999999979,2118.1272999999997,-3.672900000000027,2394.58415,-3.484849999999824,0.006854584955365028,0.011861281060510084,0.018937790600767133,1960.0,1821.81,0.7756711773644982,59.62619384910665,-16.82072376565793,-29.969186172294236,13.148462406636305,1897.7715,1944.6048580050574,1850.9381419949427,0.8334001802372115,51439.11569999998,0.5735543194806518,174.46547363975014,11.319999999999936,2.869999999999891,4.980000000000018,19.169999999999845,0.5905059989567046,0.5461045739321123,0.45389542606788763,4.725668570656934,8,5,3,1,False,False,-1,-1,low_vol,bear_stable
2025-03-15 12:00:00,1929.0,1939.6,1922.55,1937.83,35518.1072,1742054399999,68594309.750363,142552.0,16464.1323,31790243.934548,0,0.004577501296008313,0.004567056399174219,1923.316,0.734000000000151,1915.77,7.324000000000069,1899.1,1.328499999999849,1993.2706,-5.091599999999971,2114.1419,-3.985399999999572,2391.0881499999996,-3.4960000000005493,0.006788885055904115,0.010818325734562867,0.01867875427514132,1960.0,1821.81,0.8395687097474487,65.39761524739458,-13.447165270385312,-26.664781991912456,13.217616721527143,1899.1,1948.954360099968,1849.2456399000318,0.888431422270174,50515.373419999974,0.7031148103111462,162.5841817397622,8.829999999999927,1.7699999999999818,6.4500000000000455,17.049999999999955,0.5178885630498505,0.46354193953218326,0.5364580604678167,4.013502160948486,12,5,3,1,False,False,-1,-1,low_vol,bear_stable
2025-03-15 16:00:00,1937.84,1948.22,1928.76,1937.31,40092.5507,1742068799999,77690632.488981,153835.0,16281.2168,31555583.409689,0,-0.0002683413921757971,-0.0002683774021692998,1928.4479999999999,5.1319999999998345,1920.5720000000001,4.802000000000135,1900.1235000000001,1.02350000000024,1988.067,-5.203600000000051,2110.1939,-3.9479999999998654,2387.5089,-3.5792499999997744,0.006018770159437661,0.01080810126567391,0.018669312868005113,1948.22,1821.81,0.9136935369037253,59.990298065002946,-10.692301318016234,-23.470285857133213,12.777984539116979,1900.1235000000001,1952.297837823236,1847.9491621767643,0.8563677235922558,50781.264479999976,0.789514619428004,-10.758490870716729,0.5299999999999727,10.38000000000011,8.549999999999955,19.460000000000036,0.027235354573482615,0.4060908202580386,0.5939091797419613,3.836997080856719,16,5,3,1,False,False,-1,-1,low_vol,bear_stable
2025-03-15 20:00:00,1937.32,1957.19,1936.37,1937.17,40105.3181,1742083199999,78063011.547892,146265.0,22065.3592,42960803.56832,0,-7.226515116309784e-05,-7.226776241493658e-05,1931.7940000000003,3.3460000000004584,1924.982,4.4099999999998545,1903.4895000000001,3.3659999999999854,1982.6168,-5.450199999999995,2106.0043,-4.189600000000155,2383.90365,-3.6052499999996144,0.006074444588410807,0.009061126909949433,0.018637732266592644,1957.19,1821.81,0.8521199586349537,69.19920417806517,-8.423250628062988,-20.46087881131917,12.037628183256182,1903.4895000000001,1956.124542349017,1850.8544576509832,0.819943696223026,50431.23361999997,0.795247611870733,-2.8982168749406236,0.14999999999986358,19.87000000000012,0.8000000000001819,20.820000000000164,0.007204610951002036,0.5501853680597037,0.4498146319402962,3.647022562825652,20,5,3,1,False,False,-1,-1,low_vol,bear_stable
2025-03-16 00:00:00,1937.18,1940.87,1916.56,1927.52,31212.3097,1742097599999,60163493.538894,149018.0,16072.9794,30975922.533426,0,-0.00498149362213951,-0.004993942621776347,1933.766,1.9719999999997526,1927.4940000000001,2.512000000000171,1905.953,2.46349999999984,1977.6004,-5.016399999999976,2101.7413,-4.26299999999992,2380.17985,-3.7238000000002103,0.006401550580402798,0.009160557333421648,0.018564854483133657,1957.19,1821.81,0.7808391195154377,75.76582709326077,-7.319313470657335,-17.832565743186805,10.51325227252947,1905.953,1958.2249254821288,1853.6810745178711,0.7062962077738414,48873.12927999998,0.6386394765348656,-155.48392170279317,9.660000000000082,3.689999999999827,10.960000000000036,24.309999999999945,0.3973673385438134,0.5149564243879075,0.4850435756120926,4.7743342749158995,0,6,3,1,False,False,-1,-1,low_vol,bear_stable
2025-03-16 04:00:00,1927.52,1934.0,1921.53,1925.89,22661.718,1742111999999,43686320.768821,107116.0,10628.989,20493743.683105,0,-0.0008456462189756486,-0.0008460039794462285,1933.1440000000002,-0.6219999999998436,1927.863,0.3689999999999145,1906.8375,0.8845000000001164,1973.2862,-4.314200000000028,2097.7671,-3.97420000000011,2376.50335,-3.6765000000000327,0.005562820038208153,0.00849643342752732,0.01844569001274471,1957.19,1821.81,0.7687989363273753,72.57660577489699,-6.501022951656978,-15.56625718488084,9.065234233223862,1906.8375,1959.8627582805077,1853.8122417194925,0.6796549476403382,36837.68906999998,0.6151775144455339,-19.1637961421924,1.6299999999998818,6.480000000000018,4.360000000000127,12.470000000000027,0.1307137129109766,0.4690283852265746,0.5309716147734255,4.726737840440871,4,6,3,1,False,False,-1,-1,low_vol,bear_stable
2025-03-16 08:00:00,1925.89,1926.92,1866.9,1874.0,90060.573,1742126399999,170735023.077203,332739.0,37539.2318,71096382.515173,0,-0.026943387213184566,-0.02731301474072885,1920.3780000000002,-12.766000000000076,1921.8470000000002,-6.015999999999849,1906.194,-0.643500000000131,1968.0102000000002,-5.27599999999984,2093.583,-4.184099999999944,2372.4789,-4.024449999999888,0.009828479920096457,0.010197524924349909,0.018781152924204406,1957.19,1821.81,0.38550746048160744,45.308376802700224,-9.925199633902594,-14.438045674685192,4.512846040782598,1906.194,1960.535588376615,1851.852411623385,0.20378120182208226,39082.27886999997,2.304383869210134,-2426.5368909802755,51.8900000000001,1.0299999999999727,7.099999999999909,60.01999999999998,0.8645451516161299,0.4168220404282793,0.5831779595717207,3.694613402026656,8,6,3,1,False,False,-1,-1,low_vol,bear_stable
2025-03-16 12:00:00,1874.01,1898.33,1873.42,1895.01,53503.7716,1742140799999,100860544.671255,285965.0,24499.5462,46191112.837184,0,0.01121131270010678,0.01114893174909061,1911.9180000000001,-8.460000000000036,1920.1829999999998,-1.664000000000442,1907.3329999999999,1.1389999999998963,1963.1528,-4.857400000000098,2089.4559,-4.127100000000155,2368.3932,-4.085700000000088,0.010271795251316074,0.010347633275488757,0.018877638522519936,1957.19,1821.81,0.5407002511449253,50.53835053835056,-10.818840058637534,-13.714204551475662,2.8953644928381284,1907.3329999999999,1959.5922146891348,1855.0737853108649,0.3820973480628872,40698.42397999998,1.3146398894043865,599.8475140426924,21.0,3.3199999999999363,0.5899999999999181,24.909999999999854,0.8430349257326424,0.4579031621015667,0.5420968378984333,5.344763396081782,12,6,3,1,False,False,-1,-1,low_vol,bear_stable
2025-03-16 16:00:00,1895.01,1924.11,1860.38,1882.74,86543.0685,1742155199999,164247040.264763,368692.0,39552.4517,75104838.677578,0,-0.00647489986860228,-0.006495952959733241,1901.032,-10.886000000000195,1916.413,-3.7699999999997544,1906.4579999999999,-0.875,1957.9686000000002,-5.184199999999919,2086.8084,-2.6475000000000364,2364.2628999999997,-4.130300000000261,0.010218825198774947,0.009887918622136919,0.01887737557394284,1957.19,1821.81,0.4500664795390753,44.63193534294449,-12.37449748475592,-13.446263138131716,1.0717656533757953,1906.4579999999999,1959.792226632167,1853.1237733678327,0.2776474742609755,46253.42240999998,1.8710630260581411,-560.357702859088,12.269999999999982,29.09999999999991,22.3599999999999,63.72999999999979,0.19253099011454608,0.45702622272978455,0.5429737772702155,4.260214092131481,16,6,3,1,False,False,-1,-1,low_vol,bear_stable
2025-03-16 20:00:00,1882.73,1898.63,1870.1,1887.0,40785.2156,1742169599999,76927842.570739,223055.0,19457.4198,36704280.40301,0,0.002262659740590811,0.0022601037808253725,1892.9279999999999,-8.104000000000042,1913.3470000000002,-3.0659999999998035,1907.0375,0.5795000000000528,1952.0806,-5.888000000000147,2084.6164,-2.1920000000000073,2360.3860999999997,-3.876800000000003,0.01030540223551245,0.00943962338029641,0.018650711074287576,1957.19,1821.81,0.4815334613680012,39.497553407327814,-13.112468431318575,-13.379504196769089,0.26703576545051355,1907.0375,1959.1900753002801,1854.8849246997197,0.3078953926567433,46998.57593999997,0.8677968381864982,92.28306534943631,4.269999999999982,11.63000000000011,12.63000000000011,28.5300000000002,0.1496670171749019,0.47707041666343425,0.5229295833365658,5.469016081405734,20,6,3,1,False,False,-1,-1,low_vol,bear_stable
2025-03-17 00:00:00,1887.01,1915.44,1886.36,1908.85,41322.9928,1742183999999,78692208.154665,212073.0,21774.863,41466932.936612,0,0.011579226285108657,0.011512700099760806,1889.52,-3.4079999999999018,1911.3319999999999,-2.0150000000003274,1909.8890000000004,2.851500000000442,1945.7656,-6.315000000000055,2082.4469,-2.169499999999971,2356.98185,-3.4042499999995925,0.010900623647077109,0.009241653484474647,0.01848351237544788,1957.19,1839.4,0.5896086255199918,42.869217332506835,-11.798201014165898,-13.063243560248452,1.2650425460825545,1909.8890000000004,1955.1046809773009,1864.6733190226998,0.48851062311190174,48180.56251999998,0.8576693720179508,478.48828440911575,21.839999999999918,6.5900000000001455,0.650000000000091,29.080000000000155,0.7510316368638171,0.5269430291602694,0.47305697083973064,5.132082301647813,0,0,3,1,False,False,-1,-1,low_vol,bear_stable
2025-03-17 04:00:00,1908.85,1912.99,1879.98,1900.74,38881.3235,1742198399999,73788503.137674,195758.0,19125.3877,36289755.130127,0,-0.0042486313749114935,-0.004257682454756588,1894.868,5.347999999999956,1907.623,-3.7089999999998327,1911.6965,1.8074999999996635,1939.7088,-6.056799999999839,2079.2241999999997,-3.222700000000259,2353.4726,-3.5092500000000655,0.010755599228911505,0.009238883874754527,0.01846044611272361,1957.19,1860.38,0.41689908067348336,46.65481081744032,-11.281003453557332,-12.706795538910228,1.4257920853528958,1911.6965,1951.9000302316006,1871.4929697683995,0.36373709053803394,48516.884149999976,0.8013977851461019,-165.19241092018356,8.1099999999999,4.1400000000001,20.75999999999999,33.00999999999999,0.245683126325353,0.4918913755597851,0.5081086244402149,5.034756597213056,4,0,3,1,False,False,-1,-1,low_vol,bear_stable
2025-03-17 08:00:00,1900.75,1918.42,1893.0,1910.59,37499.8988,1742212799999,71551746.052319,200749.0,19855.4566,37884567.306489,0,0.005182192198827762,0.005168810850737436,1897.984,3.1159999999999854,1904.9510000000002,-2.671999999999798,1912.7614999999998,1.0649999999998272,1934.2004000000002,-5.508399999999938,2076.0286,-3.1955999999995583,2350.08935,-3.3832499999998618,0.010981966594714489,0.008843843520975074,0.018478686740088696,1957.19,1860.38,0.5186447681024671,46.99932979954909,-9.961478259877822,-12.157732083103749,2.196253823225927,1912.7614999999998,1951.570144871568,1873.9528551284318,0.4720229860230084,48257.61895999998,0.7770772700386049,194.33168301819057,9.839999999999918,7.830000000000155,7.75,25.420000000000073,0.38709677419354405,0.5294802715574262,0.47051972844257384,5.3533211134959116,8,0,3,1,False,False,-1,-1,low_vol,bear_stable
2025-03-17 12:00:00,1910.58,1939.03,1888.01,1919.47,107747.907,1742227199999,205712381.881395,475853.0,54218.1132,103536756.601967,0,0.004647778958332349,0.004637011384355174,1905.33,7.346000000000004,1903.1809999999998,-1.7700000000004366,1914.0814999999998,1.3199999999999363,1928.8884,-5.3120000000001255,2072.8474,-3.18119999999999,2346.59355,-3.495800000000145,0.01114243926938717,0.008885646571434922,0.018504336560085682,1957.19,1860.38,0.6103708294597661,50.53163367209069,-8.10576503679681,-11.347338673842362,3.2415736370455512,1914.0814999999998,1951.8520751656827,1876.310924834317,0.5713319823217315,55021.877849999975,1.958273894136095,500.78845495895087,8.8900000000001,19.559999999999945,22.569999999999936,51.01999999999998,0.17424539396315372,0.5031941195850792,0.49680588041492074,4.416354927432604,12,0,3,1,False,False,-1,-1,low_vol,bear_stable
2025-03-17 16:00:00,1919.47,1952.4,1907.74,1942.23,71315.4844,1742241599999,138027686.177218,307499.0,35904.9255,69505408.228173,0,0.011857439814115356,0.011787691193300937,1916.3760000000002,11.046000000000276,1904.6519999999996,1.4709999999997763,1916.0729999999999,1.9915000000000873,1924.799,-4.089400000000069,2069.6399,-3.207499999999982,2343.1693,-3.424250000000029,0.011708562126009639,0.009187876511257556,0.018480696131509197,1957.19,1860.38,0.8454705092449123,53.641618497109846,-4.743872739092012,-10.026645486892292,5.28277274780028,1916.0729999999999,1955.4175958828998,1876.7284041171,0.8324090566065334,59032.19531999998,1.2080777957420545,845.6190640874826,22.75999999999999,10.170000000000073,11.730000000000018,44.66000000000008,0.5096283027317499,0.5034660537200248,0.4965339462799751,4.311812540952186,16,0,3,1,False,False,-1,-1,low_vol,bear_stable
2025-03-17 20:00:00,1942.22,1949.5,1922.2,1926.31,38072.8812,1742255999999,73712448.875036,174092.0,15916.2322,30816057.517417,0,-0.008196763514104921,-0.008230541687927948,1919.868,3.4919999999997344,1904.694,0.042000000000371074,1916.2785,0.2055000000000291,1921.3846000000003,-3.4143999999996595,2066.6106,-3.0293000000001484,2339.76635,-3.4029500000001462,0.01205072072703934,0.00913510648024363,0.018248447624153966,1957.19,1860.38,0.6810246875322784,46.948182685175375,-3.325821819362318,-8.686480753386297,5.360658934023979,1916.2785,1955.8003747015568,1876.756625298443,0.6269107307756945,60573.31163999997,0.6285421775562677,-312.0744034970112,15.910000000000082,7.279999999999973,4.1099999999999,27.299999999999955,0.5827838827838867,0.41804643353337806,0.581953566466622,4.572598514031031,20,0,3,1,False,False,-1,-1,low_vol,bear_stable
2025-03-18 00:00:00,1926.3,1930.25,1897.47,1901.17,52066.7245,1742270399999,99444969.24162,245959.0,20095.4651,38394743.454546,0,-0.013050858896023976,-0.013136769646342571,1919.9540000000002,0.0860000000002401,1907.411,2.7170000000000982,1914.6289999999997,-1.6495000000002165,1918.5986000000003,-2.786000000000058,2063.7781,-2.832499999999982,2335.88245,-3.8838999999998123,0.00900383159682584,0.009470863853846257,0.017956225521483092,1957.19,1860.38,0.42134077058155134,41.53074615673043,-4.182382246133784,-7.785661051935795,3.6032788058020113,1914.6289999999997,1953.7603576765446,1875.4976423234548,0.3280279448613809,56773.926789999976,0.9170886610078715,-679.5154746276545,25.12999999999988,3.9500000000000455,3.7000000000000455,32.77999999999997,0.7666259914582032,0.38595600727677815,0.6140439927232219,4.7239192087068975,0,1,3,1,False,False,-1,-1,low_vol,bear_stable
2025-03-18 04:00:00,1901.17,1910.41,1893.86,1905.06,37720.0428,1742284799999,71756725.576502,205121.0,19216.254,36555795.18724,0,0.0020461084490075443,0.0020440180201254502,1918.848,-1.106000000000222,1908.416,1.0049999999998818,1914.2995000000003,-0.32949999999937063,1916.2916,-2.3070000000002437,2061.0958,-2.682299999999941,2331.7164,-4.1660500000002685,0.008345236815148788,0.009136345431646353,0.01791893591698884,1957.19,1860.38,0.4615225699824384,42.60513103956516,-4.495500731540005,-7.127628987856638,2.6321282563166326,1914.2995000000003,1953.6468596911193,1874.9521403088813,0.382590597278554,55195.55390999997,0.6833891523492099,77.1792982700062,3.8899999999998727,5.350000000000136,7.310000000000173,16.550000000000182,0.23504531722053354,0.5094441197187612,0.4905558802812387,5.437984285638191,4,1,3,1,False,False,-1,-1,low_vol,bear_stable
2025-03-18 08:00:00,1905.05,1913.09,1885.58,1892.43,55602.0709,1742299199999,105637409.148978,231090.0,23517.1038,44695949.950326,0,-0.006629712450001546,-0.006651786611240395,1913.44,-5.407999999999902,1909.3849999999998,0.9689999999998236,1912.8990000000001,-1.4005000000001928,1912.9823999999999,-3.3092000000001462,2057.787,-3.3088000000002467,2327.4585500000003,-4.257849999999507,0.00835986896104992,0.009175225643537939,0.017710479922750433,1957.19,1860.38,0.3310608408222288,42.02826116588668,-5.697112072168466,-6.841525604719004,1.144413532550538,1912.8990000000001,1953.3057768668511,1872.492223133149,0.24671327946485583,52101.45414999998,1.067188465410615,-368.62574169159865,12.61999999999989,8.039999999999964,6.850000000000136,27.50999999999999,0.45874227553616487,0.4229537393003828,0.5770462606996172,4.1561401627578585,8,1,3,1,False,False,-1,-1,low_vol,bear_stable
2025-03-28 16:00:00,1872.13,1887.28,1862.14,1874.16,67418.3875,1743191999999,126400977.035881,318970.0,34809.0983,65267669.674623,0,0.0010843264089566151,0.001083738951701295,1911.364,-25.899999999999864,1961.2690000000002,-15.715999999999894,2003.1005,-9.725999999999885,2007.3147999999999,-2.298400000000129,1965.0342,0.05259999999998399,2107.76695,-4.616599999999835,0.0137140223852854,0.01250418150014733,0.010586611062058483,2083.52,1860.0,0.06335003579098104,12.798131771371644,-34.06282789652937,-14.94547505105864,-19.11735284547073,2003.1005,2131.8824963673114,1874.3185036326884,-0.0006153951528915446,90457.35695999998,0.7453057414645914,73.10353801552054,2.0299999999999727,13.11999999999989,9.990000000000009,25.139999999999873,0.08074781225139152,0.5163146077915316,0.48368539220846835,4.731201854983554,16,4,3,1,False,False,-1,-1,low_vol,bear_stable
2025-03-29 20:00:00,1827.5,1830.31,1811.6,1828.08,35140.7075,1743292799999,63945451.27719,193613.0,18380.7837,33443241.917542,0,0.00031737346101223807,0.0003173231087087355,1844.102,-14.349999999999909,1866.4009999999998,-8.213000000000193,1933.5345000000002,-9.209499999999707,1991.5964,-2.452199999999948,1962.7716,-0.4414999999999054,2076.8556,-4.153450000000248,0.009002410242832605,0.011973411987093693,0.011021543485581107,2037.38,1797.2,0.12857023898742556,12.08701970338069,-50.06628658808927,-38.661385187248655,-11.404901400840615,1933.5345000000002,2084.2685034942333,1782.8004965057673,0.1501967122367481,78541.70219999997,0.4474146410847715,11.15272796169371,0.5799999999999272,2.230000000000018,15.900000000000091,18.710000000000036,0.03099946552645249,0.5230624255359686,0.47693757446403146,5.509650026255163,20,5,3,1,False,False,-1,-1,low_vol,bear_stable
2025-03-30 00:00:00,1828.09,1844.59,1812.69,1834.39,45627.2749,1743307199999,83679082.808545,218706.0,23703.4513,43470289.029063,0,0.003451708896766048,0.0034457654224473726,1834.952,-9.150000000000091,1859.792,-6.608999999999924,1925.2579999999998,-8.276500000000397,1988.8056,-2.79079999999999,1962.1131000000003,-0.6584999999997763,2072.82125,-4.034349999999904,0.009323655714572518,0.012104890448623545,0.01087953560678784,2037.38,1797.2,0.15484220168207197,14.48067986771045,-50.219967601784674,-40.973101670155856,-9.246865931628818,1925.2579999999998,2078.7959962023083,1771.7200037976916,0.2040862775092226,69996.00751999997,0.6518553917087758,157.49207070752018,6.300000000000182,10.199999999999818,15.399999999999864,31.899999999999864,0.19749216300941094,0.5195017969394443,0.48049820306055574,4.79331716564997,0,6,3,1,False,False,-1,-1,low_vol,bear_stable
2025-03-30 04:00:00,1834.39,1846.85,1832.56,1837.74,25482.9237,1743321599999,46889846.646454,128114.0,11785.8662,21688257.155011,0,0.0018262201603802541,0.0018245546477633537,1833.5900000000001,-1.3619999999998527,1856.3529999999998,-3.439000000000078,1916.6690000000003,-8.588999999999487,1986.2454,-2.5601999999998952,1961.7364000000002,-0.376700000000028,2069.4423500000003,-3.378899999999703,0.008512411620363383,0.012005862532950029,0.010881640947399959,2037.38,1797.2,0.16879007411108315,15.69065343258886,-49.500829164061315,-42.67864716893695,-6.822181995124367,1916.6690000000003,2069.5776411655106,1763.76035883449,0.24190798048304366,58950.686249999984,0.4322752680423632,46.53742900637178,3.349999999999909,9.1099999999999,1.8300000000001546,14.289999999999964,0.23442967109866464,0.462500548946038,0.537499451053962,5.0274451043464845,4,6,3,1,False,False,-1,-1,low_vol,bear_stable
2025-03-30 08:00:00,1837.74,1849.01,1826.49,1833.27,34404.5555,1743335999999,63221928.684255,174086.0,16133.7387,29650386.342532,0,-0.0024323353684416738,-0.0024352983016539156,1832.196,-1.3940000000002328,1852.264,-4.088999999999942,1906.7665000000002,-9.902500000000146,1983.19,-3.0553999999999633,1961.5509,-0.18550000000027467,2066.13265,-3.309700000000248,0.008451539697549186,0.011474292915414706,0.010752679094309586,2035.92,1797.2,0.15109752010723831,15.64858733759533,-48.72987079645395,-43.88889189444035,-4.840978902013603,1906.7665000000002,2053.957282645225,1759.5757173547754,0.25033592906034935,55649.30304999997,0.6182387489936412,-83.68341717816452,4.470000000000027,11.269999999999982,6.779999999999973,22.519999999999982,0.19849023090586282,0.46894193125093564,0.5310580687490644,5.059969456661052,8,6,3,1,False,False,-1,-1,low_vol,bear_stable
2025-03-30 12:00:00,1833.28,1839.71,1790.06,1813.75,80088.8278,1743350399999,145288189.273498,308889.0,38908.289,70594113.77505,0,-0.010647640554855564,-0.010704732302801613,1829.446,-2.75,1843.949,-8.314999999999827,1896.1325000000002,-10.634000000000015,1979.7803999999999,-3.4096000000001823,1961.0425,-0.5083999999999378,2063.36085,-2.7717999999999847,0.0071350920825929715,0.011522168152702923,0.010828909497521346,2035.92,1790.06,0.09635564955665843,22.01462225832651,-49.1276684195941,-44.9366471994711,-4.191021220122998,1896.1325000000002,2037.5392874308118,1754.7257125691885,0.2087038695355809,59537.33373999999,1.3451866714379341,-852.7570508741237,19.529999999999973,6.430000000000064,23.690000000000055,49.65000000000009,0.3933534743202404,0.48581418992874803,0.514185810071252,3.8568300783645633,12,6,3,1,False,False,-1,-1,low_vol,bear_stable
2025-03-30 16:00:00,1813.76,1834.33,1785.41,1814.22,70663.6853,1743364799999,127924054.518895,326543.0,38265.8439,69271284.272099,0,0.00025913163335622436,0.0002590980645535553,1826.6740000000002,-2.771999999999707,1835.3880000000001,-8.560999999999922,1886.0330000000001,-10.099500000000035,1976.2566,-3.5237999999999374,1960.2918,-0.7507000000000517,2060.2635,-3.097350000000006,0.007025847020327161,0.011593148217726721,0.010810314939021402,2026.32,1785.41,0.11958822796895091,23.55285749325479,-48.84198087738696,-45.71771393505428,-3.1242669423326817,1886.0330000000001,2019.9862372604518,1752.0797627395484,0.23194750097614053,61612.553139999975,1.146904026837412,18.31119619075922,0.4600000000000364,20.1099999999999,28.34999999999991,48.919999999999845,0.009403107113655721,0.5415206373336433,0.4584793626663567,4.621086469148532,16,6,3,1,False,False,-1,-1,low_vol,bear_stable
2025-03-30 20:00:00,1814.22,1821.68,1767.69,1807.74,71576.1804,1743379199999,128673537.951901,366872.0,35325.9585,63550039.481088,0,-0.003571782914971733,-0.003578176961538913,1821.3439999999998,-5.330000000000382,1828.148,-7.2400000000002365,1876.1454999999999,-9.887500000000273,1972.6856,-3.5709999999999127,1959.4385,-0.8532999999999902,2057.2531999999997,-3.0103000000003703,0.006726243079403719,0.011598780836948356,0.010813183040530128,2020.0,1767.69,0.15873330426855836,27.200623185326748,-48.5784709126674,-46.28986533057691,-2.28860558209049,1876.1454999999999,2001.9155887330637,1750.375411266936,0.2280533841985887,63851.85116999998,1.1209726748475102,-255.6545782716546,6.480000000000018,7.460000000000036,40.049999999999955,53.99000000000001,0.1200222263382111,0.4935434987251709,0.5064565012748291,5.125615783767081,20,6,3,1,False,False,-1,-1,low_vol,bear_stable
2025-03-31 00:00:00,1807.74,1823.5,1776.75,1798.32,83766.4283,1743393599999,151179543.611244,418621.0,41906.7157,75642701.75914,0,-0.005210926350028289,-0.005224550577247438,1813.4599999999998,-7.8840000000000146,1823.525,-4.62299999999982,1865.8575,-10.287999999999784,1968.7332000000001,-3.9523999999998978,1958.3977,-1.0407999999999902,2053.88525,-3.367949999999837,0.004270810787634681,0.011552304743075375,0.010779902456507836,2020.0,1767.69,0.12139827989378102,24.4818304172274,-48.56986941993637,-46.7458661484488,-1.8240032714875696,1865.8575,1980.7567790730263,1750.9582209269738,0.20610128912525427,61799.10473999998,1.3554634594209822,-436.5006884762254,9.420000000000073,15.759999999999991,21.569999999999936,46.75,0.20149732620321012,0.5002805604879778,0.49971943951202225,4.9974794019002005,0,0,3,1,False,False,-1,-1,low_vol,bear_stable
2025-03-31 04:00:00,1798.32,1813.68,1789.1,1798.92,53143.2359,1743407999999,95782352.243903,296686.0,25679.5774,46287776.050742,0,0.0003336447350861249,0.000333589088058714,1806.5900000000001,-6.8699999999996635,1819.393,-4.132000000000062,1855.6204999999998,-10.237000000000307,1965.0978,-3.635400000000118,1957.1649000000002,-1.23279999999977,2050.4013499999996,-3.483900000000176,0.004366428762694952,0.01156562590637646,0.010754092454766538,2015.93,1767.69,0.12580567193039002,11.26047762138225,-47.96176432540415,-46.98904578383987,-0.9727185415642765,1855.6204999999998,1954.1400007088525,1757.100999291147,0.21223717339188314,62162.67090999997,0.8549059286230084,17.730960863474944,0.6000000000001364,14.759999999999991,9.220000000000027,24.580000000000155,0.02441008950366691,0.48321441035923063,0.5167855896407694,5.582761286088716,4,0,3,1,False,False,-1,-1,low_vol,bear_stable
2025-03-31 08:00:00,1798.91,1819.74,1777.79,1813.43,90571.4839,1743422399999,162807181.773107,436622.0,47016.4212,84539403.167507,0,0.00806595068151994,0.008033594772319467,1806.5259999999998,-0.06400000000030559,1817.986,-1.4069999999999254,1846.3,-9.32049999999981,1961.2002,-3.8976000000000113,1955.9576000000002,-1.207300000000032,2047.0155000000002,-3.3858499999994365,0.0050990070495011445,0.01192933490838693,0.010608862570684559,2004.7,1767.69,0.19298763765241977,18.704723268617897,-45.781263019712014,-46.747489231014306,0.9662262113022919,1846.3,1919.3497693351674,1773.2502306648325,0.2750164011525789,59046.530319999976,1.5339001870076359,730.5451222894774,14.519999999999982,6.309999999999945,21.12000000000012,41.950000000000045,0.34612634088200156,0.5191084343048948,0.4808915656951051,4.820744689157069,8,0,3,1,False,False,-1,-1,low_vol,bear_stable
2025-03-31 12:00:00,1813.43,1854.22,1794.94,1842.23,158823.842,1743436799999,290361778.410283,585942.0,82013.8913,149991016.169346,0,0.015881506316758776,0.015756714713772536,1812.1280000000002,5.6020000000003165,1819.4009999999998,1.4149999999997362,1842.9010000000003,-3.39899999999966,1957.884,-3.3161999999999807,1955.2634,-0.6942000000001372,2043.8076,-3.2079000000001088,0.007345297628213367,0.008420757239356298,0.010903532281632173,1925.0,1767.69,0.47384145953849083,37.11858647638464,-41.25373335833251,-45.64873805647795,4.395004698145442,1842.9010000000003,1909.4684008721115,1776.333599127889,0.4949599954992279,71414.84376999996,2.223961204921363,2522.3618499748977,28.799999999999955,11.990000000000009,18.49000000000001,59.27999999999997,0.4858299595141695,0.5163827437192963,0.48361725628070373,3.6892571834397505,12,0,3,1,False,False,-1,-1,low_vol,bear_stable
2025-03-31 16:00:00,1842.22,1847.34,1817.23,1827.71,68966.6935,1743451199999,126594724.116707,338649.0,32240.0175,59172883.271139,0,-0.007881752007078413,-0.00791297719544341,1816.122,3.9939999999999145,1818.7330000000002,-0.6679999999996653,1839.2625,-3.638500000000249,1954.2779999999998,-3.606000000000222,1954.3360999999998,-0.9273000000002867,2040.6222,-3.1854000000000724,0.007752964881290092,0.008501256739937716,0.010935971239635264,1913.6,1767.69,0.4113494619971218,43.321700507614246,-38.39468609248456,-44.19792766367927,5.803241571194711,1839.2625,1900.304230634609,1778.220769365391,0.4053721128161292,73748.78562999997,0.9351570051066076,-543.5783749151867,14.509999999999991,5.119999999999891,10.480000000000018,30.1099999999999,0.4818997010959827,0.4674722806596492,0.5325277193403508,4.910326750694522,16,0,3,1,False,False,-1,-1,low_vol,bear_stable
2025-03-31 20:00:00,1827.71,1834.74,1816.4,1822.43,42583.2216,1743465599999,77730992.855171,206501.0,19552.1634,35689846.786704,0,-0.0028888609243260532,-0.002893041736844764,1820.9440000000002,4.822000000000116,1817.202,-1.5310000000001764,1836.7775000000001,-2.4849999999999,1950.5853999999997,-3.692600000000084,1953.3838,-0.9522999999996955,2037.592,-3.0301999999999225,0.007750110573241987,0.007940009308971747,0.010935232662322155,1913.6,1767.69,0.3751627715715171,42.990948445493935,-36.138342096820224,-42.58601055030746,6.447668453487239,1836.7775000000001,1896.210783559446,1777.3442164405542,0.3792974311637222,75458.81541999997,0.5643240138741104,-123.01700491215715,5.279999999999973,7.029999999999973,6.029999999999973,18.339999999999918,0.28789531079607394,0.4591518129760291,0.5408481870239709,4.849351275949493,20,0,3,1,False,False,-1,-1,low_vol,bear_stable
2025-04-01 00:00:00,1822.43,1843.0,1817.88,1835.0,55092.8255,1743479999999,100896808.556344,242719.0,28303.9816,51847904.749353,0,0.006897384261672634,0.0068737061226430305,1828.1599999999999,7.215999999999667,1817.375,0.17300000000000182,1834.8195,-1.9580000000000837,1947.3594,-3.225999999999658,1952.4438,-0.9400000000000546,2035.2855500000003,-2.3064499999998134,0.008087249343991182,0.008136407599637286,0.010992608864604141,1913.6,1767.69,0.46131176752792824,52.95554854981084,-32.95598321592297,-40.66000508343057,7.704021867507599,1834.8195,1891.5877826467158,1778.0512173532843,0.5015897961994309,77527.64241999997,0.7106217057593329,379.9963875347768,12.569999999999936,8.0,4.5499999999999545,25.11999999999989,0.5003980891719741,0.5137507714139656,0.4862492285860343,4.405637173210512,0,1,4,2,False,False,-1,-1,low_vol,bear_stable
2025-04-01 04:00:00,1835.0,1867.91,1831.95,1854.26,50598.2842,1743494399999,93606101.171757,243640.0,27126.9214,50204874.883035,0,0.010495912806539609,0.01044121312949887,1836.3259999999998,8.16599999999994,1821.426,4.050999999999931,1832.6875,-2.132000000000062,1944.3248,-3.034599999999955,1951.6081,-0.835700000000088,2032.875,-2.410550000000285,0.007713551662658908,0.008004204115641384,0.011088994523530266,1913.6,1767.69,0.593310945103146,58.992855179994514,-28.550705081705246,-38.238145083085506,9.68744000138026,1832.6875,1882.403675858826,1782.971324141174,0.7169565501302554,74578.58805999997,0.678455914977804,531.0751791237108,19.25999999999999,13.650000000000091,3.0499999999999545,35.960000000000036,0.5355951056729692,0.5361233454631649,0.4638766545368351,4.815183041325342,4,1,4,2,False,False,-1,-1,low_vol,bear_stable
2025-04-01 08:00:00,1854.26,1892.55,1853.93,1862.36,95925.7841,1743508799999,180130220.671951,435229.0,48380.9215,90861596.102168,0,0.004368319437403567,0.004358806025070684,1840.352,4.026000000000295,1826.2399999999998,4.813999999999851,1830.8140000000003,-1.8734999999996944,1941.2824000000003,-3.042399999999816,1950.8585999999998,-0.7495000000001255,2030.52625,-2.348750000000109,0.00770586746567049,0.008077975590425423,0.011090448566301455,1904.96,1767.69,0.689662708530632,59.49100780454693,-24.12775833744081,-35.41606773395657,11.288309396515757,1830.8140000000003,1871.9625321849153,1789.6654678150853,0.8833186546999644,77104.79793999999,1.2440961738158731,419.03446723220804,8.099999999999909,30.190000000000055,0.32999999999992724,38.61999999999989,0.2097358881408579,0.5043578424082956,0.4956421575917043,4.537143001575944,8,1,4,2,False,False,-1,-1,low_vol,bear_stable
2025-04-01 12:00:00,1862.37,1927.9,1842.42,1918.58,156992.8651,1743523199999,296072547.108327,678102.0,77080.5042,145412212.547949,0,0.030187504027148426,0.029740828418578898,1858.5260000000003,18.174000000000206,1837.324,11.084000000000287,1832.7359999999996,1.9219999999993433,1938.2708000000002,-3.011600000000044,1950.6727,-0.1858999999997195,2028.3384999999998,-2.187750000000051,0.0112552690718354,0.010361088213366551,0.011258029471698463,1927.9,1767.69,0.9418263529118023,70.18779342723002,-15.902740137946921,-31.513402214754638,15.610662076807717,1832.7359999999996,1885.5288282203119,1779.9431717796874,1.313027099455258,85646.46640999996,1.8330337687074703,4739.22274743982,56.210000000000036,9.320000000000164,19.949999999999818,85.48000000000002,0.6575807206364065,0.49098093821589855,0.5090190617841014,4.3193173114464045,12,1,4,2,False,False,-1,-1,low_vol,bear_stable
2025-04-01 16:00:00,1918.59,1924.17,1901.5,1910.09,53127.4709,1743537599999,101626192.835981,334155.0,25079.5621,47976873.592194,0,-0.004425147765534931,-0.004434967712427299,1876.0579999999998,17.53199999999947,1848.5010000000002,11.177000000000135,1836.0130000000001,3.2770000000004984,1934.6172,-3.653600000000324,1950.4984,-0.17430000000013024,2026.11985,-2.2186499999997977,0.011170535381932658,0.009345955581054546,0.011110711350506668,1927.9,1767.69,0.8888334061544213,68.80630630630628,-9.954674709420715,-27.201656713687854,17.24698200426714,1836.0130000000001,1899.0383733693159,1772.9876266306844,1.0876760107863526,82582.57066999997,0.6433254676982316,-235.09690914165708,8.5,5.580000000000155,8.589999999999918,22.670000000000073,0.3749448610498444,0.4720639186308415,0.5279360813691585,6.289683930728952,16,1,4,2,False,False,-1,-1,low_vol,bear_stable
2025-04-01 20:00:00,1910.1,1922.75,1897.13,1904.98,41251.8676,1743551999999,78858171.929017,207763.0,21322.0226,40765234.795221,0,-0.002675266610473792,-0.0026788515313659112,1890.054,13.996000000000322,1859.107,10.605999999999767,1839.25,3.2369999999998527,1930.9214,-3.695799999999963,1950.2893000000001,-0.20909999999980755,2024.0281999999997,-2.0916500000002998,0.011381747479224704,0.009354125551280422,0.011111345184016654,1927.9,1767.69,0.8569377691779535,74.02939472159301,-5.588701228844229,-22.87906561671913,17.290364387874902,1839.25,1909.4331516738036,1769.0668483261964,0.968274781285821,81393.43383999998,0.5068205831085993,-110.35974400996564,5.119999999999891,12.650000000000091,7.849999999999909,25.61999999999989,0.1998438719750161,0.5168741160218404,0.48312588397815953,5.0364507618074486,20,1,4,2,False,False,-1,-1,low_vol,bear_stable
2025-04-02 00:00:00,1904.98,1908.41,1872.39,1876.39,54199.1151,1743566399999,102263787.87024,274397.0,23991.8148,45278554.300083,0,-0.015008031580383996,-0.015121791732006019,1894.48,4.425999999999931,1865.4029999999998,6.295999999999822,1841.6945,2.444500000000062,1926.675,-4.246399999999994,1950.3132,0.023899999999912325,2021.9481,-2.0800999999996748,0.013083553162594021,0.009907949381047611,0.011265383828830584,1927.9,1767.69,0.6784844891080458,64.2624455150264,-4.385061593305863,-19.18026481203648,14.795203218730617,1841.6945,1913.5404766219585,1769.8485233780416,0.7414575013891311,77756.19695999997,0.6970391713972532,-813.4220310496671,28.589999999999918,3.4300000000000637,4.0,36.01999999999998,0.7937257079400314,0.4426606367231999,0.5573393632768001,5.062757934215793,0,2,4,2,False,False,-1,-1,low_vol,bear_stable
2025-04-02 04:00:00,1876.4,1883.3,1852.0,1865.06,62469.3203,1743580799999,116358133.813456,314691.0,30375.4726,56572523.052118,0,-0.006038190354883621,-0.006056493943828547,1895.02,0.5399999999999636,1867.6860000000001,2.2830000000003565,1843.5435000000002,1.84900000000016,1922.3522,-4.322799999999916,1950.0137,-0.29950000000008004,2019.7348000000002,-2.21329999999989,0.012605245880913411,0.010044372809315222,0.011277384969601007,1927.9,1767.69,0.6077648086885954,62.86355475763015,-4.295884538758173,-16.203388757380818,11.907504218622645,1843.5435000000002,1915.8163407234474,1771.270659276553,0.6488560556401322,68120.74478999998,0.9170381282908462,-377.2016473115956,11.340000000000146,6.899999999999864,13.059999999999945,31.299999999999955,0.3623003194888231,0.48624624782414994,0.5137537521758501,5.0375287979562025,4,2,4,2,False,False,-1,-1,low_vol,bear_stable
2025-04-02 08:00:00,1865.07,1888.05,1862.62,1868.72,46565.6618,1743595199999,87366270.711648,287396.0,23231.7541,43597928.986664,0,0.001962403354315745,0.0019604803562408243,1885.048,-9.97199999999998,1871.7869999999998,4.100999999999658,1845.2600000000002,1.7164999999999964,1918.8613999999998,-3.490800000000263,1949.8735000000001,-0.14019999999982247,2018.34095,-1.3938500000001568,0.012185650637280648,0.010031137223751286,0.011048214152418797,1927.9,1767.69,0.6306098246052053,66.21820862513825,-3.8850947149528565,-13.739729948895226,9.85463523394237,1845.2600000000002,1918.2446686130222,1772.2753313869782,0.6607186854844064,65880.64161999998,0.7068185836530111,91.38061091225255,3.650000000000091,19.329999999999927,2.4500000000000455,25.430000000000064,0.1435312622886387,0.49890312307340595,0.5010968769265941,6.171843991702916,8,2,4,2,False,False,-1,-1,low_vol,bear_stable
2025-04-02 12:00:00,1868.73,1919.0,1854.27,1901.21,205643.0299,1743609599999,389372234.740809,882824.0,104161.8819,197244342.797608,0,0.01738623228734104,0.0172368210634827,1883.2720000000002,-1.77599999999984,1879.6650000000002,7.878000000000384,1848.4334999999999,3.173499999999649,1915.7746,-3.086799999999812,1950.0156,0.14209999999980027,2017.316,-1.0249499999999898,0.012894769110791356,0.010682873361037732,0.011324356479213423,1927.9,1767.69,0.8334061544223204,70.54593660868518,-0.9271813804623434,-11.177220235208651,10.250038854746307,1848.4334999999999,1925.4496279823577,1771.417372017642,0.8426327795399539,82186.62244999998,2.502147232356548,3575.357486114019,32.48000000000002,17.789999999999964,14.460000000000036,64.73000000000002,0.501776610536073,0.5065179303701749,0.4934820696298251,4.292992572757265,12,2,4,2,False,False,-1,-1,low_vol,bear_stable
2025-04-02 16:00:00,1901.21,1916.1,1882.22,1911.45,91870.8888,1743623999999,174657636.970305,486754.0,44477.9111,84580552.383121,0,0.0053860436248494015,0.005371590764483215,1884.566,1.293999999999869,1887.31,7.644999999999754,1852.3425,3.9090000000001055,1912.63,-3.144599999999855,1950.0416,0.026000000000067303,2016.24425,-1.0717500000000655,0.012869973595776464,0.010664695874040122,0.01131100419696947,1927.9,1767.69,0.897322264527807,70.03188097768333,2.2177043531753498,-8.49823531753185,10.7159396707072,1852.3425,1933.9191875556553,1770.7658124443446,0.8622818097368458,85864.42877999999,1.0699528326845291,494.82061493048826,10.240000000000009,4.649999999999864,18.99000000000001,33.87999999999988,0.30224321133412174,0.48413498204885114,0.5158650179511489,5.2982398054257205,16,2,4,2,False,False,-1,-1,low_vol,bear_stable
2025-04-06 04:00:00,1809.81,1813.55,1791.49,1797.69,28106.5655,1743926399999,50733137.392785,160456.0,12482.4623,22528772.504464,0,-0.006696835579425353,-0.006719360000699814,1795.538,-1.9300000000000637,1803.534,0.24500000000011823,1802.341,0.12349999999992178,1830.2926,-1.9842000000003281,1918.0510000000002,-1.744799999999941,1967.3228,-1.7565999999997075,0.007712682551039481,0.010405396764087813,0.01317225390536231,1845.26,1750.0,0.5006298551333199,45.055167527077636,-13.051629356707735,-15.23382497690768,2.182195620199945,1802.341,1830.1565979702982,1774.5254020297016,0.41639582932989233,39514.36495999998,0.7112999418933346,-188.22504785584914,12.11999999999989,3.740000000000009,6.2000000000000455,22.059999999999945,0.549410698096098,0.4441119744779916,0.5558880255220084,5.70884407772981,4,6,4,2,False,False,-1,-1,low_vol,bear_stable
2025-04-06 08:00:00,1797.7,1798.2,1783.0,1789.19,36956.075,1743940799999,66150885.709803,178947.0,19134.1312,34252728.804802,0,-0.004728290194638718,-0.00473950392051762,1796.9740000000002,1.4360000000001492,1801.432,-2.102000000000089,1800.5775,-1.7634999999997945,1828.0797999999998,-2.212800000000243,1916.1954,-1.855600000000095,1965.8943,-1.4284999999999854,0.007267746680630224,0.00972573461536165,0.01317751698773303,1845.26,1750.0,0.4114003779130806,48.97667253521126,-13.22112216034725,-14.831284413595595,1.6101622532483457,1800.5775,1826.921821567773,1774.2331784322273,0.28387183039227587,33231.55922999998,1.112077671234809,-174.73904705483304,8.509999999999991,0.5,6.190000000000055,15.200000000000045,0.5598684210526294,0.5177533382535889,0.48224666174641106,4.842153827212441,8,6,4,2,False,False,-1,-1,low_vol,bear_stable
2025-04-06 12:00:00,1789.19,1792.09,1735.0,1759.55,126184.7151,1743955199999,222332903.175523,445011.0,59291.16,104490584.906311,0,-0.016566155634672675,-0.016704908931130965,1792.45,-4.524000000000115,1795.7,-5.731999999999971,1797.7895,-2.788000000000011,1825.668,-2.4117999999998574,1913.953,-2.2424000000000888,1964.29,-1.6042999999999665,0.008491781932512432,0.010306674389467323,0.013295042723991785,1835.68,1735.0,0.24384187524831089,34.33844833136597,-15.567692053109113,-14.9785659414983,-0.5891261116108133,1797.7895,1828.9338528533756,1766.6451471466246,-0.1139074422260094,41780.755559999976,3.0201635515851373,-2090.395629063431,29.6400000000001,2.8999999999998636,24.549999999999955,57.08999999999992,0.5191802417235968,0.469875927151814,0.530124072848186,3.5266632701697165,12,6,4,2,False,False,-1,-1,low_vol,bear_stable
2025-04-13 20:00:00,1590.25,1617.08,1572.24,1597.76,94170.4897,1744588799999,149982533.900681,476706.0,48085.471,76616343.145032,0,0.004722527904417628,0.004711411753330931,1598.482,-5.354000000000042,1615.368,1.5709999999999127,1584.0785,5.088999999999942,1588.9504000000002,-3.684999999999718,1713.1014000000002,-3.1244999999996708,1839.5551500000001,-1.5836499999998068,0.014849131605192599,0.011718205207791035,0.02864582030452159,1669.59,1471.02,0.6382635846301055,58.127954934111266,5.856158508232284,4.05196480584058,1.8041937023917036,1584.0785,1662.3499201448255,1505.8070798551746,0.5873978009769406,98472.94739999998,0.9563082266389036,444.72276538092285,7.509999999999991,19.319999999999936,18.00999999999999,44.83999999999992,0.16748438893844791,0.5106214394040683,0.4893785605959316,5.062159085278708,20,6,4,2,False,False,-1,-1,low_vol,bear_stable
2025-04-18 08:00:00,1584.1,1592.82,1582.3,1590.67,30494.132,1744977599999,48406345.258399,157654.0,16185.8281,25694783.309293,0,0.004153804392427185,0.00414520116282203,1584.7959999999998,1.5,1586.407,0.20699999999987995,1593.825,-2.3610000000001037,1594.2263999999998,-0.5268000000003212,1647.6484,-3.194200000000137,1799.0734000000002,-1.6842499999995653,0.005524333417863468,0.007349359196324789,0.014198738180167238,1661.21,1538.07,0.4271560825077156,49.846689317974686,-5.688184084094701,-5.190151586496666,-0.49803249759803503,1593.825,1632.2136137164023,1555.4363862835978,0.4589070860528113,62228.801139999974,0.49003245187699296,126.66665944485439,6.570000000000164,2.1499999999998636,1.7999999999999545,10.519999999999982,0.624524714828914,0.5307850080795873,0.46921499192041277,5.169978276476274,8,4,4,2,False,False,-1,-1,low_vol,bear_stable
2025-04-18 12:00:00,1590.67,1597.2,1579.09,1583.17,40691.5035,1744991999999,64658228.689839,181694.0,20193.0405,32088318.590843,0,-0.004714994310573539,-0.004726144960220856,1585.14,0.3440000000002783,1587.01,0.6030000000000655,1590.7414999999999,-3.0835000000001855,1593.9735999999998,-0.25279999999997926,1644.4303,-3.2181000000000495,1797.3598000000002,-1.7136000000000422,0.005201616388846089,0.007257429792745375,0.014092530787491443,1661.21,1538.07,0.366249796979049,59.31367715215466,-5.719324948719532,-5.295986258941239,-0.4233386897782925,1590.7414999999999,1620.9019350609703,1560.5810649390294,0.37447959579008544,60093.495639999965,0.6771365697174481,-191.86020749118325,7.5,6.529999999999973,4.080000000000155,18.110000000000127,0.4141358365543869,0.49624709738238104,0.503752902617619,4.465158187138502,12,4,4,2,False,False,-1,-1,low_vol,bear_stable
2025-04-18 16:00:00,1583.17,1595.18,1581.8,1593.31,25174.1423,1745006399999,40024223.483644,110386.0,11076.0047,17604623.587596,0,0.006404871239348742,0.006384447213999026,1587.078,1.9379999999998745,1587.85,0.8399999999999181,1588.8045,-1.9369999999998981,1593.9435999999998,-0.029999999999972715,1641.5995,-2.830799999999954,1795.9563500000002,-1.4034500000000207,0.005363239552423654,0.007343695482407031,0.014121818947511997,1661.21,1538.07,0.4485950950138051,54.98581715033814,-4.869656680847584,-5.210720343322508,0.3410636624749248,1588.8045,1611.956227886263,1565.652772113737,0.5973037524916944,56619.75639999998,0.44461763703384655,161.23713999254258,10.139999999999873,1.8700000000001182,1.3700000000001182,13.38000000000011,0.7578475336322713,0.43997545449641795,0.560024545503582,4.384896163870497,16,4,4,2,False,False,-1,-1,low_vol,bear_stable
2025-04-18 20:00:00,1593.31,1600.64,1587.01,1588.6,24170.3,1745020799999,38526289.627311,98956.0,11471.6431,18287118.049321,0,-0.0029561102359240143,-0.002960488159666345,1587.968,0.8900000000001,1586.55,-1.2999999999999545,1587.1834999999999,-1.6210000000000946,1595.796,1.852400000000216,1638.8349000000003,-2.7645999999997457,1794.4243,-1.532050000000254,0.004125073149361757,0.007240024780329641,0.010936956662879926,1627.99,1538.07,0.5619439501779352,48.83695047301049,-4.524194001678779,-5.073415074993763,0.5492210733149836,1587.1834999999999,1604.689363406104,1569.6776365938958,0.5404578730891425,52472.409959999975,0.46062873838699536,-71.4500712353542,4.710000000000036,7.330000000000155,1.5899999999999181,13.63000000000011,0.3455612619222303,0.4746173237402928,0.5253826762597071,4.094115505392982,20,4,4,2,False,False,-1,-1,low_vol,bear_stable
2025-04-19 00:00:00,1588.6,1600.26,1585.01,1597.76,31072.3981,1745035199999,49484729.840845,123948.0,18220.3458,29016915.349247,0,0.00576608334382489,0.005749523113212916,1590.7019999999998,2.7339999999996962,1586.999,0.4490000000000691,1586.7235,-0.459999999999809,1597.4578,1.6617999999998574,1636.1253,-2.709600000000364,1792.9994,-1.4248999999999796,0.004281955131969427,0.007152363844900287,0.010836868871967298,1616.96,1538.07,0.7566231461528709,54.72554684275696,-3.471262341342481,-4.752984528263507,1.2817221869210265,1586.7235,1602.432584562879,1571.0144154371212,0.8512776303362577,51155.554259999975,0.6074100564344078,179.16603713710617,9.160000000000082,2.5,3.589999999999918,15.25,0.6006557377049234,0.5863836367364256,0.4136163632635744,3.98900656463976,0,5,4,2,False,False,-1,-1,low_vol,bear_stable
2025-04-19 04:00:00,1597.75,1613.48,1595.33,1600.94,43084.6831,1745049599999,69052349.872695,150340.0,24862.6115,39851566.252834,0,0.0019902864009613275,0.001988308405066455,1592.756,2.0540000000003147,1588.776,1.7770000000000437,1587.3315,0.6079999999999472,1599.0316,1.5738000000001193,1633.1226000000001,-3.002699999999777,1791.5691,-1.4302999999999884,0.0036059888661942527,0.006673122787877084,0.010823228448215209,1616.96,1538.07,0.7969324375713023,63.42509025270755,-2.3530821249382825,-4.273004047598462,1.9199219226601798,1587.3315,1604.2689655070853,1570.3940344929147,0.9017277553807356,46142.91983999997,0.9337225136466359,85.75085886365834,3.1900000000000546,12.539999999999964,2.4200000000000728,18.15000000000009,0.1757575757575779,0.5770638127311652,0.4229361872688348,3.489407120647941,4,5,4,2,False,False,-1,-1,low_vol,bear_stable
2025-04-19 08:00:00,1600.94,1606.4,1594.07,1596.79,30170.2623,1745063999999,48264787.089856,261171.0,16190.1501,25899666.701169,0,-0.0025922270665984515,-0.0025955927047712772,1595.48,2.7239999999999327,1590.31,1.5339999999998781,1587.6190000000001,0.2875000000001364,1600.0752000000002,1.0436000000001968,1629.976,-3.146600000000035,1790.0087999999998,-1.5603000000000975,0.0037375264626276035,0.00670115015058677,0.010653913838589794,1616.96,1538.07,0.7443275446824686,56.98659139026103,-1.7812533841665754,-3.7746539149120855,1.99340053074551,1587.6190000000001,1605.0106276261865,1570.2273723738138,0.7636613489295028,34425.689829999974,0.8763880244371568,-78.20817054043485,4.150000000000091,5.460000000000036,2.7200000000000273,12.330000000000155,0.3365774533657777,0.5366260968834865,0.46337390311651344,8.656570413708335,8,5,4,2,False,False,-1,-1,low_vol,bear_stable
2025-04-19 12:00:00,1596.8,1612.29,1595.05,1607.28,39041.6232,1745078399999,62618736.365365,400999.0,19675.7672,31561399.12831,0,0.0065694299187746275,0.006547945257364792,1598.274,2.793999999999869,1592.676,2.3659999999999854,1589.769,2.1499999999998636,1601.16,1.0847999999998592,1628.0966,-1.8794000000000324,1788.5415,-1.4672999999997955,0.004139124552298381,0.005509256826430769,0.010665157402692573,1616.96,1538.07,0.8772975028520719,53.60314640954075,-0.4761311128024772,-3.114949354490164,2.638818241687687,1589.769,1605.5712142323764,1573.9667857676236,1.054067921827136,34377.800259999975,1.135663797704549,256.48120752760565,10.480000000000018,5.009999999999991,1.75,17.24000000000001,0.607888631090488,0.503968984568244,0.496031015431756,10.271063729747793,12,5,4,2,False,False,-1,-1,low_vol,bear_stable
2025-04-19 16:00:00,1607.28,1631.81,1598.5,1614.79,58737.7878,1745092799999,94901604.720522,555340.0,30991.0901,50088425.280841,0,0.0046724901697277055,0.004661607972341942,1603.5120000000002,5.238000000000284,1595.7400000000002,3.0640000000003056,1591.3,1.530999999999949,1602.28,1.1199999999998909,1625.9999000000003,-2.096699999999828,1787.0625,-1.4790000000000418,0.00423067381161554,0.0048971849615181045,0.010671532747969335,1631.81,1538.07,0.8184339662897377,63.794871794871696,1.1509148959623872,-2.261776504399654,3.412691400362041,1591.3,1610.4060464365461,1572.1939535634538,1.1147268635092438,36372.342299999975,1.6149025354355593,274.4517360870519,7.509999999999991,17.019999999999982,8.779999999999973,33.309999999999945,0.22545782047433213,0.5276175910050191,0.47238240899498085,9.454561038132935,16,5,4,2,False,False,-1,-1,low_vol,bear_stable
2025-04-19 20:00:00,1614.8,1622.37,1611.06,1613.27,20989.6354,1745107199999,33932637.823011,270765.0,9916.338,16033049.354646,0,-0.0009412988685835177,-0.0009417421685705324,1606.614,3.1019999999998618,1598.658,2.9179999999996653,1592.429,1.1290000000001328,1603.2366,0.9565999999999804,1623.9795000000001,-2.0204000000001088,1785.5315,-1.530999999999949,0.0042865373401838784,0.004856548818884145,0.010662039417506075,1631.81,1538.07,0.802218903349691,71.6796312301928,2.2912966419066834,-1.3511618751383865,3.64245851704507,1592.429,1613.904865423742,1570.9531345762582,0.9852190956868231,34362.64676999998,0.6108270861814064,-19.75752005400055,1.5299999999999727,7.569999999999936,2.2100000000000364,11.309999999999945,0.13527851458885765,0.4724397451896663,0.5275602548103336,12.899938223795923,20,5,4,2,False,False,-1,-1,low_vol,bear_stable
2025-04-20 00:00:00,1613.26,1619.19,1608.0,1611.87,27425.144,1745121599999,44261740.581491,315825.0,14526.13,23442259.482672,0,-0.0008678026616747436,-0.0008681794203884616,1608.8,2.185999999999922,1600.778,2.1200000000001182,1593.5925000000002,1.1635000000001128,1604.1582,0.9216000000001259,1622.1469,-1.832600000000184,1783.8797,-1.6518000000000939,0.00427887058138216,0.004847750900865962,0.010664062823850014,1631.81,1563.2,0.7093718116892569,72.01157742402285,3.0469655694482753,-0.4715363862210542,3.5185019556693296,1593.5925000000002,1616.657521932601,1570.5274780673994,0.8962168354621366,34055.747969999975,0.805301472872041,-23.799612960013125,1.3900000000001,5.930000000000064,3.869999999999891,11.190000000000055,0.12421805183200119,0.5296646755984216,0.4703353244015784,11.515892131687622,0,6,4,2,False,False,-1,-1,low_vol,bear_stable
2025-04-20 04:00:00,1611.87,1617.65,1586.6,1597.46,47330.5051,1745135999999,75807486.215211,266033.0,21388.1632,34276320.548714,0,-0.008939926917183039,-0.008980127838712201,1608.934,0.13400000000001455,1602.2069999999999,1.42899999999986,1594.6084999999998,1.0159999999996217,1604.7704,0.6122000000000298,1620.2987999999998,-1.8481000000001586,1782.2354500000001,-1.644249999999829,0.0050766240189979986,0.005009440839610651,0.01074968444634755,1631.81,1563.2,0.4993441189331007,58.50749938529631,2.454774950634146,0.11372588114998589,2.34104906948416,1594.6084999999998,1616.3757136580593,1572.8412863419403,0.5654998853963199,34719.64812999997,1.3632196076060878,-423.1312565473591,14.409999999999854,5.7800000000002,10.860000000000127,31.050000000000182,0.464090177133648,0.45188960385719606,0.5481103961428039,5.620751340766908,4,6,4,2,False,False,-1,-1,low_vol,bear_stable
2025-04-20 08:00:00,1597.46,1597.61,1565.59,1572.62,86979.4597,1745150399999,137496353.315917,439477.0,44634.5274,70571935.32173,0,-0.015549685125136214,-0.015671849545838668,1602.002,-6.932000000000016,1600.138,-2.06899999999996,1593.994,-0.6144999999999072,1605.1347999999998,0.36439999999970496,1618.1538,-2.1449999999997544,1780.5927000000001,-1.6427499999999782,0.006867813978467782,0.006070038477385171,0.010923174519573909,1631.81,1563.2,0.1372977700043705,44.543303360151384,-0.018705163259028268,0.08723967226818306,-0.10594483552721133,1593.994,1617.5356141268762,1570.4523858731236,0.046037924910204614,40900.17986999998,2.1266278039965023,-1352.5032106894748,24.840000000000146,0.14999999999986358,7.029999999999973,32.01999999999998,0.7757651467832655,0.5131616999455791,0.4868383000544208,5.052652678181674,8,6,4,2,False,False,-1,-1,low_vol,bear_stable
2025-04-20 12:00:00,1572.61,1584.04,1571.1,1573.5,41804.6085,1745164799999,65915748.216957,367640.0,22781.5093,35922759.375225,0,0.0005595757398482171,0.0005594192357251224,1593.744,-8.258000000000038,1598.6280000000002,-1.5099999999997635,1592.589,-1.4049999999999727,1604.9638,-0.17099999999982174,1615.7165000000002,-2.437299999999823,1778.9349000000002,-1.657799999999952,0.006862739928041003,0.005511235434445956,0.010627710224010557,1631.81,1563.2,0.15012388864596954,45.02676810369124,-1.886204338950165,-0.30744912997548657,-1.5787552089746786,1592.589,1617.5317064735364,1567.6462935264635,0.11734304935487076,42663.610719999975,0.9798656933742065,23.392844730452566,0.8900000000001,10.539999999999964,1.509999999999991,12.940000000000055,0.06877897990727173,0.5449521025893592,0.4550478974106407,8.79424573489308,12,6,4,2,False,False,-1,-1,low_vol,bear_stable
2025-04-20 16:00:00,1573.51,1587.97,1571.49,1586.17,28189.3136,1745179199999,44534853.318405,240518.0,13675.2578,21605023.111446,0,0.008052113123609761,0.008019867840193004,1588.3239999999998,-5.420000000000073,1597.469,-1.1590000000001055,1592.234,-0.3550000000000182,1604.806,-0.15779999999995198,1613.6491,-2.0674000000001342,1777.4035999999999,-1.5313000000003285,0.007143047488440212,0.00575448853753893,0.010634670695700526,1631.81,1563.2,0.33479084681533394,48.001066098081026,-2.317137261911057,-0.7093867563626007,-1.6077505055484562,1592.234,1617.3374813252271,1567.1305186747727,0.3792199392299832,42375.30226999998,0.665229794005668,226.98354198411113,12.660000000000082,1.7999999999999545,2.019999999999982,16.480000000000018,0.7682038834951498,0.485122057033698,0.514877942966302,8.532240387719124,16,6,4,2,False,False,-1,-1,low_vol,bear_stable
2025-04-20 20:00:00,1586.19,1600.75,1574.68,1587.36,44323.1997,1745193599999,70361314.327171,284318.0,21387.807,33955734.642969,0,0.0007502348424190952,0.0007499535569376925,1583.422,-4.901999999999816,1596.1109999999999,-1.3580000000001746,1592.4435,0.2095000000001619,1603.4358,-1.370200000000068,1611.3434000000002,-2.305699999999888,1775.9353,-1.468299999999772,0.007101707513573247,0.005572373665943149,0.009042404347040744,1631.81,1565.59,0.3287526427061307,51.971764705882265,-2.5334278737816476,-1.07419497984641,-1.4592328939352375,1592.4435,1617.2971755920632,1567.589824407937,0.3977314244492761,42499.153929999986,1.04291957842277,33.25280874243958,1.1699999999998454,13.3900000000001,11.509999999999991,26.069999999999936,0.04487917146144412,0.48254203542981133,0.5174579645701887,6.414654220011107,20,6,4,2,False,False,-1,-1,low_vol,bear_stable
2025-04-21 00:00:00,1587.36,1645.45,1586.18,1634.54,160608.8717,1745207999999,260949363.712623,1070738.0,84866.3893,137838445.561575,0,0.02972230621913119,0.029289160278923657,1590.838,7.41599999999994,1599.886,3.775000000000091,1595.098,2.654499999999871,1603.2740000000003,-0.16179999999963002,1609.85,-1.4934000000002925,1774.58515,-1.350149999999985,0.011924484240014927,0.008631935898195853,0.009957271032575547,1645.45,1565.59,0.8633859253693956,64.38690766976059,1.089631366191952,-0.6414297106387377,1.7310610768306898,1595.098,1625.6867165972556,1564.5092834027444,1.1447148554695936,55543.01486999998,2.891612421038175,4773.666066176553,47.180000000000064,10.910000000000082,1.1799999999998363,59.26999999999998,0.7960182216973187,0.5284041186623939,0.4715958813376061,6.666742557036469,0,0,4,2,False,False,-1,-1,low_vol,bear_stable
2025-04-21 04:00:00,1634.55,1658.75,1631.3,1645.92,114675.8872,1745222399999,188773204.296138,506767.0,57996.9571,95498749.834328,0,0.0069622034333818306,0.006938079202203923,1605.498,14.660000000000082,1603.75,3.8640000000000327,1598.213,3.115000000000009,1603.3088,0.03479999999967731,1608.3568,-1.493199999999888,1773.1570500000003,-1.4280999999998585,0.011940369859655953,0.008711328716782677,0.010005791513263295,1658.75,1565.59,0.8622799484757415,69.11176313683649,4.8235993591488295,0.45157610331877573,4.372023255830054,1598.213,1635.7741703745965,1560.6518296254035,1.1350574213239304,63106.441269999974,1.8171819689429312,798.3968555899474,11.370000000000118,12.829999999999927,3.25,27.450000000000045,0.41420765027322765,0.5057467486503998,0.4942532513496002,4.419124302183729,4,0,4,2,False,False,-1,-1,low_vol,bear_stable
2025-04-21 08:00:00,1645.92,1655.0,1617.85,1626.34,77595.4377,1745236799999,127003574.67547,373307.0,38805.941,63507656.403759,0,-0.01189608243414031,-0.011967407042738373,1616.066,10.567999999999984,1604.905,1.1549999999999727,1600.3225,2.1095000000000255,1603.345,0.036200000000008004,1606.5181,-1.838700000000017,1771.5971,-1.559950000000299,0.012720527368868232,0.009244903165107041,0.010004441891310107,1658.75,1565.59,0.6521039072563326,58.91008853971812,6.132165742700408,1.5876940311951022,4.544471711505306,1600.3225,1639.271474919476,1561.373525080524,0.83399466935637,64992.20625999997,1.193919119926181,-923.0817233923987,19.580000000000155,9.079999999999927,8.490000000000009,37.15000000000009,0.5270524899057902,0.5001059617709973,0.4998940382290027,4.810940063812541,8,0,4,2,False,False,-1,-1,low_vol,bear_stable
2025-04-21 12:00:00,1626.34,1641.82,1608.6,1623.3,110419.6288,1745251199999,179541280.825014,1011801.0,58830.2889,95668195.824818,0,-0.001869227836737708,-0.0018709770231823983,1623.4919999999997,7.4259999999997035,1605.908,1.002999999999929,1602.283,1.9604999999999109,1603.5410000000002,0.19600000000014006,1604.5824,-1.935699999999997,1770.0536000000002,-1.5434999999997672,0.012737893446794393,0.009268468509652645,0.009959677329467216,1658.75,1565.59,0.6194718763417775,56.97703444832746,6.8450064620901685,2.639156517374116,4.205849944716053,1602.283,1641.735724059298,1562.8302759407018,0.7663567662452297,73935.20559999997,1.4934648237456183,-206.39944387520472,3.0399999999999636,15.480000000000018,14.700000000000045,33.22000000000003,0.09151113786875259,0.5327883234108463,0.4672116765891537,9.163234933823649,12,0,4,2,False,False,-1,-1,low_vol,bear_stable
2025-04-21 16:00:00,1623.3,1626.09,1564.07,1573.7,175835.5597,1745265599999,278593655.187988,1050495.0,79990.8968,126736673.428459,0,-0.030555042197991655,-0.031031579709980463,1620.7599999999998,-2.731999999999971,1602.091,-3.8170000000000073,1601.4344999999998,-0.8485000000000582,1602.9294,-0.6116000000001804,1602.2193,-2.3631000000000313,1767.78215,-2.2714500000001863,0.0161455835933958,0.0116439213962211,0.010839842890283986,1658.75,1564.07,0.10171102661597066,44.387184598181754,3.3687989748648306,2.785085008872259,0.5837139659925716,1601.4344999999998,1642.6302711027686,1560.238728897231,0.1633817105788343,88776.24716999996,1.9806599772491835,-5372.6629465409815,49.59999999999991,2.7899999999999636,9.63000000000011,62.01999999999998,0.7997420187036427,0.4549187714730492,0.5450812285269508,5.974303501477693,16,0,4,2,False,False,-1,-1,low_vol,bear_stable
2025-04-21 20:00:00,1573.7,1580.75,1571.35,1579.57,52351.2816,1745279999999,82497125.171362,244708.0,29233.3048,46074570.106353,0,0.003730062909067744,0.003723123475411044,1609.766,-10.993999999999687,1600.3020000000001,-1.78899999999976,1601.2545,-0.1799999999998363,1602.7884,-0.1410000000000764,1599.8828,-2.3364999999998872,1765.4350499999998,-2.3471000000001823,0.016061478344737982,0.011635063858480055,0.010743430264077805,1658.75,1564.07,0.1637093367131389,43.10936489779678,1.07514582704016,2.4430971725058392,-1.3679513454656793,1601.2545,1642.8161252520738,1559.6928747479262,0.2391283441337741,89278.32481999998,0.5863828841496402,195.27357373832066,5.869999999999891,1.1800000000000637,2.3500000000001364,9.400000000000091,0.6244680851063653,0.5584066694558247,0.44159333054417527,4.674345928524508,20,0,4,2,False,False,-1,-1,low_vol,bear_stable
2025-04-22 00:00:00,1579.57,1593.73,1537.26,1579.22,144649.1612,1745294399999,227041526.014595,742051.0,71602.8314,112371680.744509,0,-0.00022157929056632053,-0.00022160384288424825,1596.426,-13.340000000000146,1600.962,0.6599999999998545,1600.55,-0.7045000000000528,1602.5678,-0.22059999999987667,1597.6016,-2.2812000000001262,1763.1758499999999,-2.2591999999999643,0.015229518342678104,0.011535520003523871,0.010738229858010958,1658.75,1537.26,0.34537822042966526,40.82821927698419,-0.7620484719907381,1.8020680436065237,-2.564116515597262,1600.55,1643.1434983908664,1557.9565016091335,0.24960967276905063,95045.29496999997,1.521897125424851,-32.051258519709336,0.34999999999990905,14.160000000000082,41.960000000000036,56.47000000000003,0.006197981228969521,0.4950103464547432,0.5049896535452568,5.130005551667174,0,1,4,2,False,False,-1,-1,low_vol,bear_stable
2025-06-20 04:00:00,2517.2,2550.44,2503.64,2549.64,51587.8045,1750406399999,130443686.993966,244894.0,27570.391,69756553.596618,0,0.012891359015410053,0.012808972738704077,2517.158,3.561999999999898,2517.946,4.068000000000211,2527.147,0.2735000000002401,2562.2998000000002,-4.43939999999975,2580.6704,-0.7393999999999323,2573.3036,0.3728000000000975,0.008748817277764656,0.011020382263046245,0.013457692438319173,2618.6,2453.8,0.5815533980582515,59.003674969375254,-12.559930619497209,-16.560523158186115,4.000592538688906,2527.147,2583.9963447997575,2470.2976552002424,0.6978298965381908,52596.20357999997,0.9808275310504839,665.0369086262863,32.440000000000055,0.8000000000001819,13.559999999999945,46.80000000000018,0.6931623931623916,0.5344362154431286,0.46556378455687136,4.7471297213278385,4,4,6,2,False,False,-1,-1,low_vol,bear_stable
2025-06-20 08:00:00,2549.64,2569.0,2541.03,2549.65,67594.7504,1750420799999,172695920.050421,350309.0,32486.8593,82998424.97458,0,3.92212233890632e-06,3.92211464740461e-06,2528.494,11.33600000000024,2523.6690000000003,5.723000000000411,2524.2594999999997,-2.887500000000273,2557.9912,-4.308600000000297,2579.9153,-0.7550999999998567,2573.66585,0.3622499999996762,0.008295749569449857,0.009367321591550603,0.01345904743131031,2610.49,2453.8,0.6117174037909258,55.36014227843104,-9.607306226850142,-15.169879771918922,5.56257354506878,2524.2594999999997,2568.389370286801,2480.1296297131985,0.7876792956220685,46769.238429999976,1.4452822553689815,0.2651148805366369,0.010000000000218279,19.34999999999991,8.609999999999673,27.9699999999998,0.0003575259206370522,0.48061216452098915,0.5193878354790109,5.182488254294967,8,4,6,2,False,False,-1,-1,low_vol,bear_stable
2025-06-20 12:00:00,2549.64,2559.55,2487.56,2493.78,121310.6626,1750435199999,304952874.544289,652470.0,49910.5328,125547416.836128,0,-0.021912811562371237,-0.022156463189194137,2526.276,-2.218000000000302,2520.547,-3.1220000000002983,2519.8355,-4.423999999999523,2553.0468,-4.94439999999986,2578.9195,-0.9958000000001448,2573.5882500000002,-0.0775999999996202,0.010368117182296974,0.010312034416127656,0.013729576798742872,2585.47,2453.8,0.30363788258525204,42.13067394831612,-11.641377643130909,-14.46417934616132,2.822801703030411,2519.8355,2556.6104122000174,2483.060587799983,0.14574354578625368,52453.297829999974,2.312736617498585,-2658.2576900601957,55.85999999999967,9.91000000000031,6.220000000000255,71.99000000000024,0.7759411029309555,0.4114274189118146,0.5885725810881853,5.378504955919679,12,4,6,2,False,False,-1,-1,low_vol,bear_stable
2025-06-20 16:00:00,2493.78,2496.2,2367.36,2414.85,287925.9928,1750449599999,698475996.98334,1268145.0,126215.9479,306046129.064472,0,-0.031650747058682094,-0.03216245828458786,2505.022,-21.253999999999905,2509.489,-11.057999999999993,2512.9685,-6.867000000000189,2546.7478,-6.298999999999978,2576.789,-2.1304999999997563,2573.15375,-0.4345000000002983,0.014110408585297256,0.012137195226375522,0.014362275774703245,2569.0,2367.36,0.23551874628049896,34.12945212066809,-19.398768323771037,-15.451097141683265,-3.947671182087772,2512.9685,2570.0112356964883,2455.9257643035116,-0.36004377947497757,76179.20018999997,3.779588025102369,-9113.072769732722,78.93000000000029,2.419999999999618,47.48999999999978,128.8399999999997,0.6126203042533412,0.4383624648562816,0.5616375351437184,4.404413049574453,16,4,6,2,False,False,-1,-1,low_vol,bear_stable
2025-06-20 20:00:00,2414.84,2437.6,2381.96,2406.49,72214.9114,1750463999999,174073699.745455,481448.0,31680.2861,76375445.696425,0,-0.0034619127482038436,-0.0034679190343074183,2482.882,-22.139999999999873,2498.239,-11.25,2508.343,-4.625500000000102,2540.4818,-6.266000000000076,2574.5765,-2.212500000000091,2572.29125,-0.8624999999997272,0.014100234933544968,0.011367085535729361,0.014361920348341498,2569.0,2367.36,0.1940587185082309,33.755033450648384,-25.922322067021923,-17.545342126750995,-8.376979940270928,2508.343,2582.5696047065694,2434.1163952934303,-0.186094968257287,80868.12445999998,0.8929959966577419,-250.00172238607107,8.350000000000364,22.759999999999764,24.529999999999745,55.63999999999987,0.15007189072610322,0.4386945228599976,0.5613054771400025,6.6668779434381475,20,4,6,2,False,False,-1,-1,low_vol,bear_stable
2025-06-21 00:00:00,2406.49,2432.11,2395.99,2425.59,40790.6059,1750478399999,98691932.349678,247416.0,20134.8753,48727407.670145,0,0.007936870712116129,0.007905539426155845,2458.072,-24.809999999999945,2487.6150000000002,-10.623999999999796,2503.2045,-5.138500000000022,2535.0936,-5.38819999999987,2572.5884,-1.9881000000000313,2572.3782,0.08694999999988795,0.014340809105654094,0.011157590197641927,0.014400224314482112,2569.0,2367.36,0.2887819877008533,39.49048592546001,-29.214310645727892,-19.879135830546375,-9.335174815181517,2503.2045,2585.397907463588,2421.0110925364115,0.027854469141074836,80708.45444999998,0.505406852082273,323.7497652971814,19.100000000000364,6.519999999999982,10.5,36.120000000000346,0.5287929125138477,0.493615499347118,0.506384500652882,6.0655142168407945,0,5,6,2,False,False,-1,-1,low_vol,bear_stable
2025-06-21 04:00:00,2425.59,2428.41,2419.0,2426.85,20369.1082,1750492799999,49366821.54104,117449.0,9743.9993,23612994.206572,0,0.0005194612444805458,0.000519326371193896,2433.5119999999997,-24.5600000000004,2481.0029999999997,-6.612000000000535,2499.0495,-4.154999999999745,2530.7776,-4.316000000000258,2570.1776,-2.4108000000001084,2572.02355,-0.35465000000021973,0.013837245487641427,0.01109992474556121,0.014182323197807167,2569.0,2367.36,0.29503074786748573,32.878624010047815,-31.360064539065206,-22.17532157225014,-9.184742966815065,2499.0495,2587.9362635575635,2410.1627364424367,0.09386810189548929,77205.32510999998,0.2638303532946551,10.580962294530888,1.2599999999997635,1.5599999999999454,6.5900000000001455,9.409999999999854,0.13390010626990256,0.47837142423348705,0.5216285757665129,5.766035451664988,4,5,6,2,False,False,-1,-1,low_vol,bear_stable
2025-06-21 08:00:00,2426.85,2448.8,2423.51,2442.75,51774.242,1750507199999,126210342.260849,218967.0,21089.7934,51423496.203374,0,0.006551702824649341,0.006530333704997264,2423.306,-10.205999999999676,2474.791,-6.211999999999534,2494.7895,-4.260000000000218,2529.346,-1.4315999999998894,2568.3679,-1.8096999999997934,2572.3107499999996,0.287199999999757,0.013953431849719183,0.011074918234388385,0.012500421782828536,2569.0,2367.36,0.3738841499702436,36.31578947368427,-31.415455030550675,-24.02334826391025,-7.392106766640424,2494.7895,2585.981041960927,2403.5979580390726,0.2146692616388854,78431.52468999996,0.660120305000283,339.20944755547856,15.900000000000091,6.050000000000182,3.3399999999996908,25.289999999999964,0.6287069988137649,0.4073414227870299,0.5926585772129701,4.229265201024092,8,5,6,2,False,False,-1,-1,low_vol,bear_stable
2025-06-21 12:00:00,2442.75,2445.2,2412.29,2423.59,49701.538,1750521599999,120574172.196792,349232.0,20998.7078,50944272.4193,0,-0.007843618872172664,-0.007874541855545585,2425.054,1.7480000000000473,2465.038,-9.753000000000156,2489.2915000000003,-5.4979999999995925,2527.2888000000003,-2.057199999999739,2566.527,-1.840900000000147,2572.41,0.099250000000211,0.013670078633623309,0.011118278443796892,0.01251870007418604,2569.0,2367.36,0.27886332076968884,34.84848484848493,-32.629274304158116,-25.744533471959826,-6.88474083219829,2489.2915000000003,2583.8407850091285,2394.742214990872,0.15255422082960746,79466.33175999997,0.6254414529930231,-389.8399214328068,19.159999999999854,2.449999999999818,11.300000000000182,32.909999999999854,0.5821938620480078,0.42249613683987003,0.57750386316013,7.026583362470594,12,5,6,2,False,False,-1,-1,low_vol,bear_stable
2025-06-21 16:00:00,2423.59,2428.23,2382.25,2384.76,59605.916,1750535999999,143090024.325337,439120.0,30255.413,72614906.981276,0,-0.016021686836469873,-0.016151421640713457,2420.708,-4.346000000000004,2451.795,-13.242999999999938,2482.8365000000003,-6.454999999999927,2524.076,-3.212800000000243,2564.1247,-2.4023000000001957,2572.2459,-0.16409999999996217,0.014156864691901002,0.011484567671031905,0.012643537537231197,2569.0,2367.36,0.08629240230113124,28.4234617528829,-36.305978586282436,-27.85682249482435,-8.449156091458086,2482.8365000000003,2587.4187038345663,2378.2542961654344,0.03110330245505672,82287.55317999997,0.7243612635997936,-954.9873197529289,38.82999999999993,4.639999999999873,2.5100000000002183,45.98000000000002,0.8444976076555005,0.507590773372227,0.492409226627773,7.367053968267177,16,5,6,2,False,False,-1,-1,low_vol,bear_stable
