timestamp,open,high,low,close,volume,close_time,quote_asset_volume,number_of_trades,taker_buy_base,taker_buy_quote,ignore,returns,log_returns,ma_5,ma_5_slope,ma_10,ma_10_slope,ma_20,ma_20_slope,ma_50,ma_50_slope,ma_100,ma_100_slope,ma_200,ma_200_slope,volatility_10,volatility_20,volatility_50,high_20,low_20,price_position,rsi,macd,macd_signal,macd_histogram,bb_middle,bb_upper,bb_lower,bb_position,volume_ma_10,volume_ratio,volume_price_trend,body_size,upper_wick,lower_wick,total_range,body_ratio,buy_pressure,sell_pressure,trade_intensity,hour,day_of_week,month,quarter,gap_up,gap_down,trend_short,trend_long,vol_regime,market_regime
2024-07-18 12:00:00,13.804,13.965,13.524,13.534,536488.71,1721318399999,7381828.09837,18839.0,230546.94,3173616.44017,0,-0.0194885169890604,-0.01968092203140752,13.7574,-0.08779999999999966,13.9882,-0.0671999999999997,14.0749,-0.014699999999999491,13.381099999999998,,,,,,0.010178924352594463,0.01412822018408605,,14.622,13.524,0.009107468123862985,39.41825476429292,0.09084417001481526,0.2052946145823143,-0.11445044456749903,14.0749,14.613785751000696,13.536014248999303,-0.0018689017064949466,430814.08099999995,1.245290564214404,-10455.369339274097,0.2699999999999996,0.1609999999999996,0.010000000000001563,0.4410000000000007,0.6122448979591817,0.4297330693128659,0.5702669306871341,0.035115370834178414,12,3,7,3,False,False,1,-1,low_vol,sideways_stable
2024-07-18 16:00:00,13.533,13.69,13.414,13.556,428619.08,1721332799999,5809039.68171,12802.0,182794.23,2478190.24968,0,0.0016255356878971394,0.0016242159347711266,13.7212,-0.0362000000000009,13.913499999999999,-0.07470000000000176,14.06405,-0.010849999999999582,13.39426,0.013160000000000949,,,,,0.009637854322683667,0.01412118120495971,0.012106840159587866,14.622,13.414,0.11754966887417172,35.94909862142096,0.05616898409236448,0.17546948848432434,-0.11930050439195986,14.06405,14.636238586872697,13.491861413127303,0.05604671986140636,430185.535,0.9963586525520902,696.7356110536391,0.022999999999999687,0.13400000000000034,0.11899999999999977,0.2759999999999998,0.08333333333333226,0.42647245194964256,0.5735275480503574,0.02986801240859366,16,3,7,3,False,False,1,-1,low_vol,sideways_stable
2024-07-18 20:00:00,13.556,13.672,13.505,13.593,343712.63,1721347199999,4678565.21773,10136.0,134153.62,1826035.02216,0,0.0027294187075834753,0.0027257006083060507,13.664599999999998,-0.056600000000001316,13.8357,-0.07779999999999987,14.0499,-0.014150000000000773,13.40808,0.013820000000000832,,,,,0.009421824273635665,0.014015980664598072,0.012108585916266837,14.622,13.414,0.14817880794702007,23.106301718650514,0.031313280203354665,0.14663824682813043,-0.11532496662477576,14.0499,14.654734870896707,13.445065129103291,0.12229360277904072,439221.414,0.7825498007253353,938.1356823547172,0.03700000000000081,0.07900000000000063,0.05099999999999838,0.16699999999999982,0.22155688622755002,0.3903075077572797,0.6096924922427204,0.02948975136584303,20,3,7,3,False,False,1,-1,low_vol,sideways_stable
2024-07-19 00:00:00,13.592,13.668,13.335,13.644,362377.61,1721361599999,4901482.56282,12639.0,140162.91,1896392.9643,0,0.003751931141028564,0.0037449102032885533,13.626,-0.03859999999999886,13.768199999999998,-0.06750000000000078,14.02595,-0.02394999999999925,13.425180000000001,0.017100000000001003,,,,,0.009864140894099404,0.013364432516081912,0.012029380644209216,14.622,13.335,0.2400932400932397,27.12975098296198,0.01555096769540043,0.12042079100158443,-0.104869823306184,14.02595,14.656005795357176,13.395894204642824,0.19689192384662232,436783.75,0.8296499354657768,1359.615839770504,0.0519999999999996,0.023999999999999133,0.2569999999999997,0.3329999999999984,0.15615615615615572,0.38678689337346206,0.6132131066265379,0.0348779826656509,0,4,7,3,False,False,1,-1,low_vol,sideways_stable
2024-07-19 04:00:00,13.645,13.746,13.493,13.568,319663.08,1721375999999,4355214.8441,12030.0,134880.24,1838286.62933,0,-0.005570214013485786,-0.005585785506852045,13.579000000000002,-0.046999999999997044,13.712099999999998,-0.056100000000000705,13.984649999999998,-0.04130000000000145,13.44074,0.015559999999998908,,,,,0.009417698440699692,0.012449033191470614,0.012068181444068501,14.622,13.335,0.18104118104118022,28.240109140518413,-0.003038319513912313,0.09572896889848508,-0.09876728841239739,13.984649999999998,14.621377248885805,13.347922751114192,0.17281909111861915,407509.63399999996,0.7844307307836557,-1780.591767810028,0.07699999999999996,0.10100000000000087,0.07499999999999929,0.2530000000000001,0.3043478260869562,0.42194500534750523,0.5780549946524948,0.037633373237847795,4,4,7,3,False,False,1,-1,low_vol,sideways_stable
2024-07-19 08:00:00,13.566,13.651,13.37,13.428,391969.89,1721390399999,5289159.21079,15649.0,158418.29,2137809.11477,0,-0.01031839622641506,-0.010371999931758732,13.5578,-0.021200000000002106,13.657599999999999,-0.054499999999999105,13.93495,-0.04969999999999786,13.45682,0.01608000000000054,,,,,0.009360285519900228,0.01250095094031787,0.012009874868990118,14.622,13.335,0.0722610722610723,21.00728959575872,-0.028736042318772803,0.0708359666550335,-0.0995720089738063,13.93495,14.583013504035803,13.286886495964199,0.10887320699053475,390100.40099999995,1.0047923278089634,-4044.500633844327,0.1379999999999999,0.08499999999999908,0.058000000000001606,0.2810000000000006,0.49110320284697373,0.4041593347897207,0.5958406652102792,0.039923984977519575,8,4,7,3,False,False,1,-1,low_vol,sideways_stable
2024-07-19 12:00:00,13.428,13.897,13.404,13.879,602509.16,1721404799999,8243621.97372,19177.0,295468.01,4040578.85437,0,0.033586535597259326,0.033034827255914126,13.622399999999999,0.06459999999999866,13.6718,0.014200000000000657,13.9311,-0.003849999999999909,13.477859999999998,0.021039999999997505,,,,,0.014037162042987925,0.013170966447843357,0.012685541675576667,14.622,13.335,0.422688422688422,36.99788583509508,-0.012564901583903776,0.05415579300724605,-0.06672069459114982,13.9311,14.579551726888955,13.282648273111047,0.4598273874217601,412450.7,1.4608028547411849,20236.195350014816,0.45099999999999874,0.018000000000000682,0.02400000000000091,0.4930000000000003,0.9148073022312342,0.490395880454332,0.509604119545668,0.03182856174336005,12,4,7,3,False,False,1,-1,low_vol,sideways_stable
2024-07-19 16:00:00,13.879,14.139,13.874,14.134,607348.98,1721419199999,8518183.5299,19853.0,280883.37,3939415.66345,0,0.018373081634123656,0.018206335894959985,13.730599999999999,0.10820000000000007,13.6976,0.025800000000000267,13.9335,0.0023999999999997357,13.501959999999999,0.024100000000000676,,,,,0.014844792984013625,0.013661780460028862,0.012875277737968534,14.622,13.335,0.6208236208236209,45.58472553699282,0.020589865676566177,0.04744260754111008,-0.0268527418645439,13.9335,14.584715058664635,13.282284941335366,0.6539430003439572,441450.666,1.3758026134680243,11158.872389941735,0.2550000000000008,0.004999999999999005,0.004999999999999005,0.2649999999999988,0.9622641509434036,0.46247442450631926,0.5375255754936807,0.03268796137601153,16,4,7,3,False,False,1,-1,low_vol,sideways_stable
2024-07-19 20:00:00,14.13,14.139,13.994,14.076,324827.49,1721433599999,4565960.3483,11678.0,145273.52,2042148.22762,0,-0.004103580019810371,-0.004112022809323839,13.816999999999998,0.08639999999999937,13.7215,0.023900000000001143,13.915400000000002,-0.018099999999998673,13.52916,0.027200000000000557,,,,,0.014896330249623155,0.012378482632224703,0.012632233081840808,14.622,13.335,0.5757575757575759,48.650025471217546,0.04170439996124564,0.04629496602513719,-0.004590566063891549,13.915400000000002,14.526459270103116,13.304340729896888,0.6314111477049502,443498.174,0.7324212568234836,-1332.955597849153,0.05400000000000027,0.008999999999998565,0.08200000000000074,0.14499999999999957,0.37241379310345124,0.4472328373439083,0.5527671626560917,0.0359513906904862,20,4,7,3,False,False,1,-1,low_vol,sideways_stable
2024-07-20 00:00:00,14.076,14.107,13.859,14.031,290066.19,1721447999999,4051210.46612,12020.0,145741.84,2035412.61977,0,-0.0031969309462915874,-0.003202052047479898,13.909600000000001,0.09260000000000268,13.744299999999999,0.022799999999998377,13.899849999999997,-0.015550000000004616,13.558620000000001,0.02946000000000204,,,,,0.014921706548278523,0.012322390734659103,0.012482016491793414,14.504,13.335,0.595380667236955,51.56587473002159,0.054182118845695015,0.04787239658924876,0.006309722256446257,13.899849999999997,14.480259755440521,13.319440244559473,0.6129805269214179,420758.282,0.6893891395820463,-927.3215792838954,0.04499999999999993,0.030999999999998806,0.1720000000000006,0.24799999999999933,0.181451612903226,0.5024433905930229,0.4975566094069771,0.04143881780913522,0,5,7,3,False,False,1,-1,low_vol,sideways_stable
2024-07-20 04:00:00,14.034,14.225,14.003,14.105,265521.14,1721462399999,3750684.12269,9940.0,134638.89,1902244.76282,0,0.005274036063003251,0.005260177042100662,14.045000000000002,0.13540000000000063,13.801400000000001,0.05710000000000193,13.8948,-0.005049999999997112,13.593779999999999,0.03515999999999764,,,,,0.012929261210791137,0.012230703419454344,0.012179428758570048,14.504,13.335,0.6586826347305393,60.887573964497086,0.06924378328398717,0.05214667392819644,0.01709710935579073,13.8948,14.465673236920056,13.323926763079944,0.6841039187036162,393661.525,0.6744909602227447,1400.368067849735,0.07099999999999973,0.11999999999999922,0.031000000000000583,0.22199999999999953,0.3198198198198193,0.5070740883381263,0.49292591166187366,0.037435813961931616,4,5,7,3,False,False,1,-1,low_vol,sideways_stable
2024-07-20 08:00:00,14.105,14.146,13.903,13.91,192748.11,1721476799999,2701712.60229,7210.0,88305.07,1237748.4394,0,-0.01382488479262678,-0.01392133851860812,14.0512,0.006199999999997985,13.8368,0.03539999999999921,13.875150000000001,-0.019649999999998613,13.622420000000002,0.028640000000002885,,,,,0.014139609881059672,0.012468003582611697,0.012346217236013007,14.485,13.335,0.5,50.973654066437604,0.06469957413126615,0.05465725396881038,0.010042320162455765,13.875150000000001,14.41296009170231,13.337339908297693,0.5323999126621903,370074.42799999996,0.5208360681435682,-2664.7204147465536,0.19500000000000028,0.04100000000000037,0.006999999999999673,0.24300000000000033,0.8024691358024693,0.45813715112433534,0.5418628488756646,0.03740633306339554,8,5,7,3,False,False,1,-1,low_vol,sideways_stable
2024-07-20 12:00:00,13.91,14.102,13.849,14.094,214116.81,1721491199999,2994951.9649,8486.0,126072.65,1763743.77008,0,0.013227893601725382,0.013141168969479205,14.043199999999999,-0.008000000000000895,13.8869,0.05010000000000048,13.8613,-0.013850000000001472,13.65536,0.03293999999999819,,,,,0.014528893831910217,0.012824123484483018,0.012422985550307764,14.485,13.335,0.6599999999999996,56.795346377578014,0.07508004189900497,0.0587418115548493,0.016338230344155664,13.8613,14.35804311904222,13.36455688095778,0.7342256903816532,357114.846,0.5995740933156276,2832.3143810208494,0.18399999999999928,0.008000000000000895,0.06099999999999994,0.2530000000000001,0.7272727272727241,0.5888031397441424,0.41119686025585755,0.03963257251964477,12,5,7,3,False,False,1,-1,low_vol,sideways_stable
2024-07-20 16:00:00,14.091,14.294,14.034,14.217,365373.03,1721505599999,5178216.87805,12696.0,203508.15,2884540.56689,0,0.008727117922520344,0.008689256748730318,14.0714,0.02820000000000178,13.9442,0.057299999999999685,13.856200000000001,-0.005099999999998772,13.691579999999998,0.036219999999998365,,,,,0.014615039024134836,0.012982284057358202,0.012423626520838974,14.477,13.335,0.7723292469352014,60.45454545454545,0.09216923981505154,0.06542729720688975,0.02674194260816179,13.856200000000001,14.334924885283268,13.377475114716734,0.8768343897419392,357414.38800000004,1.0222672680988993,3188.6535185185635,0.12600000000000122,0.07699999999999996,0.05699999999999861,0.2599999999999998,0.4846153846153897,0.5569873342868246,0.44301266571317544,0.03474804913761697,16,5,7,3,False,False,1,-1,low_vol,sideways_stable
2024-07-20 20:00:00,14.216,14.333,14.182,14.247,219169.77,1721519999999,3126226.0318,7346.0,112816.13,1609651.85867,0,0.002110149820637286,0.002107926581533562,14.114600000000001,0.04320000000000057,14.0121,0.06789999999999985,13.862100000000002,0.00590000000000046,13.723020000000002,0.031440000000003465,,,,,0.014240543043158244,0.012622780477371738,0.012121318564426244,14.333,13.335,0.9138276553106209,70.47673750717979,0.10690101322716572,0.07372204041094495,0.03317897281622077,13.862100000000002,14.357595881336119,13.366604118663885,0.8883987884643014,347365.05700000003,0.6309493876351528,462.4810508546152,0.031000000000000583,0.0860000000000003,0.03399999999999892,0.1509999999999998,0.20529801324503724,0.5147431144359006,0.4852568855640994,0.03351739612629972,20,5,7,3,False,False,1,-1,low_vol,sideways_stable
2024-07-21 00:00:00,14.246,14.337,14.148,14.168,155725.92,1721534399999,2216800.65032,6366.0,73882.5,1052062.60207,0,-0.005545027023233007,-0.0055604577545621085,14.127199999999998,0.01259999999999728,14.086099999999998,0.07399999999999807,13.87185,0.009749999999998593,13.752620000000002,0.029600000000000293,,,,,0.013741833244077305,0.012416645960574561,0.012172176428012988,14.337,13.335,0.8313373253493007,67.01890989988877,0.11092276147623537,0.08116218462400304,0.029760576852232323,13.87185,14.383930698821256,13.359769301178744,0.7891634079176371,323740.66000000003,0.4810205798678485,-863.5044346178214,0.07800000000000118,0.0909999999999993,0.019999999999999574,0.18900000000000006,0.41269841269841884,0.4744393226252893,0.5255606773747107,0.040879514470038125,0,6,7,3,False,False,1,-1,low_vol,sideways_stable
2024-07-21 04:00:00,14.17,14.197,13.944,13.972,204914.69,1721548799999,2884594.23258,8939.0,93478.66,1317007.01544,0,-0.013833992094861691,-0.01393057353594691,14.139599999999998,0.012399999999999523,14.095400000000001,0.009300000000003195,13.883599999999998,0.011749999999997485,13.777260000000002,0.024639999999999773,,,,,0.010832546541357863,0.012204955092951747,0.01237996013441478,14.337,13.335,0.635728542914171,59.68318855390904,0.09717429914742759,0.08436460752868796,0.012809691618739627,13.883599999999998,14.393431922768361,13.373768077231635,0.5866952382267415,283981.213,0.7215783320145196,-2834.788201581034,0.1980000000000004,0.026999999999999247,0.027999999999998693,0.25299999999999834,0.7826086956521806,0.45618330242697586,0.5438166975730242,0.04362303161379011,4,6,7,3,False,False,1,-1,low_vol,sideways_stable
2024-07-21 08:00:00,13.972,14.361,13.969,14.21,374013.42,1721563199999,5312201.20469,13815.0,217332.69,3085247.55715,0,0.017034068136272618,0.016890615164423802,14.162799999999999,0.023200000000000998,14.103,0.007599999999998275,13.900299999999998,0.01670000000000016,13.805219999999998,0.027959999999996654,,,,,0.010595790146405597,0.012571755439025988,0.012553366114378397,14.361,13.335,0.8528265107212477,63.19962686567166,0.10428106741805188,0.08834789950656075,0.01593316791149113,13.900299999999998,14.430555588818905,13.370044411181091,0.7920289823722837,260647.65699999998,1.4349387380067644,6370.970080160348,0.23800000000000132,0.1509999999999998,0.0030000000000001137,0.39200000000000124,0.6071428571428586,0.5810825985869705,0.41891740141302947,0.03693717728096495,8,6,7,3,False,False,1,-1,low_vol,sideways_stable
2024-07-21 12:00:00,14.209,14.717,14.17,14.447,737388.43,1721577599999,10676985.5863,33142.0,402720.81,5830737.72069,0,0.016678395496129372,0.016540838438234916,14.2088,0.04600000000000115,14.1401,0.03710000000000058,13.9308,0.030500000000001748,13.833699999999999,0.02848000000000006,,,,,0.011567118694225689,0.012987689336810337,0.012558275858281707,14.717,13.335,0.804630969609261,69.06724511930587,0.12756664293015696,0.09619164819128,0.03137499473887696,13.9308,14.513322861534657,13.348277138465342,0.9430727393600222,301903.75100000005,2.442461968615951,12298.45586980991,0.23799999999999955,0.27000000000000135,0.0389999999999997,0.5470000000000006,0.43510054844606816,0.5461447367705511,0.45385526322944886,0.044945104441088124,12,6,7,3,False,False,1,-1,low_vol,sideways_stable
2024-07-21 16:00:00,14.447,14.777,13.98,14.531,903350.78,1721591999999,13009017.66253,45074.0,455693.06,6570436.25403,0,0.005814355921644809,0.005797517791314689,14.265600000000001,0.05680000000000085,14.190100000000001,0.05000000000000071,13.9672,0.03640000000000043,13.86398,0.030280000000001195,,,,,0.01140963775928215,0.012961948402711225,0.01256295986441995,14.777,13.335,0.829403606102636,74.52200978212538,0.15105743123246107,0.10716480479951622,0.04389262643294485,13.9672,14.604503397960997,13.329896602039003,0.9423324917173165,363232.2100000001,2.486978729116561,5252.402957015457,0.0840000000000014,0.24599999999999866,0.46699999999999875,0.7969999999999988,0.10539523212045361,0.5044475192682072,0.4955524807317928,0.04989645329137813,16,6,7,3,False,False,1,-1,low_vol,sideways_stable
2024-07-21 20:00:00,14.53,15.196,14.5,14.816,1052125.87,1721606399999,15636640.29241,36485.0,491589.66,7302436.8087,0,0.019613240657903708,0.019423379565264676,14.395199999999999,0.12959999999999816,14.261199999999999,0.07109999999999772,14.031300000000002,0.0641000000000016,13.899440000000002,0.03546000000000227,,,,,0.012497322873258903,0.012382544837954873,0.012799648999920468,15.196,13.335,0.7958087049973137,72.49159865578493,0.1904754855293369,0.12382694094548036,0.06664854458385655,14.031300000000002,14.739130220499685,13.323469779500318,1.0542995885694524,441892.683,2.380953363737865,20635.59789071631,0.28600000000000136,0.379999999999999,0.02999999999999936,0.6959999999999997,0.4109195402298872,0.4672346475046754,0.5327653524953246,0.03467740984260752,20,6,7,3,False,False,1,-1,low_vol,sideways_stable
2024-07-22 00:00:00,14.817,14.881,14.446,14.48,384844.33,1721620799999,5643238.53418,17631.0,195451.92,2869041.53781,0,-0.022678185745140356,-0.02293929094625323,14.496799999999999,0.10159999999999947,14.3182,0.057000000000000384,14.077499999999997,0.046199999999995356,13.9278,0.0283599999999975,,,,,0.014179475107825863,0.013801812535412865,0.01329056493244659,15.196,13.335,0.6152606125738852,57.99445471349353,0.1923844968955013,0.13753845213548455,0.054846044760016754,14.077499999999997,14.775255046748608,13.379744953251386,0.7884250009194251,461102.305,0.8346181006403774,-8727.57119870409,0.33699999999999974,0.06400000000000006,0.034000000000000696,0.4350000000000005,0.7747126436781594,0.5078726767261973,0.49212732327380265,0.045813329249257746,0,0,7,3,False,False,1,-1,low_vol,sideways_stable
2024-07-22 04:00:00,14.478,14.553,14.21,14.28,196031.05,1721635199999,2816840.32363,10715.0,84312.04,1211864.68879,0,-0.013812154696132617,-0.013908430046132,14.5108,0.014000000000001123,14.3368,0.01860000000000106,14.11185,0.03435000000000343,13.95298,0.025180000000000646,,,,,0.014812639226794554,0.014329190318703743,0.013461852071039558,15.196,13.335,0.5077915099408915,54.42324371205548,0.1757333291978167,0.145177427547951,0.030555901649865713,14.11185,14.776009548047874,13.447690451952127,0.6265885587990361,459293.729,0.4268097681777841,-2707.6111878453075,0.1980000000000004,0.07500000000000107,0.06999999999999851,0.34299999999999997,0.5772594752186601,0.430095334387078,0.5699046656129221,0.05465970824519891,4,0,7,3,False,False,1,-1,low_vol,sideways_stable
2024-07-22 08:00:00,14.29,14.39,14.171,14.37,223359.55,1721649599999,3189870.6042,8752.0,94438.73,1349711.9241,0,0.006302521008403339,0.006282743179495209,14.4954,-0.015399999999999636,14.352099999999998,0.015299999999998093,14.148150000000001,0.036300000000000665,13.98112,0.028140000000000498,,,,,0.01469898360773479,0.014351638991628396,0.013443578885917733,15.196,13.37,0.5476451259583788,57.209698000850665,0.16786437069737659,0.1497148161778361,0.01814955451954048,14.148150000000001,14.783373383833135,13.512926616166867,0.6746236093051917,445092.38100000005,0.5018273947942505,1407.728256302516,0.08000000000000007,0.02000000000000135,0.11899999999999977,0.2190000000000012,0.36529680365296635,0.42281035218776186,0.5771896478122381,0.039183460031147095,8,0,7,3,False,False,1,-1,low_vol,sideways_stable
2024-07-22 12:00:00,14.36,14.4,14.03,14.15,297123.35,1721663999999,4217050.58761,15421.0,139394.47,1979489.2275,0,-0.015309672929714635,-0.015428076001686879,14.4192,-0.07620000000000005,14.342400000000001,-0.009699999999996933,14.177249999999997,0.02909999999999613,14.002160000000002,0.021040000000001058,,,,,0.01558073544996198,0.014804857041876262,0.013612076652459698,15.196,13.37,0.4271631982475361,50.90108129755707,0.1422363904397983,0.14821913103022855,-0.005982740590430247,14.177249999999997,14.750910407521634,13.603589592478361,0.47624901453655827,452887.73900000006,0.6560640185491972,-4548.861308281126,0.20999999999999908,0.040000000000000924,0.120000000000001,0.370000000000001,0.5675675675675635,0.46914680384426205,0.530853196155738,0.05190100340481487,12,0,7,3,False,False,1,-1,low_vol,sideways_stable
2024-07-22 16:00:00,14.15,14.23,14.05,14.2,212296.96,1721678399999,3001290.5456,9329.0,85497.93,1209617.7839,0,0.0035335689045936647,0.0035273405179684406,14.296000000000001,-0.12319999999999887,14.3456,0.003199999999997871,14.215849999999998,0.038600000000000634,14.024019999999998,0.02185999999999666,,,,,0.015523266885528316,0.014509166102756356,0.013613975251825176,15.196,13.404,0.44419642857142827,56.164965986394535,0.12452516499081412,0.14348033782234565,-0.01895517283153153,14.215849999999998,14.668329147527663,13.763370852472333,0.4824853807224017,458544.84300000005,0.4629797134148556,750.165936395765,0.049999999999998934,0.030000000000001137,0.09999999999999964,0.17999999999999972,0.2777777777777723,0.40272799949655425,0.5972720005034458,0.043943163387737634,16,0,7,3,False,False,1,-1,low_vol,sideways_stable
2024-07-22 20:00:00,14.21,14.22,13.78,13.93,333764.65,1721692799999,4669308.29606,13495.0,121505.56,1700329.92988,0,-0.019014084507042228,-0.019197176815500688,14.185999999999998,-0.11000000000000298,14.341399999999998,-0.00420000000000087,14.218399999999999,0.0025500000000011624,14.0372,0.013180000000001968,,,,,0.016123418418396665,0.013376864376211226,0.013831034074535148,15.196,13.78,0.10593220338983073,46.636587366694016,0.08769129701806833,0.1323225296614902,-0.044631232643421864,14.218399999999999,14.663399065640643,13.773400934359355,0.1759543757863812,471429.83900000004,0.707983717594083,-6346.229260563372,0.28000000000000114,0.009999999999999787,0.15000000000000036,0.4400000000000013,0.6363636363636371,0.36404562316590444,0.6359543768340955,0.040432682130956646,20,0,7,3,False,False,1,-1,low_vol,sideways_stable
2024-07-23 00:00:00,13.93,14.17,13.91,14.04,148372.39,1721707199999,2084918.4011,6756.0,76556.44,1075832.1668,0,0.007896625987078298,0.007865610805950779,14.138,-0.047999999999998266,14.3244,-0.016999999999997684,14.2137,-0.004699999999999704,14.05304,0.015839999999998966,,,,,0.01527587315200187,0.0128243067863598,0.013858318288611803,15.196,13.78,0.18361581920903935,46.350515463917496,0.06660845120445735,0.11917971397008363,-0.05257126276562628,14.2137,14.664401488325634,13.762998511674365,0.3073003922781581,448865.73600000003,0.3305496011395265,1171.6412706389165,0.10999999999999943,0.13000000000000078,0.019999999999999574,0.2599999999999998,0.42307692307692124,0.5159749735109073,0.4840250264890928,0.04553407813947055,0,1,7,3,False,False,1,-1,low_vol,sideways_stable
2024-07-23 04:00:00,14.04,14.05,13.67,13.87,220770.18,1721721599999,3049301.76047,9627.0,93158.79,1286870.36017,0,-0.012108262108262102,-0.012182164270924833,14.038,-0.09999999999999964,14.2667,-0.05770000000000053,14.203399999999998,-0.010300000000000864,14.06148,0.008440000000000225,,,,,0.01423046698741814,0.013073221565041279,0.013837860426833843,15.196,13.67,0.13106159895150676,42.65107212475632,0.03577022783248829,0.10249781674256456,-0.06672758891007627,14.203399999999998,14.676224168943207,13.73057583105679,0.14743765029485614,397203.911,0.5558106903937308,-2673.1432051282036,0.16999999999999993,0.010000000000001563,0.1999999999999993,0.3800000000000008,0.44736842105263047,0.4219717989087113,0.5780282010912887,0.04360643271659243,4,1,7,3,False,False,1,-1,low_vol,sideways_stable
2024-07-23 08:00:00,13.87,14.13,13.86,13.98,220384.56,1721735999999,3093344.1044,9567.0,108645.79,1524345.5699,0,0.007930785868781598,0.007899502478924032,14.004,-0.034000000000000696,14.2116,-0.05509999999999948,14.200850000000003,-0.0025499999999958334,14.06504,0.0035600000000002296,,,,,0.014406900876860989,0.01319559098700152,0.01338001674569357,15.196,13.67,0.2031454783748365,46.379044684129454,0.019976517466044896,0.08599355688726062,-0.06601703942121573,14.200850000000003,14.678118224266747,13.723581775733258,0.26863115039838736,328907.289,0.6700507023424465,1747.8227541456502,0.11000000000000121,0.15000000000000036,0.009999999999999787,0.27000000000000135,0.4074074074074098,0.4929827661248138,0.5070172338751862,0.043410482113629016,8,1,7,3,False,False,1,-1,low_vol,sideways_stable
2024-07-23 12:00:00,13.99,13.99,13.64,13.81,379261.32,1721750399999,5249028.07863,18652.0,214213.41,2965845.6779,0,-0.012160228898426273,-0.012234769384463396,13.925999999999998,-0.07800000000000118,14.111,-0.10060000000000002,14.1861,-0.014750000000002927,14.06468,-0.0003600000000005821,,,,,0.01197701214912435,0.01339628531552576,0.0134939576591507,15.196,13.64,0.10925449871465297,46.84824902723737,-0.006186378319240404,0.06755756984596042,-0.07374394816520083,14.1861,14.693145892244578,13.679054107755421,0.129126272638667,261620.83399999997,1.4496602361568804,-4611.904463519294,0.17999999999999972,0.0,0.16999999999999993,0.34999999999999964,0.514285714285714,0.5648174456598949,0.4351825543401051,0.049179810901886854,12,1,7,3,False,False,1,-1,low_vol,sideways_stable
2024-07-23 16:00:00,13.81,13.94,13.494,13.9,293330.36,1721764799999,4023114.61413,13809.0,143601.66,1972594.5174,0,0.006517016654598029,0.006495872715445235,13.920000000000002,-0.005999999999996675,14.053,-0.05799999999999983,14.185599999999999,-0.0005000000000006111,14.067219999999999,0.0025399999999997647,,,,,0.011251250068829544,0.01313873862197462,0.013511432584438486,15.196,13.494,0.2385428907168041,43.6003303055326,-0.019434386375301926,0.05015917860170795,-0.06959356497700989,14.185599999999999,14.693810648410567,13.677389351589431,0.21901415201234511,252469.437,1.1618450276022914,1911.6388414192354,0.08999999999999986,0.03999999999999915,0.3160000000000007,0.44599999999999973,0.20179372197309398,0.48955607595476996,0.5104439240452301,0.04707661354931007,16,1,7,3,False,False,1,-1,low_vol,sideways_stable
2024-07-23 20:00:00,13.9,14.01,13.79,13.91,159824.16,1721779199999,2224297.2299,6245.0,76563.32,1066060.7177,0,0.0007194244604316058,0.0007191657987054193,13.894,-0.026000000000001577,14.016,-0.03700000000000081,14.176399999999997,-0.009200000000001651,14.0679,0.0006800000000009021,,,,,0.0107746835007676,0.012770805231567123,0.013471625293198631,15.196,13.494,0.24441833137485333,37.76765375854217,-0.02879468458018941,0.03436840596532848,-0.06316309054551789,14.176399999999997,14.698076003503681,13.654723996496314,0.244669106676558,248848.748,0.6422542258480641,114.98141007193463,0.009999999999999787,0.09999999999999964,0.11000000000000121,0.22000000000000064,0.04545454545454435,0.4790472228979649,0.5209527771020351,0.03907419253759882,20,1,7,3,False,False,1,-1,low_vol,sideways_stable
2024-07-24 00:00:00,13.9,13.93,13.77,13.87,108748.25,1721793599999,1505449.1099,5657.0,50906.54,704929.2769,0,-0.0028756290438534116,-0.0028797716086113893,13.894,0.0,13.966,-0.05000000000000071,14.159049999999999,-0.017349999999998644,14.062840000000001,-0.00505999999999851,,,,,0.010316148620546998,0.012588027549196603,0.013233623012951685,15.196,13.494,0.2209165687426554,34.635053463505315,-0.03899099018709329,0.01969652673484413,-0.05868751692193742,14.159049999999999,14.69784103458332,13.620258965416678,0.2317605700106544,237387.61800000002,0.45810413751234486,-312.71962616823174,0.030000000000001137,0.02999999999999936,0.09999999999999964,0.16000000000000014,0.18750000000000694,0.46811364780582676,0.5318863521941732,0.05201922789562131,0,2,7,3,False,False,1,-1,low_vol,sideways_stable
2024-07-24 04:00:00,13.86,13.87,13.69,13.86,233027.72,1721807999999,3210828.9209,6314.0,120435.63,1661630.7003,0,-0.0007209805335255393,-0.0007212405649829921,13.87,-0.02400000000000091,13.937000000000001,-0.02899999999999814,14.1397,-0.019349999999999312,14.05216,-0.010680000000000689,,,,,0.009453981551059115,0.012565223653834676,0.012932101861856952,15.196,13.494,0.21504112808460615,24.520255863539404,-0.04733292774022679,0.0062906358398299445,-0.05362356358005674,14.1397,14.692798868101114,13.586601131898885,0.247151896224034,230978.055,1.0088738516739177,-168.00844989183997,0.0,0.009999999999999787,0.16999999999999993,0.17999999999999972,0.0,0.5168296286810857,0.4831703713189143,0.027095488897200728,4,2,7,3,False,False,1,-1,low_vol,sideways_stable
2024-07-24 08:00:00,13.85,13.89,13.73,13.87,179669.19,1721822399999,2483142.1689,7909.0,98629.48,1364479.6041,0,0.0007215007215006786,0.0007212405649830048,13.882,0.012000000000000455,13.904,-0.03300000000000125,14.124799999999999,-0.014900000000000801,14.041120000000001,-0.011039999999999495,,,,,0.009310906660970453,0.012531909209660443,0.012928201206472874,15.196,13.494,0.2209165687426554,30.32258064516124,-0.0525315064187204,-0.005473792611880124,-0.047057713806840276,14.124799999999999,14.690598773974969,13.559001226025028,0.2748316082324427,227715.27800000002,0.7890080611982477,129.63145021644252,0.019999999999999574,0.02000000000000135,0.11999999999999922,0.16000000000000014,0.12499999999999722,0.5489504349632789,0.4510495650367211,0.04401978992614148,8,2,7,3,False,False,1,-1,low_vol,sideways_stable
2024-07-24 12:00:00,13.86,13.96,13.72,13.74,187550.39,1721836799999,2601360.2306,7374.0,88563.96,1229599.2226,0,-0.009372746935832676,-0.009416947532536883,13.85,-0.03200000000000003,13.885,-0.019000000000000128,14.1132,-0.011599999999997834,14.036800000000001,-0.0043199999999998795,,,,,0.007758761119429096,0.012329280178017968,0.01216812129526713,15.196,13.494,0.14453584018801435,31.756756756756744,-0.06637618764638553,-0.017654271618781206,-0.048721916027604326,14.1132,14.701263942101539,13.525136057898463,0.18268756738738962,213093.852,0.8801304600754037,-1757.8623431867236,0.11999999999999922,0.10000000000000142,0.019999999999999574,0.2400000000000002,0.4999999999999963,0.4722142140040338,0.5277857859959662,0.03931743357078596,12,2,7,3,False,False,1,-1,low_vol,sideways_stable
2024-07-24 16:00:00,13.73,13.88,13.56,13.58,167626.2,1721851199999,2300868.3218,7657.0,73422.41,1010896.796,0,-0.011644832605531286,-0.011713164663653203,13.784,-0.06599999999999895,13.838999999999999,-0.04600000000000115,14.081700000000001,-0.03149999999999942,14.026679999999999,-0.01012000000000235,,,,,0.007632297315386726,0.011806954285652359,0.012193256315805619,15.196,13.494,0.05052878965922462,24.51612903225805,-0.08923026909089415,-0.03196947111320379,-0.05726079797769036,14.081700000000001,14.713777310394697,13.449622689605306,0.10313399029723207,215019.233,0.7795870055959134,-1951.9790393013086,0.15000000000000036,0.15000000000000036,0.019999999999999574,0.3200000000000003,0.46875000000000067,0.43801273309303673,0.5619872669069632,0.04567901676468237,16,2,7,3,False,False,1,-1,low_vol,sideways_stable
2024-07-24 20:00:00,13.58,13.64,13.25,13.4,379408.71,1721865599999,5082776.14633,13399.0,148759.78,1994808.31542,0,-0.013254786450662692,-0.013343415173684335,13.690000000000001,-0.09399999999999942,13.792000000000002,-0.046999999999997044,14.029350000000003,-0.052349999999998786,14.005920000000001,-0.020759999999997447,,,,,0.007786383325590642,0.011168059970617514,0.011742718561091776,15.196,13.25,0.07708119218910606,25.16556291390725,-0.12047799365179479,-0.04967117562092199,-0.0708068180308728,14.029350000000003,14.705902958210345,13.35279704178966,0.03488489528979666,230883.08600000004,1.6432936538278944,-5028.981428571411,0.17999999999999972,0.0600000000000005,0.15000000000000036,0.39000000000000057,0.4615384615384601,0.3920831970357243,0.6079168029642756,0.03531547812911306,20,2,7,3,False,False,1,-1,low_vol,sideways_stable
2024-08-11 08:00:00,10.73,10.84,10.53,10.57,293711.72,1723377599999,3144818.0699,9788.0,128204.68,1373473.0086,0,-0.01491146318732528,-0.015023756760460862,10.617999999999999,-0.0020000000000024443,10.605,0.014000000000001123,10.473,0.03049999999999997,10.434,-0.02779999999999916,11.809000000000001,-0.02059999999999995,,,0.008336770647181893,0.015088685242422854,0.03460957272589838,10.84,9.89,0.7157894736842108,48.90510948905112,0.0641404332274309,0.025435104655896962,0.03870532857153394,10.473,10.935218904621665,10.010781095378336,0.6049286377408081,176510.186,1.6639930343736649,-4379.67150046599,0.16000000000000014,0.10999999999999943,0.040000000000000924,0.3100000000000005,0.5161290322580642,0.43649834606531873,0.5635016539346812,0.033325193832918897,8,6,8,3,False,False,1,-1,low_vol,sideways_stable
2024-08-11 12:00:00,10.58,10.6,10.32,10.4,311087.57,1723391999999,3248619.4058,11806.0,143883.86,1503126.298,0,-0.016083254493850507,-0.01621399373481927,10.581999999999999,-0.03599999999999959,10.592,-0.0129999999999999,10.4975,0.024499999999999744,10.400799999999998,-0.033200000000000784,11.783600000000002,-0.025399999999999423,,,0.009407292312201259,0.015595687218358582,0.03463476013805823,10.84,9.89,0.5368421052631581,44.666666666666664,0.04691418706973671,0.029730921138664913,0.0171832659310718,10.4975,10.87895842016656,10.11604157983344,0.37220101216086954,186855.03499999997,1.6648605160679777,-5003.300558183534,0.17999999999999972,0.019999999999999574,0.08000000000000007,0.27999999999999936,0.6428571428571433,0.4625188335233066,0.5374811664766934,0.03795072879318193,12,6,8,3,False,False,1,-1,low_vol,sideways_stable
2024-08-11 16:00:00,10.39,10.47,10.2,10.2,246505.28,1723406399999,2552985.6634,9070.0,90887.83,942439.819,0,-0.019230769230769384,-0.01941808585710174,10.512,-0.06999999999999851,10.558,-0.034000000000000696,10.506,0.00849999999999973,10.364,-0.03679999999999772,11.7532,-0.03040000000000198,,,0.010935040434713212,0.016147331526303727,0.034716581140877834,10.84,9.91,0.3118279569892465,42.67515923566877,0.016928789800093824,0.027170494870950697,-0.010241705070856873,10.506,10.849259913798905,10.162740086201095,0.054273616436220605,182694.15,1.3492784525393944,-4740.486153846192,0.19000000000000128,0.08000000000000007,0.0,0.27000000000000135,0.7037037037037049,0.3687054086630518,0.6312945913369483,0.036794343715477414,16,6,8,3,False,False,1,-1,low_vol,sideways_stable
2024-08-12 00:00:00,10.0,10.12,9.94,10.07,325423.11,1723435199999,3267453.9419,10087.0,187113.37,1879613.27,0,0.007000000000000117,0.0069756137364253585,10.248000000000001,-0.1319999999999979,10.434000000000001,-0.05999999999999872,10.4835,-0.01249999999999929,10.300999999999998,-0.026600000000001955,11.6866,-0.03259999999999863,,,0.011494786837415118,0.016150675449534677,0.034429180332058745,10.84,9.94,0.14444444444444526,36.5671641791045,-0.04792562739517514,0.004170170525658115,-0.052095797920833256,10.4835,10.9108430767701,10.0561569232299,0.016196678409684664,230652.98599999998,1.4108775075645457,2277.961770000038,0.07000000000000028,0.049999999999998934,0.0600000000000005,0.17999999999999972,0.38888888888889106,0.5749848865988652,0.4250151134011349,0.03099656935858059,0,0,8,3,False,False,1,-1,low_vol,sideways_stable
2024-08-12 04:00:00,10.08,10.27,9.94,10.24,318286.48,1723449599999,3209050.9187,9089.0,149113.35,1505670.6207,0,0.01688182720953324,0.016740912880890774,10.182,-0.06600000000000072,10.4,-0.034000000000000696,10.458,-0.02549999999999919,10.2722,-0.028799999999998604,11.6538,-0.03279999999999994,,,0.013449894751475063,0.013415556773901518,0.03432576760092081,10.84,9.94,0.333333333333334,39.716312056737614,-0.05357296549806101,-0.00737845667908571,-0.0461945088189753,10.458,10.879206287752549,10.036793712247452,0.24121943767364748,239826.32599999997,1.3271540506357922,5373.257358490557,0.16000000000000014,0.02999999999999936,0.14000000000000057,0.33000000000000007,0.4848484848484852,0.46848785408667065,0.5315121459133294,0.028556035430722663,4,0,8,3,False,False,1,-1,low_vol,sideways_stable
2024-08-12 08:00:00,10.24,10.68,10.2,10.64,433320.63,1723463999999,4516939.2272,15186.0,245337.7,2560855.944,0,0.0390625,0.0383188643021366,10.23,0.04800000000000004,10.406,0.006000000000000227,10.459999999999999,0.0019999999999988916,10.2502,-0.02200000000000024,11.624400000000001,-0.029399999999998983,,,0.019002274298901573,0.01599095340598111,0.03480248764522966,10.84,9.94,0.7777777777777787,52.77777777777782,-0.025478168108605814,-0.01099839896498973,-0.014479769143616084,10.459999999999999,10.884412907190216,10.035587092809783,0.7120576412151006,268965.059,1.6110666255723574,16926.587109375,0.40000000000000036,0.03999999999999915,0.040000000000000924,0.4800000000000004,0.8333333333333334,0.5661805208766544,0.4338194791233457,0.03504564276111202,8,0,8,3,False,False,1,-1,low_vol,sideways_stable
2024-08-12 12:00:00,10.64,10.75,10.14,10.59,895742.81,1723478399999,9432140.9643,37977.0,448112.11,4718184.4214,0,-0.00469924812030087,-0.004710324300183353,10.308,0.0779999999999994,10.41,0.0039999999999995595,10.4615,0.0015000000000000568,10.2304,-0.01980000000000004,11.595,-0.02940000000000076,12.591804999999999,,0.01905017492199919,0.01600472576868281,0.03476113270994683,10.84,9.94,0.7222222222222223,48.571428571428555,-0.0071648292067987285,-0.010231685013351529,0.0030668558065528005,10.4615,10.887609696773481,10.035390303226517,0.6507827690533768,352013.472,2.544626502249323,-4209.317716165519,0.05000000000000071,0.10999999999999943,0.4499999999999993,0.6099999999999994,0.08196721311475534,0.5002687211075688,0.49973127889243124,0.042397214441498,12,0,8,3,False,False,1,-1,low_vol,sideways_stable
2024-08-12 20:00:00,10.37,10.62,10.32,10.56,230972.32,1723507199999,2415806.7795,10080.0,116650.18,1220737.176,0,0.018322082931533368,0.01815625603667955,10.48,0.09800000000000075,10.364,-0.01699999999999946,10.477500000000001,0.019000000000001904,10.1972,-0.009199999999999875,11.5326,-0.030799999999999272,12.567455,-0.011709999999998999,0.020722580603362045,0.01594904055996724,0.03433972170959355,10.84,9.94,0.6888888888888898,49.50980392156864,0.002544362556475832,-0.007685002495204108,0.01022936505167994,10.477500000000001,10.886651882750249,10.068348117249753,0.6008183066951189,382732.98400000005,0.6034816168339439,4231.894001928663,0.19000000000000128,0.05999999999999872,0.049999999999998934,0.29999999999999893,0.6333333333333399,0.5050396515045612,0.4949603484954388,0.04364159307054629,20,0,8,3,False,False,1,-1,low_vol,sideways_stable
2024-08-13 00:00:00,10.55,10.59,10.29,10.32,264380.54,1723521599999,2767315.4901,11102.0,118502.73,1240969.2718,0,-0.022727272727272707,-0.02298951822469872,10.495999999999999,0.015999999999998238,10.339,-0.025000000000000355,10.472,-0.005500000000001393,10.181999999999999,-0.015200000000001879,11.4993,-0.03330000000000055,12.555109999999999,-0.012345000000001605,0.0214241532343224,0.01592667496212777,0.03447502261078291,10.84,9.94,0.42222222222222294,44.298245614035096,-0.006578453951963326,-0.007463692786555952,0.0008852388345926268,10.472,10.886759283389862,10.057240716610137,0.3167611840322291,379799.86600000004,0.6961048796157289,-6008.64863636363,0.23000000000000043,0.03999999999999915,0.030000000000001137,0.3000000000000007,0.7666666666666663,0.4482278839433493,0.5517721160566508,0.041992500658331364,0,1,8,3,False,False,1,-1,low_vol,sideways_stable
2024-08-13 04:00:00,10.32,10.39,10.26,10.27,203623.38,1723535999999,2102746.132,6410.0,94775.47,979145.5466,0,-0.004844961240310197,-0.004856736112949933,10.422,-0.07399999999999807,10.326,-0.0129999999999999,10.459,-0.0129999999999999,10.169799999999999,-0.012199999999999989,11.465800000000002,-0.03349999999999831,12.54251,-0.012599999999999056,0.020902544270959965,0.01577609641596008,0.03439085324298991,10.84,9.94,0.3666666666666666,43.91304347826086,-0.017639595615815296,-0.009498873352407821,-0.008140722263407474,10.459,10.882315236524581,10.035684763475418,0.27676211048804894,369053.44700000004,0.5517449617534665,-986.5473837209546,0.05000000000000071,0.07000000000000028,0.009999999999999787,0.13000000000000078,0.38461538461538775,0.4654449307343783,0.5345550692656217,0.03147968568245945,4,1,8,3,False,False,1,-1,low_vol,sideways_stable
2024-08-13 08:00:00,10.27,10.31,10.09,10.23,277555.06,1723550399999,2827179.2134,7690.0,131852.7,1344404.1277,0,-0.003894839337877265,-0.003902443976931701,10.35,-0.07200000000000095,10.329,0.0030000000000001137,10.4435,-0.015499999999999403,10.187999999999999,0.018200000000000216,11.432900000000002,-0.03289999999999971,12.530539999999998,-0.01197000000000159,0.01996286220434995,0.0157796487338309,0.027545163535308042,10.84,9.94,0.32222222222222313,40.35874439461885,-0.02929559440526397,-0.01345821756297905,-0.01583737684228492,10.4435,10.876908765364655,10.010091234635345,0.25369672113072256,372158.425,0.7457981369090327,-1081.0323661148846,0.03999999999999915,0.040000000000000924,0.14000000000000057,0.22000000000000064,0.1818181818181774,0.475050607976666,0.524949392023334,0.027706214399406015,8,1,8,3,False,False,1,-1,low_vol,sideways_stable
2024-08-13 12:00:00,10.23,10.48,10.2,10.31,451796.25,1723564799999,4667851.6185,16822.0,243638.26,2517294.9473,0,0.00782013685239491,0.007789718065333437,10.338,-0.012000000000000455,10.36,0.030999999999998806,10.427,-0.016500000000000625,10.213199999999999,0.02519999999999989,11.400599999999999,-0.03230000000000288,12.517954999999999,-0.012584999999999624,0.01874453925465799,0.01572354369460351,0.027183787524915196,10.84,9.94,0.41111111111111204,40.62500000000002,-0.03171216787955622,-0.017109007626294484,-0.014603160253261735,10.427,10.853989461228469,10.00001053877153,0.3629942766463317,376975.83400000003,1.1984753643386064,3533.1085043988237,0.08000000000000007,0.16999999999999993,0.030000000000001137,0.28000000000000114,0.2857142857142848,0.5392657862919402,0.4607342137080597,0.0372335981097674,12,1,8,3,False,False,1,-1,low_vol,sideways_stable
2024-08-14 20:00:00,10.38,10.44,10.27,10.39,152950.84,1723679999999,1586687.3195,5000.0,71603.13,742942.165,0,0.0009633911368014392,0.0009629273733933429,10.49,-0.03999999999999915,10.476,0.012000000000000455,10.401,-0.0005000000000006111,10.3546,0.00019999999999953388,11.1614,-0.034999999999998366,12.436275,-0.011425000000002683,0.010989177959242981,0.016295058538528067,0.017889697170409488,10.75,9.94,0.5555555555555566,42.85714285714287,0.01335782692055254,0.014759350984794568,-0.0014015240642420278,10.401,10.78842877104283,10.01357122895717,0.4858038421225263,309123.564,0.49478867939035537,147.35148362233502,0.009999999999999787,0.049999999999998934,0.11000000000000121,0.16999999999999993,0.05882352941176348,0.4681447319936262,0.5318552680063737,0.03269024217192923,20,2,8,3,False,False,1,-1,low_vol,sideways_stable
2024-08-15 00:00:00,10.39,10.48,10.35,10.47,250825.95,1723694399999,2613933.0664,7894.0,113791.44,1186526.1752,0,0.007699711260827691,0.007670219771309434,10.462,-0.02800000000000047,10.5,0.023999999999999133,10.4145,0.013500000000000512,10.361600000000001,0.0070000000000014495,11.127900000000002,-0.03349999999999831,12.425184999999999,-0.011090000000001154,0.011001668378150859,0.01571806668415726,0.01754353126379533,10.75,9.94,0.654320987654322,53.968253968254025,0.013141852961851441,0.014435851380205943,-0.0012939984183545014,10.4145,10.791103938264017,10.037896061735983,0.5736848375190015,306450.653,0.8184872427078823,1931.2873917228035,0.08000000000000007,0.009999999999999787,0.040000000000000924,0.13000000000000078,0.6153846153846122,0.45366693517955375,0.5463330648204462,0.03147202273130033,0,3,8,3,False,False,1,-1,low_vol,sideways_stable
2024-08-15 04:00:00,10.47,10.5,10.26,10.34,254429.74,1723708799999,2639775.4057,10846.0,101507.26,1053544.2234,0,-0.012416427889207382,-0.01249415580216254,10.41,-0.0519999999999996,10.503,0.0030000000000001137,10.4315,0.01699999999999946,10.367,0.005399999999999849,11.095699999999999,-0.032200000000003115,12.413185,-0.011999999999998678,0.011726219133743736,0.015287994334582123,0.01762537856295155,10.75,9.94,0.4938271604938273,40.833333333333286,0.00245250751886239,0.012039182607937233,-0.009586675089074842,10.4315,10.756479351571059,10.10652064842894,0.35922182508264267,286714.002,0.8873990744267872,-3159.1085195797828,0.13000000000000078,0.02999999999999936,0.08000000000000007,0.2400000000000002,0.5416666666666694,0.3989598857429167,0.6010401142570833,0.04262866440063178,4,3,8,3,False,False,1,-1,low_vol,sideways_stable
2024-08-15 08:00:00,10.35,10.48,10.31,10.45,233118.83,1723723199999,2421764.1893,8088.0,115092.71,1195639.9652,0,0.010638297872340274,0.010582109330536788,10.406,-0.0039999999999995595,10.488,-0.015000000000000568,10.450500000000002,0.019000000000001904,10.3696,0.0025999999999992696,11.064300000000001,-0.031399999999997874,12.401374999999998,-0.011810000000002319,0.007754894200405351,0.015374736971152977,0.017340617451364733,10.75,9.94,0.629629629629629,56.07476635514016,0.0028246441943657885,0.010196274925222945,-0.007371630730857157,10.450500000000002,10.727360215537638,10.173639784462365,0.49909701724563166,266384.981,0.8751200203738212,2479.987553191454,0.09999999999999964,0.030000000000001137,0.03999999999999915,0.16999999999999993,0.5882352941176452,0.4937083375032382,0.5062916624967618,0.03469475202839685,8,3,8,3,False,False,1,-1,low_vol,sideways_stable
2024-08-15 12:00:00,10.45,10.69,10.41,10.64,398571.86,1723737599999,4219849.038,23606.0,202457.72,2144159.4967,0,0.0181818181818183,0.01801850550267843,10.458000000000002,0.05200000000000138,10.494,0.006000000000000227,10.4705,0.019999999999997797,10.375599999999999,0.005999999999998451,11.0354,-0.028900000000001924,12.389460000000001,-0.011914999999996567,0.009911069173384489,0.015443712297704382,0.017521309457387512,10.75,10.09,0.8333333333333343,65.28925619834719,0.01824070974703318,0.011805161889584992,0.006435547857448187,10.4705,10.741053039843575,10.199946960156424,0.8132472658558936,274303.416,1.4530327978124777,7246.761090909137,0.19000000000000128,0.049999999999998934,0.03999999999999915,0.27999999999999936,0.6785714285714347,0.5079578874434337,0.4920421125565663,0.05922645918856389,12,3,8,3,False,False,1,-1,low_vol,sideways_stable
2024-08-25 00:00:00,12.34,12.39,11.99,12.14,374879.71,1724558399999,4554293.2302,26803.0,163081.72,1981881.9325,0,-0.017004048582995868,-0.017150277442633914,12.238,0.034000000000000696,12.079,0.06299999999999883,11.752,0.05050000000000132,10.844000000000001,0.03860000000000241,10.632,0.021100000000000563,11.493699999999999,-0.01030000000000264,0.012615239133236335,0.01112881362622681,0.014722018320801092,12.56,11.08,0.7162162162162163,72.52747252747253,0.4206817333181938,0.4017933873108607,0.018888346007333134,11.752,12.507738746281966,10.996261253718036,0.7567024662350961,382954.394,0.9789147634117499,-6374.472801619402,0.1999999999999993,0.05000000000000071,0.15000000000000036,0.40000000000000036,0.4999999999999978,0.4350241308071861,0.564975869192814,0.07149760119052588,0,6,8,3,False,False,1,-1,low_vol,sideways_stable
2024-08-25 04:00:00,12.13,12.2,11.94,12.06,343412.43,1724572799999,4149157.4568,21789.0,143240.84,1730561.5029,0,-0.00658978583196046,-0.006611594332312818,12.24,0.002000000000000668,12.118,0.0389999999999997,11.794,0.041999999999999815,10.8828,0.03879999999999839,10.650599999999999,0.018599999999999284,11.48435,-0.009349999999999525,0.012747107892913308,0.011355283553339944,0.01468712885261913,12.56,11.14,0.647887323943662,66.66666666666666,0.3953242029193724,0.400499550432563,-0.005175347513190598,11.794,12.517948238917564,11.070051761082437,0.6837147918183484,350453.58900000004,0.9799084408863051,-2263.014365733113,0.07000000000000028,0.06999999999999851,0.120000000000001,0.2599999999999998,0.26923076923077055,0.41711023680767756,0.5828897631923224,0.06344848961931868,4,6,8,3,False,False,1,-1,low_vol,sideways_stable
2024-08-25 08:00:00,12.06,12.18,11.99,12.1,263961.87,1724587199999,3196181.3554,19581.0,115351.34,1397326.4943,0,0.0033167495854062867,0.003311261303656005,12.214,-0.0259999999999998,12.133,0.014999999999998792,11.8295,0.03549999999999898,10.923,0.04020000000000046,10.668399999999998,0.017799999999999372,11.474650000000002,-0.009699999999996933,0.010510057288895733,0.011029575870033382,0.014656511510353692,12.56,11.26,0.6461538461538457,65.88235294117646,0.37414295599244163,0.3952282315445388,-0.02108527555209716,11.8295,12.539532616004179,11.11946738399582,0.6904842072764782,324153.32,0.8143117892483717,875.4954228855681,0.03999999999999915,0.08000000000000007,0.07000000000000028,0.1899999999999995,0.21052631578946976,0.43700001064547694,0.5629999893545231,0.0741811686665199,8,6,8,3,False,False,1,-1,low_vol,sideways_stable
2024-08-25 12:00:00,12.1,12.32,12.08,12.2,281933.12,1724601599999,3435141.5814,18322.0,157182.76,1915508.6944,0,0.008264462809917328,0.008230499136515444,12.169999999999998,-0.04400000000000226,12.148,0.015000000000000568,11.872499999999999,0.04299999999999926,10.9652,0.04219999999999935,10.6829,0.014500000000001734,11.466299999999999,-0.008350000000003632,0.010502351615021588,0.010940771444363591,0.014660035556196447,12.56,11.26,0.7230769230769223,66.27906976744183,0.36126143254834986,0.388434871745301,-0.027173439196951144,11.872499999999999,12.561568784283507,11.18343121571649,0.7376395560717021,315510.50999999995,0.8935775863694685,2330.025785123959,0.09999999999999964,0.120000000000001,0.019999999999999574,0.2400000000000002,0.4166666666666648,0.5575178964429579,0.44248210355704215,0.06498704373576258,12,6,8,3,False,False,1,-1,low_vol,sideways_stable
2024-08-25 16:00:00,12.2,12.3,12.08,12.13,203712.0,1724615999999,2475828.8817,13286.0,88792.29,1079476.8797,0,-0.0057377049180327155,-0.00575422878325204,12.126000000000001,-0.04399999999999693,12.165000000000001,0.017000000000001236,11.912500000000001,0.0400000000000027,11.0066,0.041400000000001214,10.698200000000002,0.015300000000001646,11.457049999999999,-0.009249999999999758,0.01035521361386913,0.011100938831164534,0.014691698427173125,12.56,11.28,0.6640625000000006,68.67469879518079,0.3414680858893231,0.37904151457410545,-0.03757342868478236,11.912500000000001,12.560634976196079,11.264365023803924,0.667789124170179,311237.93899999995,0.654521748391349,-1168.8393442622805,0.06999999999999851,0.10000000000000142,0.05000000000000071,0.22000000000000064,0.31818181818181046,0.43587167177191327,0.5641283282280868,0.06521952560477537,16,6,8,3,False,False,1,-1,low_vol,sideways_stable
2024-08-25 20:00:00,12.12,12.31,12.08,12.1,212358.99,1724630399999,2591257.7302,14937.0,100494.77,1227238.6085,0,-0.002473206924979432,-0.0024762703532634008,12.117999999999999,-0.008000000000002672,12.178,0.0129999999999999,11.944500000000001,0.03200000000000003,11.046600000000002,0.040000000000000924,10.7136,0.01539999999999786,11.4485,-0.008549999999999613,0.010429999572955068,0.011009744066439528,0.014718884199515232,12.56,11.31,0.6319999999999993,64.05228758169936,0.319675941516703,0.367168399962625,-0.04749245844592204,11.944500000000001,12.560991772259314,11.328008227740689,0.6261168494026477,313384.609,0.6776305660882025,-525.207724649638,0.019999999999999574,0.19000000000000128,0.019999999999999574,0.23000000000000043,0.08695652173912842,0.4732305893901643,0.5267694106098357,0.07033843963940496,20,6,8,3,False,False,1,-1,low_vol,sideways_stable
2024-08-26 00:00:00,12.1,12.19,11.94,12.11,237281.53,1724644799999,2863692.8238,18705.0,100784.55,1217512.3181,0,0.0008264462809917106,0.000826104962305455,12.128,0.010000000000001563,12.184000000000001,0.006000000000000227,11.984,0.039499999999998536,11.086200000000002,0.03960000000000008,10.730400000000001,0.016800000000001702,11.439550000000002,-0.008949999999996905,0.010246313313955485,0.010446703459626132,0.014724247175290597,12.56,11.31,0.6399999999999991,56.34920634920637,0.2997570142559116,0.35368612282128237,-0.053929108565370754,11.984,12.52911804612469,11.43888195387531,0.6155712977177591,307136.961,0.7725593469032208,196.10043801652301,0.009999999999999787,0.08000000000000007,0.16000000000000014,0.25,0.03999999999999915,0.42474671332404174,0.5752532866759582,0.07883040875537173,0,0,8,3,False,False,1,-1,low_vol,sideways_stable
2024-08-26 04:00:00,12.12,12.45,12.1,12.37,522275.65,1724659199999,6414339.4411,25735.0,302135.71,3710003.0537,0,0.02146985962014858,0.02124262883939559,12.181999999999999,0.053999999999998494,12.198,0.013999999999999346,12.0285,0.04449999999999932,11.130400000000002,0.04420000000000002,10.7523,0.0218999999999987,11.431849999999999,-0.007700000000003371,0.01140821666528923,0.010958527648577675,0.014936892572076222,12.56,11.45,0.8288288288288279,61.267605633802795,0.3014757235045131,0.34324404295792854,-0.041768319453415415,12.0285,12.544936168165776,11.512063831834222,0.8306313742634479,331822.696,1.573959998203378,11213.184888521853,0.25,0.08000000000000007,0.019999999999999574,0.34999999999999964,0.714285714285715,0.5784985572273952,0.4215014427726048,0.04927474600816638,4,0,8,3,False,False,1,-1,low_vol,sideways_stable
2024-08-26 08:00:00,12.37,12.7,12.27,12.34,818987.68,1724673599999,10243195.7814,42409.0,408059.31,5103133.6144,0,-0.0024252223120452276,-0.002428167927154733,12.209999999999999,0.02800000000000047,12.190000000000001,-0.007999999999999119,12.067499999999999,0.0389999999999997,11.1754,0.04499999999999815,10.771399999999998,0.01909999999999812,11.4242,-0.007649999999998158,0.010255631374769564,0.01101660264775786,0.014883400011908035,12.7,11.45,0.7120000000000004,63.97058823529412,0.29699350740578545,0.3339939358475,-0.03700042844171453,12.067499999999999,12.551773737293132,11.583226262706866,0.7813491410076769,359169.01100000006,2.2802292372601154,-1986.227194826157,0.02999999999999936,0.33000000000000007,0.07000000000000028,0.4299999999999997,0.06976744186046367,0.4982484107697444,0.5017515892302556,0.05178221972765207,8,0,8,3,False,False,1,-1,low_vol,sideways_stable
2024-08-26 12:00:00,12.34,12.38,12.08,12.19,461611.81,1724687999999,5638067.7592,26372.0,208615.49,2548950.5639,0,-0.012155591572123203,-0.012230074984061626,12.222,0.012000000000000455,12.174,-0.01600000000000179,12.095,0.027500000000001634,11.2178,0.04240000000000066,10.788,0.01660000000000217,11.41585,-0.00835000000000008,0.010803991100550674,0.011504157275738862,0.01503755719411475,12.7,11.45,0.5920000000000002,57.333333333333314,0.27813144627537767,0.3228214379330755,-0.044689991657697825,12.095,12.53774264830922,11.652257351690782,0.6072858017663224,372041.479,1.2407536150021594,-5611.164627228537,0.15000000000000036,0.040000000000000924,0.10999999999999943,0.3000000000000007,0.5,0.4519284071176602,0.5480715928823399,0.05713025409813497,12,0,8,3,False,False,1,-1,low_vol,sideways_stable
2024-08-26 16:00:00,12.19,12.25,11.89,11.99,453500.11,1724702399999,5477165.1902,25617.0,194282.7,2350663.2229,0,-0.016406890894175463,-0.01654297445375719,12.2,-0.02200000000000024,12.158999999999999,-0.015000000000000568,12.119,0.023999999999999133,11.2528,0.03500000000000014,10.8025,0.014499999999999957,11.40645,-0.009400000000001185,0.010708473326446845,0.011882134664747464,0.015188912533648829,12.7,11.45,0.4320000000000007,48.14814814814813,0.2442294730675041,0.3071030449599612,-0.06287357189245713,12.119,12.470950953521216,11.767049046478784,0.31673582823206753,379903.51900000003,1.1937244255955417,-7440.526825266571,0.1999999999999993,0.0600000000000005,0.09999999999999964,0.35999999999999943,0.5555555555555545,0.42840717282295704,0.571592827177043,0.056487307136485594,16,0,8,3,False,False,1,-1,low_vol,sideways_stable
2024-08-26 20:00:00,11.99,12.08,11.83,11.83,232592.48,1724716799999,2776497.1809,13468.0,110228.78,1317503.1953,0,-0.01334445371142623,-0.013434291049127509,12.144,-0.05599999999999916,12.136,-0.022999999999999687,12.126999999999999,0.007999999999999119,11.281799999999999,0.02899999999999814,10.8144,0.011899999999998911,11.3969,-0.00954999999999906,0.011284396351954558,0.012020402091673894,0.015291576728862376,12.7,11.63,0.1869158878504669,37.49999999999996,0.20212132342523859,0.2861067006530167,-0.0839853772277781,12.126999999999999,12.441230890639131,11.812769109360866,0.027417563251160196,368821.52400000003,0.6306369473165563,-3103.8195829858314,0.16000000000000014,0.08999999999999986,0.0,0.25,0.6400000000000006,0.47391377399647655,0.5260862260035234,0.05790384968593997,20,0,8,3,False,False,1,-1,low_vol,sideways_stable
2024-08-27 00:00:00,11.83,11.96,11.81,11.87,211006.24,1724731199999,2506056.8833,17061.0,109429.9,1299802.273,0,0.0033812341504648735,0.003375530631281214,12.044,-0.09999999999999964,12.113,-0.022999999999999687,12.123000000000001,-0.003999999999997783,11.3122,0.03040000000000198,10.826400000000001,0.012000000000002231,11.388349999999997,-0.008550000000003166,0.011287705396162676,0.010737850841075581,0.015270231116578237,12.7,11.81,0.0674157303370773,31.034482758620612,0.17001811417930135,0.26288898335827365,-0.0928708691789723,12.123000000000001,12.448550545837387,11.797449454162615,0.11142746766215413,363525.961,0.5804433868204532,713.4615046491872,0.03999999999999915,0.09000000000000163,0.019999999999999574,0.15000000000000036,0.26666666666666033,0.518609781397934,0.481390218602066,0.08085542873044892,0,1,8,3,False,False,1,-1,low_vol,sideways_stable
2024-08-27 04:00:00,11.87,12.06,11.75,11.82,471201.71,1724745599999,5600460.687,21159.0,169492.95,2017123.9131,0,-0.004212299915753892,-0.004221196643624419,11.94,-0.10400000000000098,12.075,-0.038000000000000256,12.1115,-0.01150000000000162,11.3468,0.0345999999999993,10.838799999999999,0.012399999999997746,11.380450000000002,-0.0078999999999958,0.010719502378432095,0.010571704417801881,0.014766414997677056,12.7,11.75,0.07368421052631614,31.468531468531424,0.138939894807935,0.23809916564820593,-0.09915927084027093,12.1115,12.463114322204357,11.759885677795642,0.08548332421086594,382452.82,1.2320518645933896,-1984.84292333609,0.049999999999998934,0.19000000000000128,0.07000000000000028,0.3100000000000005,0.16129032258064147,0.35970359700095317,0.6402964029990469,0.044904336191818994,4,1,8,3,False,False,1,-1,low_vol,sideways_stable
2024-09-02 20:00:00,10.67,10.84,10.64,10.77,159313.35,1725321599999,1711842.7947,9261.0,77196.98,829778.2736,0,0.010318949343339545,0.010266072430598674,10.642,0.05799999999999983,10.628,-0.010999999999999233,10.8365,0.011499999999999844,11.2288,-0.028600000000000847,11.097000000000001,0.006800000000001916,10.9055,-0.011499999999999844,0.01736617203055702,0.015973445188553266,0.016975032572213004,11.21,10.23,0.5510204081632641,39.33333333333335,-0.15806986373813103,-0.17302417766360348,0.014954313925472446,10.8365,11.332262039692662,10.340737960307337,0.43293153299794307,247221.36000000002,0.6444157980524012,1643.946388367723,0.09999999999999964,0.07000000000000028,0.02999999999999936,0.1999999999999993,0.5,0.48456064730294096,0.515439352697059,0.05813072162502389,20,0,9,3,False,False,-1,1,low_vol,sideways_stable
2024-09-03 00:00:00,10.77,10.88,10.69,10.7,158383.22,1725335999999,1707684.5455,8125.0,70720.45,762536.8247,0,-0.006499535747446661,-0.006520749700436757,10.706,0.06400000000000006,10.616999999999999,-0.011000000000001009,10.8215,-0.014999999999998792,11.2002,-0.02859999999999907,11.1034,0.006399999999999295,10.894399999999997,-0.011100000000002552,0.017368519192631646,0.012523629490775706,0.01697847756005369,11.21,10.23,0.4795918367346925,39.07284768211923,-0.14729551304791855,-0.16787844474046648,0.020582931692547934,10.8215,11.314579474751568,10.328420525248433,0.37679470935064024,246540.77999999997,0.6424219960689669,-1029.4174001857089,0.07000000000000028,0.11000000000000121,0.009999999999999787,0.19000000000000128,0.368421052631578,0.44651478862470406,0.5534852113752959,0.051299626311423645,0,1,9,3,False,False,-1,1,low_vol,sideways_stable
2024-09-03 04:00:00,10.7,10.73,10.61,10.69,174493.44,1725350399999,1861851.5274,8178.0,91678.5,977966.0172,0,-0.0009345794392523477,-0.000935016430906643,10.696,-0.009999999999999787,10.616,-0.0009999999999994458,10.8005,-0.021000000000000796,11.171999999999999,-0.02820000000000178,11.109299999999998,0.005899999999996908,10.8837,-0.010699999999998155,0.017062526933078172,0.01223947291826881,0.01697967094989289,11.21,10.23,0.46938775510203967,39.07284768211923,-0.13797320965190707,-0.1618973977227546,0.023924188070847535,10.8005,11.277352619844809,10.32364738015519,0.38413610893449424,229140.99599999998,0.7615112225487578,-163.07798130841317,0.009999999999999787,0.030000000000001137,0.08000000000000007,0.120000000000001,0.08333333333333087,0.5253979748465043,0.47460202515349575,0.04686709139323518,4,1,9,3,False,False,-1,1,low_vol,sideways_stable
2024-09-03 08:00:00,10.7,10.71,10.54,10.67,186015.58,1725364799999,1971705.2465,9304.0,88291.59,935859.1028,0,-0.0018709073900841089,-0.0018726597232917772,10.698,0.002000000000000668,10.611999999999998,-0.004000000000001336,10.7785,-0.02200000000000024,11.1432,-0.028799999999998604,11.114700000000001,0.005400000000003402,10.873,-0.010699999999999932,0.01706919595294947,0.012231703681333686,0.01697370934412566,11.21,10.23,0.44897959183673397,40.68965517241383,-0.13069250802082166,-0.15565641978236802,0.02496391176154636,10.7785,11.235412982617518,10.32158701738248,0.38126842076314504,222080.482,0.8376043600265601,-348.01792329278175,0.02999999999999936,0.010000000000001563,0.13000000000000078,0.1700000000000017,0.17647058823528858,0.4746462097422162,0.5253537902577837,0.050017315753873956,8,1,9,3,False,False,-1,1,low_vol,sideways_stable
2024-09-03 12:00:00,10.67,10.74,10.27,10.3,439936.79,1725379199999,4605446.0669,27407.0,183407.37,1918967.1926,0,-0.03467666354264287,-0.03529217007807186,10.626,-0.07200000000000095,10.605,-0.006999999999997897,10.7375,-0.04099999999999859,11.101799999999999,-0.041400000000001214,11.1161,0.0013999999999985135,10.86035,-0.01264999999999894,0.017684244240715328,0.014220949106370248,0.017218626248213846,11.21,10.23,0.07142857142857169,33.522727272727295,-0.15301455081104542,-0.1551280459881035,0.0021134951770580834,10.7375,11.212202122665763,10.262797877334238,0.03918470224743086,227390.86000000002,1.9347162414531522,-15255.540046860333,0.3699999999999992,0.07000000000000028,0.030000000000001137,0.47000000000000064,0.7872340425531887,0.416894822549394,0.583105177450606,0.062297585978203826,12,1,9,3,False,False,-1,1,low_vol,sideways_stable
2024-09-03 16:00:00,10.29,10.51,10.21,10.5,389523.58,1725393599999,4025604.0989,17988.0,213533.3,2207338.2546,0,0.01941747572815533,0.019231361927887592,10.572,-0.05400000000000027,10.607000000000001,0.002000000000000668,10.705,-0.03250000000000064,11.065,-0.0367999999999995,11.1202,0.004100000000001103,10.8477,-0.012650000000000716,0.018501654354771063,0.015083740299157704,0.01752115541020708,11.21,10.21,0.28999999999999915,41.798941798941804,-0.1528051592556814,-0.1546634686416191,0.001858309385937701,10.705,11.148787526211896,10.261212473788104,0.26903361643594453,247261.964,1.575347755467962,7563.564660194172,0.21000000000000085,0.009999999999999787,0.0799999999999983,0.29999999999999893,0.7000000000000053,0.5481909464890418,0.45180905351095824,0.04617948931358661,16,1,9,3,False,False,-1,1,low_vol,sideways_stable
2024-09-03 20:00:00,10.49,10.52,10.29,10.31,248381.63,1725407999999,2583358.9894,10920.0,121955.34,1269580.4581,0,-0.018095238095238053,-0.018260959134609088,10.494,-0.0779999999999994,10.6,-0.0070000000000014495,10.666,-0.0389999999999997,11.0274,-0.03759999999999941,11.1226,0.0023999999999997357,10.8367,-0.010999999999999233,0.019194235997415553,0.015457520863822311,0.017603925942480222,11.11,10.21,0.1111111111111109,40.101522842639625,-0.16605643186323427,-0.15694206128594212,-0.009114370577292141,10.666,11.104389396721812,10.227610603278189,0.09396828178088171,254966.079,0.9741751960659834,-4494.524733333323,0.17999999999999972,0.02999999999999936,0.02000000000000135,0.23000000000000043,0.7826086956521712,0.4909998376288939,0.5090001623711061,0.043964603984602245,20,1,9,3,False,False,-1,1,low_vol,sideways_stable
2024-09-04 00:00:00,10.32,10.39,9.82,10.25,697334.65,1725422399999,7044125.751,37561.0,297367.0,3009288.3674,0,-0.005819592628516057,-0.005836592444451426,10.406,-0.08799999999999919,10.550999999999998,-0.049000000000001265,10.627,-0.0389999999999997,10.9926,-0.03480000000000061,11.1227,9.999999999976694e-05,10.825800000000001,-0.010899999999999466,0.014687033329534034,0.0154604173831759,0.017505133019516828,11.1,9.82,0.33593749999999994,38.613861386138595,-0.17933242684792106,-0.1614201343983379,-0.017912292449583145,10.627,11.06781742252345,10.18618257747655,0.07238532242909985,295145.38399999996,2.362681877484488,-4058.203588748825,0.07000000000000028,0.07000000000000028,0.4299999999999997,0.5700000000000003,0.12280701754386009,0.42643370725949153,0.5735662927405084,0.05386366502797473,0,2,9,3,False,False,-1,1,low_vol,sideways_stable
2024-09-04 04:00:00,10.25,10.41,10.17,10.26,312608.0,1725436799999,3214551.9743,14490.0,134382.64,1381855.3798,0,0.0009756097560975618,0.0009751341582062914,10.324,-0.08200000000000074,10.511,-0.03999999999999915,10.589,-0.038000000000000256,10.961200000000002,-0.031399999999997874,11.121500000000001,-0.0011999999999989797,10.8127,-0.013100000000001444,0.014744476615484383,0.015483045935604184,0.017449169968630416,11.02,9.82,0.3666666666666665,46.745562130177525,-0.18689245224221374,-0.16651459796711307,-0.020377854275100665,10.589,11.018045452137901,10.1599545478621,0.11659073839307853,295601.30999999994,1.0575325258199975,304.9834146341466,0.009999999999999787,0.15000000000000036,0.08000000000000007,0.2400000000000002,0.04166666666666574,0.42987588289487155,0.5701241171051284,0.04635198075545092,4,2,9,3,False,False,-1,1,low_vol,sideways_stable
2024-09-04 08:00:00,10.27,10.3,10.09,10.12,241012.14,1725451199999,2455635.3571,13045.0,97017.77,988385.4368,0,-0.013645224171540016,-0.013739175883304046,10.288,-0.03599999999999959,10.457,-0.053999999999998494,10.548,-0.04100000000000037,10.926200000000001,-0.03500000000000014,11.119200000000001,-0.0022999999999999687,10.7994,-0.013299999999999201,0.01499144617530075,0.015630820413828336,0.017494261365251427,10.97,9.82,0.2608695652173903,39.53488372093018,-0.2018538117136135,-0.17358244071641316,-0.02827137099720034,10.548,10.992266397085308,10.103733602914692,0.018307030637502046,300700.238,0.8015029904964691,-3288.6646783625865,0.15000000000000036,0.030000000000001137,0.02999999999999936,0.21000000000000085,0.7142857142857131,0.4025430835143823,0.5974569164856176,0.05412590419719106,8,2,9,3,False,False,-1,1,low_vol,sideways_stable
2024-09-05 04:00:00,10.17,10.31,10.11,10.27,139445.07,1725523199999,1425130.3899,8738.0,62815.37,642211.8576,0,0.009832841691248762,0.00978481387999827,10.3,0.030000000000001137,10.294,-0.0030000000000001137,10.4495,-0.004999999999999005,10.801200000000001,-0.017799999999999372,11.1298,0.0023999999999997357,10.7522,-0.008300000000001972,0.015349908762022892,0.016117631883619348,0.017219737492762573,10.88,9.82,0.4245283018867916,35.46511627906976,-0.17376949425687904,-0.17699579508938015,0.003226300832501111,10.4495,10.865216249381964,10.033783750618037,0.2841075489990353,324877.732,0.42922323158793785,1371.141297935102,0.09999999999999964,0.040000000000000924,0.0600000000000005,0.20000000000000107,0.49999999999999556,0.4504667680255745,0.5495332319744255,0.06266266709895157,4,3,9,3,False,False,-1,1,low_vol,sideways_stable
2024-09-05 08:00:00,10.28,10.29,10.14,10.17,127270.08,1725537599999,1298729.3537,7478.0,62144.6,634164.4401,0,-0.009737098344693274,-0.00978481387999827,10.254,-0.04600000000000115,10.261,-0.03300000000000125,10.434,-0.01550000000000118,10.7808,-0.020400000000002194,11.1306,0.0007999999999999119,10.743249999999998,-0.008950000000002234,0.013914409017911447,0.016030693781948827,0.017247463969993927,10.88,9.82,0.3301886792452825,34.85714285714286,-0.17502312784655238,-0.1766012616408146,0.0015781337942622209,10.434,10.867657638429932,10.000342361570066,0.19561241794815712,298652.382,0.42614788185416186,-1239.2412852969805,0.10999999999999943,0.009999999999999787,0.02999999999999936,0.14999999999999858,0.7333333333333365,0.4882891564144534,0.5117108435855466,0.05875693642999203,8,3,9,3,False,False,-1,1,low_vol,sideways_stable
2024-09-05 12:00:00,10.18,10.25,9.94,10.01,449632.27,1725551999999,4544769.3326,26710.0,187354.88,1895090.4926,0,-0.015732546705997996,-0.015857616733339328,10.191999999999998,-0.062000000000001165,10.231,-0.02999999999999936,10.4155,-0.018499999999999517,10.761199999999999,-0.019600000000000506,11.128800000000002,-0.0017999999999975813,10.732999999999999,-0.010249999999999204,0.013649055429994113,0.016254812631182433,0.01720927772875415,10.88,9.82,0.17924528301886736,32.10526315789474,-0.18677428660943995,-0.17863586663453968,-0.00813841997490028,10.4155,10.888629558311012,9.942370441688988,0.07147044305627118,318777.446,1.4104895927925842,-7073.860688298902,0.16999999999999993,0.07000000000000028,0.07000000000000028,0.3100000000000005,0.5483870967741924,0.4166846832412629,0.583315316758737,0.05940409926538413,12,3,9,3,False,False,-1,1,low_vol,sideways_stable
2024-09-05 16:00:00,10.0,10.11,9.91,9.96,197250.42,1725566399999,1976125.1446,11832.0,112714.27,1129530.463,0,-0.004995004995004937,-0.005007521730622293,10.116,-0.07599999999999874,10.202000000000002,-0.02899999999999814,10.3765,-0.0389999999999997,10.7302,-0.030999999999998806,11.1243,-0.004500000000001947,10.7226,-0.010399999999998855,0.01363170442475333,0.013821412533864008,0.01569032799370132,10.88,9.82,0.13207547169811368,31.60621761658031,-0.1978411570178622,-0.1824769247112042,-0.01536423230665801,10.3765,10.865334273929953,9.887665726070047,0.07398649991174616,268769.023,0.7339031031117006,-985.2668331668218,0.03999999999999915,0.10999999999999943,0.05000000000000071,0.1999999999999993,0.19999999999999646,0.571427275034446,0.42857272496555393,0.059984663150527126,16,3,9,3,False,False,-1,1,low_vol,sideways_stable
2024-09-10 08:00:00,10.53,10.58,10.42,10.54,189824.98,1725969599999,1993051.8026,10445.0,99705.81,1046974.1157,0,0.0009496676163343043,0.0009492169673321553,10.517999999999999,0.03199999999999825,10.480999999999998,0.030999999999998806,10.303,0.04400000000000048,10.2624,0.001200000000000756,10.822000000000001,-0.018799999999998818,10.70425,0.0029000000000003467,0.015391875748671565,0.013428379399947829,0.014566851720715217,10.83,9.65,0.7542372881355924,62.04819277108432,0.09754334793117536,0.06254278420449098,0.03500056372668438,10.303,10.729348016975738,9.876651983024264,0.7779419518368319,343094.425,0.5532732862097658,180.270636277307,0.009999999999999787,0.040000000000000924,0.10999999999999943,0.16000000000000014,0.06249999999999861,0.5252512603978675,0.4747487396021325,0.05502437034367131,8,1,9,3,False,False,1,-1,low_vol,sideways_stable
2024-09-10 12:00:00,10.53,10.59,10.4,10.47,295112.92,1725983999999,3093959.9091,18992.0,133567.68,1401365.8023,0,-0.006641366223908762,-0.006663518230770624,10.486,-0.03199999999999825,10.493,0.012000000000002231,10.328999999999999,0.025999999999998025,10.2642,0.001800000000001134,10.803199999999999,-0.01880000000000237,10.707050000000002,0.002800000000002356,0.015343099647352377,0.012200810543564077,0.01453292625470814,10.83,9.87,0.6250000000000009,55.69620253164563,0.09418325573268937,0.06887087851013066,0.02531237722255872,10.328999999999999,10.727201218640163,9.930798781359835,0.6770461683687324,350964.675,0.8408621750892735,-1959.9529791270886,0.05999999999999872,0.0600000000000005,0.07000000000000028,0.1899999999999995,0.3157894736842046,0.4525985510902064,0.5474014489097936,0.0643550272214446,12,1,9,3,False,False,1,-1,low_vol,sideways_stable
2024-09-10 16:00:00,10.46,10.74,10.45,10.65,342968.99,1725998399999,3639356.5066,16678.0,147224.26,1563133.5061,0,0.017191977077363862,0.0170458672729886,10.51,0.023999999999999133,10.522,0.028999999999999915,10.3615,0.03250000000000064,10.2624,-0.001800000000001134,10.7883,-0.014899999999999025,10.71015,0.0030999999999981043,0.016145706302559706,0.012623027127826245,0.013883877926952873,10.83,9.93,0.8000000000000004,60.9195402298851,0.10483636576826072,0.07606397596175667,0.028772389806504053,10.3615,10.752680399896715,9.970319600103284,0.8687556944010674,360480.44299999997,0.9514219055706166,5896.315014326636,0.1899999999999995,0.08999999999999986,0.010000000000001563,0.2900000000000009,0.6551724137930997,0.4292640567883412,0.5707359432116589,0.04862830310110544,16,1,9,3,False,False,1,-1,low_vol,sideways_stable
2024-09-10 20:00:00,10.66,10.68,10.56,10.58,158378.71,1726012799999,1680436.8211,6786.0,73220.2,777093.4596,0,-0.0065727699530516714,-0.006594465725280825,10.553999999999998,0.04399999999999871,10.517999999999999,-0.004000000000001336,10.3845,0.022999999999999687,10.2608,-0.0015999999999998238,10.773499999999999,-0.014800000000001035,10.712050000000001,0.001900000000000901,0.014305080841971856,0.012626982870090576,0.013874931319893834,10.83,9.93,0.7222222222222223,61.98830409356727,0.10640405749677662,0.08213199226876067,0.02427206522801595,10.3845,10.769944377856582,9.999055622143416,0.753603387714664,336917.384,0.47008173968250916,-1040.9868262910843,0.08000000000000007,0.019999999999999574,0.019999999999999574,0.11999999999999922,0.6666666666666716,0.46231087499071055,0.5376891250092894,0.042846667964400016,20,1,9,3,False,False,1,-1,low_vol,sideways_stable
2024-09-11 00:00:00,10.58,10.6,10.35,10.44,224075.7,1726027199999,2345522.4366,12025.0,105656.31,1105860.459,0,-0.013232514177693777,-0.013320843975660678,10.536,-0.017999999999998906,10.511,-0.006999999999999673,10.404,0.01950000000000074,10.256400000000001,-0.004399999999998627,10.7569,-0.016599999999998616,10.712650000000002,0.000600000000000378,0.014556648232093801,0.012944598136272066,0.013999473201178171,10.83,9.93,0.5666666666666662,55.865921787709475,0.09525163298211758,0.08475592041143205,0.010495712570685531,10.404,10.756220026927227,10.051779973072772,0.5511044194648216,301588.446,0.7429850280139711,-2965.084877126658,0.14000000000000057,0.019999999999999574,0.08999999999999986,0.25,0.5600000000000023,0.4715206066521269,0.5284793933478731,0.05366489985304073,0,2,9,3,False,False,1,-1,low_vol,sideways_stable
2024-09-11 04:00:00,10.44,10.49,10.31,10.48,170364.36,1726041599999,1770599.1455,10266.0,83028.48,862878.9426,0,0.003831417624521105,0.0038240964384034758,10.524,-0.012000000000000455,10.520999999999999,0.009999999999999787,10.4265,0.022500000000000853,10.250599999999999,-0.00580000000000247,10.739700000000001,-0.017199999999998994,10.711300000000001,-0.0013500000000004064,0.01398838117914881,0.012915938953961809,0.013928731850000063,10.83,9.97,0.5930232558139537,53.80116959064329,0.08861937294377142,0.08552861091789993,0.0030907620258714963,10.4265,10.732597679628382,10.12040232037162,0.5873904043718192,274360.164,0.620951516853591,652.7370114942584,0.040000000000000924,0.009999999999999787,0.129999999999999,0.17999999999999972,0.2222222222222277,0.48735827141310545,0.5126417285868946,0.0602590823573663,4,2,9,3,False,False,1,-1,low_vol,sideways_stable
2024-09-11 08:00:00,10.49,10.5,10.3,10.36,242783.77,1726055999999,2521401.5173,11138.0,115443.59,1200174.7057,0,-0.011450381679389388,-0.01151644206155918,10.501999999999999,-0.02200000000000024,10.494,-0.026999999999999247,10.4375,0.010999999999999233,10.243799999999998,-0.006800000000000139,10.721999999999998,-0.017700000000003158,10.7101,-0.001200000000000756,0.011833263293445695,0.013093479874184081,0.013990071125749714,10.83,10.12,0.3380281690140844,50.0,0.07284060085738986,0.08299100890579791,-0.010150408048408055,10.4375,10.71469459248957,10.16030540751043,0.360206508171842,245153.177,0.9903349937006934,-2779.9668320610867,0.13000000000000078,0.009999999999999787,0.05999999999999872,0.1999999999999993,0.6500000000000062,0.4754996184464884,0.5245003815535115,0.045876213224631944,8,2,9,3,False,False,1,-1,low_vol,sideways_stable
2024-09-11 12:00:00,10.35,10.51,10.17,10.35,507716.35,1726070399999,5240563.9338,32116.0,238213.14,2461375.5715,0,-0.0009652509652509078,-0.0009657171199588627,10.442,-0.05999999999999872,10.475999999999999,-0.018000000000000682,10.4405,0.0030000000000001137,10.237,-0.006799999999998363,10.704500000000001,-0.01749999999999652,10.70905,-0.0010500000000011056,0.011584781366201368,0.012697754209157454,0.013990089013661977,10.83,10.12,0.3239436619718312,41.40127388535033,0.05885050191954022,0.07816290750854639,-0.019312405589006168,10.4405,10.712217732796343,10.168782267203657,0.3334668866315184,261944.489,1.9382593309684022,-490.0736969111677,0.0,0.16000000000000014,0.17999999999999972,0.33999999999999986,0.0,0.46918548122391573,0.5308145187760843,0.06325579233365244,12,2,9,3,False,False,1,-1,low_vol,sideways_stable
2024-09-11 16:00:00,10.34,10.5,10.33,10.44,266789.72,1726084799999,2785446.2596,15631.0,121329.46,1266958.7667,0,0.008695652173912993,0.008658062743114531,10.413999999999998,-0.028000000000002245,10.484,0.008000000000000895,10.449,0.00849999999999973,10.232399999999998,-0.004600000000001714,10.6878,-0.016700000000001936,10.7091,4.999999999988347e-05,0.010768914928884538,0.012818153371193906,0.0140494172615225,10.83,10.12,0.4507042253521125,47.741935483870954,0.054398424382256394,0.07341001088328838,-0.01901158650103199,10.449,10.708627263186417,10.189372736813583,0.4826674597083085,269660.787,0.989353042272327,2319.9106086956385,0.09999999999999964,0.0600000000000005,0.009999999999999787,0.16999999999999993,0.5882352941176452,0.4547756187907091,0.5452243812092908,0.05858921400719638,16,2,9,3,False,False,1,-1,low_vol,sideways_stable
2024-09-11 20:00:00,10.45,10.46,10.38,10.4,115948.87,1726099199999,1208335.0417,4960.0,51957.98,541627.6408,0,-0.003831417624520994,-0.0038387763071656015,10.406,-0.007999999999997343,10.471,-0.0129999999999999,10.4605,0.011499999999999844,10.2344,0.0020000000000024443,10.668099999999999,-0.019700000000000273,10.7102,0.001100000000000989,0.009318030524432669,0.012626838693122587,0.013159941634561674,10.83,10.12,0.39436619718309973,50.6849315068493,0.04709952119056915,0.06814791294474454,-0.02104839175417539,10.4605,10.6862595367227,10.2347404632773,0.3660078752856599,251396.43699999998,0.4612192256328597,-444.24854406129356,0.049999999999998934,0.010000000000001563,0.019999999999999574,0.08000000000000007,0.6249999999999861,0.4481111372624848,0.5518888627375153,0.04277747596850232,20,2,9,3,False,False,1,-1,low_vol,sideways_stable
2024-09-12 00:00:00,10.39,10.62,10.39,10.52,258101.49,1726113599999,2713548.5374,12834.0,144978.9,1525872.8854,0,0.011538461538461497,0.011472401162236781,10.414,0.007999999999999119,10.469,-0.002000000000000668,10.475,0.014499999999999957,10.2348,0.00039999999999906777,10.6499,-0.01819999999999844,10.710650000000001,0.0004500000000007276,0.01015392220945959,0.01279921215735768,0.012971910825382842,10.83,10.17,0.5303030303030296,45.86466165413529,0.05041691018636385,0.0646017123930684,-0.014184802206704553,10.475,10.674103252769394,10.275896747230606,0.6130066921913124,258224.088,0.9995252263220308,2978.0941153846047,0.129999999999999,0.09999999999999964,0.0,0.22999999999999865,0.5652173913043468,0.561712758806623,0.4382872411933771,0.049724625766399105,0,3,9,3,False,False,1,-1,low_vol,sideways_stable
2024-09-12 04:00:00,10.53,10.61,10.5,10.57,164180.35,1726127999999,1734781.5954,8171.0,75652.46,799547.2801,0,0.004752851711026684,0.004741592572582532,10.456,0.041999999999999815,10.479000000000001,0.010000000000001563,10.485999999999999,0.010999999999999233,10.24,0.0052000000000003155,10.633700000000001,-0.016199999999999548,10.71085,0.00019999999999953388,0.009981600391388429,0.012598523077132566,0.01271707045746418,10.83,10.17,0.6060606060606065,51.56250000000004,0.056430056434505715,0.06296738120135587,-0.00653732476685015,10.485999999999999,10.680275983834678,10.29172401616532,0.7161872979407534,245130.831,0.6697662196559845,780.3248574144599,0.040000000000000924,0.03999999999999915,0.02999999999999936,0.10999999999999943,0.3636363636363739,0.46078876065253854,0.5392112393474615,0.04976844062033002,4,3,9,3,False,False,1,-1,low_vol,sideways_stable
2024-09-12 08:00:00,10.58,10.66,10.56,10.64,180755.96,1726142399999,1916964.8975,6973.0,101025.07,1071403.2309,0,0.0066225165562914245,0.006600684031352093,10.514,0.05799999999999983,10.478,-0.0010000000000012221,10.5,0.014000000000001123,10.2478,0.007799999999999585,10.6202,-0.013500000000000512,10.71135,0.0004999999999988347,0.008530101011866634,0.012658064901353086,0.012711075921357819,10.83,10.17,0.7121212121212129,61.86440677966107,0.06608217892026502,0.0635903407451377,0.0024918381751273255,10.5,10.69638844429555,10.30361155570445,0.856436450480026,228909.52800000002,0.7896393023884963,1197.0593377483503,0.0600000000000005,0.019999999999999574,0.019999999999999574,0.09999999999999964,0.6000000000000071,0.5589031199856426,0.44109688001435743,0.03857687458825701,8,3,9,3,False,False,1,-1,low_vol,sideways_stable
2024-09-12 12:00:00,10.64,10.72,10.53,10.55,371001.72,1726156799999,3938680.1677,20729.0,187771.87,1995281.7527,0,-0.008458646616541388,-0.008494623991422857,10.536000000000001,0.022000000000002018,10.475,-0.0030000000000001137,10.496500000000001,-0.0034999999999989484,10.253599999999999,0.005799999999998917,10.6074,-0.012800000000000367,10.710900000000002,-0.0004499999999971749,0.008709029388323512,0.011526512345577226,0.012778652443026676,10.83,10.17,0.5757575757575768,50.90909090909096,0.06571182270346299,0.06401463713680275,0.0016971855666602365,10.496500000000001,10.686267170362958,10.306732829637044,0.6409622114764981,250171.82899999997,1.4829875988954777,-3138.172443609035,0.08999999999999986,0.08000000000000007,0.02000000000000135,0.19000000000000128,0.4736842105263119,0.5061212923756796,0.4938787076243204,0.05587305632976581,12,3,9,3,False,False,1,-1,low_vol,sideways_stable
2024-09-12 16:00:00,10.54,10.77,10.54,10.74,252854.81,1726171199999,2703392.4442,12627.0,140506.04,1501767.6949,0,0.018009478672985635,0.017849229158642982,10.604,0.06799999999999784,10.505,0.030000000000001137,10.508,0.011499999999998067,10.266000000000002,0.012400000000003075,10.5961,-0.01130000000000031,10.71125,0.00034999999999740794,0.009127885310729925,0.011956852561253707,0.012840594458053054,10.77,10.17,0.9500000000000011,57.81250000000004,0.07982950005265188,0.06717760971997258,0.0126518903326793,10.508,10.726858281471403,10.289141718528596,1.03002335218993,253049.74,0.9992296771377833,4553.783308056834,0.20000000000000107,0.02999999999999936,0.0,0.23000000000000043,0.8695652173913073,0.5556787312054693,0.4443212687945307,0.04993774886069994,16,3,9,3,False,False,1,-1,low_vol,sideways_stable
2024-09-12 20:00:00,10.74,10.81,10.66,10.78,219904.51,1726185599999,2359910.0514,9171.0,119035.55,1278364.5583,0,0.003724394785847185,0.003717476400132352,10.656,0.05200000000000138,10.535,0.02999999999999936,10.528,0.02000000000000135,10.273599999999998,0.0075999999999964984,10.5857,-0.010400000000000631,10.712250000000001,0.0010000000000012221,0.009126701301437608,0.011533130282692143,0.012269830520411293,10.81,10.17,0.9531249999999982,62.39999999999994,0.09317150367321325,0.07237638851062073,0.020795115162592526,10.528,10.76953892570717,10.28646107429283,1.0216550484817333,258003.75500000003,0.8523306569704769,819.0112104282802,0.03999999999999915,0.030000000000001137,0.08000000000000007,0.15000000000000036,0.26666666666666033,0.5413056330677347,0.4586943669322653,0.0417044652699483,20,3,9,3,False,False,1,-1,low_vol,sideways_stable
2024-09-13 00:00:00,10.79,10.87,10.73,10.74,210008.69,1726199999999,2268538.6621,10288.0,110061.85,1189331.2827,0,-0.0037105751391465214,-0.00371747640013242,10.690000000000001,0.034000000000000696,10.573,0.038000000000000256,10.5335,0.005499999999999616,10.282,0.00840000000000174,10.576799999999999,-0.008900000000000574,10.71305,0.0007999999999999119,0.008041605486120349,0.010339014562255031,0.01222648875088931,10.87,10.17,0.8142857142857155,54.05405405405405,0.09937197370444295,0.07777550554938517,0.02159646815505778,10.5335,10.789400885418729,10.277599114581271,0.9034765250266826,254726.24700000003,0.8244485696835159,-779.2530241187287,0.049999999999998934,0.08000000000000007,0.009999999999999787,0.1399999999999988,0.3571428571428526,0.5240823605918403,0.47591763940815973,0.04898844900180083,0,4,9,3,False,False,1,-1,low_vol,sideways_stable
2024-09-13 04:00:00,10.74,10.77,10.64,10.71,159236.68,1726214399999,1703296.1129,8966.0,82231.0,879863.8937,0,-0.0027932960893853886,-0.0027972046210611424,10.704,0.013999999999999346,10.608999999999998,0.03599999999999781,10.5425,0.009000000000000341,10.2894,0.007400000000000517,10.5687,-0.008099999999998886,10.71385,0.0007999999999999119,0.008177498377372909,0.010106395190259031,0.012236368680545763,10.87,10.17,0.7714285714285736,56.074766355140234,0.10070428528213604,0.08236126149593534,0.0183430237862007,10.5425,10.810268556780281,10.27473144321972,0.812770106419634,219878.27999999997,0.7242037731057384,-444.79519553071253,0.02999999999999936,0.02999999999999936,0.07000000000000028,0.129999999999999,0.23076923076922762,0.5164074006064432,0.4835925993935568,0.0563061224336001,4,4,9,3,False,False,1,-1,low_vol,sideways_stable
2024-09-13 08:00:00,10.71,11.01,10.69,10.93,481892.91,1726228799999,5246539.2811,19681.0,286882.1,3125176.7813,0,0.020541549953314586,0.020333417728789722,10.78,0.07599999999999874,10.658,0.049000000000001265,10.571,0.028499999999999304,10.3046,0.015200000000000102,10.5618,-0.006899999999999906,10.7152,0.00134999999999863,0.00973138060482885,0.01017972144064777,0.012291993117309264,11.01,10.17,0.9047619047619047,71.30434782608702,0.1181503495064593,0.08951907909804013,0.028631270408419174,10.571,10.875762202381125,10.266237797618874,1.0889837998201737,241388.59900000002,1.9963366621138554,9898.82728291313,0.21999999999999886,0.08000000000000007,0.02000000000000135,0.3200000000000003,0.6874999999999959,0.5953233468406912,0.4046766531593088,0.04084102420182941,8,4,9,3,False,False,1,-1,low_vol,sideways_stable
2024-09-13 12:00:00,10.93,11.36,10.92,11.31,1165259.4,1726243199999,12943680.9891,50463.0,645579.04,7172282.05,0,0.034766697163769456,0.03417598793958191,10.894,0.11400000000000077,10.749,0.09100000000000108,10.61,0.0389999999999997,10.3254,0.020799999999999486,10.5633,0.0015000000000000568,10.718100000000002,0.002900000000002123,0.013077570197391161,0.012120590341152088,0.013114530874473965,11.36,10.17,0.9579831932773119,77.85234899328866,0.16078586592715105,0.10377243646386232,0.05701342946328873,10.61,11.058435878183602,10.161564121816397,1.280490627595816,346319.65199999994,3.364693263205289,40512.22067703569,0.3800000000000008,0.049999999999998934,0.009999999999999787,0.4399999999999995,0.8636363636363664,0.5540217397087722,0.4459782602912278,0.04330623722065662,12,4,9,3,False,False,1,-1,low_vol,sideways_stable
2024-09-13 16:00:00,11.31,11.4,11.25,11.35,510928.6,1726257599999,5786283.1199,24282.0,242878.84,2752344.9337,0,0.0035366931918654476,0.0035304537993824377,11.008,0.11399999999999899,10.831999999999999,0.08299999999999841,10.650500000000001,0.040500000000001535,10.349,0.023600000000000065,10.5649,0.0015999999999998238,10.722000000000001,0.0038999999999997925,0.013115700542262885,0.012104066444843133,0.0130056795519018,11.4,10.17,0.9593495934959344,85.10638297872354,0.1955483261892077,0.1221276144089314,0.0734207117802763,10.650500000000001,11.205874695707116,10.095125304292885,1.129755015313922,371602.363,1.3749336680079183,1806.9977011493445,0.03999999999999915,0.05000000000000071,0.0600000000000005,0.15000000000000036,0.26666666666666033,0.47536747796071704,0.524632522039283,0.04752523150984306,16,4,9,3,False,False,1,-1,low_vol,sideways_stable
2024-09-13 20:00:00,11.36,11.56,11.34,11.45,429617.37,1726271999999,4927799.5583,19948.0,226982.45,2604475.3399,0,0.008810572687224738,0.008771986072837041,11.15,0.14200000000000124,10.92,0.08800000000000097,10.6995,0.04899999999999949,10.3778,0.02880000000000038,10.569499999999998,0.004599999999998161,10.72725,0.005249999999998423,0.013077131651225586,0.011895360742586484,0.012773032518233259,11.56,10.17,0.9208633093525171,86.66666666666679,0.22853260900205186,0.1434086133275555,0.08512399567449636,10.6995,11.352218203079838,10.046781796920163,1.0749035314618007,398146.065,1.0790446214757892,3785.1750660793246,0.08999999999999986,0.11000000000000121,0.019999999999999574,0.22000000000000064,0.40909090909090723,0.52833629608598,0.47166370391402,0.04643201460872031,20,4,9,3,False,False,1,-1,low_vol,sideways_stable
2024-09-14 00:00:00,11.45,11.48,11.39,11.4,208387.2,1726286399999,2382684.2788,9620.0,99808.28,1141532.3943,0,-0.004366812227074135,-0.004376374599798777,11.288,0.1379999999999999,10.996,0.07600000000000051,10.737,0.037499999999999645,10.4066,0.028799999999998604,10.568399999999999,-0.0010999999999992127,10.73325,0.006000000000000227,0.013664116863949041,0.011664068532234955,0.01276554430681377,11.56,10.17,0.8848920863309352,82.8767123287673,0.24778203161607948,0.16428329698526029,0.0834987346308192,10.737,11.460124798139576,10.013875201860424,0.9584270942621091,400909.189,0.5197865394898694,-909.9877729257432,0.049999999999998934,0.030000000000001137,0.009999999999999787,0.08999999999999986,0.5555555555555446,0.4789559051611615,0.5210440948388385,0.046164063819658784,0,5,9,3,False,False,1,-1,low_vol,sideways_stable
2024-09-14 04:00:00,11.41,11.41,11.32,11.4,164967.89,1726300799999,1874823.536,8388.0,80492.24,915003.8164,0,0.0,0.0,11.382,0.09399999999999942,11.081,0.08499999999999908,10.778,0.04100000000000037,10.434000000000001,0.027400000000001867,10.5694,0.0010000000000012221,10.740250000000001,0.0070000000000014495,0.012837214055789845,0.011456901042247938,0.012756546611395395,11.56,10.17,0.8848920863309352,85.21126760563394,0.2600397612240375,0.18343458983301575,0.07660517139102174,10.778,11.554648670825445,10.001351329174556,0.9004384629532168,380305.806,0.43377694317924775,0.0,0.009999999999999787,0.0,0.08000000000000007,0.08999999999999986,0.11111111111110891,0.48792671107086355,0.5120732889291365,0.05084625862645148,4,5,9,3,False,False,1,-1,low_vol,sideways_stable
2024-09-14 08:00:00,11.4,11.43,11.23,11.26,235900.45,1726315199999,2674026.8705,10909.0,90992.39,1031925.2431,0,-0.012280701754386003,-0.012356732688905492,11.372,-0.009999999999999787,11.133,0.0519999999999996,10.818999999999999,0.04099999999999859,10.457,0.022999999999999687,10.5698,0.0004000000000008441,10.746199999999998,0.005949999999996791,0.013717549704495373,0.011384167548392807,0.01290453424793956,11.56,10.17,0.7841726618705032,75.69444444444453,0.2555118882818519,0.19785004952278298,0.05766183875906891,10.818999999999999,11.607012823833792,10.030987176166207,0.7798177812985797,378610.37,0.6230691726695178,-2897.0230701754476,0.14000000000000057,0.02999999999999936,0.02999999999999936,0.1999999999999993,0.7000000000000053,0.38572368132405,0.6142763186759499,0.04624408304435197,8,5,9,3,False,False,1,-1,low_vol,sideways_stable
2024-09-14 12:00:00,11.27,11.38,11.25,11.38,149583.69,1726329599999,1690401.8485,8342.0,79324.45,896718.8532,0,0.010657193605683846,0.010600805986640548,11.378,0.006000000000000227,11.193000000000001,0.060000000000002274,10.864,0.045000000000001705,10.486200000000002,0.029200000000001225,10.571900000000001,0.002100000000000435,10.751900000000001,0.005700000000002703,0.013830590448006082,0.011485488357958644,0.012593356030138307,11.56,10.17,0.8705035971223024,76.82119205298021,0.2586252426629674,0.21000508815081986,0.04862015451214752,10.864,11.67301239337341,10.054987606626591,0.8189073518691041,371578.288,0.40256305287676014,1594.1423445825947,0.11000000000000121,0.0,0.019999999999999574,0.13000000000000078,0.8461538461538504,0.530301465353609,0.46969853464639094,0.055768112151799436,12,5,9,3,False,False,1,-1,low_vol,sideways_stable
2024-09-14 16:00:00,11.37,11.42,11.21,11.3,257665.32,1726343999999,2914474.9897,11616.0,101794.01,1151157.1164,0,-0.00702987697715296,-0.007054702979890038,11.348,-0.02999999999999936,11.248999999999999,0.055999999999997385,10.911,0.04699999999999882,10.514,0.027799999999997382,10.572799999999999,0.0008999999999979025,10.7552,0.0032999999999994145,0.014113569240440382,0.01120784481307516,0.012659403813754395,11.56,10.17,0.8129496402877701,71.71052631578954,0.251735417831501,0.2183511540869561,0.033384263744544895,10.911,11.705822721048492,10.116177278951508,0.744708656218868,376343.951,0.6846538102056542,-1811.3555008787503,0.06999999999999851,0.05000000000000071,0.08999999999999986,0.20999999999999908,0.3333333333333277,0.39506290563277974,0.6049370943672202,0.04508173626159702,16,5,9,3,False,False,1,-1,low_vol,sideways_stable
2024-09-14 20:00:00,11.3,11.35,11.26,11.29,129386.77,1726358399999,1462888.3387,5367.0,61011.16,690006.0121,0,-0.0008849557522124796,-0.0008853475567243256,11.326,-0.02200000000000024,11.307,0.058000000000001606,10.958,0.0470000000000006,10.546,0.03200000000000003,10.5733,0.0005000000000006111,10.758700000000001,0.0035000000000007248,0.014006211139203235,0.011205831837850625,0.012152303178806143,11.56,10.33,0.7804878048780478,75.69444444444443,0.24267090643554567,0.22321510455667404,0.019455801878871637,10.958,11.723784083902302,10.192215916097698,0.7167712851305194,373358.95999999996,0.3465479173179613,-114.50156637169309,0.010000000000001563,0.049999999999998934,0.02999999999999936,0.08999999999999986,0.11111111111112866,0.4715409465743677,0.5284590534256323,0.04148028426708542,20,5,9,3,False,False,1,-1,low_vol,sideways_stable
2024-09-15 00:00:00,11.3,11.36,11.28,11.32,145718.75,1726372799999,1648942.5173,6104.0,63378.71,717207.9668,0,0.0026572187776794376,0.0026536946134663015,11.31,-0.016000000000000014,11.346,0.0389999999999997,11.001999999999999,0.04399999999999871,10.582,0.036000000000001364,10.574000000000002,0.0007000000000019213,10.763449999999999,0.0047499999999978115,0.012956954411913238,0.011165702234387072,0.011780975628336313,11.56,10.38,0.7966101694915252,72.65625000000001,0.23519676324571748,0.22561143629448274,0.009585326951234735,11.001999999999999,11.743196756319898,10.2608032436801,0.7145179382455048,339741.54399999994,0.4289106015247874,387.2065987599755,0.019999999999999574,0.03999999999999915,0.02000000000000135,0.08000000000000007,0.24999999999999445,0.4349386060476088,0.5650613939523912,0.041888912717134894,0,6,9,3,False,False,1,-1,low_vol,sideways_stable
2024-09-15 04:00:00,11.31,11.34,11.25,11.27,96744.88,1726387199999,1091505.63,5167.0,42159.51,475851.2651,0,-0.004416961130742081,-0.004426744723351974,11.312000000000001,0.002000000000000668,11.342,-0.0039999999999995595,11.0455,0.04350000000000165,10.616,0.03399999999999892,10.5732,-0.0008000000000016882,10.766999999999998,0.003549999999998832,0.007065305353342734,0.011188374188447222,0.011831497378551818,11.56,10.39,0.7521367521367514,68.99224806201549,0.22267204407140007,0.22502355784986622,-0.002351513778466152,11.0455,11.738486671095473,10.352513328904529,0.6619800274405783,232890.09200000003,0.4154100295516221,-427.31837455830697,0.040000000000000924,0.02999999999999936,0.019999999999999574,0.08999999999999986,0.4444444444444554,0.4357802707492117,0.5642197292507882,0.05340851112741057,4,6,9,3,False,False,1,-1,low_vol,sideways_stable
2024-09-15 08:00:00,11.27,11.27,11.14,11.16,195305.82,1726401599999,2186731.6647,8486.0,62398.88,698712.2507,0,-0.00976042590949422,-0.00980837109852004,11.268,-0.04400000000000048,11.323,-0.019000000000000128,11.0775,0.03200000000000003,10.645999999999999,0.02999999999999936,10.5752,0.002000000000000668,10.7712,0.004200000000002646,0.007494592510277664,0.011452011280508547,0.011941071010235662,11.56,10.5,0.6226415094339621,65.44117647058822,0.20154672797674777,0.22032819187524255,-0.018781463898494777,11.0775,11.725992178259192,10.429007821740809,0.5636090941154156,201327.814,0.970088613786866,-1906.2679858030144,0.10999999999999943,0.0,0.019999999999999574,0.129999999999999,0.8461538461538483,0.3194931927783821,0.6805068072216178,0.043449806052886696,8,6,9,3,False,False,1,-1,low_vol,sideways_stable
2024-09-15 12:00:00,11.16,11.28,11.13,11.23,202311.16,1726415999999,2265269.4907,11679.0,108742.34,1217867.0409,0,0.006272401433691677,0.0062528117971868535,11.254,-0.014000000000001123,11.301,-0.02200000000000024,11.1105,0.032999999999999474,10.671599999999998,0.025599999999998957,10.5781,0.0028999999999985704,10.776000000000002,0.004800000000001248,0.007134880158583839,0.011469148734706556,0.011297729536547061,11.56,10.53,0.6796116504854371,68.57142857142853,0.18828277117351,0.21391910773489603,-0.02563633656138603,11.1105,11.716000228171703,10.504999771828297,0.5986787406842343,178597.19300000003,1.132779057731327,1268.9768100358262,0.07000000000000028,0.049999999999998934,0.02999999999999936,0.14999999999999858,0.466666666666673,0.5375004522736165,0.46249954772638346,0.05772790784255302,12,6,9,3,False,False,1,-1,low_vol,sideways_stable
2024-09-15 16:00:00,11.23,11.23,11.07,11.09,238362.54,1726430399999,2650487.4162,15679.0,108230.07,1203300.0118,0,-0.012466607301869992,-0.012544967388076146,11.214,-0.03999999999999915,11.27,-0.031000000000000583,11.133,0.022499999999999076,10.693399999999999,0.021800000000000708,10.578800000000001,0.0007000000000019213,10.7803,0.00429999999999886,0.007866371951777739,0.011944564608386995,0.011486716136171965,11.56,10.53,0.5436893203883494,56.060606060606055,0.16457701845104822,0.2040506898781265,-0.03947367142707828,11.133,11.696899953799369,10.56910004620063,0.4618726693358639,181594.727,1.3126071661761411,-2971.572181656278,0.14000000000000057,0.0,0.019999999999999574,0.16000000000000014,0.8750000000000028,0.45405653925318973,0.5459434607468103,0.0657779531968404,16,6,9,3,False,False,1,-1,low_vol,sideways_stable
2024-09-15 20:00:00,11.09,11.1,10.79,10.81,350490.42,1726444799999,3830528.8087,19944.0,154425.66,1687235.8699,0,-0.02524797114517574,-0.025572169711158662,11.112,-0.10200000000000031,11.211,-0.058999999999999275,11.145999999999999,0.0129999999999999,10.7072,0.013800000000001589,10.5758,-0.00300000000000189,10.782800000000002,0.002500000000001279,0.010504058257921679,0.013247577252396616,0.012028951226325578,11.56,10.54,0.2647058823529421,29.508196721311506,0.1217924313499612,0.18759903817249343,-0.06580660682253223,11.145999999999999,11.663378004944349,10.62862199505565,0.1752857709556677,200146.98,1.7511651687175094,-8849.172010820526,0.27999999999999936,0.009999999999999787,0.02000000000000135,0.3100000000000005,0.9032258064516094,0.4405988043838688,0.5594011956161312,0.056903124484829,20,6,9,3,False,False,1,-1,low_vol,sideways_stable
2024-09-16 00:00:00,10.81,10.81,10.48,10.66,429738.73,1726459199999,4587206.397,23115.0,198604.19,2119697.2379,0,-0.013876040703052817,-0.013973212913418517,10.99,-0.12199999999999989,11.151,-0.0600000000000005,11.142,-0.0039999999999995595,10.7194,0.012199999999999989,10.5721,-0.0036999999999984823,10.7831,0.00029999999999752447,0.010634013773726083,0.013048081977132156,0.012166508792484269,11.56,10.48,0.16666666666666638,24.06015037593994,0.07491798354882562,0.1650628272477599,-0.09014484369893427,11.142,11.673635015281986,10.610364984718013,0.046681476817004255,219530.80800000002,1.957532675778244,-5963.0721091582245,0.15000000000000036,0.0,0.17999999999999972,0.33000000000000007,0.45454545454545553,0.46215101440821965,0.5378489855917804,0.05378849609389408,0,0,9,3,False,False,1,-1,low_vol,sideways_stable
2024-09-16 04:00:00,10.65,10.75,10.59,10.72,212525.74,1726473599999,2264191.7521,10937.0,110937.54,1181950.9404,0,0.0056285178236397115,0.005612736904957385,10.902,-0.08800000000000097,11.085,-0.06599999999999895,11.139,-0.0030000000000001137,10.733200000000002,0.013800000000001589,10.573900000000002,0.001800000000001134,10.7838,0.000700000000000145,0.009882136777035673,0.013085832996783755,0.01217279031272649,11.56,10.48,0.2222222222222224,21.7054263565893,0.04212554742487207,0.14047537128318233,-0.09834982385831026,11.139,11.67983366447714,10.598166335522858,0.11263505998182158,225825.01299999998,0.9411080605140938,1196.204915572219,0.07000000000000028,0.02999999999999936,0.0600000000000005,0.16000000000000014,0.4375000000000014,0.521995782722601,0.47800421727739895,0.0514620017321196,4,0,9,3,False,False,1,-1,low_vol,sideways_stable
2024-09-16 08:00:00,10.72,10.83,10.58,10.67,290379.47,1726487999999,3107426.7025,12721.0,130666.43,1399195.1909,0,-0.004664179104477695,-0.004675090328994014,10.790000000000001,-0.11199999999999832,11.022,-0.06300000000000061,11.1355,-0.0034999999999989484,10.7438,0.010599999999998388,10.570599999999999,-0.0033000000000029672,10.7842,0.0004000000000008441,0.009880731108260531,0.013101033025890078,0.012122790177305524,11.56,10.48,0.17592592592592546,21.70542635658927,0.011964800633457173,0.1147732571532373,-0.10280845651978013,11.1355,11.687986246554404,10.583013753445597,0.07872254476640402,229096.42799999999,1.2674988978876616,-1354.3818563433076,0.05000000000000071,0.10999999999999943,0.08999999999999986,0.25,0.20000000000000284,0.4499850833118471,0.5500149166881529,0.04380819346491679,8,0,9,3,False,False,1,-1,low_vol,sideways_stable
2024-09-16 12:00:00,10.67,10.69,10.45,10.55,381185.02,1726502399999,4032320.1006,22658.0,178069.18,1883358.5942,0,-0.011246485473289547,-0.011310205391586446,10.681999999999999,-0.10800000000000232,10.948,-0.07399999999999984,11.1275,-0.008000000000000895,10.748999999999999,0.005199999999998539,10.565,-0.005599999999999383,10.783900000000001,-0.0002999999999993008,0.009865775662334755,0.013322035472038496,0.012081405425821458,11.56,10.45,0.09009009009009127,19.85815602836894,-0.021374414666182062,0.08754372278935343,-0.1089181374555355,11.1275,11.709759663543394,10.545240336456605,0.0040872344775102695,254276.25299999997,1.4990979908768753,-4286.9917900655855,0.11999999999999922,0.019999999999999574,0.10000000000000142,0.2400000000000002,0.4999999999999963,0.4671463217520982,0.5328536782479019,0.0594409507487991,12,0,9,3,False,False,1,-1,low_vol,sideways_stable
2024-09-16 16:00:00,10.55,10.58,10.41,10.54,403409.4,1726516799999,4238372.4225,18441.0,237844.77,2499735.9356,0,-0.0009478672985783199,-0.0009483168088593556,10.628,-0.053999999999998494,10.870000000000001,-0.0779999999999994,11.108,-0.019499999999998963,10.7544,0.005400000000001626,10.5593,-0.00569999999999915,10.783600000000002,-0.0002999999999993008,0.009546056087316759,0.012352663587032114,0.012077996977907702,11.56,10.41,0.11304347826086866,21.875000000000128,-0.048049020218135396,0.06042517418785567,-0.10847419440599107,11.108,11.741938399796886,10.474061600203115,0.05200694564173051,280045.318,1.4405147098370699,-382.3785781991009,0.010000000000001563,0.02999999999999936,0.129999999999999,0.16999999999999993,0.05882352941177393,0.589586583753378,0.410413416246622,0.04571286638338125,16,0,9,3,False,False,1,-1,low_vol,sideways_stable
2024-09-16 20:00:00,10.54,10.59,10.43,10.54,174696.78,1726531199999,1835195.4772,8008.0,97275.8,1021383.2458,0,0.0,0.0,10.604,-0.02400000000000091,10.797,-0.0730000000000004,11.069500000000001,-0.03849999999999909,10.761800000000001,0.007400000000000517,10.553500000000001,-0.005799999999998917,10.783949999999999,0.00034999999999740794,0.009781857600521695,0.00891132626943853,0.011986233918884015,11.56,10.41,0.11304347826086866,13.793103448275957,-0.0684003605198864,0.034660067246307255,-0.10306042776619366,11.069500000000001,11.744012689592457,10.394987310407545,0.10749441176567866,287840.50800000003,0.606922150095705,0.0,0.0,0.05000000000000071,0.10999999999999943,0.16000000000000014,0.0,0.5568265196416328,0.4431734803583672,0.04583942531739852,20,0,9,3,False,False,1,-1,low_vol,sideways_stable
2024-09-17 00:00:00,10.54,10.58,10.43,10.52,192161.7,1726545599999,2018063.191,9196.0,81407.41,854995.9325,0,-0.001897533206831059,-0.001899335803652405,10.564,-0.03999999999999915,10.733,-0.06400000000000006,11.028,-0.04150000000000098,10.7676,0.005799999999998917,10.5472,-0.0063000000000013046,10.78465,0.000700000000000145,0.00981829599008232,0.008767771047275568,0.011969041919508858,11.56,10.41,0.09565217391304295,14.54545454545466,-0.08516109311504749,0.010695835174036307,-0.09585692828908379,11.028,11.731363348490804,10.324636651509197,0.13887797033353463,287526.096,0.6683278584911472,-364.63320683110794,0.019999999999999574,0.040000000000000924,0.08999999999999986,0.15000000000000036,0.13333333333333017,0.4236401426506947,0.5763598573493053,0.04785553000415795,0,1,9,3,False,False,1,-1,low_vol,sideways_stable
2024-09-17 04:00:00,10.51,10.65,10.51,10.62,165440.23,1726559999999,1750977.4788,7210.0,99320.35,1051299.031,0,0.009505703422053147,0.009460808504228889,10.553999999999998,-0.010000000000001563,10.672,-0.06099999999999994,10.9865,-0.04150000000000098,10.773,0.005399999999999849,10.5425,-0.004699999999999704,10.7858,0.0011500000000008725,0.010302938850365116,0.008821409681913913,0.011931009720713275,11.48,10.41,0.19626168224298973,21.848739495798398,-0.08934501645182813,-0.009312335151136579,-0.08003268130069155,10.9865,11.682935284332546,10.290064715667453,0.23687433115106396,283839.003,0.5828664427770697,1572.6257604562597,0.10999999999999943,0.030000000000001137,0.0,0.14000000000000057,0.7857142857142785,0.6003397722549104,0.3996602277450896,0.04358069376475117,4,1,9,3,False,False,1,-1,low_vol,sideways_stable
2024-09-17 08:00:00,10.62,10.7,10.58,10.6,217380.08,1726574399999,2311125.2865,10263.0,119622.36,1271996.9199,0,-0.0018832391713746732,-0.0018850146957712238,10.564,0.010000000000001563,10.623000000000001,-0.04899999999999949,10.9465,-0.03999999999999915,10.7778,0.004799999999999471,10.538200000000002,-0.00429999999999886,10.78645,0.0006500000000002615,0.010050711577274602,0.00882927673878556,0.011935953843310625,11.43,10.41,0.18627450980392116,19.491525423728817,-0.09320028383589296,-0.026089924888087857,-0.06711035894780511,10.9465,11.63478620118163,10.258213798818371,0.24828784929500272,281740.75700000004,0.7715606443124591,-409.37868173256015,0.019999999999999574,0.08000000000000007,0.019999999999999574,0.11999999999999922,0.1666666666666642,0.5502912686387824,0.4497087313612176,0.04721223766225498,8,1,9,3,False,False,1,-1,low_vol,sideways_stable
2024-09-17 12:00:00,10.6,10.92,10.51,10.86,645630.39,1726588799999,6931249.8068,28215.0,329021.77,3533344.9749,0,0.024528301886792336,0.024232313387767806,10.628,0.06400000000000006,10.628,0.004999999999999005,10.9195,-0.027000000000001023,10.7826,0.004800000000001248,10.536599999999998,-0.0016000000000033765,10.78905,0.0025999999999992696,0.010902879547511695,0.010831328863178695,0.011912330983340543,11.43,10.41,0.4411764705882348,35.25179856115108,-0.074417940232685,-0.03575552795700729,-0.03866241227567771,10.9195,11.574439932963069,10.26456006703693,0.45457598704448293,311254.754,2.0742828236448396,15836.217113207473,0.2599999999999998,0.0600000000000005,0.08999999999999986,0.41000000000000014,0.6341463414634139,0.5096132014479678,0.4903867985520322,0.04370147446126258,12,1,9,3,False,False,1,-1,low_vol,sideways_stable
2024-09-17 16:00:00,10.86,10.88,10.59,10.67,355237.32,1726603199999,3818156.5094,18505.0,161766.77,1736703.7086,0,-0.017495395948434522,-0.01765024919212728,10.654,0.0259999999999998,10.629000000000001,0.0010000000000012221,10.889999999999999,-0.029500000000000526,10.7858,0.0031999999999996476,10.533900000000001,-0.00269999999999726,10.79015,0.001100000000000989,0.01147855650852041,0.011140859363118776,0.012086788652515161,11.42,10.41,0.25742574257425727,33.33333333333333,-0.07401105632438743,-0.04340663363048332,-0.030604422693904107,10.889999999999999,11.533411957744505,10.246588042255492,0.32903643820110734,303804.613,1.1692953457556616,-6215.017569060738,0.1899999999999995,0.02000000000000135,0.08000000000000007,0.2900000000000009,0.6551724137930997,0.455376619776323,0.544623380223677,0.052091936736827084,16,1,9,3,False,False,1,-1,low_vol,sideways_stable
2024-09-18 00:00:00,10.63,10.68,10.51,10.65,220435.33,1726631999999,2332836.888,10366.0,114977.46,1216860.7194,0,0.0018814675446847673,0.0018796998015774722,10.682,0.006000000000002004,10.618,-0.0019999999999988916,10.819999999999999,-0.032500000000002416,10.791199999999998,0.00039999999999906777,10.5298,-0.0015999999999980474,10.792949999999998,0.0028499999999969106,0.011304068127485254,0.01071757234563688,0.011472601565563857,11.36,10.41,0.2526315789473688,33.33333333333333,-0.07516714658559565,-0.05498003083824917,-0.020187115747346475,10.819999999999999,11.397726943332945,10.242273056667052,0.3528716706379864,299250.28800000006,0.7366252893965467,414.7419190968764,0.019999999999999574,0.02999999999999936,0.120000000000001,0.16999999999999993,0.11764705882352695,0.521592704762889,0.47840729523711095,0.04702512977388879,0,2,9,3,False,False,1,-1,low_vol,sideways_stable
2024-09-19 04:00:00,11.01,11.16,10.96,11.15,461214.81,1726732799999,5103057.3172,17243.0,262595.22,2906240.1216,0,0.013636363636363669,0.013544225107757253,10.784,0.14000000000000057,10.692,0.028999999999999915,10.66,0.01699999999999946,10.8174,0.011400000000000077,10.539100000000001,0.004900000000002791,10.8118,0.005150000000000432,0.016431549376549864,0.013620826545529938,0.012426819357826295,11.16,10.29,0.988505747126437,66.85082872928183,9.04498524931796e-05,-0.05697950054352362,0.0570699503960168,10.66,11.041796308327923,10.278203691672077,1.1417034283882361,369366.826,1.2486633274424055,6289.292863636379,0.14000000000000057,0.009999999999999787,0.049999999999998934,0.1999999999999993,0.7000000000000053,0.5693555677451033,0.4306444322548966,0.037386050114045555,4,3,9,3,False,False,-1,1,low_vol,sideways_stable
2024-09-19 08:00:00,11.16,11.28,11.11,11.27,443153.24,1726747199999,4958589.805,18075.0,243096.49,2722246.8175,0,0.010762331838565009,0.010704830145557155,10.974,0.1899999999999995,10.751999999999999,0.05999999999999872,10.6905,0.03049999999999997,10.833999999999998,0.016599999999998616,10.5452,0.006099999999998218,10.8177,0.00590000000000046,0.01492164711556568,0.013253146879745829,0.012323926603550464,11.28,10.29,0.9898989898989902,69.63350785340317,0.04044698905709865,-0.03749420262339917,0.07794119168049782,10.6905,11.159742390511376,10.221257609488624,1.1174847069639917,378158.41799999995,1.1718719428321704,4769.3622242152405,0.10999999999999943,0.009999999999999787,0.05000000000000071,0.16999999999999993,0.6470588235294087,0.548560786783371,0.4514392132166291,0.040787245513538385,8,3,9,3,False,False,-1,1,low_vol,sideways_stable
2024-09-19 12:00:00,11.27,11.35,11.17,11.22,503350.61,1726761599999,5661907.5035,22546.0,209796.96,2361458.6578,0,-0.004436557231588201,-0.004446427957134589,11.106,0.13199999999999967,10.811,0.05900000000000105,10.7155,0.025000000000000355,10.848799999999999,0.014800000000001035,10.5497,0.0045000000000001705,10.823349999999998,0.00564999999999749,0.014970950510543793,0.013333699084566742,0.012348888942482055,11.35,10.29,0.8773584905660388,66.1290322580646,0.06761582189196425,-0.016472197720326487,0.08408801961229073,10.7155,11.241236576023221,10.18976342397678,0.979803025895727,404800.816,1.2434525576648048,-2233.143788819832,0.049999999999998934,0.08000000000000007,0.05000000000000071,0.17999999999999972,0.2777777777777723,0.41680084583586774,0.5831991541641323,0.044791840025782424,12,3,9,3,False,False,-1,1,low_vol,sideways_stable
2024-09-19 16:00:00,11.21,11.4,11.21,11.23,454550.39,1726775999999,5144546.2327,21426.0,186333.63,2110446.562,0,0.0008912655971480277,0.0008908686558016329,11.174,0.06799999999999962,10.869,0.05799999999999983,10.743500000000001,0.02800000000000047,10.866200000000001,0.01740000000000208,10.555,0.005300000000000082,10.829199999999998,0.005850000000000577,0.01500090889090024,0.013237057596772638,0.012208524970816276,11.4,10.29,0.8468468468468471,67.02702702702709,0.08892911460427477,0.004608064744593764,0.084321049859681,10.743500000000001,11.316553685369868,10.170446314630134,0.9244802995080615,428212.322,1.0615070296832794,405.1251247772189,0.019999999999999574,0.16999999999999993,0.0,0.1899999999999995,0.10526315789473488,0.40992953498510915,0.5900704650148909,0.04713668818983963,16,3,9,3,False,False,-1,1,low_vol,sideways_stable
2024-09-19 20:00:00,11.22,11.27,11.17,11.21,316033.51,1726790399999,3544298.0781,13809.0,113291.95,1270671.3039,0,-0.0017809439002670624,-0.0017825316662831907,11.216,0.041999999999999815,10.930000000000001,0.06100000000000172,10.7765,0.032999999999999474,10.883400000000002,0.01720000000000077,10.560200000000002,0.005200000000002092,10.83475,0.005550000000001276,0.014809737884489423,0.01287866045206543,0.012212685178663418,11.4,10.29,0.8288288288288295,60.869565217391376,0.10301868451158924,0.024290188697992862,0.07872849581359638,10.7765,11.377946501974233,10.175053498025768,0.860381179853111,440521.68999999994,0.7174073766946641,-562.8379519144897,0.009999999999999787,0.049999999999998934,0.040000000000000924,0.09999999999999964,0.09999999999999823,0.3584808142655505,0.6415191857344494,0.0436947335110128,20,3,9,3,False,False,-1,1,low_vol,sideways_stable
2024-09-20 00:00:00,11.21,11.43,11.12,11.43,472578.8,1726804799999,5307556.0549,18031.0,196733.81,2211842.5831,0,0.019625334522747506,0.019435240722650706,11.272,0.05600000000000094,11.028,0.09799999999999898,10.821,0.04449999999999932,10.9032,0.019799999999998263,10.5678,0.007599999999998275,10.84125,0.0065000000000008384,0.013577476644389266,0.013349917259461129,0.01243675653525871,11.43,10.29,1.0,73.17073170731713,0.1304333767807222,0.04551882631453873,0.08491455046618347,10.821,11.477911433588382,10.164088566411618,0.9635328058406095,456876.55999999994,1.0343686706098472,9274.517038358588,0.21999999999999886,0.0,0.09000000000000163,0.3100000000000005,0.7096774193548339,0.41629842472832046,0.5837015752716795,0.038154483442761296,0,4,9,3,False,False,-1,1,low_vol,sideways_stable
2024-09-20 04:00:00,11.43,11.73,11.42,11.7,704515.57,1726819199999,8142502.7163,34809.0,346406.69,4005261.1604,0,0.023622047244094446,0.023347363996991107,11.358,0.0860000000000003,11.166,0.1379999999999999,10.879,0.05799999999999983,10.929200000000002,0.026000000000001577,10.581800000000001,0.014000000000001123,10.84895,0.007699999999999818,0.011911573112516564,0.013993303401115594,0.012780331433772475,11.73,10.29,0.9791666666666659,78.60962566844923,0.17196416557527705,0.0708078941666864,0.10115627140859065,10.879,11.629603967342078,10.128396032657921,1.046892926044074,491469.441,1.4334880487513362,16642.100078740128,0.2699999999999996,0.030000000000001137,0.009999999999999787,0.3100000000000005,0.8709677419354811,0.4916948677230796,0.5083051322769204,0.049408418326368574,4,4,9,3,False,False,-1,1,low_vol,sideways_stable
2024-09-20 08:00:00,11.7,11.74,11.55,11.61,396308.67,1726833599999,4621231.7483,20827.0,171271.39,1998660.1606,0,-0.007692307692307665,-0.007722046093910278,11.436,0.0779999999999994,11.271,0.10500000000000043,10.9335,0.05450000000000088,10.950999999999999,0.021799999999997155,10.5929,0.011099999999999,10.85655,0.007600000000000051,0.012845918660993895,0.014209082839374183,0.012790233595069818,11.74,10.29,0.9103448275862064,74.74226804123714,0.19536334009437084,0.09571898335222329,0.09964435674214756,10.9335,11.731161714341681,10.13583828565832,0.9240519432215211,471670.112,0.8402242582629446,-3048.5282307692196,0.08999999999999986,0.040000000000000924,0.05999999999999872,0.1899999999999995,0.47368421052631626,0.4321666492938447,0.5678333507061554,0.05255247128456716,8,4,9,3,False,False,-1,1,low_vol,sideways_stable
2024-10-04 20:00:00,11.14,11.15,11.03,11.08,214117.32,1728086399999,2374345.094,8828.0,64303.49,713502.9251,0,-0.004492362982929099,-0.00450248396831579,11.068000000000001,0.06800000000000139,10.847,0.04499999999999815,10.8865,-0.01750000000000007,11.8334,-0.030199999999998894,11.6637,0.004800000000001248,11.09625,0.001900000000000901,0.009788571436351066,0.015607264994048768,0.014843284389545507,11.48,10.34,0.6491228070175438,54.60122699386504,-0.20839454143040292,-0.30709334982120484,0.09869880839080192,10.8865,11.364270039377164,10.408729960622836,0.7025032798752437,411718.942,0.5200570052956175,-961.8927223719844,0.0600000000000005,0.009999999999999787,0.05000000000000071,0.120000000000001,0.5,0.300318955981702,0.699681044018298,0.04122973330695527,20,4,10,4,False,False,-1,1,low_vol,sideways_stable
2024-10-05 00:00:00,11.08,11.16,10.98,11.04,252564.48,1728100799999,2798062.2891,12037.0,77462.7,858292.0111,0,-0.0036101083032491488,-0.0036166404701885504,11.081999999999999,0.01399999999999757,10.898,0.051000000000000156,10.886500000000002,1.7763568394002505e-15,11.801799999999998,-0.03160000000000096,11.6696,0.00590000000000046,11.0979,0.0016499999999997073,0.009036042746187642,0.013607502014767164,0.014827714496688314,11.31,10.34,0.7216494845360812,66.41791044776116,-0.18754859172999438,-0.28318439820296276,0.09563580647296838,10.886500000000002,11.364270039377166,10.408729960622837,0.6606421367485756,377596.582,0.6688738511939178,-911.7851263538037,0.040000000000000924,0.08000000000000007,0.05999999999999872,0.17999999999999972,0.2222222222222277,0.3067046482545764,0.6932953517454237,0.04765911659470089,0,5,10,4,False,False,-1,1,low_vol,sideways_stable
2024-10-05 04:00:00,11.05,11.25,11.03,11.21,230960.94,1728115199999,2580120.5739,9907.0,125364.63,1400249.5705,0,0.015398550724637916,0.015281196235119521,11.126,0.04400000000000048,10.965,0.06700000000000017,10.8965,0.00999999999999801,11.7748,-0.02699999999999747,11.678500000000001,0.008900000000000574,11.1021,0.00420000000000087,0.009499320133699429,0.014007974780659726,0.015039304943223248,11.31,10.34,0.8969072164948458,68.9655172413793,-0.15551773550625647,-0.2576510656636215,0.10213333015736503,10.8965,11.393153008172161,10.399846991827838,0.8156127062974803,326364.72899999993,0.7076773912048567,3556.4637500000545,0.16000000000000014,0.03999999999999915,0.02000000000000135,0.22000000000000064,0.7272727272727258,0.5427958078106194,0.4572041921893806,0.04289469899109347,4,5,10,4,False,False,-1,1,low_vol,sideways_stable
2024-10-05 08:00:00,11.22,11.38,11.22,11.3,151082.49,1728129599999,1709086.7395,8833.0,71086.44,804157.3957,0,0.00802854594112401,0.007996488634226355,11.152,0.0259999999999998,11.029,0.06400000000000006,10.9005,0.0039999999999995595,11.748200000000002,-0.026599999999998403,11.685899999999998,0.0073999999999969646,11.1062,0.004099999999999326,0.009354816295246432,0.013464882936472059,0.01506904679783703,11.38,10.34,0.9230769230769231,66.66666666666666,-0.1214705662653639,-0.23041496578397,0.1089443995186061,10.9005,11.409264240716384,10.391735759283614,0.8926180026307179,301423.387,0.501230151726747,1212.9727118644087,0.08000000000000007,0.08000000000000007,0.0,0.16000000000000014,0.5,0.4705140880323061,0.5294859119676939,0.0584647499521619,8,5,10,4,True,False,-1,1,low_vol,sideways_stable
2024-10-05 12:00:00,11.31,11.38,11.23,11.35,170091.64,1728143999999,1923426.3252,9179.0,82955.88,938442.742,0,0.004424778761061843,0.004415018209116693,11.196000000000002,0.04400000000000226,11.097999999999999,0.06899999999999906,10.9055,0.005000000000000782,11.7202,-0.028000000000002245,11.6905,0.004600000000001714,11.11105,0.004850000000001131,0.009147804559117125,0.013485835720818294,0.015006189566661943,11.38,10.34,0.971153846153845,80.50847457627106,-0.08942254972317798,-0.2022164825718116,0.11279393284863362,10.9055,11.43043508370598,10.38056491629402,0.9233856850087842,298532.006,0.5697601482636339,752.617876106177,0.03999999999999915,0.030000000000001137,0.08000000000000007,0.15000000000000036,0.26666666666666033,0.487712858786005,0.512287141213995,0.05396502732291839,12,5,10,4,False,False,-1,1,low_vol,sideways_stable
2024-10-05 16:00:00,11.35,11.36,11.15,11.16,252187.79,1728158399999,2838529.7518,13050.0,100200.12,1127943.2878,0,-0.016740088105726803,-0.01688178697424673,11.212,0.015999999999998238,11.14,0.04200000000000159,10.91,0.0045000000000001705,11.689,-0.031200000000000117,11.6921,0.0015999999999998238,11.113150000000001,0.002100000000000435,0.01166743197487652,0.013534505936882381,0.015146239158605997,11.38,10.34,0.788461538461538,74.80314960629921,-0.07845133961493289,-0.17746345398043586,0.09901211436550297,10.91,11.442363152665482,10.377636847334518,0.7348021259062336,298183.393,0.8457472680244135,-4221.645823788529,0.1899999999999995,0.009999999999999787,0.009999999999999787,0.20999999999999908,0.9047619047619063,0.3973234390134431,0.6026765609865569,0.05174715238989167,16,5,10,4,False,False,-1,1,low_vol,sideways_stable
2024-10-05 20:00:00,11.15,11.28,11.07,11.27,149612.98,1728172799999,1671767.0295,9966.0,77255.74,863632.8631,0,0.009856630824372603,0.009808371098519899,11.258,0.045999999999999375,11.17,0.02999999999999936,10.927,0.01699999999999946,11.6602,-0.02880000000000038,11.693299999999999,0.0011999999999989797,11.1162,0.003049999999998221,0.010223077749855508,0.013318386090368759,0.01524526551164793,11.38,10.34,0.8942307692307682,76.64233576642336,-0.06018670104448809,-0.15400810339324633,0.09382140234875824,10.927,11.48323168213494,10.370768317865059,0.8083247601822048,281250.546,0.531956229517862,1474.679910394242,0.11999999999999922,0.009999999999999787,0.08000000000000007,0.20999999999999908,0.5714285714285702,0.5163705715907804,0.4836294284092196,0.06661186749973164,20,5,10,4,False,False,-1,1,low_vol,sideways_stable
2024-10-06 00:00:00,11.27,11.32,11.19,11.27,156992.69,1728187199999,1768252.6889,8892.0,89385.09,1006966.9075,0,0.0,0.0,11.27,0.012000000000000455,11.198,0.02800000000000047,10.9605,0.033500000000000085,11.6318,-0.028399999999999537,11.693299999999999,0.0,11.11925,0.003049999999999997,0.010257615338376288,0.011039154491090332,0.015248390986921453,11.38,10.34,0.8942307692307682,74.39999999999998,-0.04519091069961512,-0.13224466485452008,0.08705375415490496,10.9605,11.514508360187852,10.406491639812147,0.7793279147403614,261101.18000000002,0.6012714687846298,0.0,0.0,0.05000000000000071,0.08000000000000007,0.13000000000000078,0.0,0.5693582930517338,0.4306417069482662,0.056639579842857654,0,6,10,4,False,False,-1,1,low_vol,sideways_stable
2024-10-06 04:00:00,11.26,11.4,11.23,11.32,189021.64,1728201599999,2141813.4345,12044.0,90518.01,1025445.5971,0,0.004436557231588312,0.004426744723351967,11.274,0.0039999999999995595,11.213000000000001,0.015000000000000568,10.993500000000001,0.03300000000000125,11.604799999999997,-0.0270000000000028,11.694299999999998,0.0009999999999994458,11.122,0.0027500000000006963,0.009100844571043487,0.011027759126961311,0.01527753475941909,11.4,10.34,0.9245283018867925,75.38461538461537,-0.02893847198839339,-0.11158342628129475,0.08264495429290136,10.993500000000001,11.550759270660418,10.436240729339584,0.792951609053591,217271.74599999998,0.8699780044111213,838.6053238686826,0.0600000000000005,0.08000000000000007,0.02999999999999936,0.16999999999999993,0.3529411764705913,0.47887643975578664,0.5211235602442134,0.06371757223141222,4,6,10,4,False,False,-1,1,low_vol,sideways_stable
2024-10-06 08:00:00,11.33,11.35,11.22,11.26,148848.35,1728215999999,1677918.5767,9324.0,75396.41,850221.0731,0,-0.005300353356890497,-0.00531445006349259,11.256,-0.017999999999998906,11.225999999999999,0.012999999999998124,11.014,0.02049999999999841,11.575,-0.02979999999999805,11.694600000000001,0.00030000000000285354,11.1248,0.00280000000000058,0.009220274357886369,0.010603090019435575,0.01523468854575862,11.4,10.34,0.8679245283018863,70.31249999999997,-0.020661621465487556,-0.09339906531813331,0.07273744385264576,11.014,11.57914180800754,10.448858191992459,0.7176444889710921,191548.03199999998,0.7770810717595888,-788.9488515901116,0.07000000000000028,0.019999999999999574,0.03999999999999915,0.129999999999999,0.5384615384615448,0.5065317149971766,0.49346828500282336,0.06264093622804687,8,6,10,4,False,False,-1,1,low_vol,sideways_stable
2024-10-06 12:00:00,11.26,11.38,11.19,11.31,359770.97,1728230399999,4053791.9382,18869.0,172207.94,1942133.4551,0,0.004440497335701732,0.004430667416484896,11.286,0.02999999999999936,11.248999999999999,0.022999999999999687,11.048,0.034000000000000696,11.5498,-0.02519999999999989,11.695599999999999,0.0009999999999976694,11.1279,0.0030999999999998806,0.00903840889375916,0.00923299690576696,0.015168487051307659,11.4,10.34,0.9150943396226416,65.45454545454544,-0.009952845455059034,-0.07670982134551846,0.06675697589045942,11.048,11.597472474287963,10.498527525712037,0.7384104866576934,206113.39700000003,1.745500172412373,1597.5620337478276,0.05000000000000071,0.07000000000000028,0.07000000000000028,0.19000000000000128,0.2631578947368441,0.4786599096641956,0.5213400903358044,0.052447255541490746,12,6,10,4,False,False,-1,1,low_vol,sideways_stable
2024-10-06 16:00:00,11.31,11.37,11.19,11.2,323642.66,1728244799999,3646367.5374,16848.0,173424.22,1954762.8892,0,-0.00972590627763048,-0.009773511826980294,11.272,-0.013999999999999346,11.265,0.01600000000000179,11.0815,0.033500000000000085,11.52,-0.029799999999999827,11.6933,-0.0022999999999981924,11.130550000000001,0.0026500000000009294,0.009653223123729963,0.00925603848740101,0.015113965848419916,11.4,10.34,0.8113207547169802,58.82352941176465,-0.010224284814919216,-0.0634127140393986,0.05318842922447939,11.0815,11.577049668231497,10.585950331768503,0.6195642007216939,213221.215,1.517872693859286,-3147.718178603027,0.11000000000000121,0.05999999999999872,0.009999999999999787,0.17999999999999972,0.6111111111111188,0.5358509289226582,0.4641490710773419,0.05205741418637457,16,6,10,4,False,False,-1,1,low_vol,sideways_stable
2024-10-06 20:00:00,11.2,11.32,11.16,11.27,260378.58,1728259199999,2925675.5243,14008.0,125809.16,1414617.7441,0,0.006250000000000089,0.006230549750636163,11.272,0.0,11.270999999999999,0.005999999999998451,11.117999999999999,0.03649999999999842,11.488600000000002,-0.031399999999997874,11.689,-0.004300000000000637,11.135399999999999,0.0048499999999975785,0.008559301971424989,0.00926621115669028,0.015027429954719267,11.4,10.38,0.8725490196078424,54.6296296296296,-0.004736389329741186,-0.051677449097467125,0.04694105976772594,11.117999999999999,11.548940220546127,10.68705977945387,0.6763585675611482,216162.979,1.20454751874973,1627.366125000023,0.07000000000000028,0.05000000000000071,0.03999999999999915,0.16000000000000014,0.4375000000000014,0.48317784051207285,0.5168221594879271,0.05379858819415945,20,6,10,4,False,False,-1,1,low_vol,sideways_stable
2024-10-07 00:00:00,11.28,11.62,11.21,11.61,545749.69,1728273599999,6268364.0721,30995.0,303034.11,3480375.6028,0,0.030168589174800253,0.0297224676581151,11.33,0.05799999999999983,11.302,0.031000000000000583,11.1655,0.04750000000000121,11.4626,-0.026000000000001577,11.689,0.0,11.14095,0.005550000000001276,0.01260913769911914,0.010922564029310666,0.015686199452491688,11.62,10.54,0.9907407407407409,67.39130434782598,0.0267397269544265,-0.0359940138870884,0.0627337408415149,11.1655,11.59329606553163,10.73770393446837,1.0195232446184501,255629.69899999996,2.1349228674716705,16464.49818988459,0.33000000000000007,0.009999999999999787,0.06999999999999851,0.40999999999999837,0.8048780487804912,0.5552620836119944,0.44473791638800564,0.05679343583319306,0,0,10,4,False,False,-1,1,low_vol,sideways_stable
2024-10-07 04:00:00,11.61,11.67,11.52,11.55,319807.92,1728287999999,3708564.2433,15460.0,157404.25,1826603.048,0,-0.0051679586563306845,-0.005181358741997518,11.388000000000002,0.058000000000001606,11.322,0.019999999999999574,11.209999999999999,0.04449999999999932,11.4346,-0.02800000000000047,11.689199999999998,0.00019999999999775753,11.14715,0.006199999999999761,0.012833101336992442,0.011090327398670835,0.015674943627823523,11.67,10.59,0.8888888888888896,66.90647482014387,0.04630945080151605,-0.01953332094936751,0.06584277175088356,11.209999999999999,11.599871773792527,10.820128226207471,0.936040799636003,270601.32699999993,1.1818416544572232,-1652.754108527111,0.05999999999999872,0.0600000000000005,0.030000000000001137,0.15000000000000036,0.39999999999999053,0.49218371452464343,0.5078162854753565,0.048341516995576594,4,0,10,4,False,False,-1,1,low_vol,sideways_stable
2024-10-07 08:00:00,11.55,11.6,11.24,11.43,431506.47,1728302399999,4912366.3857,25431.0,195564.91,2228463.3207,0,-0.010389610389610504,-0.010443959161083375,11.412,0.023999999999999133,11.349,0.027000000000001023,11.2445,0.03450000000000131,11.408399999999999,-0.02620000000000111,11.689200000000001,3.552713678800501e-15,11.153049999999999,0.005899999999998684,0.011938446049487062,0.011512871636306857,0.015589767795469644,11.67,10.74,0.7419354838709674,63.265306122448976,0.051541462923294645,-0.0053183641748350795,0.05685982709812973,11.2445,11.577174963859738,10.911825036140263,0.7788006615343164,288533.19499999995,1.4955175954711208,-4483.184103896153,0.120000000000001,0.049999999999998934,0.1899999999999995,0.35999999999999943,0.33333333333333665,0.45321431680966456,0.5467856831903355,0.05893538514034332,8,0,10,4,False,False,-1,1,low_vol,sideways_stable
2024-10-07 12:00:00,11.43,11.76,11.33,11.52,607734.22,1728316799999,7020803.6596,39213.0,295881.52,3417600.1098,0,0.007874015748031482,0.007843177461025879,11.475999999999999,0.06399999999999828,11.373999999999999,0.02499999999999858,11.272000000000002,0.027500000000001634,11.388200000000001,-0.02019999999999733,11.69,0.0007999999999981355,11.159350000000002,0.006300000000003081,0.011817756308340864,0.010757462588669595,0.015509810479338096,11.76,10.89,0.7241379310344823,61.1510791366906,0.062232737800203,0.008191856220172536,0.05404088158003046,11.272000000000002,11.60003080728256,10.943969192717445,0.8780132757262289,334345.31899999996,1.8176842487811233,4785.308818897629,0.08999999999999986,0.2400000000000002,0.09999999999999964,0.4299999999999997,0.20930232558139517,0.48686006195273984,0.5131399380472601,0.06452327137346323,12,0,10,4,False,False,-1,1,low_vol,sideways_stable
2024-10-07 16:00:00,11.52,11.6,11.21,11.35,552514.88,1728331199999,6298144.1733,31863.0,224775.19,2562032.7309,0,-0.01475694444444442,-0.014866911340333473,11.492,0.01600000000000179,11.382,0.008000000000000895,11.290000000000001,0.017999999999998906,11.363199999999999,-0.02500000000000213,11.6908,0.0007999999999999119,11.1655,0.006149999999998101,0.012993949514937512,0.011430467492325949,0.015585161401727447,11.76,10.89,0.5287356321839075,51.70068027210881,0.056338634210316485,0.017821211818201326,0.038517422392115155,11.290000000000001,11.59129544863564,10.988704551364362,0.5995700404232752,373897.538,1.4777173526079757,-8153.4313888888755,0.16999999999999993,0.08000000000000007,0.1399999999999988,0.3899999999999988,0.43589743589743707,0.40682196649617836,0.5931780335038217,0.05766903508553471,16,0,10,4,False,False,-1,1,low_vol,sideways_stable
2024-10-07 20:00:00,11.36,11.38,11.12,11.16,446362.45,1728345599999,5016190.2247,24243.0,189088.26,2123278.7348,0,-0.016740088105726803,-0.01688178697424673,11.402000000000001,-0.08999999999999986,11.366,-0.016000000000000014,11.2895,-0.0005000000000006111,11.3344,-0.028799999999998604,11.688799999999999,-0.002000000000000668,11.1693,0.0038000000000000256,0.014017627414173353,0.011586086134626321,0.015721258565790805,11.76,10.98,0.2307692307692306,44.099378881987604,0.035922015908150584,0.02144137263619118,0.014480643271959404,11.2895,11.59166586591878,10.987334134081221,0.28571371785122596,399631.619,1.1169347688677256,-7472.146740088075,0.1999999999999993,0.02000000000000135,0.040000000000000924,0.26000000000000156,0.7692307692307618,0.4236204456714493,0.5763795543285507,0.05431236431290311,20,0,10,4,False,False,-1,1,low_vol,sideways_stable
2024-10-08 00:00:00,11.16,11.29,11.15,11.22,308609.23,1728359999999,3464493.0002,16682.0,115857.53,1300425.8414,0,0.005376344086021501,0.005361943141385373,11.336,-0.06600000000000072,11.362,-0.0039999999999995595,11.294,0.0045000000000001705,11.305399999999999,-0.02900000000000169,11.6875,-0.0012999999999987466,11.173799999999998,0.004499999999998394,0.014088446980554723,0.011612709316981436,0.015719450995440688,11.76,10.98,0.3076923076923082,52.027027027027046,0.024303046971603237,0.022013707503273593,0.0022893394683296438,11.294,11.588754134831268,10.999245865168733,0.3744716506820823,415607.707,0.7425493435327464,1659.189408602149,0.0600000000000005,0.06999999999999851,0.009999999999999787,0.1399999999999988,0.4285714285714358,0.37541822712172285,0.6245817728782771,0.05405541499844318,0,1,10,4,False,False,-1,1,low_vol,sideways_stable
2024-10-08 20:00:00,10.9,10.98,10.78,10.82,300864.81,1728431999999,3275148.8846,13497.0,108934.83,1186557.8525,0,-0.007339449541284404,-0.007366515816762554,10.972,-0.08000000000000185,11.154,-0.0730000000000004,11.238,-0.026500000000000412,11.1822,-0.022199999999999775,11.666799999999999,-0.004900000000002791,11.193299999999999,0.004049999999997667,0.012195869228730383,0.012900793216717166,0.015886044929540637,11.76,10.78,0.04081632653061317,37.3056994818653,-0.07785077069256197,-0.022222905097174624,-0.05562786559538734,11.238,11.65417809952765,10.821821900472349,-0.0021888471238834533,454989.31200000003,0.6612568736559684,-2208.182091743119,0.08000000000000007,0.08000000000000007,0.040000000000000924,0.20000000000000107,0.39999999999999825,0.362072354025052,0.637927645974948,0.0448606801174255,20,1,10,4,False,False,1,-1,low_vol,sideways_stable
2024-10-09 00:00:00,10.83,10.97,10.75,10.87,431352.42,1728446399999,4686493.0399,21931.0,167719.39,1821849.8419,0,0.004621072088724532,0.00461042771478256,10.942,-0.02999999999999936,11.097999999999999,-0.05600000000000094,11.2235,-0.014499999999999957,11.1602,-0.02200000000000024,11.6633,-0.0034999999999989484,11.197849999999999,0.004550000000000054,0.012573713691331895,0.012521873353193833,0.015895491983443342,11.76,10.75,0.11881188118811806,41.17647058823529,-0.09104403314140797,-0.03598713070602129,-0.055056902435386676,11.2235,11.670208429574329,10.77679157042567,0.10432803972733126,454973.907,0.9480816665822552,1993.3106284657813,0.03999999999999915,0.10000000000000142,0.08000000000000007,0.22000000000000064,0.1818181818181774,0.3888221839580731,0.6111778160419269,0.05084241790042583,0,2,10,4,False,False,1,-1,low_vol,sideways_stable
2024-10-09 04:00:00,10.87,10.92,10.76,10.79,391573.12,1728460799999,4245145.0138,14965.0,164129.16,1779350.6521,0,-0.007359705611775569,-0.007386921863074824,10.864,-0.0779999999999994,11.025,-0.07299999999999862,11.1995,-0.023999999999999133,11.139000000000001,-0.021199999999998553,11.6609,-0.0023999999999997357,11.201650000000003,0.0038000000000035783,0.011744268269504367,0.012308746388315668,0.01587179953734104,11.76,10.75,0.039603960396038765,37.23404255319147,-0.10672486231766776,-0.05013467702835059,-0.05659018528931717,11.1995,11.68553551960317,10.713464480396832,0.07873449214746282,433357.7970000001,0.9035792657031619,-2881.862888684468,0.08000000000000007,0.05000000000000071,0.02999999999999936,0.16000000000000014,0.5,0.419153286109118,0.5808467138908819,0.038217638636686806,4,2,10,4,False,False,1,-1,low_vol,sideways_stable
2024-10-09 08:00:00,10.79,10.81,10.66,10.67,306442.0,1728475199999,3291448.4677,14056.0,148736.68,1597926.4643,0,-0.011121408711770031,-0.011183713956381165,10.809999999999999,-0.054000000000002046,10.957,-0.06799999999999962,11.1695,-0.030000000000001137,11.1104,-0.028600000000000847,11.6569,-0.0039999999999995595,11.20445,0.002799999999997027,0.011512982043930661,0.012459078025099924,0.015576689277920754,11.76,10.66,0.0090909090909089,21.686746987951807,-0.12736682406752742,-0.06558110643618595,-0.06178571763134147,11.1695,11.708406299833406,10.630593700166592,0.03656136497716693,408750.50899999996,0.749704265200071,-3408.066728452232,0.11999999999999922,0.02000000000000135,0.009999999999999787,0.15000000000000036,0.7999999999999929,0.48536649675958254,0.5146335032404175,0.04586838618727198,8,2,10,4,False,False,1,-1,low_vol,sideways_stable
2024-10-09 12:00:00,10.67,10.75,10.55,10.72,603576.54,1728489599999,6418096.0241,27747.0,311804.65,3315606.4609,0,0.004686035613870709,0.004675090328993975,10.774,-0.03599999999999959,10.913,-0.04400000000000048,11.1395,-0.02999999999999936,11.080599999999999,-0.029800000000001603,11.6528,-0.004100000000001103,11.208450000000001,0.004000000000001336,0.011304506208775504,0.012466677646987397,0.015522784098855784,11.76,10.55,0.1404958677685951,24.848484848484844,-0.13809922345482306,-0.08008472983991337,-0.05801449361490969,11.1395,11.709060310562942,10.569939689437058,0.13173346858967913,424471.91799999995,1.421946928418478,2828.381162136859,0.05000000000000071,0.02999999999999936,0.11999999999999922,0.1999999999999993,0.25000000000000444,0.5165950452613682,0.4834049547386318,0.04597097163517985,12,2,10,4,False,False,1,-1,low_vol,sideways_stable
2024-10-09 16:00:00,10.72,10.73,10.55,10.61,418649.44,1728503999999,4439839.5905,21939.0,221406.75,2348175.4923,0,-0.010261194029850818,-0.010314203016764235,10.732,-0.041999999999999815,10.852,-0.06099999999999994,11.107,-0.03250000000000064,11.0496,-0.030999999999998806,11.6447,-0.008099999999998886,11.211950000000002,0.0035000000000007248,0.010945906044238396,0.01257118861187679,0.01556032653285376,11.76,10.55,0.049586776859503114,25.000000000000014,-0.1537089469240165,-0.094809573256734,-0.058899373667282484,11.107,11.72012315239284,10.493876847607158,0.09469806509479095,435475.9390000001,0.9613606688841653,-4295.843134328388,0.11000000000000121,0.009999999999999787,0.05999999999999872,0.17999999999999972,0.6111111111111188,0.5288595393797733,0.4711404606202268,0.05240422631402541,16,2,10,4,False,False,1,-1,low_vol,sideways_stable
2024-10-09 20:00:00,10.6,10.6,10.41,10.53,420560.79,1728518399999,4414980.0661,20194.0,179810.58,1888231.2198,0,-0.007540056550424112,-0.007568626480007617,10.664,-0.06799999999999962,10.803,-0.04899999999999949,11.068,-0.0389999999999997,11.031600000000001,-0.017999999999998906,11.636800000000001,-0.007899999999999352,11.21615,0.004199999999999093,0.010112728404771181,0.012488480925880287,0.013197987599179109,11.76,10.41,0.08888888888888834,19.631901840490812,-0.17056888471983633,-0.10996143554935447,-0.06060744917048186,11.068,11.724452988656406,10.411547011343593,0.09022198901009611,429922.09500000003,0.9782255782876197,-3171.0521394910393,0.07000000000000028,0.0,0.11999999999999922,0.1899999999999995,0.3684210526315814,0.42754955829334446,0.5724504417066556,0.04801683961074926,20,2,10,4,False,True,1,-1,low_vol,sideways_stable
2024-10-10 00:00:00,10.54,10.64,10.5,10.64,213196.14,1728532799999,2255177.329,11436.0,102169.88,1081012.392,0,0.010446343779677125,0.010392157767614204,10.634,-0.02999999999999936,10.748999999999999,-0.054000000000002046,11.040000000000001,-0.027999999999998693,11.023599999999998,-0.008000000000002672,11.628800000000002,-0.007999999999999119,11.22175,0.005599999999999383,0.009312366714385357,0.012769994756075376,0.012436606473381236,11.76,10.41,0.17037037037037073,27.388535031847198,-0.1730595039647671,-0.12258104923243701,-0.05047845473233009,11.040000000000001,11.72009287291488,10.359907127085123,0.20592251740148357,423258.68999999994,0.5037017432530447,2227.120170940174,0.10000000000000142,0.0,0.03999999999999915,0.14000000000000057,0.7142857142857215,0.4792295019975502,0.5207704980024498,0.053640746028516276,0,3,10,4,False,False,1,-1,low_vol,sideways_stable
2024-10-14 16:00:00,11.26,11.33,11.17,11.23,337189.07,1728935999999,3793604.3406,16271.0,166734.73,1875851.3404,0,-0.002664298401420906,-0.0026678539611924576,11.11,0.09600000000000009,10.956,0.027999999999998693,10.963,0.02749999999999808,10.949599999999998,-0.0006000000000039307,11.262299999999998,-0.015200000000001879,11.30125,0.00435000000000052,0.013157726637341972,0.010656683239649007,0.01105599896696866,11.33,10.6,0.8630136986301375,57.39130434782608,0.06034087082900719,0.018810413436610413,0.041530457392396775,10.963,11.260363856509215,10.665636143490783,0.948944944308869,373496.502,0.9027904363077544,-898.3723001776019,0.02999999999999936,0.07000000000000028,0.0600000000000005,0.16000000000000014,0.18749999999999584,0.4944843852738169,0.5055156147261831,0.04825482629078101,16,0,10,4,False,False,1,-1,low_vol,sideways_stable
2024-10-14 20:00:00,11.22,11.35,11.18,11.28,261566.73,1728950399999,2943342.506,12042.0,135419.37,1524588.0936,0,0.0044523597506678225,0.004442477319560994,11.162,0.05200000000000138,10.986,0.030000000000001137,10.983999999999998,0.02099999999999902,10.949000000000002,-0.0005999999999968253,11.249400000000001,-0.012899999999996581,11.305900000000001,0.004650000000001597,0.013170806060488684,0.010129415803601972,0.01105609618675304,11.35,10.6,0.9066666666666663,58.1196581196581,0.07761576075489884,0.0305714829002681,0.047044277854630744,10.983999999999998,11.30879305152039,10.659206948479607,0.9556747729275509,385302.91799999995,0.6788599768663056,1164.5891807657977,0.05999999999999872,0.07000000000000028,0.040000000000000924,0.16999999999999993,0.3529411764705809,0.5177239857683735,0.4822760142316265,0.04603796514946683,20,0,10,4,False,False,1,-1,low_vol,sideways_stable
2024-10-15 00:00:00,11.29,11.54,11.25,11.46,692750.76,1728964799999,7906350.8972,26351.0,351448.75,4011151.245,0,0.015957446808510856,0.01583146521668088,11.248000000000001,0.0860000000000003,11.043,0.05699999999999861,11.009,0.02500000000000213,10.954199999999998,0.005199999999996763,11.237099999999998,-0.012300000000003308,11.311000000000002,0.0051000000000005485,0.013149556642763417,0.010490046542800209,0.011190503332088196,11.54,10.6,0.9148936170212784,67.18750000000003,0.10462468293894567,0.045382122908003614,0.059242560030942054,11.009,11.39686324231226,10.62113675768774,1.0813904887085306,434780.255,1.5933353735210445,11054.53340425547,0.1700000000000017,0.0799999999999983,0.03999999999999915,0.28999999999999915,0.5862068965517317,0.5073235141596958,0.49267648584030427,0.03803821160730304,0,1,10,4,False,False,1,-1,low_vol,sideways_stable
2024-10-15 04:00:00,11.47,11.59,11.35,11.5,523753.82,1728979199999,6015640.1585,21726.0,265942.86,3055305.2948,0,0.003490401396160525,0.0034843240826108427,11.346,0.09799999999999898,11.125,0.08200000000000074,11.038499999999999,0.02949999999999875,10.958799999999998,0.0045999999999999375,11.2237,-0.013399999999998968,11.316500000000001,0.005499999999999616,0.010045188936594519,0.010367229398510024,0.01116845086648545,11.59,10.6,0.9090909090909093,68.70229007633587,0.1277840985197347,0.06186251803034984,0.06592158048938487,11.038499999999999,11.48061334579093,10.596386654209068,1.0219249819007246,450942.566,1.161464584383458,1828.1110645724084,0.02999999999999936,0.08999999999999986,0.120000000000001,0.2400000000000002,0.12499999999999722,0.5077630937374357,0.4922369062625644,0.041481320365357906,4,1,10,4,False,False,1,-1,low_vol,sideways_stable
2024-10-15 08:00:00,11.49,11.6,11.33,11.38,657578.46,1728993599999,7554372.8832,27617.0,303823.25,3490652.7088,0,-0.01043478260869557,-0.010489606671019436,11.37,0.023999999999999133,11.192,0.06700000000000017,11.064499999999999,0.0259999999999998,10.954199999999998,-0.0045999999999999375,11.2084,-0.01529999999999987,11.320799999999998,0.004299999999997084,0.011496185269416814,0.010661621894970854,0.010415369481273098,11.6,10.6,0.7800000000000011,65.69343065693437,0.13490006117112507,0.07647002665850489,0.05843003451262019,11.064499999999999,11.523261490606275,10.605738509393722,0.8438605969117555,488811.515,1.345259757229737,-6861.6882782608145,0.10999999999999943,0.10999999999999943,0.05000000000000071,0.2699999999999996,0.40740740740740594,0.46203345833438647,0.5379665416656135,0.04199803016662073,8,1,10,4,False,False,1,-1,low_vol,sideways_stable
2024-10-15 12:00:00,11.37,11.7,10.93,11.14,2040718.39,1729007999999,23145105.1284,90275.0,1021978.29,11590447.4407,0,-0.02108963093145877,-0.02131519419904697,11.352,-0.017999999999998906,11.231,0.0389999999999997,11.072500000000002,0.008000000000002672,10.946,-0.008199999999998653,11.1903,-0.018099999999998673,11.32365,0.0028500000000022396,0.014390454131251895,0.01166350963691997,0.010801985445183744,11.7,10.6,0.4909090909090919,55.06329113924052,0.11979262380487832,0.08513454608777958,0.03465807771709874,11.072500000000002,11.530636959526676,10.614363040473327,0.5736679268026496,668498.0719999999,3.052691511726604,-43037.99768014074,0.22999999999999865,0.33000000000000007,0.21000000000000085,0.7699999999999996,0.29870129870129714,0.5007933946241353,0.4992066053758647,0.0442368728788689,12,1,10,4,False,False,1,-1,low_vol,sideways_stable
2024-10-15 16:00:00,11.14,11.43,11.11,11.3,547540.8,1729022399999,6190301.5135,31991.0,248508.53,2809549.7931,0,0.014362657091562037,0.014260491219157017,11.356,0.0039999999999995595,11.259,0.02800000000000047,11.0845,0.011999999999998678,10.943400000000002,-0.002599999999997493,11.175900000000002,-0.014399999999998414,11.32695,0.0032999999999994145,0.012937623779251053,0.011974214771779379,0.010913847653604022,11.7,10.6,0.6363636363636376,62.42424242424244,0.11935468713554265,0.0919785742973322,0.027376112838210453,11.0845,11.55369752321342,10.61530247678658,0.7296474185584922,664695.218,0.8237471628688625,7864.140754039551,0.16000000000000014,0.129999999999999,0.030000000000001137,0.3200000000000003,0.5,0.4538630363253295,0.5461369636746705,0.05842669623889215,16,1,10,4,False,False,1,-1,low_vol,sideways_stable
2024-10-15 20:00:00,11.29,11.46,11.11,11.45,343859.42,1729036799999,3867457.8672,19698.0,177603.01,1998345.8519,0,0.01327433628318575,0.013187004281953681,11.354,-0.002000000000000668,11.301,0.041999999999999815,11.102500000000001,0.018000000000000682,10.941999999999998,-0.0014000000000038426,11.1651,-0.010800000000001475,11.33145,0.0045000000000001705,0.013343874471840201,0.012276221003635087,0.011021274655963701,11.7,10.6,0.7727272727272727,74.21383647798746,0.12961721895146816,0.0995063032281594,0.030110915723308762,11.102500000000001,11.59939032995233,10.605609670047672,0.8496747461691768,652060.584,0.5273427476487368,4564.505575221207,0.16000000000000014,0.010000000000001563,0.17999999999999972,0.3500000000000014,0.4571428571428557,0.5164988936467119,0.48350110635328813,0.057285038170540745,20,1,10,4,False,False,1,-1,low_vol,sideways_stable
2024-10-16 00:00:00,11.45,11.47,11.25,11.29,281349.29,1729051199999,3195871.1775,20726.0,127133.29,1444227.8306,0,-0.013973799126637543,-0.014072351838677994,11.312000000000001,-0.04199999999999804,11.328999999999999,0.027999999999998693,11.116,0.013499999999998735,10.940800000000001,-0.0011999999999972033,11.152000000000001,-0.013099999999999667,11.334200000000001,0.0027500000000006963,0.014425019707729666,0.012652204410623105,0.011000502154377043,11.7,10.6,0.627272727272727,66.86046511627907,0.1234170120385727,0.10428844499024206,0.01912856704833063,11.116,11.618096656662551,10.613903343337448,0.6732734102997036,642425.558,0.4379484696653367,-3931.5184628820925,0.16000000000000014,0.02000000000000135,0.03999999999999915,0.22000000000000064,0.7272727272727258,0.4518699514045335,0.5481300485954665,0.073666437900021,0,2,10,4,False,False,1,-1,low_vol,sideways_stable
2024-10-16 04:00:00,11.29,11.35,11.15,11.18,270802.53,1729065599999,3045476.0006,16957.0,123170.84,1385801.9152,0,-0.009743135518157642,-0.009790910434617528,11.272,-0.040000000000000924,11.321000000000002,-0.007999999999997343,11.124500000000001,0.008500000000001506,10.941199999999998,0.0003999999999972914,11.1378,-0.014200000000000657,11.336199999999998,0.001999999999997115,0.012978769799335451,0.01288497736568244,0.010826944806675823,11.7,10.6,0.5272727272727276,62.01117318435756,0.10837790961919858,0.10510633791603337,0.0032715717031652075,11.124500000000001,11.62479359801087,10.624206401989133,0.5554674297459158,595710.927,0.45458714575500814,-2638.4657484499508,0.10999999999999943,0.0600000000000005,0.02999999999999936,0.1999999999999993,0.5499999999999992,0.4548363709895915,0.5451636290104085,0.06261758337339018,4,2,10,4,False,False,1,-1,low_vol,sideways_stable
2024-10-16 08:00:00,11.18,11.54,11.16,11.45,437384.65,1729079999999,4975964.8508,25433.0,229490.3,2612353.2318,0,0.02415026833631484,0.023863262273295546,11.334,0.06199999999999939,11.343,0.021999999999998465,11.1495,0.02499999999999858,10.945800000000002,0.00460000000000349,11.125599999999999,-0.012200000000001765,11.339750000000002,0.003550000000004161,0.015108586541052564,0.013791931074840884,0.01132785488859426,11.7,10.6,0.7727272727272727,62.01117318435756,0.11689852271377354,0.1074647748755814,0.009433747838192147,11.1495,11.662877874577193,10.636122125422807,0.7926694106631347,605730.4850000001,0.7220779881996527,10562.956663685149,0.2699999999999996,0.08999999999999986,0.019999999999999574,0.379999999999999,0.7105263157894744,0.524687594774988,0.47531240522501195,0.05814790253841784,8,2,10,4,False,False,1,-1,low_vol,sideways_stable
2024-10-16 12:00:00,11.45,11.53,11.1,11.16,668234.9,1729094399999,7562562.4723,37138.0,341185.43,3862439.0957,0,-0.02532751091703045,-0.025653773047083654,11.306000000000001,-0.027999999999998693,11.331,-0.012000000000000455,11.1585,0.009000000000000341,10.948599999999999,0.002799999999997027,11.1126,-0.012999999999998124,11.342,0.002249999999998309,0.017349916068626504,0.0151122752650408,0.011621007215888126,11.7,10.6,0.5090909090909097,53.14009661835752,0.09910813670281193,0.10579344724102752,-0.006685310538215583,11.1585,11.665639553097492,10.651360446902508,0.5014788828743868,646397.3019999999,1.0337835537562317,-16924.726724890752,0.28999999999999915,0.08000000000000007,0.0600000000000005,0.4299999999999997,0.6744186046511612,0.5105770889847268,0.48942291101527324,0.05557626517262118,12,2,10,4,False,False,1,-1,low_vol,sideways_stable
2024-10-16 16:00:00,11.17,11.24,11.06,11.14,328262.85,1729108799999,3666661.4344,17490.0,173088.13,1933813.3516,0,-0.0017921146953404632,-0.0017937224540268775,11.244,-0.062000000000001165,11.299000000000001,-0.03199999999999825,11.171000000000001,0.012500000000001066,10.947799999999999,-0.0007999999999999119,11.101299999999998,-0.011300000000002086,11.34305,0.0010499999999993292,0.01630647168840846,0.014976128633227262,0.011441801119622053,11.7,10.6,0.4909090909090919,53.14009661835752,0.08244492103379208,0.10112374199958044,-0.01867882096578835,11.171000000000001,11.662352590734177,10.679647409265826,0.4684544250049841,609948.511,0.5381812465806641,-588.2846774193421,0.02999999999999936,0.07000000000000028,0.08000000000000007,0.17999999999999972,0.16666666666666338,0.5272851618756128,0.47271483812438714,0.05328047325489315,16,2,10,4,False,False,1,-1,low_vol,sideways_stable
2024-10-16 20:00:00,11.15,11.36,11.13,11.24,191454.2,1729123199999,2158259.2579,11627.0,88263.8,995104.0388,0,0.008976660682226134,0.008936609966406975,11.234,-0.009999999999999787,11.273,-0.026000000000001577,11.199000000000002,0.02800000000000047,10.9538,0.006000000000000227,11.091,-0.010299999999999088,11.3427,-0.0003499999999991843,0.016627333634978883,0.014253332152082828,0.011080873598857623,11.7,10.6,0.5818181818181826,49.47916666666668,0.07642735979984572,0.09618446555963349,-0.01975710575978777,11.199000000000002,11.63302158568698,10.764978414313024,0.5472326738485864,576718.5489999999,0.3319716356131976,1718.6193895870588,0.08999999999999986,0.11999999999999922,0.019999999999999574,0.22999999999999865,0.39130434782608864,0.46101783089637105,0.538982169103629,0.06072992914232229,20,2,10,4,False,False,1,-1,low_vol,sideways_stable
2024-10-17 00:00:00,11.25,11.35,11.18,11.33,223175.25,1729137599999,2516979.7902,17222.0,104849.81,1183023.6818,0,0.008007117437722311,0.007975230574369822,11.264,0.02999999999999936,11.267999999999999,-0.005000000000000782,11.23,0.030999999999998806,10.9624,0.008600000000001273,11.083400000000001,-0.007599999999998275,11.3426,-0.0001000000000015433,0.01663026364719432,0.01430359285555292,0.011112137252604772,11.7,10.6,0.6636363636363642,52.52525252525252,0.07802126641370677,0.09255182573044815,-0.014530559316741382,11.23,11.600944739820008,10.859055260179993,0.6347909665042323,533278.2279999999,0.4184968338891196,1786.9904359430361,0.08000000000000007,0.019999999999999574,0.07000000000000028,0.16999999999999993,0.47058823529411825,0.469809309051967,0.530190690948033,0.07716805514948454,0,3,10,4,False,False,1,-1,low_vol,sideways_stable
2024-10-17 04:00:00,11.33,11.35,11.08,11.16,255925.98,1729151999999,2864787.2214,14131.0,115099.83,1288200.6709,0,-0.015004413062665534,-0.015118118086750112,11.206,-0.05799999999999983,11.27,0.002000000000000668,11.250499999999999,0.02049999999999841,10.9692,0.006800000000000139,11.0757,-0.0077000000000015945,11.34115,-0.001449999999998397,0.015880063910939237,0.014850365918388887,0.011278826159117973,11.7,10.6,0.5090909090909097,47.14285714285716,0.06481966884435408,0.08700539435322935,-0.022185725508875265,11.250499999999999,11.547748788232006,10.953251211767991,0.34777061575544255,354798.987,0.7213266930776214,-3840.019117387478,0.16999999999999993,0.019999999999999574,0.08000000000000007,0.2699999999999996,0.6296296296296303,0.44973874868038016,0.5502612513196199,0.055215183702725296,4,3,10,4,False,False,1,-1,low_vol,sideways_stable
2024-10-17 08:00:00,11.15,11.18,10.92,10.94,346927.09,1729166399999,3825037.8513,18157.0,174647.31,1926115.7212,0,-0.01971326164874554,-0.01991015995932975,11.162,-0.04399999999999871,11.234,-0.03599999999999959,11.2465,-0.0039999999999995595,10.970600000000001,0.00140000000000029,11.0654,-0.010299999999999088,11.33885,-0.0022999999999999687,0.016178747212555192,0.014554388999533785,0.011625057688500693,11.7,10.85,0.10588235294117634,37.85046728971957,0.03618799361088065,0.07684191420475962,-0.04065392059387897,11.2465,11.55859141710677,10.934408582893228,0.008957979617969342,334737.61600000004,1.0364150110933454,-6839.064498207893,0.21000000000000085,0.02999999999999936,0.019999999999999574,0.2599999999999998,0.8076923076923116,0.5034121434564247,0.49658785654357523,0.052336645143508394,8,3,10,4,False,False,1,-1,low_vol,sideways_stable
2024-10-17 12:00:00,10.94,11.14,10.91,11.12,454881.89,1729180799999,5008670.4393,25779.0,230678.55,2540760.6098,0,0.01645338208409508,0.016319491828601186,11.158000000000001,-0.0039999999999995595,11.200999999999999,-0.03300000000000125,11.251,0.0045000000000001705,10.9772,0.006599999999998829,11.058100000000001,-0.007299999999998974,11.337449999999999,-0.0014000000000020663,0.016563228065287355,0.015027650159832928,0.011795792874481258,11.7,10.89,0.2839506172839494,41.66666666666664,0.02770234499649682,0.06701400036310706,-0.03931165536661024,11.251,11.552358328415519,10.94964167158448,0.28265077210779016,345839.863,1.3152962936490638,7484.345539305309,0.17999999999999972,0.02000000000000135,0.02999999999999936,0.23000000000000043,0.7826086956521712,0.5071174629528556,0.4928825370471443,0.05667185387398034,12,3,10,4,False,False,1,-1,low_vol,sideways_stable
2024-10-17 16:00:00,11.11,11.12,10.85,11.01,385641.03,1729195199999,4229811.477,25413.0,175883.98,1929575.9701,0,-0.00989208633093519,-0.00994133808784766,11.112,-0.04600000000000115,11.173,-0.027999999999998693,11.251,0.0,10.984000000000002,0.006800000000001916,11.0472,-0.010900000000001242,11.336200000000002,-0.0012499999999970868,0.01630547107169009,0.015201070515445683,0.011771969268619491,11.7,10.85,0.1882352941176473,41.85022026431715,0.011963419785836038,0.05600388424765286,-0.04404046446181682,11.251,11.552358328415519,10.94964167158448,0.10014378685479075,356269.037,1.0824432941109052,-3814.794361510768,0.09999999999999964,0.009999999999999787,0.16000000000000014,0.2699999999999996,0.37037037037036963,0.4560821238341781,0.5439178761658219,0.06589807106365211,16,3,10,4,False,False,1,-1,low_vol,sideways_stable
2024-10-17 20:00:00,11.0,11.08,10.99,11.03,176686.41,1729209599999,1949734.1996,10758.0,81759.34,902349.5342,0,0.0018165304268846771,0.0018148825308225342,11.052000000000001,-0.05999999999999872,11.158,-0.015000000000000568,11.2395,-0.011499999999999844,10.9902,0.006199999999997985,11.0354,-0.01180000000000092,11.334449999999999,-0.001750000000003027,0.016135002420237417,0.014254925648112704,0.011759105108371866,11.7,10.85,0.2117647058823527,47.31707317073167,0.0010914593525743754,0.04502139926863717,-0.043929939916062796,11.2395,11.556557192250906,10.922442807749093,0.16961796622135925,346857.425,0.509392036223529,320.9562397820211,0.02999999999999936,0.05000000000000071,0.009999999999999787,0.08999999999999986,0.33333333333332676,0.46273700393822026,0.5372629960617797,0.060887535153382764,20,3,10,4,False,False,1,-1,low_vol,sideways_stable
2024-10-18 00:00:00,11.03,11.28,10.98,11.16,429077.63,1729223999999,4782776.1428,23039.0,202151.56,2254630.7875,0,0.011786038077969296,0.011717123687753897,11.052,-1.7763568394002505e-15,11.129,-0.028999999999999915,11.236,-0.0034999999999989484,11.001199999999999,0.010999999999999233,11.0254,-0.009999999999999787,11.33375,-0.0006999999999983686,0.014348649400587015,0.014526273965746163,0.011755427260074692,11.7,10.85,0.36470588235294193,46.53465346534651,0.0029314737213574915,0.03660341415918124,-0.03367194043782375,11.236,11.555038027761627,10.916961972238374,0.38089194173306373,346026.72300000006,1.240012985933459,5057.125285584821,0.13000000000000078,0.11999999999999922,0.049999999999998934,0.29999999999999893,0.43333333333333746,0.4711305038204858,0.5288694961795142,0.05369424642342692,0,4,10,4,False,False,1,-1,low_vol,sideways_stable
2024-10-18 04:00:00,11.17,11.43,11.15,11.43,289077.41,1729238399999,3263684.1156,17244.0,144240.88,1629345.7771,0,0.024193548387096753,0.023905520853554386,11.15,0.09800000000000075,11.156,0.027000000000001023,11.243500000000001,0.007500000000000284,11.019200000000001,0.01800000000000246,11.0254,0.0,11.334449999999999,0.0006999999999983686,0.014126793701259919,0.015498108316456453,0.012131227461233834,11.7,10.85,0.6823529411764709,49.53271028037384,0.025878134851073042,0.034458358297559596,-0.008580223446486554,11.243500000000001,11.573748710105656,10.913251289894346,0.7823629499420793,308110.974,0.9382249721491581,6993.808306451606,0.2599999999999998,0.0,0.019999999999999574,0.27999999999999936,0.9285714285714299,0.49896973962787344,0.5010302603721266,0.05965184204466202,4,4,10,4,False,False,1,-1,low_vol,sideways_stable
2024-10-18 08:00:00,11.42,11.49,11.35,11.37,371465.72,1729252799999,4243508.3635,18230.0,150629.15,1720707.4243,0,-0.005249343832021025,-0.005263170044274644,11.2,0.049999999999998934,11.178999999999998,0.02299999999999791,11.239,-0.0045000000000001705,11.033800000000001,0.014599999999999724,11.0287,0.003300000000001191,11.3347,0.0002500000000011937,0.014284470836124774,0.015125667477996924,0.012103688258095636,11.7,10.85,0.6117647058823527,51.96078431372549,0.03877505585183272,0.035321697808414224,0.0034533580434184946,11.239,11.55912497559568,10.918875024404322,0.7046075907639472,312431.26100000006,1.1889518315518366,-1949.951286089249,0.05000000000000071,0.07000000000000028,0.019999999999999574,0.14000000000000057,0.35714285714286076,0.40549946304601137,0.5945005369539886,0.049075860889667026,8,4,10,4,False,False,1,-1,low_vol,sideways_stable
2024-10-18 12:00:00,11.37,11.49,11.31,11.46,591922.63,1729267199999,6739087.4907,30096.0,268201.05,3055129.1968,0,0.007915567282322122,0.007884403524149056,11.29,0.08999999999999986,11.201,0.022000000000002018,11.237,-0.002000000000000668,11.0504,0.016599999999998616,11.033199999999999,0.004499999999998394,11.335650000000001,0.0009500000000013387,0.014231866195674568,0.01521590425519401,0.012133507208719961,11.7,10.85,0.7176470588235311,56.93069306930696,0.05561708733844917,0.039380775714421216,0.01623631162402795,11.237,11.550694454089404,10.923305545910596,0.8554414129623803,352478.104,1.6793174477584003,4685.403403694063,0.09000000000000163,0.02999999999999936,0.05999999999999872,0.17999999999999972,0.5000000000000099,0.4531015311916694,0.5468984688083306,0.05084448283384604,12,4,10,4,False,False,1,-1,low_vol,sideways_stable
2024-10-18 16:00:00,11.46,11.51,11.33,11.42,331286.92,1729281599999,3784780.1278,19134.0,152609.47,1743879.8588,0,-0.003490401396160636,-0.0034965070587294257,11.368,0.07800000000000118,11.209999999999999,0.008999999999998565,11.239,0.002000000000000668,11.065800000000001,0.015400000000001413,11.0352,0.002000000000000668,11.33695,0.0012999999999987466,0.01415969953495144,0.015045072170269132,0.01215451971911362,11.7,10.85,0.6705882352941183,49.162011173184375,0.0649877150007434,0.044502163571685655,0.020485551429057752,11.239,11.557013571375627,10.920986428624374,0.7845790499082322,363289.271,0.9119094519034117,-1156.324328097757,0.040000000000000924,0.049999999999998934,0.08999999999999986,0.17999999999999972,0.2222222222222277,0.46065649075429843,0.5393435092457015,0.05775658151550324,16,4,10,4,False,False,1,-1,low_vol,sideways_stable
2024-10-18 20:00:00,11.43,11.49,11.37,11.48,164966.79,1729295999999,1884256.4138,9374.0,89548.81,1022877.9541,0,0.005253940455341555,0.00524018666355625,11.431999999999999,0.06399999999999828,11.242,0.032000000000001805,11.256,0.01699999999999946,11.082799999999999,0.016999999999997684,11.0375,0.0022999999999999687,11.338199999999999,0.0012499999999988631,0.01303920354746279,0.014205170236467099,0.012156282965115664,11.54,10.85,0.9130434782608714,60.25641025641025,0.07637509889569394,0.05087675063648731,0.025498348259206625,11.256,11.587783061653445,10.924216938346555,0.8375699755190841,354193.352,0.4657534904833561,866.7256917688347,0.05000000000000071,0.009999999999999787,0.0600000000000005,0.120000000000001,0.4166666666666691,0.5428293173432058,0.45717068265679417,0.05682355824466245,20,4,10,4,False,False,1,-1,low_vol,sideways_stable
2024-10-19 00:00:00,11.48,11.6,11.47,11.49,254106.31,1729310399999,2930207.5905,15002.0,129503.32,1493512.5601,0,0.0008710801393727596,0.000870700969243891,11.443999999999999,0.012000000000000455,11.297,0.054999999999999716,11.2655,0.009499999999999176,11.1032,0.020400000000000418,11.0417,0.00420000000000087,11.3402,0.002000000000000668,0.010436413660923988,0.013883918210909717,0.011917044453300312,11.6,10.85,0.853333333333334,61.29032258064513,0.08522418771486606,0.05774623805216307,0.02747794966270299,11.2655,11.613091714515942,10.917908285484057,0.8229363512197638,344911.27400000003,0.7367294987289977,221.34695993029766,0.009999999999999787,0.10999999999999943,0.009999999999999787,0.129999999999999,0.07692307692307587,0.5096422831845459,0.4903577168154541,0.0590382820481711,0,5,10,4,False,False,1,-1,low_vol,sideways_stable
2024-10-19 04:00:00,11.49,11.51,11.38,11.4,213683.17,1729324799999,2445052.0166,10683.0,99291.83,1136599.7483,0,-0.007832898172323799,-0.007863736460214576,11.45,0.006000000000000227,11.325,0.027999999999998693,11.263,-0.0024999999999995026,11.12,0.016799999999999926,11.0464,0.004699999999999704,11.343149999999998,0.002949999999998454,0.010290932377818704,0.013696802544160521,0.01195593886242395,11.6,10.85,0.7333333333333343,55.1948051948052,0.08400653151661075,0.06299829674505261,0.021008234771558137,11.263,11.60568905654225,10.92031094345775,0.6998896629240767,320791.402,0.6661125225544543,-1673.7585117493556,0.08999999999999986,0.019999999999999574,0.019999999999999574,0.129999999999999,0.6923076923076965,0.4646684621910092,0.5353315378089908,0.04999457842187571,4,5,10,4,False,False,1,-1,low_vol,sideways_stable
2024-10-19 08:00:00,11.4,11.41,11.29,11.31,158549.54,1729339199999,1801521.6097,9626.0,68676.42,780806.6144,0,-0.007894736842105288,-0.007926065272420716,11.42,-0.02999999999999936,11.355,0.030000000000001137,11.264,0.0009999999999994458,11.1336,0.013600000000000279,11.053500000000001,0.0071000000000012164,11.3464,0.0032500000000013074,0.010039194411563626,0.013438426973199719,0.012007632234082986,11.6,10.85,0.6133333333333345,49.35064935064936,0.0749157008026895,0.06538177755657999,0.009533923246109507,11.264,11.607137228954931,10.920862771045067,0.5670285764970767,298082.253,0.5318986232971071,-1251.7068947368462,0.08999999999999986,0.009999999999999787,0.02000000000000135,0.120000000000001,0.7499999999999926,0.43315433144744536,0.5668456685525547,0.060712885070495944,8,5,10,4,False,False,1,-1,low_vol,sideways_stable
2024-10-19 12:00:00,11.31,11.42,11.3,11.38,166431.13,1729353599999,1891877.1888,9132.0,95622.12,1087217.6108,0,0.006189213085764811,0.006170138570155777,11.412,-0.007999999999999119,11.39,0.03500000000000014,11.274,0.009999999999999787,11.148,0.01440000000000019,11.060699999999999,0.007199999999997431,11.3497,0.003300000000001191,0.010089752150991073,0.013291013099357641,0.012025705182141895,11.6,10.85,0.7066666666666682,57.63888888888889,0.0725235604906107,0.06681013414338614,0.005713426347224562,11.274,11.618484359128745,10.929515640871253,0.6538531390337895,297056.725,0.5602671678279629,1030.0777276746244,0.07000000000000028,0.03999999999999915,0.009999999999999787,0.11999999999999922,0.5833333333333395,0.5745446780298854,0.42545532197011465,0.05486954273518421,12,5,10,4,False,False,1,-1,low_vol,sideways_stable
2024-10-19 16:00:00,11.38,11.41,11.3,11.35,130470.8,1729367999999,1481329.1455,8167.0,64065.55,727504.3746,0,-0.002636203866432485,-0.0026396847707733286,11.386,-0.026000000000001577,11.409,0.019000000000000128,11.269,-0.004999999999999005,11.1614,0.013400000000000745,11.065700000000001,0.005000000000002558,11.3531,0.0033999999999991815,0.009746935921274997,0.012131338445472895,0.012038821083351808,11.6,10.85,0.6666666666666666,66.39999999999996,0.06742973477042824,0.06693405426879456,0.0004956805016336774,11.269,11.605539666857496,10.932460333142505,0.6203424261341207,267196.042,0.48829615522523345,-343.9476274165395,0.030000000000001137,0.02999999999999936,0.049999999999998934,0.10999999999999943,0.2727272727272845,0.49103362591476407,0.5089663740852359,0.06259638171912796,16,5,10,4,False,False,1,-1,low_vol,sideways_stable
2024-10-19 20:00:00,11.35,11.46,11.34,11.42,117595.1,1729382399999,1340210.8437,7757.0,54001.53,615477.7743,0,0.006167400881057272,0.00614846030045248,11.372,-0.013999999999999346,11.408,-0.0010000000000012221,11.282,0.0129999999999999,11.1726,0.011199999999998766,11.073599999999999,0.007899999999997576,11.357449999999998,0.004349999999998744,0.006125369992990151,0.01067803214691608,0.011850226725202709,11.6,10.85,0.7600000000000003,63.15789473684209,0.06825446123159118,0.0671981356613539,0.0010563255702372848,11.282,11.62088982839502,10.94311017160498,0.7036059929174725,250047.81100000005,0.47029045977131145,725.256123348018,0.07000000000000028,0.040000000000000924,0.009999999999999787,0.120000000000001,0.5833333333333308,0.4592158176658721,0.540784182334128,0.0659636328384431,20,5,10,4,False,False,1,-1,low_vol,sideways_stable
2024-10-20 00:00:00,11.42,11.46,11.27,11.33,141767.3,1729396799999,1611633.3123,9708.0,71098.25,808205.8131,0,-0.007880910683012221,-0.007912129187949172,11.358,-0.013999999999999346,11.404,-0.0039999999999995595,11.2915,0.009499999999999176,11.18,0.007400000000000517,11.081600000000002,0.008000000000002672,11.361399999999998,0.003949999999999676,0.006421926568374039,0.010853376089615108,0.011857298157189281,11.6,10.85,0.6400000000000006,64.28571428571423,0.06094329864439274,0.06594716825796167,-0.005003869613568926,11.2915,11.62422558631642,10.958774413683578,0.5578554844943416,227077.96899999998,0.6243111149192989,-1117.2554290717983,0.08999999999999986,0.040000000000000924,0.0600000000000005,0.19000000000000128,0.4736842105263119,0.5015137482339016,0.49848625176609834,0.06847841498004124,0,6,10,4,False,False,1,-1,low_vol,sideways_stable
2024-10-20 04:00:00,11.33,11.4,11.29,11.38,149535.75,1729411199999,1697413.3728,8829.0,68824.51,781420.3822,0,0.0044130626654899086,0.004403353658269974,11.372,0.013999999999999346,11.395999999999999,-0.008000000000000895,11.2985,0.0070000000000014495,11.189400000000001,0.009400000000001185,11.09,0.008399999999998187,11.365599999999999,0.00420000000000087,0.006003926437828861,0.010721851885536067,0.011843429065360966,11.6,10.85,0.7066666666666682,65.21739130434781,0.05850927327101196,0.06445958926057173,-0.005950315989559765,11.2985,11.632551682103117,10.964448317896885,0.6219871121242289,182839.28100000002,0.8178535224058335,659.9106354810326,0.05000000000000071,0.019999999999999574,0.040000000000000924,0.11000000000000121,0.45454545454545603,0.460254554512884,0.539745445487116,0.059042737271856396,4,6,10,4,False,False,1,-1,low_vol,sideways_stable
2024-10-20 08:00:00,11.38,11.69,11.37,11.68,306062.42,1729425599999,3532808.2361,15416.0,166969.67,1927971.7431,0,0.026362038664323295,0.02602054870189606,11.431999999999999,0.05999999999999872,11.422,0.026000000000001577,11.315999999999999,0.017499999999998295,11.2058,0.016399999999999082,11.1002,0.01019999999999932,11.3714,0.0058000000000006935,0.010322157418358973,0.012081898483281917,0.012348177937164573,11.69,10.85,0.9880952380952384,69.69696969696962,0.07986712492125747,0.06754109639270889,0.012326028528548583,11.315999999999999,11.691143481322916,10.940856518677082,0.9851477076402613,180316.831,1.6973591333800668,8068.429349736355,0.29999999999999893,0.009999999999999787,0.010000000000001563,0.3200000000000003,0.9374999999999959,0.5455412330595831,0.45445876694041687,0.05036881038841685,8,6,10,4,False,False,1,-1,low_vol,sideways_stable
2024-10-20 12:00:00,11.67,11.93,11.59,11.89,751008.87,1729439999999,8843964.8571,40421.0,377816.12,4451195.481,0,0.017979452054794676,0.017819733302609615,11.540000000000001,0.10800000000000232,11.463000000000001,0.04100000000000037,11.352500000000001,0.036500000000001975,11.223999999999998,0.01819999999999844,11.1125,0.012300000000001532,11.37775,0.006350000000001188,0.011449490456749123,0.011947748336003667,0.012495204087078573,11.93,10.85,0.9629629629629638,68.25396825396822,0.11244245456265745,0.07652136802669861,0.03592108653595884,11.352500000000001,11.799001016678424,10.905998983321577,1.1019023248799396,238921.03900000002,3.1433350245894416,13502.727970890528,0.22000000000000064,0.03999999999999915,0.08000000000000007,0.33999999999999986,0.6470588235294139,0.5030781061214363,0.49692189387856367,0.05382226710584657,12,6,10,4,False,False,1,-1,low_vol,sideways_stable
2024-10-20 16:00:00,11.89,12.02,11.82,11.84,403633.28,1729454399999,4811936.7638,20294.0,208816.33,2490477.1445,0,-0.004205214465937801,-0.0042140812468308775,11.623999999999999,0.08399999999999785,11.498,0.034999999999998366,11.3975,0.04499999999999993,11.239600000000001,0.015600000000002723,11.123500000000002,0.011000000000001009,11.38395,0.006199999999999761,0.011692582978883991,0.010830661739422761,0.012495481102033726,12.02,10.85,0.8461538461538464,68.79999999999994,0.13269443699324235,0.08775598182000736,0.044938455173234984,11.3975,11.850321563555866,10.944678436444136,0.9886030564944674,253873.73599999998,1.5898977434987607,-1697.364507989923,0.05000000000000071,0.129999999999999,0.019999999999999574,0.1999999999999993,0.25000000000000444,0.517341706808715,0.482658293191285,0.05027831203611357,16,6,10,4,False,False,1,-1,low_vol,sideways_stable
2024-10-20 20:00:00,11.83,12.04,11.81,11.98,318360.45,1729468799999,3798767.1297,22854.0,170294.4,2031814.2064,0,0.011824324324324342,0.011754963231443684,11.754,0.13000000000000078,11.556000000000001,0.058000000000001606,11.4405,0.04299999999999926,11.2574,0.017799999999999372,11.133600000000001,0.010099999999999554,11.38955,0.005599999999999383,0.011302533460550272,0.010597842970234066,0.012580569463708636,12.04,10.85,0.9495798319327742,69.99999999999991,0.15821727864691226,0.10184824118538835,0.05636903746152391,11.4405,11.942977022255606,10.938022977744394,1.0368404684240078,264341.46400000004,1.2043530560154572,3764.3972128378437,0.15000000000000036,0.05999999999999872,0.019999999999999574,0.22999999999999865,0.6521739130434836,0.5349106649396933,0.4650893350603067,0.07178655514527636,20,6,10,4,False,False,1,-1,low_vol,sideways_stable
2024-10-21 00:00:00,11.98,12.03,11.78,11.89,305718.05,1729483199999,3641942.1989,22005.0,173794.57,2070977.7021,0,-0.0075125208681134925,-0.007540881984612797,11.856,0.10200000000000031,11.614,0.05799999999999983,11.4845,0.04400000000000048,11.2748,0.017400000000000304,11.1426,0.008999999999998565,11.39565,0.006099999999999994,0.011254507015698311,0.01044852467970142,0.012597156461180505,12.04,10.98,0.858490566037737,67.40740740740739,0.16923127391805437,0.11532484773192156,0.05390642618613281,11.4845,11.982346943294313,10.986653056705688,0.9072536805355857,279058.315,1.095534637625831,-2296.713230383964,0.08999999999999986,0.049999999999998934,0.11000000000000121,0.25,0.35999999999999943,0.5684799114739872,0.43152008852601276,0.07197808569039349,0,0,10,4,False,False,1,-1,low_vol,sideways_stable
2024-10-21 04:00:00,11.89,12.02,11.84,11.91,251003.1,1729497599999,2993664.0086,17486.0,125700.9,1499039.5094,0,0.001682085786375076,0.0016806726645182443,11.902,0.045999999999999375,11.666999999999998,0.05299999999999727,11.528500000000001,0.04400000000000048,11.2928,0.017999999999998906,11.15,0.007400000000000517,11.40205,0.006399999999999295,0.011294884964067923,0.010449981179919476,0.012591965825353872,12.04,10.98,0.8773584905660385,66.41221374045799,0.1775273525616221,0.12776534869786169,0.04976200386376042,11.528500000000001,12.01257372209321,11.044426277906792,0.8940515489565667,287515.512,0.8730071579581418,422.20874684608185,0.019999999999999574,0.10999999999999943,0.05000000000000071,0.17999999999999972,0.11111111111110891,0.5007942132985608,0.49920578670143917,0.06966447824747982,4,0,10,4,False,False,1,-1,low_vol,sideways_stable
2024-10-21 08:00:00,11.91,11.97,11.72,11.73,459628.06,1729511999999,5441987.5293,26742.0,197319.72,2336985.5672,0,-0.015113350125944613,-0.01522872070182467,11.870000000000001,-0.03199999999999825,11.705,0.03800000000000203,11.557,0.028499999999999304,11.308399999999999,0.01559999999999917,11.156,0.006000000000000227,11.40745,0.005400000000001626,0.012777316479706886,0.011092447919213945,0.012775986118629352,12.04,11.15,0.6516853932584279,58.108108108108105,0.1676450511847971,0.13574128919524878,0.031903761989548335,11.557,12.016202970832259,11.097797029167742,0.6883698614650241,320431.238,1.4344046568892885,-6946.519798488678,0.17999999999999972,0.0600000000000005,0.009999999999999787,0.25,0.7199999999999989,0.4293030325433134,0.5706969674566865,0.05818182640981493,8,0,10,4,False,False,1,-1,low_vol,sideways_stable
2024-10-21 12:00:00,11.74,11.76,11.54,11.67,581771.41,1729526399999,6778053.0482,31941.0,258148.37,3007047.4404,0,-0.005115089514066584,-0.0051282163669195665,11.836,-0.034000000000000696,11.73,0.025000000000000355,11.569,0.012000000000000455,11.3222,0.013800000000001589,11.161900000000001,0.00590000000000046,11.412799999999999,0.0053499999999981895,0.012999218421424869,0.009961167010348784,0.012808142961780416,12.04,11.27,0.5194805194805202,59.31034482758617,0.15320569767093417,0.13923417089038587,0.013971526780548305,11.569,12.026770340029415,11.111229659970586,0.610317326362286,366848.869,1.585861261030629,-2975.812838874732,0.07000000000000028,0.019999999999999574,0.13000000000000078,0.22000000000000064,0.31818181818181857,0.4437281818300421,0.5562718181699579,0.0549030073512894,12,0,10,4,False,False,1,-1,low_vol,sideways_stable
2024-10-21 16:00:00,11.67,11.81,11.56,11.79,362088.19,1729540799999,4237006.8652,20559.0,169661.01,1986104.8784,0,0.010282776349614275,0.010230268250814823,11.798,-0.038000000000000256,11.776,0.045999999999999375,11.59,0.02099999999999902,11.3402,0.017999999999998906,11.169400000000001,0.007500000000000284,11.419500000000001,0.006700000000002149,0.012692760458516361,0.010046319696986387,0.012795132347073458,12.04,11.27,0.6753246753246751,66.21621621621614,0.14971952955983348,0.1413312426242754,0.00838828693555807,11.59,12.047866907805396,11.132133092194604,0.7184040783364538,388880.958,0.9311029057894885,3723.27187660664,0.11999999999999922,0.02000000000000135,0.10999999999999943,0.25,0.4799999999999969,0.4685626725356605,0.5314373274643396,0.05677898525218401,16,0,10,4,False,False,1,-1,low_vol,sideways_stable
2024-10-21 20:00:00,11.78,11.83,11.69,11.71,182687.13,1729555199999,2147348.3648,11422.0,75771.41,890582.3666,0,-0.006785411365563876,-0.006808536939653422,11.761999999999999,-0.036000000000001364,11.809000000000001,0.03300000000000125,11.602500000000001,0.012500000000001066,11.360800000000001,0.020600000000001728,11.1744,0.004999999999999005,11.426449999999999,0.006949999999998013,0.01314410628781973,0.01011772076093684,0.012496022967322065,12.04,11.27,0.5714285714285734,61.07382550335571,0.13890022942082503,0.14084503998358533,-0.0019448105627603018,11.602500000000001,12.059071894379144,11.145928105620857,0.6177251614953005,392196.096,0.4658055800739026,-1239.6073282442453,0.06999999999999851,0.05000000000000071,0.02000000000000135,0.14000000000000057,0.4999999999999873,0.41476052527619217,0.5852394747238079,0.06252219299739396,20,0,10,4,False,False,1,-1,low_vol,sideways_stable
2024-10-22 00:00:00,11.7,11.92,11.59,11.88,436901.99,1729569599999,5139713.6751,26561.0,212073.16,2495144.1335,0,0.014517506404782221,0.014413136324872879,11.756,-0.005999999999998451,11.828999999999999,0.019999999999997797,11.6255,0.022999999999999687,11.3842,0.023399999999998755,11.1802,0.005799999999998917,11.433050000000001,0.006600000000002382,0.011186912403682834,0.010479892179925353,0.012622103494578058,12.04,11.27,0.7922077922077942,66.25766871165649,0.14240191473161978,0.14115641493319223,0.0012454997984275573,11.6255,12.089644941064648,11.161355058935353,0.7741600494623861,405280.053,1.0780249034363405,6342.727438087098,0.1800000000000015,0.03999999999999915,0.10999999999999943,0.33000000000000007,0.5454545454545499,0.48540213790282805,0.514597862097172,0.06079395518431949,0,1,10,4,False,False,1,-1,low_vol,sideways_stable
2024-10-22 04:00:00,11.88,12.2,11.83,12.11,495976.09,1729583999999,5974174.5148,26632.0,285437.24,3440520.7067,0,0.019360269360269244,0.019175243630501902,11.831999999999999,0.07599999999999874,11.850999999999999,0.02200000000000024,11.657,0.03149999999999942,11.4114,0.027200000000000557,11.187800000000003,0.007600000000003604,11.43915,0.006099999999998218,0.011415602492310184,0.011160967872312504,0.01285336724189695,12.2,11.27,0.903225806451613,69.2737430167598,0.16187016487846329,0.14529916492224645,0.01657099995621683,11.657,12.163176586619945,11.150823413380055,0.9474722971927257,379776.775,1.305967406774677,9602.230698653142,0.22999999999999865,0.08999999999999986,0.05000000000000071,0.3699999999999992,0.6216216216216193,0.5755060490920035,0.42449395090799646,0.05369613684401601,4,1,10,4,False,False,1,-1,low_vol,sideways_stable
2024-10-22 08:00:00,12.11,12.28,11.87,12.18,1096273.82,1729598399999,13243513.8172,53775.0,550270.32,6650604.172,0,0.005780346820809301,0.005763704716750134,11.934000000000001,0.10200000000000209,11.885,0.034000000000000696,11.691500000000001,0.03450000000000131,11.4346,0.02319999999999922,11.198,0.010199999999997544,11.445050000000002,0.005900000000002237,0.011258503888795391,0.011171828020569636,0.01244229114382,12.28,11.27,0.9009900990099013,74.01129943502826,0.1808624387555806,0.1524118196889133,0.02845061906666732,11.691500000000001,12.24187881691193,11.141121183088073,0.9437852484411369,449040.829,2.4413677982052717,6336.842890173469,0.07000000000000028,0.09999999999999964,0.2400000000000002,0.41000000000000014,0.1707317073170738,0.5019460557764664,0.49805394422353355,0.04905252594648297,8,1,10,4,False,False,1,-1,low_vol,sideways_stable
2024-10-25 20:00:00,11.6,11.78,10.8,11.13,1107574.69,1729900799999,12362807.0907,64261.0,533256.06,5949636.2585,0,-0.04134366925064592,-0.04222263042234659,11.614,-0.15399999999999991,11.593,-0.016000000000000014,11.561,-0.050499999999999545,11.5808,0.00020000000000131024,11.279000000000002,0.003400000000002734,11.469949999999999,0.0004999999999970584,0.019052402089502055,0.014701225047651614,0.012761236620894307,12.15,10.8,0.24444444444444458,45.12820512820515,-0.019742500635492988,-0.0037847197393747647,-0.015957780896118223,11.561,12.077502407392473,11.044497592607527,0.0827705797385598,538759.721,2.055785996666963,-45791.201653746684,0.46999999999999886,0.17999999999999972,0.33000000000000007,0.9799999999999986,0.47959183673469336,0.4814628438286181,0.518537156171382,0.05801956344813188,20,4,10,4,False,False,-1,1,low_vol,sideways_stable
2024-10-26 00:00:00,11.14,11.4,10.96,11.34,815799.86,1729915199999,9120510.076,45763.0,414122.49,4633435.6073,0,0.018867924528301883,0.018692133012152546,11.544,-0.07000000000000028,11.587,-0.006000000000000227,11.528,-0.032999999999999474,11.5874,0.006600000000000605,11.285699999999999,0.00669999999999682,11.471300000000001,0.0013500000000021828,0.019840199656092957,0.015458578028543172,0.01294854268628713,12.13,10.8,0.4060150375939843,52.40384615384614,-0.03648189336111507,-0.010324154463722826,-0.026157738897392244,11.528,12.009558872173006,11.046441127826995,0.30480060604878706,587958.889,1.3875117380868445,15392.450188679242,0.1999999999999993,0.0600000000000005,0.17999999999999972,0.4399999999999995,0.4545454545454534,0.5076275570824442,0.4923724429175558,0.05609586645430412,0,5,10,4,False,False,-1,1,low_vol,sideways_stable
2024-10-26 04:00:00,11.34,11.39,11.09,11.1,315991.44,1729929599999,3561325.456,18818.0,143529.85,1618504.561,0,-0.021164021164021163,-0.02139118998131756,11.4,-0.14400000000000013,11.553999999999998,-0.03300000000000125,11.4845,-0.04349999999999987,11.588799999999999,0.0013999999999985135,11.289499999999999,0.0038000000000000256,11.47115,-0.00015000000000142677,0.02084462407786518,0.015999130096049634,0.013309938745154168,12.1,10.8,0.23076923076923014,45.08928571428571,-0.06832635326454017,-0.021924594223886297,-0.04640175904065388,11.4845,11.954996937738356,11.014003062261645,0.09138947657314767,580690.607,0.5441648895140473,-6687.649523809523,0.2400000000000002,0.05000000000000071,0.009999999999999787,0.3000000000000007,0.7999999999999988,0.4542206902819899,0.54577930971801,0.05955224609881837,4,5,10,4,False,False,-1,1,low_vol,sideways_stable
2024-10-26 08:00:00,11.1,11.23,11.07,11.1,289510.5,1729943999999,3224331.9565,14416.0,146861.3,1635387.6454,0,0.0,0.0,11.255999999999998,-0.1440000000000019,11.513000000000002,-0.04099999999999682,11.450500000000002,-0.03399999999999892,11.5876,-0.0011999999999989797,11.294400000000001,0.004900000000002791,11.46955,-0.0015999999999998238,0.020597764221861742,0.015752328092165375,0.01320475743220302,12.1,10.8,0.23076923076923014,43.577981651376135,-0.09249706853628936,-0.03603908908636691,-0.05645797944992245,11.450500000000002,11.929291241181058,10.971708758818945,0.13397408948479575,583188.0909999999,0.49642731816346375,0.0,0.0,0.13000000000000078,0.02999999999999936,0.16000000000000014,0.0,0.5072745202678314,0.4927254797321686,0.04979439433112098,8,5,10,4,False,False,-1,1,low_vol,sideways_stable
2024-10-26 12:00:00,11.09,11.13,10.82,10.86,560167.16,1729958399999,6138465.9168,29489.0,307796.33,3373714.4572,0,-0.021621621621621623,-0.021858793812499073,11.106,-0.14999999999999858,11.437000000000001,-0.07600000000000051,11.413499999999999,-0.037000000000002586,11.576199999999998,-0.011400000000001853,11.297699999999999,0.003299999999997638,11.46725,-0.0022999999999999687,0.020772858003156678,0.016076200576560114,0.013079096458793717,12.1,10.8,0.046153846153845206,40.77253218884122,-0.1295254401191528,-0.054736359292924086,-0.0747890808262287,11.413499999999999,11.95403677025723,10.872963229742767,-0.011991071150070894,613178.4519999999,0.9135467141301308,-12111.72237837838,0.23000000000000043,0.040000000000000924,0.03999999999999915,0.3100000000000005,0.741935483870968,0.5494722860940295,0.4505277139059705,0.052643214571878864,12,5,10,4,False,False,-1,1,low_vol,sideways_stable
2024-10-26 16:00:00,10.85,11.04,10.82,10.98,276788.42,1729972799999,3027777.2187,17402.0,128658.97,1407230.7252,0,0.011049723756906271,0.010989121575595385,11.076,-0.02999999999999936,11.344999999999999,-0.0920000000000023,11.393,-0.02049999999999841,11.568399999999999,-0.007799999999999585,11.301099999999998,0.0033999999999991815,11.464949999999998,-0.002300000000001745,0.018965589307809616,0.015971926294308582,0.013172244776526152,12.1,10.8,0.13846153846153836,41.025641025641036,-0.1474875495915473,-0.07328659735264872,-0.07420095223889858,11.393,11.967331648183682,10.818668351816319,0.14045164383147896,563915.946,0.4908327596751449,3058.4355801105507,0.13000000000000078,0.05999999999999872,0.02999999999999936,0.21999999999999886,0.5909090909090975,0.4648278638246499,0.5351721361753501,0.06287112733979261,16,5,10,4,False,False,-1,1,low_vol,sideways_stable
2024-10-26 20:00:00,10.98,11.11,10.96,11.01,173485.79,1729987199999,1912995.1342,10306.0,80420.83,886532.5321,0,0.002732240437158362,0.002728514653203914,11.01,-0.06600000000000072,11.277,-0.06799999999999962,11.377500000000001,-0.015499999999999403,11.5594,-0.008999999999998565,11.3049,0.003800000000001802,11.4625,-0.002449999999997843,0.01889071151281992,0.015965499335730902,0.013124067551525493,12.1,10.8,0.16153846153846096,41.025641025641036,-0.15748649519423275,-0.09012657692096554,-0.0673599182732672,11.377500000000001,11.976336591365307,10.778663408634696,0.19315502317407893,532645.254,0.32570606552330233,474.0048907103638,0.02999999999999936,0.09999999999999964,0.019999999999999574,0.14999999999999858,0.19999999999999762,0.46355860039026825,0.5364413996097317,0.05940544179439711,20,5,10,4,False,False,-1,1,low_vol,sideways_stable
2024-10-27 00:00:00,11.01,11.06,10.9,11.04,190581.83,1730001599999,2088195.4678,10602.0,95345.89,1045012.985,0,0.0027247956403269047,0.0027210901143605863,10.998000000000001,-0.011999999999998678,11.199000000000002,-0.07799999999999763,11.3675,-0.010000000000001563,11.551799999999998,-0.0076000000000018275,11.308799999999998,0.003899999999998016,11.460550000000001,-0.001949999999999008,0.01822951313977552,0.015928307973870334,0.013126687832584378,12.1,10.8,0.18461538461538357,39.73799126637554,-0.1611325466471154,-0.10432777086619552,-0.056804775780919886,11.3675,11.982466836932236,10.752533163067763,0.23372547889432935,514226.81200000003,0.37061822828483704,519.2965395095233,0.02999999999999936,0.02000000000000135,0.10999999999999943,0.16000000000000014,0.18749999999999584,0.5002884587686035,0.4997115412313965,0.05562964738034051,0,6,10,4,False,False,-1,1,low_vol,sideways_stable
2024-10-27 04:00:00,11.05,11.06,10.92,10.94,126174.25,1730015999999,1384957.9548,7576.0,62352.05,684556.3161,0,-0.009057971014492683,-0.009099243855114033,10.966,-0.032000000000001805,11.111,-0.08800000000000097,11.3485,-0.019000000000000128,11.541000000000002,-0.010799999999996146,11.311900000000001,0.0031000000000034333,11.458300000000001,-0.0022500000000000853,0.018086733057265058,0.01591709696293833,0.013152631166502981,12.1,10.8,0.10769230769230685,35.08771929824563,-0.17013007930510327,-0.11748823255397708,-0.05264184675112618,11.3485,11.992444260418896,10.704555739581103,0.18281416179230792,466029.74299999996,0.27074291264710115,-1142.8826992753534,0.11000000000000121,0.009999999999999787,0.019999999999999574,0.14000000000000057,0.7857142857142911,0.49417412823931983,0.5058258717606802,0.060043947160375435,4,6,10,4,False,False,-1,1,low_vol,sideways_stable
2024-10-27 08:00:00,10.94,10.99,10.84,10.9,180805.25,1730030399999,1972975.2591,9587.0,92195.9,1006305.6088,0,-0.003656307129798808,-0.0036630077587370352,10.974,0.008000000000000895,11.04,-0.0710000000000015,11.324499999999999,-0.02400000000000091,11.529200000000001,-0.01180000000000092,11.316200000000002,0.004300000000000637,11.45635,-0.0019500000000007844,0.0177490741641676,0.015839006840905893,0.013155927571465347,12.1,10.8,0.07692307692307672,25.490196078431353,-0.17843150712198863,-0.12967688746757938,-0.04875461965440925,11.324499999999999,11.998575585329247,10.65042441467075,0.18512433231604605,403687.919,0.4478837277268137,-661.0795246800559,0.03999999999999915,0.05000000000000071,0.0600000000000005,0.15000000000000036,0.26666666666666033,0.5099182684131129,0.490081731586887,0.053023902790433355,8,6,10,4,False,False,-1,1,low_vol,sideways_stable
2024-10-28 08:00:00,10.98,11.17,10.95,11.11,238765.94,1730116799999,2643328.9063,15731.0,113454.16,1255930.1535,0,0.012762078395624377,0.012681329364399696,10.966,0.002000000000000668,10.982000000000001,0.013000000000001677,11.1635,-0.039499999999998536,11.483999999999998,-0.004400000000003956,11.331999999999999,0.0015000000000000568,11.432050000000002,-0.005899999999998684,0.012221620996392402,0.016214319745376758,0.013926754708671196,12.01,10.71,0.3076923076923069,43.113772455089794,-0.14678684591498836,-0.15332009595512971,0.006533250040141353,11.1635,11.798323638998832,10.52867636100117,0.4578623126854765,229864.535,1.0387245687987492,3047.1496444849463,0.129999999999999,0.0600000000000005,0.030000000000001137,0.22000000000000064,0.5909090909090847,0.475168945788499,0.524831054211501,0.06588460648951856,8,0,10,4,False,False,-1,1,low_vol,sideways_stable
2024-10-29 04:00:00,11.42,11.54,11.41,11.49,318240.62,1730188799999,3655225.3317,17062.0,162105.91,1862331.3206,0,0.0061295971978985175,0.006110887632800249,11.182,0.07600000000000051,11.074,0.0389999999999997,11.055499999999999,0.017999999999998906,11.4268,-0.009800000000000253,11.3421,0.004000000000001336,11.406099999999999,-0.003100000000001657,0.016695214510198696,0.015251452019843806,0.014293060185685472,11.54,10.71,0.9397590361445795,62.00000000000003,-0.04030806368408335,-0.112964829186581,0.07265676550249765,11.055499999999999,11.427887743594088,10.68311225640591,1.0833972888130499,346250.50999999995,0.9191051299823357,1950.6868126094869,0.07000000000000028,0.049999999999998934,0.009999999999999787,0.129999999999999,0.5384615384615448,0.5093815805160259,0.4906184194839741,0.053613520486479695,4,1,10,4,False,False,-1,1,low_vol,sideways_stable
2024-10-29 08:00:00,11.49,11.58,11.46,11.49,309464.0,1730203199999,3564729.6906,14973.0,154465.93,1779556.8342,0,0.0,0.0,11.316,0.13400000000000034,11.126,0.0519999999999996,11.063,0.007500000000002061,11.418800000000001,-0.007999999999999119,11.3468,0.004699999999999704,11.403200000000002,-0.002899999999996794,0.015894501353164045,0.014707715725505445,0.014259800180224085,11.58,10.71,0.896551724137931,61.42131979695436,-0.010371020501768413,-0.09244606744961849,0.08207504694785007,11.063,11.464423781846229,10.661576218153773,1.0318568795751728,347786.98600000003,0.8898090281043465,0.0,0.0,0.08999999999999986,0.02999999999999936,0.11999999999999922,0.0,0.49914022309541656,0.5008597769045834,0.048383656903549364,8,1,10,4,False,False,-1,1,low_vol,sideways_stable
2024-10-29 12:00:00,11.49,11.56,11.4,11.55,416514.96,1730217599999,4786288.9953,25818.0,193901.67,2228531.5934,0,0.005221932114882533,0.00520834510713826,11.425999999999998,0.10999999999999766,11.182,0.05600000000000094,11.0855,0.022499999999999076,11.4116,-0.007200000000000983,11.3522,0.005399999999999849,11.39965,-0.0035500000000023846,0.015861116976258915,0.013792523124111708,0.014280053625765215,11.58,10.71,0.965517241379311,65.8031088082902,0.017988440914596282,-0.07035916577677555,0.08834760669137183,11.0855,11.542283952156286,10.628716047843714,1.0084460583688315,369480.44200000004,1.1272990736543504,2175.0128459530138,0.0600000000000005,0.009999999999999787,0.08999999999999986,0.16000000000000014,0.3750000000000028,0.4655335068877238,0.5344664931122762,0.06198576877046625,12,1,10,4,False,False,-1,1,low_vol,sideways_stable
2024-10-29 16:00:00,11.55,11.74,11.47,11.54,588809.31,1730231999999,6841559.2289,36380.0,255223.84,2965913.3584,0,-0.0008658008658010141,-0.0008661758878491927,11.498000000000001,0.07200000000000273,11.257,0.07499999999999929,11.1075,0.02200000000000024,11.4078,-0.0038000000000000256,11.3581,0.00590000000000046,11.395850000000001,-0.0037999999999982492,0.013852578158432416,0.0138007501027105,0.014124070073622971,11.74,10.71,0.8058252427184455,66.84210526315786,0.039204674891353264,-0.048446397643149786,0.08765107253450305,11.1075,11.607557891385575,10.607442108614425,0.9324499297487492,400844.988,1.4689202250920999,-509.7916103896978,0.010000000000001563,0.1899999999999995,0.06999999999999851,0.2699999999999996,0.037037037037042884,0.433457548420897,0.566542451579103,0.061785707838077485,16,1,10,4,False,False,-1,1,low_vol,sideways_stable
2024-10-29 20:00:00,11.55,11.81,11.46,11.8,362445.49,1730246399999,4222236.9616,18397.0,184585.4,2149940.6181,0,0.022530329289428108,0.022280270391665604,11.574000000000002,0.07600000000000051,11.34,0.08300000000000018,11.1545,0.0470000000000006,11.4104,0.0025999999999992696,11.3663,0.00820000000000043,11.3919,-0.003950000000001452,0.014426321220194042,0.013340856110936796,0.014465841517456529,11.81,10.71,0.9909090909090911,67.85714285714286,0.07612104424760169,-0.023532909264999492,0.09965395351260117,11.1545,11.727928286710851,10.58107171328915,1.0628428305329587,405209.211,0.8944650816439609,8166.016239168122,0.25,0.009999999999999787,0.08999999999999986,0.34999999999999964,0.714285714285715,0.5092776847630246,0.49072231523697535,0.05075797742717119,20,1,10,4,False,False,-1,1,low_vol,sideways_stable
2024-10-30 00:00:00,11.8,12.02,11.65,11.99,446990.63,1730260799999,5301317.2045,22553.0,248376.0,2947668.2633,0,0.01610169491525415,0.015973437567803714,11.674000000000001,0.09999999999999964,11.428,0.08800000000000097,11.205,0.050499999999999545,11.4144,0.004000000000001336,11.3773,0.010999999999999233,11.38875,-0.003149999999999764,0.014601469503860702,0.013523084011084655,0.014570617776073316,12.02,10.71,0.9770992366412219,75.2475247524752,0.11933334452104205,0.005040341492208816,0.11429300302883323,11.205,11.882223433548711,10.527776566451289,1.0795723841735143,426031.68,1.0491957546443496,7197.306754237249,0.1899999999999995,0.02999999999999936,0.15000000000000036,0.3699999999999992,0.5135135135135133,0.5556626544945696,0.4443373455054304,0.050455196342706336,0,2,10,4,False,False,-1,1,low_vol,sideways_stable
2024-10-30 04:00:00,12.0,12.15,11.93,11.96,438070.75,1730275199999,5262364.8546,19898.0,233596.78,2806332.0733,0,-0.002502085070892335,-0.002505220516937123,11.768,0.09399999999999942,11.542,0.11399999999999899,11.252500000000001,0.04750000000000121,11.419399999999998,0.004999999999997229,11.3901,0.012800000000000367,11.38575,-0.0030000000000001137,0.00955871254546067,0.013609400772468801,0.01453982299890739,12.15,10.71,0.8680555555555558,73.89162561576353,0.1494360487863169,0.03391948295103043,0.11551656583528647,11.252500000000001,12.001587163785032,10.50341283621497,0.9722414387833737,412308.667,1.062482516284335,-1096.0902835696083,0.03999999999999915,0.15000000000000036,0.030000000000001137,0.22000000000000064,0.1818181818181774,0.5332398476730071,0.46676015232699286,0.04542188676144207,4,2,10,4,False,False,-1,1,low_vol,sideways_stable
2024-10-30 08:00:00,11.96,12.12,11.86,11.95,542200.51,1730289599999,6495234.6866,26500.0,294047.17,3523811.9105,0,-0.0008361204013379586,-0.0008364701449661702,11.848,0.08000000000000007,11.637,0.09500000000000064,11.298,0.045499999999998764,11.4208,0.0014000000000020663,11.4025,0.012399999999999523,11.38235,-0.0033999999999991815,0.009826053303152213,0.01365341689821407,0.014399769306405394,12.15,10.71,0.8611111111111103,81.52173913043472,0.17052009288263115,0.061239604937350575,0.10928048794528057,11.298,12.101324670551028,10.494675329448972,0.9058135047394785,422030.324,1.2847430129215074,-453.34490802684587,0.010000000000001563,0.15999999999999837,0.08999999999999986,0.2599999999999998,0.03846153846154451,0.5423218248171695,0.45767817518283044,0.048874907919212396,8,2,10,4,False,False,-1,1,low_vol,sideways_stable
2024-10-30 12:00:00,11.95,12.38,11.91,12.21,855095.33,1730303999999,10407884.0043,55128.0,471269.78,5738193.6109,0,0.02175732217573234,0.021524009745093758,11.982000000000001,0.13400000000000034,11.74,0.10299999999999976,11.361500000000001,0.06350000000000122,11.4228,0.002000000000000668,11.4171,0.014599999999999724,11.379650000000002,-0.0026999999999990365,0.01044281725681786,0.013833094257185853,0.014468620453901198,12.38,10.71,0.8982035928143713,82.29166666666661,0.2058364226688294,0.09015896848364635,0.11567745418518305,11.361500000000001,12.242678039241918,10.480321960758085,0.9814577543999904,469577.06299999997,1.8209904132391577,18604.584585774162,0.26000000000000156,0.16999999999999993,0.03999999999999915,0.47000000000000064,0.5531914893617047,0.5511312756204622,0.44886872437953784,0.06447000476543359,12,2,10,4,False,False,-1,1,low_vol,sideways_stable
2024-11-03 08:00:00,10.99,11.05,10.9,10.93,526470.94,1730635199999,5779268.0057,36437.0,247404.88,2716737.364,0,-0.005459508644222066,-0.005474466227082848,11.05,-0.049999999999998934,11.141,-0.04100000000000037,11.353,-0.07350000000000101,11.366999999999997,-0.008200000000002206,11.477199999999998,-0.0008000000000016882,11.2622,-0.005850000000000577,0.007212845369737038,0.010311136244130393,0.013038986566546156,12.41,10.82,0.06918238993710657,16.176470588235205,-0.15912590982738806,-0.10632621519526739,-0.05279969463212067,11.353,12.024842713422613,10.681157286577387,0.18519417450768882,394874.185,1.3332624922036875,-2874.2726478617165,0.0600000000000005,0.0600000000000005,0.02999999999999936,0.15000000000000036,0.40000000000000235,0.46993074299599524,0.5300692570040048,0.0692098978910403,8,6,11,4,False,False,-1,1,low_vol,sideways_stable
2024-11-03 12:00:00,10.92,10.96,10.53,10.71,825637.63,1730649599999,8842817.3596,41277.0,304318.49,3257479.0001,0,-0.020128087831655872,-0.02033341772878967,10.956,-0.0940000000000012,11.087,-0.05400000000000027,11.2785,-0.07450000000000045,11.359200000000001,-0.007799999999996032,11.473999999999998,-0.0031999999999996476,11.2547,-0.007500000000000284,0.008859802528205438,0.010549065387692054,0.013006511788466594,12.2,10.53,0.10778443113772544,13.25301204819273,-0.18428031029247904,-0.12191703421470973,-0.062363276077769314,11.2785,11.881833721042911,10.675166278957088,0.028867706070448317,446765.691,1.848032753258128,-16618.506733760194,0.20999999999999908,0.040000000000000924,0.1800000000000015,0.4300000000000015,0.48837209302325196,0.3685860224176071,0.6314139775823929,0.04999408759990748,12,6,11,4,False,False,-1,1,low_vol,sideways_stable
2024-11-03 16:00:00,10.7,10.79,10.51,10.72,407652.84,1730663999999,4351976.3773,25126.0,161850.02,1728644.335,0,0.0009337068160597539,0.0009332711829985259,10.862,-0.09399999999999942,11.029,-0.05799999999999983,11.2075,-0.07099999999999973,11.351600000000001,-0.007600000000000051,11.4696,-0.004399999999998627,11.2475,-0.007199999999999207,0.008512394318557867,0.010673856028125562,0.013008107694175078,12.17,10.51,0.12650602409638603,14.28571428571422,-0.20109039259085648,-0.1377517058899391,-0.06333868670091738,11.2075,11.709700421304102,10.705299578695897,0.014636010525369787,471461.9,0.8646570168236288,380.62823529411634,0.02000000000000135,0.06999999999999851,0.1899999999999995,0.27999999999999936,0.0714285714285764,0.3970290505028739,0.602970949497126,0.06163577812925331,16,6,11,4,False,False,-1,1,low_vol,sideways_stable
2024-11-03 20:00:00,10.73,10.85,10.66,10.76,313621.09,1730678399999,3372689.2789,17391.0,133573.36,1437325.2512,0,0.003731343283581934,0.0037243990909822727,10.822,-0.040000000000000924,10.98,-0.04899999999999949,11.156,-0.05149999999999899,11.3496,-0.002000000000000668,11.4629,-0.006700000000000372,11.24415,-0.0033500000000010743,0.008975445633980082,0.009444094845814993,0.012662009563173643,11.79,10.51,0.1953125000000001,17.241379310344712,-0.20877817339339444,-0.15195699939063018,-0.05682117400276426,11.156,11.616178455087203,10.695821544912798,0.06973213801919532,477139.497,0.6572943383892615,1170.2279477611453,0.02999999999999936,0.08999999999999986,0.07000000000000028,0.1899999999999995,0.1578947368421023,0.42590681640702155,0.5740931835929785,0.055452265662363456,20,6,11,4,False,False,-1,1,low_vol,sideways_stable
2024-11-04 00:00:00,10.75,10.92,10.6,10.8,377694.9,1730692799999,4069777.0479,23298.0,180983.02,1950288.4284,0,0.003717472118959231,0.0037105793965357746,10.784,-0.03799999999999848,10.942,-0.038000000000000256,11.125499999999999,-0.030500000000001748,11.345999999999998,-0.003600000000002268,11.457199999999998,-0.0057000000000009265,11.24295,-0.0011999999999989797,0.00929667936269895,0.0069954774374856345,0.012572312801275961,11.73,10.51,0.2377049180327875,20.0,-0.2092312418467408,-0.1634118478818523,-0.04581939396488849,11.125499999999999,11.595549269534168,10.65545073046583,0.15375970020911078,489612.521,0.7714159336215178,1404.070260223095,0.05000000000000071,0.11999999999999922,0.15000000000000036,0.3200000000000003,0.15625000000000208,0.47917782315832164,0.5208221768416783,0.06168470900719072,0,0,11,4,False,False,-1,1,low_vol,sideways_stable
2024-11-04 04:00:00,10.8,10.87,10.62,10.62,271610.12,1730707199999,2910805.681,13806.0,129221.01,1384983.2574,0,-0.01666666666666683,-0.0168071183163814,10.722,-0.062000000000001165,10.886000000000001,-0.05599999999999916,11.086,-0.039499999999998536,11.338199999999999,-0.007799999999999585,11.4488,-0.008399999999998187,11.241,-0.0019500000000007844,0.010078006997989108,0.007619300606951545,0.012775988708074837,11.73,10.51,0.090163934426229,18.181818181818144,-0.22156078275068225,-0.1750416348556183,-0.04651914789506395,11.086,11.587131351622588,10.584868648377412,0.03505203925960411,431608.084,0.6292980369663327,-4526.835333333377,0.1800000000000015,0.06999999999999851,0.0,0.25,0.720000000000006,0.47575918747062884,0.524240812529371,0.05083021207015409,4,0,11,4,False,False,-1,1,low_vol,sideways_stable
2024-11-04 08:00:00,10.62,10.72,10.52,10.64,490374.82,1730721599999,5209513.655,24905.0,200171.27,2127261.9695,0,0.0018832391713747842,0.0018814680997055703,10.708,-0.013999999999999346,10.831999999999999,-0.054000000000002046,11.0485,-0.037499999999999645,11.3302,-0.007999999999999119,11.440999999999999,-0.007800000000001361,11.2381,-0.0029000000000003467,0.01020032381818706,0.007707393194423619,0.012772018152050736,11.73,10.51,0.10655737704918092,15.625000000000028,-0.22710032866971552,-0.18545337361843775,-0.04164695505127777,11.0485,11.56583222553702,10.53116777446298,0.10518601023167058,433400.299,1.1314593486240303,923.493069679859,0.02000000000000135,0.08000000000000007,0.09999999999999964,0.20000000000000107,0.10000000000000622,0.40820054749140666,0.5917994525085934,0.050787681145618366,8,0,11,4,False,False,-1,1,low_vol,sideways_stable
2024-11-04 12:00:00,10.64,10.73,10.36,10.4,700232.85,1730735999999,7373840.7082,36101.0,287962.56,3032014.2003,0,-0.022556390977443663,-0.0228146777661714,10.644,-0.06400000000000006,10.753,-0.07899999999999885,11.002500000000001,-0.045999999999999375,11.3194,-0.010799999999999699,11.4302,-0.010799999999999699,11.23385,-0.004249999999998977,0.011353000748195643,0.008812589533723374,0.013091861439478278,11.73,10.36,0.029197080291971458,13.043478260869591,-0.24799768996047256,-0.19796223688684472,-0.050035453073627834,11.002500000000001,11.578470576734006,10.426529423265997,-0.023030189681241615,488386.161,1.4337688204887524,-15794.72593984966,0.2400000000000002,0.08999999999999986,0.040000000000000924,0.370000000000001,0.6486486486486475,0.4112382902344556,0.5887617097655444,0.05155570750501066,12,0,11,4,False,False,-1,1,low_vol,sideways_stable
2024-11-04 16:00:00,10.39,10.45,10.23,10.36,815420.12,1730750399999,8429509.6906,29679.0,342625.91,3543592.4074,0,-0.0038461538461539435,-0.0038535693159900777,10.564,-0.08000000000000007,10.693,-0.0600000000000005,10.9545,-0.04800000000000182,11.308600000000002,-0.010799999999997922,11.4189,-0.011299999999998533,11.2303,-0.0035500000000006082,0.010361392879698197,0.00875809376679591,0.01309269649324067,11.73,10.23,0.086666666666666,13.392857142857167,-0.26473496516023154,-0.21131678254152209,-0.05341818261870945,10.9545,11.577175889334123,10.331824110665876,0.022624843692160966,497412.322,1.6393243269916422,-3136.23123076931,0.030000000000001137,0.05999999999999872,0.129999999999999,0.21999999999999886,0.13636363636364224,0.4201832915282983,0.5798167084717017,0.036397188727695366,16,0,11,4,False,False,-1,1,low_vol,sideways_stable
2024-11-04 20:00:00,10.36,10.38,10.07,10.26,630062.43,1730764799999,6453697.8484,32667.0,263994.89,2703813.2091,0,-0.009652509652509633,-0.009699397088713506,10.456,-0.10800000000000054,10.620000000000001,-0.07299999999999862,10.901,-0.05349999999999966,11.2918,-0.016800000000001702,11.4075,-0.011400000000000077,11.226949999999999,-0.0033500000000010743,0.009992480025421045,0.008741415621081133,0.012847755479702837,11.58,10.07,0.12582781456953612,12.295081967213136,-0.28280850025793214,-0.2256151260848041,-0.05719337417312803,10.901,11.569978797555722,10.232021202444278,0.02091157272693048,535877.774,1.1757577204536198,-6081.6836872586755,0.09999999999999964,0.02000000000000135,0.1899999999999995,0.3100000000000005,0.32258064516128865,0.4189979872312018,0.5810020127687981,0.051847243137477655,20,0,11,4,False,False,-1,1,low_vol,sideways_stable
2024-11-05 00:00:00,10.25,10.43,10.18,10.43,409504.74,1730779199999,4221998.1035,20190.0,182249.25,1879977.4415,0,0.016569200779727122,0.01643342927005763,10.418000000000001,-0.03799999999999848,10.57,-0.05000000000000071,10.8555,-0.04550000000000054,11.280999999999999,-0.010800000000001475,11.398699999999998,-0.008800000000002584,11.2261,-0.000849999999998019,0.012448270897985858,0.00991375433629644,0.013010128801550822,11.4,10.07,0.27067669172932285,23.021582733812963,-0.2801845348756995,-0.2365290078429832,-0.0436555270327163,10.8555,11.522542963975807,10.188457036024191,0.1810550272025421,524181.1540000001,0.7812275143337182,6785.166257309952,0.17999999999999972,0.0,0.07000000000000028,0.25,0.7199999999999989,0.44504796208219716,0.5549520379178029,0.049303458611980905,0,1,11,4,False,False,-1,1,low_vol,sideways_stable
2024-11-05 04:00:00,10.42,10.53,10.41,10.52,251121.87,1730793599999,2628698.5261,12963.0,130388.99,1365041.6847,0,0.008628954937679678,0.008591938296882633,10.394,-0.02400000000000091,10.550999999999998,-0.019000000000001904,10.818999999999999,-0.0365000000000002,11.2716,-0.009399999999999409,11.3901,-0.00859999999999772,11.225400000000002,-0.0006999999999983686,0.01176580455452854,0.01026450792230002,0.013074916585698364,11.4,10.07,0.33834586466165356,27.210884353741505,-0.2677562482101248,-0.24277445591641153,-0.02498179229371325,10.818999999999999,11.474949292006913,10.163050707993085,0.2720860410679064,466729.5779999999,0.5380457589083845,2166.9193000958544,0.09999999999999964,0.009999999999999787,0.009999999999999787,0.11999999999999922,0.8333333333333358,0.519225943960994,0.480774056039006,0.05162035469073243,4,1,11,4,False,False,-1,1,low_vol,sideways_stable
2024-11-05 08:00:00,10.51,10.63,10.49,10.6,261841.48,1730807999999,2766007.82,12282.0,150095.77,1586383.0254,0,0.0076045627376426506,0.007575793808457723,10.434000000000001,0.040000000000000924,10.539,-0.011999999999998678,10.784,-0.034999999999998366,11.2678,-0.0038000000000000256,11.3826,-0.007500000000000284,11.22415,-0.0012500000000024158,0.01211720452876184,0.010413217092518827,0.012881565675899,11.32,10.07,0.4239999999999995,36.36363636363634,-0.24858586693982865,-0.24393673812109495,-0.004649128818733694,10.784,11.405692088281446,10.162307911718555,0.35201677529093583,452148.442,0.5791051249492086,1991.1899619772034,0.08999999999999986,0.030000000000001137,0.019999999999999574,0.14000000000000057,0.6428571428571392,0.5732314452240339,0.42676855477596604,0.04690624266254529,8,1,11,4,False,False,-1,1,low_vol,sideways_stable
2024-11-05 12:00:00,10.61,10.9,10.56,10.78,709047.96,1730822399999,7616298.3626,38318.0,359500.32,3860636.6718,0,0.016981132075471583,0.016838564362829524,10.518,0.08399999999999963,10.541,0.002000000000000668,10.7605,-0.0235000000000003,11.264,-0.0038000000000000256,11.3762,-0.006399999999999295,11.2249,0.0007500000000000284,0.013359869465347245,0.011333664917053099,0.01288966502088034,11.28,10.07,0.5867768595041319,42.85714285714284,-0.21637447572304502,-0.23842428564148496,0.02204980991843994,10.7605,11.342274961014416,10.178725038985585,0.5167590574592602,491691.129,1.442059695976333,12040.437056603692,0.16999999999999993,0.120000000000001,0.049999999999998934,0.33999999999999986,0.5,0.5070183404800995,0.4929816595199004,0.05404147837898018,12,1,11,4,False,False,-1,1,low_vol,sideways_stable
2024-11-05 16:00:00,10.79,10.94,10.61,10.66,443973.03,1730836799999,4813245.4555,29484.0,205956.73,2233783.0998,0,-0.011131725417439675,-0.011194146743152587,10.597999999999999,0.0799999999999983,10.527,-0.014000000000001123,10.7345,-0.0259999999999998,11.255,-0.008999999999998565,11.369499999999999,-0.006700000000002149,11.22555,0.0006500000000002615,0.013753096878295163,0.011480541634034997,0.012839565845292729,11.28,10.07,0.48760330578512423,41.17647058823532,-0.1982444743341354,-0.23038832338001505,0.03214384904587966,10.7345,11.282855436018188,10.186144563981813,0.43206960749676104,498318.9420000001,0.8909415087014693,-4942.185862708708,0.129999999999999,0.15000000000000036,0.05000000000000071,0.33000000000000007,0.3939393939393908,0.46389468747684964,0.5361053125231503,0.06640943933013228,16,1,11,4,False,False,-1,1,low_vol,sideways_stable
2024-11-05 20:00:00,10.66,10.91,10.62,10.83,376158.93,1730851199999,4061352.5836,20420.0,187343.65,2023197.3979,0,0.015947467166979257,0.015821642275200658,10.678,0.08000000000000185,10.548,0.021000000000000796,10.717,-0.01750000000000007,11.2552,0.00019999999999953388,11.364,-0.00549999999999784,11.227,0.0014500000000001734,0.013548244318773066,0.012182209458518774,0.012517884474568329,11.28,10.07,0.6280991735537194,54.05405405405402,-0.16821960744158027,-0.2179545801923281,0.04973497275074784,10.717,11.226451717664933,10.207548282335068,0.6109035420647261,508773.82300000003,0.7393441112633657,5998.782185741048,0.16999999999999993,0.08000000000000007,0.040000000000000924,0.2900000000000009,0.586206896551722,0.49804387204100137,0.5019561279589986,0.05428556488078058,20,1,11,4,False,False,-1,1,low_vol,sideways_stable
2025-01-05 20:00:00,23.36,23.73,23.24,23.58,340263.6,1736121599999,7996905.1379,28285.0,154826.92,3640231.9715,0,0.009850107066381009,0.009801910994318404,23.364,0.04800000000000182,23.362000000000002,0.028000000000002245,23.086499999999997,0.06849999999999667,21.8988,0.04200000000000159,22.4804,0.009399999999999409,24.2325,-0.001999999999995339,0.011382277807021987,0.015960551317791553,0.01773045874604262,24.05,21.63,0.8057851239669412,51.74603174603173,0.43620468109566346,0.4704312888937064,-0.03422660779804293,23.086499999999997,24.25675008573321,21.916249914266785,0.7108523665224951,486293.166,0.699708784309751,3351.6328907922407,0.21999999999999886,0.15000000000000213,0.120000000000001,0.490000000000002,0.44897959183673053,0.4550205193855588,0.5449794806144412,0.08312672880672514,20,6,1,1,False,False,1,-1,low_vol,sideways_stable
2025-01-06 16:00:00,24.38,24.78,23.78,23.91,1139722.69,1736193599999,27626977.1881,60864.0,521888.46,12646897.6687,0,-0.019278096800656175,-0.019466342582892,23.938,0.0660000000000025,23.651,0.05699999999999861,23.526,0.06199999999999761,22.111,0.04800000000000182,22.551499999999997,0.007600000000000051,24.223650000000003,-0.0034999999999989484,0.016439556637483754,0.01576189925184513,0.018381846645857344,24.78,22.45,0.6266094420600857,60.000000000000014,0.47120360833506325,0.4660197547170614,0.005183853618001832,23.526,24.197695419697652,22.854304580302347,0.7858438428632197,749734.317,1.5201687639969665,-21971.68434372425,0.46999999999999886,0.40000000000000213,0.129999999999999,1.0,0.46999999999999886,0.45790828293503577,0.5420917170649643,0.05340246406781636,16,0,1,1,False,False,1,-1,low_vol,sideways_stable
2025-01-06 20:00:00,23.9,24.06,23.65,23.83,512893.56,1736207999999,12219411.6955,36574.0,215796.8,5143514.7779,0,-0.003345880384776345,-0.003351490359582709,23.894,-0.04400000000000048,23.683999999999997,0.0329999999999977,23.544,0.018000000000000682,22.158799999999996,0.04779999999999518,22.5444,-0.007099999999997664,24.21605,-0.007600000000003604,0.01645836313585836,0.013815837441742989,0.018382414200154375,24.78,22.85,0.5077720207253871,57.8199052132701,0.4500643952934098,0.46282868283233114,-0.012764287538921337,23.544,24.228548256728608,22.859451743271393,0.7088968872455867,766550.713,0.6690927962126885,-1716.0805018821095,0.07000000000000028,0.16000000000000014,0.17999999999999972,0.41000000000000014,0.1707317073170738,0.42074382840759394,0.579256171592406,0.07130914258311218,20,0,1,1,False,False,1,-1,low_vol,sideways_stable
2025-01-07 00:00:00,23.83,23.84,23.43,23.51,781212.54,1736222399999,18457126.2502,43125.0,348055.49,8225491.6619,0,-0.013428451531682595,-0.013519428558672452,23.892000000000003,-0.001999999999995339,23.726000000000003,0.042000000000005144,23.531,-0.013000000000001677,22.203599999999998,0.04480000000000217,22.5413,-0.0030999999999998806,24.208950000000005,-0.007099999999994111,0.015986178105667728,0.013867651336335716,0.018461035283532462,24.78,22.85,0.34196891191709855,48.52941176470591,0.4028463292887672,0.45083221212361835,-0.04798588283485117,23.531,24.207302641691275,22.854697358308723,0.484474406348997,791222.546,0.9873486845760334,-10490.47472933265,0.31999999999999673,0.010000000000001563,0.08000000000000185,0.41000000000000014,0.7804878048780406,0.4455323899434589,0.5544676100565411,0.05520264690067571,0,1,1,1,False,False,1,-1,low_vol,sideways_stable
2025-01-07 04:00:00,23.51,23.67,23.34,23.4,482519.51,1736236799999,11322664.0507,36423.0,206775.78,4853017.4299,0,-0.004678860059549206,-0.004689840188322476,23.806,-0.08600000000000207,23.736,0.00999999999999801,23.526999999999997,-0.004000000000001336,22.2524,0.04880000000000351,22.5465,0.005200000000002092,24.2056,-0.003350000000004627,0.015892340589669266,0.013632463056887026,0.01833043012944786,24.78,22.85,0.2849740932642473,47.59615384615381,0.35248634789722644,0.43116303927834,-0.07867669138111355,23.526999999999997,24.205515407264592,22.848484592735403,0.4064133263296158,784691.286,0.6149163608782576,-2257.641263292254,0.11000000000000298,0.16000000000000014,0.05999999999999872,0.33000000000000185,0.33333333333334053,0.4285335115257827,0.5714664884742173,0.07548503064674006,4,1,1,1,False,False,1,-1,low_vol,sideways_stable
2025-01-07 08:00:00,23.4,23.66,23.07,23.19,550116.89,1736251199999,12875387.2681,43611.0,229978.41,5379376.2831,0,-0.008974358974358831,-0.009014871096215316,23.568,-0.23799999999999955,23.720000000000002,-0.015999999999998238,23.526999999999997,0.0,22.294,0.04159999999999897,22.555100000000003,0.008600000000001273,24.203649999999996,-0.0019500000000043372,0.016154533623058343,0.013492720802946143,0.018386317789421014,24.78,22.85,0.17616580310880825,48.17518248175184,0.292261446830949,0.4033827207888618,-0.11112127395791277,23.526999999999997,24.205515407264592,22.848484592735403,0.25166370844945357,802596.644,0.6854213683953555,-4936.94644871787,0.2099999999999973,0.26000000000000156,0.120000000000001,0.5899999999999999,0.355932203389826,0.41805371582028683,0.5819462841797131,0.07927587898637324,8,1,1,1,False,False,1,-1,low_vol,sideways_stable
2025-02-15 00:00:00,19.39,19.61,19.18,19.41,223465.37,1739591999999,4340765.1814,21467.0,106330.33,2066324.7972,0,0.001547987616099089,0.001546790718298733,19.363999999999997,0.12999999999999545,18.993000000000002,0.0730000000000004,18.855,0.04800000000000182,18.76,0.017800000000001148,20.3888,-0.040500000000001535,22.058850000000003,-0.0031499999999979877,0.012845755255993218,0.015665575100165457,0.01574917252995511,19.84,17.64,0.8045454545454546,59.66101694915255,0.1294613355431764,0.03321820734833099,0.09624312819484541,18.855,19.662373910638422,18.04762608936158,0.8437069198589411,484766.692,0.4609750910856722,345.9216253870009,0.019999999999999574,0.1999999999999993,0.21000000000000085,0.4299999999999997,0.046511627906975786,0.4758246434335665,0.5241753565664335,0.09606410156526714,0,5,2,1,False,False,1,-1,low_vol,sideways_stable
2025-02-15 04:00:00,19.41,19.67,19.26,19.28,342366.61,1739606399999,6668682.0145,23738.0,181434.5,3535782.4479,0,-0.006697578567748552,-0.0067201079985193014,19.413999999999998,0.05000000000000071,19.071,0.0779999999999994,18.886000000000003,0.03100000000000236,18.773999999999997,0.013999999999995794,20.354,-0.03480000000000061,22.05605,-0.0028000000000041325,0.012531106419823471,0.015657122845020834,0.015783775700415264,19.84,17.64,0.7454545454545459,51.47058823529416,0.13449806305125023,0.053474178488914836,0.08102388456233539,18.886000000000003,19.709302719794906,18.0626972802051,0.7392801520795108,446601.087,0.7666049635029213,-2293.027269448727,0.129999999999999,0.26000000000000156,0.019999999999999574,0.41000000000000014,0.31707317073170477,0.5299421576187,0.47005784238129994,0.06933503240868027,4,5,2,1,False,False,1,-1,low_vol,sideways_stable
2025-02-15 08:00:00,19.29,19.4,19.03,19.11,258475.47,1739620799999,4965434.0722,20476.0,136431.15,2622109.7183,0,-0.008817427385892196,-0.008856530930217967,19.338,-0.07599999999999696,19.147000000000002,0.07600000000000051,18.9175,0.03149999999999764,18.7798,0.005800000000004246,20.3098,-0.04420000000000002,22.054649999999995,-0.0014000000000038426,0.012610327406076084,0.01562643333409847,0.015744233113876866,19.84,17.64,0.6681818181818179,47.90209790209789,0.12335022206126922,0.06744938720338572,0.0559008348578835,18.9175,19.723422158968482,18.11157784103152,0.6194284074819236,432917.495,0.5970548037103467,-2279.0886877593566,0.17999999999999972,0.10999999999999943,0.0799999999999983,0.36999999999999744,0.48648648648648907,0.5278301650829768,0.4721698349170233,0.07921834903714461,8,5,2,1,False,False,1,-1,low_vol,sideways_stable
2025-02-15 12:00:00,19.12,19.29,18.84,18.95,437000.5,1739635199999,8329603.0659,29950.0,208704.88,3986012.2706,0,-0.008372579801151248,-0.008407826723746334,19.226000000000003,-0.11199999999999832,19.186,0.038999999999997925,18.935499999999998,0.01799999999999713,18.7832,0.0033999999999991815,20.2627,-0.047100000000000364,22.05385,-0.0007999999999945828,0.012888533726574012,0.01575351262192428,0.01578962615531805,19.84,17.64,0.595454545454545,52.49042145593867,0.10044692530773247,0.07404889482425507,0.0263980304834774,18.935499999999998,19.726567899142204,18.14443210085779,0.5091648264426637,453493.589,0.9636310426430307,-3658.821559392996,0.1700000000000017,0.16999999999999815,0.10999999999999943,0.4499999999999993,0.37777777777778215,0.4775849913215202,0.5224150086784798,0.06853539069177267,12,5,2,1,False,False,1,-1,low_vol,sideways_stable
2025-02-15 16:00:00,18.95,19.05,18.79,18.87,249180.47,1739649599999,4715337.148,20177.0,125803.07,2381418.9597,0,-0.004221635883904895,-0.004230572147976387,19.124000000000002,-0.10200000000000031,19.179000000000002,-0.006999999999997897,18.952,0.016500000000004178,18.7748,-0.00840000000000174,20.2085,-0.05419999999999803,22.0577,0.003849999999999909,0.011250446768445898,0.01577649626154557,0.015317004950001597,19.84,17.64,0.5590909090909094,53.725490196078454,0.07497628625231556,0.07423437310986716,0.0007419131424483971,18.952,19.721814741897514,18.18218525810249,0.44674043277095515,456487.39400000003,0.5458649532828063,-1051.9492137202872,0.0799999999999983,0.10000000000000142,0.08000000000000185,0.26000000000000156,0.30769230769229927,0.5048672955789834,0.4951327044210166,0.08097344065528089,16,5,2,1,False,False,1,-1,low_vol,sideways_stable
2025-02-15 20:00:00,18.88,19.01,18.73,18.99,168571.64,1739663999999,3181791.0864,15649.0,83556.64,1577680.0592,0,0.006359300476947327,0.006339165443735455,19.04,-0.08400000000000318,19.201999999999998,0.022999999999996135,18.995,0.04299999999999926,18.7672,-0.007600000000000051,20.1554,-0.05310000000000059,22.05795,0.0002500000000011937,0.010924302474765965,0.01483769069352293,0.01533337301419187,19.84,17.95,0.5502645502645497,59.83935742971885,0.0637388763228266,0.07213527375245905,-0.008396397429632455,18.995,19.660495462439037,18.329504537560965,0.49624340038196685,450638.824,0.374072607645541,1071.997710651793,0.10999999999999943,0.020000000000003126,0.14999999999999858,0.28000000000000114,0.39285714285713924,0.49567436135758064,0.5043256386424194,0.09283293441292971,20,5,2,1,False,False,1,-1,low_vol,sideways_stable
2025-02-16 00:00:00,19.0,19.12,18.7,18.85,259231.75,1739678399999,4898477.5501,16910.0,106741.89,2018036.244,0,-0.007372301211163612,-0.0073996109301745815,18.954,-0.08599999999999852,19.184,-0.01799999999999713,18.9955,0.0004999999999988347,18.7698,0.002600000000001046,20.0991,-0.05630000000000024,22.059799999999996,0.001849999999993912,0.010161470144333303,0.012184929030432898,0.01460345738615406,19.84,18.18,0.40361445783132627,60.08064516129034,0.04304017764504664,0.06631625453097657,-0.023276076885929933,18.9955,19.66051998387116,18.33048001612884,0.3906047911876081,404735.696,0.6404963845837803,-1911.1345444970627,0.14999999999999858,0.120000000000001,0.15000000000000213,0.4200000000000017,0.3571428571428523,0.41176240950423704,0.5882375904957629,0.06523120721130803,0,6,2,1,False,False,1,-1,low_vol,sideways_stable
2025-02-16 04:00:00,18.85,19.26,18.82,18.89,442690.55,1739692799999,8421389.0335,20620.0,228378.84,4350088.8183,0,0.002122015915119402,0.0021197676193984525,18.91,-0.04400000000000048,19.124000000000002,-0.05999999999999872,18.98,-0.015499999999999403,18.7798,0.010000000000001563,20.0395,-0.05959999999999965,22.0575,-0.0022999999999946397,0.005385320388514099,0.011353677830777604,0.014375540786151811,19.84,18.18,0.42771084337349446,57.14285714285719,0.029523645317496516,0.05895773268828057,-0.029434087370784054,18.98,19.639377697051586,18.320622302948415,0.43175383365070136,370006.007,1.1964415215561621,939.3963925729613,0.03999999999999915,0.370000000000001,0.030000000000001137,0.4400000000000013,0.0909090909090887,0.515888220338112,0.48411177966188795,0.04657881221995817,4,6,2,1,False,False,1,-1,low_vol,sideways_stable
2025-02-16 08:00:00,18.9,19.16,18.83,19.15,230641.49,1739707199999,4381519.9253,16510.0,103543.85,1969185.3298,0,0.01376389624139751,0.01367003411323676,18.95,0.03999999999999915,19.088,-0.036000000000001364,18.976,-0.004000000000001336,18.7984,0.018599999999999284,19.9834,-0.056100000000000705,22.055750000000003,-0.0017499999999976978,0.007545295416140435,0.0118035197715969,0.014420942388802965,19.84,18.18,0.5843373493975896,54.794520547945154,0.03933805850454419,0.0550337978515333,-0.015695739346989104,18.976,19.629940283770217,18.32205971622978,0.6330396706843187,317852.88399999996,0.7256233987796694,3174.5255373213213,0.25,0.010000000000001563,0.07000000000000028,0.33000000000000185,0.7575757575757534,0.4489385235934784,0.5510614764065216,0.07158295760229437,8,6,2,1,False,False,1,-1,low_vol,sideways_stable
2025-02-16 12:00:00,19.16,19.2,18.71,18.9,280638.09,1739721599999,5312167.0571,24908.0,109712.3,2074660.0676,0,-0.01305483028720622,-0.013140793561058255,18.955999999999996,0.005999999999996675,19.04,-0.04800000000000182,18.979999999999997,0.003999999999997783,18.8128,0.014399999999998414,19.9278,-0.05559999999999832,22.05305,-0.0027000000000043656,0.008238586066915039,0.011149528577559915,0.014552724663046968,19.84,18.18,0.43373493975903543,53.0973451327433,0.026636096659590436,0.04935425761314473,-0.022718160953554292,18.979999999999997,19.630894121878022,18.329105878121972,0.43854607277050356,289226.194,0.9703066175257972,-3663.6826370757053,0.26000000000000156,0.03999999999999915,0.18999999999999773,0.48999999999999844,0.5306122448979641,0.39093873536553786,0.6090612646344622,0.08875487999508548,12,6,2,1,False,False,1,-1,low_vol,sideways_stable
2025-02-16 16:00:00,18.89,19.12,18.56,18.83,350949.72,1739735999999,6610203.8962,27252.0,161632.33,3044951.1136,0,-0.0037037037037037646,-0.003710579396535713,18.924,-0.031999999999996476,18.982,-0.05799999999999983,18.9875,0.007500000000003837,18.828200000000002,0.015400000000003189,19.872799999999998,-0.05500000000000327,22.0475,-0.0055499999999995,0.008120229556705291,0.011044378053840644,0.014528077552153839,19.84,18.18,0.39156626506024006,45.14563106796109,0.010796826306311402,0.04164277135177807,-0.030845945045466665,18.9875,19.62719976510416,18.347800234895843,0.3768953745243616,301974.629,1.1621828004630148,-1299.813777777799,0.060000000000002274,0.23000000000000043,0.2699999999999996,0.5600000000000023,0.10714285714286077,0.46055694245887985,0.5394430575411201,0.07765214914546734,16,6,2,1,False,False,1,-1,low_vol,sideways_stable
2025-02-16 20:00:00,18.83,19.04,18.65,18.69,264783.46,1739750399999,4988701.2222,24408.0,121420.1,2288655.1228,0,-0.0074349442379180175,-0.0074627212015893766,18.892000000000003,-0.031999999999996476,18.923,-0.05900000000000105,18.997,0.009499999999999176,18.840999999999998,0.012799999999995038,19.8108,-0.06199999999999761,22.0402,-0.00730000000000075,0.008160788259440744,0.01094906243751711,0.014575019105094135,19.84,18.2,0.29878048780487915,27.011494252873575,-0.012903990367128415,0.030733419007996768,-0.04363740937512518,18.997,19.611358030365285,18.382641969634715,0.25014569288085753,294216.314,0.8999618559560909,-1968.650260222996,0.13999999999999702,0.21000000000000085,0.0400000000000027,0.39000000000000057,0.3589743589743508,0.458563763763794,0.541436236236206,0.09218098441647374,20,6,2,1,False,False,1,-1,low_vol,sideways_stable
2025-02-17 00:00:00,18.7,19.02,18.62,18.82,281967.97,1739764799999,5304365.1101,22402.0,121821.44,2292004.8322,0,0.006955591225254132,0.006931512689762095,18.878,-0.014000000000002899,18.894,-0.028999999999999915,19.020500000000002,0.023500000000002075,18.8506,0.009600000000002495,19.7423,-0.06850000000000023,22.0328,-0.0073999999999969646,0.008446488690490417,0.010838405762707583,0.014436567682273731,19.84,18.34,0.3200000000000003,31.351351351351227,-0.020955581887719177,0.02039561882885358,-0.04135120071657276,19.020500000000002,19.562328288978595,18.47867171102141,0.3149782836385613,296565.56399999995,0.9507778522795722,1961.2539379347202,0.120000000000001,0.1999999999999993,0.0799999999999983,0.3999999999999986,0.30000000000000354,0.43203999376241214,0.5679600062375879,0.07944874022393396,0,0,2,1,False,False,1,-1,low_vol,sideways_stable
2025-02-17 04:00:00,18.82,19.16,18.36,18.81,663198.3,1739779199999,12464918.007,45562.0,339957.92,6402323.9734,0,-0.0005313496280553442,-0.0005314908442946413,18.81,-0.06800000000000139,18.88,-0.013999999999999346,19.033,0.01249999999999929,18.8578,0.007200000000000983,19.6714,-0.07090000000000174,22.025249999999996,-0.007550000000005497,0.008093769785112602,0.01057735294756139,0.014416433787186546,19.84,18.36,0.3040540540540535,33.52601156069353,-0.027822719610256286,0.01075195114103161,-0.0385746707512879,19.033,19.540547249551157,18.525452750448846,0.28031601964426917,319185.344,2.077784310798431,-352.39017003193663,0.010000000000001563,0.33999999999999986,0.4499999999999993,0.8000000000000007,0.012500000000001944,0.512603726517393,0.487396273482607,0.0687004173563171,4,0,2,1,False,False,1,-1,low_vol,sideways_stable
2025-02-17 08:00:00,18.8,19.5,18.72,19.36,606588.03,1739793599999,11679355.5298,43611.0,289321.4,5567906.9037,0,0.029239766081871288,0.028820438535491884,18.902,0.0920000000000023,18.929,0.04899999999999949,19.054,0.020999999999997243,18.866600000000002,0.008800000000000807,19.6159,-0.05549999999999855,22.0198,-0.00544999999999618,0.012303534019440898,0.011573566310046047,0.0145587560115467,19.84,18.36,0.6756756756756754,48.88888888888887,0.010988756186730342,0.010799312150171356,0.00018944403655898542,19.054,19.57977361548243,18.528226384517566,0.7909997677605272,354926.1,1.7090544482358443,17736.492105263125,0.5599999999999987,0.14000000000000057,0.08000000000000185,0.7800000000000011,0.7179487179487153,0.47696523124599083,0.5230347687540092,0.07189558290492477,8,0,2,1,False,False,1,-1,low_vol,sideways_stable
2025-02-17 12:00:00,19.36,19.8,19.21,19.24,766663.69,1739807999999,14968416.786,47215.0,396570.34,7753670.7367,0,-0.006198347107438051,-0.006217636610870562,18.984,0.08200000000000074,18.954,0.02500000000000213,19.078,0.02400000000000091,18.8762,0.009599999999998943,19.5566,-0.05930000000000035,22.012400000000003,-0.0073999999999969646,0.012520047154056453,0.011436055358337619,0.014533683042917123,19.84,18.36,0.5945945945945937,49.1071428571428,0.03169873003124479,0.014979195726386046,0.016719534304858747,19.078,19.59093171803764,18.565068281962358,0.6579157559409404,414735.305,1.8485614336594758,-4752.047665289283,0.120000000000001,0.4400000000000013,0.029999999999997584,0.5899999999999999,0.2033898305084763,0.5172676692175158,0.48273233078248423,0.06158502171923651,12,0,2,1,False,False,1,-1,low_vol,sideways_stable
2025-02-17 16:00:00,19.24,19.39,18.71,19.08,772662.01,1739822399999,14738736.3656,54863.0,318016.96,6067170.356,0,-0.008316008316008316,-0.008350779217419963,19.061999999999998,0.07799999999999585,18.976999999999997,0.022999999999996135,19.0805,0.002500000000001279,18.886799999999997,0.010599999999996612,19.4909,-0.06569999999999965,22.0062,-0.006200000000003314,0.01259665867392525,0.01119520708346044,0.014491623397378325,19.84,18.36,0.48648648648648557,49.327354260089656,0.03479972116262786,0.01894330081363441,0.015856420348993452,19.0805,19.592933821144992,18.56806617885501,0.49951213212382706,466078.33099999995,1.6577943204143513,-6425.463700623701,0.16000000000000014,0.15000000000000213,0.36999999999999744,0.6799999999999997,0.23529411764705913,0.41158612159539204,0.588413878404608,0.07100517340046264,16,0,2,1,False,False,1,-1,low_vol,sideways_stable
2025-02-17 20:00:00,19.08,19.51,18.98,19.12,552001.5,1739836799999,10596889.0807,31478.0,266109.94,5104705.7251,0,0.002096436058700357,0.0020942416031149067,19.122,0.060000000000002274,19.0,0.02300000000000324,19.061999999999998,-0.01850000000000307,18.894799999999996,0.007999999999999119,19.429699999999997,-0.06120000000000303,21.9938,-0.012399999999999523,0.012596472233843083,0.009693842572312223,0.014441419995545051,19.84,18.36,0.5135135135135144,54.0284360189574,0.0400235777907767,0.02315935620906287,0.01686422158171383,19.061999999999998,19.53757610492914,18.586423895070855,0.5609786734434912,477009.426,1.157212981363601,1157.2358490566853,0.0400000000000027,0.39000000000000057,0.09999999999999787,0.5300000000000011,0.07547169811321248,0.48208191463247835,0.5179180853675216,0.057025207359037974,20,0,2,1,False,False,1,-1,low_vol,sideways_stable
2025-02-18 00:00:00,19.12,19.2,18.78,18.87,410919.69,1739851199999,7774582.932,29105.0,206503.86,3909191.7157,0,-0.013075313807531352,-0.013161548242796351,19.133999999999997,0.011999999999996902,18.972,-0.027999999999998693,19.029999999999998,-0.03200000000000003,18.904799999999998,0.010000000000001563,19.3706,-0.059099999999997266,21.9802,-0.013600000000000279,0.012500318518334792,0.010051556488298684,0.01431001215603928,19.8,18.36,0.35416666666666746,50.0,0.023717213863651665,0.02327092773998063,0.0004462861236710358,19.029999999999998,19.462860740947086,18.59713925905291,0.315183054427712,495037.246,0.8300783290960697,-5372.903896443503,0.25,0.0799999999999983,0.08999999999999986,0.41999999999999815,0.5952380952380979,0.5025406789341246,0.4974593210658755,0.07082892523354138,0,1,2,1,False,False,1,-1,low_vol,sideways_stable
2025-02-18 04:00:00,18.86,18.88,18.08,18.09,910207.06,1739865599999,16692957.0395,63437.0,449516.04,8248745.1548,0,-0.04133545310015907,-0.042214059973255176,18.88,-0.2539999999999978,18.891,-0.08100000000000307,18.9655,-0.06449999999999889,18.9014,-0.0033999999999991815,19.3068,-0.06380000000000052,21.96015,-0.020050000000001234,0.01759172543833897,0.013399736689175157,0.015470094056424834,19.8,18.08,0.005813953488372993,34.69387755102042,-0.051550931251490795,0.008306555941686344,-0.05985748719317714,18.9655,19.540028639752073,18.390971360247924,-0.2619289443758646,557994.1429999999,1.6312125699140183,-37623.82124006368,0.7699999999999996,0.019999999999999574,0.010000000000001563,0.8000000000000007,0.9624999999999986,0.49386129788973504,0.5061387021102649,0.0696951306881755,4,1,2,1,False,False,1,-1,low_vol,sideways_stable
2025-02-18 08:00:00,18.08,18.31,17.85,18.0,598904.64,1739879999999,10822971.1598,46356.0,299406.54,5413888.5808,0,-0.00497512437810943,-0.004987541511039051,18.631999999999998,-0.2480000000000011,18.808,-0.08299999999999841,18.895,-0.07049999999999912,18.894199999999998,-0.007200000000000983,19.251199999999997,-0.05560000000000187,21.9421,-0.01804999999999879,0.017592090901849038,0.013353491168683175,0.015464234069263713,19.8,17.85,0.07692307692307622,35.2941176470588,-0.1171137123958168,-0.016777497725814286,-0.10033621467000252,18.895,19.57603636196346,18.21396363803654,-0.1570867944698807,582789.635,1.0276514955520786,-2979.625074626852,0.0799999999999983,0.23000000000000043,0.14999999999999858,0.4599999999999973,0.17391304347825817,0.49992356045196107,0.5000764395480389,0.07740130382025426,8,1,2,1,False,False,1,-1,low_vol,sideways_stable
2025-03-21 20:00:00,14.0,14.18,13.93,13.97,197793.42,1742601599999,2778654.0991,12492.0,98074.14,1378249.1071,0,-0.002142857142857113,-0.0021451563463881357,14.024000000000001,-0.034000000000000696,14.149000000000001,-0.06599999999999895,14.245000000000001,0.01850000000000307,13.955,0.01899999999999835,14.3631,-0.014800000000002811,15.412149999999999,-0.02465000000000117,0.0073900025478226255,0.016302459827785453,0.018756439518423717,15.17,13.46,0.29824561403508776,35.02304147465438,0.015643309709080455,0.08895786735525786,-0.0733145576461774,14.245000000000001,14.929797319228093,13.560202680771908,0.2992106625724076,376933.026,0.5247442021702816,-423.843042857137,0.02999999999999936,0.17999999999999972,0.040000000000000924,0.25,0.11999999999999744,0.49584126711596366,0.5041587328840363,0.06315680268838063,20,4,3,1,False,False,1,-1,low_vol,sideways_stable
2025-03-22 00:00:00,13.96,14.14,13.93,14.07,200054.96,1742615999999,2810410.1336,11970.0,97070.63,1364340.4134,0,0.007158196134574135,0.007132697857427287,14.0,-0.02400000000000091,14.107,-0.04200000000000159,14.263000000000002,0.018000000000000682,13.98,0.025000000000000355,14.343100000000002,-0.019999999999997797,15.38835,-0.023799999999997823,0.008003128672157231,0.016283896227816303,0.018611134007773106,15.17,13.59,0.3037974683544306,40.37558685446007,0.00927698116225173,0.07302169011665664,-0.06374470895440491,14.263000000000002,14.906251608299488,13.619748391700515,0.34998094251935086,339643.141,0.5890151628293886,1432.0326413743833,0.10999999999999943,0.07000000000000028,0.030000000000001137,0.21000000000000085,0.523809523809519,0.48521981159577354,0.5147801884042265,0.05983355773833351,0,5,3,1,False,False,1,-1,low_vol,sideways_stable
2025-03-22 04:00:00,14.07,14.16,14.05,14.07,176158.59,1742630399999,2486361.5433,7853.0,75706.28,1069196.6869,0,0.0,0.0,14.0,0.0,14.078999999999999,-0.02800000000000047,14.271,0.007999999999999119,14.000599999999999,0.020599999999998175,14.327,-0.016100000000001558,15.365249999999998,-0.023100000000003007,0.007673627704027152,0.015987083905495088,0.018484230993905077,15.17,13.77,0.21428571428571475,19.620253164556914,0.004183396333116818,0.05925403135994868,-0.05507063502683186,14.271,14.89957901567607,13.642420984323932,0.34011556623170536,292836.93,0.6015586558703507,0.0,0.0,0.08999999999999986,0.019999999999999574,0.10999999999999943,0.0,0.4297620683725954,0.5702379316274045,0.04457914882266031,4,5,3,1,False,False,1,-1,low_vol,sideways_stable
2025-03-22 08:00:00,14.08,14.3,14.05,14.2,353195.89,1742644799999,5015193.4655,13428.0,192900.82,2739981.6207,0,0.009239516702203243,0.009197093480917332,14.062000000000001,0.062000000000001165,14.082000000000003,0.0030000000000036664,14.2815,0.010499999999998622,14.019400000000001,0.01880000000000237,14.3055,-0.02149999999999963,15.342149999999998,-0.023099999999999454,0.007417275926369738,0.016064031333570105,0.01838755322510419,15.17,13.82,0.28148148148148083,31.42857142857133,0.010515392306491123,0.04950630354925717,-0.038990911242766046,14.2815,14.897199003701338,13.66580099629866,0.43381506262796077,273287.76300000004,1.2923955544983547,3263.3593248045395,0.11999999999999922,0.10000000000000142,0.02999999999999936,0.25,0.4799999999999969,0.5461581673557979,0.4538418326442021,0.03801856244703187,8,5,3,1,False,False,1,-1,low_vol,sideways_stable
2025-03-22 12:00:00,14.21,14.35,14.12,14.23,229606.81,1742659199999,3267675.25,11337.0,98904.6,1407774.8578,0,0.0021126760563381364,0.002110447494546062,14.107999999999999,0.0459999999999976,14.082999999999998,0.000999999999995893,14.3,0.018500000000001293,14.0372,0.017799999999999372,14.283500000000002,-0.021999999999998465,15.31925,-0.022899999999998144,0.0073607447871893005,0.015885889804253154,0.018376337021467733,15.17,13.82,0.30370370370370386,35.074626865671604,0.017749686675303522,0.043154980174466444,-0.02540529349916292,14.3,14.88378078077385,13.71621921922615,0.4400459878901722,271070.433,0.8470374561286069,485.08480985917976,0.019999999999999574,0.11999999999999922,0.09000000000000163,0.23000000000000043,0.08695652173912842,0.4307563874085442,0.5692436125914557,0.04937571320293157,12,5,3,1,False,False,1,-1,low_vol,sideways_stable
2025-03-22 16:00:00,14.22,14.5,14.2,14.46,271444.77,1742673599999,3899775.3907,11512.0,152690.45,2194246.9572,0,0.016163035839775075,0.01603380462885758,14.206,0.09800000000000075,14.115,0.032000000000001805,14.3,0.0,14.044400000000001,0.007200000000000983,14.255900000000002,-0.027599999999999625,15.29475,-0.024499999999999744,0.008599836521981923,0.013024693878623579,0.016689167097297047,15.17,13.82,0.47407407407407465,48.95104895104897,0.041562883839752374,0.042836560907523635,-0.0012736770677712617,14.3,14.88378078077385,13.71621921922615,0.6370377419653203,265677.539,1.021707634833218,4387.3715460295025,0.2400000000000002,0.03999999999999915,0.02000000000000135,0.3000000000000007,0.7999999999999988,0.562510193141684,0.43748980685831595,0.042410100588786435,16,5,3,1,False,False,1,-1,low_vol,sideways_stable
2025-03-22 20:00:00,14.47,14.5,14.15,14.25,244298.39,1742687999999,3502165.3428,11738.0,104027.88,1490879.1631,0,-0.014522821576763545,-0.014629310015959155,14.241999999999999,0.03599999999999959,14.121,0.006000000000000227,14.2815,-0.018500000000001293,14.042,-0.002400000000001512,14.2293,-0.026600000000001955,15.2698,-0.024950000000000472,0.010074880174299885,0.013145017104524316,0.016606236794182445,15.17,13.82,0.31851851851851837,46.66666666666667,0.042994159295208334,0.04286808058506057,0.00012607871014776173,14.2815,14.845705076565231,13.717294923434768,0.47208461842299865,269536.724,0.9063640248146669,-3547.9019294605955,0.22000000000000064,0.02999999999999936,0.09999999999999964,0.34999999999999964,0.628571428571431,0.42582302732326643,0.5741769726767336,0.048047799250744136,20,5,3,1,False,False,1,-1,low_vol,sideways_stable
2025-03-23 00:00:00,14.25,14.47,14.21,14.46,224958.54,1742702399999,3224417.0733,12843.0,115257.95,1652318.4322,0,0.01473684210526316,0.014629310015959096,14.319999999999999,0.0779999999999994,14.16,0.0389999999999997,14.280499999999998,-0.0010000000000012221,14.0524,0.010400000000000631,14.198999999999998,-0.030300000000002214,15.2467,-0.023099999999999454,0.010454653321354758,0.013450272709431981,0.016160788571266318,15.17,13.82,0.47407407407407465,59.47712418300657,0.06037770377688645,0.04637000522342575,0.0140076985534607,14.280499999999998,14.843292847746495,13.717707152253501,0.6594725312508379,261049.34299999996,0.8617471984980251,3315.1784842105267,0.21000000000000085,0.009999999999999787,0.03999999999999915,0.2599999999999998,0.8076923076923116,0.5123519649442959,0.4876480350557041,0.05709051987979651,0,6,3,1,False,False,1,-1,low_vol,sideways_stable
2025-03-23 04:00:00,14.46,14.47,14.27,14.29,152809.75,1742716799999,2189998.618,10590.0,71494.37,1024727.4343,0,-0.011756569847856224,-0.01182622478884266,14.338,0.018000000000000682,14.2,0.03999999999999915,14.243500000000001,-0.03699999999999726,14.065,0.012599999999999056,14.169400000000001,-0.02959999999999674,15.222550000000002,-0.024149999999998784,0.010286797781697044,0.010287093297397305,0.01598240574867231,15.17,13.82,0.3481481481481474,52.12121212121207,0.05974797134769538,0.04904559844827968,0.010702372899415703,14.243500000000001,14.682507253268078,13.804492746731924,0.5529604006014034,231903.02599999998,0.6589381459817606,-1796.5184993084476,0.1700000000000017,0.009999999999999787,0.019999999999999574,0.20000000000000107,0.850000000000004,0.4678652376566286,0.5321347623433714,0.06930186064698096,4,6,3,1,False,False,1,-1,low_vol,sideways_stable
2025-03-23 08:00:00,14.29,14.49,14.24,14.38,313829.68,1742731199999,4509919.1007,13065.0,161024.89,2313882.7721,0,0.006298110566830051,0.00627836035112469,14.368,0.030000000000001137,14.238,0.038000000000000256,14.226499999999998,-0.017000000000003013,14.0724,0.007400000000000517,14.1451,-0.024300000000001987,15.200100000000003,-0.022449999999999193,0.010211236270755413,0.009519306578732175,0.015604695154145814,14.81,13.82,0.5656565656565661,57.2289156626506,0.06575318985647627,0.052387116729919,0.01336607312655727,14.226499999999998,14.610729920203875,13.842270079796121,0.6997501911336758,236415.08,1.327452039015447,1976.5340237928933,0.09000000000000163,0.10999999999999943,0.049999999999998934,0.25,0.36000000000000654,0.5130964349834599,0.48690356501654014,0.041630861682680875,8,6,3,1,False,False,1,-1,low_vol,sideways_stable
2025-03-23 12:00:00,14.39,14.5,14.28,14.43,305880.65,1742745599999,4406564.9514,14647.0,170887.87,2461599.9148,0,0.00347705146036148,0.003471020492878741,14.362,-0.006000000000000227,14.284,0.04600000000000115,14.2165,-0.00999999999999801,14.0852,0.012800000000000367,14.1188,-0.026299999999999102,15.1818,-0.01830000000000176,0.010066968640099308,0.009496285614405083,0.015429492411768905,14.81,13.82,0.6161616161616155,57.2289156626506,0.07369741302026256,0.056649175987987715,0.017048237032274843,14.2165,14.56528888200666,13.86771111799334,0.8060590675535392,247223.803,1.237262133695112,1063.5627607788188,0.03999999999999915,0.07000000000000028,0.11000000000000121,0.22000000000000064,0.1818181818181774,0.5586749930078937,0.4413250069921063,0.04788468966572419,12,6,3,1,False,False,1,-1,low_vol,sideways_stable
2025-03-23 16:00:00,14.43,14.45,14.24,14.35,237489.08,1742759999999,3404570.3147,14292.0,128266.09,1838759.8839,0,-0.005544005544005581,-0.005559430580149426,14.382,0.019999999999999574,14.312000000000001,0.02800000000000047,14.2095,-0.006999999999999673,14.0914,0.006199999999999761,14.1006,-0.018200000000000216,15.16355,-0.0182500000000001,0.010322855849641424,0.009338534326020147,0.015256144569146124,14.76,13.82,0.5638297872340422,58.641975308641946,0.07269989654721343,0.059859320099832865,0.012840576447380563,14.2095,14.540334670112276,13.878665329887724,0.7123417112727598,250967.21500000003,0.9462952362124271,-1316.640776160785,0.08000000000000007,0.019999999999999574,0.10999999999999943,0.20999999999999908,0.380952380952383,0.5400925802567428,0.4599074197432572,0.06017960910034264,16,6,3,1,False,False,1,-1,low_vol,sideways_stable
2025-03-23 20:00:00,14.35,14.47,14.23,14.47,166148.8,1742774399999,2384519.6184,10627.0,93866.62,1347659.5489,0,0.00836236933797907,0.008327598437762354,14.384,0.002000000000000668,14.351999999999999,0.03999999999999737,14.2155,0.006000000000000227,14.1,0.008599999999999497,14.0734,-0.027200000000000557,15.1475,-0.016049999999999898,0.010478539378416325,0.009271610692820184,0.015295769422656081,14.5,13.82,0.9558823529411774,68.58974358974355,0.08066252727006784,0.06401996153387987,0.01664256573618797,14.2155,14.561087219550608,13.869912780449393,0.8682138482015416,249966.23600000003,0.6646849696932667,1389.3976306620168,0.120000000000001,0.0,0.11999999999999922,0.2400000000000002,0.5000000000000037,0.5649551486378476,0.4350448513621525,0.06396073880762305,20,6,3,1,False,False,1,-1,low_vol,sideways_stable
2025-03-24 00:00:00,14.46,14.71,14.16,14.66,666273.99,1742788799999,9635479.6521,36041.0,353266.91,5114764.4783,0,0.01313061506565294,0.013045155815112806,14.457999999999998,0.07399999999999807,14.398000000000001,0.04600000000000293,14.24,0.024499999999999744,14.1122,0.012199999999999989,14.0486,-0.024799999999999045,15.132750000000001,-0.014749999999999375,0.010808934695307687,0.009153441540238524,0.015396167857214252,14.71,13.82,0.9438202247191003,70.12195121951214,0.10113851969088117,0.07144367316528014,0.029694846525601032,14.24,14.637571575814551,13.84242842418545,1.028206775269959,281274.046,2.368771664058902,8748.587290946696,0.1999999999999993,0.05000000000000071,0.3000000000000007,0.5500000000000007,0.36363636363636187,0.5302126682147685,0.4697873317852315,0.05409336180150151,0,0,3,1,False,False,1,-1,low_vol,sideways_stable
2025-03-24 04:00:00,14.67,15.16,14.67,15.03,706011.25,1742803199999,10564853.5305,32928.0,324846.1,4858235.5587,0,0.0252387448840381,0.024925507306377593,14.588,0.13000000000000078,14.478,0.0799999999999983,14.2805,0.04049999999999976,14.1326,0.020400000000000418,14.0296,-0.019000000000000128,15.1185,-0.014250000000002316,0.012825430439885117,0.010556378362623813,0.015762193319487704,15.16,13.82,0.9029850746268651,76.76767676767668,0.14554405768791767,0.08626375006980765,0.059280307618110026,14.2805,14.8119716410723,13.7490283589277,1.2051175849080142,328914.49000000005,2.146488742408399,17818.837824010843,0.35999999999999943,0.13000000000000078,0.0,0.4900000000000002,0.7346938775510189,0.4601146228193955,0.5398853771806045,0.046639483435993404,4,0,3,1,True,False,1,-1,low_vol,sideways_stable
2025-03-24 08:00:00,15.02,15.31,15.02,15.19,563515.05,1742817599999,8570927.5937,24728.0,291393.35,4433029.3614,0,0.010645375914837052,0.010589112842798424,14.739999999999998,0.15199999999999925,14.550999999999998,0.07299999999999862,14.332999999999998,0.05249999999999844,14.1568,0.024200000000000443,14.0151,-0.014499999999999957,15.1052,-0.013299999999999201,0.01243113862031549,0.010497515413934264,0.015805115249384275,15.31,13.82,0.9194630872483215,77.45098039215678,0.19143963238430928,0.10729892653270798,0.0841407058516013,14.332999999999998,14.9969625861375,13.669037413862497,1.145367689304201,358121.51800000004,1.5735302730398903,5998.829540918197,0.16999999999999993,0.120000000000001,0.0,0.2900000000000009,0.586206896551722,0.5170994989397354,0.48290050106026455,0.0438817028932945,8,0,3,1,False,False,1,-1,low_vol,sideways_stable
2025-03-24 12:00:00,15.2,15.41,15.05,15.21,957224.69,1742831999999,14551191.9041,39385.0,478755.1,7286959.7205,0,0.0013166556945358732,0.001315789663519993,14.912,0.17200000000000237,14.647,0.09600000000000186,14.384,0.05100000000000193,14.1778,0.02099999999999902,14.0078,-0.00730000000000075,15.091050000000001,-0.014149999999998997,0.01053000082094825,0.010510395910075907,0.0157238935467981,15.41,13.82,0.8742138364779879,77.6699029126213,0.22681149709077708,0.13120144064432182,0.09561005644645526,14.384,15.150493039073606,13.617506960926395,1.0388176786303998,429414.14800000004,2.229141015633234,1260.3353390388359,0.010000000000001563,0.1999999999999993,0.14999999999999858,0.35999999999999943,0.027777777777782165,0.500149134264391,0.49985086573560905,0.041144989688889036,12,0,3,1,False,False,1,-1,low_vol,sideways_stable
2025-03-24 16:00:00,15.21,15.25,14.99,15.16,393960.62,1742846399999,5957239.0579,21501.0,206124.15,3118195.0855,0,-0.0032873109796187627,-0.003292726056975979,15.05,0.1379999999999999,14.716999999999999,0.06999999999999851,14.4385,0.054499999999999105,14.210600000000001,0.03280000000000172,14.0025,-0.005300000000000082,15.076300000000002,-0.014749999999999375,0.010523255674005819,0.010260729166727732,0.014226664847301285,15.41,13.82,0.8427672955974843,74.24242424242418,0.24795114611047886,0.15455138173755323,0.09339976437292563,14.4385,15.263740634763025,13.613259365236974,0.9371452214099864,446314.35599999997,0.882697620418914,-1295.071071663415,0.05000000000000071,0.03999999999999915,0.16999999999999993,0.2599999999999998,0.1923076923076952,0.5232100355614223,0.47678996443857763,0.054576520871553104,16,0,3,1,False,False,1,-1,low_vol,sideways_stable
2025-03-24 20:00:00,15.16,15.26,14.99,15.13,222470.98,1742860799999,3364268.803,12835.0,99806.73,1510562.3558,0,-0.0019788918205804196,-0.0019808524139609926,15.144,0.09399999999999942,14.801000000000002,0.08400000000000318,14.500499999999999,0.06199999999999939,14.2436,0.032999999999999474,13.998300000000002,-0.004199999999997317,15.062949999999999,-0.013350000000002638,0.009184261281059881,0.009604965062965034,0.014219820011704482,15.41,13.82,0.8238993710691828,72.72727272727266,0.2592947327087014,0.17550005193178286,0.08379468077691854,14.500499999999999,15.338454275853982,13.662545724146016,0.8756171536677586,453280.479,0.4908020316489297,-440.2460026385101,0.02999999999999936,0.09999999999999964,0.14000000000000057,0.2699999999999996,0.11111111111110891,0.44862808623398875,0.5513719137660112,0.057692917970694424,20,0,3,1,False,False,1,-1,low_vol,sideways_stable
2025-03-25 00:00:00,15.13,15.25,14.87,14.9,345227.39,1742875199999,5204064.2681,20916.0,171946.16,2593755.6863,0,-0.015201586252478583,-0.015318314848851157,15.118,-0.0259999999999998,14.853,0.051999999999997826,14.5455,0.045000000000001705,14.273400000000002,0.029800000000001603,13.993899999999998,-0.004400000000003956,15.0479,-0.015049999999998676,0.011315099084107974,0.010499733653352472,0.014398362637941172,15.41,13.93,0.6554054054054056,61.111111111111065,0.24687965402971734,0.18977597235136975,0.05710368167834759,14.5455,15.366782052967942,13.72421794703206,0.7158211047708343,456420.25,0.7563805286903901,-5248.003945803062,0.23000000000000043,0.11999999999999922,0.030000000000001137,0.3800000000000008,0.6052631578947367,0.4980663903869273,0.5019336096130728,0.060586154534262186,0,1,3,1,False,False,1,-1,low_vol,sideways_stable
2025-03-25 04:00:00,14.91,15.25,14.87,15.2,414276.12,1742889599999,6256695.2527,18452.0,193004.12,2919480.8762,0,0.020134228187919323,0.01993421490081711,15.12,0.0019999999999988916,14.930000000000001,0.07700000000000173,14.607,0.06149999999999878,14.31,0.03659999999999819,13.992799999999999,-0.0010999999999992127,15.033999999999999,-0.013900000000001356,0.012460483671428723,0.011072222987997933,0.014597975394923359,15.41,13.93,0.8581081081081076,72.94685990338158,0.25827092111564554,0.20347496210422494,0.05479595901142059,14.607,15.431036279222342,13.782963720777657,0.8598142551197044,467259.79699999996,0.8866076702079294,8341.129932885848,0.28999999999999915,0.05000000000000071,0.040000000000000924,0.3800000000000008,0.7631578947368383,0.46588280299622387,0.5341171970037761,0.04454034183770959,4,1,3,1,False,False,1,-1,low_vol,sideways_stable
2025-03-25 08:00:00,15.2,15.5,15.2,15.44,382937.67,1742903999999,5881658.3654,23646.0,211247.65,3243903.4333,0,0.015789473684210575,0.015666116744399456,15.166,0.04600000000000115,15.039000000000001,0.10899999999999999,14.6755,0.06850000000000023,14.345,0.03500000000000014,13.991700000000002,-0.0010999999999974364,15.019549999999999,-0.014450000000000074,0.01222511981528194,0.011354669427026827,0.014399981340575255,15.5,14.05,0.958620689655172,73.33333333333327,0.28339774380558147,0.21945951844449627,0.0639382253610852,14.6755,15.538431966581541,13.812568033418458,0.9429665544947451,481804.65599999996,0.7947986081728525,6046.384263157914,0.2400000000000002,0.0600000000000005,0.0,0.3000000000000007,0.7999999999999988,0.5516502202564715,0.44834977974352846,0.061748952512297894,8,1,3,1,False,False,1,-1,low_vol,sideways_stable
2025-03-25 12:00:00,15.45,15.59,15.27,15.33,523242.89,1742918399999,8071682.3872,35003.0,258634.06,3992607.9575,0,-0.007124352331606132,-0.007149851712907268,15.2,0.03399999999999892,15.125,0.08599999999999852,14.738499999999998,0.06299999999999883,14.3762,0.031200000000000117,13.9924,0.0006999999999983686,15.005650000000001,-0.013899999999997803,0.013045188055467236,0.011619133899706015,0.014455384615797165,15.59,14.05,0.8311688311688312,75.49019607843138,0.29107946820589525,0.23378350839677606,0.057295959809119196,14.738499999999998,15.599277494325774,13.877722505674223,0.8435847265403402,517514.06500000006,1.0110698923709445,-3727.766703367831,0.11999999999999922,0.14000000000000057,0.0600000000000005,0.3200000000000003,0.3749999999999972,0.4942906343170759,0.505709365682924,0.06689627450073904,12,1,3,1,False,False,1,-1,low_vol,sideways_stable
2025-03-25 16:00:00,15.33,15.52,15.28,15.46,261656.46,1742932799999,4035772.7385,22194.0,129765.26,2001276.781,0,0.008480104370515384,0.0084443502755532,15.266,0.06600000000000072,15.204999999999998,0.0799999999999983,14.8015,0.06300000000000239,14.4094,0.03319999999999901,13.9943,0.001900000000000901,14.992299999999998,-0.013350000000002638,0.012838705857951431,0.01160358414379104,0.014482191805002534,15.59,14.12,0.9115646258503408,75.96153846153847,0.3041511386824265,0.24785703445390617,0.056294104228520325,14.8015,15.680573076419206,13.922426923580796,0.8745422409490221,477052.31200000003,0.5484858859671556,2218.874090019584,0.13000000000000078,0.05999999999999872,0.05000000000000071,0.2400000000000002,0.5416666666666694,0.4959375358055368,0.5040624641944633,0.08482114295974195,16,1,3,1,False,False,1,-1,low_vol,sideways_stable
2025-03-25 20:00:00,15.47,15.61,15.33,15.44,292387.17,1742947199999,4526197.6231,20794.0,143693.16,2225148.8509,0,-0.0012936610608021981,-0.0012944985626459193,15.373999999999999,0.10799999999999876,15.246,0.041000000000002146,14.862,0.06049999999999933,14.443,0.03359999999999985,13.997300000000001,0.0030000000000001137,14.980049999999999,-0.012249999999999872,0.010874995663155636,0.01166259122371856,0.014472037087202072,15.61,14.15,0.8835616438356164,74.63414634146338,0.3093309245123894,0.2601518124656028,0.0491791120467866,14.862,15.74201435395044,13.98198564604956,0.8284037342148575,435689.904,0.67109007419185,-378.24989650715264,0.030000000000001137,0.1399999999999988,0.10999999999999943,0.27999999999999936,0.10714285714286145,0.49144823967481205,0.508551760325188,0.07111803161540912,20,1,3,1,False,False,1,-1,low_vol,sideways_stable
2025-03-26 00:00:00,15.43,15.62,15.24,15.32,322867.31,1742961599999,4981448.1628,20877.0,163602.23,2525895.433,0,-0.007772020725388518,-0.007802380284184787,15.398,0.02400000000000091,15.258999999999997,0.012999999999996348,14.905000000000001,0.04300000000000104,14.466999999999999,0.023999999999999133,14.0036,0.006299999999999528,14.965,-0.015049999999998676,0.010948222312856722,0.01159317770141221,0.01412689869435622,15.62,14.15,0.7959183673469393,73.20574162679426,0.30029137296022235,0.26817972456452677,0.03211164839569558,14.905000000000001,15.786350638151092,14.02364936184891,0.7354341064928437,411625.13,0.7843722029313419,-2509.331424870439,0.10999999999999943,0.1899999999999995,0.08000000000000007,0.379999999999999,0.28947368421052555,0.5067166137073462,0.4932833862926537,0.06466123807950702,0,2,3,1,False,False,1,-1,low_vol,sideways_stable
2025-03-26 04:00:00,15.32,15.95,15.3,15.92,428431.8,1742975999999,6717688.2117,22010.0,249316.43,3910180.1627,0,0.039164490861618884,0.03841701610379179,15.494,0.09600000000000009,15.330000000000002,0.07100000000000506,14.988499999999998,0.08349999999999724,14.5048,0.03780000000000072,14.0198,0.016199999999999548,14.953199999999999,-0.01180000000000092,0.01632669863277729,0.013406632315948764,0.015032692196282815,15.95,14.16,0.9832402234636874,78.21011673151749,0.33765022718048954,0.28207382508771933,0.055576402092770205,14.988499999999998,15.923374604595022,14.053625395404975,0.9981951565598021,358745.841,1.1942488275425052,16779.313315926927,0.5999999999999996,0.02999999999999936,0.019999999999999574,0.6499999999999986,0.9230769230769246,0.5819279287858651,0.4180720712141349,0.05137340412172953,4,2,3,1,False,False,1,-1,low_vol,sideways_stable
2025-03-26 08:00:00,15.92,16.0,15.78,15.87,514420.65,1742990399999,8171708.9612,20554.0,258166.16,4101440.12,0,-0.003140703517587995,-0.003145645877919306,15.602,0.10800000000000054,15.401000000000002,0.07099999999999973,15.059000000000001,0.07050000000000267,14.545600000000002,0.04080000000000261,14.038499999999999,0.01869999999999905,14.9421,-0.011099999999999,0.016318802260100813,0.013364158468333574,0.014858926933877555,16.0,14.16,0.9293478260869561,74.89711934156375,0.35908351493505286,0.29747576305718604,0.06160775187786682,15.059000000000001,16.037697308187543,14.08030269181246,0.9143262647272916,370791.844,1.3873569721776298,-1615.6427449749028,0.05000000000000071,0.08000000000000007,0.08999999999999986,0.22000000000000064,0.22727272727272985,0.5018580805416735,0.4981419194583266,0.03995562775327934,8,2,3,1,False,False,1,-1,low_vol,sideways_stable
2025-03-26 12:00:00,15.87,15.88,15.22,15.3,974242.92,1743004799999,15103430.6613,44100.0,426545.84,6610909.8291,0,-0.03591682419659725,-0.03657770613992782,15.569999999999999,-0.032000000000001805,15.417999999999997,0.016999999999995907,15.1095,0.050499999999999545,14.568800000000001,0.02319999999999922,14.0534,0.014900000000000801,14.92735,-0.014749999999999375,0.020782090837543166,0.015803734133596568,0.015565604939102768,16.0,14.16,0.6195652173913047,55.13307984790877,0.3263137715526163,0.3032433647562721,0.0230704067963442,15.1095,16.023196367855583,14.195803632144417,0.6042468847977904,445969.038,2.184552820906818,-34991.71168241956,0.5699999999999985,0.010000000000001563,0.08000000000000007,0.6600000000000001,0.8636363636363612,0.43782287891812444,0.5621771210818756,0.0452659178677942,12,2,3,1,False,False,1,-1,low_vol,sideways_stable
2025-03-26 16:00:00,15.3,15.47,14.94,15.15,519570.68,1743019199999,7891786.2481,32491.0,277213.02,4210206.3099,0,-0.009803921568627527,-0.009852296443011707,15.512,-0.05799999999999805,15.443000000000001,0.025000000000003908,15.148000000000001,0.03850000000000087,14.5974,0.02859999999999907,14.063600000000001,0.010200000000001097,14.9102,-0.017150000000000887,0.020371576925483734,0.01606378059261576,0.01499016122690497,16.0,14.16,0.5380434782608697,49.236641221374065,0.28495498375666095,0.29958568855634987,-0.01463070479968892,15.148000000000001,15.99470506889065,14.301294931109354,0.5011810487934242,463403.36699999997,1.1212060960273516,-5093.830196078471,0.15000000000000036,0.16999999999999993,0.21000000000000085,0.5300000000000011,0.28301886792452835,0.5335424624037677,0.4664575375962323,0.06253432160567644,16,2,3,1,False,False,1,-1,low_vol,sideways_stable
2025-03-26 20:00:00,15.15,15.32,15.03,15.24,391370.12,1743033599999,5945820.9126,20943.0,246559.68,3747731.6026,0,0.005940594059405946,0.005923018303122071,15.496,-0.016000000000000014,15.447,0.003999999999997783,15.1885,0.04049999999999798,14.6302,0.03279999999999994,14.075,0.0113999999999983,14.894449999999999,-0.015750000000000597,0.01942887908284769,0.01607921768593987,0.014917122318666293,16.0,14.16,0.5869565217391305,50.557620817843855,0.25648351202185893,0.29096525324945166,-0.03448174122759273,15.1885,15.965194073758406,14.411805926241593,0.5331533365194827,461112.767,0.8487514291704702,2324.971009900992,0.08999999999999986,0.08000000000000007,0.120000000000001,0.2900000000000009,0.3103448275862054,0.6299910683012796,0.3700089316987204,0.05351200546429043,20,2,3,1,False,False,1,-1,low_vol,sideways_stable
2025-03-30 08:00:00,13.68,13.87,13.65,13.74,316308.08,1743335999999,4351229.4992,14840.0,208530.15,2868608.2521,0,0.00512070226773953,0.005107636058345043,13.642000000000001,0.02000000000000135,13.790000000000001,-0.03300000000000125,14.402000000000001,-0.0990000000000002,14.725999999999999,-0.006600000000000605,14.353,0.009199999999998099,14.613049999999998,-0.006950000000001566,0.011187573988322264,0.014826565758620026,0.015700439723718734,15.8,13.37,0.15226337448559701,15.74468085106382,-0.3892926749624479,-0.3157700571321029,-0.07352261783034503,14.402000000000001,15.985461896904472,12.81853810309553,0.2909643417078261,371127.443,0.8522896540421022,1619.7195025603367,0.0600000000000005,0.129999999999999,0.02999999999999936,0.21999999999999886,0.27272727272727637,0.6592627984716672,0.3407372015283328,0.04691628490805546,8,6,3,1,False,False,-1,1,low_vol,sideways_stable
2025-03-30 12:00:00,13.74,13.79,13.46,13.61,362827.81,1743350399999,4928523.4136,19026.0,180292.85,2448807.016,0,-0.009461426491994218,-0.009506470130828618,13.648000000000001,0.006000000000000227,13.725999999999999,-0.06400000000000183,14.300999999999998,-0.10100000000000264,14.716800000000001,-0.009199999999998099,14.358699999999999,0.00569999999999915,14.60845,-0.004599999999998161,0.009998872004749821,0.014838479730902566,0.015753028953012095,15.8,13.37,0.09876543209876545,23.124999999999957,-0.38660151874427306,-0.3299363494545369,-0.05666516928973614,14.300999999999998,15.810630836714337,12.79136916328566,0.27113610056352,373867.129,0.9704726140821007,-3432.8686535662446,0.13000000000000078,0.049999999999998934,0.14999999999999858,0.3299999999999983,0.39393939393939836,0.4969102285737138,0.5030897714262862,0.05243809728917968,12,6,3,1,False,False,-1,1,low_vol,sideways_stable
2025-03-30 16:00:00,13.6,13.73,13.38,13.6,373454.99,1743364799999,5069420.635,18454.0,161106.53,2188797.4623,0,-0.0007347538574576928,-0.0007350239213683204,13.657999999999998,0.009999999999996234,13.662,-0.06399999999999828,14.2055,-0.0954999999999977,14.7048,-0.012000000000000455,14.3621,0.003400000000000958,14.6022,-0.006249999999999645,0.009997470126843825,0.014897669201544481,0.015689660074933803,15.8,13.37,0.09465020576131698,24.18300653594767,-0.38088506850218096,-0.34012609326406573,-0.040758975238115225,14.2055,15.632495002388954,12.778504997611048,0.28784088276892184,385214.635,0.9694724864230561,-274.3974944893241,0.0,0.13000000000000078,0.21999999999999886,0.34999999999999964,0.0,0.43139477129492904,0.568605228705071,0.04941425471380099,16,6,3,1,False,False,-1,1,low_vol,sideways_stable
2025-03-30 20:00:00,13.61,13.63,13.19,13.41,363165.78,1743379199999,4864937.5008,24410.0,171749.49,2303545.2996,0,-0.013970588235294068,-0.014069095448419118,13.606,-0.051999999999997826,13.612,-0.05000000000000071,14.098000000000003,-0.10749999999999815,14.6884,-0.01640000000000086,14.3628,0.000700000000000145,14.595500000000001,-0.006699999999998596,0.008385341602810776,0.014806432710384461,0.015794466658952632,15.69,13.19,0.08800000000000026,24.832214765100645,-0.3872224927455328,-0.34954537316035916,-0.03767711958517361,14.098000000000003,15.415055727550902,12.780944272449103,0.238811355659431,384531.10099999997,0.9444379896855211,-5073.6395735293945,0.1999999999999993,0.02000000000000135,0.22000000000000064,0.4400000000000013,0.4545454545454516,0.47292310966082757,0.5270768903391725,0.06721448259800249,20,6,3,1,False,False,-1,1,low_vol,sideways_stable
2025-03-31 00:00:00,13.42,13.54,13.12,13.25,406329.17,1743393599999,5424337.425,31536.0,181713.03,2428494.4443,0,-0.011931394481730084,-0.012003144861355973,13.522,-0.08399999999999963,13.572,-0.040000000000000924,13.986500000000001,-0.11150000000000126,14.6642,-0.024200000000000443,14.354299999999999,-0.008500000000001506,14.586200000000002,-0.009299999999999642,0.007228123819035121,0.01483213944705765,0.01566836235932182,15.69,13.12,0.05058365758754894,23.717948717948687,-0.40053845199322247,-0.3597439889269319,-0.04079446306629059,13.986500000000001,15.182990921953335,12.790009078046667,0.19222499457094647,352839.956,1.1515962494905196,-4848.073616703965,0.16999999999999993,0.11999999999999922,0.13000000000000078,0.41999999999999993,0.40476190476190466,0.44720646071262865,0.5527935392873714,0.0776119519058895,0,0,3,1,False,False,-1,1,low_vol,sideways_stable
2025-03-31 04:00:00,13.25,13.45,13.13,13.21,443902.53,1743407999999,5904486.1896,25732.0,228198.33,3034811.3107,0,-0.0030188679245282124,-0.0030234338979971747,13.416,-0.10599999999999987,13.529,-0.04299999999999926,13.871,-0.11550000000000082,14.6434,-0.020799999999999486,14.3427,-0.011599999999997834,14.575700000000001,-0.010500000000000398,0.007186364821831397,0.014681009558295521,0.015559186531716937,15.59,13.12,0.0364372469635634,13.380281690140833,-0.4095975260249638,-0.36971469634653825,-0.039882829678425546,13.871,14.874633399205585,12.867366600794416,0.17069649110760612,368625.746,1.2042092415324677,-1340.0831094339226,0.03999999999999915,0.1999999999999993,0.08000000000000007,0.3199999999999985,0.12499999999999792,0.5140730556322803,0.4859269443677197,0.05796768042750285,4,0,3,1,False,False,-1,1,low_vol,sideways_stable
2025-03-31 08:00:00,13.21,13.32,12.96,13.23,593390.15,1743422399999,7791891.0536,31968.0,273943.74,3601378.9592,0,0.0015140045420136694,0.0015128595926304088,13.34,-0.07600000000000051,13.494,-0.03500000000000014,13.765,-0.10599999999999987,14.6188,-0.02459999999999951,14.3356,-0.0071000000000012164,14.564950000000001,-0.010749999999999815,0.007316535890276877,0.014809565607107266,0.015390862956911746,15.4,12.96,0.11065573770491788,14.685314685314637,-0.4104318714797497,-0.3778581313731806,-0.032573740106569105,13.765,14.530478866290771,12.99952113370923,0.1505455450439712,373446.38100000005,1.5889567557490936,898.3953822861727,0.019999999999999574,0.08999999999999986,0.25,0.35999999999999943,0.055555555555554456,0.4616587248709807,0.5383412751290193,0.05387349284446329,8,0,3,1,False,False,-1,1,low_vol,sideways_stable
2025-03-31 12:00:00,13.23,13.69,13.13,13.56,760562.83,1743436799999,10198722.0301,47330.0,382979.34,5137908.113,0,0.024943310657596474,0.024637304385385295,13.331999999999999,-0.008000000000000895,13.495,0.0009999999999994458,13.719500000000002,-0.045499999999998764,14.604199999999999,-0.0146000000000015,14.334599999999998,-0.0010000000000012221,14.55625,-0.00870000000000104,0.01138052386961229,0.01115660375245092,0.01576994955734989,14.53,12.96,0.38216560509554154,37.76223776223776,-0.38008348832916994,-0.37830320276437845,-0.001780285564791484,13.719500000000002,14.413367119085732,13.025632880914271,0.38506444849976074,426558.016,1.7830231796652016,18970.954943310735,0.33000000000000007,0.129999999999999,0.09999999999999964,0.5599999999999987,0.5892857142857157,0.503547274325778,0.496452725674222,0.06223023020990916,12,0,3,1,False,False,-1,1,low_vol,sideways_stable
2025-03-31 16:00:00,13.56,13.72,13.41,13.53,300444.35,1743451199999,4083596.2131,20237.0,151446.74,2059411.4213,0,-0.0022123893805310324,-0.0022148403295528985,13.356,0.02400000000000091,13.481,-0.013999999999999346,13.676499999999999,-0.043000000000002814,14.587200000000001,-0.016999999999997684,14.3298,-0.004799999999997695,14.546299999999999,-0.00995000000000168,0.010968519381998897,0.011144548404004377,0.015736284207637712,14.47,12.96,0.3774834437086083,44.99999999999996,-0.3543679916917757,-0.3735161605498579,0.019148168858082237,13.676499999999999,14.298255578986602,13.054744421013396,0.38218843147432674,411259.543,0.7305468167580004,-664.6998893805486,0.030000000000001137,0.16000000000000014,0.11999999999999922,0.3100000000000005,0.0967741935483906,0.5040758463256174,0.49592415367438264,0.06735689987180654,16,0,3,1,False,False,-1,1,low_vol,sideways_stable
2025-03-31 20:00:00,13.53,13.65,13.44,13.51,159976.75,1743465599999,2165784.7693,10738.0,87932.48,1190449.1199,0,-0.0014781966001478075,-0.0014792902105891703,13.408000000000001,0.05200000000000138,13.465,-0.016000000000000014,13.644,-0.03249999999999886,14.568800000000001,-0.01839999999999975,14.327,-0.00280000000000058,14.53615,-0.010149999999999437,0.010963877139880061,0.010720257300070679,0.01572249565963824,14.42,12.96,0.3767123287671228,44.62809917355368,-0.3317775827400613,-0.3651684449878986,0.03339086224783727,13.644,14.226025501341216,13.061974498658785,0.3848847690597648,408036.244,0.3920650490057937,-236.47708795269577,0.019999999999999574,0.120000000000001,0.07000000000000028,0.21000000000000085,0.09523809523809282,0.5496578721595482,0.45034212784045186,0.06712225370249114,20,0,3,1,False,False,-1,1,low_vol,sideways_stable
2025-04-01 00:00:00,13.5,13.77,13.49,13.64,297078.5,1743479999999,4048822.6301,16404.0,162261.7,2211651.8149,0,0.009622501850481191,0.009576500443208617,13.494,0.08599999999999852,13.454999999999998,-0.010000000000001563,13.622499999999999,-0.021500000000001407,14.5546,-0.014200000000000657,14.323,-0.0039999999999995595,14.5299,-0.006249999999999645,0.01133487454676161,0.01099338465679992,0.01578306023740708,14.42,12.96,0.46575342465753433,52.34375000000002,-0.29992723290336265,-0.3521202025709914,0.052192969667628764,13.622499999999999,14.168947859506158,13.07605214049384,0.5160125066788779,406113.28599999996,0.7315163286728817,2858.6384159881763,0.14000000000000057,0.129999999999999,0.009999999999999787,0.27999999999999936,0.5000000000000032,0.5461913265349058,0.4538086734650942,0.055217728647478696,0,1,4,2,False,False,-1,1,low_vol,sideways_stable
2025-04-01 04:00:00,13.64,13.8,13.57,13.74,190669.05,1743494399999,2609333.6284,10450.0,92720.57,1268867.7597,0,0.007331378299120228,0.007304634378887234,13.596,0.10200000000000031,13.468,0.013000000000001677,13.597,-0.02549999999999919,14.54,-0.0146000000000015,14.32,-0.0030000000000001137,14.5223,-0.007600000000000051,0.011130243295209301,0.010683276744337318,0.015771392966741554,14.42,12.96,0.5342465753424657,57.03703703703702,-0.263578072969727,-0.33441177665073857,0.07083370368101155,13.597,14.061626618628132,13.132373381371867,0.653887007617241,388897.41,0.49028110009783815,1397.8669354838696,0.09999999999999964,0.0600000000000005,0.07000000000000028,0.23000000000000043,0.43478260869564983,0.48629061717148125,0.5137093828285187,0.05480700722010206,4,1,4,2,False,False,-1,1,low_vol,sideways_stable
2025-04-01 08:00:00,13.74,14.09,13.73,13.96,437130.27,1743508799999,6110653.1302,23690.0,210286.34,2940162.6314,0,0.01601164483260553,0.015884810540023133,13.675999999999998,0.0799999999999983,13.504,0.03599999999999959,13.583000000000002,-0.01399999999999757,14.526,-0.013999999999999346,14.3191,-0.0008999999999996788,14.5156,-0.006700000000000372,0.01206012274457655,0.011400539327080314,0.015828902900786784,14.29,12.96,0.7518796992481213,60.00000000000003,-0.2145457901388763,-0.31043857934836616,0.09589278920948985,13.583000000000002,13.977653745640836,13.188346254359168,0.9776338805398014,395264.93799999997,1.105917140568638,6999.1746288209615,0.22000000000000064,0.129999999999999,0.009999999999999787,0.35999999999999943,0.6111111111111138,0.48106103473456546,0.5189389652654345,0.05419437093660889,8,1,4,2,False,False,-1,1,low_vol,sideways_stable
2025-04-01 12:00:00,13.96,14.39,13.69,14.3,765504.1,1743523199999,10748783.9349,42845.0,311647.31,4377591.0676,0,0.024355300859598916,0.024063439931635244,13.830000000000002,0.15400000000000347,13.593,0.08900000000000041,13.602499999999997,0.01949999999999541,14.511400000000002,-0.014599999999997948,14.322000000000001,0.0029000000000003467,14.509,-0.006599999999998829,0.012268391348401029,0.011473385682459864,0.015799648190617917,14.39,12.96,0.9370629370629372,67.5977653631285,-0.1465627105404721,-0.27766340558678737,0.13110069504631527,13.602499999999997,14.09226363794549,13.112736362054505,1.2120781801257685,435498.7699999999,1.7577640919628779,18644.082664756494,0.33999999999999986,0.08999999999999986,0.27000000000000135,0.7000000000000011,0.48571428571428477,0.4071138351839004,0.5928861648160996,0.05596965450609605,12,1,4,2,False,False,-1,1,low_vol,sideways_stable
2025-04-13 08:00:00,12.93,13.17,12.78,12.78,611218.29,1744545599999,7906329.4488,23413.0,271798.4,3522191.024,0,-0.011600928074245953,-0.011668743834377378,12.998000000000001,-0.06799999999999784,12.883000000000001,0.0070000000000014495,12.5995,0.023000000000001464,12.113800000000001,-0.0013999999999985135,12.847600000000002,-0.026999999999995694,13.5226,0.0016999999999995907,0.013230909130947868,0.016036408334273,0.028588088368922054,13.29,11.68,0.6832298136645963,62.2641509433962,0.26413146625668205,0.24498918366476496,0.01914228259191708,12.5995,13.347760438758792,11.85123956124121,0.6206130851307672,393850.17000000004,1.5519056142593515,-7090.699419953605,0.15000000000000036,0.2400000000000002,0.0,0.39000000000000057,0.38461538461538497,0.44468302805532867,0.5553169719446713,0.03830546366667136,8,6,4,2,False,False,1,-1,low_vol,sideways_stable
2025-04-13 12:00:00,12.79,12.91,12.59,12.67,558981.52,1744559999999,7119347.3005,25645.0,263166.37,3351305.7254,0,-0.00860719874804372,-0.008644454616340964,12.916,-0.08200000000000074,12.886000000000001,0.0030000000000001137,12.617,0.01750000000000007,12.1096,-0.00420000000000087,12.819099999999999,-0.028500000000002856,13.5223,-0.0003000000000010772,0.013425483191349062,0.0162063095685433,0.028613943522133173,13.29,11.68,0.614906832298137,57.98816568047337,0.23413654583314703,0.2428186560984414,-0.008682110265294363,12.617,13.354023887351888,11.879976112648114,0.5359554153600279,422690.497,1.3224369224463546,-4811.265039123577,0.11999999999999922,0.120000000000001,0.08000000000000007,0.3200000000000003,0.3749999999999972,0.4707961901853213,0.5292038098146787,0.04587808198024149,12,6,4,2,False,False,1,-1,low_vol,sideways_stable
2025-04-13 16:00:00,12.67,13.23,12.48,12.67,807048.95,1744574399999,10386022.6275,39930.0,413362.13,5329542.6153,0,0.0,0.0,12.819999999999999,-0.09600000000000186,12.898,0.011999999999998678,12.629999999999999,0.012999999999998124,12.1052,-0.004400000000000404,12.792300000000001,-0.026799999999997937,13.5204,-0.0018999999999991246,0.013173649818531597,0.016151468055874755,0.02861376073608124,13.29,11.68,0.614906832298137,56.17283950617282,0.2079680293094892,0.23584853074065096,-0.027880501431161747,12.629999999999999,13.360796249234836,11.899203750765162,0.5273674092073419,481202.391,1.6771507479895293,0.0,0.0,0.5600000000000005,0.1899999999999995,0.75,0.0,0.5121896633407429,0.4878103366592571,0.04947655281628209,16,6,4,2,False,False,1,-1,low_vol,sideways_stable
2025-04-13 20:00:00,12.67,12.82,12.43,12.62,588684.95,1744588799999,7408394.1574,33622.0,252799.1,3183315.449,0,-0.003946329913180779,-0.003954137219980623,12.734,-0.08599999999999852,12.882,-0.016000000000000014,12.669500000000001,0.03950000000000209,12.104800000000001,-0.00039999999999906777,12.7738,-0.018500000000001293,13.51855,-0.0018500000000010175,0.011727729991593803,0.011690716887211672,0.02848261243417795,13.29,11.68,0.5838509316770185,52.20125786163518,0.1811070203030969,0.22490022865314016,-0.04379320835004327,12.669500000000001,13.29621994921002,12.042780050789982,0.4605086769119152,516308.487,1.1401806571504216,-2323.1450276243313,0.05000000000000071,0.15000000000000036,0.1899999999999995,0.39000000000000057,0.12820512820512983,0.42943020710823343,0.5705697928917667,0.05711374139936821,20,6,4,2,False,False,1,-1,low_vol,sideways_stable
2025-04-14 00:00:00,12.63,13.16,12.58,12.78,610952.48,1744603199999,7851531.515,37586.0,341626.7,4390835.6842,0,0.01267828843106189,0.01259859183632173,12.703999999999999,-0.030000000000001137,12.885,0.0030000000000001137,12.7085,0.0389999999999997,12.1082,0.0033999999999991815,12.7577,-0.01609999999999978,13.514450000000002,-0.00409999999999755,0.012501146074627706,0.011612264832471117,0.028532637773175717,13.29,11.98,0.6106870229007632,52.20125786163518,0.17076170532312318,0.21407252398713678,-0.043310818664013595,12.7085,13.251252245505224,12.165747754494777,0.5658679909591553,551794.6449999999,1.1072098751520143,7745.831759112571,0.14999999999999858,0.3800000000000008,0.05000000000000071,0.5800000000000001,0.25862068965516993,0.5591706575935333,0.44082934240646665,0.0615203329725415,0,0,4,2,False,False,1,-1,low_vol,sideways_stable
2025-04-14 04:00:00,12.79,12.91,12.57,12.74,319285.23,1744617599999,4067571.9966,23424.0,149736.51,1909537.9219,0,-0.00312989045383405,-0.003134798805371392,12.696,-0.007999999999999119,12.847,-0.038000000000000256,12.7415,0.032999999999999474,12.106,-0.002200000000000202,12.7435,-0.014200000000000657,13.5125,-0.0019500000000025608,0.007381623739197351,0.011665596795870089,0.028413300134143005,13.29,12.02,0.5669291338582684,53.2051282051282,0.15751951603313685,0.2027619223963368,-0.045242406363199955,12.7415,13.196519953294024,12.286480046705977,0.49835172063429184,479848.77400000003,0.6653871955083914,-999.3277934272089,0.049999999999998934,0.120000000000001,0.16999999999999993,0.33999999999999986,0.1470588235294087,0.4689741207258476,0.5310258792741523,0.07336386966600365,4,0,4,2,False,False,1,-1,low_vol,sideways_stable
2025-04-14 08:00:00,12.74,13.25,12.69,13.16,479460.45,1744631999999,6235325.8966,28334.0,275711.19,3587550.012,0,0.03296703296703285,0.03243527575315374,12.794,0.09800000000000075,12.855,0.008000000000000895,12.780000000000001,0.03850000000000087,12.113400000000002,0.007400000000002294,12.7344,-0.009099999999998332,13.514100000000001,0.0016000000000016001,0.013531223827682716,0.012505572611970417,0.028777406522241297,13.29,12.32,0.8659793814432999,66.13756613756615,0.1788537607086944,0.19798029005880835,-0.01912652935011394,12.780000000000001,13.240068644764769,12.319931355235234,0.9129818499088245,491023.75200000004,0.9764506259566849,15806.388461538405,0.41999999999999993,0.08999999999999986,0.05000000000000071,0.5600000000000005,0.7499999999999992,0.5750446986816118,0.4249553013183882,0.059095593807581,8,0,4,2,False,False,1,-1,low_vol,sideways_stable
2025-04-14 12:00:00,13.16,13.24,12.66,12.71,696049.1,1744646399999,9063175.0744,43577.0,331339.94,4321155.5946,0,-0.03419452887537988,-0.0347928406958084,12.801999999999998,0.007999999999997343,12.810999999999998,-0.04400000000000226,12.7955,0.015499999999999403,12.114599999999998,0.001199999999995427,12.719000000000001,-0.015399999999999636,13.512199999999998,-0.0019000000000026773,0.017277973578313077,0.015035479811700088,0.029159152019193016,13.29,12.32,0.40206185567010416,48.341232227488184,0.15763296937805116,0.18991082592265693,-0.03227785654460577,12.7955,13.221273599340881,12.36972640065912,0.3995945261374142,526004.334,1.3232763591639911,-23801.071048632177,0.4499999999999993,0.08000000000000007,0.05000000000000071,0.5800000000000001,0.7758620689655159,0.47602955021420185,0.5239704497857981,0.06260621556726387,12,0,4,2,False,False,1,-1,low_vol,sideways_stable
2025-04-14 16:00:00,12.72,13.02,12.64,12.86,436057.13,1744660799999,5598659.7631,29355.0,216400.07,2778698.978,0,0.011801730920534936,0.011732633608110572,12.85,0.04800000000000182,12.792,-0.01899999999999835,12.815000000000001,0.01950000000000074,12.1194,0.004800000000003024,12.7052,-0.013800000000001589,13.5097,-0.0024999999999977263,0.01781761153398132,0.01519043119627181,0.029199482516223424,13.29,12.37,0.5326086956521742,52.46636771300448,0.15117641811469085,0.18216394436106373,-0.030987526246372882,12.815000000000001,13.212809793217685,12.417190206782317,0.5565596935611058,536525.038,0.8127433001551738,5146.228914240723,0.1399999999999988,0.16000000000000014,0.08000000000000007,0.379999999999999,0.3684210526315767,0.49626540907609973,0.5037345909239003,0.06731916067970269,16,0,4,2,False,False,1,-1,low_vol,sideways_stable
2025-04-14 20:00:00,12.87,12.88,12.57,12.63,259293.78,1744675199999,3286955.4973,16484.0,156896.49,1987418.9174,0,-0.017884914463452417,-0.018046782447073435,12.819999999999999,-0.030000000000001137,12.761999999999999,-0.030000000000001137,12.818999999999999,0.003999999999997783,12.125399999999999,0.005999999999998451,12.6924,-0.012800000000000367,13.5075,-0.002200000000000202,0.018445059195170144,0.015750738701781467,0.029123643995219443,13.29,12.43,0.2325581395348851,38.2775119617225,0.1260474800238569,0.17094065149362236,-0.04489317146976546,12.818999999999999,13.207080295545165,12.430919704454833,0.25649369193752064,536703.188,0.48312323421488607,-4637.447076205249,0.23999999999999844,0.010000000000001563,0.0600000000000005,0.3100000000000005,0.7741935483870905,0.60509160690241,0.39490839309758996,0.0635726780642405,20,0,4,2,False,False,1,-1,low_vol,sideways_stable
2025-04-15 00:00:00,12.64,12.76,12.52,12.73,367557.68,1744689599999,4648444.9569,23450.0,188825.13,2390625.0165,0,0.007917656373713333,0.007886476206915363,12.818000000000001,-0.001999999999997115,12.757000000000001,-0.004999999999997229,12.819999999999999,0.0009999999999994458,12.1482,0.022800000000000153,12.6832,-0.009199999999999875,13.504750000000001,-0.00274999999999892,0.0183713208135711,0.015588155171526378,0.027777775681662405,13.29,12.43,0.34883720930232665,41.86046511627906,0.11290033502364238,0.15933258819962637,-0.046432253175983984,12.819999999999999,13.206999252006487,12.43300074799351,0.3837207054879666,512337.127,0.7174137118507127,2910.195407759286,0.08999999999999986,0.02999999999999936,0.120000000000001,0.2400000000000002,0.37499999999999906,0.5137292465226139,0.4862707534773862,0.06379951032447478,0,1,4,2,False,False,1,-1,low_vol,sideways_stable
2025-04-15 04:00:00,12.74,12.81,12.61,12.73,390380.74,1744703999999,4957408.334,18165.0,209774.77,2663404.8403,0,0.0,0.0,12.732,-0.08600000000000207,12.763000000000002,0.006000000000000227,12.8245,0.004500000000001947,12.177200000000001,0.02900000000000169,12.674100000000001,-0.009099999999998332,13.50095,-0.003800000000001802,0.018135860350299227,0.015530679334246804,0.027463746955699003,13.29,12.43,0.34883720930232665,39.903846153846146,0.10131325178958761,0.14772872091761863,-0.04641546912803102,12.8245,13.204720157832277,12.444279842167724,0.3757298922040766,495477.049,0.7878886434556124,0.0,0.009999999999999787,0.07000000000000028,0.120000000000001,0.20000000000000107,0.04999999999999867,0.5373594250577014,0.46264057494229865,0.0465314964052786,4,1,4,2,False,False,1,-1,low_vol,sideways_stable
2025-04-15 08:00:00,12.73,12.8,12.51,12.6,384045.05,1744718399999,4864448.7126,17606.0,198575.6,2516319.464,0,-0.010212097407698462,-0.01026459861188295,12.709999999999999,-0.02200000000000024,12.756,-0.0070000000000014495,12.827000000000002,0.002500000000001279,12.2104,0.03319999999999901,12.6643,-0.009800000000000253,13.497549999999999,-0.003400000000000958,0.018459338468855946,0.015625299799221597,0.027118584053647175,13.29,12.43,0.1976744186046512,39.33649289099523,0.08071011533225736,0.13432499980054638,-0.05361488446828902,12.827000000000002,13.200213639961861,12.453786360038142,0.1958846412698094,453176.659,0.8474510819852265,-3921.905459544426,0.13000000000000078,0.07000000000000028,0.08999999999999986,0.2900000000000009,0.4482758620689668,0.5170632976521895,0.48293670234781044,0.045843580069577776,8,1,4,2,False,False,1,-1,low_vol,sideways_stable
2025-04-15 12:00:00,12.6,12.84,12.29,12.37,1083690.84,1744732799999,13576905.1479,46542.0,529710.47,6646377.8761,0,-0.0182539682539683,-0.01842262755303583,12.612,-0.09799999999999898,12.731,-0.025000000000000355,12.8065,-0.02050000000000196,12.250800000000002,0.04040000000000177,12.6525,-0.01180000000000092,13.49375,-0.0037999999999982492,0.019300065431247317,0.01554669349499735,0.026032803102475004,13.29,12.29,0.08000000000000007,37.38738738738736,0.04530070511261286,0.11652014086295968,-0.07121943575034682,12.8065,13.231966926169484,12.381033073830515,-0.012965841939640217,502677.24799999996,2.155838252699275,-19781.658190476242,0.23000000000000043,0.2400000000000002,0.08000000000000007,0.5500000000000007,0.41818181818181843,0.48880220303421584,0.5111977969657842,0.04294767315741083,12,1,4,2,False,False,1,-1,low_vol,sideways_stable
2025-04-15 16:00:00,12.37,12.45,12.26,12.37,460056.63,1744747199999,5687696.6111,25121.0,255479.79,3157892.7916,0,0.0,0.0,12.56,-0.0519999999999996,12.69,-0.04100000000000037,12.7875,-0.019000000000000128,12.284,0.03319999999999901,12.6395,-0.0129999999999999,13.488400000000002,-0.0053499999999981895,0.01864638835982285,0.015548935212249423,0.025652557650772168,13.29,12.26,0.10679611650485388,40.09661835748791,0.017042042346650632,0.09662452115969788,-0.07958247881304725,12.7875,13.255412497443817,12.319587502556182,0.05386957787964447,487587.663,0.9435362395541169,0.0,0.0,0.08000000000000007,0.10999999999999943,0.1899999999999995,0.0,0.5553224827995632,0.4446775172004368,0.05460414731986364,16,1,4,2,False,False,1,-1,low_vol,sideways_stable
2025-04-15 20:00:00,12.36,12.44,12.21,12.24,402815.53,1744761599999,4962314.9886,14804.0,165925.22,2043591.1906,0,-0.010509296685529468,-0.010564909320216469,12.462,-0.09800000000000075,12.64,-0.049999999999998934,12.7435,-0.04400000000000048,12.303000000000003,0.019000000000001904,12.6252,-0.014300000000000423,13.4845,-0.003900000000001569,0.018793195209058623,0.013904458300072798,0.024641335716238628,13.29,12.21,0.027777777777777228,39.712918660287066,-0.015662517283054456,0.07416711347114742,-0.08982963075420188,12.7435,13.244121718729938,12.24287828127006,-0.0028747067519989157,495940.69299999997,0.8122252029034448,-4233.307914308796,0.11999999999999922,0.08000000000000007,0.02999999999999936,0.22999999999999865,0.5217391304347823,0.4119136618193444,0.5880863381806556,0.036751313932707606,20,1,4,2,False,False,1,-1,low_vol,sideways_stable
2025-04-16 00:00:00,12.24,12.43,12.17,12.4,354441.89,1744775999999,4366085.107,18439.0,158221.57,1949587.0715,0,0.013071895424836555,0.012987195526811112,12.395999999999999,-0.06600000000000072,12.564,-0.07600000000000051,12.7095,-0.03399999999999892,12.3244,0.021399999999998087,12.6118,-0.013399999999998968,13.4824,-0.002100000000000435,0.01516742251595954,0.014383286098197617,0.024691045197535372,13.29,12.17,0.20535714285714338,43.99999999999999,-0.02834372477318503,0.053664945822280936,-0.08200867059546596,12.7095,13.206246255251338,12.212753744748662,0.18847273962497968,483438.83699999994,0.7331680098345099,4633.2273202614215,0.16000000000000014,0.02999999999999936,0.07000000000000028,0.2599999999999998,0.6153846153846164,0.4463963613330241,0.5536036386669758,0.052022631975018524,0,2,4,2,False,False,1,-1,low_vol,sideways_stable
2025-04-16 04:00:00,12.39,12.44,12.13,12.15,310108.18,1744790399999,3800958.8182,18259.0,135871.94,1665931.4604,0,-0.020161290322580627,-0.0203673028244337,12.306000000000001,-0.08999999999999808,12.508,-0.05600000000000094,12.6595,-0.05000000000000071,12.3384,0.013999999999999346,12.5972,-0.014599999999999724,13.47795,-0.004450000000000287,0.012699519585739671,0.014770133031723493,0.024857610006551803,13.25,12.13,0.01785714285714249,40.40816326530613,-0.057899158279434815,0.03135212500193779,-0.0892512832813726,12.6595,13.17065864259123,12.14834135740877,0.00162243426309162,444844.745,0.697115529598984,-6252.181048387091,0.2400000000000002,0.049999999999998934,0.019999999999999574,0.3099999999999987,0.7741935483871006,0.4381436826335894,0.5618563173664106,0.05887945297025057,4,2,4,2,False,False,1,-1,low_vol,sideways_stable
2025-04-16 08:00:00,12.15,12.31,12.04,12.17,354578.92,1744804799999,4313344.011,19912.0,194054.91,2362763.1576,0,0.0016460905349793276,0.001644737212878245,12.266,-0.040000000000000924,12.439,-0.06899999999999906,12.615499999999999,-0.04400000000000048,12.348799999999999,0.010399999999998855,12.5829,-0.014300000000000423,13.4725,-0.005449999999999733,0.011617887860295698,0.014790973983359245,0.024750447507380206,13.25,12.04,0.10743801652892619,36.796536796536785,-0.07879986363869484,0.009321727273811264,-0.08812159091250611,12.615499999999999,13.136530355718286,12.094469644281713,0.07248172288749097,436696.924,0.8119565321234092,583.6690041151921,0.019999999999999574,0.14000000000000057,0.11000000000000121,0.27000000000000135,0.07407407407407213,0.5472827036643916,0.4527172963356084,0.05615675066075558,8,2,4,2,False,False,1,-1,low_vol,sideways_stable
2025-04-16 12:00:00,12.18,12.53,12.04,12.32,522424.32,1744819199999,6417712.446,28402.0,267911.91,3291318.6439,0,0.012325390304026351,0.01225005110593797,12.256,-0.009999999999999787,12.408,-0.031000000000000583,12.585,-0.030499999999998195,12.363,0.014200000000000657,12.572000000000001,-0.010899999999999466,13.4674,-0.0051000000000005485,0.011945058332162403,0.015124738836898357,0.02479098499976033,13.25,12.04,0.23140495867768673,41.32231404958676,-0.08231124403539525,-0.00900486698803004,-0.0733063770473652,12.585,13.099893959446668,12.070106040553334,0.24266546039422948,463009.978,1.1283219473080124,6439.08364831556,0.14000000000000057,0.20999999999999908,0.14000000000000057,0.4900000000000002,0.28571428571428675,0.5128243455434845,0.4871756544565154,0.05436576918930573,12,2,4,2,False,False,1,-1,low_vol,sideways_stable
2025-04-16 16:00:00,12.32,12.5,11.89,12.39,1005388.16,1744833599999,12264494.7852,52055.0,521227.21,6366426.535,0,0.005681818181818121,0.0056657375356773,12.286000000000001,0.030000000000001137,12.373999999999999,-0.034000000000000696,12.5655,-0.01950000000000074,12.3752,0.012199999999999989,12.563400000000001,-0.008599999999999497,13.45885,-0.008549999999999613,0.011749435401422046,0.015059223237371182,0.024726204377412797,13.25,11.89,0.36764705882352955,31.400966183574866,-0.0785402600836882,-0.02291194560716167,-0.055628314476526525,12.5655,13.078836864878307,12.052163135121694,0.3290596175655491,526793.026,1.908506966453273,5712.432727272667,0.07000000000000028,0.10999999999999943,0.4299999999999997,0.6099999999999994,0.11475409836065631,0.5184338057054502,0.4815661942945499,0.05177602250657099,16,2,4,2,False,False,1,-1,low_vol,sideways_stable
2025-04-16 20:00:00,12.39,12.51,12.27,12.35,349910.36,1744847999999,4339038.2694,17144.0,165510.23,2052567.2852,0,-0.0032284100080710587,-0.0032336325670649104,12.276,-0.010000000000001563,12.336,-0.03799999999999848,12.549499999999998,-0.01600000000000179,12.3938,0.01860000000000106,12.5548,-0.008600000000001273,13.44875,-0.010099999999999554,0.011713098342929315,0.014972276414968462,0.02430597841034319,13.25,11.89,0.3382352941176465,39.156626506024054,-0.07788162296957424,-0.033905881079644186,-0.04397574188993005,12.549499999999998,13.069033191281452,12.029966808718545,0.3080007174248846,522745.988,0.6693697666408489,-1129.654108151747,0.040000000000000924,0.11999999999999922,0.08000000000000007,0.2400000000000002,0.16666666666667038,0.47300751541051833,0.5269924845894817,0.048995405566157,20,2,4,2,False,False,1,-1,low_vol,sideways_stable
2025-04-17 00:00:00,12.35,12.51,12.3,12.39,205320.05,1744862399999,2545223.7068,15568.0,92723.37,1149496.033,0,0.0032388663967612974,0.0032336325670650396,12.324000000000002,0.04800000000000182,12.315000000000001,-0.02099999999999902,12.5355,-0.01399999999999757,12.423399999999999,0.029599999999998516,12.5464,-0.008399999999999963,13.441,-0.007749999999999702,0.01155959194501395,0.015003099387237772,0.023361129651365175,13.25,11.89,0.36764705882352955,34.83870967741939,-0.07328717368678284,-0.04178213960107192,-0.03150503408571092,12.5355,13.056449537914778,12.014550462085223,0.3603511574437728,504873.488,0.40667623648322765,665.0042105263494,0.040000000000000924,0.11999999999999922,0.049999999999998934,0.20999999999999908,0.1904761904761957,0.45160406886711746,0.5483959311328825,0.0758230869318413,0,3,4,2,False,False,1,-1,low_vol,sideways_stable
2025-04-17 04:00:00,12.39,12.7,12.35,12.61,333452.84,1744876799999,4195182.3771,15886.0,197106.52,2479732.2004,0,0.0177562550443906,0.017600454335777074,12.412,0.08799999999999919,12.339,0.023999999999999133,12.535,-0.0005000000000006111,12.457,0.03360000000000163,12.536900000000001,-0.009499999999999176,13.43575,-0.005250000000000199,0.011409617405609735,0.015554233749024324,0.023455928262658857,13.25,11.89,0.5294117647058817,49.350649350649306,-0.05130249491893579,-0.04368621066464469,-0.007616284254291103,12.535,13.055627152173162,12.014372847826838,0.5720285137712661,429849.6880000001,0.775742891780347,5920.873672316372,0.21999999999999886,0.08999999999999986,0.040000000000000924,0.34999999999999964,0.628571428571426,0.5911076360903088,0.4088923639096912,0.047640919777441386,4,3,4,2,False,False,1,-1,low_vol,sideways_stable
2025-04-17 08:00:00,12.61,12.63,12.39,12.44,344811.07,1744891199999,4305739.3985,14214.0,161565.07,2016922.0891,0,-0.013481363996827866,-0.013573062665794756,12.436,0.023999999999999133,12.346,0.006999999999999673,12.517999999999999,-0.017000000000001236,12.491999999999997,0.03499999999999659,12.526,-0.010900000000001242,13.4279,-0.007850000000001245,0.01242144411309838,0.015538565131226196,0.023301058653972997,13.25,11.89,0.40441176470588175,40.99378881987576,-0.04705464124134551,-0.04435989677998485,-0.002694744461360657,12.517999999999999,13.02701762972358,12.008982370276417,0.4233818285995745,418325.132,0.824265729270122,-4648.523544805694,0.16999999999999993,0.02000000000000135,0.049999999999998934,0.2400000000000002,0.7083333333333324,0.46856114567319435,0.5314388543268057,0.04122257443764784,8,3,4,2,False,False,1,-1,low_vol,sideways_stable
2025-04-20 04:00:00,13.03,13.1,12.88,12.97,241633.8,1745135999999,3139880.8027,11221.0,128158.92,1666738.3217,0,-0.004604758250191798,-0.004615392808401169,12.925999999999998,0.04199999999999804,12.816999999999998,0.0459999999999976,12.672,0.031000000000000583,12.665799999999999,0.006599999999998829,12.381400000000001,0.004100000000001103,13.332799999999999,-0.005300000000000082,0.008504652058856126,0.008364439207911896,0.012243586453209152,13.1,12.2,0.8555555555555567,68.06722689075637,0.11864236480047019,0.0749062774915022,0.043736087308968,12.672,13.056740514059623,12.287259485940378,0.8872740056091671,186208.279,1.297653365884983,-1112.6652340751948,0.05999999999999872,0.07000000000000028,0.08999999999999986,0.21999999999999886,0.2727272727272683,0.5303849047608405,0.4696150952391594,0.04643803971133178,4,6,4,2,False,False,1,-1,low_vol,sideways_stable
2025-04-20 08:00:00,12.98,13.14,12.87,12.91,497028.29,1745150399999,6471924.6898,20119.0,230012.56,2997458.6933,0,-0.004626060138781862,-0.004636793469801441,12.958000000000002,0.03200000000000358,12.844,0.027000000000001023,12.698,0.0259999999999998,12.673000000000002,0.00720000000000276,12.384,0.0025999999999992696,13.328200000000002,-0.004599999999996385,0.008507856255908261,0.008510748060050404,0.012216587109684901,13.14,12.2,0.7553191489361701,63.934426229508205,0.11785733696516232,0.08349648938623422,0.0343608475789281,12.698,13.072649309707254,12.323350690292747,0.782931256653928,223565.63799999998,2.2231873128910804,-2299.282760215912,0.07000000000000028,0.16000000000000014,0.040000000000000924,0.27000000000000135,0.259259259259259,0.4627755896953069,0.5372244103046931,0.04047858120912997,8,6,4,2,False,False,1,-1,low_vol,sideways_stable
2025-04-20 12:00:00,12.9,13.21,12.9,13.1,413988.17,1745164799999,5417191.7386,16128.0,232924.44,3047931.3288,0,0.014717273431448463,0.014610025348554703,12.99,0.03199999999999825,12.898,0.05400000000000027,12.7225,0.024499999999999744,12.679399999999998,0.006399999999995742,12.386,0.0019999999999988916,13.323,-0.005200000000002092,0.008776684705132385,0.008239158886108166,0.012120219854910165,13.21,12.2,0.8910891089108901,67.1641791044776,0.13105587826837883,0.09300836716266314,0.03804751110571569,12.7225,13.135084919489836,12.309915080510164,0.9574815779340416,252703.30099999998,1.6382380774677732,6092.77709527497,0.1999999999999993,0.11000000000000121,0.0,0.3100000000000005,0.6451612903225773,0.5626354975312459,0.4373645024687541,0.03895763494884407,12,6,4,2,False,False,1,-1,low_vol,sideways_stable
2025-04-20 16:00:00,13.1,13.45,13.05,13.41,417944.81,1745179199999,5539311.3946,18579.0,202759.27,2687979.8261,0,0.023664122137404542,0.02338846708648126,13.084,0.09399999999999942,12.966999999999999,0.06899999999999906,12.771,0.048500000000000654,12.6926,0.013200000000002987,12.393000000000002,0.007000000000003226,13.32145,-0.0015499999999999403,0.010467514644251327,0.008750676982919111,0.01254343892544355,13.45,12.2,0.9680000000000006,73.78048780487805,0.1646324462037363,0.10733318297087778,0.05729926323285851,12.771,13.263978060791763,12.278021939208239,1.1481018637763665,274551.387,1.5222826392058986,9890.297030534335,0.3100000000000005,0.03999999999999915,0.049999999999998934,0.3999999999999986,0.775000000000004,0.4851340778702336,0.5148659221297663,0.044453237737298375,16,6,4,2,False,False,1,-1,low_vol,sideways_stable
2025-04-20 20:00:00,13.41,13.6,13.24,13.28,520992.39,1745193599999,6981625.5062,18591.0,220642.73,2958468.5402,0,-0.009694258016405777,-0.009741553245299473,13.134,0.05000000000000071,13.009,0.04200000000000159,12.812999999999999,0.04199999999999804,12.695799999999998,0.003199999999997871,12.3951,0.002099999999996882,13.31985,-0.0015999999999998238,0.011241862269800595,0.0092275843303058,0.01196557741707928,13.6,12.38,0.7377049180327864,73.33333333333334,0.1786923504698592,0.12160501647067407,0.05708733399918514,12.812999999999999,13.329795795975341,12.296204204024656,0.9518225609001297,302484.592,1.7223766227405064,-5050.634653243905,0.13000000000000078,0.1899999999999995,0.03999999999999915,0.35999999999999943,0.3611111111111138,0.4235047080054279,0.5764952919945722,0.035683822560248914,20,6,4,2,False,False,1,-1,low_vol,sideways_stable
2025-04-21 00:00:00,13.29,13.66,13.25,13.53,582629.33,1745207999999,7877697.7578,27142.0,300282.02,4059693.1828,0,0.018825301204819178,0.018650298134408782,13.245999999999999,0.11199999999999832,13.085999999999999,0.07699999999999818,12.864500000000001,0.051500000000002544,12.7048,0.009000000000002117,12.4048,0.009700000000000486,13.31895,-0.0009000000000014552,0.011480991308041524,0.00985787179797987,0.012236969591019338,13.66,12.4,0.8968253968253962,75.1412429378531,0.20761458486103912,0.1388069301487471,0.06880765471229203,12.864500000000001,13.450601302543378,12.278398697456625,1.067734619520612,341260.2729999999,1.7072872997437942,10968.17262801199,0.2400000000000002,0.13000000000000078,0.03999999999999915,0.41000000000000014,0.5853658536585369,0.5153911836192662,0.4846088163807338,0.04658536500385245,0,0,4,2,False,False,1,-1,low_vol,sideways_stable
2025-04-21 04:00:00,13.53,13.65,13.46,13.64,429760.18,1745222399999,5830267.3332,14158.0,258591.9,3508576.7617,0,0.008130081300813163,0.008097210232619523,13.392000000000001,0.14600000000000257,13.175,0.08900000000000219,12.9195,0.05499999999999794,12.7146,0.009800000000000253,12.413799999999998,0.008999999999998565,13.3176,-0.00134999999999863,0.011244956148902474,0.009898036449860278,0.012264568983593623,13.66,12.4,0.9841269841269845,80.00000000000003,0.23668340571041213,0.15838222526108012,0.07830118044933201,12.9195,13.579212058401943,12.259787941598056,1.0460715707890103,368995.34699999995,1.1646764207029419,3493.9852032520994,0.11000000000000121,0.009999999999999787,0.06999999999999851,0.1899999999999995,0.5789473684210605,0.6017120990595266,0.39828790094047334,0.03294395492853712,4,0,4,2,False,False,1,-1,low_vol,sideways_stable
2025-04-21 08:00:00,13.65,13.7,13.39,13.45,379330.21,1745236799999,5133451.0733,13868.0,177929.71,2408761.7611,0,-0.013929618768328544,-0.014027546367468028,13.462,0.06999999999999851,13.225999999999999,0.05099999999999838,12.9635,0.04400000000000048,12.7226,0.007999999999999119,12.418999999999999,0.0052000000000003155,13.3149,-0.002700000000000813,0.01256335453434487,0.010700422312357584,0.012385112518397683,13.7,12.46,0.7983870967741933,69.9453551912568,0.24160418095467406,0.17502661639979894,0.06657756455487512,12.9635,13.642175955543218,12.284824044456782,0.8584184735192223,383984.611,0.9878786782942196,-5283.925212610008,0.20000000000000107,0.049999999999998934,0.05999999999999872,0.3099999999999987,0.6451612903225867,0.4690628515983475,0.5309371484016525,0.036559176238560066,8,0,4,2,False,False,1,-1,low_vol,sideways_stable
2025-04-21 12:00:00,13.45,13.59,13.32,13.36,546585.93,1745251199999,7353484.017,25750.0,276953.59,3729324.0065,0,-0.006691449814126393,-0.006713937939348445,13.452000000000002,-0.00999999999999801,13.268,0.04200000000000159,12.999500000000001,0.036000000000001364,12.731200000000001,0.008600000000001273,12.423200000000001,0.004200000000002646,13.3124,-0.0024999999999995026,0.012968411772181655,0.010921149214804917,0.012349380755938727,13.7,12.46,0.725806451612903,64.04494382022472,0.2355266780155123,0.1871266287229416,0.04840004929257069,12.999500000000001,13.682295338066341,12.316704661933661,0.7639883284945426,421587.179,1.2964956175766438,-3657.4523197026024,0.08999999999999986,0.14000000000000057,0.03999999999999915,0.2699999999999996,0.3333333333333333,0.5066972543548642,0.4933027456451358,0.04711061625753886,12,0,4,2,False,False,1,-1,low_vol,sideways_stable
2025-04-21 16:00:00,13.37,13.39,12.96,13.14,510975.64,1745265599999,6717258.3484,25773.0,254538.92,3343188.3179,0,-0.01646706586826341,-0.01660415505203515,13.424000000000001,-0.02800000000000047,13.279,0.010999999999999233,13.025,0.02549999999999919,12.738399999999999,0.007199999999997431,12.426099999999998,0.002899999999996794,13.3058,-0.006600000000000605,0.014278744957403241,0.011727478346434032,0.01246714822268986,13.7,12.46,0.5483870967741941,60.00000000000002,0.2105311793820892,0.19180753885477114,0.018723640527318064,13.025,13.687483366226827,12.362516633773174,0.5867946320335427,454086.875,1.1252816765514309,-8414.26952095805,0.22999999999999865,0.02000000000000135,0.17999999999999972,0.4299999999999997,0.5348837209302297,0.49814296431039257,0.5018570356896074,0.0504388036971782,16,0,4,2,False,False,1,-1,low_vol,sideways_stable
2025-04-21 20:00:00,13.13,13.15,13.01,13.11,174117.45,1745279999999,2276688.1367,8314.0,75501.2,987399.925,0,-0.0022831050228311334,-0.0022857152808560626,13.34,-0.0840000000000014,13.293000000000001,0.014000000000001123,13.055000000000001,0.030000000000001137,12.7472,0.008800000000000807,12.428400000000002,0.0023000000000035214,13.298250000000001,-0.007549999999998391,0.014197353284930945,0.011461455745301918,0.01240341915414243,13.7,12.5,0.5083333333333332,59.37499999999998,0.18615543339427987,0.1906771177626729,-0.004521684368393036,13.055000000000001,13.672072886593902,12.4379271134061,0.5445652379118334,447335.24000000005,0.3892325809162721,-397.5284246575487,0.02000000000000135,0.019999999999999574,0.09999999999999964,0.14000000000000057,0.14285714285715193,0.4336222475116652,0.5663777524883348,0.047749378365005916,20,0,4,2,False,False,1,-1,low_vol,sideways_stable
2025-04-22 00:00:00,13.1,13.32,12.88,13.12,457601.29,1745294399999,6006860.2299,23031.0,251226.59,3299921.707,0,0.0007627765064834868,0.0007624857403343954,13.235999999999999,-0.10400000000000098,13.313999999999998,0.020999999999997243,13.078999999999999,0.023999999999997357,12.756200000000002,0.009000000000002117,12.4307,0.0022999999999981924,13.29145,-0.006800000000001916,0.014054695396084574,0.011309642377706687,0.012402936392110172,13.7,12.52,0.5084745762711863,55.17241379310343,0.16573391806600668,0.18568847782333966,-0.019954559757332985,13.078999999999999,13.6646494370857,12.493350562914298,0.5350038755300645,443392.54000000004,1.0320455323853666,349.04751334853694,0.019999999999999574,0.20000000000000107,0.21999999999999886,0.4399999999999995,0.04545454545454454,0.5490076087853686,0.4509923912146314,0.050329840634846114,0,1,4,2,False,False,1,-1,low_vol,sideways_stable
2025-04-22 04:00:00,13.13,13.34,13.01,13.29,340224.61,1745308799999,4469497.6355,15483.0,175170.5,2302625.8463,0,0.012957317073170715,0.012874089209210963,13.203999999999999,-0.03200000000000003,13.333000000000002,0.01900000000000368,13.1155,0.036500000000001975,12.7696,0.013399999999998968,12.4372,0.0065000000000008384,13.282749999999998,-0.00870000000000104,0.013883604188425382,0.011390678044262907,0.01250163832417594,13.7,12.53,0.6495726495726495,59.162303664921446,0.16140670328669415,0.18083212291601058,-0.01942541962931643,13.1155,13.654054595776953,12.576945404223048,0.6620077159941915,436016.184,0.7803027100480288,4408.398147865848,0.15999999999999837,0.05000000000000071,0.120000000000001,0.33000000000000007,0.4848484848484798,0.5148672225680558,0.4851327774319441,0.04550817179274597,4,1,4,2,False,False,1,-1,low_vol,sideways_stable
2025-04-22 08:00:00,13.29,13.53,13.24,13.46,507730.62,1745323199999,6794462.1052,21654.0,296761.51,3973884.5015,0,0.012791572610985735,0.012710451491427816,13.223999999999998,0.019999999999999574,13.338,0.004999999999997229,13.152499999999998,0.03699999999999726,12.7832,0.013600000000000279,12.445699999999999,0.008499999999997954,13.27645,-0.006299999999997752,0.012291895662016402,0.011393082964884395,0.012503787401405493,13.7,12.7,0.7600000000000016,60.80402010050253,0.16973829622840952,0.1786133575784904,-0.00887506135008087,13.152499999999998,13.678172501609374,12.626827498390622,0.7924824858239435,444994.765,1.1409811079462924,6494.673092550806,0.1700000000000017,0.06999999999999851,0.049999999999998934,0.28999999999999915,0.5862068965517317,0.5844861395202047,0.4155138604797953,0.04264859976339422,8,1,4,2,False,False,1,-1,low_vol,sideways_stable
2025-04-22 12:00:00,13.45,14.09,13.4,13.86,1379487.1,1745337599999,18898567.5825,52923.0,727440.29,9963214.6489,0,0.029717682020802272,0.029284669545175324,13.367999999999999,0.14400000000000013,13.395999999999997,0.05799999999999805,13.2025,0.05000000000000249,12.805600000000002,0.022400000000001086,12.455800000000002,0.010100000000003106,13.2726,-0.003849999999999909,0.014753355327222212,0.012778445226348575,0.01312379889551839,14.09,12.7,0.8345323741007192,69.09871244635187,0.20624038988669469,0.18413876404013124,0.022101625846563444,13.2025,13.796784177991817,12.608215822008184,1.0531865262018236,530844.2359999999,2.5986664381903553,40995.15898959867,0.41000000000000014,0.23000000000000043,0.049999999999998934,0.6899999999999995,0.5942028985507253,0.5273266346600849,0.4726733653399151,0.03836425871615617,12,1,4,2,False,False,1,-1,low_vol,sideways_stable
2025-04-22 16:00:00,13.86,13.93,13.72,13.86,520201.99,1745351999999,7193810.7136,25731.0,280197.99,3876083.3692,0,0.0,0.0,13.517999999999997,0.14999999999999858,13.428999999999998,0.03300000000000125,13.257499999999999,0.05499999999999794,12.819599999999998,0.013999999999995794,12.466500000000002,0.010699999999999932,13.269449999999999,-0.0031500000000015405,0.013880772923575957,0.01252251709253889,0.012328559254145988,14.09,12.7,0.8345323741007192,70.92511013215855,0.23248857848065718,0.19380872692823642,0.03867985155242076,13.257499999999999,13.882180971208783,12.632819028791214,0.9822461606555246,524601.502,0.991613611506587,0.0,0.0,0.07000000000000028,0.1399999999999988,0.20999999999999908,0.0,0.5386330605924825,0.46136693940751744,0.04946347859991847,16,1,4,2,False,False,1,-1,low_vol,sideways_stable
2025-04-22 20:00:00,13.86,14.18,13.77,14.13,667236.95,1745366399999,9338645.1465,31519.0,335703.15,4702748.9082,0,0.019480519480519654,0.01929320293467907,13.719999999999999,0.20200000000000173,13.478,0.049000000000001265,13.326500000000001,0.06900000000000261,12.848000000000003,0.028400000000004866,12.481300000000001,0.014799999999999258,13.26835,-0.0010999999999992127,0.014824403693974926,0.012910389074212679,0.011500619299436713,14.18,12.7,0.9662162162162169,71.91489361702125,0.27194241765278626,0.2094354650731464,0.06250695257963987,13.326500000000001,14.016588476402863,12.63641152359714,1.0821717268692157,548349.179,1.2168103382899382,12998.122402597517,0.27000000000000135,0.049999999999998934,0.08999999999999986,0.41000000000000014,0.6585365853658567,0.503124339861574,0.496875660138426,0.047238091355702054,20,1,4,2,False,False,1,-1,low_vol,sideways_stable
2025-04-23 00:00:00,14.13,14.43,14.01,14.42,789412.01,1745380799999,11230350.0926,36923.0,411339.96,5857124.6738,0,0.020523708421797515,0.02031593516036687,13.946000000000002,0.22600000000000264,13.575,0.09699999999999953,13.4005,0.07399999999999807,12.8792,0.03119999999999834,12.4993,0.017999999999998906,13.2696,0.0012500000000006395,0.014282679204440362,0.013190209818173848,0.011713633438023766,14.43,12.87,0.9935897435897437,71.67381974248923,0.3228883894525705,0.23212604994903124,0.09076233950353924,13.4005,14.221140956172807,12.579859043827192,1.1211608087138403,589357.3589999999,1.3394454110820733,16201.661917905105,0.28999999999999915,0.009999999999999787,0.120000000000001,0.41999999999999993,0.6904761904761886,0.5210713224390898,0.4789286775609102,0.04677278725465552,0,2,4,2,False,False,1,-1,low_vol,sideways_stable
2025-04-23 04:00:00,14.42,14.77,14.35,14.74,610004.21,1745395199999,8889343.0093,31887.0,313511.89,4572102.5783,0,0.02219140083217752,0.021948754904387517,14.201999999999998,0.2559999999999967,13.713,0.1379999999999999,13.4905,0.09000000000000163,12.9214,0.04219999999999935,12.523399999999999,0.0240999999999989,13.2722,0.0025999999999992696,0.014107840595614362,0.013628283962652,0.011671168504801804,14.77,12.87,0.9842105263157899,78.96825396825395,0.38465075038456575,0.26263099003613816,0.1220197603484276,13.4905,14.476624258211114,12.504375741788888,1.1335408492367205,595699.187,1.024013836701778,13536.84793342579,0.3200000000000003,0.02999999999999936,0.07000000000000028,0.41999999999999993,0.7619047619047628,0.5139503709326859,0.4860496290673141,0.0522734097195821,4,2,4,2,False,False,1,-1,low_vol,sideways_stable
2025-04-23 08:00:00,14.75,15.16,14.7,15.01,777466.59,1745409599999,11584251.2124,37133.0,352553.17,5256658.9309,0,0.01831750339213012,0.018151758884179903,14.431999999999999,0.23000000000000043,13.9,0.18700000000000117,13.589499999999997,0.09899999999999665,12.967,0.04560000000000031,12.5576,0.03420000000000201,13.27655,0.00435000000000052,0.010755988016206764,0.013877496068081417,0.01184898301283166,15.16,12.87,0.9344978165938863,79.1338582677165,0.4501950417086711,0.30014380037064475,0.15005124133802633,13.589499999999997,14.761084172684587,12.417915827315408,1.1062304498126851,622348.2819999999,1.2492467842949715,14241.246899592836,0.2599999999999998,0.15000000000000036,0.05000000000000071,0.46000000000000085,0.5652173913043463,0.45346407747244805,0.546535922527552,0.0477615378945094,8,2,4,2,False,False,1,-1,low_vol,sideways_stable
2025-04-23 12:00:00,15.0,15.28,14.58,14.85,1559101.07,1745423999999,23308068.6884,89283.0,705797.95,10562475.5033,0,-0.01065956029313797,-0.010716780396662025,14.63,0.19800000000000217,14.074000000000002,0.17400000000000126,13.6835,0.09400000000000297,13.009400000000001,0.04240000000000066,12.593300000000001,0.03570000000000029,13.27985,0.0032999999999994145,0.012328274860172125,0.014210374576350156,0.012005696788452803,15.28,12.87,0.8215767634854773,73.35907335907332,0.48365344611691796,0.33684572951989944,0.14680771659701852,13.6835,14.9440976026434,12.422902397356602,0.9626773831530051,760846.644,2.0491659946127068,-16619.331858760925,0.15000000000000036,0.27999999999999936,0.2699999999999996,0.6999999999999993,0.21428571428571502,0.4526954432787349,0.5473045567212651,0.05726569092791399,12,2,4,2,False,False,1,-1,low_vol,sideways_stable
2025-04-23 16:00:00,14.85,15.04,14.71,14.86,475672.07,1745438399999,7070538.8925,37882.0,256436.73,3815039.3167,0,0.0006734006734006037,0.0006731740409044118,14.776,0.14599999999999902,14.248,0.1739999999999977,13.781,0.09750000000000014,13.0546,0.04519999999999946,12.6325,0.039199999999999235,13.283800000000001,0.003950000000001452,0.012337845319355199,0.014032707095045012,0.011856102242565968,15.28,12.88,0.825,79.25311203319502,0.5051532963385696,0.3705072428836335,0.13464605345493613,13.781,15.090397611600064,12.471602388399937,0.9120215244174295,762653.722,0.6237064820880793,320.31789225585914,0.009999999999999787,0.17999999999999972,0.1399999999999988,0.3299999999999983,0.030303030303029815,0.5391040302198109,0.4608959697801891,0.07963889912645071,16,2,4,2,False,False,1,-1,low_vol,sideways_stable
2025-04-23 20:00:00,14.86,15.15,14.84,15.02,267825.45,1745452799999,4020315.1817,22466.0,138246.6,2075622.9909,0,0.010767160161507361,0.010709607046375538,14.896,0.120000000000001,14.421000000000001,0.17300000000000182,13.877,0.09600000000000009,13.1076,0.05299999999999905,12.679200000000002,0.046700000000001296,13.289449999999999,0.00564999999999749,0.012350218009475791,0.013948158628563611,0.01148011548774461,15.28,12.88,0.8916666666666667,83.46774193548387,0.5290047083773164,0.4022067359823701,0.12679797239494628,13.877,15.255864521416747,12.498135478583254,0.914471466285026,755413.8060000001,0.3545413756973353,2883.719515477782,0.16000000000000014,0.13000000000000078,0.019999999999999574,0.3100000000000005,0.5161290322580642,0.5161817146204739,0.4838182853795261,0.08388299170224488,20,2,4,2,False,False,1,-1,low_vol,sideways_stable
2025-04-24 00:00:00,15.02,15.12,14.56,14.57,453912.05,1745467199999,6734817.9969,34765.0,219445.68,3256392.8406,0,-0.029960053262316877,-0.030418026128875186,14.862,-0.034000000000000696,14.532,0.11099999999999888,13.934999999999999,0.05799999999999805,13.151599999999998,0.04399999999999871,12.7178,0.03859999999999886,13.292300000000001,0.0028500000000022396,0.018204152435984007,0.015620667012257472,0.012433034919472128,15.28,12.88,0.7041666666666668,76.38376383763837,0.5057657325287295,0.42291853529164203,0.08284719723708744,13.934999999999999,15.32866234678378,12.541337653216218,0.7278170180407831,750031.949,0.6051902863673878,-13599.22919440744,0.4499999999999993,0.09999999999999964,0.009999999999999787,0.5599999999999987,0.8035714285714292,0.4834541845716588,0.5165458154283412,0.0765897270187033,0,3,4,2,False,False,1,-1,low_vol,sideways_stable
2025-04-24 04:00:00,14.57,14.63,14.27,14.32,663026.01,1745481599999,9587671.9193,33742.0,343470.23,4968373.217,0,-0.017158544955387822,-0.01730745867461395,14.724,-0.1379999999999999,14.578,0.045999999999999375,13.987,0.05200000000000138,13.1932,0.04160000000000075,12.7481,0.030300000000000438,13.29405,0.0017499999999994742,0.018055278148109463,0.01605506244527,0.01261852998542717,15.28,12.88,0.6000000000000002,70.64846416382254,0.46185182572395256,0.43070519337810415,0.031146632345848413,13.987,15.355135111826053,12.618864888173947,0.621698506646593,678385.8400000001,0.9773582685629169,-11376.561599176415,0.25,0.0600000000000005,0.05000000000000071,0.3600000000000012,0.6944444444444421,0.5180343226655617,0.48196567733443824,0.05089091452083456,4,3,4,2,False,False,1,-1,low_vol,sideways_stable
2025-04-24 08:00:00,14.33,14.46,14.15,14.44,509097.03,1745495999999,7296842.3659,28080.0,282915.9,4055558.6392,0,0.008379888268156277,0.008344971932180468,14.642,-0.08200000000000074,14.636,0.05799999999999983,14.032499999999999,0.045499999999998764,13.233999999999998,0.04079999999999906,12.779199999999998,0.031099999999996797,13.2959,0.0018499999999992411,0.0180734933709201,0.015710160238157342,0.012561098972938833,15.28,12.88,0.6499999999999998,71.71052631578948,0.4317557240880294,0.4309152995200892,0.0008404245679402012,14.032499999999999,15.397164986843489,12.667835013156509,0.6493040430906636,677275.344,0.7516839857084773,4266.176229050205,0.10999999999999943,0.02000000000000135,0.17999999999999972,0.3100000000000005,0.35483870967741693,0.5557209791618702,0.4442790208381298,0.05515647969896819,8,3,4,2,False,False,1,-1,low_vol,sideways_stable
2025-04-30 16:00:00,14.13,14.38,13.99,14.21,298918.93,1746043199999,4238575.7602,25958.0,159932.49,2267767.8073,0,0.0056617126680820196,0.005645745412573122,14.446000000000002,-0.0779999999999994,14.678999999999998,-0.08599999999999852,14.753499999999999,-0.01550000000000118,14.758799999999999,0.014999999999998792,13.771,0.014300000000000423,13.26435,-0.0009000000000014552,0.01347703402959838,0.01614540094728531,0.015037785059680259,15.24,13.83,0.2695035460992913,35.40856031128408,-0.07897403663765878,0.01816351498656286,-0.09713755162422165,14.753499999999999,15.324861255434044,14.182138744565954,0.02438147071495216,358269.24700000003,0.834341581095851,1692.3930927105223,0.08000000000000007,0.16999999999999993,0.14000000000000057,0.39000000000000057,0.205128205128205,0.5350363391170977,0.4649636608829023,0.08683959895079245,16,2,4,2,False,False,-1,1,low_vol,sideways_stable
2025-04-30 20:00:00,14.21,14.43,14.21,14.3,235301.29,1746057599999,3371425.5738,12956.0,145167.82,2080819.5462,0,0.006333567909922566,0.006313595156852304,14.362,-0.0840000000000014,14.592000000000002,-0.08699999999999619,14.745000000000001,-0.008499999999997954,14.7676,0.008800000000000807,13.7866,0.01559999999999917,13.26505,0.000700000000000145,0.013446421401826895,0.01621393524186459,0.01448615183564216,15.24,13.83,0.33333333333333376,44.44444444444445,-0.09729464943246313,-0.004928117897242339,-0.09236653153522079,14.745000000000001,15.338739265831492,14.15126073416851,0.12525638305493558,348215.433,0.6757348115584526,1490.2966995073837,0.08999999999999986,0.129999999999999,0.0,0.21999999999999886,0.40909090909091056,0.6169444289914433,0.38305557100855675,0.05506132159326453,20,2,4,2,False,False,-1,1,low_vol,sideways_stable
2025-05-01 00:00:00,14.3,14.68,14.3,14.54,311014.06,1746071999999,4514582.1763,14918.0,163703.26,2377265.2255,0,0.016783216783216703,0.016643934839511633,14.362,0.0,14.544,-0.04800000000000182,14.731,-0.014000000000001123,14.781200000000002,0.013600000000002055,13.8004,0.013799999999999812,13.2674,0.002349999999999852,0.01509135872268736,0.015697680409732462,0.014662307906336342,15.24,13.83,0.5035460992907794,39.903846153846125,-0.09139433581662892,-0.022221361481119657,-0.06917297433550927,14.731,15.330469941303951,14.131530058696049,0.34069259620879194,338955.619,0.9175657300432597,5219.816391608367,0.23999999999999844,0.14000000000000057,0.0,0.379999999999999,0.6315789473684186,0.5263532458950569,0.473646754104943,0.047965677178710184,0,3,5,2,False,False,-1,1,low_vol,sideways_stable
2025-05-01 04:00:00,14.53,14.75,14.48,14.72,215640.86,1746086399999,3153681.5788,11032.0,108296.05,1584224.0411,0,0.012379642365887289,0.012303641195356952,14.38,0.018000000000000682,14.525,-0.019000000000000128,14.739,0.008000000000000895,14.793,0.011799999999997368,13.8205,0.02009999999999934,13.269749999999998,0.002349999999998076,0.015755919557913934,0.015445380478100915,0.014513924212216842,15.24,13.83,0.6312056737588656,42.922374429223794,-0.07137107773223761,-0.03205130473134325,-0.039319773000894356,14.739,15.33310791151689,14.144892088483111,0.48400963896315663,317532.712,0.6791138419779565,2669.5567262723694,0.19000000000000128,0.02999999999999936,0.049999999999998934,0.2699999999999996,0.7037037037037096,0.5022056116823129,0.4977943883176871,0.05115913561094127,4,3,5,2,False,False,-1,1,low_vol,sideways_stable
2025-05-01 08:00:00,14.72,15.03,14.7,14.98,517237.83,1746100799999,7712273.2033,27447.0,273192.67,4073252.7044,0,0.017663043478260754,0.017508864788343126,14.55,0.16999999999999993,14.537,0.012000000000000455,14.745500000000002,0.0065000000000008384,14.804200000000002,0.01120000000000232,13.841700000000001,0.021200000000002106,13.27345,0.003700000000002035,0.01679925747051887,0.015305026627661974,0.014440530345092949,15.24,13.83,0.8156028368794328,48.13278008298756,-0.034129253560909234,-0.032466894497256454,-0.0016623590636527796,14.745500000000002,15.347513288890408,14.143486711109595,0.6947631425480779,350198.05700000003,1.4769865784835008,9135.994279891245,0.2599999999999998,0.049999999999998934,0.02000000000000135,0.33000000000000007,0.7878787878787871,0.5281761196778665,0.47182388032213346,0.05306456412903905,8,3,5,2,False,False,-1,1,low_vol,sideways_stable
2025-05-01 12:00:00,14.98,15.04,14.71,14.86,958447.93,1746115199999,14276666.4338,35633.0,490845.18,7311485.7,0,-0.008010680907877266,-0.00804293879946041,14.680000000000001,0.13000000000000078,14.562999999999999,0.025999999999998025,14.738,-0.007500000000002061,14.806599999999998,0.002399999999996183,13.863999999999999,0.022299999999997766,13.278200000000002,0.004750000000001364,0.015885972572697332,0.015220575613823591,0.014159164307364728,15.24,13.83,0.7304964539007087,43.62139917695474,-0.0141348984003411,-0.028800495277873386,0.014665596877532286,14.738,15.329789436237883,14.146210563762116,0.603077203249501,412992.93200000003,2.32073688370047,-7677.820534045486,0.120000000000001,0.05999999999999872,0.14999999999999858,0.3299999999999983,0.36363636363636853,0.5121250353162117,0.4878749646837883,0.037177815178754674,12,3,5,2,False,False,-1,1,low_vol,sideways_stable
2025-05-01 16:00:00,14.86,15.02,14.82,14.85,574415.44,1746129599999,8569023.6438,19517.0,270623.77,4039424.4534,0,-0.0006729475100941684,-0.0006731740409044372,14.790000000000001,0.10999999999999943,14.575999999999999,0.0129999999999999,14.732499999999998,-0.005500000000001393,14.8034,-0.003199999999997871,13.8852,0.02120000000000033,13.2842,0.005999999999998451,0.015740002032134687,0.015205153115800575,0.01391755759436407,15.24,13.83,0.7234042553191485,46.28820960698691,0.0008935553397098062,-0.02286168515435675,0.023755240494066555,14.732499999999998,15.317609076651177,14.14739092334882,0.6004086286547652,445046.569,1.290686143903291,-386.55144010764616,0.009999999999999787,0.16000000000000014,0.02999999999999936,0.1999999999999993,0.049999999999999115,0.4711289968110886,0.5288710031889114,0.033977150753468605,16,3,5,2,False,False,-1,1,low_vol,sideways_stable
2025-05-01 20:00:00,14.84,14.96,14.73,14.74,375948.36,1746143999999,5580227.8728,16927.0,168795.09,2506597.0302,0,-0.007407407407407418,-0.00743497848751809,14.830000000000002,0.040000000000000924,14.596,0.02000000000000135,14.742,0.009500000000002728,14.8012,-0.002200000000000202,13.9053,0.020100000000001117,13.289699999999998,0.00549999999999784,0.01535931492326488,0.013929972928658673,0.013874826206476764,15.24,13.83,0.6453900709219859,46.28820960698691,0.0038828731663631544,-0.01751277349021277,0.021395646656575923,14.742,15.32076820194236,14.163231798057641,0.49827219256924565,464113.627,0.8100351683920713,-2784.8026666666706,0.09999999999999964,0.120000000000001,0.009999999999999787,0.23000000000000043,0.43478260869564983,0.448984775462247,0.551015224537753,0.04502480074657062,20,3,5,2,False,False,-1,1,low_vol,sideways_stable
2025-05-02 00:00:00,14.74,15.03,14.7,14.88,492930.07,1746158399999,7322957.053,19652.0,225166.77,3344985.9765,0,0.009497964721845387,0.00945314264375533,14.862,0.03199999999999825,14.621,0.025000000000000355,14.738,-0.004000000000001336,14.801599999999999,0.00039999999999906777,13.928099999999999,0.022799999999998377,13.296199999999999,0.0065000000000008384,0.015507078165581306,0.012551498701215948,0.013940240945301411,15.24,13.83,0.7446808510638302,50.42016806722691,0.01734877319389483,-0.01054046415339125,0.02788923734728608,14.738,15.311506297859802,14.164493702140197,0.6237998610738134,494376.215,0.997074808706159,4681.832415196777,0.14000000000000057,0.14999999999999858,0.040000000000000924,0.33000000000000007,0.42424242424242586,0.45679252231457496,0.5432074776854251,0.039867724036393236,0,4,5,2,False,False,-1,1,low_vol,sideways_stable
2025-05-02 04:00:00,14.88,14.9,14.55,14.56,396679.97,1746172799999,5838211.1763,18489.0,150242.98,2211016.1307,0,-0.021505376344086002,-0.021739986636405875,14.778,-0.08399999999999963,14.664000000000001,0.04300000000000104,14.714500000000001,-0.023499999999998522,14.7924,-0.009199999999998099,13.95,0.021900000000000475,13.30125,0.005050000000000665,0.012458292803469509,0.01335640786039609,0.014182340773020607,15.24,13.83,0.517730496453901,49.18032786885248,0.002174207424083363,-0.007997529837896328,0.010171737261979692,14.714500000000001,15.276019554892764,14.152980445107238,0.36242687484899233,437653.47400000005,0.9063791185626461,-8530.752043010745,0.3200000000000003,0.019999999999999574,0.009999999999999787,0.34999999999999964,0.914285714285716,0.37875111264125594,0.6212488873587441,0.04660936119360905,4,4,5,2,False,False,-1,1,low_vol,sideways_stable
2025-05-02 08:00:00,14.56,14.77,14.55,14.59,334375.51,1746187199999,4901733.5068,14087.0,155472.01,2278834.1636,0,0.002060439560439553,0.00205831976615436,14.724,-0.05400000000000027,14.702000000000002,0.038000000000000256,14.6905,-0.02400000000000091,14.7928,0.00039999999999906777,13.9722,0.022200000000001552,13.30585,0.0045999999999999375,0.012427135330285454,0.013347222519296027,0.013534111139532628,15.23,13.83,0.5428571428571426,47.23404255319147,-0.007346312280745337,-0.007867286326466131,0.0005209740457207939,14.6905,15.22858529944084,14.15241470055916,0.40661331938966155,441199.13200000004,0.7578788935604706,688.9605288461514,0.02999999999999936,0.17999999999999972,0.009999999999999787,0.21999999999999886,0.13636363636363416,0.46496231138458677,0.5350376886154132,0.04212928153739489,8,4,5,2,False,False,-1,1,low_vol,sideways_stable
2025-05-02 12:00:00,14.59,14.88,14.49,14.79,863006.81,1746201599999,12679364.5907,28721.0,450051.31,6616373.4112,0,0.013708019191226883,0.013614914188014169,14.712,-0.012000000000000455,14.751,0.04899999999999771,14.6715,-0.019000000000000128,14.802200000000001,0.009400000000001185,13.9977,0.02549999999999919,13.31145,0.00560000000000116,0.012876591621855206,0.013664905926813365,0.013433611872390994,15.23,13.83,0.6857142857142848,55.27426160337553,0.0012327256973030387,-0.006047283921712297,0.007280009619015336,14.6715,15.16312565990227,14.17987434009773,0.620518526253853,503969.684,1.7124181025142775,11830.113913639494,0.1999999999999993,0.09000000000000163,0.09999999999999964,0.39000000000000057,0.5128205128205102,0.5214921884567747,0.4785078115432253,0.0332801545331954,12,4,5,2,False,False,-1,1,low_vol,sideways_stable
2025-05-02 16:00:00,14.79,15.02,14.61,14.64,442411.77,1746215999999,6577844.6681,18674.0,202886.99,3018530.8927,0,-0.010141987829614507,-0.010193768189542832,14.692000000000002,-0.019999999999997797,14.761000000000001,0.010000000000001563,14.6525,-0.019000000000000128,14.8062,0.0039999999999995595,14.0201,0.02239999999999931,13.31595,0.0045000000000001705,0.012590597468594391,0.013673543656023955,0.01347380214680874,15.05,13.83,0.6639344262295083,50.20576131687242,-0.004025665923283128,-0.0056429603220264635,0.0016172943987433352,14.6525,15.115982242890002,14.189017757109998,0.4865151252375316,517109.4550000001,0.8555476325606926,-4486.934787018213,0.14999999999999858,0.23000000000000043,0.030000000000001137,0.41000000000000014,0.36585365853658175,0.4585931111190825,0.5414068888809175,0.04220954609774509,16,4,5,2,False,False,-1,1,low_vol,sideways_stable
2025-05-02 20:00:00,14.64,14.8,14.57,14.65,272544.44,1746230399999,3995310.506,9784.0,122088.05,1788778.6054,0,0.000683060109289535,0.0006828269299107297,14.646,-0.04600000000000115,14.754,-0.0070000000000014495,14.639500000000002,-0.012999999999998124,14.8016,-0.0045999999999999375,14.0451,0.025000000000000355,13.32115,0.005199999999998539,0.011916135693344496,0.013601564490585633,0.012754802331977634,15.04,13.83,0.6776859504132239,63.402061855670105,-0.007301891085587542,-0.00597474647473868,-0.0013271446108488617,14.639500000000002,15.086877151618342,14.192122848381661,0.5117350651033652,522799.81299999997,0.5213170189102574,186.16423497265512,0.009999999999999787,0.15000000000000036,0.07000000000000028,0.23000000000000043,0.04347826086956421,0.44795648738972627,0.5520435126102738,0.035898732698417916,20,4,5,2,False,False,-1,1,low_vol,sideways_stable
2025-05-03 00:00:00,14.65,14.67,14.49,14.52,259192.95,1746244799999,3769648.2696,10236.0,105105.6,1528782.7017,0,-0.00887372013651877,-0.00891332606642628,14.638,-0.008000000000000895,14.708000000000002,-0.0459999999999976,14.622499999999999,-0.017000000000003013,14.793,-0.008600000000001273,14.068599999999998,0.023499999999998522,13.325750000000001,0.004600000000001714,0.010286944085799525,0.013711871013101905,0.012792058119243792,15.04,13.83,0.5702479338842975,57.788944723618066,-0.020155892097811545,-0.008810975599353253,-0.011344916498458292,14.622499999999999,15.060335585580557,14.18466441441944,0.38294692873800223,496995.325,0.5215198955845309,-2300.0056996587027,0.13000000000000078,0.019999999999999574,0.02999999999999936,0.17999999999999972,0.7222222222222276,0.4055110295245299,0.5944889704754701,0.03949181488153902,0,5,5,2,False,False,-1,1,low_vol,sideways_stable
2025-05-03 04:00:00,14.52,14.55,14.36,14.39,280127.17,1746259199999,4050244.2226,9833.0,100758.87,1456711.6516,0,-0.008953168044077087,-0.008993488497373532,14.597999999999999,-0.040000000000000924,14.660999999999998,-0.04700000000000415,14.612,-0.010499999999998622,14.7796,-0.013399999999998968,14.089300000000001,0.02070000000000327,13.330649999999999,0.004899999999997462,0.010341451223832496,0.013299973357007774,0.01279547730878654,15.04,13.83,0.4628099173553727,52.21674876847291,-0.04036736420598963,-0.01512225332068053,-0.0252451108853091,14.612,15.062010526193424,14.161989473806576,0.25333910311180213,429163.249,0.6527287009144624,-2508.025626721749,0.129999999999999,0.030000000000001137,0.030000000000001137,0.19000000000000128,0.6842105263157796,0.3596897437688747,0.6403102562311254,0.03510191460542724,4,5,5,2,False,False,-1,1,low_vol,sideways_stable
2025-05-03 08:00:00,14.39,14.43,14.28,14.3,317330.94,1746273599999,4554741.0977,11437.0,126502.62,1816578.5624,0,-0.006254343293954134,-0.006273983633414852,14.5,-0.09799999999999898,14.606,-0.05499999999999794,14.591,-0.021000000000000796,14.766000000000002,-0.013599999999998502,14.1084,0.01909999999999812,13.335899999999999,0.005250000000000199,0.0103428941453144,0.013185862333870648,0.012802905933403129,15.04,13.83,0.3884297520661165,43.617021276595786,-0.06292202338811137,-0.0246822073341667,-0.03823981605394467,14.591,15.058643588982534,14.123356411017465,0.18886561597782667,403454.799,0.78653405731332,-1984.6966365531619,0.08999999999999986,0.03999999999999915,0.02000000000000135,0.15000000000000036,0.5999999999999976,0.3986457166767287,0.6013542833232713,0.03604123821017894,8,5,5,2,False,False,-1,1,low_vol,sideways_stable
2025-05-03 12:00:00,14.3,14.53,14.3,14.42,283074.26,1746287999999,4084174.4391,11295.0,147678.35,2130199.7551,0,0.00839160839160824,0.008356594590941272,14.456,-0.04400000000000048,14.574000000000002,-0.03199999999999825,14.585000000000003,-0.005999999999996675,14.752,-0.014000000000001123,14.129100000000001,0.020700000000001495,13.341949999999999,0.006050000000000111,0.010908048671203317,0.013097447775397817,0.012788103487739897,15.04,13.83,0.48760330578512423,41.758241758241724,-0.07030334299361485,-0.03380643446605633,-0.03649690852755852,14.585000000000003,15.058442043360888,14.111557956639118,0.32574424650935563,394167.38899999997,0.718157483088993,2375.448335664293,0.11999999999999922,0.10999999999999943,0.0,0.22999999999999865,0.5217391304347823,0.5216947312694555,0.4783052687305444,0.039901190592178885,12,5,5,2,False,False,-1,1,low_vol,sideways_stable
2025-05-03 16:00:00,14.42,14.43,14.16,14.38,390109.7,1746302399999,5568587.0236,14604.0,197395.63,2818178.6853,0,-0.002773925104022079,-0.002777779563902275,14.402000000000001,-0.053999999999998494,14.524000000000001,-0.05000000000000071,14.5725,-0.012500000000002842,14.736399999999998,-0.015600000000002723,14.149,0.01989999999999803,13.3477,0.00575000000000081,0.010114896128474209,0.013015633420032126,0.012780687111185494,15.04,13.83,0.4545454545454555,31.249999999999957,-0.07847613364757144,-0.04274037430235936,-0.03573575934521209,14.5725,15.054070894382612,14.090929105617388,0.3001332698409965,383885.352,1.0162140804997426,-1082.135090152522,0.03999999999999915,0.009999999999999787,0.22000000000000064,0.2699999999999996,0.14814814814814523,0.5060003122198704,0.49399968778012954,0.037435623877078675,16,5,5,2,False,False,-1,1,low_vol,sideways_stable
2025-05-03 20:00:00,14.38,14.45,14.23,14.24,259015.72,1746316799999,3711940.7003,8289.0,118617.66,1700110.2238,0,-0.009735744089012566,-0.009783446309070971,14.346,-0.05600000000000094,14.491999999999999,-0.032000000000001805,14.578,0.005499999999999616,14.7174,-0.01899999999999835,14.1653,0.01630000000000109,13.351099999999999,0.0033999999999991815,0.008289772325090192,0.010646887870098497,0.012832688654945943,15.04,13.99,0.23809523809523833,30.86419753086416,-0.09515309346309131,-0.05322291813450575,-0.04193017532858556,14.578,15.040423820184863,14.115576179815136,0.13453439761723696,370118.927,0.6998175481039368,-2521.7107649513337,0.14000000000000057,0.06999999999999851,0.009999999999999787,0.21999999999999886,0.6363636363636422,0.45795544764618923,0.5420445523538108,0.032001918648026456,20,5,5,2,False,False,-1,1,low_vol,sideways_stable
2025-05-04 00:00:00,14.24,14.37,14.15,14.18,298013.87,1746331199999,4245203.1335,11633.0,139210.72,1984388.0676,0,-0.004213483146067398,-0.00422238487984825,14.303999999999998,-0.04200000000000159,14.450999999999999,-0.04100000000000037,14.576500000000001,-0.0014999999999982805,14.6998,-0.017599999999999838,14.1827,0.017400000000000304,13.354350000000002,0.0032500000000030838,0.008168964378951338,0.010621015452523915,0.012796574074471722,15.04,14.15,0.03370786516853865,29.940119760479007,-0.11192104666940317,-0.06496254384148523,-0.04695850282791794,14.576500000000001,15.044115451548596,14.108884548451407,0.07604052786652059,366482.763,0.8131729513292281,-1255.6764185393206,0.0600000000000005,0.129999999999999,0.02999999999999936,0.21999999999999886,0.27272727272727637,0.46712832526888765,0.5328716747311123,0.039035095916844405,0,6,5,2,False,False,-1,1,low_vol,sideways_stable
2025-05-04 04:00:00,14.17,14.27,14.07,14.12,223844.94,1746345599999,3170708.2168,10699.0,101184.87,1433479.6063,0,-0.004231311706629048,-0.004240289038885416,14.268,-0.03599999999999781,14.384,-0.0669999999999984,14.567499999999999,-0.009000000000002117,14.683799999999998,-0.01600000000000179,14.199499999999999,0.01679999999999815,13.3574,0.003049999999998221,0.005747970959739552,0.01054918655775936,0.012750519765035644,15.04,14.07,0.05154639175257628,30.864197530864132,-0.12856920320803056,-0.07768387571479429,-0.050885327493236265,14.567499999999999,15.063584670193183,14.071415329806815,0.04896812289549758,302566.576,0.7398204486406985,-947.157715091677,0.05000000000000071,0.09999999999999964,0.049999999999998934,0.1999999999999993,0.25000000000000444,0.45203108008606313,0.5479689199139369,0.04779647911630256,4,6,5,2,False,False,-1,1,low_vol,sideways_stable
2025-05-04 08:00:00,14.13,14.14,13.97,14.05,277083.07,1746359999999,3891969.0789,12796.0,121520.03,1707263.8144,0,-0.004957507082152923,-0.004969836285341195,14.193999999999999,-0.07400000000000162,14.325,-0.05900000000000105,14.543000000000001,-0.024499999999997968,14.663,-0.02079999999999771,14.215,0.01550000000000118,13.359449999999999,0.002049999999998775,0.005417929547493865,0.009756116254763551,0.012634743652152615,15.04,13.97,0.07476635514018709,23.22580645161281,-0.1457315001746693,-0.0912934006067693,-0.054438099567899995,14.543000000000001,15.090534185427005,13.995465814572997,0.04979979960929233,286033.706,0.968707757819283,-1373.6412818696742,0.08000000000000007,0.009999999999999787,0.08000000000000007,0.16999999999999993,0.47058823529411825,0.43856894612868264,0.5614310538713174,0.04618109652098196,8,6,5,2,False,False,-1,1,low_vol,sideways_stable
2025-05-04 12:00:00,14.04,14.18,13.99,14.1,237143.31,1746374399999,3340351.5926,9373.0,111955.78,1577481.2617,0,0.003558718861209842,0.0035524016043677006,14.138,-0.05599999999999916,14.270000000000001,-0.05499999999999794,14.512,-0.031000000000000583,14.643200000000002,-0.019799999999998263,14.230599999999999,0.01559999999999917,13.36125,0.001800000000001134,0.005764741112717596,0.009275198741689913,0.012652507871252024,15.04,13.97,0.12149532710280297,32.031249999999886,-0.1535283824114977,-0.10374039696771498,-0.04978798544378271,14.512,15.086862912720715,13.937137087279286,0.14165369613941103,282493.593,0.8394643838878144,843.9263701067325,0.0600000000000005,0.08000000000000007,0.049999999999998934,0.1899999999999995,0.31578947368421395,0.47210178520321744,0.5278982147967826,0.0395246233174362,12,6,5,2,False,False,-1,1,low_vol,sideways_stable
2025-05-04 16:00:00,14.1,14.13,13.96,14.01,243653.47,1746388799999,3418482.3147,9654.0,103013.73,1445376.3935,0,-0.006382978723404209,-0.006403437035206913,14.092000000000002,-0.0459999999999976,14.219,-0.05100000000000193,14.4635,-0.048500000000000654,14.6278,-0.015400000000001413,14.245,0.01440000000000019,13.361500000000001,0.0002500000000011937,0.005571956398238404,0.008055748551540677,0.012367745946835658,15.04,13.96,0.046296296296295385,28.358208955223787,-0.1650669268145819,-0.11600570293708837,-0.04906122387749354,14.4635,15.035781675217873,13.891218324782127,0.1037790308178675,280939.64499999996,0.8672804794068848,-1555.2349148936057,0.08999999999999986,0.030000000000001137,0.049999999999998934,0.16999999999999993,0.5294117647058817,0.42278786343572283,0.5772121365642771,0.039621844909493796,16,6,5,2,False,False,-1,1,low_vol,sideways_stable
2025-05-04 20:00:00,14.02,14.19,13.81,13.86,299691.24,1746403199999,4192504.7975,13329.0,153464.85,2149010.0277,0,-0.010706638115631772,-0.010764366587158543,14.028,-0.06400000000000183,14.166,-0.05299999999999905,14.413500000000003,-0.04999999999999716,14.6066,-0.02120000000000033,14.257200000000001,0.012200000000001765,13.359300000000001,-0.002200000000000202,0.00578424851886329,0.008160408506542165,0.012348451045873666,15.03,13.81,0.04098360655737621,13.95348837209292,-0.18419180431768645,-0.129642923213208,-0.05454888110447845,14.413500000000003,15.01396560881464,13.813034391185365,0.03910765922743511,282896.052,1.0593687606499365,-3208.6856531049493,0.16000000000000014,0.16999999999999993,0.049999999999998934,0.379999999999999,0.42105263157894884,0.5120765291638154,0.4879234708361846,0.04447577446708152,20,6,5,2,False,False,-1,1,low_vol,sideways_stable
2025-05-05 00:00:00,13.86,14.03,13.77,13.88,427872.7,1746417599999,5960768.2826,18121.0,230847.96,3217851.6442,0,0.0014430014430015792,0.0014419613169014058,13.98,-0.04800000000000004,14.124,-0.041999999999999815,14.365,-0.04850000000000243,14.586400000000001,-0.020199999999999108,14.2697,0.01249999999999929,13.357800000000003,-0.0014999999999982805,0.005921609473518195,0.008211800763812857,0.012354611791262614,15.03,13.77,0.08730158730158827,17.241379310344797,-0.19548118920681112,-0.14281057641192862,-0.0526706127948825,14.365,14.973656847407025,13.756343152592976,0.1015817434189913,293950.228,1.4555957411946625,617.4209235209818,0.02000000000000135,0.14999999999999858,0.08999999999999986,0.2599999999999998,0.07692307692308217,0.5395248633530486,0.46047513664695133,0.04235138161420441,0,0,5,2,False,False,-1,1,low_vol,sideways_stable
2025-05-05 04:00:00,13.89,14.2,13.85,14.12,215583.04,1746431999999,3028661.0623,11088.0,108893.06,1530581.0358,0,0.01729106628242061,0.017143276986437438,13.994,0.013999999999999346,14.094,-0.030000000000001137,14.334,-0.031000000000000583,14.5716,-0.014800000000001035,14.285800000000002,0.016100000000001558,13.358200000000002,0.00039999999999906777,0.008089296541605973,0.009346609942711099,0.012631321999923477,15.03,13.77,0.27777777777777757,30.93525179856107,-0.182953143872572,-0.1508390899040573,-0.03211405396851469,14.334,14.925141625207832,13.742858374792167,0.31899430620812513,287201.106,0.7506344352309005,3727.6606340057333,0.22999999999999865,0.08000000000000007,0.040000000000000924,0.34999999999999964,0.6571428571428539,0.505109585614898,0.49489041438510195,0.0514326173339053,4,0,5,2,False,False,-1,1,low_vol,sideways_stable
2025-05-05 08:00:00,14.12,14.15,13.66,13.74,521561.11,1746446399999,7233658.514,17181.0,253830.91,3521962.3817,0,-0.026912181303116123,-0.027280945270892712,13.922,-0.07199999999999918,14.030000000000001,-0.06399999999999828,14.277000000000001,-0.05699999999999861,14.551200000000001,-0.02039999999999864,14.296800000000001,0.010999999999999233,13.3582,-1.7763568394002505e-15,0.011290413322615269,0.010448669523829187,0.013132558516422308,15.02,13.66,0.05882352941176478,26.219512195121894,-0.20136617793978928,-0.1609445075112037,-0.04042167042858558,14.277000000000001,14.866311819882622,13.68768818011738,0.044383820345771686,300346.24700000003,1.7365328024225317,-14036.347152974491,0.379999999999999,0.030000000000001137,0.08000000000000007,0.4900000000000002,0.7755102040816303,0.4866753006181769,0.5133246993818231,0.03294148982848817,8,0,5,2,False,False,-1,1,low_vol,sideways_stable
2025-05-05 12:00:00,13.74,13.83,13.52,13.56,746752.24,1746460799999,10220450.0351,26685.0,360172.38,4932543.0141,0,-0.013100436681222738,-0.013187004281953801,13.831999999999999,-0.09000000000000163,13.962,-0.06800000000000139,14.227,-0.05000000000000071,14.531199999999998,-0.020000000000003126,14.3068,0.009999999999999787,13.359099999999998,0.0008999999999979025,0.01151224564020329,0.00985663409772803,0.01312418144669269,15.02,13.52,0.026666666666667282,25.443786982248454,-0.22785654733217164,-0.1743269154753973,-0.05352963185677434,14.227,14.881316839395513,13.572683160604488,-0.009691910585859533,349119.899,2.138956393316326,-9782.780436681245,0.17999999999999972,0.08999999999999986,0.040000000000000924,0.3100000000000005,0.5806451612903207,0.4823184460752337,0.5176815539247662,0.035734743828823336,12,0,5,2,False,False,-1,1,low_vol,sideways_stable
2025-05-05 16:00:00,13.57,13.82,13.55,13.64,291918.28,1746475199999,3998006.3349,13900.0,126626.89,1734706.4151,0,0.005899705014749346,0.005882369903066613,13.788,-0.04399999999999871,13.908000000000001,-0.053999999999998494,14.1795,-0.04749999999999943,14.513599999999999,-0.017599999999999838,14.315999999999999,0.009199999999998099,13.3598,0.0007000000000019213,0.01200521423240841,0.010006969729612736,0.013162141551930996,15.02,13.52,0.08000000000000067,30.35714285714282,-0.23963268805461269,-0.1873880699912404,-0.05224461806337227,14.1795,14.860257318224743,13.498742681775258,0.10375012830791779,348510.34,0.8376172712694837,1722.2317404130038,0.07000000000000028,0.17999999999999972,0.019999999999999574,0.2699999999999996,0.25925925925926074,0.4337751304919993,0.5662248695080007,0.047616065701675134,16,0,5,2,False,False,-1,1,low_vol,sideways_stable
2025-05-05 20:00:00,13.63,13.77,13.48,13.65,244711.98,1746489599999,3334669.3761,12247.0,95678.68,1305966.0161,0,0.0007331378299120228,0.0007328692156526977,13.742,-0.045999999999999375,13.861,-0.0470000000000006,14.122499999999999,-0.05700000000000216,14.4972,-0.016399999999999082,14.323900000000002,0.007900000000002905,13.3578,-0.002000000000000668,0.012088208731360925,0.009236327778548383,0.013160636223171861,15.02,13.48,0.1103896103896104,25.477707006369386,-0.24533043149179967,-0.19897654229135225,-0.04635388920044742,14.122499999999999,14.778480583795398,13.4665194162046,0.1398521452676323,350597.044,0.6979864325382048,179.40760997067434,0.019999999999999574,0.11999999999999922,0.15000000000000036,0.28999999999999915,0.06896551724137805,0.3909848631031468,0.6090151368968533,0.05004658946407119,20,0,5,2,False,False,-1,1,low_vol,sideways_stable
2025-05-06 00:00:00,13.65,13.68,13.4,13.59,260647.02,1746503999999,3532634.3049,12109.0,132493.95,1796056.5856,0,-0.00439560439560438,-0.0044052934679163795,13.636000000000001,-0.10599999999999987,13.815000000000001,-0.045999999999999375,14.070000000000002,-0.05249999999999666,14.4726,-0.02459999999999951,14.3322,0.00829999999999842,13.35575,-0.002049999999998775,0.01208102106809517,0.009122639080712328,0.012651563097102718,14.8,13.4,0.13571428571428532,25.15723270440246,-0.25178501188854874,-0.20953823621079154,-0.0422467756777572,14.070000000000002,14.719631474477918,13.420368525522086,0.130559772072497,348953.439,0.7469392499668128,-1145.7011868131826,0.0600000000000005,0.02999999999999936,0.1899999999999995,0.27999999999999936,0.21428571428571655,0.5083271237860307,0.4916728762139693,0.04645746573277531,0,1,5,2,False,False,-1,1,low_vol,sideways_stable
2025-05-06 04:00:00,13.59,13.63,13.49,13.52,214852.57,1746518399999,2913324.7498,9717.0,100625.83,1364476.6298,0,-0.005150846210448923,-0.0051641575482343745,13.592000000000002,-0.04399999999999871,13.757,-0.058000000000001606,14.013499999999999,-0.056500000000003325,14.4518,-0.020799999999999486,14.3399,0.007699999999999818,13.35885,0.0030999999999998806,0.011846718995719822,0.009069084103478944,0.012453731400024905,14.67,13.4,0.09448818897637737,26.31578947368415,-0.2595567200411182,-0.2195419329768569,-0.04001478706426129,14.013499999999999,14.64709542130252,13.379904578697477,0.11055589781135051,346724.365,0.6196638935368733,-1106.672545989712,0.07000000000000028,0.040000000000000924,0.02999999999999936,0.14000000000000057,0.5,0.4683482724921559,0.5316517275078441,0.04522636149988804,4,1,5,2,False,False,-1,1,low_vol,sideways_stable
2025-05-06 08:00:00,13.52,13.53,13.22,13.28,451536.62,1746532799999,6031240.9925,20172.0,179968.04,2405382.6293,0,-0.017751479289940808,-0.01791092656653022,13.535999999999998,-0.05600000000000449,13.684000000000001,-0.07299999999999862,13.9515,-0.06199999999999939,14.420399999999999,-0.03140000000000143,14.3433,0.0033999999999991815,13.359300000000001,0.0004500000000007276,0.012608148606628055,0.009527595119981707,0.012275632295220785,14.55,13.22,0.04511278195488625,23.529411764705827,-0.28183305298069783,-0.2320001569776251,-0.049832896003072724,13.9515,14.618220962701832,13.284779037298167,-0.0035839860792741905,367512.68000000005,1.2286286829613604,-8015.4429585798725,0.2400000000000002,0.009999999999999787,0.05999999999999872,0.3099999999999987,0.7741935483871006,0.3985679832568176,0.6014320167431824,0.04467411746139217,8,1,5,2,False,False,-1,1,low_vol,sideways_stable
2025-05-06 12:00:00,13.29,13.51,13.2,13.39,364399.47,1746547199999,4864144.881,19859.0,181626.51,2425046.4116,0,0.008283132530120474,0.008249015654793338,13.485999999999999,-0.049999999999998934,13.637,-0.0470000000000006,13.901500000000002,-0.04999999999999716,14.388000000000002,-0.03239999999999732,14.3478,0.0045000000000001705,13.361500000000001,0.002200000000000202,0.013117287483786003,0.009868480377234493,0.012227028613937662,14.53,13.2,0.14285714285714382,29.142857142857153,-0.28729931892503124,-0.24305998936710635,-0.044239329557924895,13.901500000000002,14.579648407915775,13.22335159208423,0.12287016084572815,373983.50299999997,0.974373112923112,3018.3691039156597,0.10000000000000142,0.11999999999999922,0.08999999999999986,0.3100000000000005,0.32258064516129437,0.4984269323992157,0.5015730676007844,0.05449788387452924,12,1,5,2,False,False,-1,1,low_vol,sideways_stable
2025-05-06 16:00:00,13.39,13.7,13.32,13.61,401088.59,1746561599999,5417423.8634,17281.0,220208.68,2976985.3078,0,0.01643017176997752,0.01629665696029349,13.478,-0.007999999999999119,13.61,-0.027000000000001023,13.866999999999999,-0.034500000000003084,14.360999999999999,-0.0270000000000028,14.353599999999998,0.005799999999998917,13.365450000000001,0.003949999999999676,0.01451003861646764,0.01080067917872432,0.012506179343346205,14.53,13.2,0.3082706766917294,38.4210526315789,-0.27075808205606045,-0.24859960790489716,-0.022158474151163288,13.866999999999999,14.529820131194427,13.204179868805571,0.3061314164244863,371305.092,1.0802130071515421,6589.954428678088,0.21999999999999886,0.08999999999999986,0.07000000000000028,0.379999999999999,0.5789473684210511,0.549027535288401,0.4509724647115991,0.04308524458399577,16,1,5,2,False,False,-1,1,low_vol,sideways_stable
2025-05-06 20:00:00,13.62,13.89,13.32,13.82,474387.79,1746575999999,6479418.2134,20543.0,227051.52,3101834.7173,0,0.01542983100661277,0.01531200167614912,13.523999999999997,0.0459999999999976,13.580000000000002,-0.029999999999997584,13.837,-0.02999999999999936,14.346400000000001,-0.014599999999997948,14.3621,0.008500000000001506,13.371749999999999,0.006299999999997752,0.01424652856015021,0.011275507151185572,0.012180108046990388,14.45,13.2,0.4960000000000008,43.203883495145654,-0.23796072459967732,-0.2464718312438532,0.00851110664417587,13.837,14.446610747246723,13.227389252753277,0.48605667626696286,397185.567,1.1943731832531568,7319.723431300507,0.20000000000000107,0.07000000000000028,0.29999999999999893,0.5700000000000003,0.35087719298245784,0.4786200757823046,0.5213799242176954,0.04330423428478208,20,1,5,2,False,False,-1,1,low_vol,sideways_stable
2025-05-07 00:00:00,13.82,14.09,13.78,13.93,448640.76,1746590399999,6257748.3952,18357.0,233302.42,3256400.5533,0,0.00795947901591898,0.007927969452190516,13.606,0.08200000000000252,13.598999999999998,0.018999999999996575,13.814499999999999,-0.022500000000000853,14.3258,-0.020600000000001728,14.372299999999997,0.010199999999997544,13.37815,0.0064000000000010715,0.01148608639754202,0.011493180342393352,0.011510308717122494,14.45,13.2,0.5840000000000003,48.07692307692307,-0.2007780573663318,-0.23733307646834895,0.03655501910201714,13.814499999999999,14.370594463767079,13.25840553623292,0.603849262603321,389893.532,1.1506750514650754,3570.9467149059433,0.10999999999999943,0.16000000000000014,0.040000000000000924,0.3100000000000005,0.35483870967741693,0.5200205616627432,0.4799794383372567,0.04091692426697922,0,2,5,2,False,False,-1,1,low_vol,sideways_stable
2025-05-07 04:00:00,13.93,14.01,13.71,13.93,299620.97,1746604799999,4147492.5445,12614.0,142170.11,1968545.3758,0,0.0,0.0,13.735999999999999,0.129999999999999,13.636000000000001,0.037000000000002586,13.798999999999998,-0.01550000000000118,14.3038,-0.021999999999998465,14.3806,0.008300000000001972,13.383299999999998,0.005149999999998656,0.01033346027733829,0.011332186270541866,0.011479182054345676,14.37,13.2,0.6239316239316244,51.81347150259068,-0.16935826899415218,-0.22373811497350962,0.05437984597935744,13.798999999999998,14.321419472516077,13.276580527483919,0.6253781749071098,345180.405,0.8680126845554861,0.0,0.0,0.08000000000000007,0.21999999999999886,0.29999999999999893,0.0,0.474499865613545,0.525500134386455,0.04209985702936614,4,2,5,2,False,False,-1,1,low_vol,sideways_stable
2025-05-07 08:00:00,13.93,13.99,13.77,13.87,309414.23,1746619199999,4293350.0398,10308.0,145967.87,2025950.6594,0,-0.004307250538406304,-0.004316553464974098,13.831999999999999,0.09600000000000009,13.659,0.022999999999999687,13.783499999999998,-0.015499999999999403,14.2798,-0.02400000000000091,14.3852,0.0045999999999999375,13.3891,0.0058000000000006935,0.01049000598332852,0.011333588182283168,0.011470497003990913,14.27,13.2,0.6261682242990652,49.74619289340097,-0.1475979417054738,-0.20851008031990248,0.06091213861442868,13.783499999999998,14.275853103928663,13.291146896071334,0.5878434596124061,346930.0,0.8918635747845386,-1332.724608758072,0.0600000000000005,0.0600000000000005,0.09999999999999964,0.22000000000000064,0.2727272727272742,0.4717555168681156,0.5282444831318844,0.033314563457537166,8,2,5,2,False,False,-1,1,low_vol,sideways_stable
2025-05-07 12:00:00,13.87,13.88,13.57,13.59,220398.17,1746633599999,3026455.832,13723.0,112181.14,1541182.3638,0,-0.020187454938716654,-0.020394006163687875,13.828,-0.0039999999999995595,13.653,-0.006000000000000227,13.757000000000001,-0.02649999999999686,14.248200000000002,-0.03159999999999741,14.3883,0.0030999999999998806,13.3917,0.002600000000001046,0.01258608362983841,0.012105145381027879,0.011702671879875393,14.2,13.2,0.39000000000000057,36.815920398009965,-0.15120340674476473,-0.19704874560487493,0.04584533886011019,13.757000000000001,14.229756752854202,13.2842432471458,0.3233763991822822,344498.619,0.6397650319753532,-4449.278125450613,0.27999999999999936,0.010000000000001563,0.019999999999999574,0.3100000000000005,0.9032258064516094,0.508993064688332,0.491006935311668,0.06226458232389134,12,2,5,2,False,False,-1,1,low_vol,sideways_stable
2025-05-07 16:00:00,13.6,13.71,13.46,13.56,367957.48,1746647999999,4997478.1044,25156.0,191138.25,2597507.3261,0,-0.002207505518763697,-0.002209945650802733,13.776,-0.0519999999999996,13.65,-0.0030000000000001137,13.732500000000002,-0.024499999999999744,14.219000000000001,-0.029200000000001225,14.388599999999999,0.0002999999999993008,13.396700000000001,0.005000000000000782,0.012527185111508616,0.012083483878969018,0.011649045218343168,14.2,13.2,0.3600000000000012,44.578313253012055,-0.15469824793800235,-0.18857864607150043,0.03388039813349808,13.732500000000002,14.191921833453161,13.273078166546842,0.31226403771079325,355229.665,1.0358298201249605,-812.2681677703827,0.03999999999999915,0.11000000000000121,0.09999999999999964,0.25,0.1599999999999966,0.5194574383975018,0.4805425616024982,0.06836659496635318,16,2,5,2,False,False,-1,1,low_vol,sideways_stable
2025-05-07 20:00:00,13.56,13.92,13.54,13.82,227305.71,1746662399999,3122898.2468,12158.0,128188.73,1760278.6069,0,0.019174041297935096,0.01899253582727432,13.754,-0.02200000000000024,13.680000000000001,0.030000000000001137,13.7185,-0.014000000000001123,14.1972,-0.021800000000000708,14.390400000000001,0.0018000000000029104,13.4021,0.005399999999999849,0.013750243418967615,0.012917137517282178,0.011998308768978505,14.2,13.2,0.620000000000001,57.47126436781608,-0.1349326876428112,-0.1778494543857626,0.04291676674295142,13.7185,14.146778070024595,13.290221929975406,0.6184977787844366,356474.979,0.6376484280541889,4358.369070796459,0.2599999999999998,0.09999999999999964,0.02000000000000135,0.3800000000000008,0.6842105263157875,0.5639485695277958,0.4360514304722041,0.05348743768909281,20,2,5,2,False,False,-1,1,low_vol,sideways_stable
2025-05-08 16:00:00,15.23,15.6,15.17,15.55,1104355.7,1746734399999,16930103.7851,41077.0,535368.98,8216056.6364,0,0.02101116217990806,0.020793471718172682,14.972,0.3460000000000001,14.363,0.1620000000000008,13.981,0.09050000000000047,14.2274,0.018399999999997974,14.4772,0.02430000000000021,13.453950000000003,0.013300000000002754,0.019089850191415587,0.016134982121255893,0.014455665656184067,15.6,13.2,0.9791666666666671,87.70764119601331,0.2512050104623871,0.023869790951586544,0.22733521951080055,13.981,15.259681887109473,12.702318112890527,1.1135224154722358,580589.728,1.9021275209333361,23203.79671700589,0.3200000000000003,0.049999999999998934,0.0600000000000005,0.4299999999999997,0.744186046511629,0.4847794782061613,0.5152205217938387,0.03719544346083423,16,3,5,2,False,False,-1,1,low_vol,sideways_stable
2025-05-08 20:00:00,15.55,15.99,15.48,15.88,1294837.49,1746748799999,20397231.8512,55234.0,701077.35,11047624.2919,0,0.021221864951768588,0.02099981719374662,15.248000000000001,0.2760000000000016,14.557999999999998,0.1949999999999985,14.097,0.11599999999999966,14.2624,0.03500000000000014,14.503100000000002,0.02590000000000181,13.470149999999999,0.016199999999995995,0.018881933483661243,0.015781103043187646,0.013786855333728625,15.99,13.2,0.9605734767025091,88.5448916408669,0.34395400904169016,0.08788663456960727,0.2560673744720829,14.097,15.613659764781156,12.580340235218843,1.0878048727221545,680111.3800000001,1.903860938189271,27478.86634726701,0.33000000000000007,0.10999999999999943,0.07000000000000028,0.5099999999999998,0.6470588235294121,0.5414404165884941,0.458559583411506,0.04265709050484783,20,3,5,2,False,False,-1,1,low_vol,sideways_stable
2025-05-17 00:00:00,15.76,15.79,15.24,15.51,730701.24,1747454399999,11305911.8525,42030.0,340092.59,5260479.1275,0,-0.0158629441624365,-0.01599010724128556,15.985999999999999,-0.1680000000000046,16.123,-0.08099999999999952,16.520500000000002,-0.10549999999999926,16.552599999999998,-0.0008000000000016882,15.39,0.00879999999999903,14.5658,0.01419999999999888,0.011533607986844304,0.010927655478796096,0.017714196246034868,17.75,15.24,0.10756972111553768,21.374045801526748,-0.1980151096878764,-0.07454330268475123,-0.12347180700312516,16.520500000000002,17.577555991147772,15.463444008852232,0.02202153506420065,658017.473,1.1104587187763022,-11591.072969543111,0.25,0.02999999999999936,0.2699999999999996,0.5499999999999989,0.4545454545454554,0.46543316390156947,0.5345668360984306,0.05752008851114034,0,5,5,2,False,False,-1,1,low_vol,sideways_stable
2025-05-17 04:00:00,15.52,15.63,15.33,15.4,224120.58,1747468799999,3472080.123,16882.0,81439.01,1262133.87,0,-0.007092198581560294,-0.0071174677688639896,15.796000000000001,-0.18999999999999773,16.018,-0.10500000000000043,16.421,-0.09950000000000259,16.543,-0.009599999999998943,15.4027,0.012699999999998823,14.5797,0.013900000000001356,0.010594953410624787,0.010814471894723947,0.017476236219496656,17.53,15.24,0.06986899563318781,20.512820512820554,-0.24390184981605145,-0.10841501211101129,-0.13548683770504016,16.421,17.507663652993507,15.334336347006492,0.030213421058402305,575155.5009999999,0.38966954086387157,-1589.5076595744704,0.11999999999999922,0.11000000000000121,0.07000000000000028,0.3000000000000007,0.39999999999999647,0.36337140480361063,0.6366285951963895,0.07532552343028918,4,5,5,2,False,False,-1,1,low_vol,sideways_stable
2025-05-17 08:00:00,15.41,15.48,15.25,15.31,396308.6,1747483199999,6083794.3598,24548.0,182046.67,2796297.6443,0,-0.005844155844155874,-0.005861299749991118,15.608,-0.1880000000000006,15.932000000000002,-0.08599999999999852,16.325,-0.09600000000000009,16.5354,-0.007600000000000051,15.413699999999999,0.010999999999999233,14.59235,0.01264999999999894,0.009933350970204447,0.010788232484901971,0.01741536694699245,17.45,15.24,0.031674208144796524,22.22222222222227,-0.28425297840860075,-0.1435826053705292,-0.14067037303807156,16.325,17.4493243585186,15.2006756414814,0.048617802189505815,528275.5549999999,0.750192955644143,-2316.0892207792326,0.09999999999999964,0.07000000000000028,0.0600000000000005,0.23000000000000043,0.43478260869564983,0.4593558403728812,0.5406441596271188,0.06194162831692272,8,5,5,2,False,False,-1,1,low_vol,sideways_stable
2025-05-17 12:00:00,15.31,15.42,15.12,15.3,362713.53,1747497599999,5540914.3649,22364.0,154088.48,2354763.1236,0,-0.0006531678641410466,-0.0006533812712025694,15.456,-0.15200000000000102,15.857999999999999,-0.0740000000000034,16.2305,-0.09450000000000003,16.5192,-0.016199999999997772,15.423700000000002,0.01000000000000334,14.605150000000002,0.012800000000002143,0.009990206670160264,0.0108232163944827,0.016970284423674892,17.27,15.12,0.08372093023255882,27.72277227722779,-0.3134254811132049,-0.17755118051906435,-0.13587430059414055,16.2305,17.366355346609517,15.094644653390482,0.09039678653734223,475117.164,0.7634191258137751,-236.91282168515943,0.009999999999999787,0.10999999999999943,0.1800000000000015,0.3000000000000007,0.03333333333333254,0.42482142863543026,0.5751785713645697,0.06165747387476833,12,5,5,2,False,False,-1,1,low_vol,sideways_stable
2025-05-17 16:00:00,15.3,15.44,15.07,15.24,502209.22,1747511999999,7677558.9214,26277.0,213255.03,3264677.167,0,-0.0039215686274509665,-0.00392927813988955,15.352,-0.1039999999999992,15.753,-0.10499999999999865,16.137,-0.0934999999999988,16.4996,-0.019600000000000506,15.430700000000002,0.006999999999999673,14.615549999999999,0.010399999999997078,0.007075365617592257,0.010828359945051708,0.016938570275079848,17.27,15.07,0.07727272727272727,22.448979591836775,-0.3374959549574008,-0.20954013540673164,-0.12795581955066918,16.137,17.27588403365121,14.998115966348792,0.10619344310049716,453699.51100000006,1.1069203466697144,-1969.4479215686204,0.0600000000000005,0.1399999999999988,0.16999999999999993,0.3699999999999992,0.16216216216216384,0.42463384085222494,0.575366159147775,0.0523228147822535,16,5,5,2,False,False,-1,1,low_vol,sideways_stable
2025-05-17 20:00:00,15.24,15.49,15.14,15.32,418515.66,1747526399999,6414787.0068,20771.0,182921.84,2805428.1061,0,0.005249343832020914,0.005235614053944943,15.313999999999998,-0.03800000000000203,15.65,-0.10299999999999976,16.052500000000002,-0.08449999999999847,16.486800000000002,-0.01279999999999859,15.4367,0.005999999999998451,14.6286,0.01305000000000156,0.007341056283921189,0.011102018614033638,0.016822865270080253,17.21,15.07,0.11682242990654203,20.418848167539352,-0.34612671418054575,-0.23685745116149448,-0.10926926301905127,16.052500000000002,17.16922217720122,14.935777822798785,0.17203122900459042,454146.81799999997,0.9215426452685176,2196.932598425162,0.08000000000000007,0.16999999999999993,0.09999999999999964,0.34999999999999964,0.228571428571429,0.43707286843221116,0.5629271315677888,0.049630161987247984,20,5,5,2,False,False,-1,1,low_vol,sideways_stable
2025-05-18 00:00:00,15.33,15.44,15.26,15.36,403530.87,1747540799999,6200547.6776,18607.0,174930.91,2688053.1916,0,0.0026109660574411553,0.0026075634070807695,15.306000000000001,-0.007999999999997343,15.551000000000002,-0.09899999999999842,15.970000000000002,-0.08249999999999957,16.473799999999997,-0.01300000000000523,15.4405,0.0038000000000000256,14.641100000000002,0.012500000000001066,0.007636869251277652,0.011180952097267084,0.016820613379087964,17.21,15.07,0.13551401869158836,25.748502994011986,-0.34575335785474515,-0.2586366325001446,-0.08711672535460052,15.970000000000002,17.031300096455876,14.908699903544129,0.21261662839895665,441945.238,0.9130788959875612,1053.6054046996994,0.02999999999999936,0.08000000000000007,0.07000000000000028,0.17999999999999972,0.16666666666666338,0.4335006885594651,0.5664993114405349,0.04611047476987325,0,6,5,2,False,False,-1,1,low_vol,sideways_stable
2025-05-18 04:00:00,15.37,15.75,15.36,15.73,373844.22,1747555199999,5827702.8096,15168.0,177597.32,2769044.6688,0,0.02408854166666674,0.02380298935066042,15.39,0.08399999999999963,15.499,-0.05200000000000138,15.906,-0.06400000000000183,16.4682,-0.005599999999997607,15.449200000000001,0.00870000000000104,14.656600000000001,0.015499999999999403,0.012252279736775507,0.012914257333784759,0.017181870899256733,17.21,15.07,0.308411214953271,41.884816753926756,-0.3120049634928801,-0.2693102986986917,-0.042694664794188375,15.906,16.851268549978975,14.960731450021024,0.4069047626709289,425469.804,0.8786621670571009,9005.362070312527,0.3600000000000012,0.019999999999999574,0.009999999999999787,0.39000000000000057,0.9230769230769248,0.4750570170644875,0.5249429829355124,0.04057304938404558,4,6,5,2,False,False,-1,1,low_vol,sideways_stable
2025-05-18 08:00:00,15.73,15.88,15.63,15.63,379636.04,1747569599999,5986077.9657,16612.0,166924.16,2634401.5093,0,-0.006357279084551748,-0.006377572636801151,15.456,0.06599999999999895,15.456,-0.04300000000000104,15.852,-0.05400000000000027,16.4598,-0.008399999999998187,15.457,0.007799999999999585,14.6711,0.014499999999998181,0.011952926028587281,0.012519583586979957,0.01719903441940651,16.83,15.07,0.31818181818181884,31.250000000000085,-0.28998550963680003,-0.2734453408863134,-0.01654016875048664,15.852,16.724470177442605,14.979529822557396,0.37277502100373866,427779.792,0.8874566940740388,-2413.452256834051,0.09999999999999964,0.15000000000000036,0.0,0.25,0.3999999999999986,0.4396952407363643,0.5603047592636358,0.043757700138269275,8,6,5,2,False,False,-1,1,low_vol,sideways_stable
2025-05-18 12:00:00,15.63,16.36,15.55,16.35,680985.45,1747583999999,10870789.8988,31633.0,356600.69,5697055.796,0,0.04606525911708248,0.0450357529098771,15.678,0.2220000000000013,15.514999999999997,0.0589999999999975,15.8595,0.007500000000000284,16.459600000000002,-0.00019999999999953388,15.473099999999999,0.016099999999998005,14.689200000000001,0.018100000000002225,0.018203748706075107,0.015173912598085289,0.018210668665577336,16.72,15.07,0.7757575757575771,50.0,-0.21199322516680041,-0.26115491774241084,0.04916169257561043,15.8595,16.747015159248082,14.971984840751917,0.7763333081631875,447256.541,1.5225835456255516,31369.771209213013,0.7200000000000006,0.00999999999999801,0.08000000000000007,0.8099999999999987,0.8888888888888911,0.5236539047934138,0.4763460952065862,0.04645180010821083,12,6,5,2,False,False,-1,1,low_vol,sideways_stable
2025-05-22 04:00:00,16.41,16.49,16.21,16.42,670357.43,1747900799999,10964529.4052,29734.0,323774.44,5296880.1367,0,0.0,0.0,16.202000000000005,0.11000000000000298,15.988999999999999,0.08799999999999919,15.787,0.026999999999999247,15.989399999999998,-0.01940000000000275,15.8014,0.02859999999999907,15.0541,0.01929999999999943,0.008431078430996164,0.015817461420626906,0.018972407628560083,16.52,14.84,0.9404761904761917,64.81481481481488,0.11348052438116518,0.018497573981938277,0.09498295039922691,15.787,16.516674765329263,15.057325234670738,0.933754893328648,861197.996,0.778401056567252,0.0,0.010000000000001563,0.06999999999999673,0.1999999999999993,0.2799999999999976,0.0357142857142916,0.48298776967385887,0.5170122303261411,0.04435544184242129,4,3,5,2,False,False,-1,1,low_vol,sideways_stable
2025-05-22 08:00:00,16.41,16.75,16.39,16.61,934683.16,1747915199999,15497634.52,38880.0,421022.61,6982393.4304,0,0.011571254567600331,0.011504819600921187,16.302,0.09999999999999432,16.09,0.10100000000000087,15.860499999999998,0.07349999999999746,15.977,-0.012399999999997746,15.831100000000001,0.029700000000001836,15.073550000000001,0.019450000000000855,0.00860958295502347,0.011093279759120032,0.019015852275359513,16.75,14.84,0.926701570680628,62.00000000000003,0.15181673753612834,0.045161406692776296,0.10665533084335205,15.860499999999998,16.61159674196463,15.109403258035368,0.9989370597185305,894534.206,1.0448825251518665,10815.45678440911,0.1999999999999993,0.14000000000000057,0.019999999999999574,0.35999999999999943,0.5555555555555545,0.4504442018619443,0.5495557981380557,0.04159698351685292,8,3,5,2,False,False,-1,1,low_vol,sideways_stable
2025-05-22 12:00:00,16.62,16.9,16.38,16.8,1199534.12,1747929599999,19994335.8372,44999.0,556358.07,9275503.6323,0,0.0114388922335944,0.011373962784009914,16.470000000000002,0.1680000000000028,16.199,0.10900000000000176,15.9415,0.0810000000000013,15.9692,-0.007799999999999585,15.8626,0.03149999999999942,15.093250000000001,0.019700000000000273,0.008761101365776054,0.011181339877938876,0.01908917646200973,16.9,15.01,0.9470899470899482,71.14427860696523,0.1952788220588353,0.0751848897659881,0.12009393229284719,15.9415,16.731976871395315,15.151023128604685,1.0430266406685718,960342.286,1.2490693552569445,13721.341529199493,0.17999999999999972,0.09999999999999787,0.240000000000002,0.5199999999999996,0.34615384615384587,0.4638117921981243,0.5361882078018757,0.0375137307474005,12,3,5,2,False,False,-1,1,low_vol,sideways_stable
2025-05-26 00:00:00,15.54,15.8,15.49,15.69,406930.98,1748231999999,6361679.1111,18842.0,211423.4,3306658.1919,0,0.009652509652509744,0.009606221805439933,15.308000000000002,0.08000000000000185,15.379000000000001,-0.006999999999999673,15.7785,-0.04800000000000004,15.8166,0.008999999999998565,16.1581,-0.005299999999998306,15.3648,0.009149999999999991,0.012785832551598654,0.015230384290605511,0.019987957545721285,17.16,14.86,0.3608695652173912,43.02788844621516,-0.19482556970238818,-0.1726110613480355,-0.02221450835435268,15.7785,16.918292686597646,14.638707313402355,0.46117715044120045,382303.889,1.064417579074117,3927.9052123552497,0.15000000000000036,0.11000000000000121,0.049999999999998934,0.3100000000000005,0.48387096774193583,0.519555920760813,0.4804440792391869,0.046302692412359465,0,0,5,2,False,False,-1,1,low_vol,sideways_stable
2025-05-26 04:00:00,15.69,15.94,15.58,15.93,286683.97,1748246399999,4525940.7075,15626.0,150022.07,2368054.3187,0,0.015296367112810794,0.015180557177016017,15.463999999999999,0.15599999999999703,15.407,0.027999999999998693,15.738,-0.04049999999999976,15.828800000000001,0.012200000000001765,16.1578,-0.0002999999999993008,15.373800000000001,0.009000000000000341,0.01343095029534838,0.015667035831804337,0.020084076038073717,17.16,14.86,0.4652173913043478,58.928571428571416,-0.14652503354146518,-0.16739385578672145,0.02086882224525627,15.738,16.78796441042462,14.688035589575378,0.5914316704898371,369163.12,0.7765780341221517,4385.223250478036,0.2400000000000002,0.009999999999999787,0.10999999999999943,0.35999999999999943,0.6666666666666683,0.5233012156208107,0.47669878437918933,0.05450601231732629,4,0,5,2,False,False,-1,1,low_vol,sideways_stable
2025-05-26 08:00:00,15.93,15.96,15.69,15.74,340260.35,1748260799999,5382888.6595,14530.0,169367.08,2679454.5036,0,-0.011927181418706856,-0.011998880932700002,15.606,0.14200000000000124,15.431000000000001,0.02400000000000091,15.669,-0.06899999999999906,15.836400000000001,0.007600000000000051,16.1551,-0.002700000000000813,15.3804,0.006599999999998829,0.013670935432808338,0.014630960796060922,0.02016506889760237,17.15,14.86,0.38427947598253326,50.0,-0.12216962733513981,-0.15834901009640512,0.03617938276126531,15.669,16.49379726376621,14.844202736233791,0.5430408799344199,372001.413,0.9146748859257693,-4058.346924042691,0.1899999999999995,0.030000000000001137,0.05000000000000071,0.27000000000000135,0.7037037037036984,0.49775732024022196,0.5022426797597781,0.042702595233326486,8,0,5,2,False,False,-1,1,low_vol,sideways_stable
2025-05-26 12:00:00,15.75,15.81,15.42,15.77,487407.44,1748275199999,7605564.0739,22240.0,245454.99,3832451.3452,0,0.001905972045743276,0.001904157985689794,15.734,0.1280000000000001,15.474,0.04299999999999926,15.623999999999999,-0.045000000000001705,15.837200000000001,0.0007999999999999119,16.1527,-0.002400000000001512,15.385549999999999,0.005149999999998656,0.013015039479970309,0.013709208139021035,0.019881805083712123,17.12,14.86,0.40265486725663696,52.05479452054794,-0.09930234751724853,-0.14653967758057382,0.047237330063325284,15.623999999999999,16.30441473420757,14.943585265792429,0.6072875061781521,375740.042,1.2971932334004477,928.9849555272931,0.019999999999999574,0.040000000000000924,0.33000000000000007,0.39000000000000057,0.051282051282050115,0.5035930309147517,0.4964069690852483,0.04562917628011587,12,0,5,2,False,False,-1,1,low_vol,sideways_stable
2025-05-26 16:00:00,15.77,15.83,15.4,15.49,294424.79,1748289599999,4576797.1971,19354.0,125348.23,1949013.3797,0,-0.01775523145212421,-0.017914746546169674,15.724,-0.009999999999999787,15.475999999999999,0.0019999999999988916,15.583499999999997,-0.040500000000001535,15.8344,-0.00280000000000058,16.147100000000002,-0.005599999999997607,15.38795,0.002400000000001512,0.014330829649961031,0.013409228678457818,0.020023902407866855,16.48,14.86,0.3888888888888891,44.351464435146454,-0.10259091919819241,-0.13774992590409754,0.03515900670590513,15.583499999999997,16.18651959468942,14.980480405310576,0.4224734976911047,356002.13,0.8270309787191441,-5227.580291693065,0.27999999999999936,0.0600000000000005,0.08999999999999986,0.4299999999999997,0.6511627906976734,0.4257393883171319,0.5742606116828681,0.06573495390792332,16,0,5,2,False,False,-1,1,low_vol,sideways_stable
2025-05-26 20:00:00,15.48,15.68,15.4,15.54,327929.71,1748303999999,5091387.3282,13515.0,169872.82,2638924.213,0,0.0032278889606196515,0.0032226905107240163,15.693999999999999,-0.030000000000001137,15.501000000000001,0.02500000000000213,15.5505,-0.0329999999999977,15.8182,-0.016200000000001324,16.1389,-0.008200000000002206,15.3914,0.0034500000000008413,0.013722340693834635,0.013437574992458042,0.0188983185456842,16.38,14.86,0.4473684210526315,47.63948497854075,-0.10000970419952182,-0.1302018815631824,0.03019217736366059,15.5505,16.07911188627975,15.021888113720246,0.49006832775375514,366761.331,0.8941229139557245,1058.5206907682038,0.05999999999999872,0.14000000000000057,0.08000000000000007,0.27999999999999936,0.2142857142857102,0.5180159492105793,0.4819840507894207,0.04121310020979801,20,0,5,2,False,False,-1,1,low_vol,sideways_stable
2025-05-27 00:00:00,15.54,15.6,15.15,15.45,457322.64,1748318399999,7024877.1029,22327.0,238821.96,3668347.8906,0,-0.00579150579150578,-0.005808341595746902,15.597999999999999,-0.09600000000000009,15.531,0.02999999999999936,15.521,-0.02949999999999875,15.823400000000001,0.005200000000002092,16.1324,-0.006499999999999062,15.39435,0.002949999999998454,0.013465198623658059,0.013342123206656016,0.01598750684268719,16.05,14.86,0.49579831932773044,48.898678414096906,-0.10402716020683656,-0.12496693729191324,0.02093977708507669,15.521,15.997915528215515,15.044084471784487,0.4255633379503663,381039.431,1.2001976771795044,-2648.586718146713,0.08999999999999986,0.0600000000000005,0.29999999999999893,0.4499999999999993,0.2,0.5222176623488397,0.4777823376511603,0.04882111237702992,0,1,5,2,False,False,-1,1,low_vol,sideways_stable
2025-05-27 04:00:00,15.46,15.9,15.44,15.84,495968.78,1748332799999,7797718.6061,22642.0,294643.16,4634833.8572,0,0.025242718446601975,0.02492938304252536,15.618,0.02000000000000135,15.612,0.08099999999999952,15.536499999999998,0.015499999999997627,15.8226,-0.0008000000000016882,16.1266,-0.0058000000000006935,15.39845,0.004100000000001103,0.014759955820729613,0.012669279300418643,0.015056923938690313,15.96,14.86,0.8909090909090901,60.0,-0.07487813388542541,-0.11494917661061568,0.04007104272519027,15.536499999999998,16.034338485751338,15.038661514248659,0.804817735758173,374237.194,1.3252792291938786,12519.600271844678,0.379999999999999,0.0600000000000005,0.02000000000000135,0.46000000000000085,0.8260869565217355,0.5940760222851122,0.4059239777148877,0.04565206705147852,4,1,5,2,False,False,-1,1,low_vol,sideways_stable
2025-05-27 08:00:00,15.85,15.98,15.82,15.95,459345.67,1748347199999,7302176.2284,19123.0,216811.93,3447556.1753,0,0.00694444444444442,0.006920442844573757,15.654,0.03599999999999959,15.693999999999999,0.08199999999999896,15.547,0.010500000000002174,15.838799999999999,0.016199999999999548,16.1182,-0.008399999999998187,15.405349999999999,0.00689999999999813,0.014763075850383703,0.012411620987903809,0.013493495775675731,15.98,14.86,0.9732142857142847,59.67741935483869,-0.04241233680870238,-0.10044180865023303,0.05802947184153065,15.547,16.071077133736736,15.022922866263265,0.8844853877964091,393928.11,1.1660647167321976,3189.9004861111,0.09999999999999964,0.030000000000001137,0.02999999999999936,0.16000000000000014,0.6249999999999972,0.47200168448306046,0.5279983155169395,0.04163095735723382,8,1,5,2,False,False,-1,1,low_vol,sideways_stable
2025-05-27 12:00:00,15.96,16.11,15.72,16.0,558632.01,1748361599999,8903385.9365,30608.0,279552.75,4456176.966,0,0.0031347962382446415,0.003129893008927787,15.756,0.10200000000000031,15.739999999999998,0.045999999999999375,15.562999999999999,0.015999999999998238,15.8552,0.01640000000000086,16.1048,-0.013400000000000745,15.41375,0.00840000000000174,0.012639933051615464,0.012374806297203746,0.013494800988368728,16.11,14.86,0.9120000000000005,65.10638297872345,-0.012504235545643283,-0.08285429402931507,0.07035005848367179,15.562999999999999,16.12251482742257,15.003485172577426,0.8905169073115187,411490.63399999996,1.3575813489839967,1751.197523511043,0.03999999999999915,0.10999999999999943,0.2400000000000002,0.3899999999999988,0.1025641025641007,0.500423794189667,0.499576205810333,0.05479098843619792,12,1,5,2,False,False,-1,1,low_vol,sideways_stable
2025-05-27 16:00:00,16.0,16.13,15.87,15.93,269134.46,1748375999999,4304351.5903,18171.0,146956.55,2351590.2424,0,-0.004375000000000018,-0.004384598317824099,15.834,0.0779999999999994,15.764,0.02400000000000091,15.571499999999997,0.008499999999997954,15.8696,0.01440000000000019,16.0947,-0.01010000000000133,15.4212,0.007450000000000401,0.012597065812574035,0.012394240866783165,0.013516662277530235,16.13,14.86,0.8425196850393706,67.10526315789473,0.005486490350435247,-0.06518613715336502,0.07067262750380027,15.571499999999997,16.148507707693135,14.994492292306859,0.8106544290658411,397710.98199999996,0.6767086456767745,-1177.463262500005,0.07000000000000028,0.129999999999999,0.0600000000000005,0.2599999999999998,0.26923076923077055,0.5460339415472845,0.4539660584527155,0.06751643769437775,16,1,5,2,False,False,-1,1,low_vol,sideways_stable
2025-05-27 20:00:00,15.93,16.02,15.78,15.91,273046.66,1748390399999,4344621.7561,13202.0,134746.7,2144073.4017,0,-0.0012554927809165228,-0.00125628157226167,15.925999999999998,0.09199999999999875,15.762,-0.0019999999999988916,15.5845,0.013000000000003453,15.878400000000001,0.008800000000000807,16.0893,-0.005399999999998073,15.42635,0.005149999999998656,0.011647705292144078,0.012275296278693988,0.013318848029461995,16.13,14.86,0.826771653543308,70.18348623853214,0.017923822715165016,-0.04856414517965901,0.06648796789482403,15.5845,16.180362046910034,14.988637953089967,0.7731336906654382,396347.251,0.6889076669791258,-342.80811048336824,0.019999999999999574,0.08999999999999986,0.13000000000000078,0.2400000000000002,0.08333333333333148,0.49349330989802265,0.5065066901019774,0.048350710460988613,20,1,5,2,False,False,-1,1,low_vol,sideways_stable
2025-05-28 00:00:00,15.91,16.06,15.71,16.04,270550.46,1748404799999,4300466.9388,18095.0,143403.3,2280183.91,0,0.00817096165933373,0.008137760088672915,15.966,0.040000000000000924,15.791999999999998,0.029999999999997584,15.611500000000001,0.027000000000001023,15.8836,0.005199999999998539,16.083,-0.006300000000003081,15.4318,0.005450000000001509,0.011094252093657669,0.012118528458988557,0.013069648274779877,16.13,14.86,0.9291338582677167,70.58823529411765,0.03783428171641923,-0.031284459800443365,0.06911874151686259,15.611500000000001,16.239320792399283,14.983679207600717,0.8412598031059477,389376.262,0.6948303900457086,2210.6574355751045,0.129999999999999,0.019999999999999574,0.1999999999999993,0.34999999999999787,0.37142857142857083,0.5300427136586645,0.46995728634133543,0.06688216312772116,0,2,5,2,False,False,-1,1,low_vol,sideways_stable
2025-05-28 04:00:00,16.03,16.16,15.78,15.87,256929.48,1748419199999,4097863.5072,13854.0,129111.16,2057911.4472,0,-0.010598503740648413,-0.010655067900050766,15.95,-0.016000000000000014,15.801999999999998,0.009999999999999787,15.638,0.026499999999998636,15.885399999999999,0.0017999999999993577,16.0756,-0.0073999999999969646,15.43585,0.004049999999999443,0.011782484722505674,0.01213318356318117,0.013162063498219101,16.16,14.86,0.7769230769230764,58.375634517766514,0.03944123071493699,-0.017139321697367295,0.05658055241230429,15.638,16.26230087213443,15.01369912786557,0.6858078455078981,366328.466,0.7013636772633444,-2723.0680548628516,0.16000000000000192,0.129999999999999,0.08999999999999986,0.3800000000000008,0.42105263157895156,0.5025159432852937,0.4974840567147063,0.05392141065322671,4,2,5,2,False,False,-1,1,low_vol,sideways_stable
2025-05-28 08:00:00,15.88,16.01,15.73,15.98,280122.09,1748433599999,4449593.9813,15037.0,120801.36,1919454.2477,0,0.006931316950220534,0.006907405799810896,15.946000000000002,-0.003999999999997783,15.851000000000003,0.04900000000000482,15.663499999999999,0.02549999999999919,15.8824,-0.0029999999999983373,16.065900000000003,-0.00969999999999871,15.440850000000001,0.005000000000000782,0.009927542320796554,0.012093137306725541,0.012814418307473954,16.16,14.86,0.8615384615384618,57.512953367875674,0.04902569240078414,-0.003906318877737007,0.052932011278521145,15.663499999999999,16.300442532316787,15.026557467683212,0.748452555718628,364898.196,0.7676718960813937,1941.614990548202,0.09999999999999964,0.030000000000001137,0.15000000000000036,0.28000000000000114,0.35714285714285443,0.4312453901796891,0.5687546098203109,0.053680164959500336,8,2,5,2,False,False,-1,1,low_vol,sideways_stable
2025-05-28 12:00:00,15.98,16.1,15.43,15.45,746704.82,1748447999999,11760328.5519,33489.0,313523.37,4935804.5652,0,-0.033166458072590776,-0.03372893699437418,15.85,-0.09600000000000186,15.841999999999999,-0.009000000000003894,15.671499999999998,0.007999999999999119,15.872399999999997,-0.01000000000000334,16.0494,-0.016500000000004178,15.4425,0.0016499999999997073,0.015181813521267384,0.014129020719938852,0.013558170293185878,16.16,14.86,0.4538461538461535,39.18918918918917,0.013696986400796973,-0.0003856578220302106,0.014082644222827184,15.671499999999998,16.292510212646267,15.05048978735373,0.3216615479992382,406775.70700000005,1.8356671923871792,-24765.55410513144,0.5300000000000011,0.120000000000001,0.019999999999999574,0.6700000000000017,0.7910447761194027,0.41987591562620424,0.5801240843737958,0.044849047579470565,12,2,5,2,False,False,-1,1,low_vol,sideways_stable
2025-05-28 16:00:00,15.45,15.68,15.31,15.32,390594.2,1748462399999,6051275.0827,21131.0,168507.87,2610875.9724,0,-0.008414239482200547,-0.008449839031309128,15.732,-0.11800000000000033,15.828999999999999,-0.0129999999999999,15.680000000000001,0.008500000000003283,15.8654,-0.006999999999997897,16.031000000000002,-0.018399999999996197,15.443299999999999,0.0007999999999981355,0.015305986116735625,0.01410295880724587,0.013384669850111797,16.16,14.86,0.3538461538461543,40.27777777777777,-0.02450866059521495,-0.005210258376667158,-0.01929840221854779,15.680000000000001,16.275067444209757,15.084932555790244,0.19751327895439083,400102.863,0.9762344539883985,-3286.5531391585373,0.129999999999999,0.23000000000000043,0.009999999999999787,0.3699999999999992,0.35135135135134943,0.43141416334395133,0.5685858366560487,0.05409962564728304,16,2,5,2,False,False,-1,1,low_vol,sideways_stable
2025-05-28 20:00:00,15.32,15.77,15.31,15.69,342384.37,1748476799999,5315761.463,18210.0,178146.21,2767058.158,0,0.02415143603133152,0.02386440243249591,15.662,-0.06999999999999851,15.813999999999998,-0.015000000000000568,15.713,0.0329999999999977,15.868400000000001,0.00300000000000189,16.012800000000002,-0.018200000000000216,15.445799999999998,0.0024999999999995026,0.015102703633586234,0.014878859281039495,0.013773182271697208,16.16,14.88,0.6328124999999993,48.4,-0.024646889317500253,-0.00909758456483378,-0.015549304752666474,15.713,16.22348377467943,15.202516225320569,0.4774723496212558,384744.42199999996,0.8899008027723921,8269.074210182742,0.3699999999999992,0.08000000000000007,0.009999999999999787,0.4599999999999991,0.8043478260869564,0.5203105795980114,0.4796894204019886,0.053185839061520246,20,2,5,2,False,False,-1,1,low_vol,sideways_stable
2025-05-29 00:00:00,15.69,16.19,15.58,16.03,905952.59,1748491199999,14464044.6216,41146.0,461543.22,7374366.3784,0,0.0216698534098152,0.02143839987652039,15.693999999999999,0.03199999999999825,15.822,0.008000000000000895,15.758,0.04499999999999993,15.877,0.008599999999999497,16.0017,-0.011100000000002552,15.450650000000001,0.0048500000000029075,0.016591373506876245,0.015479196265817459,0.014094069046620665,16.19,15.0,0.865546218487395,60.546875000000014,0.0026481951800523262,-0.006748428615856558,0.009396623795908884,15.758,16.20707390084649,15.30892609915351,0.8028454776455403,429405.11399999994,2.109785283088175,19631.85982154241,0.34000000000000163,0.16000000000000014,0.10999999999999943,0.6100000000000012,0.5573770491803295,0.5094562619441266,0.4905437380558733,0.04541738768029793,0,3,5,2,False,False,-1,1,low_vol,sideways_stable
2025-05-29 04:00:00,16.02,16.07,15.68,15.79,500053.02,1748505599999,7914077.1173,22820.0,199690.17,3160091.5595,0,-0.014971927635683224,-0.015085138353910996,15.656,-0.03799999999999848,15.800999999999998,-0.021000000000000796,15.770500000000002,0.012500000000002842,15.878599999999999,0.0015999999999980474,15.991200000000001,-0.010499999999998622,15.455,0.004349999999998744,0.01726151141687434,0.014879983869324936,0.014233110225189145,16.19,15.15,0.6153846153846136,54.54545454545454,0.00485775488406226,-0.004427191915872795,0.009284946799935054,15.770500000000002,16.207787091051667,15.333212908948335,0.52229656488727,423547.215,1.1806311133458876,-7486.757629444856,0.23000000000000043,0.05000000000000071,0.10999999999999943,0.39000000000000057,0.58974358974359,0.39933799419909516,0.6006620058009048,0.045635160847543724,4,3,5,2,False,False,-1,1,low_vol,sideways_stable
2025-05-29 08:00:00,15.8,15.93,15.71,15.85,348663.98,1748519999999,5523598.2517,18787.0,169828.2,2690875.3407,0,0.0037998733375554927,0.003792672055738976,15.736,0.08000000000000007,15.793000000000001,-0.007999999999997343,15.7785,0.007999999999997343,15.8784,-0.00019999999999953388,15.9844,-0.006800000000000139,15.458799999999998,0.0037999999999982492,0.017287250156848677,0.0147559037510434,0.0141791841699676,16.19,15.15,0.6730769230769218,57.35294117647059,0.011319857160605906,-0.0012777821005770548,0.012597639261182961,15.7785,16.215440318700036,15.34155968129996,0.5818189543742774,431500.167,0.8080274508908822,1324.8789613679814,0.049999999999998934,0.08000000000000007,0.08999999999999986,0.21999999999999886,0.2272727272727236,0.4870827207330107,0.5129172792669893,0.05388282437434461,8,3,5,2,False,False,-1,1,low_vol,sideways_stable
2025-05-29 12:00:00,15.86,15.86,15.31,15.36,729022.97,1748534399999,11299763.8244,35003.0,394547.98,6107529.3993,0,-0.0309148264984227,-0.0314027726037635,15.744,0.007999999999999119,15.738,-0.05500000000000149,15.75,-0.028499999999999304,15.8688,-0.009599999999998943,15.970600000000001,-0.013799999999999812,15.46015,0.0013500000000021828,0.01981575034226904,0.015908358661877606,0.014841384675034213,16.19,15.15,0.20192307692307584,41.48936170212767,-0.022834562504902678,-0.005589138181442179,-0.017245424323460497,15.75,16.21854758787736,15.281452412122638,0.08382028838650285,477097.79800000007,1.5280367527497998,-22537.618630914814,0.5,0.0,0.049999999999998934,0.5499999999999989,0.9090909090909108,0.5412010269031715,0.4587989730968285,0.04801357630747904,12,3,5,2,False,False,-1,1,low_vol,sideways_stable
2025-05-29 16:00:00,15.35,15.49,15.14,15.19,532111.79,1748548799999,8152995.5137,29469.0,273680.48,4197324.984,0,-0.01106770833333337,-0.011129411111844657,15.644,-0.09999999999999964,15.653,-0.08499999999999908,15.7225,-0.027499999999999858,15.8552,-0.013600000000000279,15.961699999999999,-0.00890000000000235,15.462200000000001,0.0020500000000005514,0.01950612280164511,0.015880412714145857,0.014911625539860418,16.19,15.14,0.04761904761904657,36.80555555555558,-0.0628947538382203,-0.017050261312797802,-0.0458444925254225,15.7225,16.2538686400037,15.191131359996302,-0.0010645716656276707,503253.93100000004,1.057342540658664,-5889.258092447937,0.16000000000000014,0.14000000000000057,0.049999999999998934,0.34999999999999964,0.457142857142858,0.5143289157340415,0.48567108426595856,0.055381219799696596,16,3,5,2,False,False,-1,1,low_vol,sideways_stable
2025-05-29 20:00:00,15.19,15.3,15.0,15.05,454624.34,1748563199999,6888060.3231,19621.0,233565.76,3541969.6024,0,-0.009216589861751112,-0.009259325412796712,15.448000000000002,-0.19599999999999795,15.571000000000002,-0.08199999999999896,15.6865,-0.03599999999999959,15.834000000000001,-0.021199999999998553,15.948100000000002,-0.013599999999996726,15.462849999999998,0.0006499999999967088,0.01946894465243197,0.015943715175640524,0.014779031554756641,16.19,15.0,0.04201680672268963,34.006734006734035,-0.10473228546588231,-0.034586666143414706,-0.0701456193224676,15.6865,16.296116790762348,15.076883209237653,-0.022049269020325342,523023.417,0.8692236814322216,-4190.086082949291,0.1399999999999988,0.11000000000000121,0.05000000000000071,0.3000000000000007,0.4666666666666615,0.5137555107586188,0.48624448924138114,0.043158709892215624,20,3,5,2,False,False,-1,1,low_vol,sideways_stable
2025-05-30 00:00:00,15.05,15.12,14.19,14.7,2344625.63,1748577599999,34218173.5902,84607.0,1137010.43,16598696.8994,0,-0.023255813953488413,-0.02353049741019416,15.23,-0.21800000000000175,15.442999999999998,-0.12800000000000367,15.647,-0.03950000000000031,15.808799999999998,-0.025200000000003442,15.9285,-0.019600000000002282,15.4619,-0.000949999999997786,0.01973127770712501,0.01627003777072929,0.015063045612894963,16.19,14.19,0.25499999999999967,31.076923076923094,-0.1642376759380877,-0.060516868102349304,-0.1037208078357384,15.647,16.396543018673743,14.897456981326258,-0.13171824458831125,729473.771,3.2141328766157926,-54526.17744186056,0.3500000000000014,0.06999999999999851,0.5099999999999998,0.9299999999999997,0.37634408602150704,0.48494327429151235,0.5150567257084876,0.036085505044999446,0,4,5,2,False,False,-1,1,low_vol,sideways_stable
2025-05-30 12:00:00,14.53,14.6,14.23,14.25,771571.83,1748620799999,11110505.4483,35447.0,444029.7,6394967.9119,0,-0.019944979367262694,-0.020146565390713744,14.606,-0.1880000000000006,15.125,-0.14400000000000013,15.469500000000002,-0.07949999999999946,15.695600000000002,-0.04339999999999833,15.8425,-0.03140000000000143,15.4574,-0.0015499999999999403,0.01537840063707631,0.015480590451778199,0.01498772247335412,16.19,14.19,0.03000000000000022,26.724137931034505,-0.3200612917009167,-0.1666695924574904,-0.15339169924342627,15.469500000000002,16.636294529334393,14.30270547066561,-0.0225855835541479,796195.5149999999,0.9690733186307889,-15388.984229711117,0.27999999999999936,0.07000000000000028,0.019999999999999574,0.3699999999999992,0.7567567567567566,0.5754871843882636,0.4245128156117363,0.04594128326328347,12,4,5,2,False,False,-1,1,low_vol,sideways_stable
2025-05-30 16:00:00,14.25,14.35,13.81,14.26,1065001.99,1748635199999,14966634.1436,45137.0,493785.33,6944903.0263,0,0.00070175438596487,0.0007015082714903033,14.448000000000002,-0.1579999999999977,14.948000000000002,-0.17699999999999783,15.385,-0.08450000000000202,15.648600000000002,-0.0470000000000006,15.812800000000003,-0.029699999999996507,15.456100000000001,-0.0012999999999987466,0.01163380584550704,0.015285373601596708,0.014854432901855931,16.19,13.81,0.18907563025210047,24.556213017751475,-0.3569039780757173,-0.2047164695811358,-0.15218750849458149,15.385,16.646235818344113,14.123764181655885,0.05400886034262024,812100.455,1.311416566070019,747.3698175438146,0.009999999999999787,0.08999999999999986,0.4399999999999995,0.5399999999999991,0.018518518518518153,0.46364733083738185,0.5363526691626181,0.04238208043160558,16,4,5,2,False,False,-1,1,low_vol,sideways_stable
2025-05-30 20:00:00,14.26,14.28,13.76,13.9,549568.3,1748649599999,7705800.7118,30853.0,215062.98,3017245.6733,0,-0.02524544179523136,-0.025569574849503746,14.288,-0.16000000000000192,14.758999999999997,-0.18900000000000539,15.279999999999998,-0.1050000000000022,15.5906,-0.058000000000001606,15.7799,-0.03290000000000326,15.45325,-0.0028500000000004633,0.01239618306655928,0.015754370004910468,0.015034705998704214,16.19,13.76,0.05761316872428003,25.856697819314647,-0.4104199975650822,-0.2458571751779251,-0.16456282238715708,15.279999999999998,16.66885791778351,13.891142082216486,0.0031889215124504553,817051.9829999999,0.6726234210730753,-13874.094530154249,0.35999999999999943,0.019999999999999574,0.14000000000000057,0.5199999999999996,0.6923076923076917,0.39133075907034665,0.6086692409296534,0.056140428769272166,20,4,5,2,False,False,-1,1,low_vol,sideways_stable
2025-05-31 00:00:00,13.89,13.94,13.39,13.56,1148085.84,1748663999999,15659664.986,69699.0,559091.78,7632091.8328,0,-0.024460431654676262,-0.024764557624396565,14.102,-0.18599999999999994,14.529999999999998,-0.2289999999999992,15.1615,-0.11849999999999739,15.528799999999999,-0.06180000000000163,15.744399999999999,-0.03550000000000075,15.446950000000001,-0.006299999999999528,0.011425884732531578,0.016218820974881656,0.015303589949363868,16.19,13.39,0.06071428571428567,24.269005847953224,-0.47479385901612225,-0.2916445119455645,-0.18314934707055774,15.1615,16.711878901056963,13.61112109894304,-0.016486646879736087,896994.169,1.279925644644854,-28082.67522302159,0.33000000000000007,0.049999999999998934,0.16999999999999993,0.5499999999999989,0.6000000000000013,0.48697733263568516,0.5130226673643149,0.060708875217901824,0,5,5,2,False,False,-1,1,low_vol,sideways_stable
2025-06-10 00:00:00,14.36,14.63,14.32,14.48,453851.67,1749527999999,6580717.0569,21592.0,238171.27,3453616.5138,0,0.008356545961002881,0.008321823337492278,14.136000000000001,0.1620000000000008,13.947,0.07199999999999918,13.886,0.05049999999999777,13.846599999999999,0.009599999999998943,14.458,-0.01279999999999859,15.302,0.0045999999999999375,0.010790730224556773,0.009661834524069794,0.012724266553403805,14.63,13.44,0.8739495798319326,75.0,0.10445438373749738,0.023686945028495856,0.08076743870900152,13.886,14.323524134673324,13.448475865326674,1.17881969579062,329215.246,1.3785864279201698,3792.6323398329123,0.120000000000001,0.15000000000000036,0.03999999999999915,0.3100000000000005,0.387096774193551,0.5247777759636755,0.47522222403632447,0.047575014982317906,0,1,6,2,False,False,1,-1,low_vol,sideways_stable
2025-06-10 04:00:00,14.48,14.57,14.32,14.48,324164.57,1749542399999,4683019.3157,15505.0,175123.24,2529760.1441,0,0.0,0.0,14.252,0.11599999999999966,14.019,0.07200000000000095,13.931999999999999,0.045999999999999375,13.855,0.00840000000000174,14.4463,-0.011699999999999378,15.305299999999999,0.0032999999999994145,0.010790730224556773,0.009667581838578633,0.01271442053577153,14.63,13.48,0.8695652173913041,74.80916030534351,0.13513823054622698,0.04597720213204208,0.0891610284141849,13.931999999999999,14.416174827059898,13.4478251729401,1.065911288002801,340622.86600000004,0.9516817640774591,0.0,0.0,0.08999999999999986,0.16000000000000014,0.25,0.0,0.5402294272936736,0.4597705727063263,0.047830643552440044,4,1,6,2,False,False,1,-1,low_vol,sideways_stable
2025-06-10 08:00:00,14.48,15.23,14.42,15.17,953757.91,1749556799999,14179457.4566,42078.0,500780.19,7452981.2956,0,0.047651933701657434,0.04655140640287055,14.5,0.24799999999999933,14.145000000000001,0.12600000000000122,14.000499999999999,0.06850000000000023,13.881000000000002,0.026000000000001577,14.443000000000001,-0.0032999999999994145,15.30865,0.0033500000000010743,0.01727267701904634,0.013550653747939017,0.014180109928886088,15.23,13.54,0.964497041420118,85.2040816326531,0.2126809796921414,0.07931795764406194,0.13336302204807945,14.000499999999999,14.731021803414343,13.269978196585654,1.3004552325022618,415118.661,2.2975548911784527,45448.40869475136,0.6899999999999995,0.0600000000000005,0.0600000000000005,0.8100000000000005,0.8518518518518507,0.5250600647705244,0.4749399352294756,0.044118113788435054,8,1,6,2,False,False,1,-1,low_vol,sideways_stable
2025-06-10 12:00:00,15.17,15.35,14.81,15.09,1170107.29,1749571199999,17689966.0245,57618.0,597476.46,9036656.4573,0,-0.005273566249175965,-0.00528752058068331,14.716,0.2159999999999993,14.281,0.13599999999999923,14.053999999999998,0.05349999999999966,13.905,0.023999999999997357,14.4405,-0.002500000000001279,15.310649999999999,0.0019999999999988916,0.016343650078105506,0.013465071470210574,0.014216212292267756,15.35,13.54,0.8563535911602211,83.91959798994974,0.2646283645820464,0.11638003903165885,0.14824832555038758,14.053999999999998,14.93230938081159,13.175690619188407,1.0897694039443695,504147.26100000006,2.3209632988564426,-6170.638312458754,0.08000000000000007,0.17999999999999972,0.27999999999999936,0.5399999999999991,0.1481481481481485,0.5106168170270949,0.48938318297290506,0.04924163834583066,12,1,6,2,False,False,1,-1,low_vol,sideways_stable
2025-06-10 16:00:00,15.09,15.53,15.04,15.27,1285736.23,1749585599999,19645722.4948,51415.0,700118.29,10702015.2844,0,0.011928429423459175,0.011857846450783468,14.898000000000001,0.18200000000000216,14.436000000000002,0.15500000000000114,14.117999999999999,0.06400000000000006,13.9368,0.031800000000000495,14.4385,-0.002000000000000668,15.312550000000002,0.0019000000000026773,0.015939407786865843,0.013507570071906335,0.01407484412689927,15.53,13.54,0.8693467336683418,85.11627906976743,0.316671149158676,0.15643826105706227,0.16023288810161374,14.117999999999999,15.149801694533737,13.08619830546626,1.0582468056134462,612440.885,2.0993638104353534,15336.813876739472,0.17999999999999972,0.2599999999999998,0.05000000000000071,0.4900000000000002,0.36734693877550945,0.5445271539093209,0.45547284609067906,0.0399887619251423,16,1,6,2,False,False,1,-1,low_vol,sideways_stable
2025-06-10 20:00:00,15.28,15.46,15.13,15.45,422629.13,1749599999999,6474179.6839,25265.0,222307.77,3406863.7145,0,0.011787819253438192,0.011718884113213479,15.091999999999999,0.19399999999999729,14.613999999999999,0.17799999999999727,14.1935,0.07550000000000168,13.9716,0.03480000000000061,14.4401,0.0015999999999998238,15.31365,0.0010999999999992127,0.015102829797316976,0.013462658536297517,0.014138645336651583,15.53,13.54,0.9597989949748743,86.26609442060085,0.3681955969134858,0.198789728228347,0.1694058686851388,14.1935,15.379865968210023,13.007134031789978,1.0295583461045303,636881.925,0.6635910259189723,4981.875795677833,0.16999999999999993,0.010000000000001563,0.14999999999999858,0.33000000000000007,0.5151515151515148,0.5260114701511465,0.4739885298488536,0.059780545652402144,20,1,6,2,False,False,1,-1,low_vol,sideways_stable
2025-06-11 00:00:00,15.45,15.52,15.13,15.3,455232.77,1749614399999,6960292.961,22177.0,213469.92,3266344.0626,0,-0.009708737864077555,-0.009756174945364572,15.256,0.16400000000000148,14.754000000000001,0.14000000000000234,14.267499999999998,0.07399999999999807,14.004000000000001,0.03240000000000087,14.441600000000001,0.0015000000000018332,15.3124,-0.0012500000000006395,0.016507629257574798,0.013524341828838105,0.014229142087887267,15.53,13.54,0.8844221105527645,79.82832618025755,0.39240198080214306,0.23751217874310623,0.15488980205903682,14.267499999999998,15.537458557135897,12.9975414428641,0.9065093282762589,626433.455,0.7267057121015352,-4419.735631067909,0.14999999999999858,0.07000000000000028,0.16999999999999993,0.3899999999999988,0.38461538461538214,0.4689247656753709,0.5310752343246291,0.048715737226034936,0,2,6,2,False,False,1,-1,low_vol,sideways_stable
2025-06-11 04:00:00,15.3,15.45,15.19,15.39,306329.7,1749628799999,4690798.1719,15973.0,152123.36,2329794.4031,0,0.00588235294117645,0.005865119452398058,15.3,0.04400000000000048,14.9,0.14599999999999902,14.345500000000001,0.07800000000000296,14.030400000000002,0.026400000000000645,14.4452,0.0035999999999987153,15.30995,-0.002449999999999619,0.0163583488001383,0.013483908388237197,0.013730972819282075,15.53,13.54,0.9296482412060307,87.05357142857146,0.41407476611887084,0.27282469621825917,0.14125006990061167,14.345500000000001,15.69165984035703,12.999340159642973,0.8879554153550506,623407.1410000001,0.4913798380759966,1801.9394117646996,0.08999999999999986,0.05999999999999872,0.11000000000000121,0.2599999999999998,0.34615384615384587,0.4966001011328643,0.5033998988671357,0.05214316470130059,4,2,6,2,False,False,1,-1,low_vol,sideways_stable
2025-06-11 08:00:00,15.39,15.51,15.07,15.18,952608.95,1749643199999,14522452.5215,31812.0,432706.69,6598217.8677,0,-0.013645224171540016,-0.013739175883304046,15.318000000000001,0.018000000000000682,15.017000000000001,0.11700000000000088,14.415000000000001,0.06949999999999967,14.050999999999998,0.0205999999999964,14.445699999999999,0.0004999999999988347,15.3074,-0.0025500000000011624,0.018003021347704495,0.014036796224109508,0.013893022643776719,15.53,13.54,0.8241206030150756,79.91803278688523,0.40958393106936875,0.3001765431884811,0.10940738788088766,14.415000000000001,15.78374125808333,13.046258741916672,0.7794538396070712,682549.578,1.3956626459155177,-12998.562670565354,0.21000000000000085,0.11999999999999922,0.10999999999999943,0.4399999999999995,0.47727272727272974,0.4542332821878275,0.5457667178121726,0.03339460541495018,8,2,6,2,False,False,1,-1,low_vol,sideways_stable
2025-06-11 12:00:00,15.18,15.66,15.08,15.61,1310473.59,1749657599999,20200233.0445,48068.0,680197.82,10483824.6388,0,0.02832674571805005,0.027932962559856812,15.386000000000001,0.06799999999999962,15.142,0.12499999999999822,14.508499999999998,0.09349999999999703,14.080599999999999,0.029600000000000293,14.4464,0.0007000000000019213,15.3049,-0.0024999999999995026,0.018376709688651134,0.01481168955878632,0.014393351030581609,15.66,13.54,0.9764150943396224,84.39716312056738,0.43569984171640463,0.3272812028940658,0.10841863882233882,14.508499999999998,15.93726133324254,13.079738666757455,0.8854737577129734,763489.1810000001,1.7164271906035036,37121.45215415018,0.4299999999999997,0.05000000000000071,0.09999999999999964,0.5800000000000001,0.741379310344827,0.5190473315833858,0.48095266841661427,0.036679869298243545,12,2,6,2,False,False,1,-1,low_vol,sideways_stable
2025-06-27 00:00:00,12.94,13.17,12.77,13.13,251353.53,1750996799999,3261875.1396,15573.0,131585.15,1708140.1031,0,0.014683153013910433,0.014576399241950389,13.098000000000003,-0.04999999999999716,13.162,-0.015000000000000568,13.190000000000001,0.049000000000001265,12.736600000000001,0.007200000000000983,13.238599999999998,-0.020400000000002194,13.840800000000002,-0.011849999999999028,0.012538558950898785,0.016022247484018447,0.01665093403631668,13.73,12.12,0.6273291925465844,43.88888888888893,0.1391090181823067,0.17466421317230899,-0.03555519499000229,13.190000000000001,13.544163209478363,12.83583679052164,0.4152932907848149,348879.20900000003,0.7204600432351931,3690.662341576526,0.19000000000000128,0.03999999999999915,0.16999999999999993,0.40000000000000036,0.47500000000000275,0.5235062742106705,0.47649372578932947,0.061956559750722416,0,4,6,2,False,False,1,-1,low_vol,sideways_stable
2025-06-27 04:00:00,13.12,13.23,13.0,13.03,169537.71,1751011199999,2224079.3439,11327.0,80621.19,1058095.7466,0,-0.007616146230007725,-0.0076452971779511795,13.065999999999999,-0.03200000000000358,13.16,-0.002000000000000668,13.2005,0.010499999999998622,12.735,-0.0016000000000016001,13.218,-0.020599999999998175,13.82925,-0.011550000000001504,0.011470891559826304,0.010761873687276921,0.01626214749542875,13.73,12.77,0.27083333333333287,39.34426229508198,0.1217554970294934,0.1640824699437459,-0.0423269729142525,13.2005,13.519146809923354,12.881853190076646,0.23246240870728987,285113.283,0.5946328007453795,-1291.223990860643,0.08999999999999986,0.11000000000000121,0.02999999999999936,0.23000000000000043,0.3913043478260856,0.4755354428227207,0.5244645571772792,0.06681109471161313,4,4,6,2,False,False,1,-1,low_vol,sideways_stable
2025-06-27 08:00:00,13.02,13.21,13.01,13.04,208709.07,1751025599999,2731560.8944,11362.0,112160.12,1468020.5838,0,0.0007674597083653367,0.0007671653617531704,13.05,-0.015999999999998238,13.141,-0.019000000000000128,13.205000000000002,0.004500000000001947,12.731599999999998,-0.003400000000000958,13.195699999999999,-0.02230000000000132,13.8171,-0.012150000000000105,0.010409123128366466,0.010538590871375153,0.016225429420028734,13.73,12.77,0.28124999999999933,41.0112359550562,0.10756962721427499,0.15277990139785172,-0.04521027418357673,13.205000000000002,13.511044372428874,12.89895562757113,0.23043124647170138,270591.46499999997,0.7713069220420534,160.17580199540066,0.019999999999999574,0.1700000000000017,0.009999999999999787,0.20000000000000107,0.09999999999999734,0.5373993569134298,0.4626006430865703,0.0544394165524287,8,4,6,2,False,False,1,-1,low_vol,sideways_stable
2025-06-27 12:00:00,13.04,13.12,12.86,13.05,381257.56,1751039999999,4941170.7568,18382.0,183664.31,2380967.2139,0,0.0007668711656443339,0.0007665772701956842,13.038,-0.012000000000000455,13.133000000000001,-0.007999999999999119,13.206,0.0009999999999976694,12.73,-0.0015999999999980474,13.171700000000001,-0.023999999999997357,13.805900000000001,-0.011199999999998766,0.0101922191937763,0.010451533497195334,0.01620325866471091,13.73,12.77,0.2916666666666676,37.86982248520713,0.0960271978466345,0.14142936068760828,-0.045402162840973787,13.206,13.509758907169577,12.902241092830423,0.24321740643985468,290420.467,1.3127778628632258,292.37542944791454,0.010000000000001563,0.06999999999999851,0.17999999999999972,0.2599999999999998,0.03846153846154451,0.48173289993252855,0.5182671000674715,0.04821412590480829,12,4,6,2,False,False,1,-1,low_vol,sideways_stable
2025-06-27 16:00:00,13.05,13.19,12.73,12.88,397945.3,1751054399999,5156812.2292,20991.0,191618.67,2484599.7884,0,-0.013026819923371624,-0.013112413092494836,13.026000000000002,-0.011999999999998678,13.087,-0.04600000000000115,13.192000000000002,-0.01399999999999757,12.724400000000001,-0.005599999999999383,13.1475,-0.024200000000000443,13.794550000000001,-0.011350000000000193,0.009017587200912672,0.01057571985494081,0.016303678624681774,13.73,12.73,0.15000000000000036,38.095238095238166,0.07232840335236723,0.12760916922056006,-0.05528076586819283,13.192000000000002,13.528708526146271,12.855291473853732,0.03669126889815475,289210.145,1.375972824189829,-5183.961762452098,0.16999999999999993,0.1399999999999988,0.15000000000000036,0.4599999999999991,0.36956521739130493,0.4815201234943597,0.5184798765056403,0.0527484556294546,16,4,6,2,False,False,1,-1,low_vol,sideways_stable
2025-06-27 20:00:00,12.88,13.07,12.86,13.05,149402.14,1751068799999,1942430.4291,8686.0,76930.78,999976.3079,0,0.013198757763975166,0.013112413092494871,13.010000000000002,-0.016000000000000014,13.054000000000002,-0.0329999999999977,13.176999999999998,-0.015000000000004121,12.726400000000002,0.002000000000000668,13.124099999999999,-0.023400000000002308,13.78465,-0.009900000000001796,0.010313849215042543,0.010483629599381589,0.016253600281453135,13.73,12.73,0.3200000000000003,50.0,0.06649797002093294,0.11538692938063465,-0.04888895935970171,13.176999999999998,13.510788461218702,12.843211538781294,0.3097597509268237,282517.146,0.5288250363395643,1971.9226552795049,0.16999999999999993,0.019999999999999574,0.02000000000000135,0.21000000000000085,0.8095238095238059,0.5149242172836346,0.4850757827163654,0.05813839078877986,20,4,6,2,False,False,1,-1,low_vol,sideways_stable
2025-06-28 00:00:00,13.05,13.18,13.0,13.15,183366.47,1751083199999,2403977.1678,9530.0,94709.34,1242123.1343,0,0.00766283524904221,0.007633624855071205,13.034,0.023999999999999133,13.05,-0.004000000000001336,13.166999999999998,-0.009999999999999787,12.7288,0.0023999999999979593,13.103800000000001,-0.020299999999997098,13.77475,-0.00990000000000002,0.00985235384228232,0.010663791919974791,0.016265946811456586,13.57,12.73,0.5,47.402597402597415,0.069149363051622,0.10613941611483213,-0.03699005306321013,13.166999999999998,13.49079980819963,12.843200191800365,0.47374921236902545,270042.705,0.6790276745302192,1405.107049808441,0.09999999999999964,0.02999999999999936,0.05000000000000071,0.17999999999999972,0.5555555555555545,0.5165030444224618,0.48349695557753825,0.05197242440234575,0,5,6,2,False,False,1,-1,low_vol,sideways_stable
2025-06-28 04:00:00,13.16,13.18,13.08,13.16,176391.73,1751097599999,2315387.9056,6198.0,94508.73,1240887.3548,0,0.0007604562737641984,0.000760167273397525,13.058000000000002,0.02400000000000091,13.053999999999998,0.003999999999997783,13.154,-0.012999999999998124,12.730599999999999,0.0017999999999993577,13.079299999999998,-0.024500000000003297,13.762849999999998,-0.011900000000000688,0.00969253686913907,0.010579056929085664,0.01626123401607552,13.57,12.73,0.5119047619047616,51.03448275862067,0.0712363591520031,0.09915880472226632,-0.027922445570263216,13.154,13.455113722179604,12.852886277820396,0.5099630132372736,240794.92600000004,0.7325392313291518,134.13819771862057,0.0,0.019999999999999574,0.08000000000000007,0.09999999999999964,0.0,0.5357888944113196,0.46421110558868045,0.03513770175052991,4,5,6,2,False,False,1,-1,low_vol,sideways_stable
2025-06-28 08:00:00,13.17,13.19,13.09,13.09,162716.8,1751111999999,2137183.7198,5763.0,76161.16,1000624.2,0,-0.005319148936170248,-0.005333345975362617,13.066000000000003,0.008000000000000895,13.052000000000001,-0.001999999999997115,13.1405,-0.013500000000000512,12.7324,0.001800000000001134,13.058700000000002,-0.0205999999999964,13.749850000000002,-0.012999999999996348,0.009856206210175127,0.010595709370571716,0.01626097642530061,13.57,12.73,0.428571428571428,40.45801526717561,0.06647561411210745,0.09262216660023456,-0.02614655248812711,13.1405,13.426560354324808,12.85443964567519,0.41173191384874835,237832.94199999998,0.6841642651840888,-865.5148936170269,0.08000000000000007,0.019999999999999574,0.0,0.09999999999999964,0.8000000000000036,0.4680595980255266,0.5319404019744733,0.035417363173317076,8,5,6,2,False,False,1,-1,low_vol,sideways_stable
2025-06-28 12:00:00,13.1,13.29,13.04,13.27,169552.09,1751126399999,2227675.9599,6002.0,89778.03,1180445.9442,0,0.013750954927425507,0.013657268422307571,13.144,0.07799999999999763,13.084999999999999,0.0329999999999977,13.131,-0.009499999999999176,12.734199999999998,0.0017999999999975813,13.0425,-0.016200000000001324,13.73655,-0.013300000000002754,0.00960139509386141,0.010945631499264476,0.016259359444063256,13.57,12.73,0.6428571428571419,46.20689655172411,0.07634710316504112,0.08936715391319587,-0.013020050748154752,13.131,13.382973265082697,12.879026734917304,0.7758229131062379,225023.24,0.7534870176076036,2331.503147440793,0.16999999999999993,0.019999999999999574,0.0600000000000005,0.25,0.6799999999999997,0.529501169817488,0.47049883018251204,0.03539915078605047,12,5,6,2,False,False,1,-1,low_vol,sideways_stable
2025-06-28 16:00:00,13.28,13.41,13.22,13.31,327046.28,1751140799999,4355680.3225,11514.0,173579.33,2312532.4152,0,0.0030143180105501877,0.003009784062904197,13.196000000000002,0.05200000000000138,13.103,0.018000000000000682,13.132500000000002,0.0015000000000018332,12.7378,0.003600000000002268,13.029100000000001,-0.013399999999998968,13.724400000000001,-0.012149999999998329,0.008624040690990615,0.010549575487498485,0.016253185843409384,13.57,12.73,0.6904761904761907,54.61538461538464,0.0864020065180231,0.08877412443416133,-0.0023721179161382278,13.132500000000002,13.388532481493254,12.87646751850675,0.8466357060728578,232592.51499999998,1.406091163337737,985.8214920874398,0.030000000000001137,0.09999999999999964,0.05999999999999872,0.1899999999999995,0.15789473684211167,0.5307485228084539,0.4692514771915462,0.0352060264987573,16,5,6,2,False,False,1,-1,low_vol,sideways_stable
2025-06-28 20:00:00,13.31,13.45,13.28,13.39,181040.53,1751155199999,2422160.2666,6081.0,90546.83,1211241.0335,0,0.006010518407212562,0.005992527296060815,13.244,0.047999999999998266,13.139,0.03599999999999959,13.1495,0.016999999999997684,12.7476,0.009800000000000253,13.0188,-0.010300000000000864,13.7125,-0.011900000000000688,0.008102635793256024,0.009775914973060471,0.016063320968921723,13.57,12.73,0.785714285714286,60.305343511450396,0.0996769079311246,0.09095468113355398,0.00872222679757062,13.1495,13.426740158100884,12.872259841899115,0.9337394727507077,233742.79700000002,0.7745288082609878,1088.147438016518,0.08000000000000007,0.05999999999999872,0.030000000000001137,0.16999999999999993,0.47058823529411825,0.5001467350984887,0.4998532649015113,0.03358916370825914,20,5,6,2,False,False,1,-1,low_vol,sideways_stable
2025-06-29 00:00:00,13.4,13.44,13.27,13.29,140852.66,1751169599999,1881796.4502,5721.0,59398.39,793665.2233,0,-0.007468259895444418,-0.007496286977927234,13.270000000000001,0.026000000000001577,13.164000000000001,0.02500000000000213,13.1525,0.0030000000000001137,12.7618,0.01419999999999888,13.010399999999999,-0.00840000000000174,13.7015,-0.011000000000001009,0.00872235958704888,0.009501723320259975,0.01568027834902391,13.57,12.73,0.6666666666666653,56.428571428571395,0.10096434456040804,0.0929566138189248,0.00800773074148324,13.1525,13.434662700359791,12.870337299640209,0.7436537498129101,226957.15600000002,0.6206134341937206,-1051.9242718446683,0.11000000000000121,0.03999999999999915,0.019999999999999574,0.16999999999999993,0.6470588235294191,0.42170584495883856,0.5782941550411614,0.04061691131711676,0,6,6,2,False,False,1,-1,low_vol,sideways_stable
2025-06-29 04:00:00,13.29,13.44,13.26,13.44,109902.76,1751183999999,1466510.0922,4395.0,56505.55,754517.2039,0,0.011286681715575675,0.011223462369849576,13.34,0.06999999999999851,13.203,0.038999999999997925,13.168000000000001,0.01550000000000118,12.7804,0.01860000000000106,13.0022,-0.008199999999998653,13.690999999999999,-0.010500000000000398,0.009187780406144529,0.009618319880170636,0.01571258513027388,13.57,12.73,0.8452380952380942,68.11594202898543,0.11278824112682173,0.09692293928050419,0.015865301846317542,13.168000000000001,13.477675551778095,12.858324448221907,0.9391693151723312,199821.67600000004,0.5500041947401141,1240.4374717833016,0.15000000000000036,0.0,0.02999999999999936,0.17999999999999972,0.8333333333333366,0.5141413191079096,0.4858586808920904,0.039989896523071854,4,6,6,2,False,False,1,-1,low_vol,sideways_stable
2025-06-29 08:00:00,13.44,13.48,13.38,13.44,203747.18,1751198399999,2737189.485,8244.0,118102.86,1586880.3316,0,0.0,0.0,13.374,0.034000000000000696,13.259,0.05600000000000094,13.173000000000002,0.005000000000000782,12.795399999999999,0.014999999999998792,12.9953,-0.006899999999999906,13.680950000000001,-0.010049999999997894,0.007418048192966416,0.00896743541444428,0.015604135363344512,13.48,12.73,0.9466666666666654,63.02521008403351,0.1207666416717128,0.1016916797587459,0.019074961912966898,13.173000000000002,13.49725461081105,12.848745389188954,0.9117134978160512,180401.864,1.1294072881641621,0.0,0.0,0.040000000000000924,0.05999999999999872,0.09999999999999964,0.0,0.5796539613456245,0.4203460386543755,0.04046190970594047,8,6,6,2,False,False,1,-1,low_vol,sideways_stable
2025-06-29 12:00:00,13.44,13.46,13.26,13.28,181170.55,1751212799999,2419438.4362,7616.0,82807.12,1106115.0909,0,-0.011904761904761862,-0.01197619104671565,13.368,-0.006000000000000227,13.282,0.022999999999999687,13.168000000000001,-0.005000000000000782,12.8084,0.013000000000001677,12.988400000000002,-0.00689999999999813,13.66815,-0.012800000000000367,0.008267191764475485,0.009352119039048775,0.015693161949999507,13.48,12.73,0.733333333333332,59.99999999999997,0.11287773450122174,0.10392889070724108,0.008948843793980657,13.168000000000001,13.481728008246858,12.854271991753144,0.6784985673192927,183578.70500000002,0.986882165880841,-2156.792261904754,0.16000000000000014,0.02000000000000135,0.019999999999999574,0.20000000000000107,0.7999999999999965,0.4570672220181481,0.5429327779818519,0.042037737369566966,12,6,6,2,False,False,1,-1,low_vol,sideways_stable
2025-06-29 16:00:00,13.29,13.42,13.24,13.34,168851.31,1751227199999,2252749.5523,6485.0,95760.25,1277863.5321,0,0.004518072289156683,0.004507896439189922,13.358,-0.009999999999999787,13.300999999999998,0.01899999999999835,13.1755,0.007499999999998508,12.821599999999998,0.013199999999997658,12.9892,0.0007999999999981355,13.6551,-0.01305000000000156,0.008076126985374011,0.008812404586698902,0.015695422912855465,13.48,12.73,0.8133333333333326,61.538461538461526,0.1101969356126471,0.1051824996883223,0.005014435924324795,13.1755,13.49847792005453,12.85252207994547,0.7546613712358833,182127.189,0.927106550796213,762.8824246988047,0.05000000000000071,0.08000000000000007,0.049999999999998934,0.17999999999999972,0.2777777777777822,0.567127669900814,0.4328723300991861,0.03840657203074113,16,6,6,2,False,False,1,-1,low_vol,sideways_stable
2025-06-29 20:00:00,13.35,13.88,13.25,13.7,694153.77,1751241599999,9465693.7246,28866.0,356481.99,4854723.6163,0,0.026986506746626615,0.026628792346601503,13.440000000000001,0.08200000000000074,13.354999999999999,0.05400000000000027,13.2045,0.028999999999999915,12.8456,0.02400000000000091,12.9938,0.0045999999999999375,13.643600000000001,-0.011499999999998067,0.011397323898432796,0.010474443097082911,0.015952944130377147,13.88,12.73,0.843478260869564,69.69696969696963,0.13555873778698135,0.11125774730805411,0.02430099047892724,13.2045,13.602043774485558,12.80695622551444,1.123201810468798,233903.393,2.967694316430886,18732.7853973013,0.34999999999999964,0.1800000000000015,0.09999999999999964,0.6300000000000008,0.5555555555555542,0.5135490224305775,0.48645097756942246,0.041584446051485105,20,6,6,2,False,False,1,-1,low_vol,sideways_stable
2025-06-30 00:00:00,13.71,13.78,13.48,13.5,406497.39,1751255999999,5539492.8424,14953.0,208148.94,2836764.7038,0,-0.014598540145985384,-0.014706147389695449,13.452000000000002,0.012000000000000455,13.395999999999997,0.04099999999999859,13.224,0.01950000000000074,12.8716,0.026000000000001577,12.995500000000002,0.001700000000001367,13.63145,-0.012150000000001882,0.012566105426183182,0.01111869599143318,0.01569404329996962,13.88,12.73,0.6695652173913038,68.4523809523809,0.1379298507408091,0.11659216799460512,0.021337682746203984,13.224,13.639864350354033,12.808135649645967,0.831838975575853,258281.45200000005,1.5738543625656864,-5934.268467153278,0.21000000000000085,0.06999999999999851,0.019999999999999574,0.29999999999999893,0.7000000000000053,0.5120548006470594,0.4879451993529405,0.03678498403150879,0,0,6,2,False,False,1,-1,low_vol,sideways_stable
2025-06-30 04:00:00,13.5,13.5,13.19,13.34,336734.04,1751270399999,4499309.4086,11779.0,169133.85,2261960.233,0,-0.011851851851851891,-0.011922644956906146,13.432000000000002,-0.019999999999999574,13.403,0.007000000000003226,13.244,0.019999999999999574,12.897800000000002,0.02620000000000111,12.9948,-0.0007000000000019213,13.6186,-0.012849999999998474,0.012774875322397617,0.011044732158592535,0.015653204057180077,13.88,12.73,0.530434782608695,58.682634730538894,0.12545217740559522,0.11836416987680314,0.007088007528792087,13.244,13.64037303004621,12.84762696995379,0.6210980474488997,274999.647,1.2244889899804126,-3990.9219555555687,0.16000000000000014,0.0,0.15000000000000036,0.3100000000000005,0.5161290322580642,0.5022772571492922,0.4977227428507079,0.03498012853111019,4,0,6,2,False,False,1,-1,low_vol,sideways_stable
2025-06-30 08:00:00,13.34,13.37,13.17,13.2,258578.62,1751284799999,3425226.9007,9596.0,121682.64,1612638.521,0,-0.010494752623688153,-0.010550210895152486,13.416,-0.01600000000000179,13.392,-0.011000000000001009,13.247499999999999,0.0034999999999989484,12.923599999999999,0.025799999999996714,12.9955,0.000700000000000145,13.6044,-0.014200000000000657,0.013198368134560906,0.010906781477142202,0.01566161569599167,13.88,12.73,0.4086956521739119,51.46198830409353,0.10307847690187266,0.11530703128181705,-0.012228554379944384,13.247499999999999,13.640859350909588,12.854140649090409,0.4396226378117589,268152.881,0.9642955132001733,-2713.7186506746616,0.14000000000000057,0.02999999999999936,0.02999999999999936,0.1999999999999993,0.7000000000000053,0.4705827573834217,0.5294172426165782,0.03711057008502869,8,0,6,2,False,False,1,-1,low_vol,sideways_stable
2025-06-30 12:00:00,13.21,13.45,13.12,13.38,762850.58,1751299199999,10125470.3738,24865.0,400398.53,5313026.5867,0,0.013636363636363669,0.013544225107757253,13.424000000000001,0.008000000000000895,13.391,-0.0009999999999994458,13.265,0.017500000000001847,12.951799999999999,0.028200000000000003,12.9949,-0.000600000000000378,13.591950000000002,-0.01244999999999763,0.0138373278733953,0.011125758921902745,0.015740667946863827,13.88,12.73,0.565217391304348,55.851063829787236,0.09873351523198437,0.11199232807185051,-0.013258812839866144,13.265,13.648639084777693,12.881360915222308,0.6498804534822608,326333.886,2.337638267819971,10402.507909090933,0.16999999999999993,0.06999999999999851,0.09000000000000163,0.33000000000000007,0.5151515151515148,0.5248715023589549,0.4751284976410452,0.032594849701759424,12,0,6,2,False,False,1,-1,low_vol,sideways_stable
2025-06-30 16:00:00,13.37,13.64,13.26,13.62,463015.56,1751313599999,6203524.6943,17330.0,220152.35,2950263.9583,0,0.017937219730941534,0.01777824602128375,13.408000000000001,-0.016000000000000014,13.424000000000001,0.03300000000000125,13.294,0.028999999999999915,12.986399999999998,0.0345999999999993,12.998500000000002,0.003600000000002268,13.580150000000001,-0.01180000000000092,0.014621573573787395,0.011722065921405915,0.015837120462974568,13.88,12.73,0.7739130434782596,62.92682926829265,0.1133494738640426,0.11226375723028893,0.0010857166337536611,13.294,13.693389007044528,12.894610992955473,0.9081234013079046,358550.17600000004,1.2913549929480441,8305.211838564943,0.25,0.02000000000000135,0.10999999999999943,0.3800000000000008,0.6578947368421039,0.475475057468911,0.5245249425310891,0.03742854775766067,16,0,6,2,False,False,1,-1,low_vol,sideways_stable
2025-06-30 20:00:00,13.62,13.67,13.36,13.38,286329.58,1751327999999,3864022.0738,11029.0,120949.53,1631854.1298,0,-0.017621145374449254,-0.01777824602128383,13.384,-0.02400000000000091,13.418000000000001,-0.006000000000000227,13.3105,0.01649999999999885,13.025,0.03860000000000241,13.0002,0.0016999999999978144,13.5698,-0.010350000000000747,0.015531971822455012,0.012536765059175363,0.015059924144498266,13.88,12.73,0.565217391304348,52.606635071090075,0.10436369246336064,0.11068374427690328,-0.006320051813542643,13.3105,13.694411996495651,12.926588003504348,0.5905155356362882,376192.858,0.7611244443136133,-5045.455154184998,0.23999999999999844,0.05000000000000071,0.02000000000000135,0.3100000000000005,0.7741935483870905,0.42241367447959793,0.5775863255204021,0.03851854914885147,20,0,6,2,False,False,1,-1,low_vol,sideways_stable
2025-07-01 00:00:00,13.37,13.44,13.23,13.32,212604.3,1751342399999,2830748.3918,9196.0,110166.82,1466110.1282,0,-0.004484304932735439,-0.004494389587839326,13.38,-0.0039999999999995595,13.406,-0.012000000000000455,13.3325,0.02200000000000024,13.067,0.041999999999999815,13.001800000000001,0.0016000000000016001,13.559800000000001,-0.009999999999999787,0.015585728798688818,0.01216202664029659,0.014724828519011132,13.88,12.86,0.450980392156863,50.23474178403755,0.09134789572535063,0.10681657456659276,-0.015468678841242131,13.3325,13.658617511918008,13.006382488081991,0.4808351291433531,377078.57,0.5638196304817852,-953.3825112107651,0.049999999999998934,0.07000000000000028,0.08999999999999986,0.20999999999999908,0.23809523809523406,0.5181777602804836,0.48182223971951643,0.04325406400529058,0,1,7,3,False,False,1,-1,low_vol,sideways_stable
2025-07-01 04:00:00,13.32,13.32,13.09,13.23,231379.67,1751356799999,3054514.7622,8812.0,104492.46,1380426.9201,0,-0.006756756756756799,-0.006779686985378804,13.386000000000001,0.006000000000000227,13.401,-0.005000000000000782,13.3415,0.009000000000000341,13.098600000000001,0.03160000000000096,13.004100000000001,0.0022999999999999687,13.5475,-0.012300000000001532,0.015259332508093068,0.011990791259913565,0.013909190609868822,13.88,13.0,0.26136363636363663,46.26168224299065,0.07292984533830094,0.1000392287209344,-0.027109383382633467,13.3415,13.643860885803377,13.039139114196622,0.31561768529725287,382099.48199999996,0.6055482430619993,-1563.3761486486585,0.08999999999999986,0.0,0.14000000000000057,0.23000000000000043,0.3913043478260856,0.4516060551041498,0.5483939448958501,0.03808459057790168,4,1,7,3,False,False,1,-1,low_vol,sideways_stable
2025-07-01 08:00:00,13.22,13.27,13.11,13.14,254226.36,1751371199999,3352809.9663,8197.0,131367.66,1733024.1243,0,-0.006802721088435382,-0.006825965070399871,13.338,-0.04800000000000182,13.381,-0.019999999999999574,13.341,-0.0005000000000006111,13.1286,0.02999999999999936,13.0055,0.0013999999999985135,13.533050000000001,-0.014449999999998298,0.015284319271975986,0.011988348025380624,0.013964998730821859,13.88,13.04,0.11904761904762051,46.47887323943665,0.050489152353140554,0.09012921344737564,-0.03964006109423508,13.341,13.644724251671276,13.037275748328723,0.169107753342096,390636.987,0.650799510697639,-1729.431020408165,0.08000000000000007,0.049999999999998934,0.030000000000001137,0.16000000000000014,0.5,0.5167350073375554,0.48326499266244455,0.032242919262974935,8,1,7,3,False,False,1,-1,low_vol,sideways_stable
2025-07-01 12:00:00,13.14,13.17,12.94,13.0,449384.45,1751385599999,5861815.9986,17043.0,199499.79,2602840.7743,0,-0.010654490106544956,-0.010711655594927772,13.214000000000002,-0.123999999999997,13.311000000000002,-0.06999999999999851,13.332999999999998,-0.008000000000000895,13.1516,0.022999999999999687,13.004000000000001,-0.0014999999999982805,13.519100000000002,-0.013949999999999463,0.011739225880618976,0.01222120176031175,0.013903689018751069,13.88,12.94,0.06382978723404299,39.62264150943397,0.021163946711167725,0.07633616010013405,-0.05517221338896633,13.332999999999998,13.664001669578571,13.001998330421426,-0.003018610788232534,366160.055,1.2272896616207905,-4787.962176560147,0.14000000000000057,0.02999999999999936,0.0600000000000005,0.23000000000000043,0.6086956521739144,0.443940127434316,0.556059872565684,0.0379252108078061,12,1,7,3,False,False,1,-1,low_vol,sideways_stable
2025-07-01 16:00:00,13.01,13.07,12.82,12.82,310354.75,1751399999999,4014452.0665,11282.0,107654.49,1392481.7188,0,-0.013846153846153841,-0.01394290596901275,13.102,-0.11200000000000188,13.243,-0.06800000000000139,13.3195,-0.013499999999998735,13.171,0.019399999999999196,12.9999,-0.004100000000001103,13.50395,-0.015150000000001995,0.011674307635291639,0.012541220298516292,0.014080042030984603,13.88,12.82,0.0,36.521739130434796,-0.016411800691644274,0.057786567941778395,-0.07419836863342266,13.3195,13.709073315849144,12.929926684150855,-0.1410860031715083,356545.791,0.8704485029245513,-4297.2196153846135,0.1899999999999995,0.0600000000000005,0.0,0.25,0.759999999999998,0.34687559961624564,0.6531244003837544,0.036351948858524,16,1,7,3,False,False,1,-1,low_vol,sideways_stable
2025-07-01 20:00:00,12.82,12.93,12.78,12.9,276113.28,1751414399999,3550119.5012,8522.0,95160.03,1224045.7906,0,0.006240249609984483,0.0062208598751025326,13.018,-0.08399999999999963,13.199000000000002,-0.04399999999999871,13.300999999999998,-0.018500000000001293,13.193800000000001,0.02280000000000193,12.997300000000001,-0.0025999999999992696,13.49165,-0.012299999999999756,0.01191014636333553,0.012184686915399616,0.014030093163636669,13.88,12.78,0.10909090909090985,41.44144144144146,-0.03928269337827395,0.03837271567776793,-0.07765540905604187,13.300999999999998,13.733271844293686,12.868728155706311,0.036171502616352706,350483.715,0.7878063036395286,1723.0157878315365,0.08000000000000007,0.02999999999999936,0.040000000000000924,0.15000000000000036,0.5333333333333325,0.3446412646287784,0.6553587353712216,0.03086414387602074,20,1,7,3,False,False,1,-1,low_vol,sideways_stable
2025-07-02 00:00:00,12.9,12.96,12.73,12.91,308125.36,1751428799999,3962919.2555,9936.0,122665.91,1577531.3169,0,0.0007751937984497026,0.0007748934909247909,12.953999999999999,-0.06400000000000183,13.170000000000002,-0.028999999999999915,13.281,-0.019999999999997797,13.209000000000001,0.015200000000000102,12.995600000000001,-0.0016999999999995907,13.480249999999998,-0.011400000000001853,0.01168313048592567,0.012152791614624585,0.013287477848558025,13.88,12.73,0.1565217391304345,40.09216589861751,-0.055956097125594795,0.019506953117095382,-0.07546305024269018,13.281,13.74720076994293,12.814799230057071,0.10210275924102746,355438.389,0.8668882414949275,238.85686821708205,0.009999999999999787,0.05000000000000071,0.16999999999999993,0.23000000000000043,0.04347826086956421,0.3981039080976652,0.6018960919023348,0.03224661546845738,0,2,7,3,False,False,1,-1,low_vol,sideways_stable
2025-07-02 04:00:00,12.91,13.09,12.88,13.04,334356.69,1751443199999,4351999.828,9637.0,143408.84,1867073.752,0,0.010069713400464586,0.010019351639955595,12.934000000000001,-0.019999999999997797,13.136,-0.03400000000000247,13.263499999999999,-0.017500000000001847,13.2134,0.004399999999998627,12.9943,-0.001300000000000523,13.4702,-0.010049999999997894,0.011191491107168923,0.012316815353127149,0.01086875120941975,13.88,12.73,0.2695652173913031,32.98969072164947,-0.05801125849884414,0.0040033107939074775,-0.06201456929275162,13.263499999999999,13.738663129883458,12.78833687011654,0.26481761110671986,312589.0,1.069636775446353,3366.8760418279835,0.129999999999999,0.05000000000000071,0.02999999999999936,0.20999999999999908,0.6190476190476171,0.42890973708347213,0.5710902629165279,0.028822512867919585,4,2,7,3,False,False,1,-1,low_vol,sideways_stable
2025-07-02 08:00:00,13.04,13.19,13.04,13.08,204703.18,1751457599999,2682478.938,8077.0,102122.76,1338358.2555,0,0.0030674846625766694,0.003062789530545731,12.95,0.015999999999998238,13.081999999999999,-0.05400000000000027,13.253,-0.010499999999998622,13.216000000000001,0.002600000000001046,12.993799999999998,-0.0005000000000023874,13.4621,-0.008100000000000662,0.008931998879371673,0.01226212447357825,0.01078507207928498,13.88,12.73,0.3043478260869561,38.20224719101124,-0.05576944751208934,-0.007951240867291888,-0.047818206644797454,13.253,13.734930329099454,12.771069670900546,0.3205134751289964,286757.762,0.7138540159202387,627.9238650306712,0.040000000000000924,0.10999999999999943,0.0,0.15000000000000036,0.2666666666666722,0.49888213754178123,0.5011178624582188,0.03945713007487231,8,2,7,3,False,False,1,-1,low_vol,sideways_stable
2025-07-02 12:00:00,13.09,13.38,12.99,13.36,547210.32,1751471999999,7224719.7448,17768.0,243506.22,3215673.2472,0,0.021406727828746197,0.021180822079447045,13.058000000000002,0.10800000000000232,13.080000000000002,-0.001999999999997115,13.249,-0.0039999999999995595,13.2226,0.006599999999998829,12.9944,0.0006000000000021544,13.45645,-0.005649999999999267,0.010675907954263838,0.01297212460145182,0.01116408180403671,13.88,12.73,0.5478260869565207,50.52631578947368,-0.03104131129725829,-0.012569254953285168,-0.01847205634397312,13.249,13.725694760551747,12.772305239448254,0.6164267044507925,312845.836,1.7491372971318688,11713.982385321111,0.2699999999999996,0.02000000000000135,0.09999999999999964,0.39000000000000057,0.6923076923076902,0.4449956645554492,0.5550043354445509,0.03247014785832256,12,2,7,3,False,False,1,-1,low_vol,sideways_stable
2025-07-02 16:00:00,13.36,13.79,13.36,13.77,1336926.47,1751486399999,18232366.4424,41405.0,719375.51,9807327.6124,0,0.030688622754491135,0.030227144632063923,13.232,0.1739999999999977,13.125,0.04499999999999815,13.2655,0.01649999999999885,13.2348,0.012199999999999989,12.998300000000002,0.003900000000001569,13.4526,-0.003849999999999909,0.014262124114097654,0.01469941212796362,0.011881748597230355,13.88,12.73,0.9043478260869555,63.13364055299541,0.021392884441397086,-0.005776827074348717,0.027169711515745803,13.2655,13.790435083706459,12.74056491629354,0.9805356087440645,425278.053,3.1436526304826735,41028.43208832351,0.41000000000000014,0.019999999999999574,0.0,0.4299999999999997,0.9534883720930242,0.5380815820035338,0.46191841799646616,0.03097028963754454,16,2,7,3,False,False,1,-1,low_vol,sideways_stable
2025-07-02 20:00:00,13.78,13.85,13.54,13.56,532628.44,1751500799999,7306999.5194,16389.0,215720.22,2961118.2041,0,-0.015250544662309351,-0.015368030228313949,13.362,0.13000000000000078,13.158000000000001,0.03300000000000125,13.279499999999999,0.013999999999999346,13.238999999999999,0.004199999999999093,12.9971,-0.0012000000000025324,13.44915,-0.0034500000000008413,0.01516011385666272,0.014875767375471487,0.011936950227177586,13.88,12.73,0.7217391304347824,54.09090909090909,0.045477876721639277,0.004474113684848882,0.041003763036790396,13.279499999999999,13.82074515313314,12.738254846866857,0.7591247222965903,455402.93,1.1695762256075075,-8122.873812636156,0.21999999999999886,0.07000000000000028,0.02000000000000135,0.3100000000000005,0.7096774193548339,0.40501070502356207,0.594989294976438,0.030770042996577505,20,2,7,3,False,False,1,-1,low_vol,sideways_stable
2025-07-03 00:00:00,13.55,13.61,13.43,13.46,325421.09,1751515199999,4402471.1431,13309.0,122046.02,1652101.4061,0,-0.007374631268436516,-0.007401958295667701,13.446000000000002,0.0840000000000014,13.190000000000001,0.03200000000000003,13.285499999999999,0.006000000000000227,13.241200000000001,0.002200000000001978,12.9949,-0.002200000000000202,13.445149999999998,-0.004000000000001336,0.015200423513062784,0.014971363016673964,0.011987217848820427,13.88,12.73,0.6347826086956524,46.11650485436897,0.05585241053981527,0.01474977305584216,0.04110263748397311,13.285499999999999,13.832202074164147,12.73879792583585,0.6595933217070692,462522.40299999993,0.7035790869572216,-2399.8605457226936,0.08999999999999986,0.05999999999999872,0.030000000000001137,0.17999999999999972,0.5,0.3750402901053524,0.6249597098946476,0.04089777955079678,0,3,7,3,False,False,1,-1,low_vol,sideways_stable
2025-07-03 04:00:00,13.46,13.91,13.45,13.88,558032.51,1751529599999,7659443.5958,18866.0,269738.07,3705485.5948,0,0.031203566121842385,0.03072663086207659,13.606,0.15999999999999837,13.278,0.08799999999999919,13.2945,0.009000000000000341,13.250399999999999,0.009199999999998099,12.9957,0.0007999999999999119,13.445049999999998,-9.999999999976694e-05,0.01684602659347056,0.015387153058641433,0.012746751497490093,13.91,12.73,0.9745762711864412,61.16071428571429,0.09684838534847628,0.031169495514368987,0.0656788898341073,13.2945,13.874825679888014,12.714174320111985,1.004458117477229,473387.209,1.178807748478899,17412.60432392267,0.41999999999999993,0.02999999999999936,0.010000000000001563,0.46000000000000085,0.9130434782608677,0.4833733970087155,0.5166266029912845,0.033808066128620355,4,3,7,3,False,False,1,-1,low_vol,sideways_stable
2025-07-03 08:00:00,13.89,13.97,13.72,13.81,393345.98,1751543999999,5450430.2006,14184.0,192717.21,2671119.0224,0,-0.005043227665706085,-0.005055987657457726,13.696000000000002,0.09000000000000163,13.377,0.0990000000000002,13.309999999999999,0.015499999999999403,13.259399999999998,0.008999999999998565,12.9932,-0.0024999999999995026,13.446299999999999,0.0012500000000006395,0.01585399397517462,0.015029212469730192,0.012751794352361767,13.97,12.73,0.8709677419354838,60.8888888888889,0.12228000794388194,0.04939159800027158,0.07288840994361036,13.309999999999999,13.928725345070188,12.69127465492981,0.9040565042177812,481686.33200000005,0.8166019126322229,-1983.7333285302723,0.08000000000000007,0.08000000000000007,0.08999999999999986,0.25,0.3200000000000003,0.48994325555329177,0.5100567444467082,0.03605985753305525,8,3,7,3,False,False,1,-1,low_vol,sideways_stable
2025-07-03 12:00:00,13.81,14.08,13.58,13.62,1245508.48,1751558399999,17231555.0755,44021.0,597296.27,8270809.6439,0,-0.013758146270818394,-0.013853666699834592,13.666000000000002,-0.02999999999999936,13.449000000000002,0.07200000000000095,13.324000000000002,0.014000000000002899,13.262599999999999,0.003200000000001424,12.9938,0.000600000000000378,13.445849999999998,-0.0004500000000007276,0.017242076182652215,0.0151223813308262,0.012875831991184342,14.08,12.73,0.6592592592592585,58.297872340425506,0.12565486886114918,0.0646442521724471,0.061010616688702085,13.324000000000002,13.958064582465768,12.689935417534235,0.7334147089945516,578625.852,2.152528228206437,-17135.887849384686,0.19000000000000128,0.2699999999999996,0.03999999999999915,0.5,0.38000000000000256,0.47956017930925693,0.5204398206907431,0.035343797900115465,12,3,7,3,False,False,1,-1,low_vol,sideways_stable
2025-07-03 16:00:00,13.61,13.78,13.6,13.7,305545.25,1751572799999,4183272.881,11138.0,147351.88,2017662.2743,0,0.005873715124816492,0.0058565321127129685,13.693999999999999,0.027999999999996916,13.528,0.07899999999999885,13.349,0.02499999999999858,13.270999999999999,0.008399999999999963,12.994100000000001,0.0003000000000010772,13.446000000000002,0.00015000000000320313,0.017159444679512748,0.014900476602802595,0.012745237843960788,14.08,12.73,0.7185185185185179,61.96581196581194,0.13324879272668788,0.07836516028329527,0.054883632443392616,13.349,14.00163514430315,12.696364855696851,0.7689098212560858,578367.841,0.5282887953654394,1794.6857562408363,0.08999999999999986,0.08000000000000007,0.009999999999999787,0.17999999999999972,0.5,0.4822587816370898,0.5177412183629102,0.03645286581938355,16,3,7,3,False,False,1,-1,low_vol,sideways_stable
2025-07-03 20:00:00,13.7,13.8,13.64,13.67,233199.95,1751587199999,3199969.5524,7375.0,94366.74,1295307.6427,0,-0.0021897810218978186,-0.002192182098221047,13.736,0.04200000000000159,13.591,0.06299999999999883,13.363499999999998,0.014499999999998181,13.283399999999999,0.012399999999999523,12.9958,0.0016999999999978144,13.445,-0.0010000000000012221,0.01728089829959484,0.01466644693585184,0.012485607096412804,14.08,12.73,0.6962962962962961,65.02242152466368,0.13528678102331426,0.08974948443129907,0.04553729659201519,13.363499999999998,14.031734909846442,12.695265090153555,0.7293355192041924,568252.167,0.410381101107178,-510.65682481752026,0.02999999999999936,0.10000000000000142,0.02999999999999936,0.16000000000000014,0.18749999999999584,0.40466020683109066,0.5953397931689094,0.03162522118894108,20,3,7,3,False,False,1,-1,low_vol,sideways_stable
2025-07-04 00:00:00,13.66,13.78,13.55,13.6,292193.35,1751601599999,3991288.6309,10815.0,127732.73,1745699.355,0,-0.005120702267739641,-0.005133857993851933,13.680000000000001,-0.05599999999999916,13.643,0.05200000000000138,13.3625,-0.0009999999999976694,13.290799999999999,0.007400000000000517,12.9992,0.003400000000000958,13.4424,-0.002600000000001046,0.017567016544787265,0.014177492098342976,0.012376286011082118,14.08,12.73,0.644444444444444,68.39622641509433,0.1297577202184108,0.09775113158872142,0.032006588629689386,13.3625,14.029176754310129,12.695823245689873,0.678122304748545,577001.184,0.506399914077126,-1496.2351499634424,0.0600000000000005,0.11999999999999922,0.049999999999998934,0.22999999999999865,0.260869565217395,0.43715139307585205,0.5628486069241481,0.03701316268833634,0,4,7,3,False,False,1,-1,low_vol,sideways_stable
2025-07-04 04:00:00,13.6,13.62,13.36,13.37,331956.47,1751615999999,4473181.7657,12904.0,122596.45,1651369.9064,0,-0.016911764705882404,-0.017056401628154565,13.592000000000002,-0.08799999999999919,13.644,0.0009999999999994458,13.362,-0.0005000000000006111,13.2956,0.004800000000001248,13.0023,0.0030999999999998806,13.439400000000001,-0.0029999999999983373,0.017537946072130974,0.014131845781467332,0.012571667107566723,14.08,12.73,0.4740740740740733,60.352422907488965,0.10559953616649764,0.09932081250427667,0.0062787236622209724,13.362,14.028636490545605,12.695363509454396,0.5060002715973825,555475.799,0.5976074395997223,-5613.96971323531,0.23000000000000043,0.019999999999999574,0.009999999999999787,0.2599999999999998,0.884615384615387,0.36931483817742733,0.6306851618225726,0.03887256663501694,4,4,7,3,False,False,1,-1,low_vol,sideways_stable
2025-07-04 08:00:00,13.37,13.47,13.22,13.35,596218.76,1751630399999,7965010.9318,18170.0,300826.77,4018017.0719,0,-0.0014958863126401933,-0.0014970062675932275,13.538,-0.054000000000002046,13.602,-0.041999999999999815,13.363499999999998,0.0014999999999982805,13.2958,0.00019999999999953388,13.0042,0.001900000000000901,13.43695,-0.0024500000000013955,0.013899262263018932,0.014097062194743229,0.012371771838509236,14.08,12.73,0.4592592592592588,59.649122807017534,0.08387332887606291,0.09623131577863392,-0.012357986902571005,13.363499999999998,14.02987353204578,12.697126467954217,0.48987054605954006,481405.02800000005,1.2384971600255075,-891.8754824233084,0.019999999999999574,0.10000000000000142,0.129999999999999,0.25,0.0799999999999983,0.5045577063022976,0.4954422936977025,0.03047539128087818,8,4,7,3,False,False,1,-1,low_vol,sideways_stable
2025-07-04 12:00:00,13.34,13.4,13.05,13.08,410299.8,1751644799999,5415912.7827,18898.0,180262.39,2380307.7974,0,-0.020224719101123556,-0.020432038817205855,13.414000000000001,-0.12399999999999878,13.553999999999998,-0.04800000000000182,13.356,-0.007499999999998508,13.2898,-0.006000000000000227,13.0051,0.0008999999999996788,13.433000000000002,-0.0039499999999979,0.014463668010167787,0.014753557498148252,0.012692112750729248,14.08,12.73,0.2592592592592591,50.82644628099175,0.04435708864707699,0.08585647035232254,-0.041499381705245544,13.356,14.032006851413904,12.679993148586096,0.2958600571704774,469172.164,0.874518634059458,-8298.198202247175,0.2599999999999998,0.0600000000000005,0.02999999999999936,0.34999999999999964,0.742857142857143,0.43934310959937106,0.5606568904006289,0.046059003684622804,12,4,7,3,False,False,1,-1,low_vol,sideways_stable
2025-07-04 16:00:00,13.08,13.11,12.93,13.02,311836.13,1751659199999,4063289.0002,16196.0,134806.31,1757154.0758,0,-0.004587155963302836,-0.0045977092486295425,13.284,-0.13000000000000078,13.51,-0.04399999999999871,13.35,-0.006000000000000227,13.2864,-0.0033999999999991815,13.0046,-0.0005000000000006111,13.429050000000002,-0.003949999999999676,0.014407538723863994,0.014711743010534404,0.012550429191393327,14.08,12.73,0.21481481481481424,48.770491803278674,0.008105252699616372,0.07030622682178131,-0.06220097412216494,13.35,14.036133330606424,12.663866669393576,0.25952195784721843,467813.66799999995,0.6665819135493921,-1430.4409633027783,0.0600000000000005,0.02999999999999936,0.08999999999999986,0.17999999999999972,0.33333333333333665,0.4322985601443938,0.5677014398556062,0.05193753526892474,16,4,7,3,False,False,1,-1,low_vol,sideways_stable
2025-07-04 20:00:00,13.01,13.25,13.0,13.16,203460.26,1751673599999,2669757.8809,7243.0,110231.5,1446915.0506,0,0.010752688172043001,0.01069528911674795,13.196000000000002,-0.08799999999999919,13.437999999999999,-0.07200000000000095,13.357999999999999,0.007999999999999119,13.2872,0.0007999999999999119,13.0053,0.000700000000000145,13.4251,-0.003950000000001452,0.00964021398505064,0.014701823185576989,0.012621907415915606,14.08,12.73,0.31851851851851837,45.65217391304349,-0.009221459255799758,0.054400689606265096,-0.06362214886206485,13.357999999999999,14.030547396099816,12.685452603900181,0.3527984784803092,432356.4430000001,0.47058454498387103,2187.7447311827937,0.15000000000000036,0.08999999999999986,0.009999999999999787,0.25,0.6000000000000014,0.5417839336291028,0.45821606637089723,0.03559908947329567,20,4,7,3,False,False,1,-1,low_vol,sideways_stable
2025-07-05 00:00:00,13.16,13.23,13.07,13.2,166592.09,1751687999999,2195785.4679,6373.0,89119.27,1175348.7794,0,0.003039513677811412,0.0030349036951538896,13.162,-0.034000000000000696,13.376999999999999,-0.06099999999999994,13.377,0.019000000000001904,13.289000000000001,0.001800000000001134,13.008700000000001,0.003400000000000958,13.4211,-0.004000000000001336,0.009993748616208867,0.014301067614710648,0.012627820082593787,14.08,12.73,0.3481481481481474,35.23316062176164,-0.019500547434477156,0.03962044219811665,-0.0591209896325938,13.377,14.005585714123892,12.748414285876109,0.3592077452422699,409681.05399999995,0.4066385017648388,506.3589361701897,0.03999999999999915,0.030000000000001137,0.08999999999999986,0.16000000000000014,0.24999999999999445,0.5349549909602551,0.4650450090397449,0.03825511763493693,0,5,7,3,False,False,1,-1,low_vol,sideways_stable
2025-07-05 04:00:00,13.2,13.27,13.15,13.19,136669.15,1751702399999,1804628.3714,5459.0,60852.13,803756.2434,0,-0.0007575757575757347,-0.0007578628631019169,13.13,-0.03200000000000003,13.333999999999998,-0.04300000000000104,13.391499999999999,0.014499999999998181,13.293999999999999,0.004999999999997229,13.011699999999998,0.002999999999996561,13.41675,-0.004349999999998744,0.00948263830811263,0.014266044994863445,0.012484958201555863,14.08,12.73,0.3407407407407401,39.30635838150286,-0.028129456435610933,0.026070462471371132,-0.054199918906982066,13.391499999999999,13.986223288155362,12.796776711844636,0.33059348438751535,298797.121,0.45739781408402524,-103.53723484848172,0.009999999999999787,0.07000000000000028,0.03999999999999915,0.11999999999999922,0.0833333333333321,0.4452513972611961,0.5547486027388039,0.03994317664227809,4,5,7,3,False,False,1,-1,low_vol,sideways_stable
2025-07-05 08:00:00,13.19,13.26,13.1,13.24,113365.62,1751716799999,1493921.1252,4933.0,50971.99,672121.3083,0,0.0037907505686125553,0.0037835837796388913,13.162,0.03200000000000003,13.288,-0.0459999999999976,13.408000000000001,0.0165000000000024,13.296199999999999,0.002200000000000202,13.016399999999999,0.004700000000001481,13.4136,-0.003149999999999764,0.009282874836785797,0.014277159573585269,0.012325707868989084,14.08,12.88,0.2999999999999997,43.452380952380935,-0.030580830081108346,0.014740203960875237,-0.04532103404198358,13.408000000000001,13.963493142693581,12.852506857306421,0.34878301180697663,279579.15799999994,0.4054866636374948,429.74078847611486,0.05000000000000071,0.019999999999999574,0.08999999999999986,0.16000000000000014,0.31250000000000416,0.44962476278081487,0.5503752372191851,0.04351407419639217,8,5,7,3,False,False,1,-1,low_vol,sideways_stable
2025-07-05 12:00:00,13.24,13.25,13.11,13.12,129798.14,1751731199999,1709399.4278,5438.0,54907.05,723076.6525,0,-0.009063444108761365,-0.009104766992919204,13.181999999999999,0.019999999999997797,13.232999999999999,-0.05500000000000149,13.412,0.0039999999999995595,13.298,0.001800000000001134,13.0165,0.0001000000000015433,13.40975,-0.003849999999999909,0.009438909911985188,0.014303758732417205,0.012346218469350089,14.08,12.93,0.16521739130434734,22.46376811594203,-0.04172557205315108,0.0034470487580699743,-0.04517262081122106,13.412,13.957396041520203,12.866603958479798,0.2323046210730654,269238.977,0.4820926800654126,-1176.418187311183,0.120000000000001,0.009999999999999787,0.009999999999999787,0.14000000000000057,0.8571428571428608,0.4230187736126265,0.5769812263873735,0.04189582377682762,12,5,7,3,False,False,1,-1,low_vol,sideways_stable
2025-07-05 16:00:00,13.13,13.17,12.99,13.12,136788.2,1751745599999,1787918.3347,7526.0,54370.65,711045.6793,0,0.0,0.0,13.174000000000001,-0.007999999999997343,13.184999999999999,-0.04800000000000004,13.413999999999998,0.001999999999997115,13.2996,0.0015999999999998238,13.0156,-0.0009000000000014552,13.40695,-0.00280000000000058,0.009513448412736401,0.014290115777999223,0.012345990822434903,14.08,12.93,0.16521739130434734,23.66412213740459,-0.04998170240671129,-0.00723870147488628,-0.04274300093182501,13.413999999999998,13.9545416386908,12.873458361309195,0.22805055248651177,253698.462,0.5391763076592874,0.0,0.010000000000001563,0.03999999999999915,0.129999999999999,0.17999999999999972,0.05555555555556433,0.39748055753347145,0.6025194424665287,0.05501936570552138,16,5,7,3,False,False,1,-1,low_vol,sideways_stable
2025-07-05 20:00:00,13.11,13.27,13.1,13.23,217313.34,1751759999999,2869465.2157,6343.0,105639.34,1394449.8392,0,0.00838414634146356,0.008349194610921479,13.180000000000001,0.006000000000000227,13.171000000000001,-0.01399999999999757,13.407500000000002,-0.006499999999995509,13.303199999999999,0.0035999999999987153,13.016599999999999,0.0009999999999994458,13.404549999999999,-0.002400000000001512,0.008908395201121643,0.013552995298954243,0.012400050261088121,14.08,12.93,0.26086956521739185,34.146341463414714,-0.04710565977879888,-0.0152120931356688,-0.03189356664313008,13.407500000000002,13.95387080140892,12.861129198591085,0.3375645261951356,242234.14900000003,0.8971209918053294,1821.986844512227,0.120000000000001,0.03999999999999915,0.009999999999999787,0.16999999999999993,0.7058823529411826,0.4861153024476086,0.5138846975523914,0.02918826796366942,20,5,7,3,False,False,1,-1,low_vol,sideways_stable
2025-07-06 00:00:00,13.23,13.24,13.15,13.21,108425.83,1751774399999,1430770.926,4205.0,58482.62,771775.6906,0,-0.0015117157974300355,-0.0015128595926303177,13.184000000000001,0.0039999999999995595,13.157,-0.014000000000001123,13.379499999999998,-0.02800000000000402,13.309799999999997,0.006599999999998829,13.017100000000001,0.0005000000000023874,13.4022,-0.002349999999998076,0.008908491320265664,0.01140806909639864,0.012252613096217106,14.08,12.93,0.24347826086956614,29.059829059829156,-0.04591097498736829,-0.0213518695060087,-0.024559105481359592,13.379499999999998,13.90463557146864,12.854364428531357,0.3386131037305677,193454.856,0.5604709658981112,-163.90904006046347,0.019999999999999574,0.009999999999999787,0.0600000000000005,0.08999999999999986,0.22222222222221782,0.5393790391090388,0.4606209608909611,0.03878227171514389,0,6,7,3,False,False,1,-1,low_vol,sideways_stable
2025-07-06 04:00:00,13.21,13.26,13.14,13.15,122166.77,1751788799999,1611638.0458,4880.0,51590.26,681055.1073,0,-0.004542013626040897,-0.0045523599104604125,13.166000000000002,-0.017999999999998906,13.163999999999998,0.006999999999997897,13.359,-0.02049999999999841,13.3118,0.0020000000000024443,13.019100000000002,0.002000000000000668,13.3976,-0.0045999999999999375,0.006084306250242761,0.010997967049253644,0.012136032357594152,14.08,12.93,0.19130434782608746,28.3333333333334,-0.04923809117656397,-0.026929113840119756,-0.022308977336444213,13.359,13.88647262338599,12.83152737661401,0.30188545269101164,164641.553,0.7420166280865924,-554.8831339894043,0.0600000000000005,0.049999999999998934,0.009999999999999787,0.11999999999999922,0.5000000000000074,0.42229372193436887,0.5777062780656311,0.03994539595341679,4,6,7,3,False,False,1,-1,low_vol,sideways_stable
2025-07-06 08:00:00,13.15,13.21,13.1,13.21,112576.12,1751803199999,1480551.2768,5823.0,59532.89,783170.5958,0,0.004562737642585635,0.004552359910460476,13.184000000000001,0.017999999999998906,13.182999999999998,0.019000000000000128,13.3465,-0.01249999999999929,13.312999999999999,0.0011999999999989797,13.0209,0.0017999999999975813,13.3929,-0.004700000000001481,0.005911374869320802,0.010984959396185495,0.012105134423445523,14.08,12.93,0.24347826086956614,33.613445378151354,-0.04649736350511802,-0.03084276377311941,-0.015654599731998606,13.3465,13.875740767018499,12.817259232981502,0.37104168035941487,144715.552,0.7779130746085949,513.6553003802375,0.0600000000000005,0.0,0.05000000000000071,0.11000000000000121,0.545454545454544,0.5288234307595607,0.47117656924043927,0.051725001714395556,8,6,7,3,False,False,1,-1,low_vol,sideways_stable
2025-07-06 12:00:00,13.2,13.5,13.16,13.43,394107.16,1751817599999,5271593.0184,17592.0,205559.67,2751205.239,0,0.016654049962149697,0.01651689200091207,13.246,0.06199999999999939,13.209999999999999,0.027000000000001023,13.324000000000002,-0.022499999999999076,13.318400000000002,0.005400000000003402,13.0245,0.0036000000000004917,13.3894,-0.0034999999999989484,0.007113810133239472,0.009061840265461273,0.01232778770632931,14.08,12.93,0.43478260869565205,52.54237288135595,-0.026270327711191754,-0.02992827656073388,0.0036579488495421253,13.324000000000002,13.792520628092314,12.85547937190769,0.613122020295671,163780.242,2.406316874290612,6563.4803330809245,0.23000000000000043,0.07000000000000028,0.03999999999999915,0.33999999999999986,0.6764705882352956,0.5215831907240661,0.47841680927593394,0.044637605670498355,12,6,7,3,False,False,1,-1,low_vol,sideways_stable
2025-07-08 08:00:00,13.35,13.54,13.25,13.5,176896.74,1751975999999,2368421.0714,9243.0,87186.81,1166931.87,0,0.010479041916167775,0.010424517335884207,13.394,-0.006000000000000227,13.472,0.012000000000000455,13.35,0.015000000000000568,13.339400000000001,0.0,13.105500000000001,0.013000000000001677,13.352549999999999,-0.001900000000000901,0.008108571197035175,0.007525712085723455,0.011537783946631424,13.73,12.99,0.6891891891891887,61.24031007751938,0.033538394704075714,0.03188646010344204,0.0016519346006336755,13.35,13.675802652570072,13.024197347429928,0.7302007040408289,279366.31200000003,0.6332071277083686,1853.7083532934325,0.15000000000000036,0.03999999999999915,0.09999999999999964,0.28999999999999915,0.5172413793103475,0.4928683818593831,0.5071316181406169,0.05225082158099691,8,1,7,3,False,False,1,-1,low_vol,sideways_stable
2025-07-08 12:00:00,13.5,13.69,13.42,13.5,620308.15,1751990399999,8409828.1388,23522.0,347084.07,4708277.5238,0,0.0,0.0,13.408000000000001,0.014000000000001123,13.473999999999998,0.0019999999999988916,13.3655,0.01550000000000118,13.3426,0.003199999999997871,13.120200000000002,0.014700000000001268,13.35135,-0.0011999999999989797,0.007775257616160752,0.007517501384343148,0.011408990520845127,13.73,12.99,0.6891891891891887,64.22764227642281,0.03806677682302073,0.03312252344735778,0.004944253375662955,13.3655,13.688738546425668,13.042261453574334,0.708050681899303,305366.231,2.031358044956844,0.0,0.0,0.1899999999999995,0.08000000000000007,0.2699999999999996,0.0,0.5595349182499053,0.4404650817500947,0.03791986289395037,12,1,7,3,False,False,1,-1,low_vol,sideways_stable
