timestamp,open,high,low,close,volume,close_time,quote_asset_volume,number_of_trades,taker_buy_base,taker_buy_quote,ignore,returns,log_returns,ma_5,ma_5_slope,ma_10,ma_10_slope,ma_20,ma_20_slope,ma_50,ma_50_slope,ma_100,ma_100_slope,ma_200,ma_200_slope,volatility_10,volatility_20,volatility_50,high_20,low_20,price_position,rsi,macd,macd_signal,macd_histogram,bb_middle,bb_upper,bb_lower,bb_position,volume_ma_10,volume_ratio,volume_price_trend,body_size,upper_wick,lower_wick,total_range,body_ratio,buy_pressure,sell_pressure,trade_intensity,hour,day_of_week,month,quarter,gap_up,gap_down,scenario_type
2024-07-11,12.791,13.191,12.291,12.322726792513173,2913398.11,1720742399999,37169659.23675,107979.0,1294707.51,16532788.47457,0,,,,,,,,,,,,,,,,,,,,,,0.0,0.0,0.0,,,,,,,,0.44400000000000084,0.40000000000000036,0.05599999999999916,0.9000000000000004,0.49333333333333407,0.44439773114289555,0.5556022688571044,0.03706290589994239,0,3,7,3,False,False,sideways
2024-07-12,12.343,12.829,12.228,12.627246582756559,3147280.64,1720828799999,39356669.04637,96307.0,1437528.25,17968222.35756,0,0.02471204591084497,0.024411642303229113,,,,,,,,,,,,,,,,,,,,0.02429217699947195,0.00485843539989439,0.01943374159957756,,,,,,,100176.66570988904,0.39700000000000024,0.08900000000000041,0.11500000000000021,0.6010000000000009,0.6605657237936766,0.45675248394753887,0.5432475160524611,0.030600067491915812,0,4,7,3,False,False,sideways
2024-07-13,12.743,13.136,12.7,13.005750449169462,1843029.13,1720915199999,23881659.38673,68977.0,878764.66,11390490.0785,0,0.029975170274236795,0.029534695421110153,,,,,,,,,,,,,,,,,,,,0.07324171610607699,0.01853509154113091,0.054706624564946085,,,,,,,40650.799492150734,0.27800000000000047,0.11499999999999844,0.04300000000000104,0.43599999999999994,0.6376146788990837,0.4768045418793788,0.5231954581206212,0.03742588702328324,0,5,7,3,False,False,sideways
2024-07-14,13.019,13.527,12.889,13.433185274328272,2749845.4,1721001599999,36209482.47733,80589.0,1447756.2,19066600.62203,0,0.03286506432899494,0.03233655656077195,,,,,,,,,,,,,,,,,,,,0.144855196146926,0.04379911246228993,0.10105608368463606,,,,,,,90176.17585438874,0.42900000000000027,0.07899999999999885,0.13000000000000078,0.6379999999999999,0.6724137931034488,0.5264863981080536,0.47351360189194636,0.029306738480643312,0,6,7,3,False,False,sideways
2024-07-15,13.448,14.511,13.405,14.412609691958599,3174140.86,1721087999999,44282081.63383,120356.0,1588476.97,22156917.44768,0,0.072910809880816,0.07037533799503967,13.160303758145213,,,,,,,,,,,,,,,,,,,0.27744257483722556,0.09052780493727705,0.1869147698999485,,,,,,,223285.04265020834,0.9459999999999997,0.1169999999999991,0.04300000000000104,1.1059999999999999,0.8553345388788425,0.5004431246318414,0.4995568753681587,0.037917661914978786,0,0,7,3,False,False,sideways
2024-07-16,14.399,14.622,13.814,14.214612996832866,3371919.54,1721174399999,48033949.20382,137471.0,1482865.64,21124088.66097,0,-0.013737740725484504,-0.01383297670968441,13.53868099900915,0.3783772408639372,,,,,,,,,,,,,,,,,,0.36236522833284646,0.14489528961639095,0.2174699387164555,,,,,,,-44040.633147144676,0.19299999999999962,0.22300000000000075,0.39199999999999946,0.8079999999999998,0.23886138613861344,0.43976898689581423,0.5602310131041858,0.04076935952036388,0,1,7,3,False,False,sideways
2024-07-17,14.208,14.504,13.73,13.742539943030804,2632485.26,1721260799999,37332174.45215,104790.0,1113508.43,15806320.86699,0,-0.03321040494786898,-0.03377439246544846,13.761739671064001,0.22305867205485086,,,,,,,,,,,,,,,,,,0.3871123032374264,0.19333869234059806,0.19377361089682835,,,,,,,-86909.44579332657,0.4710000000000001,0.2959999999999994,0.006999999999999673,0.7739999999999991,0.6085271317829465,0.4229875270032851,0.5770124729967149,0.03980649069237334,0,2,7,3,False,False,sideways
2024-07-18,13.737,14.003,13.414,13.574590566296518,2447987.26,1721347199999,33593451.20059,83011.0,1073259.18,14731266.78703,0,-0.012221130695672988,-0.012296422778514685,13.87550769448941,0.11376802342540948,,,,,,,,,,,,,,,,,,0.3886918298392761,0.23240931984033367,0.15628250999894241,,,,,,,-25661.36459488982,0.14400000000000013,0.266,0.17900000000000027,0.5890000000000004,0.24448217317487272,0.4384251493204258,0.5615748506795742,0.03390989869775712,0,3,7,3,False,False,sideways
2024-07-19,13.592,14.139,13.335,14.023480939376158,2608696.21,1721433599999,35873622.46963,91026.0,1155086.34,15894631.45384,0,0.03306842817006661,0.032533430121771754,13.99356682749899,0.11805913300957904,,,,,,,,,,,,,,,,,,0.4213087328090239,0.27018920243407174,0.15111953037495218,,,,,,,92694.78918781725,0.484,0.06299999999999883,0.2569999999999997,0.8039999999999985,0.6019900497512449,0.4427830023182347,0.5572169976817652,0.03489329253865094,0,4,7,3,False,False,sideways
2024-07-20,14.076,14.333,13.849,14.191124325195068,1546995.05,1721519999999,21803002.06585,57698.0,811082.73,11433342.01763,0,0.011954477390002882,0.011883587037313898,13.949269754146282,-0.04429707335270727,13.554786756145749,,,,,,,,,,,,,,,,,0.4554353088442795,0.3072384237161133,0.1481968851281662,,,,,2643577.7460000003,0.5851899201151771,18793.418126598488,0.17099999999999937,0.0860000000000003,0.2270000000000003,0.484,0.35330578512396565,0.5242956207261297,0.4757043792738704,0.03729682263689208,0,5,7,3,False,False,sideways
2024-07-21,14.246,15.196,13.944,14.759103055598413,3427519.11,1721606399999,49736239.62883,143821.0,1734697.38,25157927.95808,0,0.04002351874227106,0.03924332707284532,14.058167765899393,0.10889801175311042,13.798424382454272,0.24363762630852293,,,,,,,,,0.031113325711048353,,,,,,,0.5222913533616911,0.35024900964522887,0.1720423437164622,,,,,2694989.846,1.2718115116786974,136889.0554916824,0.5700000000000003,0.379999999999999,0.3019999999999996,1.251999999999999,0.4552715654952083,0.5061087405578316,0.4938912594421684,0.04196067049791008,0,6,7,3,False,False,sideways
2024-07-22,14.817,14.881,13.78,13.971438934902697,1647419.89,1721692799999,23537598.89128,75343.0,720600.65,10320055.09198,0,-0.05336802092434334,-0.0548448789878124,14.10394756427377,0.045779798374377734,13.932843617668885,0.1344192352146134,,,,,,,,,0.038369625927503585,,,,,,,0.5058858019353707,0.38137636810325726,0.12450943383211344,,,,,2545003.771,0.6473153041155159,-98516.06523623121,0.8870000000000005,0.06400000000000006,0.15000000000000036,1.1010000000000009,0.8056312443233422,0.4374116485870521,0.5625883514129478,0.04573393854070804,0,0,7,3,False,False,sideways
2024-07-23,13.93,14.17,13.494,13.937068099478818,1421942.97,1721779199999,19724004.18863,64656.0,712739.41,9891549.00987,0,-0.0024600784202702952,-0.0024631093851485092,14.17644307091023,0.07249550663645898,14.025975382699821,0.09313176503093601,,,,,,,,,0.03793954178637835,,,,,,,0.4845255362890768,0.4020062017404212,0.08251933454865562,,,,,2502895.1550000003,0.5681192706611795,-2041.5548743718005,0.019999999999999574,0.2400000000000002,0.41600000000000037,0.6760000000000002,0.02958579881656741,0.5012433163898269,0.49875668361017317,0.045470178033933384,0,1,7,3,False,False,sideways
2024-07-24,13.9,13.96,13.25,13.367902478401625,1256030.46,1721865599999,17184424.89843,48310.0,580717.8,7966343.91532,0,-0.04083826074570718,-0.04169556424798529,14.045327378715324,-0.13111569219490526,14.019447103107158,-0.006528279592663111,,,,,,,,,0.0396047448617494,,,,,,59.49535594778872,0.41686510156529444,0.40497798170539584,0.011887119859898598,,,,,2353513.661,0.5336830972403691,-46051.44030194103,0.5,0.0600000000000005,0.15000000000000036,0.7100000000000009,0.7042253521126752,0.46234372373421584,0.5376562762657842,0.038462443020689165,0,2,7,3,False,False,sideways
2024-07-25,13.41,13.45,12.47,12.992939077389808,1885396.08,1721951999999,24329947.43362,74571.0,878166.84,11340406.08072,0,-0.028049531451747267,-0.02845043410380603,13.80569032915427,-0.23963704956105403,13.877480041650278,-0.14196706145687976,,,,,,,,,0.030932099025551864,,,,,,55.70046215865155,0.32919257967460247,0.3898209012992372,-0.06062832162463472,,,,,2224639.1829999997,0.8475064605566647,-64722.55200000015,0.47000000000000064,0.03999999999999915,0.46999999999999886,0.9799999999999986,0.4795918367346952,0.46577313346275756,0.5342268665372424,0.03955190147632003,0,3,7,3,False,False,sideways
2024-07-26,12.93,13.64,12.91,13.55023989567302,1174587.03,1722038399999,15696596.4254,40853.0,592206.14,7916418.5734,0,0.04289259073437979,0.04199818963650598,13.563917697169193,-0.2417726319850768,13.811042731534291,-0.06643731011598675,,,,,,,,,0.035057027016321615,,,,,,57.52682426961511,0.30120884484067645,0.37209849000752504,-0.07088964516684859,,,,,2004905.932,0.5858564290985399,53555.35917310675,0.5999999999999996,0.11000000000000121,0.019999999999999574,0.7300000000000004,0.8219178082191771,0.504182427418767,0.4958175725812331,0.0347807348085565,0,4,7,3,False,False,sideways
2024-07-27,13.53,13.88,13.26,13.51938032781037,1460433.56,1722124799999,19844666.7282,48432.0,682863.74,9285705.3924,0,-0.0022774185623460896,-0.002280015824117564,13.47350597575073,-0.0904117214184641,13.78872677001225,-0.022315961522041405,,,,,,,,,0.033547070430984885,,,,,,54.44031093264774,0.2733899549294314,0.3523567829919063,-0.0789668280624749,,,,,1887700.762,0.7736573451677189,1079.4039615668796,0.009999999999999787,0.34000000000000163,0.2699999999999996,0.620000000000001,0.016129032258064148,0.4675760395426684,0.5324239604573316,0.03316275476441393,0,5,7,3,False,False,sideways
2024-07-28,13.55,13.65,13.19,13.389574626181405,705440.02,1722211199999,9473690.2123,27023.0,355883.8,4782185.4564,0,-0.00960145350463626,-0.0096478446464165,13.364007281091247,-0.10949869465948225,13.77022517600074,-0.018501594011510747,,,,,,,,,0.033460933454326665,,,,,,49.60253405284532,0.2381241025336447,0.329510246900254,-0.0913861443666093,,,,,1713446.038,0.41170833767453613,-12504.106706056065,0.25,0.09999999999999964,0.11000000000000121,0.46000000000000085,0.5434782608695642,0.5044848462098875,0.49551515379011246,0.03830658770961137,0,6,7,3,False,False,sideways
2024-07-29,13.3,13.91,13.3,13.494361230284127,1524616.75,1722297599999,20801764.8055,52071.0,789554.24,10775118.5785,0,0.007825984546053322,0.007795520367231918,13.389299031467747,0.025291750376499778,13.717313205091537,-0.052911970909201855,,,,,,,,,0.031511929233416815,,,,,,40.04381698639727,0.2161395415533054,0.3068361058308643,-0.0906965642775589,,,,,1605038.092,0.9498944340319121,26365.55281954876,0.22999999999999865,0.3800000000000008,0.0,0.6099999999999994,0.377049180327867,0.5178706320785207,0.4821293679214793,0.03415350119956376,0,0,7,3,False,False,sideways
2024-07-30,13.53,13.8,12.98,13.124453434403865,1362496.85,1722383999999,18289862.0967,45593.0,671574.59,9006570.9342,0,-0.027412027110265358,-0.027794747025847905,13.415601902870558,0.026302871402810624,13.610646116012415,-0.10666708907912259,13.582716436079082,,,,,,,,0.03183928743958744,,,15.196,12.228,0.3020395668476634,38.60466594184608,0.16694372753491749,0.2788576301716749,-0.11191390263675743,13.582716436079082,14.783463986473958,12.381968885684206,0.30917595812520576,1586588.272,0.8587589320085431,-39273.74512195105,0.3899999999999988,0.27000000000000135,0.16000000000000014,0.8200000000000003,0.47560975609755934,0.49289992119981774,0.5071000788001823,0.03346282965718416,0,1,7,3,False,False,sideways
2024-07-31,13.13,13.42,12.768,12.809749414110868,1497800.16,1722470399999,19618608.99638,47170.0,680154.76,8907987.9889,0,-0.023978447701909267,-0.02427061054022041,13.267503806558128,-0.1480980963124292,13.41571075186366,-0.1949353641487548,13.607067567158968,0.024351131079885846,,,,,,,0.02738471556838107,0.03300536358803117,,15.196,12.228,0.19600721499692336,39.917936940172716,0.10139291177024568,0.2433646864913891,-0.14197177472114342,13.607067567158968,14.716507377666607,12.497627756651328,0.1406663320098117,1393616.3769999999,1.0747578635838606,-35336.22904109601,0.3000000000000007,0.28999999999999915,0.06199999999999939,0.6519999999999992,0.4601226993865047,0.45410247519268526,0.5458975248073147,0.03149285282490556,0,2,7,3,False,False,sideways
2024-08-01,12.82,13.1,12.12,12.840307913628308,1870585.71,1722556799999,23652328.77057,61105.0,852787.49,10778847.3848,0,0.0023855657538294217,0.002382724809123041,13.131689323721716,-0.1358144828364125,13.302597649736223,-0.11311310212743741,13.617720633702552,0.010653066543584444,,,,,,,0.023866817050214234,0.032587834855894636,,15.196,12.12,0.23417032302610824,41.820581712123825,0.051317675314754396,0.20495528425606216,-0.15363760894130776,13.617720633702552,14.691050007849608,12.544391259555496,0.13784988149978122,1415932.959,1.3210976537484498,7289.8897505846735,0.0600000000000005,0.21999999999999886,0.7000000000000011,0.9800000000000004,0.06122448979591885,0.4558932987892867,0.5441067012107133,0.0326662390679762,0,3,8,3,False,False,sideways
2024-08-02,12.88,12.96,11.76,11.954945240557365,2658270.91,1722643199999,32567873.24865,84671.0,1130442.62,13822517.0134,0,-0.06895182569035174,-0.07144425835028072,12.844763446596906,-0.2869258771248102,13.104385363844077,-0.19821228589214535,13.565180373271948,-0.05254026043060378,,,,,,,0.030457296633154433,0.03539884737497158,,15.196,11.76,0.05673610027862772,28.99994362224932,-0.05912709839608965,0.1521388077256318,-0.21126590612172144,13.565180373271948,14.847224437105554,12.283136309438342,-0.12799523750362024,1539565.753,1.726636816141233,-196068.11836180137,0.9500000000000011,0.08000000000000007,0.16999999999999993,1.200000000000001,0.7916666666666669,0.4252548586178525,0.5747451413821475,0.03185190782530137,0,4,8,3,False,False,sideways
2024-08-03,11.92,12.14,11.34,11.694224224626623,1748000.69,1722729599999,20534667.91591,56713.0,797411.09,9374267.322,0,-0.021808633221191198,-0.02204995653552692,12.484736045465407,-0.36002740113149834,12.937017538466577,-0.16736782537750017,13.478232320786868,-0.08694805248508075,,,,,,,0.029219015625601925,0.03453442117823843,,15.196,11.34,0.09186312879321147,25.121305694983135,-0.16578234860394758,0.08855457645971591,-0.2543369250636635,13.478232320786868,15.009597765159741,11.946866876413994,-0.08248934071084288,1588762.776,1.1002276213953794,-36630.35813076284,0.2400000000000002,0.22000000000000064,0.33999999999999986,0.8000000000000007,0.3,0.4561846540232201,0.5438153459767799,0.03244449520211574,0,5,8,3,False,False,sideways
2024-08-04,11.69,11.79,10.48,10.904536888290052,2457740.26,1722815999999,27172447.28827,69649.0,1125221.07,12442389.07045,0,-0.0675279797246906,-0.0699161329810198,12.040752736242643,-0.4439833092227641,12.7281773195566,-0.20884021890997673,13.30282868060344,-0.17540364018342736,,,,,,,0.033801391799080864,0.031735975983024606,,15.196,10.48,0.09002054459076572,13.21879181523795,-0.31044989797764977,0.008753681572242773,-0.31920357954989254,13.30282868060344,15.153839724828051,11.451817636378829,-0.1478329234707601,1645997.1940000001,1.493161877164172,-168338.37397260257,0.8099999999999987,0.09999999999999964,0.40000000000000036,1.3099999999999987,0.6183206106870225,0.4578274963848296,0.5421725036151704,0.02833863331025875,0,6,8,3,False,False,sideways
2024-08-05,10.88,10.97,8.08,9.477464638777459,17206780.72,1722902399999,156754898.71542,415779.0,8324481.39,75705515.21697,0,-0.13086958796435166,-0.1402620935889318,11.374295781175961,-0.6664569550666819,12.320899793867046,-0.40727752568955466,13.065971262700668,-0.23685741790277248,,,,,,,0.0430714878267353,0.04120395752272797,,15.196,8.08,0.19638345120537645,11.781162910774214,-0.5340960503201284,-0.09981626480623147,-0.43427978551389695,13.065971262700668,15.53492286814435,10.597019657256986,-0.22672680501534948,3249216.563,5.295670629018641,-2198292.7574264714,1.3900000000000006,0.08999999999999986,1.4100000000000001,2.8900000000000006,0.480968858131488,0.48379075234707825,0.5162092476529218,0.024163671680707047,0,0,8,3,False,False,sideways
2024-08-06,9.49,10.7,9.47,10.061427426091594,3797828.71,1722988799999,38306218.0025,122467.0,1840195.81,18582116.9127,0,0.061615928897780003,0.05979220853687589,10.818519683668617,-0.5557760975073442,11.975104503695167,-0.3457952901718784,12.881915636853709,-0.184055625846959,,,,,,,0.052124360422930796,0.04480771802674964,,15.196,8.08,0.2784467996193921,19.85747221332207,-0.6566469040184337,-0.21118239264867195,-0.4454645113697618,12.881915636853709,15.667090247703943,10.096741026003475,-0.0063395666064003636,3482956.078,1.090403848038419,232111.76520547914,0.5800000000000001,0.629999999999999,0.019999999999999574,1.2299999999999986,0.47154471544715504,0.48453891697501017,0.5154610830249898,0.03224658333787782,0,1,8,3,False,False,sideways
2024-08-07,10.06,10.49,9.39,9.474448900898375,2916617.05,1723075199999,28871324.2995,112822.0,1214446.26,12045152.704,0,-0.058339488060217826,-0.0601104600842168,10.32242041573682,-0.4960992679317968,11.583591931166863,-0.3915125725283044,12.6769085535838,-0.20500708326990846,,,,,,,0.05250749239039255,0.045859692792033904,,15.196,8.08,0.19595965442641586,19.802603700760258,-0.7920038722702003,-0.32734668857297766,-0.46465718369722264,12.6769085535838,15.82708520949373,9.526731897673871,-0.008298422991201093,3704073.7809999995,0.7874079250150876,-170884.21643495533,0.5800000000000001,0.4299999999999997,0.08999999999999986,1.0999999999999996,0.5272727272727276,0.4163886582230602,0.5836113417769399,0.038682486615786604,0,2,8,3,False,False,sideways
2024-08-08,9.49,10.84,9.34,10.763337618109833,2764327.55,1723161599999,28041256.5433,90317.0,1473634.83,14957597.0682,0,0.13603838394117518,0.12754710840874695,10.136243094433462,-0.18617732130335796,11.310489569949436,-0.27310236121742726,12.513901387520484,-0.16300716606331633,,,,,,,0.07453658855700668,0.056334885070978016,,15.196,8.08,0.3770851065359519,34.85447805632762,-0.786209760299359,-0.41911930291825394,-0.367090457381105,12.513901387520484,15.707784732043152,9.320018042997816,0.2259505779362966,3828044.861,0.7221251710404132,370326.58106540074,1.2599999999999998,0.08999999999999986,0.15000000000000036,1.5,0.8399999999999999,0.5330898033411418,0.46691019665885825,0.03267232206255732,0,3,8,3,False,False,sideways
2024-08-09,10.74,10.75,10.16,10.565394649165027,1744241.58,1723247999999,18220104.9101,60598.0,803589.29,8393959.3616,0,-0.018390482206166014,-0.0185616894284559,10.068414646608456,-0.06782844782500597,11.054583691425552,-0.25590587852388325,12.332614903718982,-0.18128648380150203,,,,,,,0.07448994153871037,0.05607408539480171,,15.196,8.08,0.34926850044477614,28.68344820443042,-0.7885008808044187,-0.4929956184954869,-0.2955052623089318,12.332614903718982,15.537234507717143,9.127995299720821,0.22426988645561424,3866219.3340000003,0.4511491535570496,-35696.106753488384,0.21000000000000085,0.009999999999999787,0.3699999999999992,0.5899999999999999,0.35593220338983206,0.4607098576333675,0.5392901423666325,0.034741747183896395,0,4,8,3,False,False,sideways
2024-08-10,10.53,10.71,10.47,10.562304417844988,971316.1,1723334399999,10281526.8423,32124.0,462204.78,4894883.9493,0,-0.00029248612310783795,-0.0002925289055163205,10.285382602421965,0.2169679558135087,10.829839191798964,-0.22474449962658838,12.12277497183131,-0.20983993188767158,,,,,,,0.07468974686437616,0.05477130137168728,,14.881,8.08,0.3649910921695321,28.797669736349476,-0.7815566673931222,-0.550707828275014,-0.23084883911810827,12.12277497183131,15.20570030356469,9.03984964009793,0.24691723183757014,3813570.9280000003,0.25469989108328966,1844.8548907882655,0.02000000000000135,0.16000000000000014,0.05999999999999872,0.2400000000000002,0.08333333333333888,0.47585413234682306,0.524145867653177,0.03307265266168243,0,5,8,3,False,False,sideways
2024-08-11,10.56,10.84,9.94,10.035876687493987,1547361.69,1723420799999,16123415.2788,54074.0,685434.2,7152685.932,0,-0.049840234623573454,-0.051125134446776944,10.280272454702441,-0.005110147719523894,10.54939606918553,-0.28044312261343407,11.925996859460877,-0.19677811237043308,,,,,,,0.07503870409689734,0.05464735284740922,,14.17,8.08,0.321162017650901,27.247920899717798,-0.8092036505616367,-0.6024069927323386,-0.20679665782929813,11.925996859460877,15.01448786711139,8.837505851810365,0.19400588065743654,3781248.5259999996,0.4092197800171784,-80668.14497630346,0.5600000000000005,0.27999999999999936,0.0600000000000005,0.9000000000000004,0.6222222222222226,0.4429696071899001,0.5570303928100999,0.0349459343277395,0,6,8,3,False,False,sideways
2024-08-12,10.0,10.75,9.94,10.618419886764455,2572403.11,1723507199999,26700768.8802,96350.0,1334655.55,13857095.0098,0,0.0580460698561982,0.0564238767756046,10.509066651875658,0.22879419717321703,10.41574353380624,-0.13365253537929078,11.760064448825158,-0.16593241063571895,,,,,,,0.0769024087169061,0.05700186057350799,,13.96,8.08,0.43170406237490727,31.676878584539807,-0.7751720157739488,-0.6369599973406607,-0.13821201843328812,11.760064448825158,14.748599314457195,8.771529583193121,0.3089959439340086,3772661.7460000003,0.6818536309880986,144054.57416000013,0.5600000000000005,0.1899999999999995,0.0600000000000005,0.8100000000000005,0.6913580246913582,0.5188360816435182,0.4811639183564818,0.037455249383522946,0,0,8,3,False,False,sideways
2024-08-13,10.55,10.69,10.09,10.590816809254019,1953151.78,1723593599999,20358607.7391,66546.0,940535.16,9802593.6282,0,-0.002599546618498594,-0.0026029313068520366,10.474562490104494,-0.034504161771163666,10.30540279226898,-0.11034074153725903,11.621210165367776,-0.13885428345738227,,,,,,,0.07679054309418394,0.05662259501194601,,13.91,8.08,0.43067183692178707,33.12156352696283,-0.7418771398211916,-0.6579434258367669,-0.08393371398442473,11.621210165367776,14.552717940784737,8.689702389950815,0.3242553943137333,3793176.8549999995,0.5149118679835455,3699.1510984849538,0.02999999999999936,0.10999999999999943,0.46000000000000085,0.5999999999999996,0.04999999999999896,0.4815473992502518,0.5184526007497482,0.03407108483909018,0,1,8,3,False,False,sideways
2024-08-14,10.58,10.74,10.21,10.315331243536612,1606087.78,1723679999999,16865548.6983,61816.0,719166.22,7557085.0494,0,-0.026011739290655478,-0.026356028072046393,10.424549808978814,-0.05001268112568091,10.246482227793635,-0.058920564475345216,11.487329773675118,-0.1338803916926583,,,,,,,0.07424768449768242,0.056590338046081795,,13.91,8.08,0.3834187381709454,33.29554156946867,-0.7293130269830019,-0.6722173460660139,-0.05709568091698802,11.487329773675118,14.399570910746021,8.575088636604214,0.2987806512277195,3708011.607,0.4331399009021495,-28842.78621928158,0.1899999999999995,0.16000000000000014,0.17999999999999972,0.5299999999999994,0.3584905660377353,0.4477751645679042,0.5522248354320958,0.0384885563353206,0,2,8,3,False,False,sideways
2024-08-15,10.39,10.69,9.98,10.167983790065794,2065975.02,1723766399999,21335970.6178,96083.0,972779.91,10048959.1379,0,-0.01428431622718307,-0.014387319132856362,10.345685683422975,-0.07886412555583888,10.315534142922468,0.06905191512883313,11.318216968394756,-0.16911280528036166,,,,,,,0.059672212685878204,0.055207405198088755,,13.91,8.08,0.3581447324298102,32.3797697833253,-0.7229123020791501,-0.6823563372686412,-0.04055596481050894,11.318216968394756,14.11665818589074,8.519775750898772,0.29448680730943155,2193931.037,0.9416772839063492,-43745.38059672769,0.22000000000000064,0.29999999999999893,0.1899999999999995,0.7099999999999991,0.3098591549295788,0.4708575372803879,0.5291424627196121,0.0465073386995744,0,3,8,3,False,False,sideways
2024-08-16,10.17,10.4,9.91,10.109721930792473,1412866.98,1723852799999,14333131.3154,82770.0,681547.64,6918061.7782,0,-0.005729932352001144,-0.005746411393726691,10.36045473208267,0.014769048659696082,10.320363593392555,0.004829450470086982,11.147734048543862,-0.17048291985089392,,,,,,,0.056752179044945325,0.05517811580993643,,13.91,8.08,0.34815127457846873,36.34384372142839,-0.7143068419731051,-0.6887464382095341,-0.02556040376357105,11.147734048543862,13.792792978493885,8.502675118593839,0.30378279931725344,1955434.864,0.7225333893811561,-6946.248672566522,0.05000000000000071,0.23000000000000043,0.20999999999999908,0.4900000000000002,0.10204081632653202,0.4823862753165907,0.5176137246834093,0.05858300970414072,0,4,8,3,False,False,sideways
2024-08-17,10.13,10.18,10.03,10.16148477186798,660305.04,1723939199999,6672107.8226,30472.0,341527.99,3452212.3001,0,0.005120105323356938,0.005107042154987458,10.269067709103377,-0.09138702297929413,10.389067180489517,0.06870358709696234,10.986329555828188,-0.1614044927156737,,,,,,,0.052674339348356976,0.0553236476039082,,13.91,8.08,0.3570299780219521,38.29443497981806,-0.6952951939754684,-0.6900561893627211,-0.005239004612747289,10.986329555828188,13.442617289000905,8.530041822655472,0.3320952442133522,1729803.663,0.38172253540892176,2609.9013438736497,0.02999999999999936,0.019999999999999574,0.10000000000000142,0.15000000000000036,0.19999999999999526,0.5172275983233445,0.4827724016766554,0.046148368033053326,0,5,8,3,False,False,sideways
2024-08-18,10.16,10.48,10.06,10.077478817995976,1294898.35,1724025599999,13284672.7061,50394.0,648358.37,6652376.8862,0,-0.008267094401851138,-0.008301456340082254,10.166400110851766,-0.10266759825161031,10.32048130047813,-0.06858588001138699,10.815485435213784,-0.17084412061440446,,,,,,,0.027525727335780757,0.055132985244026086,,13.8,8.08,0.34920958356573,42.920687930431704,-0.679177765864825,-0.6878805046631419,0.008702738798316845,10.815485435213784,12.99724919763189,8.633721672795678,0.3308692650574011,1582860.743,0.8180747142327732,-8921.543749999984,0.07000000000000028,0.3200000000000003,0.02999999999999936,0.41999999999999993,0.16666666666666738,0.5007021361947059,0.4992978638052941,0.03891734050012497,0,6,8,3,False,False,sideways
2024-08-19,10.09,10.2,9.94,10.184942235382525,1446198.29,1724111999999,14553574.2244,63945.0,692995.14,6975042.0346,0,0.010663720492733342,0.010607264028017347,10.140322309220949,-0.026077801630817632,10.282436059099881,-0.03804524137824927,10.668509875262716,-0.14697555995106804,,,,,,,0.027632115466380034,0.055268355856621466,,13.42,8.08,0.3941839392102107,57.82302598388499,-0.6502376533841705,-0.6803519344073476,0.030114281023177147,10.668509875262716,12.573884959064209,8.763134791461223,0.37310434465338854,1553056.414,0.9311949501404267,14332.986025768067,0.09999999999999964,0.009999999999999787,0.15000000000000036,0.2599999999999998,0.3846153846153836,0.4791840405232397,0.5208159594767603,0.04421592837037582,0,0,8,3,False,False,sideways
2024-08-20,10.19,10.55,10.04,10.18157924114001,1584395.02,1724198399999,16369062.4349,70357.0,819977.85,8473232.542,0,-0.00033019276543677645,-0.0003302472910709268,10.143041399435793,0.0027190902148443996,10.244363541429383,-0.03807251767049813,10.537101366614174,-0.13140850864854237,,,,,,,0.027631659067605282,0.055232437673689204,,13.1,8.08,0.4186412830956196,51.524318687868586,-0.6204219334214187,-0.6683659342101619,0.04794400078874317,10.537101366614174,12.162653143650976,8.91154958957737,0.39064570858449066,1614364.3059999999,0.981435859372872,6219.411265946983,0.040000000000000924,0.3200000000000003,0.15000000000000036,0.5100000000000016,0.07843137254902117,0.5175337208520132,0.48246627914798673,0.04440622389737125,0,1,8,3,False,False,sideways
2024-08-21,10.24,11.4,10.14,11.24321614871668,2603911.22,1724284799999,28070836.8315,124469.0,1408832.71,15212513.5785,0,0.10427035751850622,0.09918480693109098,10.369740243020633,0.22669884358484005,10.365097487551653,0.12073394612226984,10.45724677836859,-0.079854588245583,,,,,,,0.03931234562393029,0.06084524273350567,,12.96,8.08,0.6482000304747294,70.02760618999909,-0.5053027193599124,-0.635753291240112,0.1304505718801996,10.45724677836859,11.72363749185302,9.19085606488416,0.8103186725783554,1720019.259,1.5138849209827365,251991.40838709657,0.9800000000000004,0.17999999999999972,0.09999999999999964,1.2599999999999998,0.7777777777777782,0.5410448325500129,0.4589551674499871,0.04780078485164329,0,2,8,3,False,False,sideways
2024-08-22,11.21,11.62,11.14,11.462665616385808,2372692.02,1724371199999,26938794.2177,114914.0,1183712.93,13446184.2073,0,0.019518389112725076,0.01933034825344327,10.629976411924199,0.2602361689035657,10.449522060513788,0.0844245729621349,10.432632797160014,-0.024613981208576163,,,,,,,0.03606129527748824,0.05913342586904477,,12.14,8.08,0.833168871030987,60.44901104780774,-0.3918452269408519,-0.58697167838026,0.1951264514394081,10.432632797160014,11.590983733073623,9.274281861246406,0.9446117265893135,1700048.15,1.3956616581712702,54982.16802139042,0.2699999999999996,0.1399999999999988,0.07000000000000028,0.47999999999999865,0.5625000000000007,0.49889025630894984,0.5011097436910502,0.04843190731513482,0,3,8,3,False,False,sideways
2024-08-23,11.48,12.21,11.45,12.029548191798963,2511841.64,1724457599999,29477737.0018,142425.0,1278268.02,15018977.7031,0,0.04945469006814607,0.04827068647201219,11.020390286684798,0.39041387476059874,10.593395198768281,0.14387313825449333,10.449398995518631,0.016766198358617146,,,,,,,0.038026988722140276,0.05992055114436593,,12.21,8.08,0.9563070682321941,69.70425498127474,-0.25326715447767967,-0.520230773599744,0.26696361912206434,10.449398995518631,11.691328222301772,9.207469768735491,1.136167167260107,1755917.136,1.4305012397805998,124716.8758536585,0.5700000000000003,0.16000000000000014,0.030000000000001137,0.7600000000000016,0.7499999999999988,0.5088967392068554,0.4911032607931446,0.056701424855748465,0,4,8,3,False,False,sideways
2024-08-24,12.06,12.56,11.9,12.312706970477189,1890917.97,1724543999999,23050338.4369,102804.0,939847.34,11478221.6563,0,0.02353860462284585,0.023265843652001364,11.44594323370373,0.4255529470189323,10.793132771462341,0.19973757269406,10.519807499627987,0.07040850410935562,,,,,,,0.03545646117165784,0.05768860065749005,,12.56,8.08,0.9448006630529439,71.90526775383803,-0.11922019052248523,-0.4400286569842923,0.32080846646180705,10.519807499627987,12.006022255640243,9.033592743615731,1.103176446605815,1784400.155,1.059693905933336,47076.79593360979,0.28999999999999915,0.21000000000000085,0.16000000000000014,0.6600000000000001,0.439393939393938,0.49703231706026885,0.5029676829397312,0.054367244709192755,0,5,8,3,False,False,sideways
2024-08-25,12.34,12.39,11.94,12.158306720312643,1680258.12,1724630399999,20401860.2357,114718.0,768143.72,9331994.1123,0,-0.012539911047567354,-0.012619199274319903,11.841288729538256,0.39534549583452616,10.992165064487024,0.19903229302468262,10.653849603704746,0.13404210407675876,,,,,,,0.035281677579976356,0.04798448054399593,,12.56,9.34,0.8752505342585847,79.2881122747514,-0.025155834838264113,-0.3570540925550867,0.3318982577168226,10.653849603704746,12.22536032661187,9.082338880797622,0.9786658769419068,1745828.4650000003,0.9624417024269334,-34013.32226720643,0.2400000000000002,0.05000000000000071,0.16000000000000014,0.45000000000000107,0.5333333333333325,0.4571581656751642,0.5428418343248358,0.06827403399187262,0,6,8,3,False,False,sideways
2024-08-26,12.1,12.7,11.83,11.777055776620529,2726249.26,1724716799999,33412958.1766,152306.0,1324106.54,16247765.9683,0,-0.03135724015377617,-0.03185940395579907,11.948056655119027,0.10676792558077075,11.15889844906983,0.16673338458280718,10.739631021231194,0.08578141752644797,,,,,,,0.038063880789195155,0.04758802438982564,,12.7,9.34,0.7253142192323003,66.92886445442477,0.01841480541567897,-0.28196031296093355,0.3003751183766125,10.739631021231194,12.361473852963607,9.11778818949878,0.8198290041092275,1877166.693,1.4523213469353837,-60833.66117355369,0.2699999999999996,0.5999999999999996,0.0,0.8699999999999992,0.3103448275862067,0.48568799611521957,0.5143120038847805,0.055866498428687336,0,0,8,3,False,False,sideways
2024-08-27,11.83,12.06,10.9,11.197239212800937,2512859.8,1724803199999,29037748.7208,175570.0,1129041.4,13034757.7103,0,-0.049232726312685604,-0.0504859638536019,11.894971374402052,-0.05308528071697438,11.262473893163126,0.10357544409329478,10.825770536826322,0.08613951559512856,,,,,,,0.04331027732935445,0.04694974450930578,,12.7,9.34,0.5527497657145649,57.62932598265553,0.006088318410617077,-0.22435058668662342,0.2304389050972405,10.825770536826322,12.344398480446984,9.307142593205661,0.6223040434410064,2062422.1690000002,1.2184022445891385,-142317.503465765,0.6699999999999999,0.23000000000000043,0.2599999999999998,1.1600000000000001,0.5775862068965516,0.4493053691256472,0.5506946308743528,0.06986860150335487,0,1,8,3,False,False,sideways
2024-08-28,11.15,11.71,10.93,11.12639832930192,2391451.06,1724889599999,26925320.9453,187660.0,1147736.79,12924976.4362,0,-0.006326638392973649,-0.006346736382971176,11.714341401902644,-0.1806299724994087,11.36736584429372,0.10489195113059502,10.843923572385927,0.018153035559604902,,,,,,,0.04322074811714704,0.036327992021466894,,12.7,9.91,0.43598506426592154,60.75788264013135,-0.00928969280877645,-0.18133840791105402,0.17204871510227757,10.843923572385927,12.368078903205346,9.319768241566509,0.5926660003754766,2172077.44,1.1009971449268403,2142.877293906631,0.019999999999999574,0.5400000000000009,0.22000000000000064,0.7800000000000011,0.025641025641025057,0.4799332125993831,0.520066787400617,0.07847118560728564,0,2,8,3,False,False,sideways
2024-08-29,11.17,11.47,10.81,10.88930188229381,1488137.35,1724975999999,16600245.2303,96662.0,694716.25,7754962.959,0,-0.021309361753093614,-0.02153968409431829,11.429660384265969,-0.2846810176366752,11.437801808984847,0.07043596469112678,10.860118934042365,0.016195361656437868,11.988050886333689,,,,,,0.044395798258552395,0.03642110767950799,,12.7,9.91,0.35100425888667003,59.34497568302272,-0.04014580343648255,-0.15309988701613972,0.11295408357965717,10.860118934042365,12.378686127804874,9.341551740279856,0.5096087115444455,2176271.346,0.6838013801611668,-30642.040331244512,0.23000000000000043,0.3000000000000007,0.129999999999999,0.6600000000000001,0.34848484848484906,0.46683610891158667,0.5331638910884133,0.06495502582473317,0,3,8,3,False,False,sideways
2024-08-30,10.94,11.2,10.5,11.169970260040671,1605908.27,1725062399999,17519267.7637,105217.0,746073.27,8142430.1348,0,0.02577468976254882,0.02544812201153329,11.231993092211573,-0.19766729205439582,11.536640910874915,0.09883910189006784,10.89050222615215,0.030383292109783966,11.964995755684237,-0.023055130649451527,,,,,0.04464652103801984,0.03679456340769908,0.045106751989434334,12.7,9.91,0.45160224374217606,62.98752099405569,-0.04147381663295313,-0.1307746729395024,0.08930085630654927,10.89050222615215,12.408296435817313,9.372708016486985,0.5920638753623175,2178422.671,0.7371885591251267,24954.69889396698,0.16999999999999993,0.08999999999999986,0.4399999999999995,0.6999999999999993,0.242857142857143,0.4645802527687338,0.5354197472312662,0.06551868619494686,0,4,8,3,False,False,sideways
2024-08-31,11.12,11.21,10.93,11.053225649024213,762838.01,1725148799999,8457110.7285,38581.0,367757.32,4079286.6489,0,-0.010451649225432402,-0.010506651288375954,11.08722706669231,-0.144766025519262,11.517641860905668,-0.018999049969247395,10.94136967422866,0.050867448076511224,11.933515337009592,-0.03148041867464535,,,,,0.03017753467795991,0.034793022537262505,0.04497208340997493,12.7,9.91,0.4097582971412952,60.75221340779353,-0.05135460714850559,-0.11489065978130306,0.06353605263279746,10.94136967422866,12.40581968087138,9.47691966758594,0.5381904381468047,1994315.35,0.3825062119689346,-6179.605841584118,0.09999999999999964,0.09000000000000163,0.08999999999999986,0.28000000000000114,0.35714285714285443,0.4820909749895656,0.5179090250104343,0.05057561303218228,0,5,8,3,False,False,sideways
2024-09-01,11.02,11.02,10.23,10.335632550604904,1509016.4,1725235199999,16102186.8078,86565.0,661428.71,7062399.6772,0,-0.06492160037306927,-0.06712490334027865,10.914905734253104,-0.172321332439207,11.404938554327577,-0.11270330657809069,10.927230307420682,-0.014139366807977893,11.8801129790383,-0.05340235797129189,,,,,0.035116641515732745,0.03584861425470701,0.04560713098257057,12.7,9.91,0.15255646975086173,52.70014649013267,-0.1157546234417346,-0.11506345251338937,-0.000691170928345225,10.927230307420682,12.410153318385214,9.44430729645615,0.30052984799561927,1907947.788,0.7909107416308396,-89007.31941923779,0.6500000000000004,0.0,0.1399999999999988,0.7899999999999991,0.8227848101265837,0.4383177744125246,0.5616822255874754,0.0573651817170443,0,6,9,3,False,False,sideways
2024-09-02,10.37,10.84,10.32,10.708886637686312,1315079.57,1725321599999,13948067.3613,86450.0,630309.8,6682378.2634,0,0.03611332787363497,0.03547652769407512,10.831403395929982,-0.0835023383231217,11.272872398916313,-0.13206615541126432,10.933133798842297,0.005903491421614504,11.82562700630546,-0.05448597273283973,,,,,0.032794648532379955,0.03677668908207927,0.04566237232481866,12.7,9.91,0.2863392966617607,55.19152007740742,-0.13511608084512972,-0.11907397817973744,-0.01604210266539227,10.933133798842297,12.411350434933059,9.454917162751535,0.42414942584159365,1788271.5810000002,0.735391415919392,50726.30935390557,0.40000000000000036,0.07000000000000028,0.049999999999998934,0.5199999999999996,0.7692307692307705,0.4792940399796493,0.5207059600203507,0.0657374671252782,0,0,9,3,False,False,sideways
2024-09-03,10.77,10.88,10.21,10.322908773629829,1596734.24,1725407999999,16755650.4746,81922.0,769586.55,8072247.85,0,-0.036042763091558405,-0.03670834540901153,10.718124774197186,-0.11327862173279613,11.073892579231577,-0.19897981968473566,10.933512675346957,0.000378876504660397,11.743832987938886,-0.0817940183665744,,,,,0.031180729773514135,0.03723267978667568,0.044526800161984986,12.7,9.91,0.1479959762114081,51.30167155920529,-0.17953578641816392,-0.13116633982742273,-0.04836944659074119,10.933512675346957,12.411066323736488,9.455959026957427,0.2933733565672352,1758853.2079999999,0.9078268912592506,-68198.4912163416,0.4599999999999991,0.11000000000000121,0.09999999999999964,0.6699999999999999,0.6865671641791031,0.4819753536443235,0.5180246463556766,0.0513059706166256,0,1,9,3,False,False,sideways
2024-09-04,10.32,10.5,9.82,10.434772622662587,2274543.36,1725494399999,23237025.0498,122395.0,998190.36,10209765.5097,0,0.010836465911480131,0.010778172168742824,10.57108524672157,-0.14703952747561644,10.90153916946657,-0.17235340976500702,10.946852116976798,0.013339441629840465,11.66823618045548,-0.07559680748340547,,,,,0.03240686837308205,0.03712475051542535,0.044571707818389615,12.7,9.82,0.21346271620228713,40.97517388218023,-0.20336794628709498,-0.1456066611193572,-0.05776128516773779,10.946852116976798,12.399920092730941,9.493784141222655,0.32379368933224156,1818281.732,1.2509301061382494,6618.457885547819,0.019999999999999574,0.16000000000000014,0.5,0.6799999999999997,0.02941176470588174,0.4388530803826928,0.5611469196173073,0.05381080095127314,0,2,9,3,False,False,sideways
2024-09-05,10.33,10.4,9.91,10.059167707557172,1234400.81,1725580799999,12507768.2345,72969.0,580184.84,5878968.3652,0,-0.03599550547844843,-0.036659322015705494,10.372273658428162,-0.19881158829340784,10.729750362560235,-0.1717888069063349,10.944324405815033,-0.0025277111617647563,11.594568735746007,-0.07366744470947317,,,,,0.032703730926452165,0.038058896606971315,0.044609159467527706,12.7,9.82,0.0830443429017959,34.8602857907307,-0.24968506822942693,-0.16642234254137114,-0.08326272568805579,10.944324405815033,12.403686195012227,9.484962616617839,0.19673157649797313,1669096.8869999999,0.7395621066783525,-37008.148075435274,0.3000000000000007,0.07000000000000028,0.11999999999999922,0.4900000000000002,0.6122448979591849,0.47001333383765354,0.5299866661623465,0.0591128905691499,0,3,9,3,False,False,sideways
2024-09-06,10.03,10.18,9.28,9.531744882967391,2726820.88,1725667199999,26527843.9012,150726.0,1336719.88,13021751.5807,0,-0.0524320540151193,-0.053856633794667375,10.211496124900659,-0.16077753352750257,10.563200929576881,-0.1665494329833539,10.912837411370003,-0.03148699444503045,11.513711822079426,-0.08085691366658132,,,,,0.033087537462348444,0.039820263534865015,0.045097199336468906,12.7,9.28,0.07360961490274621,22.824522434519395,-0.32520161338537434,-0.19817819671017178,-0.12702341667520256,10.912837411370003,12.467386887510985,9.35828793522902,0.05579010202009174,1690492.9949999999,1.6130329365842773,-125058.58472582228,0.4599999999999991,0.15000000000000036,0.2900000000000009,0.9000000000000004,0.5111111111111099,0.49021183965702947,0.5097881603429706,0.055275357873891595,0,4,9,3,False,False,sideways
2024-09-07,9.58,10.16,9.56,10.058214735694314,1343150.05,1725753599999,13323006.8077,52762.0,681781.4,6755089.9782,0,0.05523331343746829,0.05376189265562903,10.081361744502258,-0.13013438039840075,10.456382570216121,-0.10681835936076034,10.91187420725492,-0.0009632041150826609,11.434406498005787,-0.07930532407363877,,,,,0.03998630206163364,0.041813846275863056,0.04559579600394888,12.7,9.28,0.22754816833167094,26.70499993210504,-0.3386634013853467,-0.2262752376452068,-0.11238816374013988,10.91187420725492,12.468625327100712,9.355123087409128,0.22582018388232558,1585662.8939999999,0.8470590155589528,64561.02643678145,0.4499999999999993,0.13000000000000078,0.019999999999999574,0.5999999999999996,0.7499999999999992,0.507598834545701,0.492401165454299,0.03928228272038556,0,5,9,3,False,False,sideways
2024-09-08,10.03,10.46,9.97,10.336021934709205,1350353.58,1725839999999,13828599.6678,64318.0,667250.43,6838921.2008,0,0.02761993120200712,0.02724538194132799,10.083984376718135,0.0026226322158766635,10.40105457545766,-0.05532799475846062,10.919428192221254,0.007553984966333971,11.357304450196073,-0.07710204780971353,,,,,0.04132728145887231,0.042196159563939094,0.045772437000743654,12.7,9.28,0.3087783434822238,31.639120622797677,-0.32318971626293624,-0.2456581333687527,-0.07753158289418355,10.919428192221254,12.462735388009005,9.376120996433503,0.3109882921869418,1571884.517,0.859066658775417,43082.0683549351,0.3200000000000003,0.11000000000000121,0.05999999999999872,0.4900000000000002,0.6530612244897962,0.4941301595986438,0.5058698404013562,0.047630488008925775,0,6,9,3,False,False,sideways
2024-09-09,10.35,10.83,10.27,10.561235581483265,2536489.74,1725926399999,26718063.6529,116318.0,1260858.83,13281476.1331,0,0.02178919977112037,0.02155520805161457,10.109276968482268,0.02529259176413312,10.34018110760192,-0.06087346785574077,10.938411009238417,0.018982817017162645,11.273347100713767,-0.08395734948230604,,,,,0.04102175534010189,0.04243291868102026,0.04547565716873073,12.7,9.28,0.374630286983411,37.35200236692328,-0.28941762400257076,-0.25441003149551633,-0.03500759250705443,10.938411009238417,12.452569462508654,9.42425255596818,0.375450476487273,1664942.664,1.5234697235195602,44112.86504347801,0.17999999999999972,0.3000000000000007,0.08000000000000007,0.5600000000000005,0.3214285714285706,0.4970880859939926,0.5029119140060074,0.045857863395102866,0,0,9,3,False,False,sideways
2024-09-10,10.54,10.74,10.33,10.527265968191676,1474504.71,1726012799999,15501576.9502,73250.0,689291.31,7248305.7649,0,-0.003216443097921906,-0.0032216269697600743,10.20289662060917,0.09361965212690215,10.287585139518665,-0.05259596808325462,10.902613500212166,-0.035797509026251007,11.204463641379547,-0.06888345933422002,,,,,0.04097527043367407,0.03505360238783079,0.04495202632724761,12.7,9.28,0.3646976515180341,42.137437431430634,-0.2623696277192469,-0.25600195074026244,-0.006367676978984438,10.902613500212166,12.420278950575177,9.384948049849154,0.3763404899509606,1736109.334,0.8493155823330191,7001.446866097023,0.040000000000000924,0.16000000000000014,0.20999999999999908,0.41000000000000014,0.09756097560975832,0.46747311509096506,0.5325268849090349,0.04967769821501621,0,1,9,3,False,False,sideways
2024-09-11,10.58,10.6,10.17,10.361583696433346,1527678.77,1726099199999,15871868.3345,86136.0,715628.96,7438876.0863,0,-0.01573839515966846,-0.015863558686440113,10.36886438330236,0.16596776269319058,10.290180254101509,0.0025951145828440048,10.847559404214545,-0.05505409599762068,11.132953953318639,-0.07150968806090852,,,,,0.03544197155669944,0.034762898044232104,0.044977985703172504,12.7,9.28,0.31625254281676807,41.21986342614115,-0.25140502977179047,-0.2550825665465681,0.003677536774777612,10.847559404214545,12.359557092694086,9.335561715735004,0.33929350174142986,1737975.571,0.8789989891060442,-25990.754120982896,0.17999999999999972,0.019999999999999574,0.23000000000000043,0.4299999999999997,0.41860465116279033,0.4684420403381006,0.5315579596618993,0.05638358121583374,0,2,9,3,False,False,sideways
2024-09-12,10.39,10.81,10.39,10.792211702435244,1446798.84,1726185599999,15367277.6936,70505.0,768969.89,8172237.4023,0,0.041560056707366844,0.04071964372166301,10.515663776650547,0.1467993933481857,10.298512760576404,0.00833250647489514,10.785692579746357,-0.06186682446818814,11.081440137799312,-0.051513815519326656,,,,,0.0360807774879335,0.03415803432585883,0.04514447907827793,12.7,9.28,0.44216716445474996,48.93281699712916,-0.20559742657323987,-0.24518553855190245,0.03958811197866258,10.785692579746357,12.191587431850163,9.37979772764255,0.5023184958246103,1751147.4980000001,0.8262004437960828,52863.80376923059,0.3899999999999988,0.030000000000001137,0.0,0.41999999999999993,0.9285714285714258,0.5314974471502893,0.46850255284971065,0.04873172278739178,0,3,9,3,False,False,sideways
2024-09-13,10.79,11.56,10.64,11.430741715134557,2956943.65,1726271999999,32876137.7234,133628.0,1594615.28,17723474.2813,0,0.0591658160815387,0.057481632342895495,10.734607732735617,0.2189439560850701,10.409296054726875,0.11078329415047072,10.741594316979226,-0.04409826276713069,11.050196190554207,-0.031243947245105375,,,,,0.0376419062790292,0.03656116247850201,0.0458472174596657,12.7,9.28,0.6288718465305725,52.65726626828773,-0.11642842104197193,-0.21943411504991636,0.10300569400794443,10.741594316979226,11.992614018456585,9.490574615501867,0.7754342706759535,1887168.439,1.56686790054992,183780.3567254172,0.6600000000000001,0.11000000000000121,0.14999999999999858,0.9199999999999999,0.7173913043478263,0.539278210458965,0.46072178954103504,0.04519125685739733,0,4,9,3,False,False,sideways
2024-09-14,11.45,11.48,11.21,11.252297387851625,1145891.32,1726358399999,12999299.8622,54242.0,513422.53,5826343.4355,0,-0.015610914123505015,-0.015734047608682366,10.87282009400929,0.13821236127367342,10.491048531245779,0.08175247651890416,10.696293850356176,-0.04530046662305054,11.00423734039778,-0.045958850156427644,,,,,0.03856330527919459,0.03660942878177572,0.04543499184839916,12.7,9.28,0.5766951426466742,52.00335391659428,-0.0594747200694794,-0.18744223605382898,0.12796751598434958,10.696293850356176,11.786604268864863,9.605983431847488,0.7549748805738937,1774303.235,0.6458260895860904,-16012.455126637542,0.16000000000000014,0.030000000000001137,0.0799999999999983,0.2699999999999996,0.592592592592594,0.44805516983931776,0.5519448301606823,0.04733607721192966,0,5,9,3,False,False,sideways
2024-09-15,11.3,11.36,10.79,10.766847308477558,1228933.57,1726444799999,13673465.5276,67059.0,539335.17,6000174.4052,0,-0.04314230797865115,-0.04410060075849622,10.920736362066467,0.04791626805717719,10.561816491337819,0.07076796009203967,10.645783426949027,-0.05051042340714851,10.94918668001112,-0.055050660386658734,,,,,0.03952829485850365,0.03717648472423984,0.04579332377154532,12.06,9.28,0.5348371613228627,54.55221448294301,-0.052900462447716734,-0.16053388133260652,0.10763341888488978,10.645783426949027,11.61179478496231,9.679772068935744,0.5626617277966139,1773756.511,0.6928423165066538,-52248.72573959241,0.4900000000000002,0.05999999999999872,0.02000000000000135,0.5700000000000003,0.8596491228070174,0.4388643806027693,0.5611356193972307,0.054566822517510036,0,6,9,3,False,False,sideways
2024-09-16,10.81,10.83,10.41,10.544566709872354,1891935.14,1726531199999,20064712.8519,95880.0,953397.91,10105321.1448,0,-0.02064491045862471,-0.020860995838427272,10.957332964754269,0.036596602687801294,10.663098674028316,0.10128218269049682,10.613149801802598,-0.032633625146429424,10.892286521684941,-0.05690015832617945,,,,,0.03521389672542901,0.035864819998872484,0.04584985338317736,11.71,9.28,0.5203978229927384,48.20820542780789,-0.06487862217754525,-0.14140282950159425,0.07652420732404899,10.613149801802598,11.54418629307263,9.682113310532566,0.4631684189753461,1690267.9370000002,1.1193107900738697,-47254.62421831659,0.27000000000000135,0.019999999999999574,0.129999999999999,0.41999999999999993,0.6428571428571462,0.5039273756498862,0.4960726243501138,0.050678270080654036,0,0,9,3,False,False,sideways
2024-09-17,10.54,10.92,10.43,10.68143018420983,1812776.35,1726617599999,19354105.616,82016.0,886951.24,9468485.8634,0,0.012979525674519987,0.012896013487284745,10.935176661109185,-0.022156303645083142,10.725420218879867,0.06232154485155128,10.590901394547993,-0.02224840725460453,10.836027900763455,-0.05625862092148637,,,,,0.03162934355836582,0.036012712245482185,0.0458821668246348,11.56,9.28,0.6146623614955395,54.134021432614844,-0.06260597874604557,-0.12564345935048452,0.06303748060443895,10.590901394547993,11.491050602120893,9.690752186975093,0.5502854354034998,1737230.5670000003,1.04348633073528,15479.114943074417,0.09000000000000163,0.28999999999999915,0.10999999999999943,0.4900000000000002,0.18367346938775836,0.48927780859453507,0.5107221914054649,0.045243308696078254,0,1,9,3,False,False,sideways
2024-09-18,10.63,10.9,10.29,10.886568948900505,1980319.05,1726703999999,20870588.3934,112289.0,1022321.19,10784322.3206,0,0.019205177691834496,0.019023085975756752,10.826342107862375,-0.10883455324681002,10.780474920298996,0.05505470141912916,10.590764747878328,-0.00013664666966484162,10.791270211053389,-0.04475768971006566,,,,,0.03111203111132268,0.03597460311171734,0.045862834505395716,11.56,9.28,0.7046355039037303,55.09985050747105,-0.04374761330448962,-0.10926429014128555,0.06551667683679593,10.590764747878328,11.490724034520104,9.690805461236552,0.6643431016340633,1800227.114,1.1000384532592924,48436.77826904982,0.2599999999999998,0.009999999999999787,0.34000000000000163,0.6100000000000012,0.4262295081967201,0.5162406481925222,0.48375935180747776,0.056702479330287714,0,2,9,3,False,False,sideways
2024-09-19,10.9,11.4,10.9,11.295824202865159,2838273.01,1726790399999,31679431.6782,125784.0,1318741.07,14716983.6065,0,0.0375926755147209,0.03690329493072619,10.835047470865081,0.008705363002706079,10.853933782437185,0.07345886213818886,10.597057445019553,0.006292697141224934,10.760991706828472,-0.030278504224916958,,,,,0.03239855327090303,0.03650298000082701,0.04610593732978961,11.56,9.28,0.88413342230928,63.85405883256264,0.004173150401081571,-0.08657680203281214,0.09074995243389371,10.597057445019553,11.515636411359644,9.678478478679462,0.8803520347465138,1830405.441,1.5506253130723728,83401.96172635425,0.3100000000000005,0.1899999999999995,0.0,0.5,0.620000000000001,0.46462798517046117,0.5353720148295389,0.04431708984894304,0,3,9,3,True,False,sideways
2024-09-20,11.21,11.74,11.12,11.419294725790598,2711552.15,1726876799999,31157096.9414,136241.0,1143226.53,13149236.9854,0,0.010930634251028915,0.010871326656823386,10.965536954327689,0.13048948346260758,10.943136658197078,0.08920287575989327,10.61536089885787,0.01830345383831755,10.73257144307172,-0.028420263756752107,,,,,0.0322007115946432,0.03645701413667797,0.04613636138580162,11.74,9.28,0.8696320023539016,73.25024829895236,0.0515198514248425,-0.05895747134128121,0.11047732276612371,10.61536089885787,11.585360806048126,9.645360991667616,0.9143989195119812,1954110.1849999998,1.387614767485591,55633.98702051709,0.22999999999999865,0.3000000000000007,0.09000000000000163,0.620000000000001,0.3709677419354811,0.42161332947256797,0.578386670527432,0.05024465415500123,0,4,9,3,False,False,sideways
2024-09-21,11.44,11.55,11.21,11.477736094990286,1321660.74,1726963199999,15016361.0351,71158.0,567038.29,6448626.1328,0,0.005117773960916949,0.00510472266587225,11.152170831351274,0.18663387702358492,11.054751898052773,0.11161523985569488,10.672466076077141,0.05710517721927033,10.723027260160377,-0.009544182911342958,,,,,0.03110377350174179,0.0328490314915522,0.045097339612280095,11.74,9.28,0.8933886565001162,69.76402297281871,0.09268971385625768,-0.028628034301773436,0.12131774815803112,10.672466076077141,11.70555007934028,9.639382072814001,0.8897408228031736,1933508.382,0.6835557333518713,6931.787097902046,0.0600000000000005,0.05000000000000071,0.22999999999999865,0.33999999999999986,0.17647058823529566,0.4290346779915699,0.5709653220084301,0.053839837899701856,0,5,9,3,False,False,sideways
2024-09-22,11.5,11.55,10.84,11.191638884062671,1594550.09,1727049599999,17817304.1018,85599.0,764274.79,8545379.0744,0,-0.02492627540482384,-0.025242195873546123,11.254212571321844,0.10204173997056998,11.094694616215515,0.03994271816274164,10.696603688395957,0.024137612318815727,10.712975553349096,-0.010051706811280425,,,,,0.030883093525937995,0.032716393783440566,0.04513050328325533,11.74,9.28,0.7770889772612485,61.88533453251748,0.10106644151221467,-0.002689139138975817,0.10375558065119048,10.696603688395957,11.755506656985421,9.637700719806492,0.7337490829429524,1948283.507,0.8184384276061113,-51302.91593913028,0.3699999999999992,0.05000000000000071,0.2900000000000009,0.7100000000000009,0.5211267605633786,0.4793043472218549,0.5206956527781451,0.05368222706631937,0,6,9,3,False,False,sideways
2024-09-23,11.12,11.61,10.92,11.40340731368869,2250270.71,1727135999999,25635451.6707,125166.0,1012049.64,11532815.7563,0,0.018922021325007643,0.018745226606836876,11.35758024427948,0.10336767295763671,11.091961176070928,-0.002733440144586652,10.7506286153989,0.05402492700294381,10.722952961857072,0.009977408507975127,,,,,0.024959305634568215,0.03157817151731205,0.04413101903887062,11.74,9.28,0.8631737047515002,61.74242959526976,0.12337085851753571,0.02252286039232649,0.10084799812520923,10.7506286153989,11.839095255930909,9.662161974866892,0.7998616007058941,1877616.2130000002,1.1984721341985982,52566.970763701625,0.27000000000000135,0.21999999999999886,0.1999999999999993,0.6899999999999995,0.3913043478260892,0.44974572859280565,0.5502542714071943,0.05562264106437221,0,0,9,3,False,False,sideways
2024-09-24,11.4,12.23,11.2,12.142260862477983,2854159.21,1727222399999,33199650.7093,151838.0,1424742.67,16606066.5245,0,0.06479234920446708,0.06277980287804799,11.526867576202047,0.1692873319225665,11.180957523533564,0.0889963474626363,10.83600302738967,0.08537441199077023,10.776248886331082,0.05329592447401055,,,,,0.03146033355143451,0.03425296743125966,0.040661175394198425,12.23,9.28,0.9702579194840618,68.81881933441659,0.1983797776300502,0.057694243839871234,0.14068553379017898,10.83600302738967,12.077284854617176,9.594721200162166,1.0261729473660046,2048443.0019999999,1.3933310359201296,190444.3371027214,0.75,0.08000000000000007,0.20000000000000107,1.0300000000000011,0.7281553398058245,0.49918121771490104,0.500818782285099,0.0531988543133864,0,1,9,3,False,False,sideways
2024-09-25,12.15,12.56,12.06,12.086704331371449,2605279.51,1727308799999,31964507.9322,159861.0,1174886.51,14423296.5499,0,-0.004575468418588691,-0.004585967913192086,11.660349497318217,0.13348192111616974,11.312943225822952,0.13198570228938777,10.937379858580385,0.10137683119071461,10.81675442443668,0.04050553810559698,,,,,0.026447565634306325,0.03281139651986981,0.03987540302519704,12.56,9.28,0.8557025400522709,70.6315736148824,0.2504548510614999,0.09624636528419697,0.15420848577730292,10.937379858580385,12.241135012294535,9.633624704866236,0.9407746613759712,2186077.596,1.1917598509618503,-8577.051884773738,0.040000000000000924,0.41000000000000014,0.049999999999998934,0.5,0.08000000000000185,0.4509637086885929,0.5490362913114071,0.06136040274619133,0,2,9,3,False,False,sideways
2024-09-26,12.11,12.75,11.87,12.630686108051044,3111496.33,1727395199999,38464740.7062,163335.0,1459390.9,18046096.3258,0,0.045006625608245754,0.04402322569164675,11.890939499930369,0.23059000261215168,11.521555165640821,0.20861193981786919,11.092326919834568,0.15494706125418212,10.879879168579732,0.06312474414305314,,,,,0.02559505545931664,0.030227697414509907,0.039228327022934543,12.75,9.56,0.9625975260348102,71.40682270992342,0.3317947813647226,0.1433560485003021,0.18843873286442053,11.092326919834568,12.42887767796069,9.755776161708445,1.0754959842951624,2308033.715,1.3481156318377265,115621.25090834039,0.45000000000000107,0.1899999999999995,0.2400000000000002,0.8800000000000008,0.5113636363636371,0.46903185645087997,0.53096814354912,0.05249403588401468,0,3,9,3,False,False,sideways
2024-09-27,12.56,12.88,12.44,12.657593440381818,2804745.6,1727481599999,35621967.9596,160701.0,1211211.48,15395833.203,0,0.002130314386771248,0.0021280484845634133,12.184130411194198,0.2931909112638298,11.71917149125802,0.197616325617199,11.222295855068944,0.12996893523437691,10.917764285025171,0.03788511644543924,,,,,0.02608060142421688,0.02876795665164102,0.03448895747857496,12.88,9.97,0.9235716289971883,66.65782285944388,0.39388796373848045,0.19346243154793777,0.20042553219054268,11.222295855068944,12.63859796760785,9.805993742530038,1.006706010181654,2407230.6399999997,1.1651337239542616,24563.85477706998,0.10999999999999943,0.21000000000000085,0.120000000000001,0.4400000000000013,0.24999999999999797,0.4318436153353801,0.5681563846646198,0.057296105571927804,0,4,9,3,False,False,sideways
2024-09-28,12.66,12.98,12.36,12.932117528143795,2187458.11,1727567999999,27837112.2037,127162.0,1060819.67,13504724.9222,0,0.021688489921485088,0.021456640937106978,12.489872454085218,0.30574204289101914,11.923726349182349,0.20455485792432881,11.352100634740673,0.1298047796717281,10.965098742604745,0.04733445757957355,,,,,0.026111296981939758,0.028628122293324187,0.034427829561023436,12.98,10.17,0.9829599744283968,72.22814057101218,0.4599470741520566,0.24675936006876154,0.21318771408329507,11.352100634740673,12.896469252226689,9.807732017254656,1.0115413753923386,2427944.546,0.9009506059781317,48341.61569060761,0.28999999999999915,0.030000000000001137,0.3000000000000007,0.620000000000001,0.46774193548386883,0.48495542161490807,0.5150445783850919,0.05813231321718888,0,5,9,3,False,False,sideways
2024-09-29,12.95,12.98,12.43,12.454793098068501,1484031.12,1727654399999,18741076.7222,105737.0,707403.63,8938463.4911,0,-0.03690999784347049,-0.03760841136783027,12.552378901203321,0.06250644711810338,12.039623238702683,0.11589688952033406,11.446778510569935,0.09467787582926235,11.002948516209218,0.0378497736044725,,,,,0.030116230363817366,0.030482920896333587,0.03492050897436766,12.98,10.17,0.8130936292058722,72.38379797655011,0.4683840628273188,0.291084300620473,0.1772997622068458,11.446778510569935,13.018923452293938,9.874633568845931,0.8205857681268193,2292520.357,0.6473360707435586,-56152.528864864624,0.48999999999999844,0.030000000000001137,0.030000000000001137,0.5500000000000007,0.8909090909090869,0.4766770861247168,0.5233229138752832,0.07124985357449916,0,6,9,3,False,False,sideways
2024-09-30,12.47,12.48,11.75,11.88030616268527,2055007.13,1727740799999,24879899.8394,125927.0,918581.97,11130014.1643,0,-0.04612577108746374,-0.04722345174636722,12.511099267466085,-0.04127963373723631,12.08572438239215,0.046101143689467605,11.514430520294614,0.06765200972467866,11.039837105713042,0.036888589503824676,,,,,0.03497842989225425,0.0327897335922058,0.034807634316134824,12.98,10.17,0.608649879959171,66.19993305850133,0.4238285113847464,0.3176331427733277,0.1061953686114187,11.514430520294614,13.035593211386473,9.993267829202754,0.6202618380444366,2226865.855,0.92282484164274,-100606.28806581086,0.620000000000001,0.009999999999999787,0.09999999999999964,0.7300000000000004,0.8493150684931515,0.4469969746528325,0.5530030253471675,0.06127813288900852,0,0,9,3,False,False,sideways
2024-10-01,11.85,12.26,10.84,10.934984470536401,4149387.7,1727827199999,47623047.0095,226711.0,2137214.63,24551931.6823,0,-0.07957048237679432,-0.08291485090578676,12.171958939963158,-0.33914032750292655,12.031449219946762,-0.05427516244538921,11.543100558999766,0.028670038705152834,11.046168397388483,0.0063312916754405535,,,,,0.043923801277762665,0.037799379407359814,0.0358688610359487,12.98,10.29,0.2397711786380675,52.57095630257846,0.3086800838280084,0.3158425309842639,-0.007162447156255525,11.543100558999766,12.992707270350195,10.093493847649338,0.29024790527602656,2509638.551,1.6533806026954039,-294133.8116455698,0.8399999999999999,0.41000000000000014,0.16999999999999993,1.42,0.5915492957746478,0.5150674712801602,0.48493252871983983,0.05463721792012831,0,1,10,4,False,False,sideways
2024-10-02,11.01,11.31,10.45,10.689363454640075,3135603.43,1727913599999,34057936.2925,172655.0,1391940.56,15128899.6811,0,-0.022461944647304777,-0.022718056573314795,11.778312942814809,-0.393645997148349,11.981221677004502,-0.05022754294225962,11.53795814661001,-0.005142412389757212,11.048139330296202,0.001970932907719103,,,,,0.043799818811402394,0.037100236362385845,0.03602162784921806,12.98,10.29,0.14846225079556719,48.01668384252315,0.19535265830518256,0.29174455644844766,-0.0963918981432651,11.53795814661001,12.999461501227904,10.076454791992115,0.20968431605420554,2663743.885,1.1771414840807792,-99678.58315168002,0.34999999999999964,0.3000000000000007,0.21000000000000085,0.8600000000000012,0.4069767441860455,0.44391473318422797,0.5560852668157721,0.05506276665860134,0,2,10,4,False,False,sideways
2024-10-03,10.65,10.87,10.34,10.717995143705451,2609545.82,1727999999999,27606989.8183,169353.0,1235202.95,13074236.9239,0,0.0026785214280413694,0.0026749405823438595,11.33548846592714,-0.4428244768876688,11.912680460006179,-0.06854121699832305,11.502320818038553,-0.03563732857145574,11.056192608299579,0.008053278003377073,,,,,0.04316380207529107,0.03442710948376755,0.03581344120974931,12.98,10.29,0.15910600137749142,43.70691843563209,0.10662113306823784,0.2547198717724057,-0.14809873870416784,11.502320818038553,13.0088962894904,9.995745346586707,0.23969917564857582,2699671.396,0.9666160940425802,0.0,0.009999999999999787,0.20999999999999908,0.3100000000000005,0.5299999999999994,0.018867924528301508,0.47334020369874175,0.5266597963012583,0.0648975000561592,0,3,10,4,False,False,sideways
2024-10-04,10.66,11.25,10.59,11.060764209776876,2180620.51,1728086399999,23966102.125,117809.0,1016347.58,11162293.4682,0,0.03198070735017344,0.031479972456501484,11.056682688268817,-0.2788057776583237,11.804530794736069,-0.10814966527011016,11.492744159134816,-0.009576658903737822,11.074048216693802,0.017855608394222955,,,,,0.038202673132595975,0.035121579874719644,0.03599736814845967,12.98,10.29,0.2865294460137086,46.27329246148957,0.06323047744877286,0.21642199290767913,-0.15319151545890627,11.492744159134816,13.008418899818674,9.977069418450958,0.35749582751407644,2632317.526,0.8284032942308495,85915.62984990618,0.41999999999999993,0.16999999999999993,0.07000000000000028,0.6600000000000001,0.6363636363636361,0.46608182182052393,0.533918178179476,0.0540254480134189,0,4,10,4,False,False,sideways
2024-10-05,11.08,11.38,10.98,11.2136917392959,1206500.32,1728172799999,13520992.709,62972.0,534325.51,5992717.8702,0,0.013826126894907365,0.013731417975673737,10.923359803590941,-0.13332288467787556,11.717229535528514,-0.08730125920755505,11.515086380675733,0.02234222154091725,11.09612761286387,0.022079396170068932,,,,,0.03885651059984589,0.03374438941344562,0.036014394421810814,12.98,10.29,0.34337982873453543,47.30829083692739,0.04071372138434093,0.1812803386030115,-0.14056661721867056,11.515086380675733,12.998538445486215,10.03163431586525,0.39841443194245124,2492439.607,0.48406401367220775,20689.08490974732,0.1899999999999995,0.11000000000000121,0.09999999999999964,0.40000000000000036,0.4749999999999983,0.4428722488859348,0.5571277511140652,0.0521939355971327,0,5,10,4,False,False,sideways
2024-10-06,11.27,11.4,11.16,11.38933133145725,1438654.89,1728259199999,16213819.7,79985.0,726740.83,8194147.6661,0,0.015662958840384267,0.015541560695767152,11.01422917577511,0.09086937218416935,11.593094057869134,-0.12413547765937949,11.557324611754977,0.04223823107924396,11.120684544055655,0.024556931191783704,,,,,0.03547210550850204,0.03340399893527817,0.036059642146191256,12.98,10.29,0.408673357419052,52.06173877591224,0.03661954980958804,0.1523481808443268,-0.11572863103473877,11.557324611754977,12.97088429705107,10.143764926458884,0.44057793171197496,2325155.4630000005,0.6187349245644826,0.0,0.0,0.13000000000000078,0.10999999999999943,0.2400000000000002,0.0,0.5051529974641799,0.4948470025358201,0.05559707234582159,0,6,10,4,False,False,sideways
2024-10-07,11.28,11.76,11.12,11.154068581179605,2903675.63,1728345599999,33224432.7587,167205.0,1365748.24,15638353.547,0,-0.02065641462443457,-0.020872742582280543,11.107170201083017,0.0929410253079066,11.442741571948913,-0.1503524859202212,11.580956531603466,0.02363191984848889,11.142216339319328,0.021531795263673104,,,,,0.03535869366685332,0.033793626067783925,0.03618043779823914,12.98,10.29,0.3212150859403736,47.41232181019237,0.014227149837878983,0.12472397464303724,-0.11049682480515825,11.580956531603466,12.947894885334136,10.214018177872795,0.34385252295438506,2335048.466,1.2435183561624625,-28341.11085181895,0.11999999999999922,0.4800000000000004,0.040000000000000924,0.6400000000000006,0.1874999999999986,0.47035151787942653,0.5296484821205735,0.057583911326899835,0,0,10,4,False,False,sideways
2024-10-08,11.16,11.29,10.78,10.749045775195482,2511775.1,1728431999999,27712365.2984,123295.0,1100770.32,12144402.0615,0,-0.036311665383474745,-0.03698734098541084,11.113380327381021,0.006210126298004326,11.22443439665408,-0.21830717529483223,11.574080372918214,-0.00687615868525171,11.153498410115587,0.011282070796259092,,,,,0.033949598805736815,0.03463742065746479,0.03657638910456646,12.98,10.34,0.1549415815134401,34.46451649469843,-0.0357883976240192,0.09262150018962595,-0.12840989781364515,11.574080372918214,12.957016072547967,10.191144673288461,0.20170898113932018,2367480.165,1.0609487408313725,-76523.61415770612,0.33999999999999986,0.129999999999999,0.040000000000000924,0.5099999999999998,0.6666666666666666,0.4382439813182319,0.5617560186817682,0.04908679921223839,0,1,10,4,False,False,sideways
2024-10-09,10.83,10.97,10.41,10.561727944339653,2572154.31,1728518399999,27496002.2021,120832.0,1193607.21,12751140.1313,0,-0.017426461359768664,-0.017580089550944047,11.013573074293578,-0.09980725308744276,11.035127881281197,-0.18930651537288412,11.53737555999194,-0.036704812926274144,11.161101384179581,0.007602974063994239,,,,,0.03328284083151558,0.0336606388038111,0.036675827401957864,12.98,10.34,0.08398785770441405,33.48068921442358,-0.08950925581629576,0.05619534898844161,-0.14570460480473738,11.53737555999194,12.9886845181297,10.08606660185418,0.16387321935083204,2476292.484,1.0387118349788602,-68939.44084103542,0.3000000000000007,0.14000000000000057,0.11999999999999922,0.5600000000000005,0.5357142857142865,0.46404961217120755,0.5359503878287925,0.04697696383542401,0,2,10,4,False,False,sideways
2024-10-10,10.54,10.75,10.25,10.533915060701412,2311977.76,1728604799999,24362408.2619,110809.0,1137739.87,11990413.1615,0,-0.002633364898699808,-0.0026368383032123748,10.877617738574681,-0.13595533571889717,10.90048877108281,-0.13463911019838726,11.49310657673748,-0.044268983254459826,11.146915362419275,-0.014186021760306033,,,,,0.03168910481459452,0.03350547687627809,0.033537608399874415,12.98,10.25,0.10399819073311803,24.426937082699638,-0.1327968903504324,0.018396901120666807,-0.1511937914710992,11.49310657673748,13.012019558516148,9.974193594958813,0.1842506688853098,2501989.547,0.9240557230833227,6586.8312250713725,0.02000000000000135,0.1899999999999995,0.28999999999999915,0.5,0.0400000000000027,0.49210675365666157,0.5078932463433384,0.04792822920580344,0,3,10,4,False,False,sideways
2024-10-11,10.55,11.03,10.5,10.93162292277507,1729530.83,1728691199999,18606168.8034,73048.0,869757.8,9357779.5096,0,0.03775499040782804,0.03705971681232543,10.786076056838244,-0.0915416817364374,10.900152616306677,-0.000336154776132247,11.46580091812672,-0.02730565861076073,11.13629450854706,-0.010620853872215008,,,,,0.024611800784013812,0.03471954739126503,0.033860132629341726,12.98,10.25,0.24967872629123425,30.69544073959213,-0.13347236555676822,-0.011976952214820199,-0.12149541334194802,11.46580091812672,13.00537192684033,9.92622990941311,0.3265172595715534,2260003.8600000003,0.7652778212511547,57323.46500946979,0.35999999999999943,0.11999999999999922,0.05000000000000071,0.5299999999999994,0.6792452830188677,0.5028865544998697,0.4971134455001302,0.04223573164058602,0,4,10,4,False,False,sideways
2024-10-12,10.9,11.15,10.83,10.97073531831365,1409186.28,1728777599999,15550155.7285,58787.0,705564.44,7790428.5754,0,0.003577912979150888,0.003571527475160096,10.749409404265053,-0.03666665257319046,10.928289802674033,0.028137186367356293,11.45475573983927,-0.011045178287449886,11.115118251077353,-0.021176257469706528,,,,,0.023284597976071787,0.03430532937019401,0.03309498357954567,12.98,10.25,0.26400561110390125,26.842958204901507,-0.1293604542873492,-0.035453652629326,-0.0939068016580232,11.45475573983927,13.005735731536706,9.903775748141832,0.34396303494673286,2087362.145,0.6751038785366111,12916.464527956072,0.10999999999999943,0.14000000000000057,0.07000000000000028,0.3200000000000003,0.34374999999999795,0.5006892630263189,0.49931073697368106,0.04171698293855089,0,5,10,4,False,False,sideways
2024-10-13,11.0,11.08,10.62,10.769686107006741,1465344.52,1728863999999,15891991.5502,67864.0,715323.2,7757560.8604,0,-0.01832595587018615,-0.018495956350204203,10.753537470627306,0.0041280663622522695,10.933458899004163,0.005169096330130074,11.423069679505172,-0.03168606033409738,11.084257833807944,-0.030860417269408913,,,,,0.02422952580973043,0.0342102342801653,0.032983098833451484,12.98,10.25,0.19036121135778067,28.716319538336037,-0.14070279189519574,-0.05650348048249995,-0.0841993114126958,11.423069679505172,13.00406959975143,9.842069759258914,0.293363818640592,1972942.0150000001,0.7427205203494032,-34603.957783832906,0.25,0.08000000000000007,0.13000000000000078,0.46000000000000085,0.5434782608695642,0.48816042250596464,0.5118395774940354,0.04631265826824125,0,6,10,4,False,False,sideways
2024-10-14,10.75,11.35,10.6,11.249480275870061,2770179.29,1728950399999,30574330.4135,115156.0,1499668.18,16550474.2104,0,0.04455043202709197,0.043586584263996024,10.891087936933385,0.13755046630607914,10.952330505613482,0.018871606609318192,11.378430650174774,-0.04463902933039776,11.066081304919091,-0.018176528888853127,,,,,0.02627013277186786,0.0323710077848592,0.03359813098066204,12.98,10.25,0.3661099911611945,41.83711906262969,-0.10971160940631997,-0.06714510626726396,-0.04256650313905601,11.378430650174774,12.923947631759088,9.83291366859046,0.4582824466372004,2031897.893,1.3633457170970156,136576.28127441864,0.5299999999999994,0.07000000000000028,0.15000000000000036,0.75,0.7066666666666658,0.5413614149140505,0.45863858508594946,0.04156987254063256,0,0,10,4,False,False,sideways
2024-10-15,11.29,11.7,10.93,11.463733868537703,4806201.65,1729036799999,54679228.448,217658.0,2369304.69,26955452.3343,0,0.019045643657619626,0.018866545835682112,11.077051698500645,0.18596376156726002,10.977334718537662,0.025004212924180536,11.347282127033088,-0.03114852314168637,11.059814866757435,-0.006266438161656396,,,,,0.02658117935618877,0.03275097076085212,0.033424313795005246,12.98,10.25,0.4445911606365214,58.43859712304922,-0.0670890389882004,-0.06713389281145125,4.485382325085385e-05,11.347282127033088,12.857400870251654,9.837163383814522,0.5385571472533405,2391868.0259999996,2.009392490620635,72433.89011524827,0.16000000000000014,0.25,0.35999999999999943,0.7699999999999996,0.20779220779220808,0.49296822366993276,0.5070317763300672,0.04528690551300526,0,1,10,4,False,False,sideways
2024-10-16,11.45,11.54,11.06,11.133122403817943,2177488.42,1729123199999,24604795.1935,129371.0,1082331.79,12233739.4637,0,-0.028839771448910367,-0.02926381034830931,11.11735159470922,0.04029989620857499,10.951713825773734,-0.025620892763928538,11.272403941821432,-0.07487818521165579,11.058532530577777,-0.0012823361796581167,,,,,0.027832872963885702,0.031287610810183636,0.03293195229791007,12.98,10.25,0.32348806000657243,56.89513623991781,-0.059304303920441725,-0.06556797503324935,0.006263671112807623,11.272403941821432,12.657952071592929,9.886855812049935,0.44973774818401313,2465751.3789999997,0.8830932585275866,-39936.4688384277,0.20999999999999908,0.08999999999999986,0.17999999999999972,0.47999999999999865,0.4374999999999993,0.49705513014852226,0.5029448698514778,0.059412945121425725,0,2,10,4,False,False,sideways
2024-10-17,11.25,11.35,10.85,10.96092017237288,1843237.65,1729209599999,20395020.9788,111460.0,882918.82,9770026.188,0,-0.015467559342202897,-0.01558843004127452,11.115388565521066,-0.001963029188154053,10.932398984893059,-0.01931484088067492,11.187570278420985,-0.08483366340044718,11.055222967439198,-0.003309563138579108,,,,,0.027491164565759545,0.03129975715680089,0.03299547427588504,12.98,10.25,0.26041031955050553,53.613360544076755,-0.06626625013453591,-0.06570763005350666,-0.0005586200810292485,11.187570278420985,12.414729546373408,9.960411010468562,0.40765253053652856,2359707.581,0.7811296894757063,-34437.71410142363,0.22000000000000064,0.09999999999999964,0.17999999999999972,0.5,0.4400000000000013,0.47900433240390894,0.5209956675960911,0.06046968495896338,0,3,10,4,False,False,sideways
2024-10-18,11.03,11.51,10.98,11.50963815318488,2177797.1,1729295999999,24698092.6542,117117.0,1007380.92,11426570.9986,0,0.05006130618440685,0.04884854930727891,11.263378974756694,0.14799040923562856,11.008458222692,0.07605923779894042,11.11644630967304,-0.07112396874794413,11.067629692857018,0.012406725417820397,11.527840289595353,,,,0.02884171207011808,0.033237111935324734,0.033582931694985926,12.98,10.25,0.4614059169175386,56.29127486771403,-0.027193220919725647,-0.05800474822675046,0.030811527307024814,11.11644630967304,12.046893809049731,10.18599881029635,0.7112917944189437,2326309.7810000004,0.9361595423735184,88849.38304623756,0.45000000000000107,0.02999999999999936,0.049999999999998934,0.5299999999999994,0.8490566037735879,0.4625687673107839,0.5374312326892161,0.05377773714548522,0,4,10,4,False,False,sideways
2024-10-19,11.48,11.6,11.29,11.501136951646874,1040836.05,1729382399999,11890198.3948,60367.0,511160.77,5841118.6825,0,-0.0007386158821729438,-0.0007388887932762346,11.313710309912057,0.05033133515536292,11.102399123422721,0.09394090073072192,11.06876350235196,-0.0476828073210811,11.074253026689142,0.00662333383212399,11.519624391186692,-0.008215898408661104,,,0.027717459333958274,0.03239892967014758,0.03340328937418374,12.48,10.25,0.561047960379764,54.19872496151275,0.0030512869853680513,-0.045793541184326755,0.04884482816969481,11.06876350235196,11.783064245433282,10.354462759270637,0.8026550465492719,2173177.955,0.4789465343163763,-5439.909668989618,0.0600000000000005,0.11999999999999922,0.13000000000000078,0.3100000000000005,0.1935483870967755,0.49110594315022044,0.5088940568497795,0.05799856759381076,0,5,10,4,False,False,sideways
2024-10-20,11.42,12.04,11.27,11.991246906967996,2070368.07,1729468799999,24296523.6718,117522.0,1063819.28,12491084.7703,0,0.0426140439316256,0.04173106336629381,11.419212917598113,0.10550260768605568,11.248132308049382,0.14573318462666052,11.074310539566095,0.005547037214135742,11.093013451848016,0.018760425158873772,11.513264394428804,-0.006359996757888453,,,0.02927520566421265,0.03232628147816308,0.03386749332804684,12.26,10.25,0.8662919935164161,58.05243326716608,0.06580944446386106,-0.023472944054689193,0.08928238851855025,11.074310539566095,11.81633197772356,10.33228910140863,1.1178637976274457,2149016.986,0.9634023758246832,101524.17856392312,0.5600000000000005,0.05999999999999872,0.15000000000000036,0.7699999999999996,0.7272727272727283,0.5138309923800167,0.4861690076199833,0.05676381977819045,0,6,10,4,False,False,sideways
2024-10-21,11.98,12.03,11.54,11.719528465814788,2142895.94,1729555199999,25240002.015,130155.0,1000395.98,11790737.4641,0,-0.022659731991284016,-0.022920409162005877,11.536494129997482,0.1172812123993694,11.326922862353353,0.0787905543039713,11.113537739330015,0.03922719976391953,11.120691370152215,0.027677918304199522,11.500402174595257,-0.012862219833547073,,,0.029922663732505326,0.026915938568775707,0.03266427690448451,12.04,10.25,0.8209656233602172,57.49165433759657,0.092553430721523,-0.00026766909944675454,0.09282109982096975,11.113537739330015,11.905796213177517,10.321279265482513,0.8824450898845275,2190353.497,0.9783333799475747,-48295.65140233703,0.2699999999999996,0.049999999999998934,0.1700000000000017,0.4900000000000002,0.5510204081632641,0.4668430049851137,0.5331569950148862,0.06073790032006874,0,0,10,4,False,False,sideways
2024-10-22,11.7,12.35,11.59,12.012163753701856,3746862.51,1729641599999,45189493.6072,201614.0,1947784.97,23506920.6682,0,0.024969885839747574,0.024663232490241636,11.746742846263277,0.2102487162657951,11.431065705892173,0.10414284353882053,11.179677754283103,0.06614001495308841,11.146756912472526,0.026065542320310442,11.486191959388993,-0.014210215206263754,,,0.03038165211246455,0.02656647690571914,0.03247145632737029,12.35,10.25,0.8391255970008838,67.24843130827139,0.1357960818862214,0.026945081097686875,0.10885100078853452,11.179677754283103,12.04071310815397,10.318642400412237,0.9834214969665488,2424121.12,1.5456581270163594,83192.50662681478,0.27000000000000135,0.379999999999999,0.10999999999999943,0.7599999999999998,0.3552631578947387,0.5198442603115426,0.4801557396884574,0.05380875318000393,0,1,10,4,False,False,sideways
2024-10-23,11.98,12.01,11.0,11.280923225568024,2846227.54,1729727999999,32500555.8142,140777.0,1339467.8,15286448.7017,0,-0.0608750049639043,-0.06280669357848181,11.700999860739907,-0.045742985523370194,11.4821894177483,0.05112371185612652,11.207824158376232,0.028146404093128297,11.16591720151129,0.019160289038763878,11.454875094725088,-0.031316864663905264,,,0.03697822591102408,0.03051517079713735,0.03325830447821636,12.35,10.25,0.4909158216990593,58.55071798391948,0.1097955404474753,0.043515172967644566,0.06628036747983074,11.207824158376232,12.041688888565183,10.37395942818728,0.5438314900159098,2562209.422,1.110848908586989,-154557.0510442775,0.6600000000000001,0.02999999999999936,0.3200000000000003,1.0099999999999998,0.6534653465346537,0.4706116363416257,0.5293883636583743,0.04946090852595714,0,2,10,4,False,False,sideways
2024-10-24,11.32,11.65,11.22,11.6324776864045,2056184.87,1729814399999,23493466.7473,111492.0,997502.31,11396604.8745,0,0.031163624980593996,0.03068789756431497,11.727268007691432,0.026268146951524685,11.520489158801745,0.03829974105344469,11.236409832207615,0.028585673831383218,11.189871302786127,0.023954101274837214,11.429053741620805,-0.025821353104282352,,,0.0356152341387315,0.030474856990396704,0.033487975378731306,12.35,10.25,0.6583227078116664,62.127533510897614,0.11621774513686667,0.05805568740148899,0.05816205773537768,11.236409832207615,12.088055980572694,10.384763683842536,0.7325307611366664,2490809.98,0.8255085239380646,54492.5318904593,0.29999999999999893,0.030000000000001137,0.09999999999999964,0.4299999999999997,0.6976744186046492,0.4851228722444592,0.5148771277555407,0.054222750894962084,0,3,10,4,False,False,sideways
2024-10-25,11.62,12.1,10.8,11.076165839495577,4150315.56,1729900799999,48214747.343,265614.0,2016645.32,23437991.2545,0,-0.04782402011904252,-0.049005408457816535,11.54425179419695,-0.18301621349448283,11.481732355897531,-0.03875680290421357,11.229533537217597,-0.006876294990018295,11.210211265424896,0.020339962638768583,11.402390000585454,-0.026663741035351407,,,0.03861274218312019,0.03237697178832261,0.033807361867680394,12.35,10.25,0.3934123045217032,51.54168824461116,0.07554681520975848,0.06155391296314289,0.01399290224661559,11.229533537217597,12.084167577262694,10.3748994971725,0.4102728825814572,2425221.3710000003,1.7113141132715177,-175013.30674698736,0.48999999999999844,0.4800000000000004,0.33000000000000007,1.299999999999999,0.37692307692307603,0.48590168406375345,0.5140983159362466,0.06399850714002094,0,4,10,4,False,False,sideways
2024-10-26,11.14,11.4,10.82,10.99285995451913,2431743.17,1729987199999,26985405.7582,136194.0,1221389.77,13554805.5282,0,-0.007521184332523578,-0.00754961106422774,11.398918091937817,-0.14533370225913167,11.46770611096765,-0.01402624492988025,11.209709968370692,-0.019823568846904394,11.23943356685593,0.02922230143103377,11.376572694467677,-0.02581730611777644,,,0.03758773911615831,0.032196760355170925,0.03290288382865318,12.35,10.25,0.3537428354852999,50.233776489356515,0.036175710451539445,0.056478272460822196,-0.02030256200928275,11.209709968370692,12.06712547882976,10.352294457911624,0.37354438355362907,2450646.846,0.9922862504522613,-26218.25520215652,0.13000000000000078,0.2599999999999998,0.1899999999999995,0.5800000000000001,0.22413793103448407,0.5022692301835477,0.49773076981645226,0.05600673692855484,0,5,10,4,False,False,sideways
2024-10-27,11.01,11.18,10.84,10.922381856019873,1292426.51,1730073599999,14211839.1016,69808.0,673214.14,7405240.0821,0,-0.006411261381555455,-0.006431901785786792,11.180961712401421,-0.21795637953639613,11.463852279332349,-0.003853831635302285,11.198125632112705,-0.011584336257987715,11.25671690926244,0.017283342406511082,11.345561703634115,-0.031010990833562957,,,0.03729845119452255,0.031901700664386204,0.03206483205299331,12.35,10.25,0.32018183619993973,51.65921874635278,-0.0007050399994437129,0.04504160996876902,-0.04574664996821273,11.198125632112705,12.064915716787826,10.331335547437583,0.3409397032984165,2395565.732,0.5395078468253862,-2347.73207992723,0.019999999999999574,0.16999999999999993,0.15000000000000036,0.33999999999999986,0.05882352941176348,0.5208916211413831,0.4791083788586169,0.05401312914882874,0,6,10,4,False,False,sideways
2024-10-28,10.99,11.27,10.71,11.09996173523061,2232645.81,1730159999999,24528651.5482,140222.0,1067166.98,11730259.075,0,0.01625834745128074,0.016127595820348787,11.144769414333938,-0.036192298067483364,11.422884637536923,-0.04096764179542589,11.215671430114462,0.017545798001757262,11.271995705272868,0.015278796010427698,11.31465007773447,-0.03091162589964469,,,0.033637435506101473,0.030952982317534346,0.03192062528917726,12.35,10.25,0.4047436834431473,48.26109723467067,-0.015426263920019778,0.03294803519101126,-0.04837429911103104,11.215671430114462,12.058049058140561,10.373293802088362,0.43131958219558303,2401050.603,0.9298620392299995,38598.97214740644,0.1899999999999995,0.08999999999999986,0.27999999999999936,0.5599999999999987,0.3392857142857142,0.4779831065098498,0.5220168934901501,0.06280530452790449,0,0,10,4,False,False,sideways
2024-10-29,11.19,11.81,11.15,11.87507333482561,2413413.41,1730246399999,27812429.3616,141198.0,1179830.64,13592195.4023,0,0.06983011456110177,0.06749986443007308,11.19328854401816,0.04851912968422134,11.460278275854796,0.03739363831787301,11.28133869963876,0.06566726952429747,11.298272460339717,0.026276755066849233,11.285809780526742,-0.028840297207727517,,,0.04082328047830886,0.03405521578124756,0.03322693747992144,12.35,10.25,0.7738444451550522,54.23181884542658,0.03504807586967118,0.03336804332674325,0.0016800325429279298,11.28133869963876,12.113776502917842,10.448900896359676,0.8566240221479916,2538308.339,0.9507959978379916,133838.6685330949,0.6100000000000012,0.009999999999999787,0.03999999999999915,0.6600000000000001,0.9242424242424259,0.4888638784848717,0.5111361215151283,0.05850551729552211,0,1,10,4,False,False,sideways
2024-10-30,11.8,12.45,11.65,12.419733081093892,3115047.04,1730332799999,37677510.2286,179362.0,1691645.36,20468364.288,0,0.04586580064907708,0.04484505975325643,11.462001992337822,0.26871344831966226,11.503126893267385,0.04284861741258972,11.375629600658382,0.09429090101962245,11.336121802597761,0.037849342258043706,11.270292721988655,-0.01551705853808727,,,0.041176856464926026,0.03508723441787852,0.033763578594482535,12.45,10.5,0.9844785031250729,62.67814779883878,0.11764273123776015,0.050222980908946634,0.0674197503288135,11.375629600658382,12.276039974811587,10.475219226505176,1.0797931201189466,2642776.236,1.1787025316660218,155752.35200000013,0.5899999999999999,0.05999999999999872,0.15000000000000036,0.7999999999999989,0.7375000000000008,0.5430561202696959,0.45694387973030415,0.057579226797165796,0,2,10,4,False,False,sideways
2024-10-31,12.4,12.47,11.31,11.363212468172902,2672404.77,1730419199999,31853582.752,165377.0,1260534.45,15037420.8994,0,-0.08506790009273968,-0.08890542421177522,11.536072495068577,0.07407050273075555,11.467495293503196,-0.03563159976418895,11.397209077928276,0.021579477269893843,11.356154378032551,0.02003257543479009,11.244554165675595,-0.0257385563130601,,,0.04958447216428042,0.04014599860922062,0.03593883904291286,12.47,10.6,0.40813500971812944,53.37581584135903,0.09673213904255817,0.05952481253566895,0.037207326506889224,11.397209077928276,12.273169696765764,10.521248459090787,0.4805946699975558,2695727.119,0.9913484013883974,-211376.6484745764,0.9900000000000002,0.07000000000000028,0.09999999999999964,1.1600000000000001,0.8534482758620691,0.4716854513023489,0.528314548697651,0.06188321539330286,0,3,10,4,False,False,sideways
2024-11-01,11.41,11.73,11.13,11.301442278724814,3095385.47,1730505599999,35275245.8138,187758.0,1501742.13,17126107.6086,0,-0.005435979448690231,-0.00545080814839258,11.611884579609566,0.07581208454098842,11.396423146005493,-0.07107214749770385,11.413744425948831,0.016535348020555674,11.366338989558342,0.010184611525790643,11.223889563678826,-0.020664601996768894,,,0.048673424656171305,0.04018632235392688,0.03550798471663954,12.47,10.6,0.3751028228474939,48.097450783759825,0.07431929940040405,0.06248370990861597,0.011835589491788076,11.413744425948831,12.26802545142721,10.559463400470452,0.4342709577558914,2630579.415,1.17669341299852,-43405.93121822967,0.16000000000000014,0.3200000000000003,0.11999999999999922,0.5999999999999996,0.26666666666666705,0.48515512673773703,0.5148448732622629,0.06065738881949329,0,4,11,4,False,False,sideways
2024-11-02,11.24,11.4,11.07,11.230280361641336,2144981.92,1730591999999,23988504.102,93464.0,1104725.48,12351537.3235,0,-0.006296711103629837,-0.006316619002515394,11.637948304891712,0.026063725282146066,11.391358859612826,-0.005064286392666872,11.436774138680564,0.023029712731732488,11.362329762488478,-0.004009227069863286,11.206262976521343,-0.017626587157483442,,,0.04460181522286974,0.03995133851730216,0.03453349493796707,12.47,10.6,0.33704832173333477,47.552865602433776,0.050235704592623165,0.06003410884541741,-0.009798404252794247,11.436774138680564,12.241336383325367,10.63221189403576,0.3716732121015756,2560454.853,0.8377347163480722,-11439.903573333502,0.05000000000000071,0.16000000000000014,0.11999999999999922,0.33000000000000007,0.15151515151515363,0.5150278749202697,0.48497212507973025,0.04357332764837477,0,5,11,4,False,False,sideways
2024-11-03,11.19,11.24,10.51,10.788624549200975,3043948.92,1730678399999,33003883.3729,175425.0,1334058.75,14485166.2609,0,-0.039327229438447575,-0.04012143729949447,11.420658547766783,-0.21728975712492904,11.306973545892472,-0.08438531372035385,11.413731352347108,-0.023042786333455467,11.353056305715466,-0.009273456773012612,11.178646823056622,-0.027616153464720128,,,0.04477941003208723,0.039746669262737025,0.03491633604248792,12.47,10.51,0.14215538224539542,39.03857835910434,-0.0044374980821366705,0.0471397874599066,-0.05157728554204327,11.413731352347108,12.26587063246489,10.561592072229326,0.13321324475282303,2659231.258,1.1446725104643005,-116970.33383378001,0.4299999999999997,0.05000000000000071,0.25,0.7300000000000004,0.5890410958904102,0.43826581360635974,0.5617341863936403,0.05763073054458483,0,6,11,4,False,False,sideways
2024-11-04,10.75,10.92,10.07,10.312772301259704,3285395.24,1730764799999,34447144.6311,160456.0,1404958.66,14741953.4721,0,-0.04410685030062644,-0.04510914027414454,10.999266391799946,-0.42139215596683677,11.230634192068885,-0.07633935382358636,11.35618327398321,-0.05754807836389908,11.343974805571108,-0.009081500144358046,11.146580742791116,-0.032066080265506614,,,0.04441304899821404,0.040543077735580746,0.03494078100524049,12.47,10.07,0.10115512552487659,37.63799481789239,-0.08518178208665539,0.020675473550594205,-0.1058572556372496,11.35618327398321,12.339469534116914,10.372897013849505,-0.030573351335970556,2572739.2260000003,1.2770028173854258,-152667.06505576204,0.4900000000000002,0.16999999999999993,0.1899999999999995,0.8499999999999996,0.5764705882352946,0.4276376378995423,0.5723623621004578,0.04883917710917484,0,0,11,4,False,False,sideways
2024-11-05,10.25,10.94,10.18,10.799596807254314,2451648.01,1730851199999,26107600.8513,133657.0,1215534.71,12949019.3211,0,0.04720597835124751,0.04612564448882308,10.886543259616229,-0.11272313218371721,11.211307877342403,-0.019326314726482607,11.339506994155027,-0.016676279828182317,11.349075407518749,0.005100601947640726,11.120680964601846,-0.02589977818927025,,,0.047499645410213176,0.04168905133902397,0.03544679043501273,12.47,10.07,0.30399866968929745,39.69611391663586,-0.1086372373716884,-0.005187068633862316,-0.10345016873782609,11.339506994155027,12.349667664696357,10.329346323613697,0.23276024168938253,2574729.71,0.952196263739078,136202.66722222228,0.5800000000000001,0.10999999999999943,0.07000000000000028,0.7599999999999998,0.7631578947368424,0.49580311082258505,0.504196889177415,0.054517206162886335,0,1,11,4,False,False,sideways
2024-11-06,10.84,12.32,10.8,12.03913522821738,6021284.14,1730937599999,70601112.812,350121.0,3103447.83,36391034.4479,0,0.11477636092214483,0.10865381163059928,11.034081849514742,0.1475385898985131,11.322983214562154,0.11167533721975076,11.393417746947252,0.053910752792225125,11.376229508398898,0.027154100880149912,11.10612870458118,-0.014552260020666452,,,0.05976922862482574,0.04882137729337347,0.038898495120702585,12.47,10.07,0.8204730117572411,55.93064320249963,-0.026895429585167108,-0.009528740824123274,-0.017366688761043834,11.393417746947252,12.433158712198544,10.35367678169596,0.8105184381737164,3047615.473,1.9757361758216796,745015.7661680513,1.33,0.15000000000000036,0.03999999999999915,1.5199999999999996,0.8750000000000003,0.5154129514306561,0.4845870485693438,0.05814723103234919,0,2,11,4,False,False,sideways
2024-11-07,12.17,12.71,12.06,12.54040002641239,4102157.95,1731023999999,50979081.8999,231794.0,2022958.92,25146115.1696,0,0.04163627940818748,0.04079282232661081,11.296105782468953,0.2620239329542109,11.46702704368033,0.1440438291181767,11.444955840608628,0.051538093661376294,11.409306129949137,0.03307662155023827,11.100288170501262,-0.005840534079917248,,,0.06053372264492721,0.04845455961392442,0.039215683308510205,12.71,10.07,0.9357575857622689,56.93914250097764,0.07744073340370328,0.007865154021442037,0.06957557938226124,11.444955840608628,12.604264048120335,10.285647633096922,0.9724559779297087,3234566.687,1.2682248804722203,141569.95390303983,0.41999999999999993,0.120000000000001,0.10999999999999943,0.6500000000000004,0.6461538461538457,0.49314505795662983,0.5068549420433701,0.056505381515112064,0,3,11,4,False,False,sideways
2024-11-08,12.59,13.75,12.52,13.713030489281385,5862824.36,1731110399999,77064721.2067,340759.0,3016699.05,39663039.1286,0,0.09350821827048739,0.08939107667158998,11.880986970485035,0.584881188016082,11.65082275912591,0.18379571544558004,11.555550517490353,0.11059467688172475,11.457650255677462,0.04834412572832569,11.109320981252967,0.009032810751705256,,,0.0633612494912658,0.052259357032484514,0.04096364483166831,13.75,10.07,0.9899539373047241,68.41809293592296,0.25184624579303794,0.05666137237576122,0.19518487341727672,11.555550517490353,13.096593319836057,10.01450771514465,1.2000065048508115,3579507.782,1.6378856303880498,512240.41270849825,1.0999999999999996,0.0600000000000005,0.07000000000000028,1.2300000000000004,0.8943089430894303,0.5145470620921005,0.48545293790789945,0.05812198678931599,0,4,11,4,False,False,sideways
2024-11-09,13.69,13.84,13.28,13.738528594817636,3227868.58,1731196799999,43667844.8248,211760.0,1548076.54,20953543.9696,0,0.0018594070476385394,0.0018576804902714554,12.566138229196621,0.6851512587115867,11.782702310498284,0.13187955137237317,11.642914601882834,0.08736408439248144,11.504034933058001,0.046384677380538974,11.11830318806486,0.008982206811893434,,,0.0626014191575751,0.05171719597118873,0.040955579179880505,13.84,10.07,0.9730845079091872,69.33420674127234,0.38765273547654466,0.12285964499591792,0.2647930904806267,11.642914601882834,13.46114240540298,9.82468679836269,1.0762792728385377,3590789.9359999998,0.898929939520695,21220.4654638422,0.08999999999999986,0.0600000000000005,0.41000000000000014,0.5600000000000005,0.1607142857142853,0.4795971402280572,0.5204028597719428,0.06560366221601252,0,5,11,4,False,False,sideways
2024-11-10,13.78,14.85,13.65,14.275410113657195,7213896.18,1731283199999,103540254.80292,516463.0,3727660.1,53468568.41092,0,0.03907853123674965,0.038334292741793966,13.261300890477196,0.695162661280575,12.073922075046713,0.2912197645484298,11.770708684274954,0.12779408239211953,11.55998841343134,0.05595348037333814,11.141507836795858,0.02320464873099759,,,0.052779702164650937,0.05162843776241989,0.041246273149187385,14.85,10.07,0.8797929108069446,72.15574530419714,0.5324642917402631,0.20478057434478697,0.32768371739547614,11.770708684274954,13.937482178208986,9.603935190340922,1.0779795249467123,4044939.0769999996,1.7834375358133485,246047.2572278662,0.47000000000000064,0.5999999999999996,0.129999999999999,1.1999999999999993,0.39166666666666744,0.5167332613317427,0.4832667386682573,0.07159279633547486,0,6,11,4,False,False,sideways
2024-11-11,14.26,14.94,13.61,14.895389324391322,7032175.76,1731369599999,100580417.27419,502645.0,3392341.51,48578633.62589,0,0.04342987037135959,0.04251323911603114,13.832551709711984,0.5712508192347876,12.433316779613364,0.35939470456665035,11.914869962809428,0.14416127853447414,11.634063422237913,0.0740750088065738,11.173519487793506,0.03201165099764758,,,0.051977779225677305,0.05205151782873413,0.041360070235293825,14.94,10.07,0.9908396970002716,73.69373290285128,0.6893097011593969,0.30168639970770894,0.387623301451688,11.914869962809428,14.493751364305407,9.33598856131345,1.077870575950668,4438618.106000001,1.5843164678876294,325700.77204210596,0.6500000000000004,0.02999999999999936,0.6500000000000004,1.33,0.48872180451127845,0.4824028331737829,0.5175971668262171,0.07147787785099387,0,0,11,4,False,False,sideways
2024-11-12,14.91,15.34,13.66,14.017185997491392,9709186.6,1731455999999,139544471.87743,693357.0,4586898.03,66050032.25343,0,-0.058958064658428566,-0.06076757573343951,14.127908903927786,0.29535719421580175,12.71200734319837,0.27869056358500544,12.051683101405597,0.13681313859616928,11.686338995913967,0.052275573676054066,11.20464597888552,0.03112649109201371,,,0.058259214533822004,0.05191167181547034,0.04234010929494391,15.34,10.07,0.7489916503778733,63.20263959622598,0.7342827941292747,0.3882056785920221,0.34607711553725257,12.051683101405597,14.77522478324234,9.328141419568855,0.8608358390829307,5195038.573999999,1.8689344576943658,-625138.7750503026,0.9600000000000009,0.4299999999999997,0.28999999999999915,1.6799999999999997,0.5714285714285721,0.4724286615317498,0.5275713384682502,0.07141247032990385,0,1,11,4,False,False,sideways
2024-11-13,13.95,14.38,13.05,13.407859586316045,7983731.02,1731542399999,109236722.8471,588722.0,3797356.52,51969968.0363,0,-0.04346995261990505,-0.04444307671118403,14.066874723334717,-0.061034180593068754,12.973930846909877,0.2619235037115075,12.140452196401174,0.08876909499557684,11.711650970390728,0.025311974476760923,11.243949928360905,0.039303949475385735,,,0.05877132841003287,0.05314335878642566,0.04198716932030637,15.34,10.07,0.6333699404774279,56.04202953344276,0.7125429932098708,0.45307314151559186,0.25946985169427894,12.140452196401174,14.921586348772758,9.35931804402959,0.7278580105231712,5689016.784,1.4033586686637554,-268985.91967025056,0.46999999999999886,0.4300000000000015,0.4299999999999997,1.33,0.3533834586466157,0.475636830760864,0.524363169239136,0.07374020974970172,0,2,11,4,False,False,sideways
2024-11-14,13.49,13.83,12.8,12.941646139006801,5553257.49,1731628799999,73907649.5921,380773.0,2804670.16,37334009.5455,0,-0.034771653469958586,-0.03539057710672532,13.907498232172552,-0.15937649116216512,13.236818230684586,0.262887383774709,12.233726211376736,0.09327401497556131,11.728749806543437,0.017098836152708685,11.272752115490057,0.028802187129151946,,,0.057641498635279,0.05249205655018704,0.04231196220522014,15.34,10.07,0.5449043907033778,60.40249902940524,0.650199421271596,0.4924983974667927,0.15770102380480333,12.233726211376736,14.989583686907928,9.477868735845544,0.6284391398894121,5915803.009000001,0.9387157553339011,-197742.10646884277,0.4900000000000002,0.33999999999999986,0.1999999999999993,1.0299999999999994,0.47572815533980634,0.5050495434527384,0.4949504565472616,0.06856750307106685,0,3,11,4,False,False,sideways
2024-11-15,13.0,13.9,12.71,13.847846352545373,4456308.53,1731715199999,59432128.5716,248564.0,2355837.14,31402463.8124,0,0.07002202067689334,0.06767922833391096,13.821985479950186,-0.08551275222236576,13.541643185213692,0.3048249545291064,12.376475531278048,0.1427493199013128,11.75309301143332,0.02434320488988284,11.316486090006526,0.043733974516468876,,,0.05907691238815212,0.054040359490430345,0.042970740133826915,15.34,10.07,0.716858890426067,65.10102294183292,0.6662345381119614,0.5272456255958264,0.138988912516135,12.376475531278048,15.15735581284427,9.595595249711828,0.7645512701536783,6116269.061,0.728599164875752,287946.0896307688,0.8399999999999999,0.0600000000000005,0.28999999999999915,1.1899999999999995,0.7058823529411766,0.5286521622415583,0.47134783775844175,0.05577800511940765,0,4,11,4,False,False,sideways
2024-11-16,13.84,14.8,13.73,14.469852832919317,5856591.0,1731801599999,83889956.9425,426659.0,2940824.67,42141671.738,0,0.04491719972467867,0.043937647564312454,13.736878181655786,-0.08510729829439967,13.784714945683884,0.2430717604701922,12.553849080123019,0.17737354884497059,11.789338199284073,0.036245187850752814,11.353551242154621,0.03706515214809514,,,0.051097592986953294,0.054289163302136345,0.043382424074389414,15.34,10.07,0.8348866855634378,68.03354171887469,0.7208239980239934,0.5659613000814598,0.1548626979425336,12.553849080123019,15.39607817237186,9.711619987874178,0.8370600487521415,6099799.7469999995,0.9601284046874466,287751.58092485485,0.6799999999999997,0.28000000000000114,0.10999999999999943,1.0700000000000003,0.6355140186915883,0.5021393281518207,0.4978606718481793,0.07285108350574591,0,5,11,4,False,False,sideways
2024-11-17,14.53,14.9,13.56,13.750698297016756,4925533.75,1731887999999,69837527.868,336676.0,2425259.69,34412888.0119,0,-0.049700196968587296,-0.050977762034790375,13.68358064156086,-0.05329754009492582,13.905744772744322,0.12102982706043797,12.686385908212326,0.13253682808930733,11.805709814661531,0.01637161537745868,11.38540427863314,0.03185303647851967,,,0.05477654465852799,0.0562130378899082,0.04394589271891791,15.34,10.07,0.6984247242916045,65.99465508982945,0.6980105463956221,0.5923711493442922,0.10563939705132985,12.686385908212326,15.490109144469628,9.882662671955025,0.689803396968879,6182137.3270000005,0.7967363857299186,-251025.824724518,0.75,0.370000000000001,0.21999999999999886,1.3399999999999999,0.5597014925373135,0.4923851531826373,0.5076148468173627,0.06835320131549195,0,6,11,4,False,False,sideways
2024-11-18,13.79,16.0,13.75,15.245251372017343,8507217.52,1731974399999,127404266.56973,469174.0,4338921.43,64997556.07503,0,0.10868924928160428,0.10317846106078579,14.051058998701118,0.3674783571402571,14.058966861017916,0.15322208827359418,12.854894810071915,0.1685089018595889,11.86151898014051,0.05580916547897807,11.432233748174863,0.046829469541721735,,,0.057473827207681065,0.058914649694474866,0.04607594662738068,16.0,10.07,0.8727236715037677,73.99468444027151,0.7914058304885874,0.6321780855731514,0.159227744915436,12.854894810071915,15.851762062150621,9.858027557993209,0.8988092165723078,6446576.643,1.3196488603354373,913692.4477213362,1.4700000000000006,0.7400000000000002,0.03999999999999915,2.25,0.6533333333333337,0.5100282695016831,0.48997173049831694,0.05515011211327297,0,0,11,4,False,False,sideways
2024-11-19,15.27,15.43,14.33,14.681903158029268,4551823.82,1732060799999,67448092.5247,323785.0,2177767.91,32278918.4864,0,-0.036952372921977505,-0.03765241142044405,14.39911040250561,0.34805140380449195,14.153304317339082,0.09433745632116519,12.96800331391868,0.11310850384676563,11.917550920047388,0.05603193990687849,11.478694012880215,0.04646026470535247,,,0.059517080477862395,0.059479088248600216,0.045885764053677454,16.0,10.07,0.7777239726862172,68.74641237711184,0.8106204453374328,0.6678665575260077,0.14275388781142517,12.96800331391868,16.064809356195926,9.871197271641437,0.776720566401741,6578972.166999999,0.691874612698905,-190902.17855832237,0.6500000000000004,0.16000000000000014,0.28999999999999915,1.0999999999999996,0.5909090909090914,0.4784385327989254,0.5215614672010745,0.07113302553085193,0,1,11,4,False,False,sideways
2024-11-20,14.62,15.32,14.03,14.226448418539432,5709847.39,1732147199999,83253123.158,302734.0,2752776.49,40159911.4975,0,-0.03102150549472571,-0.03151286083065902,14.474830815704422,0.07572041319881251,14.148408147827306,-0.004896169511775739,13.111165111437009,0.14316179751832792,11.983380199007447,0.06582927896005941,11.514774298197965,0.03608028531774998,,,0.05960795773521782,0.056059500427245244,0.04454815398714847,16.0,10.07,0.7009187889611184,61.42711540091482,0.7801042191162573,0.6903140898440576,0.08979012927219965,13.111165111437009,16.15995817095672,10.062372051917299,0.6829057081490008,6428567.288,0.8881990549680313,-148409.16608755072,0.379999999999999,0.7000000000000011,0.21000000000000085,1.290000000000001,0.29457364341085174,0.482110344108514,0.5178896558914861,0.05301963070505113,0,2,11,4,False,False,sideways
2024-11-21,14.24,15.38,13.83,14.844509290730704,6056901.96,1732233599999,89308487.913,380364.0,2710652.36,39971634.1212,0,0.04344449535175876,0.04252725527401326,14.549762107266702,0.07493129156227951,14.143320144461246,-0.005088003366060079,13.288318462037305,0.17715335060029602,12.066483115729262,0.08310291672181513,11.557311223012732,0.04253692481476712,,,0.05960910864670214,0.0562897754496508,0.04465666026939064,16.0,10.07,0.8051449056881457,61.892163818765724,0.7966094194982176,0.7115731557748897,0.08503626372332795,13.288318462037305,16.305937946926086,10.270698977148522,0.7578507390488226,6331039.908,0.9566993808310077,276473.7551966296,0.6500000000000004,0.4900000000000002,0.41000000000000014,1.5500000000000007,0.41935483870967744,0.4475311599727462,0.5524688400272538,0.06279844093761755,0,3,11,4,False,False,sideways
2024-11-22,14.89,16.59,14.72,16.589181611943697,10260318.34,1732319999999,158160391.76448,602597.0,5252070.02,81139472.31878,0,0.11752980762404941,0.11112072063893791,15.117458770252089,0.5676966629853872,14.400519705906472,0.25719956144522627,13.55626352455242,0.26794506251511585,12.183906845094027,0.11742372936476464,11.620049726696802,0.06273850368406997,,,0.06563452263270406,0.06045673765607516,0.0472777635794074,16.59,10.07,0.9998744803594628,64.0169424078579,0.9396388138600695,0.7571862873919257,0.1824525264681438,13.55626352455242,16.750927349060934,10.361599700043907,0.9746850144487237,6386153.082,1.6066508597984779,1157645.0511215583,1.6799999999999997,0.019999999999999574,0.16999999999999993,1.8699999999999992,0.898395721925134,0.5118817804633535,0.4881182195366465,0.05873082881364088,0,4,11,4,False,False,sideways
2024-11-23,16.57,18.39,16.3,17.366827445467383,11533900.71,1732406399999,198484986.16767,661875.0,5607128.18,96648131.78867,0,0.046876684559520765,0.045811145161482075,15.541773984942097,0.424315214690008,14.796416491821606,0.39589678591513433,13.885173669365741,0.3289101448133209,12.310028109807837,0.12612126471380947,11.692038163250817,0.07198843655401532,,,0.06222995126235353,0.058954419748452336,0.04746662689806015,18.39,10.07,0.8770225295032912,66.4747440662729,1.1030251715031785,0.8263540642141763,0.2766711072890021,13.885173669365741,17.231022621519436,10.539324717212047,1.0202945240341066,6741170.051000001,1.710964212850414,563817.717266144,0.8099999999999987,1.0100000000000016,0.2699999999999996,2.09,0.3875598086124396,0.48614326765779825,0.5138567323422017,0.05738518274447674,0,5,11,4,False,False,sideways
2024-11-24,17.39,18.34,16.1,17.84827879816601,8358817.85,1732492799999,144372803.7186,576726.0,4006484.07,69223856.6031,0,0.027722469991160237,0.02734515975857018,16.175049112969443,0.6332751280273463,15.28707975773753,0.4906632659159236,14.261948994211057,0.3767753248453154,12.442719850985238,0.13269174117740157,11.769423731924554,0.07738556867373703,,,0.05824700637387364,0.056619699317879024,0.047529249539913415,18.39,10.18,0.9340169059885517,66.30513246482914,1.2568707143561824,0.9124573942425777,0.3444133201136047,14.261948994211057,17.611098377791876,10.912799610630236,1.0354090536446223,7021726.087,1.190422090869578,254900.6594073648,0.5199999999999996,0.4299999999999997,1.2899999999999991,2.2399999999999984,0.23214285714285712,0.47931228337509474,0.5206877166249052,0.0689961200673849,0,6,11,4,False,False,sideways
2024-11-25,17.91,19.06,17.14,17.379672309554643,10299574.1,1732579199999,187158991.52597,644341.0,4837280.56,88120636.88177,0,-0.02625499600888792,-0.02660581249982802,16.80569389117249,0.6306447782030453,15.640262353438454,0.3531825957009236,14.590952769326075,0.32900377511501766,12.562526670547186,0.11980681956194772,11.841605607301421,0.0721818753768666,,,0.05960051765525902,0.057767511774984105,0.04780387137946542,19.06,10.8,0.7965704975247753,61.496097155979264,1.3256999444018618,0.9951059042744346,0.3305940401274272,14.590952769326075,17.797763084660026,11.384142453992123,0.9348120509176664,7606052.643999999,1.35412868961994,-327792.14053601405,0.5700000000000003,1.1499999999999986,0.1999999999999993,1.9199999999999982,0.29687500000000044,0.4696583094634952,0.5303416905365048,0.06255996546497976,0,0,11,4,False,False,sideways
2024-11-26,17.34,17.84,16.18,17.271998154924447,6811917.35,1732665599999,116079140.6982,477412.0,3212215.25,54735937.0189,0,-0.006195407641316764,-0.006214678815655022,17.291191664011237,0.4854977728387482,15.920476885638967,0.28021453220051384,14.852595915661425,0.26164314633535035,12.684885262022084,0.1223585914748977,11.913550800670707,0.07194519336928629,,,0.059848564127450724,0.05416146254178302,0.04766069333775861,19.06,12.06,0.7445711649892067,66.21832143357948,1.3559288964112888,1.0672705027018055,0.2886583937094833,14.852595915661425,18.036580270590957,11.668611560731893,0.8799331230251237,7701585.278999999,0.8844824933087649,0.0,0.0,0.5,1.1600000000000001,1.6600000000000001,0.0,0.4715581656315898,0.5284418343684102,0.0700848198048087,0,1,11,4,False,False,sideways
2024-11-27,17.34,19.0,16.96,18.666378590198562,7273824.08,1732751999999,131293904.8581,451445.0,3576659.27,64640690.5859,0,0.08073069616884831,0.07763738289218143,17.706631059662207,0.41543939565097077,16.412044914957146,0.491568029318179,15.158894843850735,0.30629892818931026,12.843231918322145,0.15834665630006128,11.998365164218868,0.08481436354816019,,,0.05726977591645242,0.05568385697916231,0.048216915109039735,19.06,12.52,0.9398132400915234,74.30129319430453,1.4753929944301554,1.1488950010474754,0.32649799338267993,15.158894843850735,18.576393176633207,11.741396511068263,1.0131653924600588,7936414.311999999,0.9165126458937318,553716.7119723187,1.3200000000000003,0.33999999999999986,0.379999999999999,2.039999999999999,0.6470588235294121,0.49171649336891854,0.5082835066310815,0.06206432751670288,0,2,11,4,False,False,sideways
2024-11-28,18.66,18.69,17.48,17.92767672120758,4613852.6,1732838399999,82881000.5,331632.0,1993208.12,35847053.8701,0,-0.03957392514147684,-0.04037826500513117,17.818800914810247,0.11216985514803923,16.680287449876175,0.26824253491902894,15.369627155447045,0.21073231159630978,12.990550893859504,0.14731897553735962,12.075826139019542,0.07746097480067426,,,0.054464382338425495,0.05456955602915472,0.04859504009797223,19.06,12.71,0.8216813734185165,72.47597717183056,1.493248842423661,1.2177657693227126,0.27548307310094833,15.369627155447045,18.92857785145025,11.81067645944384,0.8593825518056897,7547077.82,0.6113429210671634,-180499.0566988209,0.7300000000000004,0.030000000000001137,0.4499999999999993,1.2100000000000009,0.6033057851239668,0.4320051576853583,0.5679948423146417,0.07187745876407062,0,3,11,4,False,False,sideways
2024-11-29,17.94,18.41,17.52,18.326107546275537,3855567.29,1732924799999,69377841.0361,322158.0,1715027.95,30882931.6871,0,0.022224342354223436,0.02198098075879952,17.914366664432155,0.09556574962190822,17.0447078887008,0.3644204388246237,15.59900610301994,0.22937894757289534,13.146394743570987,0.15584384971148246,12.14665505299513,0.07082891397558733,,,0.05097813725033793,0.0545039650667313,0.048571787257437604,19.06,12.71,0.8844263852402422,71.15552462120417,1.5220050416556319,1.2786136237892967,0.24339141786633522,15.59900610301994,19.303686429418914,11.894325776620967,0.8680616413544102,7477452.1669999985,0.5156258046043614,66660.6726101502,0.29999999999999716,0.1700000000000017,0.4200000000000017,0.8900000000000006,0.33707865168538986,0.44481857558242743,0.5551814244175725,0.08355657566541913,0,4,11,4,False,False,sideways
2024-11-30,18.25,19.441,17.93,19.06732076075354,5052772.3,1733011199999,94295089.27637,378345.0,2546173.32,47593997.48067,0,0.040445752738619056,0.03964922972945569,18.25189635467193,0.3375296902397764,17.52879512292221,0.48408723422141264,15.838601635374758,0.23959553235481756,13.309108700330555,0.16271395675956768,12.222701604438807,0.07604655144367811,,,0.04735896309579885,0.05453543028482823,0.048602079762002676,19.441,12.71,0.9444838450086971,71.47677510553842,1.5863181602526488,1.3401545310819671,0.24616362917068169,15.838601635374758,19.794178574153484,11.883024696596031,0.9081224022880009,7411744.658000002,0.681725090805199,210532.17916666705,0.75,0.44099999999999895,0.3200000000000003,1.5109999999999992,0.496360026472535,0.5039161016616561,0.4960838983383439,0.07487869580032332,0,5,11,4,False,False,sideways
2024-12-01,19.0,19.11,18.43,18.893950749188523,4149445.38,1733097599999,77778793.4794,310427.0,2077298.3,38942036.0349,0,-0.00909252084969725,-0.009134110110161386,18.576286873524747,0.324390518852816,17.93373926876799,0.40494414584577854,16.038529706614618,0.19992807123986012,13.467573008948053,0.15846430861749816,12.291345630012701,0.06864402557389404,,,0.04868301666616108,0.05440729003293849,0.04868158261472644,19.441,12.71,0.9187268978143699,75.31735341552356,1.604798145008628,1.3930832538672993,0.2117148911413287,16.038529706614618,20.192598895751278,11.884460517477958,0.843689634496356,7220999.0,0.5746359167201103,-17471.34896842046,0.0799999999999983,0.10999999999999943,0.490000000000002,0.6799999999999997,0.11764705882352695,0.5006207118696909,0.4993792881303091,0.0748116848329258,0,6,12,4,False,False,sideways
2024-12-02,18.91,26.9,18.57,25.219813346705283,36222747.77,1733183999999,794939892.02905,2043248.0,18208605.24,400363522.45415,0,0.3348088857375926,0.2887881248534402,19.886973824826093,1.3106869513013457,18.79680244224415,0.86306317347616,16.598661074075313,0.5601313674606949,13.756575553742023,0.2890025447939699,12.420416693774985,0.12907106376228406,,,0.10741266182150001,0.08784343810257342,0.06652701683474022,26.9,12.71,0.8815936114661934,83.27322214877978,2.1056156833514486,1.5355897397641292,0.5700259435873194,16.598661074075313,22.327674534601993,10.869647613548633,1.2524115916318175,9817241.943,3.689707147925386,12080630.995174417,6.32,1.6699999999999982,0.33999999999999986,8.329999999999998,0.7587034813925572,0.502684262265728,0.4973157377342719,0.05640786869548963,0,0,12,4,False,False,sideways
2024-12-03,25.22,26.32,22.54,24.148848716585302,22028330.36,1733270399999,539645955.9869,1376487.0,10754737.26,263599969.7137,0,-0.04246520842153223,-0.04339322273528142,21.131208223901638,1.2442343990755447,19.47500456935594,0.6782021271117884,17.135710530588774,0.5370494565134614,14.01456292255633,0.25798736881430706,12.54032211373771,0.11990541996272519,,,0.11109223554056653,0.08779766757531739,0.06698513360249815,26.9,12.71,0.8061204169545668,80.54545241688582,2.3885654003529027,1.706184871881884,0.6823805284710187,17.135710530588774,23.575034690528984,10.696386370648565,1.0445554542529543,10866684.908,2.0271435627790084,-995334.7843995241,1.129999999999999,1.1000000000000014,1.5500000000000007,3.780000000000001,0.29894179894179856,0.48822298759096694,0.5117770124090331,0.06248712351343182,0,1,12,4,False,False,sideways
2024-12-04,24.1,26.59,23.6,24.077999099978125,14113341.66,1733356799999,349634191.7628,890306.0,6514601.91,161797554.8347,0,-0.00293387140060708,-0.0029381836377361985,22.281586534642155,1.1503783107405177,20.097976599537155,0.6229720301812165,17.69252817863734,0.5568176480485647,14.266848227185138,0.25228530462880805,12.663331546971287,0.12300943323357671,,,0.1118350696737065,0.08678568167004354,0.06704616433152796,26.9,12.71,0.801127491189438,82.59537505845402,2.577377711774517,1.8804234398604107,0.6969542719141062,17.69252817863734,24.519140667868804,10.865915689405874,0.9676895701501623,11442137.289,1.2334532704451977,-11717.178630135988,0.030000000000001137,2.4899999999999984,0.46999999999999886,2.9899999999999984,0.010033444816053897,0.46159173829566313,0.5384082617043369,0.06308257969289464,0,2,12,4,False,False,sideways
2024-12-05,24.07,24.82,22.41,23.15432639170573,9709163.86,1733443199999,231864607.3815,882039.0,4423174.09,105704671.7337,0,-0.0383616887946987,-0.039116874891146895,23.09898766083259,0.8174011261904361,20.675442007752263,0.5774654082151081,18.15785218059536,0.46532400195802026,14.507272306942891,0.24042407975775326,12.782902418760335,0.11957087178904757,,,0.11263656011075815,0.08783894158652006,0.06719225614586366,26.9,13.56,0.7192148719419589,76.94930833582511,2.6222524666526326,2.028789245218855,0.5934632214337774,18.15785218059536,25.14779478575921,11.167909575431507,0.8574045234233543,11383096.265,0.8529457745036472,-371102.23312006734,0.9200000000000017,0.75,0.7399999999999984,2.41,0.3817427385892123,0.4555669420950529,0.5444330579049471,0.09084603089601169,0,3,12,4,False,False,sideways
2024-12-06,23.15,25.94,22.75,25.871449321644988,8541586.87,1733529599999,206332081.7244,770425.0,4229017.5,102366497.9151,0,0.117348390273732,0.1109583696429091,24.494487375323885,1.3954997144912937,21.535387124424318,0.8599451166720549,18.72793200503164,0.5700798244362808,14.805482889928335,0.298210582985444,12.930352928683766,0.14745050992343067,,,0.11450285381819941,0.08998615070577044,0.06850454836953274,26.9,13.56,0.9228972504981251,78.31695519858864,2.8442780785135184,2.191887011877788,0.6523910666357304,18.72793200503164,26.287938761543753,11.167925248519527,0.972454426741087,11556063.217,0.739143314605147,1003590.3363455725,2.7200000000000024,0.07000000000000028,0.3999999999999986,3.1900000000000013,0.8526645768025083,0.4951091131383647,0.5048908868616353,0.09019694018519069,0,4,12,4,False,False,sideways
2024-12-07,25.88,26.89,24.44,24.73027741383746,6873804.42,1733615999999,175519398.5078,607308.0,3149221.26,80639570.8651,0,-0.0441093150066697,-0.045111718710051915,24.39658018875032,-0.09790718657356479,22.14177700678821,0.6063898823638922,19.276910960872677,0.5489789558410365,15.069895675141389,0.2644127852130538,13.0687626839992,0.13840975531543442,,,0.11710928774464054,0.08972446913423401,0.06893808424609092,26.9,13.75,0.8350020847024685,71.97589145232918,2.8947826868584734,2.332466146873925,0.5623165399845482,19.276910960872677,26.90936000421392,11.644461917531434,0.8572487953733834,11516061.251,0.5968884907939432,-286962.0708774644,1.0899999999999999,1.0100000000000016,0.34999999999999787,2.4499999999999993,0.44489795918367353,0.4581482200507532,0.5418517799492468,0.08835107356749612,0,5,12,4,False,False,sideways
2024-12-08,24.79,27.41,24.68,26.179840517876162,9422038.91,1733702399999,245095876.22351,993975.0,4739054.24,123366096.50421,0,0.058614914818044817,0.05696136953392558,24.80277854900849,0.4061983602581698,22.966993386455066,0.8252163796668555,19.823640418165617,0.5467294572929404,15.363469746465972,0.29357407132458313,13.218861386577558,0.150098702578358,,,0.11435495339041715,0.08819098217238877,0.06912772828239772,27.41,13.83,0.9094138820232814,73.50681939032873,3.0169975115322956,2.469372419805599,0.5476250917266965,19.823640418165617,27.798940680921735,11.848340155409499,0.8984928397864458,11996879.882000001,0.7853741141591934,494096.4333602268,1.3000000000000007,1.3200000000000003,0.10999999999999943,2.7300000000000004,0.4761904761904764,0.5029754478057021,0.4970245521942978,0.1054946821483674,0,6,12,4,False,False,sideways
2024-12-09,26.09,27.36,19.56,22.24258909207088,19183245.38,1733788799999,463136992.4349,1644636.0,9348241.98,226178424.6269,0,-0.1503924908601656,-0.1629807900920968,24.435696547427046,-0.3670820015814442,23.358641541034597,0.3916481545795314,20.2016747148677,0.3780342967020829,15.568496590168031,0.20502684370205948,13.330755021008024,0.11189363443046574,,,0.12991731095085132,0.09606351386045481,0.0730442979508689,27.41,13.83,0.6194837328476347,61.474431644438845,2.7642853942007406,2.528355014684627,0.2359303795161134,20.2016747148677,27.86129364011955,12.542055789615851,0.6332255819199305,13529647.691,1.4178673250125209,-2823444.3180988873,3.84,1.2699999999999996,2.6900000000000013,7.800000000000001,0.4923076923076922,0.4873128500845982,0.5126871499154018,0.0857329386879792,0,0,12,4,False,False,sideways
2024-12-10,22.24,23.78,20.27,22.107534972051916,15548546.65,1733875199999,342699534.092,1193530.0,7562855.8,166874038.5825,0,-0.006071870476045849,-0.0060903792415020475,24.22633826349628,-0.20935828393076505,23.662662962164436,0.3040214211298391,20.595729042543326,0.39405432767562587,15.776256720292771,0.20776013012473982,13.448474045222495,0.11771902421447145,,,0.1301904773112318,0.09545826753652263,0.07290793679939958,27.41,13.83,0.6095386577357818,61.395102829427486,2.5240161941907395,2.5274872505858497,-0.003471056395110139,20.595729042543326,27.755628595569206,13.435829489517443,0.6055745208652877,14579225.125999998,1.0664864912656677,-90845.44110112292,0.11999999999999744,1.5400000000000027,1.8500000000000014,3.5100000000000016,0.03418803418803344,0.48640274684450974,0.5135972531554903,0.07676151519923567,0,1,12,4,False,False,sideways
2024-12-11,22.11,24.33,21.14,24.07027814370026,7801029.71,1733961599999,179963149.4907,596727.0,3674677.52,84844945.0712,0,0.08878163821202234,0.08505930796973331,23.866104027907333,-0.3602342355889476,24.180295701615613,0.5176327394511766,21.0570174851918,0.461288442648474,16.01741900809274,0.24116228779996973,13.582087960282632,0.13361391506013653,,,0.13128980558916215,0.09642240236323708,0.07363738514946395,27.41,14.72,0.7368225487549457,62.40224563033139,2.4635794820159234,2.5147056968718644,-0.05112621485594104,21.0570174851918,27.83538850392384,14.278646466459758,0.7222702659814069,14944383.559,0.5220041147366004,687703.794507233,1.9600000000000009,0.259999999999998,0.9699999999999989,3.1899999999999977,0.6144200626959254,0.47105031727920443,0.5289496827207956,0.07649336333574866,0,2,12,4,False,False,sideways
2024-12-12,24.06,29.45,23.87,29.049134402953268,21001352.82,1734047999999,583651247.24604,1465965.0,10448464.91,290434359.28084,0,0.20684664421113408,0.18801087870857858,24.729875425730498,0.8637713978231645,24.56322780724041,0.3829321056247963,21.68001512474228,0.6229976395504799,16.372783231640444,0.3553642235477028,13.769350216575868,0.187262256293236,,,0.10124308699780589,0.10263218489541485,0.07752911831153708,29.45,16.1,0.9699726144534283,71.36594869829274,2.785327520428872,2.568830061583266,0.2164974588456059,21.68001512474228,28.99826691742456,14.361763332059999,1.003475385035233,13422244.064,1.5646677798333322,4414908.403373491,5.07,0.3200000000000003,0.18999999999999773,5.579999999999998,0.9086021505376347,0.4975138982499128,0.5024861017500871,0.0698033604103795,0,3,12,4,False,False,sideways
2024-12-13,29.14,30.94,27.53,28.95588115267307,14381820.64,1734134399999,417184765.98709,878756.0,7219266.57,209933857.64439,0,-0.003210190327417095,-0.0032153540423527673,25.285083552689876,0.5552081269593785,25.04393105084919,0.4807032436087795,22.259467810102564,0.5794526853602839,16.719251300965816,0.3464680693253719,13.954561301875971,0.18521108530010366,,,0.09935023526833035,0.10288518368140227,0.07759700090234115,30.94,16.1,0.8662992690480503,70.66364975132936,2.99822868702147,2.6547097866709075,0.34351890035056254,22.259467810102564,29.964752044602204,14.554183575602924,0.934533830211479,12657593.092,1.1362208071840898,-69119.63232406492,0.15000000000000213,1.8000000000000007,1.4599999999999973,3.41,0.04398826979472203,0.5019716731775345,0.4980283268224655,0.06110186060559854,0,4,12,4,False,False,sideways
2024-12-14,28.99,30.77,28.71,29.111236666560213,10705069.13,1734220799999,318524375.7764,947124.0,5353052.55,159419778.3844,0,0.005365249051410892,0.005350907377616833,26.658813067587744,1.3737295148978674,25.547254807507393,0.5033237566582045,22.822615703522274,0.5631478934197105,17.079952717507112,0.3607014165412963,14.145081991466002,0.19052068959003066,,,0.09914722142450526,0.10303764372767989,0.07699454203306355,30.94,16.18,0.8761000451599059,69.97986760263197,3.1432567794822006,2.7524191852331663,0.3908375942490343,22.822615703522274,30.811550305498056,14.833681101546492,0.8935832045416087,12316765.839,0.8691461110759533,48004.794304932875,0.13000000000000256,1.6499999999999986,0.2799999999999976,2.0599999999999987,0.06310679611650613,0.5000483868897724,0.49995161311022757,0.08847434691904693,0,5,12,4,False,False,sideways
2024-12-15,29.13,29.88,28.02,29.152790834368613,7150900.76,1734307199999,207187309.3059,559121.0,3504512.17,101580723.247,0,0.001427427088871669,0.0014264092832717112,28.067864240051087,1.409051172463343,26.147101251773684,0.5998464442662907,23.41127162976297,0.5886559262406976,17.443151335104098,0.3631986175969857,14.341292450980015,0.19621045951401328,,,0.09716827214084152,0.1024359037961539,0.07693441732811138,30.94,16.18,0.8789153681821553,70.51499237565471,3.22437705015858,2.846810758218249,0.37756629194033087,23.41127162976297,31.44638902335536,15.376154236170583,0.8572766223169449,12060939.529000001,0.592897488856981,34379.330576922956,0.13000000000000256,0.6199999999999974,1.1099999999999994,1.8599999999999994,0.06989247311828096,0.490079821776187,0.509920178223813,0.07818889098944788,0,6,12,4,False,False,sideways
2024-12-16,29.25,30.85,28.41,28.712252465083385,11253244.27,1734393599999,333800200.398,988783.0,5445279.81,161620525.069,0,-0.015111361783101462,-0.015226701849364522,28.99625910432771,0.9283948642766227,26.431181566117523,0.2840803143438393,23.98328434527092,0.5720127155079489,17.79894874728537,0.35579741218127126,14.527832828273906,0.18654037729389117,,,0.09246795724946721,0.10262419318915127,0.07701066685860439,30.94,16.96,0.8406475296912291,59.133926241497015,3.216045118236597,2.920657630221919,0.29538748801467785,23.98328434527092,31.804181155408216,16.162387535133625,0.8023290189484962,12332105.269,0.9125160728467019,-203835.25164388234,0.5199999999999996,1.6000000000000014,0.3200000000000003,2.4400000000000013,0.21311475409836036,0.4838853293637782,0.5161146706362219,0.08786648332481278,0,0,12,4,False,False,sideways
2024-12-17,28.74,29.07,27.3,27.854051443761453,8162177.01,1734479999999,230177861.2048,786313.0,3726039.3,105168319.1033,0,-0.029889714238392817,-0.03034551728623338,28.75724251248935,-0.23901659183836088,26.74355896910992,0.31237740299239647,24.442667987949065,0.45938364267814435,18.134030541455985,0.3350817941706161,14.703013123364428,0.1751802950905219,,,0.09157644957965348,0.10274199152484328,0.07735916907113563,30.94,17.48,0.7707319051828716,59.79943392321837,3.104406684195265,2.957407441016588,0.14699924317867685,24.442667987949065,32.024269156770515,16.861066819127615,0.7249777705164279,12460942.528,0.6550208374414227,-247166.51579185572,0.879999999999999,0.33000000000000185,0.5599999999999987,1.7699999999999996,0.49717514124293744,0.45650067321928856,0.5434993267807114,0.09633618568142276,0,1,12,4,False,False,sideways
2024-12-18,27.86,28.4,24.72,24.915405766261816,10891198.88,1734566399999,291675807.9454,720832.0,4908291.26,131413164.8351,0,-0.10550155274297857,-0.11149211191299009,27.949147435207095,-0.8080950772822533,26.617115493948482,-0.1264434751614374,24.792054440201774,0.34938645225270903,18.39483719008471,0.2608066486287264,14.846554825212213,0.14354170184778425,,,0.09753057708354708,0.10592219000414588,0.07906865352816703,30.94,17.52,0.5510734550120578,51.92304068343302,2.7471409432604013,2.9153541414653508,-0.1682131982049495,24.792054440201774,31.725879454094127,17.85822942630942,0.5088948975358406,12607858.525,0.86384209169257,-1172778.055994257,3.0,0.5399999999999991,0.14000000000000057,3.6799999999999997,0.8152173913043479,0.4506658370744947,0.5493341629255053,0.06618481656080087,0,2,12,4,False,False,sideways
2024-12-19,24.85,25.61,21.72,22.822878697244604,14916127.01,1734652799999,355068510.7792,623007.0,7269936.7,173517639.4824,0,-0.08398526954157504,-0.08772283315081915,26.69147584134397,-1.257671593863126,26.67514445446586,0.05802896051737605,25.01689299775023,0.2248385575484555,18.602900102407727,0.20806291232301533,14.969510952502745,0.12295612729053218,,,0.08800730229371777,0.10851139441005152,0.08025091706691222,30.94,17.93,0.37608598748997724,49.277634828909264,2.2690002012016777,2.7860833534126166,-0.5170831522109389,25.01689299775023,31.33192603292563,18.70185996257483,0.3262863956304952,12181146.688000001,1.2245256864605618,-1230010.4734714404,2.0400000000000027,0.759999999999998,1.0899999999999999,3.8900000000000006,0.5244215938303348,0.48738769086144973,0.5126123091385503,0.041767343465386596,0,3,12,4,False,False,sideways
2024-12-20,22.81,23.72,20.02,23.41681571540984,13433143.15,1734739199999,295876174.5109,517367.0,6493323.04,143173606.6643,0,0.026023755637668122,0.025690900123487723,25.54428081755222,-1.147195023791749,26.806072528801657,0.13092807433579878,25.234367745483045,0.2174747477328154,18.843972167352465,0.24107206494473843,15.100063272692507,0.13055232018976248,,,0.08810879293242131,0.10838912312880071,0.07894602236156927,30.94,18.43,0.39862635614786884,44.10472494258137,1.9159105477477532,2.6120487922796443,-0.6961382445318911,25.234367745483045,30.95865088251169,19.5100846084544,0.34124195234893134,11969606.338,1.1222710898481012,341570.4965804476,0.5800000000000018,0.3299999999999983,2.789999999999999,3.6999999999999993,0.1567567567567573,0.4833807670693958,0.5166192329306042,0.038514217724241254,0,4,12,4,False,False,sideways
2024-12-21,23.4,24.94,21.78,22.195767945925756,8748702.92,1734825599999,203382017.255,350222.0,4021194.56,93632342.0841,0,-0.05214405683179857,-0.053552746957337576,24.24098391372069,-1.30329690383153,26.6186215090242,-0.18745101977745549,25.399458605319907,0.16509085983686234,19.06185868069648,0.2178865133440162,15.214098835127412,0.1140355624349052,,,0.08516451987586794,0.10932469215214574,0.07949621236576777,30.94,18.57,0.29310977735858973,43.93615312166988,1.520034096362071,2.3936458530961295,-0.8736117567340584,25.399458605319907,30.5115152317477,20.287401978892113,0.18665344561795,12064373.659,0.7251684312242338,-471285.4074048745,1.2699999999999996,1.5400000000000027,0.34999999999999787,3.16,0.40189873417721506,0.4596332275504904,0.5403667724495095,0.04003130557781016,0,5,12,4,False,False,sideways
2024-12-22,22.14,22.79,21.31,21.975068984479982,4483502.54,1734911999999,99094179.8304,196651.0,2227136.8,49281976.2379,0,-0.009943290179616593,-0.009993054847237679,23.0651874218644,-1.175796491856289,25.911214967176875,-0.7074065418473268,25.237221387208642,-0.16223721811126524,19.276754453153256,0.21489577245677438,15.319542107820867,0.10544327269345466,,,0.041786285373914496,0.0789011294684133,0.07951919314557152,30.94,19.56,0.21222047315289833,39.311531764762464,1.1749465424105274,2.149905990959009,-0.9749594485484816,25.237221387208642,30.574283215960772,19.90015955845651,0.19438686421481927,10412588.631000001,0.43058481410202554,-10129.919882512482,0.060000000000002274,0.6499999999999986,0.7699999999999996,1.4800000000000004,0.04054054054054206,0.4967403899363019,0.5032596100636981,0.04386102120954748,0,6,12,4,False,False,sideways
2024-12-23,22.08,24.97,21.49,24.578813852118547,9215196.76,1734998399999,213195847.4371,354818.0,4617330.54,106878008.699,0,0.11848631144127353,0.11197626355511955,22.997869039035745,-0.0673183828286561,25.473508237121422,-0.4377067300554529,25.2587196439853,0.02149825677665973,19.552558239211606,0.27580378605835065,15.452807272463538,0.1332651646426708,,,0.06214711792830692,0.08287777729083742,0.08038951654581768,30.94,19.56,0.4410205493953029,56.370540811476154,1.0988952398109895,1.9397038407294052,-0.8408086009184157,25.2587196439853,30.58076494709851,19.936674340872095,0.4361236373289575,9895926.242999999,0.9312111401920037,1030866.6665398558,2.4700000000000024,0.41999999999999815,0.5899999999999999,3.4800000000000004,0.7097701149425294,0.5010560989909889,0.4989439010090111,0.03850357287433546,0,0,12,4,False,False,sideways
2024-12-24,24.55,25.99,23.54,25.42594443507525,8371919.06,1735084799999,205811032.7601,274564.0,3998077.16,98329793.7901,0,0.03446588545946816,0.033885240820145955,23.518482186601876,0.5206131475661309,25.104979013972923,-0.36852922314849934,25.32611691074016,0.06739726675485969,19.854821681887916,0.3022634426763098,15.599398243729516,0.14659097126597764,,,0.06384034731967449,0.08313315622841179,0.0798861176730077,30.94,19.56,0.5154608466674211,58.710543757863185,1.0943652316875472,1.7706361189210338,-0.6762708872334866,25.32611691074016,30.619266501161494,20.03296732031883,0.5094298793780306,9662611.236,0.8664240809781039,296683.0787046844,0.870000000000001,0.5699999999999967,1.0100000000000016,2.4499999999999993,0.355102040816327,0.47755802837396283,0.5224419716260371,0.03279582590708898,0,1,12,4,False,False,sideways
2024-12-25,25.43,25.59,24.15,24.399298202924705,4716973.49,1735171199999,116984340.6108,175846.0,2120279.64,52632161.2738,0,-0.04037789962029026,-0.04121571745676151,23.714978684104846,0.19649649750297016,24.629629750828535,-0.47534926314438763,25.38836550130111,0.062248590560948,20.126815709801324,0.2719940279134079,15.737945558660037,0.13854731493052164,,,0.06425864200304376,0.08319089784094949,0.08026187231284936,30.94,19.56,0.4252458877789723,50.90828614972574,0.9964469762433481,1.6157982903854968,-0.6193513141421487,25.38836550130111,30.602670236794477,20.17406076580774,0.40515827626606665,9419218.509,0.5007818308379792,-181850.27616837146,0.9899999999999984,0.16000000000000014,0.2900000000000027,1.4400000000000013,0.6874999999999983,0.44950001192395933,0.5504999880760407,0.03727941239712161,0,2,12,4,False,False,sideways
2024-12-26,24.44,24.7,22.42,22.652187619665266,4244868.44,1735257599999,98625756.6288,178885.0,2027037.41,47063637.4199,0,-0.07160495227071795,-0.07429793879547657,23.80626261885275,0.09128393474790286,24.023623266286723,-0.6060064845418118,25.22740241620212,-0.16096308509898805,20.33907675763028,0.2122610478289566,15.857653133014592,0.11970757435455504,,,0.06663114157146828,0.08054710123421777,0.08006837450270628,30.94,19.56,0.2717212319565261,28.505448052100462,0.7690042284274199,1.4464394779938816,-0.6774352495664617,25.22740241620212,30.57594364440492,19.878861187999323,0.2592600779668878,8718380.926,0.4868872415680911,-305686.106972177,1.7600000000000016,0.259999999999998,0.259999999999998,2.2799999999999976,0.771929824561405,0.47752655674765737,0.5224734432523426,0.04214147093802511,0,3,12,4,False,False,sideways
2024-12-27,22.68,23.67,21.37,21.545992081399632,5144826.16,1735343999999,116409480.1271,212330.0,2318729.21,52596649.4185,0,-0.048833938551052,-0.050066613963560595,23.72044723823668,-0.08581538061606864,23.39281733005054,-0.6308059362361824,25.06818814958023,-0.1592142666218912,20.51918859873003,0.1801118410997482,15.964247364339583,0.10659423132499057,,,0.06716501643450282,0.08067893070712706,0.08049012623505176,30.94,19.56,0.17451600012299057,26.688687961956205,0.4938012437136656,1.2559118311378383,-0.7621105874241727,25.06818814958023,30.662949010144327,19.473427289016133,0.1852237159046804,8416645.841,0.6112679869382186,-251797.0475132276,1.1099999999999994,0.990000000000002,0.1999999999999993,2.3000000000000007,0.4826086956521735,0.45069145932036697,0.549308540679633,0.04127058784820049,0,4,12,4,False,False,sideways
2024-12-28,21.56,22.38,21.06,22.00498647967382,4644178.39,1735430399999,100096973.6961,163727.0,2103591.48,45420923.7661,0,0.0213030059855277,0.021079268890963468,23.205681763747737,-0.5147654744889429,23.10177540139174,-0.2910419286587995,24.859445447670115,-0.2087427019101149,20.685027718537878,0.16583911980784904,16.07133898710767,0.10709162276808648,,,0.06167583095232856,0.07958236455498469,0.07967509958831218,30.94,19.56,0.21484942703636398,28.06302908247946,0.3091739428035254,1.0665642534709758,-0.7573903106674504,24.859445447670115,30.589465587863238,19.129425307476993,0.2509206863014544,7791943.792,0.5960230866614032,90429.06461752375,0.4299999999999997,0.39000000000000057,0.5,1.3200000000000003,0.32575757575757547,0.4529523423410099,0.5470476576589901,0.03525424440037499,0,5,12,4,False,False,sideways
2024-12-29,21.99,22.02,20.77,20.93717512995832,2537973.93,1735516799999,54398428.7225,101744.0,1188092.16,25490974.9164,0,-0.048525880745341365,-0.04974279255841332,22.30792790272435,-0.8977538610233857,22.91320504466311,-0.18857035672863276,24.794174749564487,-0.06527069810562836,20.829000649240694,0.14397293070281592,16.166517791149346,0.09517880404167656,,,0.057895250388685524,0.07280714836180562,0.08012834880057074,30.94,20.02,0.08399039651632965,26.149607326094184,0.07581804162535377,0.8684150111018515,-0.7925969694764977,24.794174749564487,30.677396804689657,18.910952694439317,0.1722034640655675,6554128.484,0.38723286188174766,-118877.36006821255,1.0299999999999976,0.030000000000001137,0.19000000000000128,1.25,0.8239999999999981,0.4681262269703455,0.5318737730296544,0.04008867025675082,0,6,12,4,False,False,sideways
2024-12-30,20.96,21.83,20.09,20.64651368191204,4524110.74,1735603199999,94321234.0832,181584.0,2133877.85,44524285.1961,0,-0.013882553221345573,-0.013979817093082039,21.557370998521815,-0.7505569042025364,22.63617484131333,-0.2770302033497778,24.721123685057492,-0.07305106450699483,20.956422720605786,0.12742207136509265,16.258205567018564,0.09168777586921806,,,0.05672066349252496,0.07285883255097578,0.08010480734065163,30.94,20.02,0.057373047794142915,26.379159350729353,-0.13106134736551311,0.6685197394083786,-0.7995810867738917,24.721123685057492,30.778511748007837,18.663735622107147,0.16366609165528273,5663225.242999999,0.798857637808421,-82021.09166030605,0.38000000000000256,0.8699999999999974,0.48999999999999844,1.7399999999999984,0.21839080459770283,0.4716679083766194,0.5283320916233806,0.04013694854869976,0,0,12,4,False,False,sideways
2024-12-31,20.57,21.2,19.82,19.98917796369501,4498064.0,1735689599999,92115406.4129,172476.0,1966963.58,40334934.7348,0,-0.0318376132815541,-0.032355450900407964,21.024769067327764,-0.5326019311940513,22.415515843090258,-0.22065899822307244,24.517068676057228,-0.20405500900026396,21.058298493391863,0.10187577278607662,16.346180957814887,0.08797539079632344,,,0.055437186508603034,0.06996946612858186,0.08017715506872479,30.94,19.82,0.01521384565602603,26.693200651895523,-0.34408979948261376,0.46599783163018016,-0.8100876311127939,24.517068676057228,30.931225791734644,18.102911560379813,0.14703930456464845,5238161.351000001,0.8587104708298626,-124581.9475218651,0.5599999999999987,0.629999999999999,0.19000000000000128,1.379999999999999,0.4057971014492747,0.4372911501481526,0.5627088498518473,0.03834449665456072,0,1,12,4,False,False,sideways
2025-01-01,20.02,21.86,19.67,21.732156675364138,4784506.5,1735775999999,98808034.4598,155681.0,2243157.11,46487434.8959,0,0.08719611756095125,0.08360201280440972,21.062001986120666,0.03723291879290258,22.391224612178675,-0.02429123091158303,24.151219789677775,-0.3658488863794531,21.212597906949313,0.15429941355744958,16.449468451431642,0.10328749361675449,,,0.06323090005629205,0.05401480259111063,0.0803198628675129,30.94,19.67,0.18297752221509636,39.847274381927704,-0.36803014480322815,0.29919223634349856,-0.6672223811467267,24.151219789677775,30.30642146822789,17.99601811112766,0.30349440679225165,5268261.7469999995,0.9081755481728916,411261.9280359818,1.7100000000000009,0.129999999999999,0.34999999999999787,2.1899999999999977,0.7808219178082204,0.4688377181638273,0.5311622818361726,0.03253857006987032,0,2,1,1,False,False,sideways
2025-01-02,21.73,22.91,21.72,22.04326653499772,5942889.48,1735862399999,132406604.3565,305525.0,2890590.31,64421263.7887,0,0.014315645901184837,0.014214144599965338,21.069657997185445,0.007656011064778312,22.137669880466593,-0.2535547317120823,23.805589058794006,-0.3456307308837694,21.385306045922952,0.1727081389736398,16.54847850815684,0.09901005672519858,,,0.04853085840779638,0.05432375795211736,0.07992398442393177,30.85,19.67,0.2122778653844113,47.194711948753294,-0.3577748693451568,0.1677988152057675,-0.5255736845509242,23.805589058794006,29.589967215982472,18.02121090160554,0.347665343109857,4941031.018999999,1.2027630381488204,92985.84552231872,0.33999999999999986,0.8399999999999999,0.010000000000001563,1.1900000000000013,0.2857142857142853,0.4863947612904287,0.5136052387095713,0.051410176990200396,0,3,1,1,False,False,sideways
2025-01-03,22.07,23.9,21.63,23.521195869870276,6281911.66,1735948799999,142715278.7279,412669.0,2842293.85,64658518.0931,0,0.0670467479275847,0.06489478385058448,21.586462145167836,0.5168041479823913,21.94719502394609,-0.19047485652050256,23.526087018959508,-0.2795020398344974,21.596897040540217,0.21159099461726427,16.662823423541827,0.11434491538498648,,,0.052742120440708314,0.05705297204081089,0.07998174682381334,30.85,19.67,0.3444719024928689,50.3531272827771,-0.22776540608366602,0.0886859709478808,-0.3164513770315468,23.526087018959508,28.74344571355087,18.308728324368147,0.49953126194924047,4732030.279000001,1.3275298951230567,401336.44950611703,1.4100000000000001,0.41999999999999815,0.4400000000000013,2.2699999999999996,0.6211453744493394,0.4524568322248581,0.5475431677751419,0.06569162737955471,0,4,1,1,False,False,sideways
2025-01-04,23.48,24.05,22.87,23.523455487020744,3449453.99,1736035199999,80640836.3873,254603.0,1575944.11,36881622.6465,0,9.606727323596687e-05,9.60626590709845e-05,22.16185050618958,0.5753883610217443,21.8596107523557,-0.08758427159039073,23.244620251592114,-0.2814667673673945,21.790409223229727,0.19351218268950987,16.771751117331522,0.10892769378969547,,,0.05139086914658596,0.05704085632377085,0.07960931133810191,30.85,19.67,0.3446740149392435,54.895383817224435,-0.12313026847268205,0.04632272306376824,-0.16945299153645027,23.244620251592114,27.741512537068928,18.7477279661153,0.5310031036688557,4605278.329,0.7490218274709625,17629.23674616735,0.120000000000001,0.4499999999999993,0.6099999999999994,1.1799999999999997,0.10169491525423816,0.4568676998066004,0.5431323001933996,0.0738096524082062,0,5,1,1,False,False,sideways
2025-01-05,23.6,23.83,22.85,23.593908369144554,2516610.67,1736121599999,58710231.9288,204106.0,1185081.21,27654749.7407,0,0.002995005651388327,0.0029905295570206427,22.882796587279486,0.720946081089906,21.953782827303623,0.09417207494792379,22.988703046795173,-0.25591720479694047,21.972890333954233,0.18248111072450612,16.88111426661915,0.10936314928762769,,,0.04529325469364422,0.05708468448556757,0.07949272235773794,29.07,19.67,0.41743706054729285,56.03577849134355,-0.034127805178151505,0.03023261741538429,-0.06436042259353579,22.988703046795173,26.68711860888157,19.290287484708777,0.58181954031255,4432452.552,0.5677693422492388,-2132.7209067800463,0.020000000000003126,0.22999999999999687,0.7299999999999969,0.9799999999999969,0.02040816326530938,0.47090367378916026,0.5290963262108398,0.08110352643462328,0,6,1,1,False,False,sideways
2025-01-06,23.58,24.78,23.01,23.840686100886177,5871853.9,1736207999999,140499666.4445,345962.0,2915202.86,69774624.1268,0,0.010459383323890181,0.010405062421243868,23.304502472383895,0.42170588510440865,22.183252229252282,0.22946940194865917,22.788034779651408,-0.20066826714376518,22.174690090031618,0.20179975607738498,16.990199952346575,0.10908568572742539,,,0.041156831688368985,0.05699182898400831,0.07898267160172005,28.4,19.67,0.47774182140735133,46.661080967399684,0.055678363241998596,0.035321766580707153,0.020356596661291443,22.788034779651408,25.733887313344724,19.842182245958092,0.678666669358874,4505155.325999999,1.3033632527856602,62254.60029686182,0.25,0.9500000000000028,0.5699999999999967,1.7699999999999996,0.14124293785310738,0.4964706053057621,0.503529394694238,0.05891870027624495,0,0,1,1,False,False,sideways
2025-01-07,23.83,23.84,21.18,21.370110179407124,7603584.68,1736294399999,170696788.1834,445963.0,3399361.55,76275123.7499,0,-0.10362855796281889,-0.10940039606667205,23.169871201265774,-0.13463127111812057,22.11976459922561,-0.06348763002667113,22.610770000308676,-0.17726477934273177,22.297187266179417,0.12249717614779954,17.07935312315996,0.08915317081338614,,,0.0544639406992179,0.05682137275092439,0.07948828641444365,25.99,19.67,0.2690047752226461,34.00297522443911,-0.07167816934728677,0.013921779395108372,-0.08559994874239514,22.610770000308676,25.442063949656603,19.77947605096075,0.28090232891796924,4801095.955,1.5837185407805496,-781736.5701216953,2.4499999999999993,0.010000000000001563,0.1999999999999993,2.66,0.921052631578947,0.4470735440010908,0.5529264559989092,0.05865167796092724,0,1,1,1,False,False,sideways
2025-01-08,21.39,21.73,19.59,20.392032343226088,6791105.29,1736380799999,140072745.2986,382781.0,3019277.1,62276122.3527,0,-0.04576849758704293,-0.04684897196914039,22.544038495936938,-0.6258327053288362,22.065250320552387,-0.054514278673224226,22.489227682607748,-0.12154231770092849,22.411389849883353,0.11420258370393555,17.16447038496537,0.0851172618054079,,,0.054206206965389574,0.054666734477610696,0.07960347193707909,25.99,19.59,0.1253175536290763,34.133750844784444,-0.2486653864348476,-0.03859565377088282,-0.21006973266396478,22.489227682607748,25.486047989566988,19.492407375648508,0.15009658161493097,5226409.091,1.2993826491107334,-298579.93323666917,0.9499999999999993,0.33999999999999986,0.8500000000000014,2.1400000000000006,0.44392523364485936,0.4445928859983851,0.5554071140016149,0.0563650515864701,0,2,1,1,False,False,sideways
2025-01-09,20.44,20.73,19.14,19.66551480383142,5470102.72,1736467199999,108787360.969,306500.0,2345698.14,46642041.8972,0,-0.03562751996301161,-0.036277668921151446,21.77245035929907,-0.7715881366378667,21.967150432744326,-0.09809988780806123,22.30166263702883,-0.18756504557891773,22.52017117758919,0.10878132770583804,17.25177568829832,0.0873053033329505,,,0.055194155877392716,0.05461047361267046,0.07965394369788904,25.99,19.14,0.07671748961042635,37.134925499443156,-0.44245260653852725,-0.11936704432441173,-0.32308556221411555,22.30166263702883,25.515735269413995,19.087590004643666,0.08990537322718765,5321008.289,1.0280199584180727,-211417.86442270124,0.7900000000000027,0.28999999999999915,0.509999999999998,1.5899999999999999,0.4968553459119514,0.4288215889298694,0.5711784110701307,0.056031854553546666,0,3,1,1,False,False,sideways
2025-01-10,19.64,20.54,19.53,20.252484826291933,5079025.48,1736553599999,101965764.5871,356730.0,2307636.36,46331683.7695,0,0.02984768150316386,0.029410909270154773,21.10416565072855,-0.6682847085705212,21.993481119004016,0.026330686259690594,22.204498481047136,-0.09716415598169448,22.628330688300416,0.10815951071122498,17.34740690201484,0.09563121371651917,,,0.055119112472585455,0.05414165060668659,0.07955844354081931,25.99,19.14,0.16240654398422383,44.16732285158485,-0.5424141862350034,-0.20397647270653008,-0.3384377135284733,22.204498481047136,25.546979351674903,18.862017610419368,0.2079992780349727,5379104.437000001,0.9442139559633911,152500.00168956796,0.5999999999999979,0.3000000000000007,0.10999999999999943,1.009999999999998,0.5940594059405931,0.4543462853429118,0.5456537146570882,0.07023591462667755,0,4,1,1,False,False,sideways
2025-01-11,20.25,20.69,19.81,20.091717348110095,2575892.75,1736639999999,51828138.8911,186655.0,1102843.58,22208471.291,0,-0.007938160653409243,-0.007969835589201068,20.35437190017333,-0.7497937505552201,21.829437186278614,-0.1640439327254022,22.110330899228643,-0.09416758181849261,22.698381403023745,0.07005071472332958,17.441144124058884,0.09373722204404444,,,0.04644026043412268,0.054130344215058926,0.07803313872425884,25.99,19.14,0.13893683914015975,41.13424858323985,-0.6273750610517652,-0.2886561903755771,-0.3387188706761881,22.110330899228643,25.583588215000518,18.63707358345677,0.20940627664524986,5158243.062000001,0.4993740541185842,-3818.022850790349,0.03999999999999915,0.4400000000000013,0.40000000000000213,0.8800000000000026,0.04545454545454435,0.42814033309422533,0.5718596669057747,0.07246225604695693,0,5,1,1,False,False,sideways
2025-01-12,20.21,20.34,19.59,19.886886440655474,2354200.64,1736726399999,47152347.8702,127307.0,999930.91,20035633.7147,0,-0.010194793401963165,-0.010247116225572953,20.057727152423002,-0.296644747750328,21.61379917684439,-0.21563800943422606,21.875734528655492,-0.23459637057315064,22.748782582927507,0.05040117990376203,17.52940534636767,0.08826122230878752,,,0.04584377679199839,0.04594811135595135,0.07784920756129132,25.99,19.14,0.10903451688401068,44.710069669921914,-0.7031300631575483,-0.3715509649319714,-0.33157909822557696,21.875734528655492,25.28010604781955,18.471363009491434,0.20789790761609073,4799374.178,0.490522420775503,-43100.160158337625,0.370000000000001,0.129999999999999,0.25,0.75,0.4933333333333347,0.4247432835631206,0.5752567164368794,0.05407652934798284,0,6,1,1,False,False,sideways
2025-01-13,19.85,20.44,17.83,19.287136567523525,8929572.72,1736812799999,168130674.9303,611089.0,4108353.19,77389199.2581,0,-0.030158057920311676,-0.03062216707150045,19.836747997282494,-0.22097915514050825,21.190393246609712,-0.42340593023467576,21.568794135277905,-0.3069403933775874,22.777559738314658,0.02877715538715009,17.61013979464995,0.08073444828227849,,,0.03738955372097557,0.04495324800115937,0.07794172363944149,25.59,17.83,0.18777533086643386,43.3600389084911,-0.802312689294741,-0.45770330980452534,-0.34460937949021564,21.568794135277905,24.72320263818811,18.4143856323677,0.13833828661548422,5064140.284,1.7632948969073228,-220538.84237903196,0.5,0.5899999999999999,1.5200000000000031,2.610000000000003,0.19157088122605342,0.46008396132978685,0.5399160386702132,0.06843429346079619,0,0,1,1,False,False,sideways
2025-01-14,19.36,20.51,19.25,20.362672175340077,4234979.71,1736899199999,84509578.1233,335040.0,2053989.68,41050113.2872,0,0.05576440048791809,0.054265054793750864,19.97617947158422,0.13943147430172687,20.874314915441648,-0.3160783311680646,21.366962833898672,-0.201831301379233,22.83721973563036,0.05965999731570193,17.699873203088774,0.08973340843882482,,,0.044090877013903344,0.04694060784769121,0.07814826719896958,24.78,17.83,0.36441326263886004,51.752747869437826,-0.7850789981599462,-0.5231784474756096,-0.2619005506843366,21.366962833898672,24.264953106168253,18.46897256162909,0.32672635788868987,5142692.856000001,0.8234945832044066,212296.1405012913,0.9600000000000009,0.19000000000000128,0.10999999999999943,1.2600000000000016,0.7619047619047616,0.4850057900277402,0.5149942099722599,0.0791125395970315,0,1,1,1,False,False,sideways
2025-01-15,20.33,22.15,20.1,22.157236331360263,7193382.93,1736985599999,151854329.4827,456380.0,3723637.44,78770579.4032,0,0.08813009120647086,0.08446071040952753,20.357129772597887,0.3809503010136659,20.730647711663217,-0.14366720377843123,21.34221526948342,-0.024747564415250167,22.934924499159077,0.09770476352871782,17.809904880590583,0.11003167750180864,,,0.05458434407697316,0.04908010828258282,0.07898327729634368,24.78,17.83,0.622623932569822,51.98521829068841,-0.6194739342759767,-0.5424375448356831,-0.07703638944029367,21.34221526948342,24.20219803712584,18.482232501841004,0.6424870581560691,5610370.082,1.2821583647536638,630129.016505906,1.7700000000000031,0.04999999999999716,0.22999999999999687,2.049999999999997,0.8634146341463442,0.5176476042267362,0.4823523957732638,0.06344441891125627,0,2,1,1,False,False,sideways
2025-01-16,22.1,23.78,21.3,23.126531238147823,8100341.74,1737071999999,183103343.9239,521352.0,4131975.43,93333001.2994,0,0.04374620066743917,0.042816357097202884,20.964092550605432,0.6069627780075457,20.65923222538938,-0.07141548627383543,21.42124222732083,0.07902695783740654,23.024127552118067,0.08920305295898956,17.933679735220107,0.12377485462952365,,,0.05660345069262866,0.048591575551399334,0.07845806616240103,24.78,17.83,0.7620908256327803,54.766084754526204,-0.40534417446045623,-0.5150188707606377,0.10967469630018145,21.42124222732083,24.390203948508198,18.45228050613346,0.7871860891060938,5833218.866,1.3886572621532078,340874.1094208151,0.9299999999999997,0.75,0.8000000000000007,2.4800000000000004,0.37499999999999983,0.510098902321126,0.48990109767887396,0.0643617290151514,0,3,1,1,False,False,sideways
2025-01-17,23.03,25.23,23.02,25.028053344685784,5333944.46,1737158399999,129010962.0974,412687.0,2767457.74,66951027.2409,0,0.08222253856217532,0.07901683262409312,21.992325931411493,1.0282333808060606,21.02502654191725,0.3657943165278681,21.57239557057143,0.15115334325060203,23.16613508458763,0.1420075324695631,18.078342989223568,0.14466325400346136,,,0.04943172787726905,0.05151097803927218,0.07886931371415827,25.23,17.83,0.9727099114440247,56.39154519113318,-0.08127101312092933,-0.428269299232696,0.3469982861117667,21.57239557057143,24.946643791078785,18.198147350064076,1.012063361715985,5606254.8440000005,0.9514273982226412,477113.5730612236,2.0599999999999987,0.14000000000000057,0.010000000000001563,2.210000000000001,0.9321266968325782,0.5188388744490227,0.4811611255509773,0.07736994696791424,0,4,1,1,False,False,sideways
2025-01-18,25.1,25.67,23.37,24.05458527906406,7180885.24,1737244799999,173963184.4462,469331.0,3370407.31,81635377.065,0,-0.038895077144640244,-0.03967169506076217,22.9458156737196,0.9534897423081077,21.391281835501044,0.3662552935837944,21.728266078026714,0.1558705074552833,23.2807046392434,0.11456955465576968,18.21354969140719,0.1352067021836234,,,0.04850095030656581,0.0510000523897084,0.07914168114030509,25.67,17.83,0.7939522039622524,52.08137557684939,0.09590305406837274,-0.3234348285724823,0.41933788264085503,21.728266078026714,25.26315134955058,18.193380806502848,0.8290515847540486,5645232.839,1.2720264061370457,-277618.9192028697,0.9800000000000004,0.5700000000000003,0.75,2.3000000000000007,0.42608695652173917,0.4693581915535528,0.5306418084464471,0.06535837634413999,0,5,1,1,False,False,sideways
2025-01-19,24.12,26.71,22.19,24.286545086632444,18510171.54,1737331199999,453671100.9588,1100687.0,8949070.26,219352896.0231,0,0.009643059935448894,0.00959686238604315,23.730590255978075,0.7847745822584749,21.853384863781148,0.4621030282801044,21.910267648262735,0.1820015702360216,23.385089125760977,0.10438448651757781,18.347098913045766,0.13354922163857452,,,0.044954491569634984,0.05073467260997597,0.07900615676801956,26.71,17.83,0.7270884106568067,52.68035569681967,0.25212564914728475,-0.20832273302852888,0.46044838217581363,21.910267648262735,25.5827923141246,18.23774298240087,0.8235209637199327,6949239.721000001,2.6636254156068127,168832.4103980102,0.21999999999999886,2.370000000000001,1.9299999999999997,4.52,0.04867256637168117,0.4834677107481847,0.5165322892518153,0.05946390057063729,0,6,1,1,False,False,sideways
2025-01-20,24.34,26.94,23.4,25.114860513601077,21688921.29,1737417599999,548961117.217,1400372.0,10747045.51,272094094.1864,0,0.03410593907095283,0.03353722641921509,24.322115092426237,0.591524836448162,22.339622432512062,0.48623756873091395,22.16655177575804,0.2562841274953058,23.50950732104923,0.12441819528825349,18.488540164998643,0.1414412519528767,,,0.04505486150804013,0.050053869974731706,0.07905508053008903,26.94,17.83,0.7996553801977032,54.7184131609221,0.43772548676903256,-0.07911308906901661,0.5168385758380492,22.16655177575804,25.987009905568968,18.346093645947114,0.8858580093886471,8610229.302,2.5189713919653753,668311.0504313894,0.75,1.8500000000000014,0.9400000000000013,3.5400000000000027,0.21186440677966087,0.49550853019855284,0.5044914698014472,0.06456623551147574,0,0,1,1,False,False,sideways
2025-01-21,25.08,27.09,23.68,26.641645318199696,10509727.17,1737503999999,268157542.2658,702773.0,5159869.77,131755949.4956,0,0.060792087766992964,0.059015881680121986,25.025137908436612,0.7030228160103746,22.994615229521024,0.654992797008962,22.412026207899817,0.24547443214177633,23.537943960479115,0.02843663942988428,18.647259757110568,0.15871959211192532,,,0.045113780555324216,0.04830224591686692,0.06405034229593924,27.09,17.83,0.95158156784014,70.98815351758577,0.6999449395544062,0.07669851665566794,0.6232464228987382,22.412026207899817,26.715345262363723,18.108707153435912,0.9914368487170878,9403612.743999999,1.117626539513312,661832.161363094,1.5900000000000034,0.41999999999999815,1.3999999999999986,3.41,0.4662756598240479,0.4909613433856628,0.5090386566143372,0.06686881482576108,0,1,1,1,False,False,sideways
2025-01-22,26.67,27.21,25.13,25.305755028302325,4298632.85,1737590399999,111429165.8481,299395.0,2114698.17,54861841.4505,0,-0.05014293501553313,-0.05144376361856501,25.08067824515992,0.055540336723307604,23.536502088285708,0.5418868587646841,22.575150632565048,0.1631244246652308,23.56108208671346,0.023138126234343304,18.787822504634892,0.1405627475243243,,,0.050471403706121756,0.05020671872678562,0.06417083283213483,27.21,17.83,0.7969888089874547,69.02159195613035,0.7908442034878398,0.21952765402210234,0.5713165494657375,22.575150632565048,27.062996838126175,18.08730442700392,0.8042221447287612,9598055.965,0.4478649494934467,-220814.66083614583,1.370000000000001,0.5399999999999991,0.1700000000000017,2.080000000000002,0.658653846153846,0.4919466825365186,0.5080533174634814,0.0696488884832302,0,2,1,1,False,False,sideways
2025-01-23,25.29,26.25,23.98,25.654856042980065,6658261.17,1737676799999,167236991.1679,501269.0,3265262.36,82163145.3899,0,0.013795321036155661,0.013701031772385635,25.400732397943123,0.3200541527832037,24.173274035831362,0.6367719475456539,22.68183364122054,0.10668300865549085,23.5926192255735,0.031537138860041836,18.929733726379318,0.14191122174442583,,,0.04686911188183666,0.048293046534801334,0.06418330452528348,27.21,17.83,0.8342064011705825,73.88331813405378,0.8808976199514298,0.35180164720796786,0.5290959727434619,22.68183364122054,27.36170285823821,18.001964424202868,0.8176394749396583,9370924.809999999,0.7105233800291266,92110.33239130382,0.35999999999999943,0.6000000000000014,1.3099999999999987,2.2699999999999996,0.15859030837004384,0.49040767200785546,0.5095923279921446,0.07528527151481504,0,3,1,1,False,False,sideways
2025-01-24,25.66,26.44,24.86,25.180327443556905,4571970.71,1737763199999,118051494.0996,331314.0,2179461.55,56280594.304,0,-0.018496638555608014,-0.01866984046823377,25.579488869328014,0.17875647138489015,24.65503956265304,0.48176552682167895,22.764677239047348,0.08284359782680895,23.633139246610522,0.04052002103702179,19.07020577677671,0.14047205039739197,,,0.04818323886498833,0.04857988266026365,0.06398161068963104,27.21,17.83,0.7836169982470048,69.82825718112824,0.903559438366905,0.46215320543975535,0.44140623292714964,22.764677239047348,27.564402410671192,17.964952067423503,0.7516446377795725,9404623.91,0.4861407275562176,-83774.90189863511,0.4800000000000004,0.7800000000000011,0.3200000000000003,1.5800000000000018,0.3037974683544303,0.4767006807880446,0.5232993192119554,0.07246634351251126,0,4,1,1,False,False,sideways
2025-01-25,25.17,25.44,24.68,24.887663333324323,2767936.88,1737849599999,69264726.054,210777.0,1337647.04,33486819.1282,0,-0.011622728532367343,-0.01169080040966485,25.534049433272664,-0.04543943605535006,24.92808226284945,0.2730427001964095,22.829364987256334,0.0646877482089856,23.61346352684411,-0.019675719766411248,19.209473208386225,0.1392674316095146,,,0.04314655446393128,0.048714010061476076,0.06186921430208963,27.21,17.83,0.7524161336166655,69.09486347444209,0.8876710259004525,0.5472567695318948,0.3404142563685577,22.829364987256334,27.710331754712875,17.94839821979979,0.7108494530009434,8962079.305,0.30884985345485066,-27481.501985702947,0.240000000000002,0.2699999999999996,0.25,0.7600000000000016,0.3157894736842125,0.4832650085575651,0.5167349914424348,0.07614949658823145,0,5,1,1,False,False,sideways
2025-01-26,24.93,26.39,24.86,24.807181669083324,3530502.68,1737935999999,90302768.2884,293711.0,1716182.96,43898127.4573,0,-0.0032337975310536837,-0.0032390375541216016,25.167156703449386,-0.36689272982327736,25.096147305943,0.16806504309354864,22.877689765666194,0.04832477840986016,23.61500161194903,0.0015380851049187072,19.342448643545207,0.1329754351589827,15.43514446657028,,0.0419080079733076,0.04871174002387731,0.06152915281419492,27.21,17.83,0.7438359988361752,69.78587122934906,0.8586867406280199,0.6095427637511199,0.24914397687689993,22.877689765666194,27.81957320220703,17.935806329125356,0.6952182733763257,8505095.399,0.41510441851306035,-7080.831688728715,0.05000000000000071,1.4600000000000009,0.019999999999999574,1.5300000000000011,0.03267973856209194,0.48610158823048955,0.5138984117695105,0.08319240250512995,0,6,1,1,False,False,sideways
2025-01-27,24.88,25.14,22.18,24.247477847910677,9451690.74,1738022399999,221324535.9099,699113.0,4567734.85,106923377.6237,0,-0.022562168836381513,-0.022820588977786684,24.95550126737106,-0.2116554360783276,25.01808975626549,-0.07805754967751,23.02155814909137,0.1438683834251755,23.576354358549715,-0.03864725339931496,19.469912052507844,0.12746340896263675,15.494768221847266,0.059623755276986046,0.03349164023072732,0.042314643350000285,0.061071092248132945,27.21,17.83,0.6841660818668098,70.01135860064878,0.7815439132625919,0.6439429936534143,0.13760091960917753,23.02155814909137,27.946148807432763,18.096967490749975,0.624469197936565,8916870.026999999,1.0599785251305203,-254527.04163183263,0.6699999999999982,0.26000000000000156,2.030000000000001,2.960000000000001,0.22635135135135065,0.4832717209704218,0.5167282790295782,0.07396697789119579,0,0,1,1,False,False,sideways
2025-01-28,24.22,24.66,22.36,22.541697547743507,4338921.76,1738108799999,103190284.8969,321537.0,2068987.8,49261941.1018,0,-0.0703487723905335,-0.07294578724979309,24.332869568323748,-0.6226316990473109,24.866800983133437,-0.1512887731320518,23.129041409317242,0.10748326022587307,23.58233652766317,0.005982169113455171,19.5754165589156,0.10550450640775466,15.544340476672202,0.04957225482493577,0.03839120086452059,0.044246043484636954,0.05801383430896053,27.21,17.83,0.5023131714012268,58.3653850156734,0.5761242506323256,0.6303792450491966,-0.05425499441687098,23.129041409317242,27.903532281739352,18.354550536895132,0.43849146670629463,8632673.679000001,0.502616213856773,-286752.3674514665,1.6099999999999994,0.4400000000000013,0.25,2.3000000000000007,0.6999999999999995,0.4768437677474968,0.5231562322525032,0.07410527725210699,0,1,1,1,False,False,sideways
2025-01-29,22.62,24.45,22.32,23.700674807420853,5429195.02,1738195199999,126332884.3251,429175.0,2759973.9,64265046.1735,0,0.051414817239146426,0.05013670216974926,24.036939041096538,-0.2959305272272097,24.808213955212274,-0.058587027921163326,23.330799409496713,0.20175800017947054,23.614199324370542,0.031862796707372354,19.69522802233166,0.11981146341605964,15.597815098463458,0.05347462179125628,0.042329537977418445,0.044222871336808744,0.05842151240954769,27.21,17.83,0.6258715146504108,56.22933342359534,0.5010714273990295,0.6045176815191633,-0.10344625412013375,23.330799409496713,27.82164382812846,18.839954990864964,0.5411810523194246,7324576.027,0.7412299360381804,252129.79969040296,1.0399999999999991,0.7899999999999991,0.3000000000000007,2.129999999999999,0.4882629107981219,0.5083578486005463,0.49164215139945366,0.07904947205230436,0,2,1,1,False,False,sideways
2025-01-30,23.66,25.21,23.41,24.483487984089095,4138779.01,1738281599999,101555003.1194,286601.0,1999954.3,49069657.9211,0,0.0330291514072476,0.032495409881864425,23.95610397124949,-0.08083506984704769,24.745076702261077,-0.0631372529511971,23.54234956738657,0.21155015788985665,23.622463521178325,0.008264196807783009,19.81994126463553,0.12471324230387282,15.653066612012264,0.05525151354880542,0.04222978385291051,0.04430256182152172,0.05727190277210389,27.21,17.83,0.7093270771949994,55.56039095336517,0.49900577739320795,0.5834153006939722,-0.08440952330076423,23.54234956738657,27.815992114674494,19.268707020098645,0.6101096320397429,5569561.799000001,0.7431067576524792,139941.80929839384,0.8000000000000007,0.75,0.25,1.8000000000000007,0.44444444444444464,0.4832232634716102,0.5167767365283898,0.06924771757746012,0,3,1,1,False,False,sideways
2025-01-31,24.46,26.4,24.12,25.171482991948054,5624198.46,1738367999999,142130325.911,382826.0,2715344.48,68708872.8973,0,0.028100367411132865,0.02771279593553415,24.028964235822436,0.07286026457294525,24.598060469635914,-0.1470162326251625,23.796337849578467,0.25398828219189795,23.54491049295822,-0.07755302822010535,19.958846862299332,0.1389055976638005,15.706860978512209,0.05379436649994496,0.037894094509285686,0.04424805260312641,0.04923251267927432,27.21,17.83,0.7826740929582147,50.65263741939986,0.5465835077603849,0.5760489421072548,-0.02946543434686988,23.796337849578467,27.8018895234418,19.790786175715134,0.6716548997910275,5081008.928,1.106905840886568,163253.51212591992,0.7100000000000009,1.2299999999999969,0.33999999999999986,2.2799999999999976,0.3114035087719305,0.48279670415471077,0.5172032958452892,0.06806765492411163,0,4,1,1,False,False,sideways
2025-02-01,25.16,25.99,22.76,23.03793417080404,4595841.04,1738454399999,113176241.1501,333783.0,2299197.91,56819587.6404,0,-0.08476055311586139,-0.088569557357866,23.78705550040111,-0.24190873542132607,24.371278383886086,-0.2267820857498286,23.953890236085893,0.15755238650742598,23.426551553320838,-0.11835893963738187,20.072901427143325,0.11405456484399323,15.750977584382065,0.04411660586985633,0.043623666306563495,0.04911310937605861,0.050615840387851656,27.21,17.83,0.5552168625590661,45.81574919787911,0.4074330086945679,0.5423257554247174,-0.1348927467301495,23.953890236085893,27.537655405152297,20.37012506701949,0.37220757749586764,5110729.7469999995,0.8992533879721895,-399876.5148033375,2.1799999999999997,0.8299999999999983,0.21999999999999886,3.229999999999997,0.6749226006191956,0.5002779447741735,0.49972205522582647,0.07262718555644387,0,5,2,1,False,False,sideways
2025-02-02,22.98,23.33,19.29,20.445356588686057,12557348.56,1738540799999,267365103.6764,737584.0,6130878.65,130752793.401,0,-0.11253515887737686,-0.11938637405376722,23.36778730858962,-0.41926819181149,23.850328438456685,-0.5209499454294004,24.01180123714402,0.05791100105812674,23.253233951763356,-0.173317601557482,20.16659333463523,0.09369190749190537,15.784491667610341,0.03351408322827609,0.053609152471372185,0.05555932248748262,0.052898492278346115,27.21,19.25,0.1501704257143287,36.76288634029617,0.08695354551171874,0.45125131344211766,-0.3642977679303989,24.01180123714402,27.303582569311814,20.720019904976226,-0.04171955676492197,5700638.486,2.202796860533984,-1377046.0561879894,2.5199999999999996,0.34999999999999787,1.1700000000000017,4.039999999999999,0.6237623762376238,0.4882303474102179,0.511769652589782,0.05873724030799699,0,6,2,1,False,False,sideways
2025-02-03,20.47,22.05,15.4,21.62820644351913,31291131.83,1738627199999,593173905.1935,1689116.0,15388394.31,291924063.0229,0,0.0578542051688955,0.056242521642668304,22.953293635809274,-0.41449367278034543,23.495116338452906,-0.35521210000377934,24.075077950552974,0.06327671340895336,23.10274226394636,-0.15049168781699507,20.272946799525233,0.10635346489000241,15.824759746996454,0.04026807938611299,0.05916995423449055,0.05566286180269932,0.05364941807260873,27.21,15.4,0.5273671840405697,38.27124156018994,-0.07076688361079775,0.3468476740315346,-0.41761455764233235,24.075077950552974,27.110152491929668,21.04000340917628,0.0969009206073806,8372554.597999999,3.7373458081091155,1804669.3821798614,1.1700000000000017,0.41000000000000014,5.0699999999999985,6.65,0.1759398496240604,0.49178132621097975,0.5082186737890203,0.05398066165125354,0,0,2,1,False,False,sideways
2025-02-04,21.64,21.71,19.32,19.901389176402663,10301205.02,1738713599999,208959507.1737,751915.0,5018912.76,101797800.9713,0,-0.0798409831913689,-0.08320877951770822,22.036873874271986,-0.9164197615372878,22.99648892276074,-0.49862741569216595,23.962285592805095,-0.11279235774787821,22.92652499817275,-0.1762172657736123,20.36273687272906,0.08979007320382593,15.854149288181588,0.02938954118513415,0.0627575190661571,0.05505087979825233,0.05468092226212548,27.21,15.4,0.3811506499917581,27.62753085555397,-0.33128236495983643,0.21122166623326039,-0.5425040311930969,23.962285592805095,27.43375084323483,20.49082034237536,-0.084896596026668,9125881.412,1.128790146939069,-794963.6036691315,1.6700000000000017,0.07000000000000028,0.6499999999999986,2.3900000000000006,0.6987447698744775,0.48721608299763747,0.5127839170023625,0.07299291670636025,0,1,2,1,False,False,sideways
2025-02-05,19.98,20.27,18.96,19.149769905190553,5964659.67,1738799999999,117386762.8041,437970.0,2815895.25,55424291.2776,0,-0.03776717617799841,-0.03849883699370141,20.832531256920486,-1.2043426173515002,22.43074774637146,-0.565741176389281,23.763447526157233,-0.19883806664786263,22.752439367401333,-0.17408563077141537,20.44323495442866,0.08049808169960215,15.878942516081564,0.02479322789997518,0.06266485473349614,0.054351754295438544,0.054762949003072284,27.21,15.4,0.317508036002587,28.742349233067344,-0.5915728706723264,0.05066275885214304,-0.6422356295244694,23.763447526157233,27.839402113624743,19.687492938689722,-0.06596283422201592,9369297.111,0.6366176244957806,-232971.18390585794,0.7899999999999991,0.28999999999999915,0.23000000000000043,1.3099999999999987,0.6030534351145037,0.47209654964270575,0.5279034503572942,0.07342749196619293,0,2,2,1,False,False,sideways
2025-02-06,19.19,19.94,18.41,18.560772467310517,4582527.29,1738886399999,87591563.0569,345335.0,2262042.84,43301328.7782,0,-0.030757415926986553,-0.031240353661799676,19.937098916221785,-0.8954323406987008,21.862077208311447,-0.5686705380600117,23.440083482288465,-0.32336404386876794,22.62534670142231,-0.12709266597902413,20.510091945753505,0.06685699132484402,15.897950863140125,0.019008347058560915,0.0627012937416748,0.050197615343691285,0.05298222012446361,27.21,15.4,0.26763526395516657,25.90219145509994,-0.8357481579910946,-0.12661942451650451,-0.70912873347459,23.440083482288465,28.08065947512336,18.79950748945357,-0.025722563590345634,8882380.765999999,0.5159120522665511,-145666.57878582677,0.610000000000003,0.75,0.16999999999999815,1.5300000000000011,0.398692810457518,0.4936234302272971,0.506376569772703,0.0753590711295033,0,3,2,1,False,False,sideways
2025-02-07,18.59,19.86,17.79,18.40091438012802,5908194.93,1738972799999,112190172.2275,371477.0,2913679.76,55365766.8803,0,-0.008612685030433886,-0.008649988545539965,19.528210474510175,-0.40888844171161054,21.4479988915499,-0.4140783167615467,23.157399937341665,-0.28268354494679926,22.536907415079973,-0.08843928634233578,20.56990375874385,0.05981181299034333,15.92009824036625,0.022147377226126252,0.06069942621202717,0.049850346658309466,0.05173180210831078,27.21,15.4,0.25409943946892644,26.468025182855754,-1.0302815990788616,-0.3073518594289759,-0.7229297396498857,23.157399937341665,28.301807312352505,18.012992562330826,0.037703256130292205,9039308.083,0.6536114131469192,-60417.49390204423,0.1999999999999993,1.2699999999999996,0.6000000000000014,2.0700000000000003,0.09661835748792234,0.49315904341700517,0.5068409565829948,0.06287487200426545,0,4,2,1,False,False,sideways
2025-02-08,18.39,18.63,17.87,18.45845992035732,2487416.07,1739059199999,45195182.669,176523.0,1206342.56,21935829.7524,0,0.0031273196016521343,0.0031224397090488607,18.894261169877815,-0.6339493046323597,20.923777402843548,-0.5242214887063525,22.86599567902791,-0.2914042583137544,22.437740299178927,-0.09916711590104654,20.640856233265694,0.07095247452184594,15.942705199470643,0.022606959104392033,0.05629005699318664,0.04972191467690479,0.05157087339003197,27.21,15.4,0.25897205083465874,27.313335407791186,-1.1663622109774359,-0.4791539297386679,-0.687208281238768,22.86599567902791,28.387535206333588,17.344456151722234,0.10087800360080754,8745130.188,0.28443442424827625,8115.549983686871,0.05999999999999872,0.17999999999999972,0.5199999999999996,0.759999999999998,0.07894736842105116,0.4849781966713756,0.5150218033286245,0.0709664145572558,0,5,2,1,False,False,sideways
2025-02-09,18.44,19.0,17.44,18.269744199726347,3353841.91,1739145599999,61527497.4035,231791.0,1545154.16,28369902.383,0,-0.010223806397999913,-0.010276428479199799,18.567932174542552,-0.32632899533526327,20.302403024407273,-0.6213743784362755,22.52373986333417,-0.34225581569373986,22.359219824254936,-0.07852047492399095,20.710539252475705,0.06968301921001085,15.967214408077268,0.02450920860662542,0.05305689557581525,0.04851192861943349,0.051101571145369146,27.21,15.4,0.24299273494719276,27.106284373237173,-1.2747404434727798,-0.6382712324854903,-0.6364692109872895,22.52373986333417,28.301018367036562,16.74646135963178,0.1318339456128318,8666636.478,0.3869831068273867,-34538.20937127346,0.17999999999999972,0.5599999999999987,0.8200000000000003,1.5599999999999987,0.1153846153846153,0.4607116857216445,0.5392883142783556,0.06911208286499108,0,6,2,1,False,False,sideways
2025-02-10,18.26,19.13,17.67,18.76252996859041,3713087.79,1739231999999,68920948.0116,297732.0,1883256.88,34972152.995,0,0.02697277879081872,0.02661542503605668,18.490484187222524,-0.07744798732002778,19.661507722071505,-0.6408953023357675,22.12978409585371,-0.3939557674804597,22.294969043937144,-0.06425078031779208,20.785861748545198,0.07532249606949293,15.996062362533271,0.028847954456002967,0.05292654170413133,0.04628242927793792,0.051259802367985816,27.21,15.4,0.28471887964355713,30.701591117297497,-1.3058146618036446,-0.7717799183491212,-0.5340347434545234,22.12978409585371,27.79827557664113,16.46129261506629,0.20298498827455677,8475525.411,0.43809529320518015,111839.99367469853,0.5499999999999972,0.3200000000000003,0.5899999999999999,1.4599999999999973,0.376712328767122,0.5071942777846359,0.49280572221536406,0.08018447632771969,0,0,2,1,False,False,sideways
2025-02-11,18.8,19.79,18.22,18.656915242379128,4263524.03,1739318399999,81391089.5882,277718.0,2079985.7,39682350.0792,0,-0.0056290237184477565,-0.005644926378169938,18.509712742236246,0.019228555013722115,19.223405829229016,-0.43810189284248935,21.79734210655755,-0.33244198929616076,22.176531071742357,-0.11843797219478702,20.86454465547698,0.07868290693178182,16.0215957392668,0.025533376733529067,0.04922599316381484,0.04563664973338436,0.04822827239837206,26.44,15.4,0.2950104386212978,34.597296248962664,-1.3237045869537596,-0.8821648520700489,-0.4415397348837107,21.79734210655755,27.461443328642023,16.13324088447308,0.22277800651462407,8442293.709999999,0.5050196281313696,-33999.39417862794,0.14000000000000057,0.9899999999999984,0.4400000000000013,1.5700000000000003,0.08917197452229333,0.4878559814285836,0.5121440185714163,0.06513813409889471,0,1,2,1,False,False,sideways
2025-02-12,18.65,19.51,17.64,19.16607093712008,5633560.52,1739404799999,103689231.126,341211.0,2769824.75,50997176.8435,0,0.02729045440397382,0.026924709270476205,18.662744053634658,0.15303131139841142,19.095477264072418,-0.12792856515659778,21.47290285126455,-0.3244392552930009,22.051333601783252,-0.12519746995910452,20.953077641835584,0.0885329863586044,16.04982919231335,0.028233453046549783,0.038665117222855046,0.046167554031516664,0.048120977595496675,26.44,15.4,0.3411296138695723,31.044042833585664,-1.2820195488219035,-0.9621357914204198,-0.31988375740148367,21.47290285126455,26.946815340161926,15.998990362367174,0.28928856473104286,7749914.906,0.7269190163157128,163029.08257234687,0.5500000000000007,0.3100000000000023,1.009999999999998,1.870000000000001,0.29411764705882376,0.49166503850747667,0.5083349614925233,0.06056755737133716,0,2,2,1,False,False,sideways
2025-02-13,19.2,19.34,18.18,18.56981149674597,2549414.88,1739491199999,47661024.2132,206666.0,1195616.19,22336565.075,0,-0.03111015514501192,-0.031604352753559536,18.685014368912384,0.022270315277726382,18.7896377693951,-0.3058394946773184,21.142377053924,-0.3305257973405489,21.934743867659677,-0.11658973412357554,21.030779788730502,0.07770214689491795,16.075730376666176,0.025901184352825624,0.03207553986587477,0.04632628990509593,0.04799761709812518,26.4,15.4,0.28816468152236097,24.887440074564424,-1.282315277166429,-1.0261716885696217,-0.2561435885968073,21.142377053924,26.470073434705256,15.814680673142748,0.25856680136107996,4875743.211,0.5228771839846592,-84980.49599999998,0.6400000000000006,0.14000000000000057,0.379999999999999,1.1600000000000001,0.5517241379310349,0.46897670496063004,0.53102329503937,0.08106409106704517,0,3,2,1,False,False,sideways
2025-02-14,18.56,19.84,18.45,19.26468517879458,3273627.94,1739577599999,62976478.4745,231325.0,1611512.32,31021159.7168,0,0.03741953342770188,0.036736411972954006,18.884002564726032,0.1989881958136479,18.725967369634294,-0.0636703997608059,20.861228146197515,-0.28114890772648593,21.866993818842264,-0.06775004881741253,21.103035288236274,0.07225549950577204,16.104581996408726,0.028851619742550128,0.026556272157065314,0.04773854101899266,0.04734995575337619,26.4,15.4,0.35133501625405267,24.93129587861158,-1.2125021748550857,-1.0634377858267146,-0.14906438902837116,20.861228146197515,25.944602900587352,15.777853391807678,0.3429642664035134,4172985.503,0.78448102387285,144632.26890086225,0.8200000000000003,0.46000000000000085,0.10999999999999943,1.3900000000000006,0.5899280575539568,0.492271067310111,0.507728932689889,0.07066319210362067,0,4,2,1,False,False,sideways
2025-02-15,19.39,19.67,18.73,19.034781401006814,1679060.06,1739663999999,32201612.5684,131457.0,842260.57,16169328.2529,0,-0.011933949382200604,-0.012005730616797878,18.938452851209313,0.05445028648328076,18.71446851921592,-0.011498850418373507,20.57260813279369,-0.2886200134038255,21.81676960523441,-0.050224213607855006,21.16797910198222,0.06494381374594482,16.13413363624174,0.0295516398330129,0.023916001759495098,0.04769783215176681,0.0468924475525075,26.4,15.4,0.3304346728188013,29.736153684646695,-1.1623275137240796,-1.0832157314061877,-0.07911178231789195,20.57260813279369,25.359490383936325,15.785725881651054,0.3393707374544471,3744425.5420000004,0.44841592953753007,-33789.13433436534,0.40000000000000213,0.28000000000000114,0.259999999999998,0.9400000000000013,0.4255319148936187,0.5016262312856158,0.4983737687143842,0.07829201773759063,0,5,2,1,False,False,sideways
2025-02-16,19.0,19.26,18.56,18.674529759800993,1828935.06,1739750399999,34612458.6844,130608.0,831429.31,15745576.6961,0,-0.018925966819181128,-0.019107355209407657,18.94197575469369,0.0035229034843773377,18.725844248464966,0.011375729249046174,20.293960728388207,-0.27864740440548275,21.75016047083695,-0.06660913439745997,21.217594094687414,0.04961499270519454,16.163457537970192,0.02932390172845345,0.022494768953153638,0.04766254552685036,0.04684027677322699,26.4,15.4,0.29768452361827213,38.418774317995755,-1.1385090068518267,-1.0942743864953155,-0.044234620356511156,20.293960728388207,24.821950745516084,15.76597071126033,0.32117551469178973,3469066.3189999997,0.5272124807712563,-28893.128909952364,0.3099999999999987,0.26000000000000156,0.13000000000000256,0.7000000000000028,0.44285714285713923,0.4545975022207732,0.5454024977792268,0.07141204893300039,0,6,2,1,False,False,sideways
2025-02-17,18.7,19.8,18.36,19.177648694207445,3643081.5,1739836799999,69752680.8792,245131.0,1731798.0,33187782.5271,0,0.026941451317798126,0.02658491989366681,18.94429130611116,0.0023155514174710845,18.803517679872908,0.07767343140794125,20.125758285711402,-0.1682024426768045,21.714969942121932,-0.03519052871501671,21.27198529568131,0.054391200993897826,16.195144241873084,0.03168670390289208,0.023616933298365287,0.046325140144657,0.046531660288595685,26.4,15.4,0.34342260856431317,32.40936205547729,-1.066738478132006,-1.0887672048226538,0.022028726690647815,20.125758285711402,24.550944219155472,15.700572352267333,0.3928734740456369,3242554.976,1.1235218915221254,83816.21428571461,0.4200000000000017,0.6799999999999997,0.33999999999999986,1.4400000000000013,0.2916666666666676,0.47536625244315833,0.5246337475568417,0.06728671867483613,0,0,2,1,False,False,sideways
2025-02-18,19.12,19.2,17.28,17.906564793472164,4505341.14,1739923199999,81125118.2242,305224.0,2200164.25,39666019.4476,0,-0.06627944442006639,-0.06857807654776775,18.8116419654564,-0.13264934065476197,18.748328167184393,-0.05518951268851424,19.83605278501397,-0.2897055006974334,21.66017096435314,-0.05479897776879383,21.308296842479464,0.03631154679815296,16.224902339637662,0.02975809776457794,0.032542415871781374,0.045988639596879696,0.04741660283522852,26.4,15.4,0.22786952667928764,34.67825892302743,-1.0997484493858778,-1.0909634537352986,-0.00878499565057922,19.83605278501397,24.028326158168497,15.64377941185944,0.26987569514223536,3444347.483,1.308039087878521,-292187.396108787,1.240000000000002,0.0799999999999983,0.5999999999999979,1.9199999999999982,0.645833333333335,0.48834576153760473,0.5116542384623953,0.06774714511407676,0,1,2,1,False,False,sideways
2025-02-19,17.88,18.21,17.44,17.984807221102137,2675151.19,1740009599999,47884780.9643,197972.0,1281824.63,22961511.3492,0,0.004369482842320416,0.004359964369296126,18.55566637391791,-0.2559755915384905,18.719834469321974,-0.02849369786241951,19.511118746864618,-0.32493403814935107,21.620083549501278,-0.04008741485186107,21.339191021446574,0.030894178967109553,16.256355254620036,0.031452914982374125,0.03248711055340391,0.044916795853806105,0.04722350889665562,26.4,15.4,0.23498247464564886,40.019863864741076,-1.106836655436112,-1.0941380940754613,-0.012698561360650729,19.511118746864618,23.158722280053496,15.86351521367574,0.290778861809562,3376478.411,0.7922903286704889,14961.695693512529,0.10000000000000142,0.23000000000000043,0.4399999999999977,0.7699999999999996,0.1298701298701318,0.4791596956432208,0.5208403043567792,0.07400404161829822,0,2,2,1,False,False,sideways
2025-02-20,17.98,18.48,17.81,18.254906696645623,2731996.9,1740095999999,49529653.7905,155368.0,1297660.73,23548181.2295,0,0.015018202431804184,0.014906545763297564,18.39969143304567,-0.1559749408722375,18.669072142127494,-0.05076232719448015,19.1652899320995,-0.34582881476511673,21.55053854992691,-0.06954499957436866,21.381568228438113,0.042377206991538685,16.293107103661818,0.036751849041781526,0.031546105343148535,0.04435838953293996,0.04554563664549642,25.99,15.4,0.26958514604774536,47.2282258100816,-1.0782301731764328,-1.0909565098956557,0.012726336719222964,19.1652899320995,21.692830810564757,16.637749053634245,0.31990731718517834,3278369.3219999997,0.83334018582547,45583.93047830911,0.3000000000000007,0.1999999999999993,0.1700000000000017,0.6700000000000017,0.44776119402985065,0.4749861648818123,0.5250138351181877,0.056869757063047914,0,3,2,1,False,False,sideways
2025-02-21,18.28,19.06,17.12,17.389026976657014,4587895.37,1740182399999,83181155.1583,257095.0,2349110.96,42640100.7813,0,-0.04743271134591531,-0.04859453022021209,18.142590876416875,-0.25710055662879583,18.54228331555528,-0.1267888265722128,18.882844572392152,-0.2824453597073493,21.457453758760092,-0.09308479116681667,21.421379902341524,0.03981167390341156,16.332664915351213,0.039557811689395095,0.03465525112367116,0.04198937320773543,0.045917396054062906,23.33,15.4,0.250823073979447,41.870471177605374,-1.112603189830459,-1.0952858458826165,-0.017317343947842456,18.882844572392152,20.769497292026234,16.99619185275807,0.10410901800070949,3310806.456,1.3857334854731842,-213332.1151258209,0.8500000000000014,0.7799999999999976,0.3099999999999987,1.9399999999999977,0.43814432989690844,0.512023655848978,0.4879763441510219,0.056037677249819236,0,4,2,1,False,False,sideways
2025-02-22,17.43,18.03,17.3,17.78276917418706,2055640.23,1740268799999,36269450.2652,109215.0,968113.76,17094818.0209,0,0.022643141451134996,0.022390590776156464,17.863614972412797,-0.2789759040040778,18.40395313926198,-0.13833017629330158,18.749715201667197,-0.133129370724955,21.34268522484643,-0.11476853391366149,21.469791132693327,0.04841123035180317,16.37127162409169,0.03860670874047756,0.034180205008402034,0.03552341601090799,0.044940487378394844,22.05,15.4,0.3583111540130916,44.84970384379724,-1.0954447433623464,-1.0953176253785624,-0.00012711798378406414,18.749715201667197,20.54571551200995,16.953714891324445,0.23080571815279816,2953014.427,0.6961158777975722,38919.17819277118,0.33000000000000185,0.2699999999999996,0.129999999999999,0.7300000000000004,0.4520547945205502,0.47095486159073663,0.5290451384092634,0.053129433062321416,0,5,2,1,False,False,sideways
2025-02-23,17.76,18.13,17.42,17.627442223384012,1720018.44,1740355199999,30501320.808,95605.0,894325.13,15854790.2999,0,-0.008734688578678429,-0.008773059573489651,17.807790458395168,-0.05582451401762967,18.309716211925785,-0.09423692733619404,18.549676990660444,-0.20003821100675268,21.2247649595737,-0.11792026527272981,21.50758709140171,0.037795958708382926,16.41203659070412,0.040764966612428566,0.03313783619046103,0.032150118340582255,0.044939116043988384,21.71,17.12,0.1105538613037061,45.079155085974186,-1.0819085692036765,-1.0926358141435852,0.010727244939908731,18.549676990660444,19.80583323187947,17.29352074944142,0.1329139891143403,2870074.783,0.599293945296477,-13558.703918919067,0.14000000000000057,0.36999999999999744,0.1999999999999993,0.7099999999999973,0.19718309859155084,0.519950896572946,0.4800491034270539,0.05558370641654284,0,6,2,1,False,False,sideways
2025-02-24,17.62,17.75,14.97,15.232685177526122,5293023.88,1740441599999,85861287.8383,283073.0,2382876.77,38695139.0666,0,-0.13585391547510395,-0.1460134451591549,17.257366049679966,-0.5504244087152017,17.906516211798937,-0.40320000012684787,18.316241790716614,-0.23343519994383044,21.05754049574133,-0.16722446383237255,21.51521541484778,0.00762832344607034,16.434383328501198,0.022346737797079186,0.049789466465977414,0.04005269266921916,0.048592321591871206,20.27,14.97,0.04956324104266439,29.059592300457197,-1.2500086122622847,-1.1241103737673253,-0.1258982384949594,18.316241790716614,20.12735539929176,16.50512818214147,-0.3512874616453285,3072014.3770000003,1.7229814806950687,-708940.7693984112,2.360000000000001,0.129999999999999,0.28999999999999915,2.7799999999999994,0.8489208633093531,0.4501919553024953,0.5498080446975048,0.05348039351751423,0,0,2,1,False,False,sideways
2025-02-25,15.26,15.59,14.02,15.243337382039828,10228092.27,1740527999999,150983033.2925,490873.0,4876567.13,72010874.003,0,0.0006992991970595774,0.0006990548013066053,16.655052186758805,-0.6023138629211608,17.52737180990224,-0.3791444018966956,18.120920164559077,-0.19532162615753634,20.8855935213644,-0.17194697437692952,21.530141805698012,0.014926390850231286,16.457773042165574,0.023389713664375478,0.05023209207317237,0.039696180175824734,0.04853816879939558,19.94,14.02,0.2066448280472682,29.518566656495025,-1.3666160643012724,-1.1726115118741147,-0.19400455242715764,18.120920164559077,20.348290151284708,15.893550177833447,-0.14595976413183864,3926917.5979999998,2.604610872203996,33512.753178244384,0.05000000000000071,0.27999999999999936,1.2400000000000002,1.5700000000000003,0.03184713375796223,0.4767816911765111,0.523218308823489,0.04799262531486725,0,1,2,1,False,False,sideways
2025-02-26,15.31,15.78,14.67,15.327618051348955,6144417.14,1740614399999,93861531.9061,306034.0,2851436.68,43551306.3981,0,0.005529016854827873,0.005513787949266622,16.242770401697197,-0.41228178506160873,17.192680639057038,-0.33469117084520406,17.959262443761002,-0.1616577207980754,20.76474367880324,-0.12084984256116016,21.53096547249133,0.0008236667933196884,16.481599610333095,0.0238265681675216,0.05092160904449176,0.039552996730563096,0.04655058660432161,19.86,14.02,0.2239072005734512,25.73201970686742,-1.4356779626285139,-1.2252248020249947,-0.21045316060351915,17.959262443761002,20.499548101048383,15.418976786473621,-0.017981980660833053,4358465.806,1.4097660538121932,-20066.679098628552,0.05000000000000071,0.46999999999999886,0.5899999999999999,1.1099999999999994,0.04504504504504571,0.4640695146553804,0.5359304853446196,0.04980683977455346,0,2,2,1,False,False,sideways
2025-02-27,15.26,15.78,14.78,15.120822466765224,3366542.39,1740700799999,51701783.8857,184822.0,1578620.99,24262017.2109,0,-0.013491697398183233,-0.01358353733408567,15.710381060212828,-0.5323893414843681,16.786998016312815,-0.40568262274422295,17.795257848092863,-0.16400459566813907,20.659319481274018,-0.10542419752922072,21.535354665578687,0.004389193087355636,16.507024339229453,0.025424728896357607,0.04847580073380496,0.039567237846761985,0.046203823085455016,19.84,14.02,0.1891447537397293,27.064867248700352,-1.4899217989755833,-1.2781642014151124,-0.21175759756047086,17.795257848092863,20.62278152643573,14.967734169749995,0.027071090188880313,4330811.895,0.7773467127230195,-35297.95428571418,0.16000000000000014,0.5199999999999996,0.3200000000000003,1.0,0.16000000000000014,0.46891463321214855,0.5310853667878515,0.054899650320458314,0,3,2,1,False,False,sideways
2025-02-28,15.11,15.2,13.45,14.802150480016179,6722597.01,1740787199999,95138294.396,354541.0,3248254.4,45944939.5586,0,-0.02107504320280662,-0.021300292303612054,15.145322711539261,-0.565058348673567,16.476556584967216,-0.3104414313455983,17.612442376075805,-0.18281547201705806,20.562052194797715,-0.09726728647630267,21.541111686193453,0.005757020614765906,16.52794299219571,0.020918652966258833,0.045967278388194116,0.03954754882733402,0.04605185285844259,19.84,13.45,0.2116041439774929,18.762035704173698,-1.5408624925041146,-1.330703859632913,-0.2101586328712015,17.612442376075805,20.71850276834641,14.506381983805198,0.047611517301305036,4552537.482,1.4766703265113281,-129109.47899999976,0.29999999999999893,0.08999999999999986,1.3600000000000012,1.75,0.17142857142857082,0.483184459096411,0.5168155409035889,0.0527386959939162,0,4,2,1,False,False,sideways
2025-03-01,14.81,15.14,14.22,14.724183499423786,2768879.74,1740873599999,40610512.9202,138582.0,1347354.17,19770436.3676,0,-0.005267273880079304,-0.005281194872447016,15.043622375918796,-0.10170033562046576,16.15049421279938,-0.3260623721678364,17.435164341060677,-0.17727803501512795,20.451486168260352,-0.11056602653736292,21.539908428280384,-0.001203257913068967,16.548609825646558,0.02066683345084641,0.04554921484492762,0.03956285536338816,0.04578273534172061,19.84,13.45,0.19940273856397284,19.169802366714535,-1.5694331939483206,-1.3784497264959947,-0.19098346745232586,17.435164341060677,20.77889678531992,14.091431896801435,0.09461755884635806,4561910.336999999,0.6069561949831896,-11217.608669817786,0.0600000000000005,0.33000000000000007,0.5299999999999994,0.9199999999999999,0.06521739130434837,0.48660624386669815,0.5133937561333018,0.050049844346074776,0,5,3,1,False,False,sideways
2025-03-02,14.75,17.55,14.4,17.489088173674595,7915106.42,1740959999999,128254562.6771,450780.0,4093226.41,66347299.0193,0,0.18777982998914755,0.17208587547307985,15.492772534245749,0.4491501583269528,16.073912360502277,-0.07658185229710313,17.371492251314884,-0.06367208974579341,20.399433584771643,-0.05205258348870956,21.54890749389769,0.008999065617306456,16.58447861029725,0.035868784650691765,0.07973448293534545,0.059017221272306665,0.053302242647754634,19.84,13.45,0.6320951758489195,43.691454869758154,-1.353370171846727,-1.3734338155661412,0.02006364371941416,17.371492251314884,20.65678714954455,14.086197353085218,0.5178973160709378,5080221.289,1.5580239461494056,1432768.416366102,2.6700000000000017,0.129999999999999,0.34999999999999964,3.1500000000000004,0.847619047619048,0.5171410455906417,0.4828589544093584,0.0569518558665191,0,6,3,1,False,False,sideways
2025-03-03,17.42,17.49,14.36,14.552765268396934,8257408.33,1741046399999,131102637.9407,459361.0,3859748.29,61272599.8687,0,-0.16789456809403902,-0.18379612514854282,15.337801977655342,-0.15497055659040626,15.79028618967627,-0.2836261708260075,17.166284752615773,-0.20520749869911015,20.29275116132647,-0.10668242344517154,21.520766872126988,-0.028140621770702978,16.606402517688906,0.021923907391656172,0.09506699770991858,0.06973660831147196,0.058268239677191996,19.84,13.45,0.1725767243187691,30.45062865187694,-1.4029035894605464,-1.3793277703450224,-0.023575819115523977,17.166284752615773,20.621813637031895,13.710755868199652,0.12183509794905913,5447172.585,1.5159072346520852,-1403095.7897129739,2.960000000000001,0.06999999999999673,0.10000000000000142,3.129999999999999,0.9456869009584671,0.4674285363819473,0.5325714636180526,0.05563016646895068,0,0,3,1,False,False,sideways
2025-03-04,14.46,15.36,13.08,14.937102021174784,10326427.49,1741132799999,144894861.9487,522248.0,5170143.63,72619858.5216,0,0.02640987782662063,0.026067158032354723,15.301057888537255,-0.036744089118087686,15.505719474375042,-0.2845667153012279,16.95483630681851,-0.21144844579726296,20.205750470399497,-0.08700069092697404,21.49165510435708,-0.029111767769908425,16.630539418140817,0.024136900451910748,0.09523372475674192,0.06971208891234369,0.058309914227031884,19.84,13.08,0.27471923390159525,36.43087042964606,-1.3950649752388316,-1.3824752113237841,-0.012589763915047403,16.95483630681851,20.412676562153774,13.496996051483247,0.20823778187403685,6274251.311,1.6458421854884482,285654.97897648584,0.3999999999999986,0.5,1.3800000000000008,2.2799999999999994,0.1754385964912275,0.5006710825216862,0.4993289174783137,0.050573927963542015,0,1,3,1,False,False,sideways
2025-03-05,14.87,16.59,14.63,16.398158235674355,8116733.84,1741219199999,128604981.1236,415151.0,4255431.65,67432957.7129,0,0.09781390074382457,0.09332083941805437,15.620259439668889,0.3192015511316342,15.382791075604075,-0.1229283987709664,16.846253643764932,-0.10858266305357844,20.12646019160618,-0.07929027879331585,21.48183996361827,-0.009815140738808736,16.661722785459848,0.031183367319030708,0.10153920924663448,0.07351984906747738,0.05947247386340745,19.84,13.08,0.4908518100109993,43.563182201966534,-1.2564739415695527,-1.357274957372938,0.10080101580338519,16.846253643764932,20.226072170993135,13.46643511653673,0.4337101379141115,6913922.851000001,1.1739693969576228,857555.3249528932,1.5600000000000005,0.16000000000000014,0.23999999999999844,1.959999999999999,0.7959183673469394,0.524278821245665,0.47572117875433495,0.05114754384997796,0,2,3,1,False,False,sideways
2025-03-06,16.43,17.67,16.37,17.09132404050045,8697077.04,1741305599999,148448982.1894,411963.0,4592474.27,78407572.7566,0,0.04227095475381537,0.04140194288135242,16.093687547884223,0.47342810821533376,15.56865496190151,0.1858638862974349,16.737585586850223,-0.10866805691470915,20.025141945788988,-0.10131824581719329,21.480033222474034,-0.001806741144235957,16.69679201157237,0.0350692261125225,0.09058618546700425,0.07367020761128369,0.058388875523113164,19.8,13.08,0.5969232203125668,45.436164641364904,-1.078277153648017,-1.3014753966279538,0.22319824297993685,16.737585586850223,19.924240210964065,13.550930962736379,0.5555031051958755,7254328.167,1.1988811148030325,333484.99909920804,0.629999999999999,0.610000000000003,0.05999999999999872,1.3000000000000007,0.48461538461538356,0.5280480153134299,0.47195198468657007,0.04736798330120346,0,3,3,1,False,False,sideways
2025-03-07,17.06,17.54,15.73,15.963153216929069,10299090.47,1741391999999,171490067.9756,532800.0,5161567.77,86080380.8527,0,-0.06600839238071965,-0.06828782621199293,15.788500556535118,-0.305186991349105,15.640636545390432,0.07198158348892214,16.584004177646335,-0.15358140920388763,19.88187438536461,-0.14326756042437694,21.45300096874134,-0.027032253732695466,16.7256830664801,0.028891054907731473,0.09416450401361867,0.07498162538096467,0.05863940546852413,19.8,13.08,0.42904065728111135,44.520148989124976,-1.0163727598217633,-1.2444548692667157,0.22808210944495233,16.584004177646335,19.59577192033505,13.572236434957622,0.3969291436525229,7261427.987000001,1.4183285282782216,-676141.9300351692,1.1199999999999992,0.4800000000000004,0.20999999999999908,1.8099999999999987,0.6187845303867403,0.5011673394883771,0.4988326605116229,0.0517327235401982,0,4,3,1,False,False,sideways
2025-03-08,15.95,16.04,15.13,15.300660521051316,3134313.82,1741478399999,48550942.9001,181622.0,1432526.49,22198546.3929,0,-0.041501367986318205,-0.04238714371322912,15.938079607065992,0.14957905053087472,15.63794079236067,-0.0026957530297622156,16.415310715708852,-0.16869346193748314,19.687326528891923,-0.19454785647268835,21.426730806739773,-0.026270162001566177,16.751278472879658,0.02559540639955671,0.09550028578533361,0.07535427287721974,0.05745266299127791,19.8,13.08,0.3304554346802554,40.65393815995685,-1.0091379909985996,-1.1973914936130925,0.18825350261449292,16.415310715708852,19.309717754148288,13.520903677269416,0.3074475739150848,6960417.654999999,0.4503054235184397,-133709.74890840656,0.6899999999999995,0.08999999999999986,0.129999999999999,0.9099999999999984,0.7582417582417591,0.45704628581192935,0.5429537141880707,0.057946335443845254,0,5,3,1,False,False,sideways
2025-03-09,15.27,15.37,13.6,13.856362275506806,4248839.69,1741564799999,61017584.4974,225196.0,1911849.0,27480419.3959,0,-0.09439450300576124,-0.09915150154916882,15.721931657932398,-0.21614794913359425,15.511494773234826,-0.12644601912584363,16.14924639477382,-0.2660643209350333,19.483362068820774,-0.20396446007114832,21.38203335403209,-0.04469745270768399,16.76434420351361,0.013065730633950778,0.10043690065514128,0.07731936791983766,0.05858361176893285,19.2,13.08,0.12685658096516433,37.05686116817212,-1.1071842516392891,-1.1793500452183319,0.07216579357904274,16.14924639477382,18.951330733617286,13.347162055930351,0.09086097311878592,7048647.385,0.6027879475205158,-403723.29950851883,1.459999999999999,0.09999999999999964,0.21000000000000085,1.7699999999999996,0.8248587570621466,0.44996967160227214,0.5500303283977278,0.05300176434757414,0,6,3,1,False,False,sideways
2025-03-10,13.81,14.57,12.41,12.563688554180546,7677019.97,1741651199999,103612729.9169,348681.0,3562133.95,48059269.9913,0,-0.09329098760727805,-0.09793370460592714,14.955037721633635,-0.7668939362987626,15.287648580651265,-0.22384619258356153,15.882102582809239,-0.2671438119645799,19.24890493817174,-0.23445713064903373,21.316997031966356,-0.06503632206573329,16.76984931820258,0.005505114688972412,0.10430776512089833,0.07852062578931968,0.0597033813314244,19.06,12.41,0.023111060779029437,40.089713380037566,-1.27450290937937,-1.1983806180505396,-0.07612229132883042,15.882102582809239,18.981719020807844,12.782486144810632,-0.03529430092507853,7144089.681,1.0745973682857524,-644847.4413613321,1.1600000000000001,0.7599999999999998,0.2400000000000002,2.16,0.5370370370370371,0.4639995680511432,0.5360004319488568,0.0454187954912927,0,0,3,1,False,False,sideways
2025-03-11,12.66,13.66,11.85,13.115437233590496,10016626.39,1741737599999,128415926.576,425468.0,4817912.63,61825195.8862,0,0.04391613792641791,0.04297915857732015,14.159860360251646,-0.7951773613819899,15.126773954067934,-0.16087462658333074,15.638634083433658,-0.2434684993755809,19.008916472571528,-0.23998846560021292,21.25921189681038,-0.05778513515597439,16.775278763411542,0.005429445208960715,0.1057786812086916,0.07951564300040419,0.05987161799963936,19.06,11.85,0.17551140549105365,42.40409257217727,-1.3470546364948284,-1.2281154217393975,-0.1189392147554309,15.638634083433658,18.807021916976744,12.47024624989057,0.1018169204018237,7868864.345999999,1.2729443474383668,380077.5230988143,0.47000000000000064,0.5299999999999994,0.8100000000000005,1.8100000000000005,0.2596685082872931,0.4809915476941333,0.5190084523058667,0.04247617745079938,0,1,3,1,False,False,sideways
2025-03-12,13.14,13.81,12.64,13.450227654554503,6327960.06,1741823999999,83574163.0875,265723.0,3073895.22,40620952.5247,0,0.025526439950210866,0.025206080694484267,13.657275247776733,-0.5025851124749128,14.722887902155923,-0.40388605191201066,15.398400131329101,-0.2402339521045569,18.74508811929862,-0.2638283532729062,21.14151603988887,-0.11769585692151097,16.780966366831926,0.00568760342038388,0.08256570618219831,0.07974243407702745,0.05921112311579255,19.06,11.85,0.22194558315596444,43.416082207727975,-1.3618391795825175,-1.2548601733080216,-0.10697900627449597,15.398400131329101,18.458284209946065,12.338516052712139,0.18165910427967039,7710149.710000001,0.8207311528325691,173500.80895658737,0.34999999999999964,0.3200000000000003,0.5,1.17,0.29914529914529886,0.4857640046482848,0.5142359953517153,0.04199188956322206,0,2,3,1,False,False,sideways
2025-03-13,13.49,13.6,12.71,13.051049987569222,4141753.02,1741910399999,54571993.252,202174.0,1961479.83,25865226.7051,0,-0.029678134618792984,-0.030127442544157265,13.207353141080315,-0.44992210669641786,14.572716374073156,-0.15017152808276713,15.181501281874711,-0.21689884945438997,18.49999401848396,-0.24509410081466143,21.030538052598708,-0.11097798729016262,16.785430083168208,0.004463716336282175,0.06533242504949464,0.07942680250719926,0.059011318155785475,18.13,11.85,0.1912499980205768,42.83804726823884,-1.389746208945402,-1.2818373804354977,-0.10790882850990435,15.181501281874711,18.26218081974161,12.100821744007812,0.15422380547561923,7298584.1790000005,0.5674734877919122,-138160.7753150485,0.45000000000000107,0.10999999999999943,0.3299999999999983,0.8899999999999988,0.5056179775280918,0.473586865399328,0.5264131346006721,0.048813630128046605,0,3,3,1,False,False,sideways
2025-03-14,13.04,14.71,12.99,13.716872345006834,12755289.32,1741996799999,178467468.7526,417668.0,6567332.0,91845519.8678,0,0.05101676555310042,0.04975804376862928,13.179455154980321,-0.027897986099993943,14.450693406456361,-0.12202296761679499,14.9782064404157,-0.20329484145901056,18.261234344524496,-0.23875967395946418,20.926926785048995,-0.10361126754971295,16.795129166010142,0.00969908284193366,0.067245238322513,0.08031213605489139,0.059568137222829234,18.13,11.85,0.2972726664023622,46.332758599741176,-1.342659092793717,-1.2940017229071414,-0.04865736988657554,14.9782064404157,17.866741049603508,12.089671831227893,0.281665400269598,7541470.362000001,1.6913531059236693,606463.1425153381,0.620000000000001,1.0500000000000007,0.049999999999998934,1.7200000000000006,0.3604651162790702,0.5148712691057955,0.48512873089420444,0.032744690419926906,0,4,3,1,False,False,sideways
2025-03-15,13.66,14.25,13.63,14.090551875349856,3408277.79,1742083199999,47621397.4214,125709.0,1779892.82,24872934.2322,0,0.027242327619900086,0.02687785989965709,13.484827819214184,0.3053726642338628,14.21993277042391,-0.23076063603245167,14.80136192301399,-0.17684451740170992,18.039438833160354,-0.22179551136414233,20.836289039885443,-0.09063774516355139,16.809595729322886,0.01446656331274454,0.058181599664169054,0.0807392972055773,0.05979645206148322,17.75,11.85,0.37975455514404344,47.90085895054627,-1.2606573259490101,-1.2873328435155154,0.026675517566505214,14.80136192301399,17.428197266227187,12.174526579800792,0.364702207258515,7070624.756999999,0.48203347046889544,87327.76182283998,0.34999999999999964,0.2400000000000002,0.02999999999999936,0.6199999999999992,0.5645161290322582,0.5222264526742112,0.4777735473257888,0.036883437250576925,0,5,3,1,False,False,sideways
2025-03-16,14.02,14.19,13.21,13.382692569476422,2780110.54,1742169599999,38117285.1993,143543.0,1250250.38,17150555.0822,0,-0.05023645007913213,-0.05154222018714589,13.538278886391367,0.05345106717718373,13.849069623321506,-0.3708631471024031,14.708862292611508,-0.09249963040248232,17.809339417883397,-0.23009941527695688,20.71140147236375,-0.12488756752169294,16.82087720052376,0.011281471200874194,0.05562885774034767,0.07571788931954784,0.06006962486188664,17.67,11.85,0.2633492387416532,34.249297539117364,-1.2385118711865175,-1.2775686490497158,0.03905677786319828,14.708862292611508,17.401218450093506,12.016506135129509,0.25371577058078126,6478928.107000001,0.4291003842126751,-127000.05321912933,0.6500000000000004,0.16999999999999993,0.15999999999999837,0.9799999999999986,0.6632653061224503,0.4497124707854242,0.5502875292145758,0.051632119635070334,0,6,3,1,False,False,sideways
2025-03-17,13.38,14.24,13.34,14.005863414608438,3319483.11,1742255999999,45834984.0301,147923.0,1641402.17,22673817.0721,0,0.04656543082767661,0.04551378443500209,13.649406038402153,0.11112715201078593,13.653340643089445,-0.19572898023206164,14.646988594239938,-0.06187369837157064,17.5933130527939,-0.21602636508949757,20.604157332371464,-0.10724413999228588,16.836460008185334,0.015582807661573383,0.057266544957157405,0.07654917869030262,0.060603709861659354,17.67,11.85,0.3704232671148518,47.4497330016343,-1.157335713898405,-1.2535220620194538,0.09618634812104876,14.646988594239938,17.344499715497886,11.94947747298199,0.3811635706375662,5780967.371000001,0.5742089337248396,163863.7885265521,0.6499999999999986,0.21000000000000085,0.040000000000000924,0.9000000000000004,0.7222222222222203,0.49447522870511007,0.5055247712948899,0.04456205833805252,0,0,3,1,False,False,sideways
2025-03-18,14.03,14.28,13.46,13.864139320467881,2922034.37,1742342399999,40493548.8302,161335.0,1366415.23,18931620.2398,0,-0.01011891162616474,-0.010170455821317675,13.812023904981885,0.16261786657973154,13.509688523031102,-0.14365212005834316,14.573814657695886,-0.0731739365440518,17.385646282245045,-0.20766677054885463,20.481000320397378,-0.12315701197408657,16.849930853487468,0.013470845302133938,0.05629033295204198,0.0765541852542828,0.060574702063389066,17.67,11.85,0.34607204819035753,44.88082030363955,-1.0918527752263536,-1.221188204660834,0.1293354294344804,14.573814657695886,17.272984031371614,11.874645284020158,0.3685381984270278,5759739.426000001,0.5073205841239388,-24992.453627939845,0.11999999999999922,0.25,0.4499999999999993,0.8199999999999985,0.14634146341463347,0.46762462619493417,0.5323753738050658,0.05521324514742104,0,1,3,1,False,False,sideways
2025-03-19,13.92,15.05,13.77,14.96136898585218,5082770.6,1742428799999,73126373.0292,224725.0,2575543.23,37100321.7922,0,0.07914156371498948,0.07616587666459179,14.060923233150955,0.24889932816907034,13.620189194065636,0.11050067103453465,14.565841983650234,-0.007972674045651829,17.234039711007217,-0.15160657123782784,20.408188119335193,-0.07281220106218456,16.86947157017161,0.01954071668414059,0.053494947734099824,0.07861099235469271,0.06118589347842475,17.67,11.85,0.5345994821051855,42.89843464791651,-0.9405774194813983,-1.165066047624947,0.22448862814354875,14.565841983650234,17.259143899825908,11.872540067474558,0.5734278990087327,5843132.517,0.8698708415755069,409252.5572969083,1.1099999999999994,0.02000000000000135,0.15000000000000036,1.2800000000000011,0.8671874999999988,0.5067203367391793,0.49327966326082073,0.044213091182985914,0,2,3,1,False,False,sideways
2025-03-20,15.03,15.17,14.08,14.241696609013106,3092914.51,1742515199999,45029471.8729,137126.0,1482181.45,21601760.7432,0,-0.04810204049640199,-0.049297435330916975,14.091152179883604,0.030228946732648865,13.787989999548893,0.1678008054832567,14.53781929010008,-0.028022693550154187,17.044860147039063,-0.18917956396815327,20.329529735704803,-0.07865838363039046,16.88900189046365,0.01953032029204138,0.045151125088262606,0.07926554898779388,0.06088786244438488,17.67,11.85,0.41094443453833424,35.95206062895663,-0.8687477728822692,-1.1058023926764116,0.23705461979414233,14.53781929010008,17.23243108117409,11.843207499026066,0.44505281204738123,5384721.971,0.5743870392301077,-166684.01550898163,0.8099999999999987,0.14000000000000057,0.14000000000000057,1.0899999999999999,0.7431192660550447,0.4792183699897997,0.5207816300102003,0.044335528691997375,0,3,3,1,False,False,sideways
2025-03-21,14.22,14.39,13.82,13.973276917496426,1751688.08,1742601599999,24662386.0122,109403.0,807673.65,11379227.1478,0,-0.018847451879209776,-0.01902732883451147,14.209269049487606,0.1181168696040018,13.873773967939488,0.08578396839059543,14.50027396100371,-0.03754532909636943,16.83465592570721,-0.21020422133185335,20.228559723442768,-0.10097001226203517,16.9053238418627,0.016321951399049794,0.04481856603791305,0.07938068049717213,0.06061067495807708,17.67,11.85,0.36482421262825177,39.28187063880845,-0.823983121760266,-1.0494385384931824,0.22545541673291636,14.50027396100371,17.2048592987719,11.795688623235518,0.4025734118742656,4558228.14,0.38429144531585474,-30796.20393811541,0.25,0.16999999999999993,0.15000000000000036,0.5700000000000003,0.43859649122806993,0.4610830314036275,0.5389169685963725,0.06245575410891647,0,4,3,1,False,False,sideways
2025-03-22,13.96,14.5,13.93,14.183602806849464,1474759.41,1742687999999,20981581.1259,67838.0,721300.66,10266419.6991,0,0.015052008959307361,0.01493985153500596,14.244816927935812,0.03554787844820595,13.947111483168985,0.07333751522949683,14.334999692662453,-0.1652742683412569,16.614898322005235,-0.21975760370197506,20.079904407481727,-0.1486553159610402,16.924627312028797,0.019303470166097014,0.04446500053649022,0.06622511959762838,0.06047414785485791,17.67,11.85,0.4009626815892549,43.67506928082546,-0.7627428469811317,-0.9920994001907724,0.22935655320964066,14.334999692662453,16.645897095497023,12.024102289827884,0.46724283699759145,4072908.075,0.3620900307208627,29558.5279026486,0.28999999999999915,0.25,0.030000000000001137,0.5700000000000003,0.5087719298245597,0.4890971741621232,0.5109028258378768,0.04599936744936586,0,5,3,1,False,False,sideways
2025-03-23,14.25,14.5,14.21,14.509185007932738,1401116.5,1742774399999,20119989.6765,76064.0,740797.79,10638947.9862,0,0.02295483069548765,0.02269533222683137,14.373826065428782,0.12900913749296983,14.092924985205334,0.1458135020363489,14.332820679639244,-0.0021790130232091087,16.44432333874781,-0.17057498325742415,19.935437446034324,-0.144466961447403,16.94499937395515,0.020372061926352103,0.04283082715256296,0.054771286227155706,0.059654855532405515,17.67,11.85,0.45690464053827096,54.23258033900712,-0.6800979792246711,-0.9296991159975521,0.24960113677288098,14.332820679639244,16.642935557013217,12.022705802265273,0.5381721987120344,3798844.4230000004,0.36882702842921866,21631.272280701698,0.22000000000000064,0.02999999999999936,0.03999999999999915,0.28999999999999915,0.7586206896551768,0.5287196246707536,0.4712803753292463,0.054288133784735244,0,6,3,1,False,False,sideways
2025-03-24,14.46,15.41,14.16,15.134680502406122,3509456.58,1742860799999,52643960.5413,167418.0,1754192.34,26321746.5602,0,0.0431103121320322,0.042206934694476735,14.408488368739572,0.034662303310790676,14.234705800945264,0.14178081573992962,14.342699603700812,0.009878924061567318,16.33810981702221,-0.10621352172559995,19.795671884392785,-0.1397655616415392,16.970376937929395,0.02537756397424573,0.042086127024465875,0.05529922464901602,0.05809951881177888,17.67,11.85,0.564378093196928,68.24770819362381,-0.5577002459050693,-0.8552993419790555,0.29759909607398627,14.342699603700812,16.66535087550588,12.020048331895742,0.6704907035161193,2874261.149,1.2209943349166426,160071.965639254,0.6699999999999999,0.27999999999999936,0.3000000000000007,1.25,0.5359999999999999,0.49984728404874584,0.5001527159512542,0.047704821582377294,0,0,3,1,False,False,sideways
2025-03-25,15.13,15.61,14.87,15.477241470748965,2219727.7,1742947199999,33976070.635,141005.0,1108290.41,16976173.5852,0,0.022634172441789113,0.022381820318199477,14.655597341086741,0.2471089723471689,14.373374760485174,0.13866895953990976,14.296653765454542,-0.046045838246270065,16.21509051756681,-0.12301929945540024,19.658916390756584,-0.1367554936362012,17.0001044208683,0.029727482938906036,0.041909441328389516,0.0508264506225182,0.057541068375441325,17.67,11.85,0.6232373661080693,67.27599009934765,-0.4281222266454954,-0.7698639189123435,0.34174169226684814,14.296653765454542,16.480071564055173,12.11323596685391,0.7703531376475612,2755406.1399999997,0.8055900245616787,45480.21064110997,0.3099999999999987,0.16999999999999993,0.26000000000000156,0.7400000000000002,0.4189189189189171,0.49929115629813503,0.500708843701865,0.06352355741652456,0,1,3,1,False,False,sideways
2025-03-26,15.43,16.0,14.94,15.286894813893728,3150903.48,1743033599999,48811883.1577,160975.0,1621403.36,25106363.4573,0,-0.012298487247548673,-0.012374739478207428,14.918320920366204,0.2627235792794629,14.563794984926906,0.19042022444173234,14.206432304124203,-0.09022146133033893,16.122800630316632,-0.09228988725017828,19.52466281424469,-0.1342535765118953,17.026247821259297,0.026143400390996163,0.037291845329114295,0.049799630830089425,0.056532965360709224,17.54,11.85,0.6040236931271931,63.724770874929206,-0.3369064494061256,-0.6832724250111,0.3463659756049744,14.206432304124203,16.021708721614953,12.39115588663345,0.7976027505670582,2792485.434,1.1283509097795352,-40814.81191709824,0.1899999999999995,0.5700000000000003,0.3000000000000007,1.0600000000000005,0.17924528301886736,0.5145836330092853,0.48541636699071466,0.05108852144211031,0,2,3,1,False,False,sideways
2025-03-27,15.25,15.8,15.17,15.478441755202633,2499733.03,1743119999999,38872790.8487,142654.0,1253350.86,19496323.4134,0,0.01253014059695201,0.012452288046301224,15.177288710036837,0.25896778967063305,14.711052818986323,0.14725783405941684,14.182196731037886,-0.024235573086317075,16.049374067316872,-0.07342656299976014,19.400906717359103,-0.12375609688558598,17.051959920361764,0.02571209910246708,0.03550050235711509,0.04773684207231308,0.05636128201476077,16.04,11.85,0.8659765525543278,68.71994850310094,-0.2463216092491436,-0.5958822618587087,0.34956065260956515,14.182196731037886,15.90953284008016,12.45486062199561,0.8752150543774173,2710510.426,0.9222370096871193,45926.8535695539,0.2699999999999996,0.28000000000000114,0.08000000000000007,0.6300000000000008,0.4285714285714274,0.5013938868503891,0.49860611314961095,0.057067694144922354,0,3,3,1,False,False,sideways
2025-03-28,15.53,15.59,14.0,14.291458913688029,3532174.05,1743206399999,51328687.683,161931.0,1637565.27,23758568.6107,0,-0.0766861975053551,-0.0797861212254561,15.133743491187895,-0.04354521884894247,14.75378477830834,0.04273195932201723,14.131736650669719,-0.050460080368166516,15.963987796244421,-0.08538627107245134,19.294667248833367,-0.10623946852573596,17.07061103702279,0.018651116661025924,0.044832781918454676,0.049927811308879945,0.05719640454317778,16.0,11.85,0.5883033526959106,54.101496556610925,-0.2672315866914303,-0.530152126825253,0.2629205401338227,14.131736650669719,15.77858884679082,12.484884454548618,0.5484931991451663,2771524.394,1.2744517268715767,-289037.4383698451,1.2799999999999994,0.0600000000000005,0.25,1.5899999999999999,0.8050314465408802,0.4636139801774491,0.5363860198225509,0.045844569862008924,0,4,3,1,False,False,sideways
2025-03-29,14.25,14.42,13.37,13.614090481580496,2413896.58,1743292799999,33228008.9476,132568.0,1041029.99,14335902.1954,0,-0.047396730886499316,-0.048556758841399233,14.82962548702277,-0.30411800416512413,14.619056927881172,-0.1347278504271685,14.119623060973405,-0.012113589696314264,15.868251318273472,-0.09573647797094864,19.202579366676723,-0.09208788215664399,17.086045159589734,0.015434122566944097,0.03868827612400877,0.04633700654491484,0.057527896986351766,16.0,11.85,0.42508204375433634,46.7402655517977,-0.33460376204434894,-0.49104245386907225,0.1564386918247233,14.119623060973405,15.778523899934141,12.460722222012668,0.3476302598925642,2504636.9919999996,0.9637710325728513,-118577.37585964896,0.6999999999999993,0.16999999999999993,0.1800000000000015,1.0500000000000007,0.6666666666666655,0.43126536514667085,0.5687346348533292,0.054918674270626786,0,5,3,1,False,False,sideways
2025-03-30,13.56,13.87,13.19,13.359307370363743,2061395.48,1743379199999,28042290.8148,115436.0,1076030.4,14659799.3129,0,-0.01871466269167721,-0.018891997990441268,14.406038666945724,-0.4235868200770465,14.530818004016234,-0.08823892386493704,14.159404001782562,0.03978094080915717,15.766268267273599,-0.10198305099987337,19.102004283226265,-0.10057508345045818,17.101033777959387,0.01498861836965304,0.036412369482986526,0.041129808751090235,0.05755273734360262,16.0,11.85,0.36368852297921517,49.82943482540939,-0.4038996603005991,-0.47361389515537766,0.06971423485477857,14.159404001782562,15.694760587422474,12.62404741614265,0.23944273307514682,2401485.089,0.8583836266326281,-21298.55108487102,0.15000000000000036,0.3099999999999987,0.22000000000000064,0.6799999999999997,0.22058823529411825,0.5219912483751056,0.4780087516248945,0.05599895853075219,0,6,3,1,False,False,sideways
2025-03-31,13.42,13.72,12.96,13.569675824280882,2664605.78,1743465599999,35568817.6807,167541.0,1306213.66,17452453.3684,0,0.015746958138250555,0.015624261185916474,14.062594869023158,-0.34344379792256596,14.49045789469468,-0.040360109321554205,14.182115931317085,0.02271192953452328,15.67226689976469,-0.09400136750890908,19.015743362009815,-0.08626092121645001,17.114921098568615,0.013887320609228482,0.03667388689000414,0.04015748640675977,0.05761999382549409,16.0,12.64,0.276689233416929,46.614715566352906,-0.43680694425953526,-0.4662525049762092,0.029445560716673924,14.182115931317085,15.664991185286015,12.699240677348156,0.2934957423434636,2492776.859,1.0689307269439794,19870.289187173654,0.08999999999999986,0.21000000000000085,0.4599999999999991,0.7599999999999998,0.11842105263157879,0.49020897192529544,0.5097910280747046,0.06287646797793857,0,0,3,1,False,False,sideways
2025-04-01,13.5,14.4,13.49,14.084713509886383,2669710.9,1743551999999,37425026.2424,136757.0,1181840.9,16549577.6296,0,0.03795504714150355,0.03725247662046429,13.783849219959905,-0.2787456490632536,14.480568964998373,-0.009888929696307613,14.213840224083677,0.031724292766591944,15.578710570590609,-0.0935563291740813,18.936839807263876,-0.07890355474593846,17.128190957542373,0.01326985897375721,0.0385457843334428,0.04062645246233584,0.05776233974414449,16.0,12.71,0.41784605163719823,51.61812821070584,-0.41652552008493693,-0.45630710799795476,0.039781587913017835,14.213840224083677,15.657414990635246,12.770265457532108,0.4552753632201004,2612272.0080000004,1.021988097649898,104733.29215396006,0.5399999999999991,0.3600000000000012,0.009999999999999787,0.9100000000000001,0.5934065934065924,0.44268497386739514,0.5573150261326049,0.05122539672741345,0,1,4,2,False,False,sideways
2025-04-02,14.04,14.4,12.81,12.95406742003926,6814389.49,1743638399999,93448345.0399,303359.0,3154738.25,43328915.382,0,-0.08027469561617251,-0.08368023571508044,13.516370921230154,-0.2674782987297508,14.325057206209024,-0.15551175878934842,14.20899109570718,-0.004849128376497092,15.464653614143813,-0.11405695644679525,18.820592342943083,-0.11624746432079291,17.13669980770331,0.008508850160936277,0.04499391036804972,0.04419332054943345,0.0587595781854986,16.0,12.81,0.04516220063926646,35.34631724793438,-0.4860827758893951,-0.46226224157624285,-0.02382053431315223,14.20899109570718,15.669563413902477,12.748418777511883,0.07040002058284914,3153599.307,2.160829207082268,-553305.1295299141,1.1399999999999988,0.3600000000000012,0.08999999999999986,1.5899999999999999,0.716981132075471,0.46295244124650115,0.5370475587534989,0.04451741428123152,0,2,4,2,False,False,sideways
2025-04-03,12.9,13.31,12.3,12.908353509365384,5139724.57,1743724799999,65353898.1755,194191.0,2387926.8,30342936.8532,0,-0.0035289233251295515,-0.0035351646628412423,13.37522352678713,-0.14114739444302415,14.10242450690495,-0.22263269930407503,14.168565153925107,-0.04042594178207359,15.33949926558872,-0.12515434855509255,18.695416433685985,-0.12517590925709854,17.147407338707747,0.010707531004438664,0.04108535212145606,0.04256908798942739,0.058569290066422135,16.0,12.3,0.16441986739604947,39.20401144526523,-0.5386864902527471,-0.4775470913115437,-0.06113939894120335,14.168565153925107,15.727905887768276,12.609224420081937,0.09591524250963736,3316626.106,1.549684651128414,0.0,0.0,0.41000000000000014,0.5999999999999996,1.0099999999999998,0.0,0.46460209442701705,0.535397905572983,0.03778237478589246,0,3,4,2,False,False,sideways
2025-04-04,12.9,13.2,12.35,12.905643882575854,4559146.69,1743811199999,58370703.5135,210445.0,2137532.67,27379470.8014,0,-0.00020991265753322885,-0.00020993469227876047,13.28449082922955,-0.09073269755757885,13.845264748087638,-0.2571597588173109,14.109319754286409,-0.059245399638697904,15.226215913305317,-0.11328335228340336,18.580479890482497,-0.11493654320348767,17.15921272457127,0.011805385863521423,0.03935893722309055,0.04200992708144486,0.058463751040191705,16.0,12.3,0.16368753583131165,40.96675893529588,-0.57397750175992,-0.49683317340121896,-0.07714432835870105,14.109319754286409,15.768013943192882,12.450625565379935,0.137161605870187,3550568.0050000004,1.284061221635438,14136.88896123993,0.03999999999999915,0.2599999999999998,0.5500000000000007,0.8499999999999996,0.04705882352941078,0.46884489913177146,0.5311551008682286,0.04615885697680852,0,4,4,2,False,False,sideways
2025-04-05,12.94,13.06,12.57,12.83807930912219,1414775.76,1743897599999,18140090.1823,69620.0,608112.47,7793698.1759,0,-0.005235273347723779,-0.005249025409436451,13.138171526197814,-0.14631930303173668,13.600383197610483,-0.24488155047715487,14.082089091268696,-0.02723066301771304,15.09768379591187,-0.12853211739344772,18.482338807377065,-0.0981410831054319,17.16999597019583,0.010783245624562454,0.03952146245998196,0.04055701878962477,0.058134110047945255,16.0,12.3,0.14542684030329434,38.33369286218001,-0.6004758670423556,-0.5175617121294463,-0.08291415491290921,14.082089091268696,15.807548632317413,12.356629550219978,0.13951348827616997,3376955.233,0.41895010812540434,-9840.016877898017,0.08999999999999986,0.120000000000001,0.27999999999999936,0.4900000000000002,0.18367346938775472,0.42982957949463313,0.5701704205053669,0.04920921178349847,0,5,4,2,False,False,sideways
2025-04-06,12.84,12.96,11.0,11.367476803876166,4370640.73,1743983999999,51683652.3928,216324.0,1975551.19,23312771.4733,0,-0.11455004053457407,-0.12165933440583145,12.594724184995771,-0.5434473412020431,13.189286702477839,-0.4110964951326448,13.950169760732084,-0.1319193305366113,14.944337703969257,-0.15334609194261262,18.38055365460183,-0.10178515277523559,17.17240050947071,0.002404539274877493,0.0485259874082341,0.046165373160733665,0.06011080429167793,16.0,11.0,0.07349536077523311,27.272626135094725,-0.7317066850805034,-0.5603907067196578,-0.17131597836084556,13.950169760732084,16.060645177550562,11.839694343913605,-0.11187468384476677,3564046.003,1.2263143422730955,-534000.4627315176,1.5600000000000005,0.120000000000001,0.27999999999999936,1.9600000000000009,0.7959183673469387,0.4520049375003193,0.5479950624996808,0.04949480256182026,0,6,4,2,False,False,sideways
2025-04-07,11.29,11.89,10.1,11.493527833896472,13409341.29,1744070399999,148005629.9468,572272.0,6733117.26,74315289.4144,0,0.011088743104127108,0.011027713737175942,12.302616267767213,-0.29210791722855767,12.909493594498684,-0.27979310797915424,13.83163918640351,-0.11853057432857383,14.800717665451167,-0.14362003851809035,18.275439068144056,-0.10511458645777338,17.173389027625866,0.0009885181551574362,0.046911790348805174,0.04638960394280772,0.06015404096671581,16.0,10.1,0.2361911582875377,21.607984497850822,-0.8161289625152612,-0.6115383578787785,-0.2045906046364827,13.83163918640351,16.211542067338744,11.451736305468277,0.008780091146360658,4551762.727,2.945966671430147,202091.13646276604,0.16000000000000014,0.4400000000000013,1.1899999999999995,1.790000000000001,0.08938547486033523,0.5021214028627353,0.49787859713726473,0.042677114977062384,0,0,4,2,False,False,sideways
2025-04-08,11.46,11.89,10.78,10.967456683099844,4384116.83,1744156799999,49810099.3274,211552.0,2064389.14,23474270.8596,0,-0.045771077287962925,-0.046851675405780766,11.914436902514106,-0.3881793652531069,12.644830214650618,-0.2646633798480664,13.631943571265893,-0.19969561513761747,14.636513825229015,-0.16420384022215195,18.175741883675474,-0.09969718446858167,17.17112983741241,-0.0022591902134578845,0.04681098215591525,0.04222148472920498,0.06017438334055759,16.0,10.1,0.14702655645760068,15.813172265607392,-0.9149369473209674,-0.6722180757672164,-0.24271887155375105,13.631943571265893,16.269062789021387,10.994824353510399,-0.005188933102889565,4748784.751999999,0.9232081593408891,-199103.99577292585,0.5300000000000011,0.4299999999999997,0.15000000000000036,1.1100000000000012,0.477477477477478,0.4708791348518876,0.5291208651481125,0.048254188518055526,0,1,4,2,False,False,sideways
2025-04-09,10.93,12.82,10.44,12.62978031215514,8980891.69,1744243199999,104577153.3633,359453.0,4570019.47,53158535.17,0,0.15156874351888994,0.14112513760123274,11.859264188429961,-0.05517271408414537,12.571877508829758,-0.07295270582086033,13.551347756422995,-0.0805958148428978,14.530978135602675,-0.10553568962633975,18.095574549977904,-0.08016733369757034,17.176890058498234,0.005760221085825634,0.07178280416710729,0.05541118011388763,0.06374651463130744,16.0,10.1,0.42877632409409144,33.53253434459502,-0.8493169656079687,-0.7076378537353668,-0.14167911187260185,13.551347756422995,16.20845374541805,10.894241767427939,0.32658436507901556,5440734.373000001,1.6506763746027118,1413278.4727172933,1.7200000000000006,0.16999999999999993,0.4900000000000002,2.380000000000001,0.7226890756302521,0.5088603256499132,0.4911396743500867,0.040024199423342566,0,2,4,2,False,False,sideways
2025-04-10,12.65,12.67,11.68,12.113097766586232,4138245.7,1744329599999,50462805.3858,194166.0,2077828.17,25323770.2509,0,-0.04090986009247066,-0.04177021486876614,11.71426787992277,-0.14499630850719036,12.426219703060292,-0.1456578057694653,13.458338798877486,-0.09300895754550886,14.413543946512355,-0.11743418909031966,18.016813748006815,-0.07876080197108948,17.181497352910853,0.0046072944126187565,0.07234429237628053,0.055928123448778025,0.06393262038056655,16.0,10.1,0.34120301128580216,29.951257915345337,-0.8294433144467774,-0.731998945877649,-0.09744436856912841,13.458338798877486,16.182636240602733,10.73404135715224,0.25310312822535674,5588098.365,0.7405463235792558,-186466.40703557344,0.5700000000000003,0.019999999999999574,0.40000000000000036,0.9900000000000002,0.5757575757575759,0.5021036256982034,0.49789637430179656,0.046919882016671945,0,3,4,2,False,False,sideways
2025-04-11,12.07,12.9,12.02,12.667677363723763,3323588.23,1744415999999,41561611.7371,144205.0,1732695.44,21672324.788,0,0.04578346578422976,0.04476633253429945,11.97430799189229,0.2600401119695199,12.28451608844403,-0.14170361461626158,13.3825425267212,-0.07579627215628548,14.301799359853916,-0.111744586658439,17.926168954890414,-0.09064479311640028,17.187818703161028,0.006321350250175328,0.07294852459578802,0.05693974281048808,0.06428479249276858,16.0,10.1,0.43519955317351927,39.53816725694177,-0.7601804767061342,-0.7376352520433461,-0.022545224662788077,13.3825425267212,16.106230805644312,10.65885424779809,0.36876891006042734,5653486.098,0.5878829756344083,154073.62655629145,0.5700000000000003,0.2599999999999998,0.05000000000000071,0.8800000000000008,0.6477272727272725,0.5213327644983266,0.47866723550167345,0.04338834717801369,0,4,4,2,False,False,sideways
2025-04-12,12.64,13.29,12.47,13.153102882056428,2468342.79,1744502399999,32037446.7888,120972.0,1165313.94,15113695.0383,0,0.038320009611451766,0.037604031654100166,12.306223001524282,0.3319150096319916,12.304419634645747,0.019903546201716082,13.314738420427386,-0.06780410629381528,14.217080877961905,-0.08471848189201125,17.837267318361,-0.08890163652941396,17.19287291325892,0.005054210097892309,0.06948795684534145,0.057425720182649014,0.0642803445597438,16.0,10.1,0.5174750647553269,46.95458822824798,-0.6585282920941253,-0.721813860053502,0.06328556795937668,13.314738420427386,15.987373275554724,10.642103565300047,0.469761013544206,5218881.428,0.4729639529185333,99592.94484968325,0.5099999999999998,0.1399999999999988,0.16999999999999993,0.8199999999999985,0.621951219512196,0.47210377129183095,0.527896228708169,0.04900940035156138,0,5,4,2,False,False,sideways
2025-04-13,13.15,13.23,12.43,12.56431837556608,3154296.08,1744588799999,40484024.7559,156648.0,1450864.24,18642362.3612,0,-0.044763924662489574,-0.04579676974382737,12.62559534001753,0.3193723384932472,12.270016121265815,-0.03440351337993164,13.186220314085384,-0.12851810634200156,14.112711861989487,-0.10436901597241821,17.727698543417958,-0.10956877494304251,17.195260983479894,0.002388070220973759,0.07116489829631104,0.05704496523316414,0.06442679238170855,16.0,10.1,0.41768108060442033,44.97005456452499,-0.6183502358122173,-0.7011211352052451,0.08277089939302784,13.186220314085384,15.73468710045405,10.637753527716718,0.3779850807070046,5020338.579,0.6283034561044095,-127131.3248973385,0.5300000000000011,0.08000000000000007,0.1899999999999995,0.8000000000000007,0.6625000000000009,0.459964506565915,0.540035493434085,0.049661793321570495,0,6,4,2,False,False,sideways
2025-04-14,12.63,13.25,12.57,12.659322533558052,2801098.17,1744675199999,36103219.743,178760.0,1471710.9,18975197.1081,0,0.007561425550687062,0.0075329812687335695,12.631503784298111,0.005908444280581904,12.245383986364036,-0.024632134901779068,13.045324367225836,-0.14089594685954765,14.013349468192967,-0.09936239379652001,17.61905721388333,-0.10864132953462757,17.195404165607428,0.00014318212753394732,0.07121044639658522,0.05672127089931725,0.06444812868605608,16.0,10.1,0.4337834802640767,44.15480726879481,-0.5722462960841597,-0.675346167381028,0.10309987129686837,13.045324367225836,15.361471532799719,10.729177201651954,0.41667156573530106,4844533.727,0.5781976817270695,2219.570657686771,0.0,0.6199999999999992,0.0600000000000005,0.6799999999999997,0.0,0.525404970008602,0.474595029991398,0.06381782756296614,0,0,4,2,False,False,sideways
2025-04-15,12.64,12.84,12.21,12.223998326055996,3088546.47,1744761599999,38697218.7511,145688.0,1548290.98,19418211.1791,0,-0.034387638544485566,-0.03499280744199009,12.653683896192064,0.022180111893952414,12.183975888057418,-0.061408098306618086,12.892179542833953,-0.15314482439188382,13.953175731163565,-0.060173737029401764,17.505358113452445,-0.11369910043088538,17.193236190035798,-0.0021679755716306204,0.07205437275543763,0.057013649348773385,0.06177142139678672,15.8,10.1,0.3726312852729818,37.92916460520459,-0.564330367880471,-0.6531430074809167,0.08881263960044572,12.892179542833953,14.977841154061233,10.806517931606672,0.33981552587891434,5011910.798,0.6162413088502059,-95370.79361045129,0.40000000000000036,0.1999999999999993,0.02999999999999936,0.629999999999999,0.6349206349206364,0.5013008530190578,0.4986991469809422,0.0471704089334942,0,1,4,2,False,False,sideways
2025-04-16,12.24,12.53,11.89,12.331658083539724,2896851.83,1744847999999,35501633.4368,154211.0,1442797.77,17688594.1536,0,0.008807245764607563,0.00876868820087462,12.586480040155255,-0.06720385603680867,12.280394016023774,0.09641812796635563,12.734840359250807,-0.15733918358314547,13.89494214519356,-0.0582335859700045,17.39026783327898,-0.11509028017346523,17.190233892812778,-0.003002297223019923,0.060372537397533704,0.05694364959922796,0.06179070658458537,15.59,10.1,0.4064950971839206,45.3443814628615,-0.5431090717634302,-0.6311362203374195,0.0880271485739893,12.734840359250807,14.438875532781413,11.030805185720201,0.3816977835980561,4864531.908,0.5955047442973829,26033.799125816902,0.10999999999999943,0.17999999999999972,0.34999999999999964,0.6399999999999988,0.17187499999999944,0.49805715123510474,0.5019428487648953,0.053233996438126416,0,2,4,2,False,False,sideways
2025-04-17,12.35,12.71,12.2,12.558202009664289,2255618.77,1744934399999,28220397.06,104587.0,1106761.8,13852429.8653,0,0.01837092178439126,0.018204215010127357,12.467499865676828,-0.1189801744784269,12.386861433600554,0.10646741757678058,12.648177514049618,-0.0866628452011895,13.839553824359868,-0.05538832083369272,17.30214875158155,-0.08811908169742821,17.19075093737076,0.0005170445579807392,0.0604346386659428,0.05499914928571697,0.061850853277207525,14.42,10.1,0.5690282429778446,47.44985553222581,-0.5022215428439782,-0.6053532848387313,0.10313174199475306,12.648177514049618,14.187191292774514,11.10916373532472,0.4707684539186272,3749159.6560000004,0.601633159684251,34701.82723076911,0.1899999999999995,0.1700000000000017,0.15000000000000036,0.5100000000000016,0.37254901960784104,0.49066881989104927,0.5093311801089507,0.046367321194086354,0,3,4,2,False,False,sideways
2025-04-18,12.54,12.72,12.4,12.509382051675816,1155230.48,1745020799999,14539045.2185,61007.0,618903.76,7788397.9853,0,-0.0038874958334722542,-0.0038950717860966443,12.456512600898776,-0.010987264778052008,12.541053970458153,0.15419253685759848,12.592942092554384,-0.055235421495233084,13.787325016058082,-0.05222880830178589,17.22332224866605,-0.07882650291550064,17.19389631681571,0.003145379444951857,0.05748408127728011,0.05408797633602523,0.06182969260047899,14.4,10.1,0.5603214073664688,47.133289160582926,-0.46835830124697786,-0.5779542881203806,0.10959598687340277,12.592942092554384,14.063776691758473,11.122107493350295,0.47159434482851265,3426271.021,0.3371684472475944,1842.4728548644862,0.02000000000000135,0.16000000000000014,0.1399999999999988,0.3200000000000003,0.06250000000000416,0.5357405043537287,0.4642594956462714,0.052809375320498814,0,4,4,2,False,False,sideways
2025-04-19,12.57,13.06,12.53,12.951761425920736,1188404.07,1745107199999,15247583.4879,50980.0,598315.82,7673978.4829,0,0.03536380713431453,0.03475286943170503,12.515000379371312,0.05848777847253572,12.573252081834712,0.03219811137655881,12.572564795332235,-0.020377297222148982,13.750317234976173,-0.037007781081909386,17.156184714886944,-0.06713753377910692,17.203980201592632,0.010083884776921792,0.033451249356763836,0.054602499137097776,0.061987784087422795,14.4,10.1,0.6632003316094736,50.780113828897996,-0.40120033223551843,-0.5426034969434081,0.14140316470788972,12.572564795332235,14.009598610020587,11.135530980643884,0.6319372678334423,2647022.259,0.4489588502549876,35954.9002070063,0.3699999999999992,0.120000000000001,0.040000000000000924,0.5300000000000011,0.6981132075471669,0.5034616046038953,0.49653839539610467,0.042897867221205324,0,5,4,2,False,False,sideways
2025-04-20,12.93,13.6,12.87,13.315655834200504,2277566.14,1745193599999,29961167.5767,92439.0,1125160.39,14793683.946,0,0.028096132743110624,0.027708677002327202,12.733331881000215,0.2183315016289029,12.69350788859614,0.12025580676142766,12.559863795828216,-0.012700999504019705,13.722146681671706,-0.028170553304466495,17.08681642496603,-0.06936828992091293,17.217111663490435,0.01313146189780312,0.030355069141960952,0.05486091134060308,0.06211802168236492,14.4,10.1,0.7478269381861636,65.76312996375714,-0.3149829925234773,-0.49707939605942203,0.18209640353594475,12.559863795828216,13.963902478521945,11.155825113134487,0.7691492932809577,2460954.3030000003,0.9254808743191847,59843.3143431221,0.34999999999999964,0.3200000000000003,0.0600000000000005,0.7300000000000004,0.4794520547945198,0.49401875547728324,0.5059812445227168,0.040586746692677825,0,6,4,2,False,False,sideways
2025-04-21,13.29,13.7,12.96,13.15049610812992,2623398.74,1745279999999,35188846.6664,115005.0,1343797.34,18036943.955,0,-0.01240342406916084,-0.012480988577836572,12.897099485918252,0.16376760491803743,12.741789763036754,0.04828187444061527,12.51315292574039,-0.04671087008782493,13.635374840360813,-0.08677184131089355,17.017404212566227,-0.06941221239980422,17.229274168312557,0.012162504822121889,0.02821975642682594,0.05420159890782407,0.05590012362548619,14.4,10.1,0.7094176995650976,63.32256693933435,-0.25701937981427747,-0.44906739281039315,0.19204801299611568,12.51315292574039,13.756563661711665,11.269742189769117,0.756288273838844,2390935.354,1.0972269641716128,-33582.66459337362,0.17999999999999972,0.41000000000000014,0.14999999999999858,0.7399999999999984,0.24324324324324337,0.5122352616514559,0.487764738348544,0.04383817002214463,0,0,4,2,False,False,sideways
2025-04-22,13.1,14.18,12.88,14.089230120205354,3872482.56,1745366399999,52701843.4132,170341.0,2066500.03,28118478.9811,0,0.07138392379699576,0.06895119949588213,13.203305108026466,0.3062056221082141,12.835402486851645,0.09361272381489094,12.569911060748698,0.056758135008307065,13.62610413739698,-0.009270702963831923,16.95942764936173,-0.05797656320449818,17.244416497864698,0.01514232955214112,0.03401548242114622,0.05328241276981357,0.0516764561707818,14.18,10.1,0.9777524804424887,73.53811637974908,-0.13379253265644664,-0.38601242077960385,0.2522198881231572,12.569911060748698,13.989252475178441,11.150569646318955,1.0352197307886917,2531349.3310000002,1.5298096207330618,301291.5492906186,1.0300000000000011,0.049999999999998934,0.21999999999999886,1.299999999999999,0.7923076923076938,0.5336370139779274,0.4663629860220726,0.04398754477541146,0,1,4,2,False,False,sideways
2025-04-23,14.13,15.28,14.01,15.109170905677834,4479481.4,1745452799999,66102867.0769,255574.0,2177886.3,32139023.9939,0,0.0723915201022789,0.06989121994657481,13.72326287882687,0.5199577708004028,13.089887739862823,0.2544852530111772,12.679951930564318,0.11004086981562011,13.629545515087043,0.003441377690062808,16.91764799274327,-0.04177965661845917,17.263893893696608,0.01947739583190966,0.03422224269848296,0.055270036859859754,0.05254587008882025,15.28,10.1,0.9670214103625163,70.69977079793891,0.04564021689414943,-0.2996818932448532,0.34532211013900266,12.679951930564318,14.495680588089218,10.864223273039418,1.1689377746631182,2663867.8630000004,1.6815704195459937,282147.0945506012,0.8899999999999988,0.2599999999999998,0.120000000000001,1.2699999999999996,0.7007874015748025,0.48619161584195875,0.5138083841580412,0.05705437241016337,0,2,4,2,False,False,sideways
2025-04-24,15.02,15.15,14.15,15.059485687207909,3263326.6,1745539199999,47927276.5427,194420.0,1618776.7,23751212.7639,0,-0.003288414617856672,-0.003293833335794725,14.144807731084304,0.4215448522574352,13.329904055227809,0.24001631536498635,12.787644020795922,0.10769209023160364,13.602772064117714,-0.026773450969329815,16.864616127861947,-0.05303186488132283,17.28224466547536,0.018350771778752772,0.03479692001368859,0.055302283399064164,0.05067920820226802,15.28,10.1,0.9574296693451563,76.67894351010627,0.18173782128639715,-0.20339795033860314,0.3851357716250003,12.787644020795922,14.892246869450377,10.683041172141467,1.0397316809355395,2710090.7060000002,1.2041392536327895,8690.616777629704,0.040000000000000924,0.08999999999999986,0.8699999999999992,1.0,0.040000000000000924,0.4960510848040769,0.5039489151959231,0.05957724243721116,0,3,4,2,False,False,sideways
2025-04-25,15.06,15.36,14.71,14.944862184574475,3790777.91,1745625599999,57142634.9687,199448.0,1901748.36,28697605.2567,0,-0.00761138228849334,-0.007640496686627518,14.470649001159098,0.32584127007479324,13.601990441079655,0.2720863858518463,12.892983164568538,0.10533914377261588,13.559842826999194,-0.04292923711851948,16.79249238639409,-0.0721237414678555,17.301198633492337,0.018953968016976575,0.031153420863906028,0.05533741572744817,0.05031086863538696,15.36,10.1,0.9210764609457178,72.40450810935603,0.27715215703849516,-0.10728792886318347,0.38444008590167866,12.892983164568538,15.208539128219314,10.57742720091776,0.943064009727254,2780313.85,1.3634352503045655,-35239.635285524535,0.14000000000000057,0.29999999999999893,0.20999999999999908,0.6499999999999986,0.21538461538461673,0.5016775989390526,0.4983224010609474,0.052614002913190974,0,4,4,2,False,False,sideways
2025-04-26,14.92,15.28,14.67,14.790528998965224,2127724.28,1745711999999,31841298.9259,123294.0,1016032.26,15218277.7167,0,-0.010326838996785659,-0.010380530762634422,14.79865557932616,0.3280065781670629,13.847877532622206,0.24588709154255106,13.064135774322988,0.17115260975445068,13.536390342639917,-0.023452484359276937,16.709132364002265,-0.08336002239182605,17.321406049611184,0.02020741611884702,0.03252398985617713,0.04742641645515872,0.04946155195216161,15.36,10.1,0.891735551134073,67.23284737349262,0.33643707016275215,-0.018542929057996344,0.3549799992207485,13.064135774322988,15.410743335503566,10.71752821314241,0.867848730482588,2703401.095,0.7870546046368305,-8556.531957104562,0.0600000000000005,0.35999999999999943,0.1899999999999995,0.6099999999999994,0.09836065573770582,0.47752064003330363,0.5224793599666964,0.057946417756721755,0,5,4,2,False,False,sideways
2025-04-27,14.87,15.1,14.37,14.566870701280044,2456622.73,1745798399999,35964045.7696,133499.0,1112044.69,16295294.0406,0,-0.015121724023584804,-0.015237223135318482,14.894183695541097,0.09552811621493618,14.048744401783782,0.20086686916157603,13.217802917692168,0.15366714336918008,13.52171454624449,-0.014675796395426488,16.604520537568206,-0.1046118264340592,17.34143176339589,0.020025713784704635,0.03425266779326477,0.047878904920561544,0.04915310976613938,15.36,10.44,0.8387948579837488,72.83016044381858,0.36120963567082853,0.05740758388776863,0.3038020517830599,13.217802917692168,15.533666953722223,10.901938881662113,0.7912666207081182,2723501.4910000004,0.9020089535908389,-49595.34448183016,0.3099999999999987,0.23000000000000043,0.19000000000000128,0.7300000000000004,0.4246575342465733,0.45267214880813217,0.5473278511918678,0.05434249157175225,0,6,4,2,False,False,sideways
2025-04-28,14.56,15.11,14.24,15.082407567397642,3049340.9,1745884799999,45048676.6752,170287.0,1472802.97,21773796.5871,0,0.035391051152276365,0.034779182558876395,14.888831027885058,-0.005352667656039145,14.306046953355963,0.25730255157218096,13.423550461907059,0.2057475442148906,13.54623545208231,0.02452090583781974,16.51479876045154,-0.08972177711666518,17.364174225929368,0.022742462533479113,0.03403899503108575,0.046043485616860565,0.04745315710206225,15.36,10.44,0.9435787738613094,75.20741993907113,0.41762743972589966,0.12945155505539485,0.2881758846705048,13.423550461907059,15.626007266845482,11.221093656968636,0.8765924266417023,2912912.5330000003,1.0468357238517878,98433.39443681283,0.46999999999999886,0.08000000000000007,0.3200000000000003,0.8699999999999992,0.5402298850574705,0.48299059314752246,0.5170094068524775,0.0558438710476746,0,0,4,2,False,False,sideways
2025-04-29,15.03,15.24,14.47,14.637153436822983,2173196.17,1745971199999,32545347.3314,139949.0,1054998.17,15805564.5474,0,-0.029521422795729668,-0.029965950594789067,14.804364577808073,-0.0844664500769845,14.47458615444619,0.16853920109022624,13.52391911814045,0.10036865623339075,13.587704749735158,0.04146929765284746,16.41830484395345,-0.09649391649809047,17.382701878499606,0.018527652570238473,0.03673282689874802,0.034566469152461775,0.045640225547390036,15.36,11.68,0.8035743034845063,75.05235986992435,0.42155128787447715,0.18787150161921132,0.23367978625526584,13.52391911814045,15.756814792074499,11.2910234442064,0.7492804145930316,3011391.743,0.7216584076288344,-62173.94232202257,0.4299999999999997,0.21000000000000085,0.129999999999999,0.7699999999999996,0.5584415584415584,0.4854592441141657,0.5145407558858343,0.06439777592650553,0,1,4,2,False,False,sideways
2025-04-30,14.61,14.76,13.83,14.199757864879555,2127588.64,1746057599999,30425747.6123,126040.0,1056428.45,15116279.4115,0,-0.029882557003403587,-0.030338139559502462,14.65534371386909,-0.14902086393898273,14.562996357514091,0.0884102030679017,13.628252123055116,0.10433300491466646,13.609391162360938,0.02168641262577964,16.309153817466232,-0.10915102648721842,17.39884699123244,0.0161451127328327,0.03859599052782421,0.03382589990518478,0.04551856598172963,15.36,11.89,0.6656362722995836,68.15113368243414,0.38492957013927587,0.22728311532322423,0.15764645481605163,13.628252123055116,15.776999287432815,11.479504958677417,0.6329858047747449,2996393.993,0.7100496947231733,-43717.574794520486,0.3099999999999987,0.15000000000000036,0.47000000000000064,0.9299999999999997,0.33333333333333204,0.49653792567721167,0.5034620743227883,0.05924077504004721,0,2,4,2,False,False,sideways
2025-05-01,14.3,15.04,14.3,14.735456167380125,2952704.48,1746143999999,43806454.9088,125474.0,1475456.02,21892249.1546,0,0.03772587586338494,0.03703166110252039,14.644329147552067,-0.011014566317022911,14.721492363439115,0.15849600592502355,13.731641063237934,0.10338894018281763,13.635095732617451,0.025704570256513293,16.19009192595804,-0.11906189150819202,17.418675841534306,0.019828850301866652,0.03903419131443153,0.03340399335661121,0.04567640285595242,15.36,11.89,0.8200161865648776,69.95608543899897,0.3945844470973352,0.26074338167804645,0.13384106541928875,13.731641063237934,15.884763875217308,11.57851825125856,0.733106792273354,3029324.567,0.974707204426141,90852.44553846121,0.4399999999999995,0.29999999999999893,0.0,0.7399999999999984,0.5945945945945952,0.49969647487377405,0.500303525126226,0.04249460142384449,0,3,5,2,False,False,sideways
2025-05-02,14.74,15.03,14.49,14.63941847375367,2801948.57,1746230399999,41315421.5009,109407.0,1305908.11,19258519.1801,0,-0.006517456435387037,-0.006538787789207883,14.658838702046797,0.01450955449472957,14.776511198793946,0.0550188353548311,13.805956842822795,0.07431577958486102,13.66686310234114,0.03176736972368843,16.08342856041255,-0.10666336554549005,17.435625532523723,0.01694969098941712,0.033233781521334764,0.032768392331954374,0.04545680042127171,15.36,11.89,0.7923396177964468,69.35576388376714,0.3899909939735071,0.2865929041371386,0.1033980898363685,13.805956842822795,15.977524380195646,11.634389305449943,0.6919032258004721,2922271.168,0.958825656113786,-17108.23414518325,0.08999999999999986,0.28999999999999915,0.16000000000000014,0.5399999999999991,0.16666666666666666,0.4660714061571802,0.5339285938428199,0.03904675523719552,0,4,5,2,False,False,sideways
2025-05-03,14.65,14.67,14.16,14.254092909149628,1788850.74,1746316799999,25739335.7529,65694.0,796058.73,11450561.5799,0,-0.026321097746804245,-0.02667369883698323,14.493175770397192,-0.16566293164960477,14.691003399141124,-0.08550779965282196,13.890445569501972,0.08448872667917762,13.677607513623995,0.010744411282855637,15.969420929074245,-0.11400763133830516,17.449577327726782,0.013951795203059447,0.02420249781674585,0.031503622445464265,0.04511465195036855,15.36,11.89,0.6812947864984521,61.958357854807694,0.3512095711989769,0.2995162375495063,0.051693333649470596,13.890445569501972,15.988865747504008,11.792025391499937,0.5866478847896647,2653208.1020000004,0.6742217991312314,-50063.399549488124,0.41000000000000014,0.019999999999999574,0.08000000000000007,0.5099999999999998,0.8039215686274516,0.4450112646066826,0.5549887353933174,0.036724137196600316,0,5,5,2,False,False,sideways
2025-05-04,14.24,14.37,13.81,13.776795576501572,1579429.9,1746403199999,22259219.134,67484.0,730349.98,10296999.1712,0,-0.03348493206057901,-0.034058390243771094,14.32110419833291,-0.17207157206428292,14.562734388070492,-0.12826901107063193,13.946319221649151,0.05587365214717899,13.67133238764703,-0.006275125976964446,15.855385610403692,-0.1140353186705525,17.462795693590202,0.013218365863419734,0.025725188739585163,0.032762633845481275,0.04523183984335579,15.36,11.89,0.5437451229111158,54.14792474595025,0.2787478764356255,0.2953625653267301,-0.016614688891104623,13.946319221649151,15.964698430585234,11.92794001271307,0.4580050060967141,2484818.432,0.6356319156602264,-42147.708005618035,0.3800000000000008,0.129999999999999,0.049999999999998934,0.5599999999999987,0.6785714285714315,0.46241367217373813,0.5375863278262618,0.042726809211348984,0,6,5,2,False,False,sideways
2025-05-05,13.86,14.2,13.48,13.649087644126551,2448399.35,1746489599999,33776213.605,99222.0,1176049.88,16243610.507,0,-0.009269784955860616,-0.009313016786346957,14.21097015418231,-0.11013404415060002,14.433156934025698,-0.12957745404479404,14.017573687552675,0.07125446590352347,13.676660289140031,0.005327901493000553,15.742999853511714,-0.11238575689197816,17.476236530948967,0.013440837358764668,0.025723688892372063,0.03164626031643235,0.04466067749940506,15.36,11.89,0.5069416841863259,54.515222883439755,0.20861175201350157,0.27801240266408445,-0.06940065065058287,14.017573687552675,15.874068566143805,12.161078808961545,0.40075759225746876,2350580.576,1.04161472914341,-37096.95984848482,0.20999999999999908,0.33999999999999986,0.16999999999999993,0.7199999999999989,0.29166666666666585,0.48033417424326624,0.5196658257567337,0.04052525173232054,0,0,5,2,False,False,sideways
2025-05-06,13.65,13.89,13.2,13.743512424899105,2166912.06,1746575999999,29238187.005,99681.0,1041974.53,14069782.2814,0,0.006918028752873173,0.006894208986081104,14.012581405686106,-0.19838874849620325,14.328455276619087,-0.1047016574066113,14.088166404620646,0.07059271706797077,13.671413269345846,-0.005247019794184737,15.632363161069872,-0.11063669244184204,17.48740590230754,0.011169371358572988,0.026178968499520856,0.03164024228368786,0.04419121899733752,15.36,12.2,0.4884532990187044,46.30400181073223,0.15881691622288585,0.2541733053758447,-0.09535638915295885,14.088166404620646,15.774292726940152,12.40204008230114,0.39779710595840173,2354499.354,0.9203281607695868,26987.18316483507,0.16999999999999993,0.07000000000000028,0.45000000000000107,0.6900000000000013,0.24637681159420233,0.480856860430229,0.519143139569771,0.046001405336218396,0,1,5,2,False,False,sideways
2025-05-07,13.82,14.09,13.46,13.779257197503746,1873337.32,1746662399999,25845423.1627,92316.0,952948.52,13149864.8853,0,0.0026008469668847845,0.002597470617390692,13.840549150436122,-0.17203225524998444,14.24969392624146,-0.07876135037762744,14.14921916401262,0.06105275939197519,13.669715626886562,-0.0016976424592840544,15.527680954565803,-0.10468220650406934,17.498796503536823,0.011390601229283703,0.02616857369237575,0.03150933606114792,0.044165038852465664,15.36,12.4,0.4659652694269413,31.992778047896152,0.12084542370327966,0.2275077290413317,-0.10666230533805204,14.14921916401262,15.683695892255063,12.614742435770179,0.37945012143239815,2296170.813,0.8158527707929715,0.0,0.0,0.2699999999999996,0.35999999999999943,0.629999999999999,0.0,0.5086902982320344,0.4913097017679656,0.04927889868761062,0,2,5,2,False,False,sideways
2025-05-08,13.81,15.99,13.81,15.876377052020787,5676038.21,1746748799999,85592538.46,213374.0,2896187.67,43717916.8972,0,0.1521939698532484,0.14166792470867187,14.16500597901035,0.3244568285742293,14.329090874703772,0.07939694846231227,14.317568914029868,0.1683497500172475,13.688015788209936,0.018300161323374198,15.461027749608574,-0.0666532049572286,17.518222154262087,0.01942565072526392,0.055710090862380185,0.04542087050443593,0.04786237174186168,15.99,12.53,0.9671609976938691,57.115582837204045,0.2570101353522034,0.23340821030350606,0.023601925048697348,14.317568914029868,15.833214705777646,12.80192312228209,1.0142389292003933,2558840.5439999998,2.218207079495142,846066.4770332858,2.0700000000000003,0.10999999999999943,0.0,2.1799999999999997,0.94954128440367,0.5102480925687778,0.48975190743122216,0.03759206546990458,0,3,5,2,False,False,sideways
2025-05-09,15.89,16.73,15.58,16.094510545505006,6902689.72,1746835199999,110916967.6204,331339.0,3274401.48,52631525.8239,0,0.013739500691466233,0.013645969492709504,14.628548972811041,0.4635429938006901,14.474826585571975,0.14573571086820358,14.474706370009082,0.15713745597921402,13.725072066939772,0.03705627872983541,15.384966106989419,-0.07606164261915538,17.54009706466054,0.02187491039845213,0.05426793327341705,0.04511473050355652,0.04732980773472952,16.73,12.87,0.8353654262966337,59.83670191732671,0.3781639615049226,0.2623593605437894,0.11580460096113321,14.474706370009082,16.044812846744787,12.904599893273376,1.0158262192713015,3031789.8989999997,2.2767704722140447,56508.16521410565,0.120000000000001,0.7199999999999989,0.3100000000000005,1.1500000000000004,0.10434782608695735,0.47436602437926184,0.5256339756207381,0.048001433273173404,0,4,5,2,False,False,sideways
2025-05-10,16.01,17.47,15.86,17.405044931108165,5230336.13,1746921599999,86521781.8084,266024.0,2528168.37,41841594.549,0,0.0814274147634253,0.07828184882200277,15.379740430207363,0.7511914573963221,14.795355292194836,0.32052870662286104,14.679175824854465,0.20446945484538226,13.793707427212007,0.0686353602722356,15.31418167645961,-0.07078443052980887,17.56706147054757,0.026964405887031972,0.05637756925016244,0.04763233719373449,0.04847327809063531,17.47,12.88,0.9858485688688815,68.6754633548534,0.5733195431085285,0.32455139705673725,0.24876814605179126,14.679175824854465,16.632159719103193,12.726191930605737,1.1978729098281389,3342064.648,1.565001482879753,434500.12822610815,1.3299999999999983,0.129999999999999,0.15000000000000213,1.6099999999999994,0.8260869565217384,0.4833663281216307,0.5166336718783693,0.050861740696577375,0,5,5,2,False,False,sideways
2025-05-11,17.34,17.42,16.3,17.088686073275767,4824652.78,1747007999999,81013068.4355,248210.0,2169925.88,36456879.8757,0,-0.018176273550835065,-0.01834349137480787,16.048775159882695,0.6690347296753316,15.030678282784402,0.23532299058956596,14.876085323111758,0.19690949825729298,13.851809092540535,0.05810166532852712,15.233353707272887,-0.08082796918672308,17.59610028478611,0.0290388142385396,0.057396433695576635,0.04782107169037456,0.04856771322065108,17.47,12.88,0.9169250704304505,67.77786850066474,0.6944490552146547,0.39853092868832074,0.295918126526334,14.876085323111758,16.969212164844723,12.782958481378792,1.0285395767826777,3529259.478,1.3670439394085265,-66777.20110726585,0.23999999999999844,0.08000000000000185,0.8000000000000007,1.120000000000001,0.2142857142857127,0.44975793677736947,0.5502420632226306,0.051446189253022266,0,6,5,2,False,False,sideways
2025-05-12,17.1,17.98,16.03,16.74473538210664,6485836.98,1747094399999,110441899.9679,377018.0,3107520.34,52985800.2386,0,-0.02012739245687334,-0.02033270807018311,16.64187079680327,0.5930956369205767,15.241209973619695,0.21053169083529255,15.008860586206822,0.1327752630950645,13.896520100024013,0.04471100748347823,15.170421719385914,-0.06293198788697296,17.62166157326462,0.025561288478510136,0.05815424985254638,0.046420382197659496,0.04862231669883311,17.98,13.2,0.7415764397712635,62.009332541488114,0.7539994832932617,0.46962463960930895,0.28437484368395277,15.008860586206822,17.225103562001706,12.792617610411938,0.8916255606579473,3897648.3189999997,1.664038530203782,-136543.93642105378,0.360000000000003,0.879999999999999,0.7099999999999973,1.9499999999999993,0.1846153846153862,0.4791240281836377,0.5208759718163622,0.058129428963846694,0,0,5,2,False,False,sideways
2025-05-13,16.74,17.81,16.03,17.29582584794733,5140765.42,1747180799999,86828154.5487,268728.0,2388898.38,40335316.7721,0,0.032911267527678145,0.03238128860458367,16.92576055598858,0.28388975918531045,15.545383267499465,0.30417329387977077,15.118193333320297,0.10933274711347529,13.939743006934837,0.043222906910823866,15.138926411978526,-0.03149530740738804,17.652759873306877,0.031098300042256,0.05647585912536115,0.044407093306717195,0.04847606938072846,17.98,13.2,0.8568673322065545,68.91803493481859,0.8360248474869465,0.5429046811848365,0.29312016630211,15.118193333320297,17.55958234103695,12.676804325603642,0.945982288718441,4232839.787,1.2144956291018725,199611.56051374075,0.6500000000000021,0.41999999999999815,0.7099999999999973,1.7799999999999976,0.36516853932584437,0.4646970217131596,0.5353029782868404,0.05227392772183719,0,1,5,2,False,False,sideways
2025-05-14,17.4,17.53,16.67,17.09250747016119,3739156.87,1747267199999,63879760.3581,220371.0,1647980.05,28154977.577,0,-0.011755343721286948,-0.011824984076512852,17.125359940919818,0.1995993849312363,15.876954456865429,0.3315711893659632,15.219844422467961,0.10165108914766385,13.97204832692308,0.03230531998824304,15.093569422244945,-0.04535698973358038,17.683258110885088,0.030498237578211018,0.05453673483016275,0.04455709631627303,0.04844730130642892,17.98,13.2,0.8143321067282826,71.29294318897912,0.8745432554222852,0.6092323960323263,0.2653108593899589,15.219844422467961,17.815371636246887,12.624317208689035,0.860748104999976,4448812.484,0.8404842603386292,-81706.70561242073,0.389999999999997,0.13000000000000256,0.33999999999999986,0.8599999999999994,0.45348837209302006,0.44073573463099985,0.5592642653690002,0.05893601356179528,0,2,5,2,False,False,sideways
2025-05-15,17.02,17.21,15.69,16.079498561642733,4599640.32,1747353599999,75084627.9804,263741.0,2131278.99,34801990.8351,0,-0.059266255128856415,-0.06109512856178567,16.860250667026733,-0.2651092738930849,16.119995548617048,0.24304109175161948,15.276576241321374,0.05673181885341272,13.987900401878061,0.015852074954981532,15.055350516097347,-0.038218906147598375,17.7090436944132,0.025785583528112,0.05986035047848,0.04689878593082633,0.04920160054896052,17.98,13.2,0.6024055568290237,59.24369033947204,0.8139453628924045,0.6501749894043419,0.16377037348806256,15.276576241321374,17.89628443039022,12.656868052252527,0.6532465187671821,4663936.581,0.9862141648190649,-262295.77368606743,0.9800000000000004,0.19000000000000128,0.34999999999999964,1.5200000000000014,0.6447368421052628,0.46335775011207836,0.5366422498879216,0.057339483449001506,0,3,5,2,False,False,sideways
2025-05-16,16.04,16.54,15.61,15.736006218455511,3037327.69,1747439999999,49102367.1938,182870.0,1362993.21,22045390.4564,0,-0.021362130284747538,-0.02159360302663042,16.58971469606268,-0.2705359709640547,16.319244927972687,0.19924937935563847,15.323850102295888,0.04727386097451358,13.993051691143119,0.005151289265057812,15.021212879229996,-0.03413763686735116,17.732223916829327,0.023180222416126384,0.06109971711451084,0.04714859695086588,0.04928933989479233,17.98,13.2,0.5305452339865087,57.293559112763184,0.7297915523324896,0.6660983019899716,0.06369325034251805,15.323850102295888,17.940749627904168,12.706950576687607,0.5787489378415897,4750978.144,0.639305759348911,-53020.68286783015,0.27999999999999936,0.5,0.15000000000000036,0.9299999999999997,0.3010752688172037,0.4487475008006133,0.5512524991993867,0.06020753065336852,0,4,5,2,False,False,sideways
2025-05-17,15.76,15.79,15.07,15.35643047010403,2634568.83,1747526399999,40495046.6284,152872.0,1153843.62,17743779.0385,0,-0.02412147930561359,-0.024417166817295652,16.31205371366216,-0.2776609824005192,16.476962255232717,0.15771732726003052,15.363328090737088,0.03947798844120065,14.014351122271439,0.021299431128319668,14.98916945925793,-0.032043419972065834,17.74963070250572,0.017406785676392644,0.06228572392736629,0.04738411490354284,0.0481349051809204,17.98,13.2,0.4511360816117218,57.33741401860269,0.625262819947455,0.6579312055814683,-0.03266838563401331,15.363328090737088,17.95585371520524,12.770802466268936,0.4986697102300632,4827101.295,0.5457869369198726,-73553.95210659876,0.4399999999999995,0.02999999999999936,0.25,0.7199999999999989,0.6111111111111114,0.43796298159346253,0.5620370184065375,0.05802543408972162,0,5,5,2,False,False,sideways
2025-05-18,15.33,16.4,14.88,15.871582721632713,4286878.87,1747612799999,66955472.8385,199354.0,2057302.26,32155145.8805,0,0.03354635392199934,0.03299595053398805,16.027205088399235,-0.2848486252629243,16.47648282219391,-0.0004794330388087076,15.402786848448837,0.039458757711749115,14.059500967072484,0.04514984480104545,14.963876142672978,-0.025293316584951597,17.766889950708414,0.017259248202694977,0.04006579886064929,0.04732084154577709,0.047780889401493304,17.98,13.2,0.5589085191700236,63.87347393161789,0.5773363537284499,0.6418122352108646,-0.06447588148241468,15.402786848448837,18.0013255004174,12.804248196480273,0.5902037521798515,4688185.361,0.9144004641244816,156700.53310704944,0.5500000000000007,0.5199999999999978,0.4499999999999993,1.5199999999999978,0.3618421052631589,0.47990678588966057,0.5200932141103395,0.046503296698000705,0,6,5,2,False,False,sideways
2025-05-19,15.88,16.01,14.84,15.81349268547649,4330819.39,1747699199999,66888436.7496,206416.0,2138928.28,33030452.2653,0,-0.003660002734134804,-0.0036667169318027795,15.771402131462295,-0.25580295693693955,16.44838103619106,-0.02810178600284985,15.461603810881517,0.05881696243267953,14.10858467337474,0.04908370630225534,14.93742647032417,-0.026449672348809017,17.78914135179493,0.022251401086517575,0.03981272750480513,0.04671872066253846,0.04768111868581521,17.98,13.2,0.5467557919406882,64.46795787160904,0.5285738333936489,0.6191645548474215,-0.09059072145377256,15.461603810881517,18.040351402031916,12.882856219731117,0.568228638545813,4430998.328,0.9773913392458404,-27272.162405541934,0.10000000000000142,0.13000000000000078,0.9399999999999995,1.1700000000000017,0.08547008547008655,0.4938853568770043,0.5061146431229957,0.04766211227293873,0,0,5,2,False,False,sideways
2025-05-20,15.79,16.42,15.24,15.643178505621176,4389269.1,1747785599999,69428056.6977,200184.0,2064962.99,32686590.682,0,-0.010770181087934816,-0.010828599316844644,15.684138120257984,-0.08726401120431149,16.27219439364236,-0.17618664254869998,15.533774842918598,0.07217103203708142,14.150054727001542,0.041470053626802894,14.911160813383116,-0.026265656941053095,17.810850032929412,0.021708681134480656,0.02729642174643704,0.04616291924959215,0.04770051760983913,17.98,13.2,0.5111252103809991,62.57077258329205,0.4707596297993657,0.5894835698378104,-0.11872394003844466,15.533774842918598,18.043702580633948,13.02384710520325,0.5217941857565511,4346891.625,1.0097489145476453,-19470.77547528493,0.0799999999999983,0.6300000000000026,0.47000000000000064,1.1800000000000015,0.06779661016949,0.47045714057495364,0.5295428594250463,0.0456075933006705,0,1,5,2,False,False,sideways
2025-05-21,15.71,16.49,15.52,16.231028337096287,6093462.07,1747871999999,96998838.5374,285585.0,2815616.78,44835111.6686,0,0.03757866927516518,0.03688979605547321,15.78314254398614,0.09900442372815554,16.186428620024408,-0.08576577361795046,15.608553451404408,0.07477860848580953,14.192981023545743,0.042926296544200326,14.885845797068178,-0.02531501631493782,17.835853772806686,0.025003739877274,0.030953162623335785,0.0461575743607158,0.047695068412528976,17.98,13.2,0.6341063466728634,65.11947667285119,0.46699282288676613,0.5649854204476015,-0.09799259756083534,15.608553451404408,18.107427507425562,13.109679395383251,0.6245510721502745,4473772.554,1.362041095395392,151269.904984087,0.39000000000000057,0.389999999999997,0.19000000000000128,0.9699999999999989,0.40206185567010416,0.4620717660428466,0.5379282339571534,0.04686744525842269,0,2,5,2,False,False,sideways
2025-05-22,16.1,16.91,16.04,16.705337572812752,4542884.36,1747958399999,75173542.4699,197093.0,2069480.95,34242819.5414,0,0.029222377403680833,0.028803543711124188,16.052923964527885,0.2697814205417455,16.182488839095022,-0.003939780929385961,15.71184940635736,0.10329595495295152,14.268006426601211,0.07502540305546823,14.86633002037251,-0.019515776695667952,17.865437337924746,0.029583565118059596,0.03213224281371823,0.04634688076056382,0.04624175202629988,17.98,13.2,0.7333342202537138,56.39119248308552,0.4965563995464528,0.5512996162673718,-0.054743216720918975,15.71184940635736,18.212841907037998,13.210856905676723,0.6986187815807159,4279477.292,1.0615512246068952,180586.70747826042,0.639999999999997,0.1700000000000017,0.060000000000002274,0.870000000000001,0.7356321839080417,0.45554339181990533,0.5444566081800947,0.04338499164438339,0,3,5,2,False,False,sideways
2025-05-23,16.74,17.16,15.42,15.516153063129142,6190632.79,1748044799999,101599899.5984,282320.0,2693623.69,44181404.0107,0,-0.07118590118280277,-0.0738466691085855,15.98183803282717,-0.07108593170071487,16.004521560613206,-0.17796727848181604,15.774952414056335,0.06310300769897559,14.320162417676485,0.052155991075274244,14.829830841632601,-0.036499178739909155,17.891454241734095,0.0260169038093494,0.036880222772418585,0.04907983666807243,0.04750243412300306,17.98,13.2,0.4845508500270172,46.12164930448645,0.419196261974049,0.5248789454087073,-0.10568268343465825,15.774952414056335,18.183038783908728,13.366866044203944,0.4462645206236815,4384464.029,1.411947446495974,-447471.0678554356,1.209999999999999,0.4200000000000017,0.10999999999999943,1.7400000000000002,0.6954022988505741,0.4351128198640902,0.5648871801359099,0.04560438481443187,0,4,5,2,False,False,sideways
2025-05-24,15.53,15.91,15.24,15.341625107375126,2601739.54,1748131199999,40646828.7645,109419.0,1073366.06,16768068.7138,0,-0.011248146047794783,-0.011311884855553223,15.8874645172069,-0.09437351562027096,15.829433324334596,-0.1750882362786097,15.853193890600014,0.07824147654367941,14.368882042172473,0.048719624495987546,14.797548977738895,-0.03228186389370613,17.9141643832347,0.022710141500603243,0.03687816026470367,0.04840100666208537,0.04755163682225791,17.98,13.2,0.44803872539228584,33.676053080135176,0.33988684419222714,0.48788052516541125,-0.1479936809731841,15.853193890600014,18.083010360101774,13.623377421098255,0.38528903830834216,4270722.296000001,0.6092036334080569,-31830.68336123629,0.1899999999999995,0.3800000000000008,0.09999999999999964,0.6699999999999999,0.28358208955223807,0.41255707710080775,0.5874429228991923,0.04205609297846932,0,5,5,2,False,False,sideways
2025-05-25,15.34,15.56,14.86,15.598029385872529,2236117.68,1748217599999,33989579.0638,111141.0,1065100.26,16196163.6506,0,0.01671298032006674,0.016574855326820192,15.878434693257168,-0.009029823949731508,15.781286406757577,-0.04814691757701972,15.95064097768731,0.09744708708729632,14.42408104370748,0.055199001535006786,14.760882419809672,-0.03666655792922313,17.931958854022973,0.017794470788274452,0.03328057799967057,0.04830519495325647,0.047560849311124614,17.98,13.2,0.5016797878394412,38.094307674265096,0.29433038416703283,0.4491704969657356,-0.15484011279870274,15.95064097768731,17.93131034617361,13.969971609201009,0.41098676098468184,4034370.032,0.5542668774216197,29154.076662320578,0.1999999999999993,0.02000000000000135,0.4800000000000004,0.7000000000000011,0.28571428571428426,0.4763167294486934,0.5236832705513066,0.049702661444902124,0,6,5,2,False,False,sideways
2025-05-26,15.54,15.96,15.4,15.503975703900535,2143637.24,1748303999999,33544257.0773,104107.0,1071488.59,16774555.9521,0,-0.006029843876123264,-0.006048096796537667,15.733024166618018,-0.1454105266391501,15.758083355302077,-0.023203051455499946,16.038664141637383,0.08802316395007281,14.506811021707966,0.08272997800048643,14.72557436283861,-0.03530805697106132,17.946776732410413,0.014817878387439976,0.03266398844318192,0.0484037219896092,0.04436349985919487,17.98,13.46,0.4522070141372863,39.67817866680294,0.24778095072312212,0.40889258771721293,-0.1611116369940908,16.038664141637383,17.743618212321312,14.333710070953455,0.34319564763338095,3945000.9869999997,0.543380659995764,0.0,0.0,0.4200000000000017,0.1399999999999988,0.5600000000000005,0.0,0.4998460420476741,0.500153957952326,0.04856558659150743,0,0,5,2,False,False,sideways
2025-05-27,15.54,16.13,15.15,15.867079786310175,2513450.22,1748390399999,39677131.2203,126073.0,1311533.05,20702578.5332,0,0.02342006265646357,0.023150021121327254,15.565372609317501,-0.16765155730051617,15.809148286922696,0.05106493162061909,16.143055271077703,0.10439112944031947,14.59428206075624,0.08747103904827469,14.697499863103703,-0.028074499734907832,17.95754697889556,0.010770246485147794,0.03238263573933801,0.048525324959734356,0.0444200795631541,17.98,13.81,0.4933045051103535,37.730578119145456,0.23745245017469685,0.37460456020870975,-0.1371521100340129,16.143055271077703,17.481883990408644,14.804226551746764,0.39693398386858486,3932889.1260000006,0.639084942258807,59844.05285714321,0.370000000000001,0.21999999999999886,0.3899999999999988,0.9799999999999986,0.3775510204081648,0.5218058585620208,0.4781941414379792,0.05015933834567847,0,1,5,2,False,False,sideways
2025-05-28,15.91,16.16,15.31,15.691945399083558,2287285.42,1748476799999,35975289.5249,119816.0,1053493.27,16571288.3005,0,-0.011037594162583098,-0.011098960379770194,15.600531076508386,0.035158467190884224,15.791184554667776,-0.017963732254919762,16.133833688430844,-0.009221582646858906,14.688771835075913,0.09448977431967265,14.662642830152462,-0.03485703295124054,17.967314062916888,0.009767084021326866,0.0308591124652745,0.034813425893919364,0.04383942698475202,17.98,14.84,0.27132019079094194,37.914106129053515,0.21268347497851003,0.3422203431626698,-0.12953686818415977,16.133833688430844,17.482897941589208,14.78476943527248,0.3362241500681829,3732929.7809999995,0.6127319703793808,-31628.08248900076,0.22000000000000064,0.25,0.379999999999999,0.8499999999999996,0.25882352941176556,0.46058671156134073,0.5394132884386593,0.052383493092873386,0,2,5,2,False,False,sideways
2025-05-29,15.69,16.19,15.0,15.004270392190964,3470428.69,1748563199999,54242539.6518,166846.0,1732855.81,27072157.2643,0,-0.043823438675280824,-0.044812695405228815,15.533060133471551,-0.06747094303683454,15.710262325339224,-0.08092222932855186,16.07932168076514,-0.05451200766570352,14.736261636676629,0.047489801600715253,14.633619886139652,-0.02902294401281047,17.97095836430956,0.0036443013926721335,0.033764119731632874,0.035976977988121876,0.039258152569990795,17.98,14.84,0.0523154115257848,40.16955371648847,0.1359965739190887,0.30097558931395363,-0.16497901539486493,16.07932168076514,17.52006812158627,14.63857523994401,0.1269116972583085,3646890.711,0.9516130218907456,-141559.87008285522,0.6399999999999988,0.5000000000000018,0.05000000000000071,1.1900000000000013,0.5378151260504186,0.49932039087655194,0.5006796091234481,0.04807648129488003,0,3,5,2,False,False,sideways
2025-05-30,15.05,15.12,13.76,13.93122709154363,6106096.75,1748649599999,87968905.5665,261451.0,3014026.54,43473992.8599,0,-0.07151585999181975,-0.07420197964040078,15.199699674605773,-0.33336045886577814,15.53906718393147,-0.17119514140775394,15.905630788786913,-0.17369089197822696,14.772624223175779,0.03636258649915014,14.593084084844067,-0.04053580129558476,17.966137553145316,-0.004820811164243821,0.039884129579801274,0.033264379008563064,0.04020285518203765,17.98,13.76,0.04057514017621554,35.44161602721924,-0.011234470255109485,0.238533577400141,-0.24976804765525049,15.905630788786913,17.5025496421864,14.308711935387429,-0.11819161726352531,3818573.4760000007,1.599051789464637,-466578.82142857177,1.1500000000000004,0.06999999999999851,0.14000000000000057,1.3599999999999994,0.8455882352941183,0.49360936509890707,0.5063906349010929,0.04281802446055248,0,4,5,2,False,False,sideways
2025-05-31,13.89,14.19,13.39,14.009740865226116,3241877.57,1748735999999,44667893.8954,175058.0,1645182.48,22677543.4713,0,0.005635811774983068,0.005619990005642409,14.900852706870888,-0.2988469677348853,15.316938436744454,-0.22212874718701592,15.75168352838443,-0.15394726040248408,14.799465493205826,0.026841270030047326,14.550632426529873,-0.04245165831419406,17.966100327483993,-3.7225661323248005e-05,0.03673462773678505,0.03340232135406497,0.03974084972988913,17.98,13.39,0.1350197963455588,38.58226052425008,-0.12019519277298585,0.16678782336551562,-0.28698301613850147,15.75168352838443,17.45826492385697,14.04510213291189,-0.010360264028303992,3533415.0259999996,0.9174913068929708,16326.002151079467,0.08000000000000007,0.21999999999999886,0.5,0.7999999999999989,0.10000000000000023,0.5074782882686097,0.49252171173139025,0.05399895468600315,0,5,5,2,False,False,sideways
2025-06-01,13.97,14.13,13.58,14.087912193662744,1673437.42,1748822399999,23234299.9311,85413.0,836258.39,11619831.9973,0,0.0055797840365954254,0.005564274707373228,14.545019188341403,-0.35583351852948475,15.05519589882945,-0.2617425379150049,15.618842368962238,-0.13284115942219188,14.818161679437953,0.018696186232126877,14.51762127869993,-0.03301114782994219,17.969500590520727,0.0034002630367346853,0.03432670499809294,0.03346008700927674,0.039411489869295435,17.81,13.39,0.157898686349037,33.6671443283369,-0.19795764498124235,0.09383872969616404,-0.2917963746774064,15.618842368962238,17.41140260090041,13.826282137024066,0.07297664312116181,3246470.332,0.5154636416988516,10780.91394416588,0.08999999999999986,0.07000000000000028,0.39000000000000057,0.5500000000000007,0.16363636363636316,0.49972492547704594,0.500275074522954,0.05104045061930072,0,6,6,2,False,False,sideways
2025-06-02,14.06,14.12,13.59,14.06210736315724,1803670.48,1748908799999,24931302.4503,94482.0,796376.93,11014848.0992,0,-0.001831700123536506,-0.0018333797375539693,14.21905158115614,-0.3259676071852624,14.909791328832261,-0.1454045699971882,15.457156444722731,-0.16168592423950656,14.848117459189774,0.02995577975182151,14.48041466058963,-0.03720661811030013,17.975102896641477,0.005602306120749745,0.028533799807631457,0.032095148390959574,0.038832754271593384,17.53,13.39,0.1623447737094782,33.86738982936359,-0.25868522056956067,0.023333939643019094,-0.2820191602125798,15.457156444722731,17.19535553736617,13.718957352079293,0.09870848872556008,2807774.101,0.6423844708011288,1282.838179232019,0.009999999999999787,0.049999999999998934,0.47000000000000064,0.5299999999999994,0.018867924528301508,0.4415312768216953,0.5584687231783046,0.052383182542301183,0,0,6,2,False,False,sideways
2025-06-03,14.08,14.45,13.98,14.119172374050269,2397370.67,1748995199999,34067280.4778,112439.0,1019148.52,14494246.158,0,0.004058069634892636,0.0040498578787341,14.042031977528001,-0.17701960362813907,14.787546055499778,-0.12224527333248325,15.308489689917185,-0.14866675480554647,14.877314455999622,0.029196996809847775,14.445331962096294,-0.035082698493337006,17.976459526749,0.0013566301075229603,0.028833425499245398,0.03223879043167672,0.038827466273591876,17.21,13.39,0.19088282043200738,35.662731300269215,-0.298763631109459,-0.04108557450747653,-0.2576780566019825,15.308489689917185,16.964428839841553,13.652550539992816,0.1408934120794126,2787337.214,0.8600935179133298,6815.552722103584,0.02999999999999936,0.33999999999999986,0.09999999999999964,0.46999999999999886,0.06382978723404134,0.42511094873785205,0.574889051262148,0.04690096588192597,0,1,6,2,False,False,sideways
2025-06-04,14.12,14.48,13.7,13.844212250217623,1698210.37,1749081599999,23999080.6443,82637.0,817738.18,11565622.4189,0,-0.019474238046558345,-0.019666359388562288,14.0246290092628,-0.017402968265201935,14.612164341934285,-0.1753817135654927,15.196725374345931,-0.11176431557125355,14.909718734482851,0.03240427848322902,14.43144723282321,-0.013884729273083707,17.973331323835495,-0.003128202913504907,0.027650052037678098,0.03013276520188253,0.03859172524605012,17.16,13.39,0.12048070297549675,26.141151269219208,-0.3486935223953509,-0.10260716408505141,-0.24608635831029949,15.196725374345931,16.933326241716895,13.460124506974966,0.1105860737660828,2733546.483,0.6212480309229116,-33699.42619418848,0.28999999999999915,0.3600000000000012,0.13000000000000078,0.7800000000000011,0.37179487179487014,0.4815293761278822,0.5184706238721178,0.048661226818441816,0,2,6,2,False,False,sideways
2025-06-05,13.84,14.04,12.64,12.957983564771004,4325191.79,1749167999999,57662797.0436,188942.0,2006038.56,26765851.4909,0,-0.06401438156459127,-0.0661551675420217,13.814277549171774,-0.2103514600910259,14.357565128021331,-0.2545992139129538,15.057824241661706,-0.1389011326842251,14.92224524410748,0.01252650962462809,14.408593694650522,-0.022853538172688204,17.969367750174264,-0.003963573661231123,0.03209729250817806,0.03260915962276507,0.039733081107694766,17.16,12.64,0.07035034618827506,15.391177231776567,-0.4545349731262487,-0.1729927258932909,-0.2815422472329578,15.057824241661706,17.03986135361579,13.07578712970762,-0.029717799991261187,2951701.938,1.4653213233754363,-293975.43619667366,0.9499999999999993,0.1999999999999993,0.25,1.3999999999999986,0.6785714285714287,0.4638033773757811,0.536196622624219,0.04368407441187712,0,3,6,2,False,False,sideways
2025-06-06,12.89,13.69,12.82,13.59169457939361,2892254.8,1749254399999,38630922.2731,118771.0,1481684.12,19781391.7425,0,0.04890506392873384,0.04774682382078196,13.715034026317948,-0.09924352285382554,14.130026607329677,-0.22753852069165426,14.969587447126184,-0.08823679453552202,14.942915095502064,0.02066985139458488,14.391234459930967,-0.017359234719554806,17.961099966211147,-0.00826778396311667,0.03641150901016717,0.034855406649328374,0.04022543490148927,17.16,12.64,0.2105518980959315,30.194513733638928,-0.48172685531729975,-0.2347395517780927,-0.24698730353920706,14.969587447126184,17.050320802472722,12.888854091779645,0.16889249307413295,2989582.396,0.9674444176115625,150334.42327385556,0.6699999999999999,0.129999999999999,0.07000000000000028,0.8699999999999992,0.7701149425287362,0.5122937716275897,0.4877062283724103,0.04106519245814719,0,4,6,2,False,False,sideways
2025-06-07,13.57,14.08,13.48,13.825138603299987,1796907.09,1749340799999,24967310.4679,64617.0,881530.44,12248362.7239,0,0.01717549070447033,0.017029659411670537,13.6676402743465,-0.04739375197144824,13.943345927751318,-0.18668067957835888,14.867265241209548,-0.10232220591663577,14.969230226534549,0.02631513103248473,14.378277621296315,-0.012956838634652357,17.9568161434375,-0.004283822773647472,0.0377979178923658,0.034073727401366494,0.040268990173954564,17.16,12.64,0.26219880603982,34.5801320666212,-0.47891895649077654,-0.28357543272062946,-0.19534352377014708,14.867265241209548,16.962455957848388,12.772074524570707,0.251305065063154,2940544.563,0.6110797002058561,35779.12347345109,0.2599999999999998,0.25,0.08999999999999986,0.5999999999999996,0.43333333333333324,0.49058209236627803,0.509417907633722,0.03596012301337183,0,5,6,2,False,False,sideways
2025-06-08,13.82,13.98,13.55,13.72240220188009,1301631.33,1749427199999,17925650.2176,59275.0,646715.35,8908018.7432,0,-0.007431129941465775,-0.007458878341011927,13.588286239912463,-0.07935403443403644,13.815159108720232,-0.12818681903108597,14.762710717029728,-0.10455452417981981,14.984643042053735,0.01541281551918594,14.367480138514953,-0.010797482781361722,17.9542959123542,-0.002520231083298796,0.03609984772549474,0.03406869501773962,0.04001622844701547,17.16,12.64,0.23946951369028532,30.31311183644914,-0.4794567662813751,-0.3227516994327786,-0.15670506684859653,14.762710717029728,16.867762119961803,12.657659314097653,0.2529018736310625,2723664.827,0.47789702943503926,-9411.650976138855,0.08999999999999986,0.16000000000000014,0.17999999999999972,0.4299999999999997,0.20930232558139517,0.4968498645465148,0.5031501354534852,0.04553900834578098,0,6,6,2,False,False,sideways
2025-06-09,13.73,14.4,13.54,14.299236867526627,2139591.17,1749513599999,29822019.1009,94510.0,1116755.6,15564261.8949,0,0.04203598299775124,0.04117647536233815,13.679291163374264,0.09100492346180111,13.851960086318531,0.0368009775982987,14.695513635125,-0.0671970819047285,15.004314662720258,0.019671620666523282,14.363230672195982,-0.004249466318970718,17.951569550238183,-0.0027263621160180662,0.03157861690371103,0.035726532669183034,0.0402501933852378,17.16,12.64,0.3670878025501386,38.51848200634031,-0.4283989314927332,-0.34388114584476953,-0.0845177856479637,14.695513635125,16.767770082310342,12.623257187939656,0.40438520093962854,2327014.269,0.9194576924186451,98174.97721048763,0.629999999999999,0.040000000000000924,0.19000000000000128,0.8600000000000012,0.7325581395348816,0.521948125257967,0.47805187474203303,0.04417199010968063,0,0,6,2,False,False,sideways
2025-06-10,14.36,15.53,14.32,15.315884351979845,4610246.8,1749599999999,69253062.0324,213473.0,2433977.22,36581893.4097,0,0.07109802389259046,0.06868431285405009,14.150871320816032,0.4715801574417675,13.982574434993904,0.13061434867537258,14.649756435869179,-0.04575719925582078,15.047622427597258,0.0433077648769995,14.341498633979036,-0.021732038216946137,17.945203063938365,-0.006366486299818064,0.03825118996066614,0.038454970252993166,0.041349219807228915,17.16,12.64,0.5920098123849213,45.32882852949694,-0.3024142310439082,-0.3355877628845973,0.03317353184068911,14.649756435869179,16.61700683972395,12.682506032014407,0.6693043027988222,2463851.192,1.8711547251592295,349942.1317548745,1.0899999999999999,0.08000000000000007,0.03999999999999915,1.209999999999999,0.9008264462809923,0.5279494407978332,0.4720505592021667,0.046304028669354534,0,1,6,2,False,False,sideways
2025-06-11,15.45,15.66,14.77,14.91328845438321,4342696.57,1749686399999,66383169.8782,176120.0,2031491.15,31074982.7001,0,-0.02628616724600641,-0.026637824716500332,14.415190095813951,0.26431877499791945,14.065112061065951,0.08253762607204784,14.560153979947703,-0.08960245592147587,15.064103594280814,0.01648116668355648,14.345103865838896,0.0036052318598596145,17.932935368982942,-0.01226769495542257,0.039915377503504275,0.03806989644513893,0.040390572632288256,17.16,12.64,0.5029399235361083,43.646139180805896,-0.2323778651895001,-0.3149457833455779,0.08256791815607778,14.560153979947703,16.28100539293751,12.8393025669579,0.6026045804332317,2730777.107,1.590278664219079,-157405.1831197407,0.5599999999999987,0.21000000000000085,0.120000000000001,0.8900000000000006,0.6292134831460656,0.46779486368765566,0.5322051363123443,0.0405554468660471,0,2,6,2,False,False,sideways
2025-06-12,14.89,14.93,13.83,13.960042398464205,3957934.78,1749772799999,56686101.3956,160540.0,1982674.69,28395274.2481,0,-0.06391923946450817,-0.06605352360328774,14.442170854846797,0.02698075903284547,14.054905564596647,-0.010206496469304938,14.482348446714454,-0.07780553323324924,15.041121024136542,-0.022982570144272074,14.335333269611793,-0.009770596227102857,17.913494186984437,-0.01944118199850564,0.04574519141718588,0.03743397451989163,0.04013609870821995,16.19,12.64,0.3718429291448463,41.833039499973104,-0.25090030819523257,-0.30213668831550883,0.05123638012027626,14.482348446714454,16.161410915362108,12.8032859780668,0.3444649743523471,2946203.537,1.34340167958328,-244546.67546004013,0.9199999999999999,0.03999999999999915,0.14000000000000057,1.0999999999999996,0.8363636363636365,0.5009366753638118,0.49906332463618813,0.04056155771217635,0,3,6,2,False,False,sideways
2025-06-13,13.98,13.99,12.75,13.463326088400954,6529679.32,1749859199999,86214544.512,260808.0,3300709.71,43585337.8699,0,-0.03558128950366912,-0.03622973168504393,14.390355632150968,-0.05181522269582928,13.989320936031717,-0.0655846285649293,14.388433495765748,-0.09391495094870628,15.009197832160401,-0.031923191976140686,14.305984948139058,-0.02934832147273525,17.893912455878667,-0.019581731105770217,0.04707329993409654,0.038051770185066225,0.040435499319163355,16.19,12.64,0.23192284180308556,45.977934521345105,-0.3021770240800379,-0.3021447554684146,-3.2268611623254007e-05,14.388433495765748,16.075229961299605,12.70163703023189,0.22577977655650236,3359434.402,1.9436841261471374,-247725.84392269186,0.5400000000000009,0.009999999999999787,0.6899999999999995,1.2400000000000002,0.4354838709677426,0.505493386159123,0.49450661384087696,0.03994193086958518,0,4,6,2,False,False,sideways
2025-06-14,13.45,13.46,12.83,13.207053879482102,1849077.29,1749945599999,24273624.7146,77471.0,881269.73,11579156.114,0,-0.01903483635738712,-0.019218331114979764,14.171919034542062,-0.2184365976089051,13.925605098958163,-0.06371583707355377,14.268884720446223,-0.11954877531952413,14.974441666058553,-0.03475616610184851,14.267142246528874,-0.038842701610183994,17.873587734501456,-0.020324721377210864,0.04705719290855437,0.03777640694806639,0.040503204248047237,16.19,12.64,0.15973348717805658,43.304730853943774,-0.35935084351516267,-0.31358597307776426,-0.04576487043739841,14.268884720446223,15.933487621627641,12.604281819264806,0.18105581210674654,3374521.0940000005,0.5479525059978777,-39898.245096726154,0.29999999999999893,0.010000000000001563,0.3200000000000003,0.6300000000000008,0.4761904761904739,0.47659972612610474,0.5234002738738952,0.04189711291083998,0,5,6,2,False,False,sideways
2025-06-15,13.16,13.33,13.0,13.263724321715918,1457954.35,1750031999999,19219539.7896,60881.0,773749.56,10208664.9349,0,0.004290922317039758,0.00428174256025471,13.76148702848928,-0.4104320060527833,13.956179174652656,0.03057407569449211,14.156872151336994,-0.11201256910922908,14.943905572513568,-0.030536093544984766,14.240147957576742,-0.02699428895213174,17.84657446315904,-0.02701327134241538,0.04201798605541675,0.037869414105585926,0.04049230425404357,16.19,12.64,0.17569699203265268,43.10064376667522,-0.3955292611449419,-0.3299746306911998,-0.0655546304537421,14.156872151336994,15.772307550716443,12.541436751957546,0.22355817200608286,3087797.35,0.47216646196033557,16630.657984790854,0.14000000000000057,0.02999999999999936,0.16000000000000014,0.33000000000000007,0.42424242424242586,0.5307090444910021,0.4692909555089979,0.0417578232130519,0,6,6,2,False,False,sideways
2025-06-16,13.3,14.17,13.17,13.57717359310673,2758548.76,1750118399999,37895538.8579,114495.0,1262041.32,17337840.6275,0,0.02363207073579021,0.023357156129396962,13.494264056233982,-0.267222972255297,13.954727076023968,-0.0014520986286878923,14.042376841676822,-0.11449530966017285,14.924111630350103,-0.019793942163465417,14.222913088297297,-0.017234869279445064,17.824821947518537,-0.021752515640503844,0.03965191309439326,0.03787843184587372,0.04059490687324346,16.19,12.64,0.2639925614385153,46.12708442162148,-0.3943622189929936,-0.34285214835155864,-0.05151007064143498,14.042376841676822,15.459921532178807,12.624832151174836,0.335912316667296,3074426.7460000003,0.8972562978086971,53926.517112781854,0.2599999999999998,0.6099999999999994,0.13000000000000078,1.0,0.2599999999999998,0.45750190763349063,0.5424980923665094,0.04150551973567435,0,0,6,2,False,False,sideways
2025-06-17,13.57,13.79,12.8,13.016369941574968,3726610.19,1750204799999,49659770.9226,150294.0,1795916.01,23948439.169,0,-0.04130488924561493,-0.04218217878244706,13.305529564856135,-0.18873449137784704,13.873850209851465,-0.08087686617250256,13.90859806880139,-0.13377877287543072,14.882790877833648,-0.04132075251645517,14.214513164957978,-0.008399923339318605,17.798273259495033,-0.026548688023503075,0.0412169185103776,0.038641944140532604,0.04065551010086898,16.19,12.64,0.10601970185210356,41.84838205489247,-0.43369018701331186,-0.3610197560839093,-0.07267043092940256,13.90859806880139,15.166707347168598,12.650488790434183,0.14540912996668737,3267397.056,1.1405440251458683,-156649.5433849558,0.5800000000000001,0.21999999999999886,0.1899999999999995,0.9899999999999984,0.5858585858585869,0.4819167872237263,0.5180832127762738,0.040329949293676996,0,1,6,2,False,False,sideways
2025-06-18,13.0,13.23,12.63,13.00690455737681,2573912.22,1750291199999,33226796.5364,117526.0,1277307.96,16502781.4155,0,-0.0007271907790454835,-0.0007274553105110507,13.214245258651307,-0.09128430620482852,13.802300445401139,-0.07154976445032624,13.808729777060686,-0.09986829174070522,14.850185900244727,-0.032604977588921,14.21894532498994,0.00443216003196234,17.76797117847815,-0.030302081016884586,0.041232018678430134,0.03776547223807045,0.04046337609848081,15.66,12.63,0.12439094302864995,43.55800360740362,-0.4603154326403285,-0.38087889139519315,-0.07943654124513533,13.808729777060686,15.016735081762269,12.600724472359103,0.16812015784899526,3394625.1450000005,0.7582316485786827,23777.48009237842,0.10999999999999943,0.120000000000001,0.3699999999999992,0.5999999999999996,0.1833333333333325,0.4962515621453477,0.5037484378546523,0.045660453797449235,0,2,6,2,False,False,sideways
2025-06-19,13.12,13.38,12.91,13.071698748221504,1851285.83,1750377599999,24286855.701,72703.0,947546.09,12429677.7275,0,0.004981522741161815,0.004969156009849484,13.187174232399183,-0.02707102625212343,13.679546633470625,-0.12275381193051338,13.765753359894578,-0.04297641716610734,14.827624717911565,-0.02256118233316151,14.21850794013625,-0.0004373848536900482,17.738859918473313,-0.02911126000483577,0.038125245246192076,0.03456548885011934,0.040265526503006556,15.66,12.63,0.14577516442953903,51.001474651943816,-0.4707611405412315,-0.39885534122440086,-0.07190579931683067,13.765753359894578,15.015834163485547,12.51567255630361,0.22239610044433103,3365794.611,0.550029352340656,-5648.469351639951,0.049999999999998934,0.26000000000000156,0.16000000000000014,0.47000000000000064,0.10638297872340184,0.5118313307675455,0.48816866923245456,0.039271623442394085,0,3,6,2,False,False,sideways
2025-06-20,13.07,13.29,12.3,12.533343455362886,2738596.05,1750463999999,35022843.9975,105780.0,1305675.86,16707628.3058,0,-0.041184799560337604,-0.04205692293924947,13.041098059128581,-0.14607617327060218,13.40129254380893,-0.2782540896616954,13.691933489401418,-0.07381987049316052,14.783582463671218,-0.044042254240347134,14.209339098144335,-0.009168841991915144,17.675427569016605,-0.06343234945670773,0.027083767004524553,0.03554910832830709,0.040268029851500554,15.66,12.3,0.06944745695323953,40.52001797592391,-0.5165260217680832,-0.4223894773331373,-0.09413654443494585,13.691933489401418,15.050969632222298,12.332897346580538,0.07374568728035902,3178629.5360000003,0.8615650295146567,-117338.46885998479,0.5600000000000005,0.21999999999999886,0.20999999999999908,0.9899999999999984,0.5656565656565671,0.47676832806357117,0.5232316719364288,0.0386256308227714,0,4,6,2,False,False,sideways
2025-06-21,12.51,12.75,11.69,12.02188888567912,2605780.15,1750550399999,31745396.0504,109879.0,1211458.8,14756186.5787,0,-0.04080751249698811,-0.0416635073439028,12.730041117643058,-0.3110569414855231,13.112152586938521,-0.28913995687040916,13.588632324002237,-0.10330116539918066,14.73123187190973,-0.052350591761488374,14.199047487125434,-0.010291611018901747,17.61479276986207,-0.060634799154534846,0.027865263364716897,0.036330490301329524,0.040628989801392346,15.66,11.69,0.08359921553630237,34.61402007928858,-0.5872951562451671,-0.45537061311554333,-0.13192454312962382,13.588632324002237,15.12362614239067,12.053638505613804,-0.010341937392301019,3004937.8940000003,0.8671660586406781,-99981.97218225415,0.4800000000000004,0.2400000000000002,0.33999999999999986,1.0600000000000005,0.45283018867924546,0.46491213005824766,0.5350878699417524,0.042167410017303265,0,5,6,2,False,False,sideways
2025-06-22,12.03,12.2,10.94,11.64946584552227,5918789.6,1750636799999,68363262.3956,210727.0,2936309.49,33962157.1014,0,-0.03097874582757898,-0.03146873320145489,12.456660298432519,-0.2733808192105389,12.881094931644327,-0.23105765529419386,13.468000248120486,-0.12063207588175118,14.679139330637181,-0.05209254127254859,14.178373422130587,-0.020674064994846475,17.55265010358979,-0.06214266627227971,0.023886284905204735,0.03668369710880664,0.040688515116669176,15.66,10.94,0.15031056049200647,33.09112411727284,-0.665757197500465,-0.4974479299925277,-0.16830926750793734,13.468000248120486,15.211386225902777,11.724614270338195,-0.02155243467987484,3201023.3759999997,1.8490304208262678,-186960.93499584345,0.379999999999999,0.16999999999999993,0.7100000000000009,1.2599999999999998,0.30158730158730085,0.49609965692985614,0.5039003430701439,0.03560305640869545,0,6,6,2,False,False,sideways
2025-06-23,11.65,12.97,11.39,12.792378644011915,4411334.51,1750723199999,53053448.475,171594.0,2233942.02,26923254.3533,0,0.09810860117066644,0.09358924636625422,12.413755115759539,-0.04290518267298005,12.814000187205423,-0.06709474443890429,13.40166056161857,-0.0663396865019159,14.659450991987388,-0.019688338649793025,14.16539168981721,-0.012981732313377847,17.500840364851324,-0.05180973873846639,0.042729065440452914,0.04375563006808246,0.04288839793552722,15.66,10.94,0.39245310254489735,38.747746807020285,-0.6284707992027307,-0.5236525038345683,-0.10481829536816245,13.40166056161857,15.141687482463215,11.661633640773925,0.32492169796117387,2989188.895,1.4757630464166434,443026.72761373344,1.17,0.15000000000000036,0.2599999999999998,1.58,0.740506329113924,0.5064095717375103,0.4935904282624896,0.038898433027696196,0,0,6,2,False,False,sideways
2025-06-24,12.83,13.73,12.78,13.347661502661598,4188366.46,1750809599999,55373649.7408,174612.0,2150919.19,28457835.9145,0,0.043407318849931764,0.04249162600548741,12.468947666647557,0.05519255088801778,12.828060949523373,0.014060762317949838,13.376833024240767,-0.024827537377802855,14.653422469158091,-0.0060285228292968895,14.165041379149061,-0.00035031066814816825,17.438221425756407,-0.06261893909491789,0.04484694752911498,0.04483307916991631,0.043316024944166705,15.66,10.94,0.5100977759876267,34.21492366126097,-0.547799680197377,-0.52848193910713,-0.019317741090246976,13.376833024240767,15.104397831406343,11.649268217075191,0.49155703986959803,3223117.812,1.2994766881949769,196023.39126365085,0.5899999999999999,0.3100000000000005,0.05000000000000071,0.9500000000000011,0.6210526315789465,0.5135460830712506,0.48645391692874934,0.0416897617884181,0,1,6,2,False,False,sideways
2025-06-25,13.42,13.51,12.99,13.078737805415887,2471771.03,1750895999999,32749333.961,108619.0,1200138.31,15907409.5679,0,-0.02014762639823353,-0.020353357846611526,12.57802653665816,0.10907887001060246,12.809562297893368,-0.018498651630004304,13.382870736273011,0.006037712032243903,14.640126976768425,-0.013295492389666208,14.155770123057136,-0.009271256091924585,17.379963727714298,-0.058257698042108785,0.045367554496685995,0.042599311703075245,0.04340258264312652,15.66,10.94,0.45312241640167106,34.96459694863728,-0.4998056832618172,-0.5227466879380676,0.022941004676250376,13.382870736273011,15.105107811737874,11.660633660808148,0.4117041041591115,3324499.4799999995,0.7435017045031994,-53413.83000745149,0.28999999999999915,0.08999999999999986,0.14000000000000057,0.5199999999999996,0.5576923076923065,0.4855378169878462,0.5144621830121537,0.043943795230903734,0,2,6,2,False,False,sideways
2025-06-26,13.14,13.57,12.88,12.952490237928092,1893346.8,1750982399999,24961668.317,101798.0,946663.96,12486305.7827,0,-0.009652886185662068,-0.009699777291851983,12.764146807107952,0.18612027044979307,12.747093962375505,-0.06246833551786324,13.350910519199735,-0.03196021707327645,14.623591637576913,-0.01653533919151151,14.146653632231738,-0.009116490825398671,17.31382697631456,-0.06613675139973907,0.044614924252406145,0.04114349328328122,0.043421665227937785,15.66,10.94,0.4263750504084942,40.447517475397376,-0.4665787886730204,-0.5115131080850581,0.04493431941203774,13.350910519199735,15.080538921693957,11.621282116705512,0.3848248905091124,3237979.284,0.5847309800145096,-27398.011576542536,0.20000000000000107,0.4299999999999997,0.05999999999999872,0.6899999999999995,0.28985507246376985,0.49999501411996994,0.5000049858800301,0.05376616687444688,0,3,6,2,False,False,sideways
2025-06-27,12.94,13.23,12.73,12.982521394703102,1558205.31,1751068799999,20257928.793,86321.0,776580.22,10099799.7437,0,0.0023185623940538136,0.0023158786757113622,13.030757916944117,0.2666111098361643,12.743709107688318,-0.0033848546871872998,13.30877965876989,-0.04213086042984493,14.565714524430557,-0.057877113146355796,14.126865156320246,-0.019788475911491687,17.26752663782772,-0.046300338486837234,0.04263229643932557,0.04091986296457384,0.03743812322821352,15.66,10.94,0.4327375836235387,44.99900063522134,-0.4328335363758349,-0.4957771937432135,0.06294365736737861,13.30877965876989,15.030803347963369,11.58675596957641,0.40526893848376955,3021138.796,0.5157675350973845,13245.94931221018,0.11000000000000121,0.17999999999999972,0.20999999999999908,0.5,0.22000000000000242,0.4983811921421317,0.5016188078578683,0.05539770622396351,0,4,6,2,False,False,sideways
2025-06-28,13.05,13.45,13.0,13.375673212048545,1200113.9,1751155199999,15862065.3422,45088.0,619283.42,8187854.082,0,0.030283163446651384,0.02983368042669699,13.147416830551444,0.11665891360732772,12.780585973155492,0.036876865467174724,13.291443209278313,-0.017336449491576644,14.511337777761428,-0.054376746669129616,14.118204922350602,-0.008660233969644437,17.2238673290277,-0.043659308800020113,0.043646322676695264,0.041538154260071555,0.037664511643140115,15.66,10.94,0.5160324601797764,51.70530442029561,-0.3700998343447761,-0.47064172186352604,0.10054188751874993,13.291443209278313,15.002882531133553,11.580003887423073,0.5246079430613189,2883758.964,0.41616304101066326,31267.33532567044,0.33999999999999986,0.05999999999999872,0.05000000000000071,0.4499999999999993,0.7555555555555564,0.5160205377172951,0.48397946228270494,0.03756976733625034,0,5,6,2,False,False,sideways
2025-06-29,13.4,13.88,13.24,13.754935973233303,1498678.23,1751241599999,20223377.7405,61327.0,769056.16,10373764.9981,0,0.028354667101400555,0.027960114439752437,13.228871724665789,0.08145489411434426,12.848909695656673,0.06832372250118013,13.264228164563647,-0.027215044714665737,14.438335598603933,-0.07300217915749485,14.116021512907968,-0.0021834094426331774,17.172290618175367,-0.05157671085233417,0.044346785552529217,0.040909139648649256,0.03594516213294067,15.66,10.94,0.5963847400918016,54.66349792523312,-0.28647725682599123,-0.4338088288560191,0.1473315720300279,13.264228164563647,14.924743679654336,11.603712649472959,0.6477576704975432,2848498.204,0.5261292522127916,34696.80741598186,0.29999999999999893,0.1800000000000015,0.16000000000000014,0.6400000000000006,0.46874999999999795,0.5131562897260475,0.4868437102739525,0.04092072519129073,0,6,6,2,False,False,sideways
2025-06-30,13.71,13.78,13.12,13.296920954766847,2514005.77,1751327999999,33657046.2936,89552.0,1240465.84,16606508.1326,0,-0.03329822976695351,-0.033865238300833905,13.272508354535978,0.043636629870189125,12.925267445597068,0.07635774994039579,13.163279994702998,-0.10094816986064892,14.362500296233755,-0.07583530237017833,14.107154694387143,-0.008866818520825603,17.093529550934434,-0.0787610672409329,0.043476601980038485,0.03774208168449075,0.03612946956689031,15.66,10.94,0.4993476599082303,47.41040264052772,-0.25423310489462736,-0.3978936840637408,0.14366057916911346,13.163279994702998,14.515486455311112,11.811073534094884,0.5494158857974054,2826039.176,0.8895863126562688,-58721.302656934065,0.33000000000000007,0.06999999999999851,0.26000000000000156,0.6600000000000001,0.5,0.4934220337927069,0.5065779662072931,0.03562123884862842,0,0,6,2,False,False,sideways
2025-07-01,13.37,13.44,12.78,12.86928234635152,1734062.81,1751414399999,22664460.6866,63052.0,748341.25,9798929.4563,0,-0.03216072426617089,-0.0326892429563585,13.255866776220666,-0.01664157831531199,13.01000679166431,0.08473934606724143,13.061079689301414,-0.10220030540158476,14.284991235518651,-0.07750906071510322,14.09075566777133,-0.016399026615813384,17.013096556902827,-0.08043299403160731,0.042500502032002827,0.03792758055990905,0.03627637921080443,14.93,10.94,0.483529410113163,48.606586354103754,-0.260186970521195,-0.3703523413552317,0.11016537083403671,13.061079689301414,14.137154715283327,11.9850046633195,0.41088105461100194,2738867.442,0.6331313386725053,-62208.53130044842,0.46999999999999886,0.07000000000000028,0.120000000000001,0.6600000000000001,0.7121212121212103,0.4315537163270343,0.5684462836729657,0.0363608513119545,0,1,7,3,False,False,sideways
2025-07-02,12.9,13.85,12.73,13.563405713029919,3263950.46,1751500799999,43761483.7281,103212.0,1546799.46,20767082.3881,0,0.05393644711472079,0.05253215144613852,13.372043639886027,0.11617686366536084,13.201400778415072,0.19139398675076258,13.041247855029699,-0.019831834271714754,14.210342832820302,-0.07464840269834916,14.07504291987757,-0.015712747893759982,16.93535740213518,-0.0777391547676487,0.042413763516839544,0.037719841913021385,0.03683767109783783,14.17,10.94,0.8121999111547737,54.66658498709283,-0.20651492179819186,-0.3375848574438237,0.13106993564563185,13.041247855029699,14.060693978224709,12.021801731834689,0.7560988001816829,2473383.528,1.31962973920153,166992.814232558,0.6600000000000001,0.28999999999999915,0.16999999999999993,1.1199999999999992,0.5892857142857149,0.47390408615454294,0.5260959138454571,0.031621803475534366,0,2,7,3,False,False,sideways
2025-07-03,13.55,14.08,13.43,13.615987215697395,3061053.26,1751587199999,42127142.4484,108893.0,1423516.19,19612485.5842,0,0.003876718265307222,0.003869223157754769,13.420106440615797,0.048062800729770316,13.283761635583621,0.08236085716854902,13.048880911394523,0.007633056364824142,14.140812427731028,-0.06953040508927444,14.056430377327054,-0.0186125425505157,16.85767338404182,-0.07768401809335757,0.03114338316836552,0.036824988119736446,0.0368384588472251,14.17,10.94,0.8284790141478002,54.57354208507461,-0.15791618914660432,-0.30165112378437986,0.14373493463777554,13.048880911394523,14.083802156055237,12.01395966673381,0.7739852463308889,2338355.403,1.3090624530697141,24831.55299410005,0.11999999999999922,0.41000000000000014,0.120000000000001,0.6500000000000004,0.18461538461538332,0.46504130084949913,0.5349586991505009,0.035573703150790656,0,3,7,3,False,False,sideways
2025-07-04,13.66,13.78,12.93,13.164628312736069,2145964.77,1751673599999,28578440.9922,84226.0,976456.15,12999463.2571,0,-0.033149186747250314,-0.03371107334946786,13.30204490851635,-0.11806153209944625,13.265458316591069,-0.018303318992552775,13.04675963305722,-0.002121278337302357,14.082515022752892,-0.05829740497813596,14.035207712315477,-0.021222665011576325,16.779935263280084,-0.0777381207617367,0.0305184258677811,0.03736436585536154,0.03621692600167831,14.17,10.94,0.6887394157077612,55.38325913283707,-0.15404648272820864,-0.2721301955731456,0.11808371284493696,13.04675963305722,14.080489027988213,12.013030238126229,0.5570113804719253,2134115.234,1.005552434944101,-80061.5971250914,0.5,0.11999999999999922,0.23000000000000043,0.8499999999999996,0.5882352941176473,0.4550196553319932,0.5449803446680068,0.03924854740276095,0,4,7,3,False,False,sideways
2025-07-05,13.16,13.27,12.99,13.220205139989632,900526.54,1751759999999,11861117.9427,36072.0,415860.43,5479798.5021,0,0.004221678419875863,0.004212792136776239,13.286701745560908,-0.01534316295544258,13.279605050048442,0.014146733457373273,13.044583673970905,-0.0021759590863155154,14.032199001183574,-0.05031602156931747,14.012625346163347,-0.022582366152130717,16.706766031761223,-0.07316923151886101,0.029780414674267636,0.03736399822401118,0.03613791782829962,14.17,10.94,0.70594586377388,61.08007048690935,-0.144825666890398,-0.24666928983659608,0.10184362294619809,13.044583673970905,14.07657185893257,12.01259548900924,0.58508889373828,1976990.7850000001,0.4555036608326932,4790.034787233974,0.07000000000000028,0.03999999999999915,0.16999999999999993,0.27999999999999936,0.2500000000000016,0.4617969726911102,0.5382030273088898,0.040056565129107685,0,5,7,3,False,False,sideways
2025-07-06,13.23,13.7,13.1,13.473721711286087,1349555.74,1751846399999,18067981.4736,57069.0,679204.25,9096316.4045,0,0.019176447612722525,0.01899489686851872,13.40758961854782,0.12088787298691273,13.331728197384242,0.05212314733580037,13.039411079879873,-0.005172594091032323,13.994544826007216,-0.037654175176358606,14.004447974139328,-0.008177372024018581,16.649557611486344,-0.057208420274879046,0.02997845585534152,0.03723177307192885,0.03613631480309733,14.08,10.94,0.8069177424477985,67.24698195394997,-0.11572740187826192,-0.22048091224492927,0.10475351036666736,13.039411079879873,14.061145465442019,12.017676694317727,0.7125359768367108,1922611.679,0.7019388026925639,25501.80914588067,0.25,0.21999999999999886,0.13000000000000078,0.5999999999999996,0.4166666666666669,0.5032798793475548,0.4967201206524452,0.04228724928397548,0,6,7,3,False,False,sideways
2025-07-07,13.49,13.73,13.25,13.376847791979667,1830708.82,1751932799999,24756271.1825,79726.0,884861.82,11968801.8806,0,-0.00718984118732946,-0.00721581265751726,13.370278034337769,-0.03731158421005176,13.371160837111898,0.03943263972765543,13.057434972400108,0.018023892520234952,13.944650127414155,-0.04989469859306084,14.002075547243319,-0.002372426896009472,16.602327456960023,-0.0472301545263214,0.030200227729307614,0.035987848775695476,0.03577656043305704,14.08,10.94,0.7760661757897029,56.88812606483701,-0.09933861912820419,-0.19625245362158428,0.09691383449338009,13.057434972400108,14.090117316296407,12.024752628503808,0.6546520193104195,1949862.0299999998,0.9388914660797822,-5432.370385756864,0.05000000000000071,0.2400000000000002,0.1899999999999995,0.4800000000000004,0.10416666666666806,0.48334383400195774,0.5166561659980423,0.04354925214158306,0,0,7,3,False,False,sideways
2025-07-08,13.43,14.0,13.2,14.015184122892066,2064962.22,1752019199999,28085657.426,89228.0,1095551.17,14916789.0387,0,0.04771948824110295,0.04661588617840007,13.450117415776703,0.07983938143893354,13.43511192819625,0.06395109108435193,13.107848950675873,0.0504139782757651,13.908683956162468,-0.035966171251686774,14.008634314768603,0.006558767525284281,16.555319298997432,-0.0470081579625905,0.032351224387327626,0.0373996340404729,0.036481942056103306,14.08,10.94,0.9793580009210401,57.71588622098926,-0.03444492397627741,-0.1638909476925229,0.1294460237162455,13.107848950675873,14.225125210104256,11.99057269124749,0.9060478169832413,2036346.8620000002,1.0140523004867132,79894.37160714302,0.5300000000000011,0.03999999999999915,0.23000000000000043,0.8000000000000007,0.6625000000000009,0.530542960732715,0.46945703926728505,0.043210475782941925,0,1,7,3,False,False,sideways
2025-07-09,13.97,14.38,13.81,14.358375823113473,3387387.4,1752105599999,47744792.4223,132891.0,1794919.92,25307207.6339,0,0.024487134611442363,0.02419213089365652,13.688866917852184,0.23874950207548196,13.495455913184268,0.06034398498801785,13.17218280442047,0.06433385374459633,13.882987902512314,-0.025696053650154482,14.016521314756929,0.007886999988325982,16.516132338383372,-0.03918696061406024,0.03206482703853891,0.03766920562463586,0.03664463051914161,14.38,10.94,0.9937139020678698,64.54165160429764,0.0441673651088621,-0.1222792851322459,0.166446650241108,13.17218280442047,14.421113999376615,11.923251609464323,0.9748832535705279,2225217.779,1.5222723060941352,70368.36289398285,0.27999999999999936,0.13000000000000078,0.16000000000000014,0.5700000000000003,0.49122807017543724,0.5298832722823495,0.4701167277176505,0.039231119534777745,0,2,7,3,False,False,sideways
2025-07-10,14.25,14.49,14.15,14.347225220476377,905861.26,1752191999999,12964711.1844,27971.0,444688.57,6365836.8552,0,-0.000776592197785142,-0.0007768939017166981,13.914270933949533,0.2254040160973485,13.600486339755221,0.10503042657095385,13.262876892676143,0.09069408825567393,13.845311840179916,-0.037676062332398175,14.019146431862827,0.0026251171058984113,16.47799311956335,-0.038139218820020915,0.029306252385728634,0.03609163965504937,0.036218339805122804,14.49,10.94,0.9597817522468666,66.27534569819949,0.10436535133148261,-0.0769503578395002,0.18131570917098283,13.262876892676143,14.578154648331212,11.947599137021074,0.9122126764244476,2064403.3280000002,0.4388005229954754,-1271.384224561327,0.019999999999999574,0.2400000000000002,0.08000000000000007,0.33999999999999986,0.05882352941176348,0.4909014102225765,0.5090985897774235,0.03087779689353312,0,3,7,3,False,False,sideways
