timestamp,open,high,low,close,volume,close_time,quote_asset_volume,number_of_trades,taker_buy_base,taker_buy_quote,ignore,returns,log_returns,ma_5,ma_5_slope,ma_10,ma_10_slope,ma_20,ma_20_slope,ma_50,ma_50_slope,ma_100,ma_100_slope,ma_200,ma_200_slope,volatility_10,volatility_20,volatility_50,high_20,low_20,price_position,rsi,macd,macd_signal,macd_histogram,bb_middle,bb_upper,bb_lower,bb_position,volume_ma_10,volume_ratio,volume_price_trend,body_size,upper_wick,lower_wick,total_range,body_ratio,buy_pressure,sell_pressure,trade_intensity,hour,day_of_week,month,quarter,gap_up,gap_down
2024-07-11,0.3885,0.405,0.3844,0.3959,87567536.7,1720742399999,34583952.74703,122360.0,42870911.8,16933414.03839,0,,,,,,,,,,,,,,,,,,,,,,0.0,0.0,0.0,,,,,,,,0.007399999999999962,0.009100000000000052,0.0040999999999999925,0.020600000000000007,0.35922330097087185,0.48957539992100746,0.5104246000789926,0.0013973214802101427,0,3,7,3,False,False
2024-07-12,0.396,0.4181,0.3932,0.4165,100898164.4,1720828799999,40899016.90779,131113.0,49031712.6,19878994.78003,0,0.05203334175296792,0.050724807494812445,,,,,,,,,,,,,,,,,,,,0.001643304843304827,0.0003286609686609654,0.0013146438746438616,,,,,,,5250068.670472342,0.020499999999999963,0.0016000000000000458,0.0028000000000000247,0.024900000000000033,0.8232931726907604,0.48595247387870216,0.5140475261212978,0.0012994587243452369,0,4,7,3,False,False
2024-07-13,0.4166,0.4464,0.4115,0.4416,98135951.1,1720915199999,42155177.36898,146703.0,50142082.7,21546022.92208,0,0.06026410564225704,0.0585180333559883,,,,,,,,,,,,,,,,,,,,0.004914346474460429,0.0012457980698208583,0.0036685484046395708,,,,,,,5914075.324393771,0.024999999999999967,0.0048000000000000265,0.005100000000000049,0.03490000000000004,0.7163323782234939,0.5109450933929962,0.48905490660700385,0.0014948955847028011,0,5,7,3,False,False
2024-07-14,0.4416,0.445,0.4248,0.4317,101540405.4,1721001599999,43896806.92703,126876.0,49192264.5,21260161.15152,0,-0.022418478260869623,-0.02267359240145379,,,,,,,,,,,,,,,,,,,,0.006631380841041423,0.0023229146240649713,0.004308466216976452,,,,,,,-2276381.371059789,0.00990000000000002,0.003400000000000014,0.006899999999999962,0.020199999999999996,0.4900990099009912,0.48445999704468384,0.5155400029553162,0.0012495124428565654,0,6,7,3,False,False
2024-07-15,0.4317,0.4458,0.431,0.4449,125566239.6,1721087999999,54944419.76773,164760.0,61571472.8,26939739.45763,0,0.030576789437109175,0.03011863525056435,0.42611999999999994,,,,,,,,,,,,,,,,,,,0.008954055848009013,0.00364914286885378,0.005304912979155233,,,,,,,3839412.4686588,0.013200000000000045,0.0008999999999999564,0.0006999999999999784,0.01479999999999998,0.8918918918918961,0.49035053527238065,0.5096494647276193,0.0013121361324895486,0,0,7,3,False,False
2024-07-16,0.4449,0.4526,0.4264,0.4381,126834589.9,1721174399999,55759694.72726,182656.0,62002045.7,27256454.04836,0,-0.015284333558102992,-0.015402342992143374,0.43456,0.008440000000000059,,,,,,,,,,,,,,,,,,0.010129324803918038,0.004945179255866632,0.005184145548051407,,,,,,,-1938582.1787368008,0.006800000000000028,0.007699999999999985,0.011699999999999988,0.0262,0.25954198473282547,0.48884177217653463,0.5111582278234653,0.0014401118822870889,0,1,7,3,False,False
2024-07-17,0.4381,0.457,0.4353,0.4359,105320100.0,1721260799999,46949426.48429,153375.0,52063251.4,23230874.15505,0,-0.005021684546907101,-0.005034335575505868,0.43843999999999994,0.003879999999999939,,,,,,,,,,,,,,,,,,0.010759187093545675,0.006107980823402441,0.004651206270143234,,,,,,,-528884.3186487106,0.0021999999999999797,0.018900000000000028,0.0005999999999999894,0.021699999999999997,0.10138248847926175,0.49433347860474874,0.5056665213952513,0.001456274728185788,0,2,7,3,False,False
2024-07-18,0.4359,0.4498,0.4199,0.4234,80622639.4,1721347199999,34984535.29723,133268.0,39187988.2,16995307.98382,0,-0.028676301904106416,-0.0290955005435821,0.43479999999999996,-0.0036399999999999766,,,,,,,,,,,,,,,,,,0.010132906128512642,0.006912965884424482,0.0032199402440881604,,,,,,,-2311959.147740305,0.012500000000000011,0.013899999999999968,0.003500000000000003,0.029899999999999982,0.41806020066889693,0.4860667982546848,0.5139332017453152,0.0016529848314541782,0,3,7,3,False,False
2024-07-19,0.4235,0.4429,0.4145,0.439,80349138.6,1721433599999,34412546.25986,121684.0,38675329.1,16566620.10148,0,0.03684459140292873,0.03618205437440662,0.43626,0.0014600000000000168,,,,,,,,,,,,,,,,,,0.010771199889486605,0.007684612685436906,0.003086587204049698,,,,,,,2960431.1812942885,0.015500000000000014,0.0039000000000000146,0.009000000000000008,0.028400000000000036,0.5457746478873238,0.4813409300196282,0.5186590699803718,0.0015144406289876518,0,4,7,3,False,False
2024-07-20,0.4389,0.4419,0.4275,0.4373,54136437.1,1721519999999,23557735.17184,73691.0,26909385.9,11708461.00926,0,-0.0038724373576309867,-0.0038799546562964444,0.43473999999999996,-0.0015200000000000213,0.43043,,,,,,,,,,,,,,,,,0.011012926341651574,0.00835027541667984,0.0026626509249717337,,,,,96097120.22,0.5633512947741068,-209639.96143508013,0.0015999999999999903,0.0030000000000000027,0.009800000000000031,0.014400000000000024,0.11111111111111026,0.4970660675414119,0.5029339324585881,0.0013612089000958653,0,5,7,3,False,False
2024-07-21,0.4373,0.449,0.4166,0.4469,85361994.3,1721606399999,36934905.13471,111682.0,42233333.6,18274053.63919,0,0.021952892750971786,0.021715397520530824,0.4365,0.0017600000000000393,0.43553,0.005099999999999993,,,,,,,,,0.03182366212311223,,,,,,,0.011842621694867439,0.00904874467231736,0.0027938770225500783,,,,,95876565.97999999,0.8903322039903542,1873942.7058769648,0.009599999999999997,0.0020999999999999908,0.020699999999999996,0.032399999999999984,0.29629629629629634,0.4947557041787624,0.5052442958212376,0.0013083340064373357,0,6,7,3,False,False
2024-07-22,0.447,0.4504,0.4234,0.4262,79086035.0,1721692799999,34378311.77136,109397.0,39966625.5,17361372.90366,0,-0.046319087044081386,-0.04742613627488899,0.43456,-0.0019399999999999973,0.4365,0.0009700000000000264,,,,,,,,,0.033452616556323866,,,,,,,0.010706427208699021,0.009380281179593693,0.0013261460291053278,,,,,93695353.03999999,0.8440763862241594,-3663192.939136267,0.020799999999999985,0.003400000000000014,0.0028000000000000247,0.027000000000000024,0.7703703703703692,0.5053562933076617,0.4946437066923383,0.0013832657055066675,0,0,7,3,False,False
2024-07-23,0.4261,0.4296,0.4028,0.41,86052015.5,1721779199999,35884223.7945,104821.0,42519510.5,17725301.12934,0,-0.03801032379164726,-0.038751559966163425,0.43188000000000004,-0.00267999999999996,0.43334,-0.003159999999999996,,,,,,,,,0.028810059912199138,,,,,,,0.008401928084678767,0.009184610560610708,-0.0007826824759319412,,,,,92486959.47999999,0.930423229218693,-3270864.9720788486,0.016100000000000003,0.003500000000000003,0.007199999999999984,0.02679999999999999,0.6007462686567168,0.49411405709608275,0.5058859429039172,0.0012181120847773752,0,1,7,3,False,False
2024-07-24,0.41,0.4217,0.4038,0.4063,97197388.2,1721865599999,40178257.66473,118751.0,51366066.6,21230867.72363,0,-0.009024390243902447,-0.009065356704672433,0.42534,-0.006540000000000046,0.43079999999999996,-0.0025400000000000422,,,,,,,,,0.028321990402373355,,,,,,53.29531051964513,0.006205503664609591,0.008588789181410485,-0.0023832855168008944,,,,,92052657.76,1.0558889940300622,-877147.1618048789,0.003699999999999981,0.011700000000000044,0.0025000000000000022,0.017900000000000027,0.20670391061452378,0.5284716755382939,0.47152832446170606,0.0012217509358960325,0,2,7,3,False,False
2024-07-25,0.4062,0.4085,0.3816,0.3948,96406178.5,1721951999999,37930903.42011,121115.0,45869639.0,18046095.49963,0,-0.028304208712773837,-0.02871249543435457,0.41684,-0.008500000000000008,0.42579,-0.005009999999999959,,,,,,,,,0.02596881754709263,,,,,,49.6751329001772,0.003496561413391719,0.007570343627806732,-0.004073782214415013,,,,,89136651.65,1.0815548566771858,-2728700.59746493,0.011400000000000021,0.0022999999999999687,0.01319999999999999,0.02689999999999998,0.4237918215613394,0.47579563585750884,0.5242043641424912,0.001256299148918137,0,3,7,3,False,False
2024-07-26,0.3948,0.4199,0.3944,0.4172,59178553.1,1722038399999,24312011.24585,72410.0,28120818.8,11545626.85191,0,0.05673758865248235,0.05518641556729094,0.4109,-0.005940000000000001,0.4237,-0.0020899999999999808,,,,,,,,,0.03367004961761826,,,,,,50.20455873758037,0.003121218493908895,0.006680518601027165,-0.0035593001071182705,,,,,82371047.97,0.7184387543734198,3357648.4028368844,0.02240000000000003,0.00269999999999998,0.00040000000000001146,0.025500000000000023,0.87843137254902,0.4751859808481867,0.5248140191518132,0.0012235851707567348,0,4,7,3,False,False
2024-07-27,0.4172,0.4292,0.4126,0.4176,171402225.1,1722124799999,72168104.72741,137712.0,82856187.3,34888803.48405,0,0.0009587727708533222,0.0009583134418115972,0.40918,-0.0017199999999999993,0.42187,-0.0018299999999999983,,,,,,,,,0.03371026347123514,,,,,,41.8032786885246,0.0028234857963778115,0.0059091120400972955,-0.003085626243719484,,,,,88979260.47999999,1.9263165840597916,164335.78628955185,0.00040000000000001146,0.0116,0.004599999999999993,0.016600000000000004,0.02409638554216936,0.48340205182085466,0.5165979481791453,0.0008034434787509652,0,5,7,3,False,False
2024-07-28,0.4176,0.4207,0.4043,0.4073,80650723.3,1722211199999,33147595.68855,78169.0,39029133.9,16042705.77672,0,-0.024664750957854475,-0.024974021914062138,0.40864,-0.0005399999999999849,0.42026,-0.0016100000000000003,,,,,,,,,0.03340343397391059,,,,,,41.68937329700274,0.0017363905399488955,0.005074567740067616,-0.0033381772001187205,,,,,88982068.87,0.9063705117693787,-1989230.0047653313,0.010300000000000031,0.0030999999999999917,0.0030000000000000027,0.016400000000000026,0.6280487804878058,0.4839278843764567,0.5160721156235434,0.0009692287533396493,0,6,7,3,False,False
2024-07-29,0.4072,0.4272,0.403,0.4031,83989483.1,1722297599999,34850252.14824,117524.0,43099374.7,17876758.05784,0,-0.01031180947704391,-0.010365344531246757,0.40800000000000003,-0.0006399999999999739,0.41667,-0.0035900000000000376,,,,,,,,,0.03027777805928318,,,,,,34.83309143686503,0.0005298470707815195,0.004165623606210397,-0.0036357765354288777,,,,,89346103.32,0.9400464035816442,-866083.5478025993,0.0040999999999999925,0.020000000000000018,9.999999999998899e-05,0.0242,0.16942148760330547,0.5131520412940844,0.4868479587059156,0.0013992704284186744,0,0,7,3,False,False
2024-07-30,0.4031,0.4077,0.394,0.4015,66547192.1,1722383999999,26757483.31088,93170.0,31420872.7,12632826.51879,0,-0.003969238402381503,-0.003977136736303697,0.40934,0.0013399999999999523,0.41309000000000007,-0.0035799999999999166,0.42176,,,,,,,,0.030276296779687722,,,0.457,0.3816,0.2639257294429711,36.19909502262445,-0.0005491239899140798,0.003222674086985502,-0.003771798076899582,0.42176,0.45577042564613945,0.3877495743538606,0.2021501552083671,90587178.82,0.7346204282642655,-264141.670453979,0.0015999999999999903,0.004599999999999993,0.007500000000000007,0.01369999999999999,0.1167883211678826,0.4721592558373323,0.5278407441626678,0.0014000590717636004,0,1,7,3,False,False
2024-07-31,0.4015,0.4078,0.3871,0.3882,64025495.7,1722470399999,25551374.49652,105922.0,30711593.1,12261741.49239,0,-0.03312577833125785,-0.03368686265190655,0.40354,-0.005799999999999972,0.40722,-0.005870000000000042,0.421375,-0.0003850000000000242,,,,,,,0.02919310259829622,0.03262898657745408,,0.457,0.3816,0.08753315649867364,33.40292275574113,-0.0024491825247620613,0.0020883027646359897,-0.0045374852893980515,0.421375,0.45676437544994036,0.38598562455005964,0.031285879190954824,88453528.96000001,0.7238320104667987,-2120894.3781071026,0.013300000000000034,0.006299999999999972,0.0010999999999999899,0.020699999999999996,0.6425120772946877,0.4796775528908556,0.5203224471091443,0.0016543721972307978,0,2,7,3,False,False
2024-08-01,0.3881,0.3958,0.3681,0.3925,93185663.4,1722556799999,35586142.99418,152817.0,44760276.6,17101228.09876,0,0.011076764554353469,0.011015866487553283,0.39852,-0.0050200000000000244,0.40385,-0.0033700000000000396,0.42017499999999997,-0.0012000000000000344,,,,,,,0.027647568165590712,0.030366409711519177,,0.457,0.3681,0.2744656917885267,38.59778597785979,-0.0035669015190188946,0.0009572619079050129,-0.004524163426923907,0.42017499999999997,0.45781634764632606,0.38253365235367387,0.13238563799533476,89863491.8,1.0369690909339895,1032195.6533230334,0.004400000000000015,0.0032999999999999696,0.020000000000000018,0.027700000000000002,0.15884476534296083,0.48033436654162404,0.519665633458376,0.001639919644549099,0,3,8,3,False,False
2024-08-02,0.3925,0.3952,0.3578,0.3636,122506209.6,1722643199999,45823735.50172,205456.0,55457235.0,20754165.96121,0,-0.07363057324840772,-0.07648217491913943,0.38978,-0.00873999999999997,0.39920999999999995,-0.004640000000000033,0.416275,-0.003899999999999959,,,,,,,0.03361393897209638,0.03055295381823291,,0.457,0.3578,0.05846774193548358,24.663978494623677,-0.006707371938803941,-0.000575664861436778,-0.006131707077367163,0.416275,0.460207094730031,0.372342905269969,-0.0995047621072409,93508911.21000001,1.3101019786753647,-9020202.439337589,0.028900000000000037,0.00269999999999998,0.005799999999999972,0.03739999999999999,0.7727272727272739,0.4526891753575241,0.5473108246424759,0.0016771068231630278,0,4,8,3,False,False
2024-08-03,0.3637,0.373,0.3489,0.3646,87498771.3,1722729599999,31546579.69966,150751.0,40385514.2,14555552.29038,0,0.002750275027502802,0.0027464999412389465,0.38208,-0.00770000000000004,0.39504,-0.0041699999999999515,0.41292,-0.003354999999999997,,,,,,,0.03391230719279155,0.030499186826066817,,0.457,0.3489,0.14523589269195178,25.455773126266052,-0.00901164509460356,-0.0022628609080701345,-0.006748784186533425,0.41292,0.4618558161806172,0.3639841838193828,0.0062920804094108,92539049.52,0.94553349914286,240645.68564356887,0.0008999999999999564,0.008400000000000019,0.014800000000000035,0.02410000000000001,0.03734439834024714,0.46155521500448776,0.5384447849955122,0.0017228927647810297,0,5,8,3,False,False
2024-08-04,0.3646,0.3677,0.3335,0.3442,97503415.0,1722815999999,34078114.86182,149844.0,43581947.3,15237929.24568,0,-0.05595172792100922,-0.05757797846712351,0.37062,-0.01145999999999997,0.38998,-0.005060000000000009,0.407885,-0.005035000000000012,,,,,,,0.03657070837014057,0.030878842740422817,,0.457,0.3335,0.08663967611336022,17.684078036500978,-0.012341640927841457,-0.004278616912024399,-0.008063024015817058,0.407885,0.46326423893719704,0.35250576106280296,-0.0749898447703671,92648773.16999999,1.0523983390594098,-5455484.547449249,0.020399999999999974,0.003100000000000047,0.010699999999999987,0.03420000000000001,0.5964912280701745,0.4469786755674147,0.5530213244325853,0.001536807710786335,0,6,8,3,False,False
2024-08-05,0.3442,0.346,0.2756,0.3119,592112788.2,1722902399999,180464778.47691,561651.0,278209305.1,84793379.12473,0,-0.09384079023823355,-0.09854026016368143,0.35536,-0.015259999999999996,0.37945,-0.010529999999999984,0.40157499999999996,-0.006310000000000038,,,,,,,0.03564849733398246,0.035871998817786854,,0.457,0.2756,0.20011025358324144,16.480938416422305,-0.017386604718237553,-0.006900214473267031,-0.010486390244970521,0.40157499999999996,0.469741109035595,0.3334088909644049,-0.15776821699749177,145942196.68,4.057173330742002,-55564331.95485181,0.032299999999999995,0.0017999999999999683,0.0363,0.07039999999999996,0.45880681818181834,0.46985863275431955,0.5301413672456804,0.0009485540781974956,0,0,8,3,False,False
2024-08-06,0.3118,0.3369,0.3114,0.331,125385161.0,1722988799999,41158436.51991,195665.0,59812537.3,19632182.49885,0,0.061237576146200734,0.05943575176330535,0.34306000000000003,-0.012299999999999978,0.37079,-0.008660000000000001,0.39633,-0.005244999999999944,,,,,,,0.044978099760933726,0.03980477340216656,,0.4504,0.2756,0.31693363844393596,27.220299884659767,-0.019617427007371402,-0.009443656980087905,-0.010173770027283497,0.39633,0.46934602131327796,0.32331397868672207,0.05263243035594056,141340490.26999998,0.8871142357047097,7678283.344341138,0.019199999999999995,0.005899999999999961,0.00040000000000001146,0.025499999999999967,0.752941176470589,0.47703043025960623,0.5229695697403938,0.0015605116142890306,0,1,8,3,False,False
2024-08-07,0.331,0.341,0.3161,0.3241,108079429.6,1723075199999,35497401.23938,220716.0,52365982.2,17209916.69301,0,-0.020845921450151073,-0.02106626522956122,0.33516,-0.007900000000000018,0.36247,-0.008319999999999994,0.391365,-0.004964999999999997,,,,,,,0.044969577662623786,0.039679818474767696,,0.4504,0.2756,0.2774599542334095,26.72706681766705,-0.021692089176836793,-0.011893343419437683,-0.00979874575739911,0.391365,0.46992469972608497,0.31280530027391507,0.07188609277699824,144083360.9,0.7501173551539495,-2253015.299818733,0.006900000000000017,0.010000000000000009,0.008000000000000007,0.024900000000000033,0.2771084337349401,0.48451386534704666,0.5154861346529533,0.0020421647377013917,0,2,8,3,False,False
2024-08-08,0.3241,0.3535,0.3187,0.3516,108236428.8,1723161599999,36508170.22061,176786.0,52966626.8,17876355.70796,0,0.08485035482875669,0.08144205566352036,0.33256,-0.002599999999999991,0.35731999999999997,-0.005150000000000043,0.38699500000000003,-0.004369999999999985,,,,,,,0.05628367668430644,0.04403571974300779,,0.4504,0.2756,0.4347826086956522,38.785046728971984,-0.020876601256311467,-0.013689994986812441,-0.007186606269499025,0.38699500000000003,0.46410797180794316,0.3098820281920569,0.27049905372500443,146508055.47,0.7387745912863012,9183899.38907746,0.027500000000000024,0.0018999999999999573,0.005400000000000016,0.0348,0.790229885057472,0.48936044349608104,0.510639556503919,0.0016333317900451645,0,3,8,3,False,False
2024-08-09,0.3515,0.3545,0.3365,0.3483,75715466.2,1723247999999,26216485.81025,140651.0,39577229.1,13707562.46222,0,-0.009385665529010323,-0.009429988439066513,0.33338,0.0008199999999999874,0.352,-0.005319999999999991,0.382545,-0.0044500000000000095,,,,,,,0.0562222854687888,0.04401183241185589,,0.4504,0.2756,0.415903890160183,30.144092219020195,-0.020263024096283777,-0.015004600808706709,-0.005258423287577068,0.382545,0.45768152065967727,0.3074084793403228,0.27211481381265273,147424882.88,0.5135867481857213,-710640.0411262863,0.0031999999999999806,0.0030000000000000027,0.011799999999999977,0.01799999999999996,0.1777777777777771,0.5227099704498682,0.4772900295501317,0.001857625754142157,0,4,8,3,False,False
2024-08-10,0.3484,0.3524,0.3442,0.3457,32923978.4,1723334399999,11423301.86095,64583.0,15557740.6,5400244.70092,0,-0.0074648291702554825,-0.007492830444376611,0.34014,0.006759999999999988,0.34775,-0.004249999999999976,0.377485,-0.005060000000000009,,,,,,,0.05576952997375788,0.04336075796369603,,0.4504,0.2756,0.4010297482837528,29.538986909504843,-0.019758791003996745,-0.015955438847764715,-0.00380335215623203,0.377485,0.4478524947386183,0.3071175052613817,0.27414998133679386,144314731.15,0.22814010834264023,-245771.87436118143,0.00269999999999998,0.0040000000000000036,0.0015000000000000013,0.008199999999999985,0.329268292682925,0.47253525716078104,0.5274647428392188,0.0019615794669577357,0,5,8,3,False,False
2024-08-11,0.3456,0.3566,0.3269,0.3276,58078474.9,1723420799999,19779040.65426,101080.0,27255559.4,9303818.77941,0,-0.0523575354353486,-0.053777994948664525,0.33946,-0.0006800000000000139,0.34126,-0.006489999999999996,0.37255499999999997,-0.0049300000000000455,,,,,,,0.056690604974839,0.04363347763701736,,0.4296,0.2756,0.33766233766233766,28.28337874659401,-0.02058243982338448,-0.016880839042888666,-0.003701600780495813,0.37255499999999997,0.44236570570893086,0.3027442942910691,0.1780221633381306,140804012.3,0.4124774141823229,-3040845.807607754,0.018000000000000016,0.010999999999999954,0.0006999999999999784,0.02969999999999995,0.6060606060606076,0.4692884833310249,0.5307115166689751,0.0017404038273050452,0,6,8,3,False,False
2024-08-12,0.3276,0.3447,0.3263,0.339,75901662.9,1723507199999,25517844.71399,143889.0,37462357.0,12601044.69494,0,0.0347985347985349,0.034206755401536,0.34243999999999997,0.0029799999999999827,0.33880000000000005,-0.0024599999999999622,0.369005,-0.003549999999999942,,,,,,,0.05488223780737837,0.04439422092677446,,0.4292,0.2756,0.4127604166666667,33.19349764027268,-0.0200837892992764,-0.017521429094166215,-0.0025623602051101854,0.369005,0.4380146095520495,0.29999539044795054,0.28260274043885747,136143557.63000003,0.5575119691398063,2641266.6576923155,0.011400000000000021,0.005699999999999983,0.0013000000000000234,0.018400000000000027,0.6195652173913045,0.49356437749402715,0.5064356225059728,0.0018957292172843815,0,0,8,3,False,False
2024-08-13,0.3389,0.3451,0.3306,0.34,46778962.1,1723593599999,15826195.52254,107236.0,23235646.1,7861486.81352,0,0.002949852507374562,0.0029455102297567446,0.34012000000000003,-0.0023199999999999332,0.33634,-0.0024600000000000732,0.36569,-0.0033150000000000124,,,,,,,0.05488565640785633,0.044467791308982416,,0.4292,0.2756,0.41927083333333337,33.8243029984219,-0.0193844615177185,-0.01789403557887667,-0.0014904259388418273,0.36569,0.43351584199333815,0.2978641580066619,0.31061790576427145,132071576.71,0.3541940155883523,137991.03864306462,0.0011000000000000454,0.005099999999999993,0.008299999999999974,0.014500000000000013,0.07586206896552031,0.4967114501242857,0.5032885498757143,0.0022923980179543144,0,1,8,3,False,False
2024-08-14,0.34,0.3457,0.3308,0.3352,52329030.8,1723679999999,17697898.64046,115396.0,25542913.9,8643862.36904,0,-0.014117647058823568,-0.014218249002279137,0.3375,-0.002620000000000011,0.33544,-0.0008999999999999564,0.36271000000000003,-0.0029799999999999827,,,,,,,0.05214749085680632,0.04423815264667353,,0.4292,0.2756,0.3880208333333332,35.40748898678416,-0.01899855557470065,-0.01811493957804147,-0.0008836159966591796,0.36271000000000003,0.4303876850419072,0.29503231495809285,0.29675723258733383,127554138.28999999,0.4102495732520071,-738762.7877647078,0.0048000000000000265,0.005699999999999983,0.004400000000000015,0.014900000000000024,0.32214765100671267,0.48812128773460867,0.5118787122653913,0.0022052004066545794,0,2,8,3,False,False
2024-08-15,0.3353,0.3419,0.3204,0.3248,73704919.9,1723766399999,24373093.19421,144762.0,32946921.9,10873965.62977,0,-0.031026252983293645,-0.03151776032040518,0.33332,-0.004180000000000017,0.33673000000000003,0.0012900000000000134,0.35809,-0.004620000000000013,,,,,,,0.04270611163589369,0.04184880615374634,,0.4292,0.2756,0.3203124999999997,31.965903036760793,-0.019309329487439353,-0.018353817559921045,-0.0009555119275183079,0.35809,0.422649068016491,0.29353093198350905,0.2421740971268634,75713351.46000001,0.9734732181144949,-2286787.4909307943,0.01050000000000001,0.006599999999999995,0.0043999999999999595,0.021499999999999964,0.48837209302325707,0.4470111621408871,0.5529888378591129,0.0019640751281787905,0,3,8,3,False,False
2024-08-16,0.3249,0.3455,0.3202,0.3301,89181725.2,1723852799999,29555233.79355,172514.0,45458905.2,15051616.63089,0,0.01631773399014791,0.016186030571624568,0.33382,0.0005000000000000004,0.33664,-9.00000000000345e-05,0.353715,-0.004375000000000018,,,,,,,0.03824732768712612,0.04223064444689279,,0.4272,0.2756,0.3594986807387862,39.79280926264474,-0.01890997196052585,-0.018465048440042008,-0.00044492352048384337,0.353715,0.4129319703627886,0.2944980296372114,0.30060614503473954,72093007.88,1.2370370972514346,1455243.6685960705,0.005199999999999982,0.01539999999999997,0.0047000000000000375,0.02529999999999999,0.20553359683794406,0.5097334134101277,0.4902665865898723,0.0019344097640308937,0,4,8,3,False,False
2024-08-17,0.3301,0.3388,0.3274,0.3373,37562981.3,1723939199999,12515048.67529,61721.0,18267314.7,6087359.88339,0,0.021811572250832967,0.02157710320845712,0.33348,-0.00034000000000000696,0.33796,0.0013199999999999878,0.350215,-0.003500000000000003,,,,,,,0.03799594028416539,0.042705667459206405,,0.4272,0.2756,0.4069920844327175,41.98473282442749,-0.017807227778920964,-0.0183334843078178,0.0005262565288968353,0.350215,0.40413440476791573,0.29629559523208426,0.3802379212494111,65041363.05,0.5775245096128101,819307.6805816375,0.007199999999999984,0.0015000000000000013,0.00269999999999998,0.011399999999999966,0.6315789473684216,0.4863116309673748,0.5136883690326252,0.0016431336881133022,0,5,8,3,False,False
2024-08-18,0.3374,0.34,0.3327,0.3342,31399291.8,1724025599999,10580021.80612,57071.0,14094335.4,4751317.64019,0,-0.009190631485324618,-0.009233125906311203,0.33232,-0.0011599999999999944,0.33622,-0.0017399999999999638,0.34677,-0.003444999999999976,,,,,,,0.025529914401019073,0.04270391603842741,,0.4078,0.2756,0.44326777609682294,46.73202614379085,-0.01698761649385816,-0.018064310745025874,0.0010766942511677147,0.34677,0.39496255675221864,0.2985774432477814,0.36958566999642173,57357649.35,0.5474298921910056,-288579.3198339751,0.0031999999999999806,0.0026000000000000467,0.0015000000000000013,0.007300000000000029,0.4383561643835573,0.4488743086874335,0.5511256913125664,0.0018175887648523334,0,6,8,3,False,False
2024-08-19,0.3342,0.3378,0.3276,0.3367,59429594.3,1724111999999,19788254.56697,92479.0,28021707.1,9337897.59847,0,0.0074805505685218154,0.007452710005735435,0.33262,0.00030000000000002247,0.33506,-0.0011599999999999944,0.34353,-0.0032400000000000206,,,,,,,0.02574704934967046,0.042843746232249236,,0.4078,0.2756,0.46217851739788196,60.06493506493505,-0.01595244962956277,-0.017641938521933256,0.001689488892370486,0.34353,0.3843842003251875,0.3026757996748125,0.41641006376779865,55729062.15999999,1.0664021965662307,444566.0854278858,0.0025000000000000022,0.0010999999999999899,0.006599999999999995,0.010199999999999987,0.24509803921568682,0.4715109943128116,0.5284890056871884,0.0015561102358055304,0,0,8,3,False,False
2024-08-20,0.3367,0.3483,0.3352,0.3434,67569520.8,1724198399999,23143570.43896,104116.0,30894948.3,10579769.03113,0,0.019899019899019876,0.019703622296346333,0.33634,0.0037199999999999456,0.33483,-0.00023000000000000798,0.34129,-0.0022400000000000198,,,,,,,0.026666912873469065,0.04284011185183967,,0.3958,0.2756,0.5640599001663892,55.59566787003608,-0.01442515422728502,-0.01699858166300361,0.0025734274357185893,0.34129,0.3763307822551475,0.3062492177448525,0.5301077753435434,59193616.4,1.1415001297335838,1344567.2389664373,0.006699999999999984,0.0049000000000000155,0.0015000000000000013,0.0131,0.511450381679388,0.4572320172500025,0.5427679827499976,0.0015408722567113427,0,1,8,3,False,False
2024-08-21,0.3434,0.3775,0.3423,0.3689,120694348.6,1724284799999,43563016.46901,247209.0,61404747.1,22168789.50533,0,0.07425742574257432,0.07162965613925486,0.34409999999999996,0.007759999999999989,0.33896,0.004129999999999967,0.34011,-0.0011799999999999589,,,,,,,0.029167745865451785,0.04629608800230266,,0.3952,0.2756,0.7801003344481606,67.31066460587326,-0.011029978009235164,-0.01580486093224992,0.004774882923014756,0.34011,0.3689263623110575,0.3112936376889425,0.9995425808647714,65455203.77,1.8439228915106927,8962451.62871288,0.025500000000000023,0.008599999999999997,0.0010999999999999899,0.03520000000000001,0.7244318181818187,0.5087624053012206,0.4912375946987794,0.0020482234907227463,0,2,8,3,False,False
2024-08-22,0.3689,0.3775,0.3642,0.3763,74918204.0,1724371199999,27734780.14039,156326.0,36937171.0,13670395.84948,0,0.0200596367579291,0.019861092996761743,0.3519,0.007800000000000029,0.34269,0.003730000000000011,0.34074499999999996,0.0006349999999999412,,,,,,,0.028263938625410105,0.04331870247085218,,0.3775,0.2756,0.9882237487733073,61.29917657822506,-0.007653928516355768,-0.014174674449071091,0.006520745932715323,0.34074499999999996,0.3721814505161231,0.3093085494838768,1.0655059559247089,65356857.88000001,1.1462944583039063,1502831.9587964308,0.007400000000000018,0.0011999999999999789,0.004699999999999982,0.013299999999999979,0.5563909774436112,0.49303332204813666,0.5069666779518633,0.002086622364839392,0,3,8,3,False,False
2024-08-23,0.3763,0.3926,0.3736,0.3912,103804942.5,1724457599999,39686362.78498,268214.0,52913982.6,20233126.9693,0,0.03959606696784479,0.03883224056127069,0.3633,0.011400000000000021,0.34781,0.005120000000000013,0.342075,0.0013300000000000534,,,,,,,0.029476378660090608,0.04410134403341224,,0.3926,0.2756,0.988034188034188,67.74193548387095,-0.003733047249668442,-0.012086349009190561,0.00835330175952212,0.342075,0.3794506394066063,0.30469936059339375,1.157179392512506,71059455.92,1.4608181438493626,4110267.454823278,0.014899999999999969,0.0014000000000000123,0.0027000000000000357,0.019000000000000017,0.7842105263157871,0.5097443467106588,0.4902556532893412,0.0025838268731761013,0,4,8,3,False,False
2024-08-24,0.3912,0.4014,0.3877,0.3935,68874709.6,1724543999999,27123357.61733,205788.0,33445378.9,13169015.57391,0,0.005879345603271968,0.005862129696795632,0.37466,0.011359999999999981,0.35364,0.005830000000000002,0.34453999999999996,0.0024649999999999395,,,,,,,0.02795774635593366,0.04174842226978189,,0.4014,0.2756,0.9372019077901433,69.81757877280265,-0.000435114094860245,-0.009756102026324499,0.009320987931464254,0.34453999999999996,0.3884392818548144,0.3006407181451855,1.0576401017438353,72714023.79999998,0.9471998109943685,404938.2210633936,0.0023000000000000242,0.007899999999999963,0.003500000000000003,0.01369999999999999,0.16788321167883402,0.4855973853717708,0.5144026146282292,0.0029878601477254,0,5,8,3,False,False
2024-08-25,0.3935,0.3944,0.3775,0.3849,64228390.3,1724630399999,24732018.3711,241718.0,30284031.9,11663011.18382,0,-0.02185514612452355,-0.022097507567757527,0.38296,0.00830000000000003,0.35964999999999997,0.00600999999999996,0.34819,0.003650000000000042,,,,,,,0.026328115287815444,0.03512520276475019,,0.4014,0.3114,0.8166666666666671,75.78757875787578,0.0014676553465975961,-0.00751135055174008,0.008979005898337677,0.34819,0.39279601328355457,0.30358398671644543,0.9114916050291176,71766370.84,0.8949650030819365,-1403720.8553494308,0.008599999999999997,0.0008999999999999564,0.007400000000000018,0.01689999999999997,0.5088757396449711,0.47150538505711237,0.5284946149428876,0.003763413637971868,0,6,8,3,False,False
2024-08-26,0.3849,0.388,0.3659,0.3661,85653817.5,1724716799999,32118143.22696,227132.0,39649226.3,14862970.34921,0,-0.04884385554689541,-0.05007704016351003,0.3824,-0.0005600000000000049,0.36324999999999996,0.003599999999999992,0.349945,0.0017550000000000066,,,,,,,0.03367216364070075,0.035485543714273905,,0.4014,0.3161,0.5861664712778428,61.43459915611812,0.00144198860874728,-0.005720682719642608,0.007162671328389888,0.349945,0.394465201210119,0.305424798789881,0.6814344899718029,71413580.07000001,1.1994051749827082,-4183662.689010142,0.01880000000000004,0.0030999999999999917,0.00019999999999997797,0.02210000000000001,0.8506787330316756,0.46290086603553887,0.5370991339644611,0.002651744039312667,0,0,8,3,False,False
2024-08-27,0.3661,0.3729,0.3419,0.3503,95443201.9,1724803199999,34428530.95745,223076.0,48126471.1,17367349.11793,0,-0.04315760721114448,-0.044116589922749375,0.37720000000000004,-0.005199999999999982,0.36455000000000004,0.0013000000000000789,0.351255,0.0013099999999999778,,,,,,,0.03739669581293841,0.036692242434626855,,0.4014,0.3187,0.38210399032648146,53.863465866466605,0.00014504756218364223,-0.004547536663277358,0.004692584225461,0.351255,0.39408285492987877,0.3084271450701212,0.48885071407891445,77201602.13,1.236285248838268,-4119100.2185741584,0.01579999999999998,0.006800000000000028,0.008400000000000019,0.031000000000000028,0.5096774193548377,0.5042420009171968,0.4957579990828032,0.0023372644207151224,0,1,8,3,False,False
2024-08-28,0.3503,0.3606,0.3406,0.3502,90938224.2,1724889599999,31959995.68488,288052.0,42917920.7,15092345.40546,0,-0.00028546959748787515,-0.0002855103516896617,0.369,-0.00820000000000004,0.36615000000000003,0.0015999999999999903,0.35118499999999997,-7.00000000000145e-05,,,,,,,0.03714193737517427,0.031446422994039706,,0.4014,0.3202,0.36945812807881806,55.83203732503889,-0.0008807045120435286,-0.0038141702330305926,0.002933465720987064,0.35118499999999997,0.3940150570799723,0.30835494292002763,0.48850106599016707,83155495.37,1.093592477506998,-25960.09825863615,9.999999999998899e-05,0.010299999999999976,0.009599999999999997,0.019999999999999962,0.004999999999999459,0.47194588499562984,0.5280541150043702,0.0031675569050753465,0,2,8,3,False,False
2024-08-29,0.3502,0.3676,0.3491,0.3578,80645542.3,1724975999999,28871272.77741,197636.0,43813821.6,15686578.10042,0,0.02170188463735001,0.021469751222867234,0.36186,-0.00713999999999998,0.36826,0.0021099999999999453,0.35166,0.0004750000000000032,0.379768,,,,,,0.03750506448486644,0.03171132404051444,,0.4014,0.3202,0.46305418719211855,63.116057233704296,-0.0010680520971270147,-0.003264946605849877,0.0021968945087228625,0.35166,0.3945659878044276,0.30875401219557236,0.5715517846598375,85277090.17,0.9456882515483701,1750160.2555111304,0.007599999999999996,0.009799999999999975,0.0010999999999999899,0.01849999999999996,0.41081081081081144,0.5432888210610992,0.45671117893890084,0.0024506748217377914,0,3,8,3,False,False
2024-08-30,0.3577,0.3621,0.3373,0.3469,103161060.8,1725062399999,36065503.48475,192643.0,47427669.0,16579520.38026,0,-0.030463946338736836,-0.030937617098914873,0.35426,-0.007599999999999996,0.36861,0.00035000000000001696,0.35172,6.0000000000004494e-05,0.37878799999999996,-0.0009800000000000364,,,,,0.038895161019388655,0.032473691078445964,0.037554055701286525,0.4014,0.3202,0.3288177339901478,56.39269406392694,-0.002072178528777835,-0.003026392990435469,0.0009542144616576341,0.35172,0.3945942395973694,0.30884576040263056,0.44378909054406035,88836244.16999999,1.1612496877129066,-3142693.020458368,0.010800000000000032,0.0043999999999999595,0.009599999999999997,0.02479999999999999,0.43548387096774344,0.45974390561908607,0.5402560943809139,0.001867400339877079,0,4,8,3,False,False
2024-08-31,0.3469,0.3504,0.3444,0.345,27057484.0,1725148799999,9401221.31354,59163.0,14149805.9,4916109.7127,0,-0.0054770827327760285,-0.0054921369443442815,0.35004,-0.0042200000000000015,0.36622,-0.0023900000000000032,0.35259,0.0008700000000000374,0.37735799999999997,-0.0014299999999999868,,,,,0.02937287589667237,0.030045578483923332,0.036738846943467914,0.4014,0.3202,0.30541871921182256,53.05313243457573,-0.0029868396529626473,-0.0030184823229409048,3.164266997825746e-05,0.35259,0.3940874900953122,0.31109250990468784,0.4085486859257368,79472557.71,0.3404632338465101,-148196.07840876366,0.0019000000000000128,0.003500000000000003,0.0005999999999999894,0.006000000000000005,0.31666666666666854,0.522953497819679,0.47704650218032096,0.002186566940222528,0,5,8,3,False,False
2024-09-01,0.3451,0.3458,0.3267,0.3311,63866107.4,1725235199999,21576847.55713,152324.0,29804408.5,10079642.1745,0,-0.04028985507246363,-0.04112397247815903,0.3462,-0.00384000000000001,0.3617,-0.0045199999999999685,0.352195,-0.0003950000000000342,0.3751479999999999,-0.0022100000000000453,,,,,0.029557895911777654,0.03055233491064109,0.03594317281828927,0.4014,0.3202,0.1342364532019707,48.86778670562455,-0.0047782483439569035,-0.0033704355271441046,-0.0014078128168127989,0.352195,0.39438182632990393,0.31000817367009603,0.2499811927657749,78367348.05,0.8149581297462317,-2573156.211188397,0.014000000000000012,0.0006999999999999784,0.004400000000000015,0.019100000000000006,0.7329842931937177,0.4666701903927215,0.5333298096072785,0.0023850522006293434,0,6,9,3,False,False
2024-09-02,0.331,0.3374,0.325,0.3362,70472662.0,1725321599999,23346486.10924,213393.0,36217495.7,11998791.29022,0,0.015403201449712967,0.015285776421314535,0.34340000000000004,-0.002799999999999969,0.35619999999999996,-0.00550000000000006,0.352005,-0.00018999999999996797,0.37323799999999996,-0.0019099999999999673,,,,,0.0255556305707129,0.030757656357154335,0.035969430024728376,0.4014,0.3202,0.19704433497536963,49.82078853046595,-0.0057204830922406025,-0.0038404450401634043,-0.0018800380520771981,0.352005,0.39445648190333854,0.3095535180966615,0.31384631005358316,75034120.0,0.9392082162088394,1085504.609483532,0.005199999999999982,0.0011999999999999789,0.006000000000000005,0.012399999999999967,0.41935483870967716,0.5139226286073882,0.48607737139261176,0.003028025250415544,0,0,9,3,False,False
2024-09-03,0.3362,0.3398,0.3172,0.3185,75474745.4,1725407999999,24655499.10051,222493.0,36247934.7,11862362.51078,0,-0.05264723378941105,-0.05408374596229718,0.33554,-0.007860000000000034,0.3487,-0.007499999999999951,0.35117,-0.0008350000000000302,0.37071,-0.0025279999999999747,,,,,0.02697161356513311,0.032818452773803776,0.036244629362020005,0.4014,0.3172,0.015439429928741371,41.72757475083057,-0.007805476321326277,-0.004633451296395979,-0.0031720250249302976,0.35117,0.3956230313926959,0.3067169686073041,0.13253349685654964,75694123.58000001,0.9971017805659887,-3973536.5662700767,0.017699999999999994,0.003599999999999992,0.0013000000000000234,0.02260000000000001,0.783185840707964,0.4802657433012023,0.5197342566987977,0.0029479132234343382,0,1,9,3,False,False
2024-09-04,0.3184,0.3293,0.305,0.3231,120424863.1,1725494399999,38272165.26498,343762.0,60542119.0,19252779.45467,0,0.014442700156985788,0.014339397818234453,0.33077999999999996,-0.004760000000000042,0.34252000000000005,-0.006179999999999963,0.351085,-8.500000000000174e-05,0.36841,-0.0022999999999999687,,,,,0.029138095072960436,0.032275304715355536,0.0363332168234408,0.4014,0.305,0.18775933609958514,32.33024691358024,-0.008983115160965172,-0.005503384069309818,-0.0034797310916553532,0.351085,0.39575630363467196,0.306413696365328,0.1867675921340338,81313770.85999998,1.4809897736428752,1739260.189199362,0.004699999999999982,0.006199999999999983,0.013400000000000023,0.02429999999999999,0.19341563786008165,0.5027377025102053,0.49726229748979467,0.0028545766310279492,0,2,9,3,False,False
2024-09-05,0.3231,0.3401,0.3195,0.3251,116970963.2,1725580799999,38329928.95744,282145.0,60910843.3,19969575.61928,0,0.006190034045187254,0.006170954479407091,0.3268,-0.0039799999999999836,0.33842000000000005,-0.0040999999999999925,0.350835,-0.00024999999999997247,0.36619399999999996,-0.0022160000000000513,,,,,0.027604182881968434,0.03208855157367431,0.03637031926007229,0.4014,0.305,0.20850622406639013,29.388083735909817,-0.009643850831212553,-0.006331477421690366,-0.0033123734095221865,0.350835,0.3960534068249809,0.3056165931750191,0.21543667936369323,84445485.42999999,1.3851653833757827,724054.2445063454,0.0020000000000000018,0.015000000000000013,0.003599999999999992,0.020600000000000007,0.09708737864077675,0.5207347330794656,0.4792652669205344,0.0024120943547124695,0,3,9,3,False,False
2024-09-06,0.3251,0.3319,0.3034,0.3148,132485885.1,1725667199999,42088731.58756,379329.0,61635923.8,19583316.90928,0,-0.03168255921254992,-0.03219531076661143,0.32354000000000005,-0.0032599999999999296,0.33487,-0.003550000000000053,0.34971,-0.0011249999999999871,0.364022,-0.0021719999999999517,,,,,0.026350049510761107,0.03237886043223842,0.03641238431554103,0.4014,0.3034,0.11632653061224514,18.06020066889633,-0.010873272215808527,-0.007239836380513998,-0.003633435835294529,0.34971,0.39739836998240724,0.3020216300175928,0.1339778439389028,88149753.75,1.5029637572867298,-4197491.8995078355,0.010299999999999976,0.006799999999999973,0.011400000000000021,0.02849999999999997,0.36140350877192934,0.46522634281740555,0.5347736571825945,0.00286316538334392,0,4,9,3,False,False
2024-09-07,0.3148,0.3278,0.3145,0.3253,44625799.5,1725753599999,14403332.42672,113613.0,19949703.6,6438210.63662,0,0.03335451080050822,0.03281031693605757,0.32136,-0.0021800000000000708,0.33238,-0.0024899999999999922,0.349265,-0.0004450000000000287,0.36174799999999996,-0.0022740000000000538,,,,,0.029705808389879754,0.03333081308126266,0.03633328609109454,0.4014,0.3034,0.22346938775510183,23.317683881064127,-0.01087497532663656,-0.007966864169738512,-0.002908111156898048,0.349265,0.39772265487298664,0.30080734512701335,0.25272224726087994,83518511.28,0.5343222576177127,1488471.7114040642,0.010499999999999954,0.0025000000000000022,0.00030000000000002247,0.013299999999999979,0.7894736842105241,0.44704417228424115,0.5529558277157589,0.0025459039675020277,0,5,9,3,False,False
2024-09-08,0.3253,0.3409,0.3237,0.339,71465766.9,1725839999999,23957127.56624,160840.0,33012524.8,11068928.37728,0,0.04211497079618831,0.04125227390114466,0.32545999999999997,0.0040999999999999925,0.3305,-0.0018799999999999928,0.34938,0.00011500000000003174,0.359782,-0.0019659999999999678,,,,,0.0324663204896599,0.034658170799544995,0.03694776089330027,0.4014,0.3034,0.3632653061224493,32.7313769751693,-0.009659500837095769,-0.008305391503209964,-0.0013541093338858053,0.34938,0.3977228806057642,0.30103711939423583,0.39264189607722366,82600533.74,0.8651973984205881,3009778.6859207014,0.013700000000000045,0.0018999999999999573,0.0015999999999999903,0.017199999999999993,0.7965116279069797,0.46193480084238764,0.5380651991576124,0.0022505880364379043,0,6,9,3,False,False
2024-09-09,0.339,0.3489,0.3376,0.3435,80797659.4,1725926399999,27714662.69312,177186.0,41982634.8,14402352.58057,0,0.01327433628318575,0.013187004281953681,0.32954,0.004080000000000028,0.33016,-0.00034000000000000696,0.34938499999999995,4.999999999921734e-06,0.357714,-0.0020680000000000143,,,,,0.031574477210575595,0.03449842425922987,0.036841627092991346,0.4014,0.3034,0.4091836734693881,40.47217537942666,-0.008238151868514232,-0.008291943576270819,5.3791707756586926e-05,0.34938499999999995,0.39772529701801057,0.3010447029819893,0.4391294596534307,80364193.6,1.0053937678035758,1072535.3017699043,0.004500000000000004,0.00539999999999996,0.0014000000000000123,0.011299999999999977,0.3982300884955764,0.5196021160979324,0.48039788390206767,0.0021929595648658108,0,0,9,3,False,False
2024-09-10,0.3434,0.3457,0.3374,0.3431,51064979.8,1726012799999,17461709.76715,104783.0,23420288.4,8010306.17411,0,-0.001164483260553184,-0.001165161798000053,0.33314000000000005,0.0036000000000000476,0.32997,-0.00019000000000002348,0.348095,-0.0012899999999999578,0.35605200000000004,-0.0016619999999999413,,,,,0.0315288443481176,0.02982644990484574,0.036347777985201425,0.4014,0.3034,0.4051020408163268,46.51162790697675,-0.007062586131095561,-0.008046072087235769,0.000983485956140208,0.348095,0.395612552435639,0.300577447564361,0.4474404746881109,82764943.18,0.6169880366973991,-59464.31417758648,0.00029999999999996696,0.0023000000000000242,0.005700000000000038,0.00830000000000003,0.0361445783132489,0.45863698549822984,0.5413630145017702,0.0020519542044350326,0,1,9,3,False,False
2024-09-11,0.3431,0.3573,0.33,0.3532,76745712.0,1726099199999,26214315.0098,140301.0,37260889.0,12740980.46283,0,0.02943748178373662,0.029012518865401012,0.34082,0.007679999999999965,0.33218000000000003,0.0022100000000000453,0.34694,-0.0011549999999999616,0.35491600000000006,-0.0011359999999999704,,,,,0.02928352117704009,0.030281471084871094,0.03629919759040262,0.4014,0.3034,0.5081632653061227,51.32508833922262,-0.005255375526210859,-0.007487932775030787,0.002232557248819928,0.34694,0.39265989777582183,0.3012201022241782,0.5684603455446753,84052903.64,0.9130643758448034,2259200.498979897,0.010099999999999998,0.0040999999999999925,0.0131,0.02729999999999999,0.36996336996337,0.4855110211238903,0.5144889788761097,0.0018281281956182777,0,2,9,3,False,False
2024-09-12,0.3532,0.3617,0.352,0.3564,83045574.5,1726185599999,29602545.02477,129723.0,40493315.7,14434166.53931,0,0.009060022650056565,0.009019226866849236,0.34704,0.006220000000000003,0.3342,0.0020199999999999663,0.34520000000000006,-0.0017399999999999638,0.35391799999999995,-0.00099800000000011,,,,,0.029146579215919764,0.028767358351201724,0.03632122320659921,0.4014,0.3034,0.5408163265306123,49.35661764705881,-0.0035243088069853434,-0.006695207981421699,0.0031708991744363556,0.34520000000000006,0.3862364664529903,0.3041635335470098,0.6364639912750554,85310194.89000002,0.9734542818367717,752394.7859569599,0.0031999999999999806,0.005300000000000027,0.0012000000000000344,0.009700000000000042,0.3298969072164914,0.4876035350926497,0.5123964649073504,0.0015620699932661674,0,3,9,3,False,False
2024-09-13,0.3563,0.365,0.3503,0.3606,61642001.2,1726271999999,22055527.65031,114399.0,29896150.6,10701382.49645,0,0.011784511784511675,0.011715615172562545,0.35136,0.0043199999999999905,0.33841,0.0042099999999999915,0.343555,-0.001645000000000063,0.353234,-0.0006839999999999624,,,,,0.020531435524886336,0.02890676552340804,0.03617016138459545,0.3944,0.3034,0.6285714285714284,56.709108716944165,-0.0017928541545211285,-0.005714737216041585,0.003921883061520456,0.343555,0.37864618797767097,0.30846381202232903,0.7428672407848654,83926920.47,0.7344723344404633,726420.8895622828,0.0042999999999999705,0.004400000000000015,0.006000000000000005,0.01469999999999999,0.29251700680271925,0.48499643129691256,0.5150035687030875,0.0018558612272957808,0,4,9,3,False,False
2024-09-14,0.3606,0.3617,0.351,0.3539,40948020.2,1726358399999,14578837.84586,83311.0,19781177.5,7041374.53153,0,-0.018580144204104254,-0.018754923417799184,0.35344,0.0020799999999999708,0.34148999999999996,0.0030799999999999716,0.342005,-0.0015499999999999958,0.35196799999999995,-0.0012660000000000449,,,,,0.02275222432198489,0.028809140792863227,0.03526651949148423,0.388,0.3034,0.5969267139479904,54.16276894293734,-0.0009503429122255658,-0.004761858355278381,0.0038115154430528155,0.342005,0.3717359673749891,0.3122740326250109,0.7000439449206511,75979236.17999999,0.5389369814536086,-760820.120188574,0.006699999999999984,0.0011000000000000454,0.0029000000000000137,0.010700000000000043,0.6261682242990614,0.48308019297108773,0.5169198070289123,0.0020345550186086896,0,5,9,3,False,False
2024-09-15,0.354,0.3563,0.3341,0.3385,67858002.3,1726444799999,23456694.8499,118876.0,32918158.4,11383533.82812,0,-0.04351511726476398,-0.04449029499908793,0.35252,-0.0009199999999999764,0.34283,0.0013400000000000634,0.340625,-0.0013799999999999923,0.35038600000000003,-0.0015819999999999168,,,,,0.028283324941031335,0.028392174395903153,0.035730848853883536,0.3729,0.3034,0.5050359712230218,53.41328413284134,-0.0015079156664130622,-0.004111069817505318,0.0026031541510922558,0.340625,0.368125421049409,0.31312457895059104,0.4613642279116003,71067940.09,0.9548328291781785,-2952848.927437124,0.015499999999999958,0.0023000000000000242,0.004400000000000015,0.022199999999999998,0.6981981981981964,0.48510355867048566,0.5148964413295144,0.0017518346542895503,0,6,9,3,False,False
2024-09-16,0.3386,0.3386,0.3264,0.3303,66210102.2,1726531199999,21961646.14068,117729.0,31693768.5,10517118.11001,0,-0.0242245199409159,-0.02452275995558581,0.34794,-0.004579999999999973,0.34438,0.0015499999999999958,0.33962499999999995,-0.0010000000000000564,0.348846,-0.0015400000000000413,,,,,0.02730739309903211,0.027295651242776015,0.03572559663511606,0.3676,0.3034,0.41900311526479733,47.354260089686086,-0.002581707246857301,-0.003805197303375715,0.001223490056518414,0.33962499999999995,0.36709861413582584,0.31215138586417407,0.3302917127339269,64440361.8,1.027463228798942,-1603907.9410339799,0.00830000000000003,0.0,0.003899999999999959,0.012199999999999989,0.6803278688524621,0.4786847844497059,0.5213152155502941,0.0017781123437081781,0,0,9,3,False,False
2024-09-17,0.3302,0.3431,0.3284,0.3338,58973434.3,1726617599999,19759440.14434,103629.0,29553819.7,9900482.43885,0,0.010596427490160432,0.010540678830990703,0.34341999999999995,-0.0045200000000000795,0.34523000000000004,0.0008500000000000174,0.33880499999999997,-0.0008199999999999874,0.34746000000000005,-0.0013859999999999428,,,,,0.025590381822082103,0.02745177146171676,0.03576721758237717,0.3676,0.3034,0.4735202492211837,57.86228160328879,-0.0031143735022269303,-0.003667032543145958,0.0005526590409190278,0.33880499999999997,0.3659263627199947,0.31168363728000525,0.4077295626390089,65875125.279999994,0.8952306967058569,624907.72040569,0.003599999999999992,0.00930000000000003,0.0017999999999999683,0.01469999999999999,0.24489795918367308,0.5011378436883741,0.4988621563116259,0.0017572149431358452,0,1,9,3,False,False
2024-09-18,0.3337,0.3443,0.3272,0.3441,70247471.4,1726703999999,23468594.36136,136571.0,35581883.8,11890086.42745,0,0.03085680047932904,0.030390301575700093,0.34012000000000003,-0.003299999999999914,0.34574,0.0005099999999999549,0.33812,-0.0006849999999999912,0.346312,-0.0011480000000000379,,,,,0.023861674023358724,0.02794037046529715,0.03608830285059703,0.365,0.3034,0.660714285714286,60.19417475728156,-0.002674560756408484,-0.0034685381857984636,0.0007939774293899797,0.33812,0.36387917618820104,0.3123608238117989,0.6160751406859659,65753295.730000004,1.068349055664894,2167612.209167173,0.01040000000000002,0.00019999999999997797,0.006500000000000006,0.017100000000000004,0.608187134502925,0.5065219158906266,0.49347808410937344,0.001944141152388867,0,2,9,3,False,False
2024-09-19,0.3442,0.3564,0.3442,0.351,88788525.3,1726790399999,31095073.69584,119369.0,44421812.7,15558251.33437,0,0.020052310374890858,0.019853910662430953,0.33954,-0.0005800000000000249,0.34649,0.0007500000000000284,0.338325,0.00020500000000001073,0.34556800000000004,-0.0007439999999999669,,,,,0.024317234884421706,0.02747089150667837,0.03594880761255282,0.365,0.3034,0.7727272727272725,62.00185356811863,-0.0017490714455091205,-0.003124644837740595,0.0013755733922314745,0.338325,0.36444116760794665,0.3122088323920533,0.7426657729854519,66552382.32000001,1.3341149062565967,1780415.0670444495,0.006799999999999973,0.005400000000000016,0.0,0.012199999999999989,0.5573770491803262,0.5003102884061529,0.49968971159384706,0.0013444192208021727,0,3,9,3,True,False
2024-09-20,0.351,0.3613,0.3488,0.3522,63999487.4,1726876799999,22773273.44332,119741.0,30532011.6,10872167.03777,0,0.0034188034188034067,0.0034129725962399426,0.34228000000000003,0.00274000000000002,0.34740000000000004,0.0009100000000000219,0.338685,0.00036000000000002697,0.344762,-0.0008060000000000289,,,,,0.02428512339941973,0.02743335528123997,0.03591096654517141,0.365,0.3034,0.7922077922077925,68.92712550607287,-0.0009083140487017305,-0.002681378679932822,0.0017730646312310917,0.338685,0.36538065507718526,0.31198934492281477,0.7531310799627137,67845833.08,0.9433075620802739,218801.66632478553,0.0012000000000000344,0.009099999999999997,0.0021999999999999797,0.012500000000000011,0.09600000000000267,0.4770665022545165,0.5229334977454835,0.0018709681102852085,0,4,9,3,False,False
2024-09-21,0.3522,0.36,0.3505,0.3584,40999174.4,1726963199999,14571366.98161,81158.0,20758021.4,7378906.53379,0,0.017603634298693827,0.017450485038669545,0.3479,0.005619999999999958,0.34792,0.0005199999999999649,0.34005,0.001365000000000005,0.344658,-0.00010399999999999299,,,,,0.023107457783996695,0.025809834511925648,0.034461195512924585,0.365,0.3034,0.8928571428571429,67.51322751322752,0.0002553370633120444,-0.002094035531283849,0.0023493725945958935,0.34005,0.3678803507173854,0.31221964928261464,0.8296760466000325,64271179.31999999,0.637909166033333,721734.4726859699,0.006199999999999983,0.0015999999999999903,0.0017000000000000348,0.009500000000000008,0.6526315789473661,0.5063034000996859,0.4936965999003141,0.001979503275070827,0,5,9,3,False,False
2024-09-22,0.3584,0.3594,0.3427,0.3517,53113544.0,1727049599999,18648055.27942,116448.0,24858484.8,8729201.12544,0,-0.018694196428571397,-0.018871141620838604,0.35148,0.0035800000000000276,0.34745,-0.00047000000000002595,0.34082500000000004,0.0007750000000000257,0.34440000000000004,-0.00025799999999998047,,,,,0.023782831774596166,0.02616079741653528,0.03456332328566977,0.365,0.3034,0.7840909090909094,57.25714285714285,0.0006296467714332343,-0.0015492990707404327,0.002178945842173667,0.34082500000000004,0.36906419448679795,0.31258580551320214,0.6925515263029924,61277976.269999996,0.8667640028772119,-992915.0245535697,0.006699999999999984,0.0010000000000000009,0.009000000000000008,0.016699999999999993,0.4011976047904184,0.46802534585152145,0.5319746541484786,0.0021924351348123184,0,6,9,3,False,False
2024-09-23,0.3516,0.3658,0.3453,0.3637,80568015.7,1727135999999,28798880.72153,141180.0,40209564.7,14384132.16489,0,0.03411998862667054,0.03355081251300666,0.35540000000000005,0.003920000000000035,0.34775999999999996,0.00030999999999997696,0.343085,0.0022599999999999287,0.34479,0.00038999999999994595,,,,,0.026063648407217095,0.023587436208943973,0.03393624259912433,0.3658,0.3034,0.966346153846154,60.63157894736842,0.0018729988587482538,-0.0008648394848426956,0.0027378383435909493,0.343085,0.3710345993757189,0.315135400624281,0.8687888281130286,63170577.720000006,1.2754041297059708,2748979.7793574133,0.0121,0.0020999999999999908,0.006300000000000028,0.020500000000000018,0.5902439024390238,0.4990760210568274,0.5009239789431726,0.0017523082674108853,0,0,9,3,False,False
2024-09-24,0.3636,0.3916,0.3584,0.3878,111968849.8,1727222399999,41883298.55876,216772.0,55011582.4,20583507.39602,0,0.06626340390431662,0.06416039081560797,0.36276,0.007359999999999978,0.35114999999999996,0.003390000000000004,0.34632,0.0032350000000000434,0.346308,0.0015180000000000193,,,,,0.03204542668502977,0.027049194212988122,0.032252030843519304,0.3916,0.3034,0.9569160997732423,68.82898062342039,0.004748297515661748,0.0002577879152581931,0.004490509600403555,0.34632,0.3790913995974991,0.31354860040250093,1.1328689117562964,70272660.67999999,1.5933486610087468,7419437.118999161,0.0242,0.0038000000000000256,0.005199999999999982,0.03320000000000001,0.7289156626506023,0.49131148974256944,0.5086885102574306,0.0019360027399334776,0,1,9,3,False,False
2024-09-25,0.3878,0.394,0.3788,0.3809,80684494.9,1727308799999,31049646.40542,154577.0,39623185.2,15245116.40391,0,-0.017792676637441884,-0.017952869323992975,0.3685,0.005739999999999967,0.35539,0.0042400000000000215,0.34911,0.002789999999999959,0.347306,0.0009979999999999989,,,,,0.0280925184307489,0.02772736963044781,0.031357385208390216,0.394,0.3034,0.8554083885209713,61.991341991342004,0.0063964853805864585,0.0014855274083238462,0.004910957972262612,0.34911,0.383724076844392,0.3144959231556079,0.9592062377239226,71555309.94000001,1.1275822153192394,-1435593.127411029,0.006899999999999962,0.006200000000000039,0.0020999999999999908,0.015199999999999991,0.4539473684210504,0.4910879748222852,0.5089120251777148,0.001915820383973179,0,2,9,3,False,False
2024-09-26,0.3809,0.404,0.3779,0.4014,95788917.1,1727395199999,37848155.72926,195367.0,49746655.0,19664508.47407,0,0.05381990023628247,0.05242156287767939,0.37710000000000005,0.008600000000000052,0.3625,0.007110000000000005,0.35344,0.0043300000000000005,0.34885200000000005,0.0015460000000000473,,,,,0.02768064349962368,0.027827317333654275,0.031956662335100194,0.404,0.3145,0.9709497206703905,66.94277108433735,0.009250233874409708,0.0030384687015410188,0.006211765172868689,0.35344,0.3914793923245501,0.31540060767544986,1.1303991345446291,74513191.42999999,1.285529652692263,5155349.962063531,0.020499999999999963,0.0026000000000000467,0.0030000000000000027,0.026100000000000012,0.7854406130268181,0.5193362291387675,0.4806637708612325,0.002039557455232992,0,3,9,3,False,False
2024-09-27,0.4015,0.4158,0.3993,0.4017,86996776.4,1727481599999,35328672.38515,202415.0,42047927.3,17081138.78807,0,0.0007473841554559435,0.0007471050029987865,0.3871,0.009999999999999953,0.36929,0.006790000000000018,0.35726,0.0038200000000000456,0.349854,0.0010019999999999474,,,,,0.028223275086197527,0.02749995966709503,0.029796698862201747,0.4158,0.3237,0.8469055374592834,65.94259115593485,0.011404592564733806,0.004711693474179577,0.0066928990905542295,0.35726,0.3986020850949728,0.31591791490502724,1.0374668439909422,77315525.64000002,1.1252174214669155,65020.01225710356,0.00019999999999997797,0.014100000000000001,0.0022000000000000353,0.016500000000000015,0.012121212121210775,0.483327417865106,0.516672582134894,0.002326695406153003,0,4,9,3,False,False
2024-09-28,0.4017,0.4059,0.3922,0.4006,55901976.6,1727567999999,22364857.09757,144626.0,24792456.5,9924295.55527,0,-0.002738361961662883,-0.002742118133518586,0.39448000000000005,0.007380000000000053,0.37493999999999994,0.005649999999999933,0.36034,0.0030799999999999716,0.3509,0.0010459999999999914,,,,,0.02865648048552892,0.026640921015095097,0.029754646588178422,0.4158,0.3264,0.8299776286353469,68.93755068937553,0.012874764272939432,0.006344307633931548,0.0065304566390078835,0.36034,0.404999526006865,0.315680473993135,0.9507437001661336,75880976.16,0.7367060814047388,-153079.8463032086,0.0010999999999999899,0.0041999999999999815,0.008400000000000019,0.01369999999999999,0.08029197080291903,0.44349874562396063,0.5565012543760394,0.0025871357114052385,0,5,9,3,False,False
2024-09-29,0.4006,0.4042,0.3926,0.3975,42444987.1,1727654399999,16912239.39035,121948.0,20254750.5,8075092.78718,0,-0.007738392411382855,-0.007768489137331217,0.39642,0.0019399999999999418,0.37959,0.004650000000000043,0.36304000000000003,0.0027000000000000357,0.351936,0.0010360000000000369,,,,,0.02951989462740531,0.02686509984982363,0.029756679198496623,0.4158,0.3264,0.7953020134228189,76.5765765765766,0.01363259379620102,0.007801964866385443,0.005830628929815577,0.36304000000000003,0.40988853084254845,0.3161914691574516,0.8677810102072933,71246622.34,0.5957473590459614,-328455.9660758832,0.0030999999999999917,0.003599999999999992,0.0049000000000000155,0.0116,0.26724137931034414,0.477200062572289,0.522799937427711,0.002873083686247604,0,6,9,3,False,False
2024-09-30,0.3976,0.3977,0.3707,0.3733,80942545.4,1727740799999,31118145.05097,194146.0,38172376.1,14677387.2305,0,-0.0608805031446541,-0.06281254817384845,0.3949,-0.0015200000000000213,0.38170000000000004,0.0021100000000000563,0.36455,0.0015099999999999558,0.35285000000000005,0.0009140000000000259,,,,,0.03768755923027901,0.03091179351142059,0.030103986553262668,0.4158,0.3264,0.5246085011185683,66.92913385826775,0.012140493350936366,0.008669670563295628,0.0034708227876407375,0.36455,0.41063296865437315,0.3184670313456268,0.5949374601452643,72940928.14000002,1.1096999649448112,-4927822.889761007,0.02429999999999999,9.999999999998899e-05,0.0026000000000000467,0.027000000000000024,0.8999999999999988,0.47159841479361236,0.5284015852063877,0.0023985655385628628,0,0,9,3,False,False
2024-10-01,0.3733,0.386,0.3424,0.352,137861330.3,1727827199999,50119679.14483,285437.0,68556338.2,24946125.5856,0,-0.057058665952317233,-0.058751210322441134,0.38502000000000003,-0.009879999999999944,0.38106,-0.0006400000000000294,0.36449,-6.0000000000004494e-05,0.35311,0.00025999999999992696,,,,,0.042344891841604664,0.03322955511170336,0.030919297274005324,0.4158,0.3264,0.2863534675615208,56.28453038674033,0.009133970285832294,0.00876253050780296,0.0003714397780293331,0.36449,0.4106382690557516,0.31834173094424834,0.36467531442066814,82627143.73,1.6684750806646333,-7866183.5933297705,0.02130000000000004,0.012699999999999989,0.009599999999999997,0.04360000000000003,0.48853211009174374,0.4972847574502188,0.5027152425497812,0.0020704645702958224,0,1,10,4,False,False
2024-10-02,0.352,0.363,0.3355,0.3432,107703672.0,1727913599999,37630588.0905,230571.0,49968399.8,17483002.79988,0,-0.02499999999999991,-0.025317807984289783,0.37332,-0.011700000000000044,0.38021,-0.0008500000000000174,0.36383,-0.0006599999999999939,0.353174,6.40000000000085e-05,,,,,0.04268334084008322,0.03363031194582493,0.03113928344546629,0.4158,0.3264,0.18791946308724816,49.68597348220516,0.005972347140399403,0.00820449383432225,-0.002232146693922847,0.36383,0.41083504340241694,0.31682495659758303,0.2805554627044637,88086156.53,1.2227082692990328,-2692591.7999999905,0.008799999999999975,0.01100000000000001,0.007699999999999985,0.02749999999999997,0.31999999999999945,0.46394332590628845,0.5360566740937115,0.0021407905201226564,0,2,10,4,False,False
2024-10-03,0.3432,0.3496,0.3318,0.3453,79813638.7,1727999999999,27184787.35797,185934.0,40858981.9,13916052.07865,0,0.006118881118881037,0.0061002367821393535,0.36225999999999997,-0.011060000000000014,0.37837,-0.0018400000000000083,0.363065,-0.0007649999999999602,0.35337599999999997,0.00020199999999997997,,,,,0.04096152825998672,0.03353760384506355,0.031074705020331498,0.4158,0.3264,0.2114093959731541,47.942238267148014,0.0035947524009247167,0.007282545547642744,-0.0036877931467180275,0.363065,0.4107839700775604,0.31534602992243965,0.31385809489260186,88010718.83000001,0.906862706736513,488370.16687062284,0.0020999999999999908,0.004300000000000026,0.011400000000000021,0.017800000000000038,0.11797752808988687,0.5119298225905844,0.48807017740941566,0.0023296018453547837,0,3,10,4,False,False
2024-10-04,0.3452,0.3561,0.3429,0.3517,61770930.4,1728086399999,21665466.49471,141674.0,26861612.0,9418456.01415,0,0.018534607587604945,0.018364935083990085,0.3531,-0.009159999999999946,0.37476000000000004,-0.0036099999999999466,0.362955,-0.00010999999999999899,0.35391399999999995,0.0005379999999999829,,,,,0.03399840569134448,0.033577223077159546,0.03081949773370323,0.4158,0.3264,0.2829977628635346,49.82602644398052,0.002201539970841382,0.006266344432282472,-0.00406480446144109,0.362955,0.41077296513313416,0.3151370348668659,0.3823141054971286,82990926.89000002,0.744309440981109,1144899.955285257,0.006500000000000006,0.004400000000000015,0.0023000000000000242,0.013200000000000045,0.49242424242424115,0.4348584653987987,0.5651415346012013,0.00229353838581651,0,4,10,4,False,False
2024-10-05,0.3517,0.3558,0.3454,0.351,39356208.5,1728172799999,13835732.6224,97550.0,18428030.6,6478043.32055,0,-0.0019903326698892387,-0.00199231601407109,0.34864,-0.0044600000000000195,0.37177000000000004,-0.0029899999999999927,0.36357999999999996,0.0006249999999999312,0.354332,0.00041800000000002946,,,,,0.03392173940336803,0.03197590003106148,0.030755317474405224,0.4158,0.3264,0.2751677852348989,47.32272069464544,0.0010290625401966902,0.0052188880538653155,-0.004189825513668625,0.36357999999999996,0.4103677896801915,0.3167922103198084,0.36556321546724024,78858098.25,0.4990763076130865,-78331.94754052255,0.0007000000000000339,0.0040999999999999925,0.005599999999999994,0.01040000000000002,0.06730769230769544,0.468236939033393,0.5317630609666071,0.0024786432361745417,0,5,10,4,False,False
2024-10-06,0.351,0.3585,0.3479,0.3575,37440683.0,1728259199999,13194400.03006,88118.0,17964569.6,6332593.04739,0,0.0185185185185186,0.018349138668196617,0.34974,0.0010999999999999899,0.36738,-0.0043900000000000605,0.36494,0.0013600000000000279,0.354736,0.00040400000000001546,,,,,0.028166181820812795,0.031535097694638026,0.030714852780679792,0.4158,0.3272,0.3419864559819412,52.10144927536232,0.0006172461766978943,0.004298559678431831,-0.003681313501733937,0.36494,0.40916580337552344,0.32071419662447653,0.4158862085915478,73023274.84,0.5127225953921625,693345.9814814846,0.006500000000000006,0.0010000000000000009,0.0030999999999999917,0.010599999999999998,0.613207547169812,0.47981415296296814,0.5201858470370319,0.002353536125396003,0,6,10,4,False,False
2024-10-07,0.3574,0.3685,0.3502,0.3512,75937962.2,1728345599999,27267471.37073,160841.0,37777800.0,13552480.35022,0,-0.017622377622377505,-0.01777950037310063,0.35134,0.0015999999999999903,0.36233,-0.005049999999999999,0.36581,0.0008700000000000374,0.35507599999999995,0.00033999999999995145,,,,,0.02790191461188932,0.0318745050421639,0.030798486173215577,0.4158,0.3272,0.2708803611738151,45.275888133030975,-0.00021500021837039807,0.0033958476990713854,-0.0036108479174417835,0.36581,0.40809867709595854,0.3235213229040415,0.3272587249909944,71917393.42,1.0559053740521398,-1338207.445762229,0.006199999999999983,0.011099999999999999,0.0010000000000000009,0.018299999999999983,0.33879781420764965,0.497482404130144,0.502517595869856,0.002118057890154972,0,0,10,4,False,False
2024-10-08,0.3512,0.357,0.3408,0.3448,54948911.4,1728431999999,19179500.95234,105466.0,27275786.7,9512683.42366,0,-0.01822323462414588,-0.01839132297142366,0.35124,-9.999999999998899e-05,0.35675,-0.005579999999999974,0.36584500000000003,3.500000000000725e-05,0.35523799999999994,0.00016199999999999548,,,,,0.0276989739312906,0.031506326259656985,0.030910219017218885,0.4158,0.3318,0.15476190476190485,31.23909249563701,-0.0013751362803940403,0.0024416509031783004,-0.003816787183572341,0.36584500000000003,0.4080591146263207,0.32363088537367934,0.25073503037680217,71822086.9,0.7650698242242248,-1001346.9047836042,0.006400000000000017,0.005799999999999972,0.0040000000000000036,0.016199999999999992,0.3950617283950629,0.49638447796438057,0.5036155220356194,0.0019193464859069073,0,1,10,4,False,False
2024-10-09,0.3447,0.348,0.3338,0.3396,69541560.1,1728518399999,23713824.97256,110712.0,35205910.7,12007820.70338,0,-0.015081206496519672,-0.015196084352345731,0.34882,-0.0024199999999999777,0.35096,-0.005790000000000017,0.365275,-0.0005700000000000149,0.355162,-7.599999999996498e-05,,,,,0.027595941067342766,0.031342094731881466,0.03086827000658333,0.4158,0.3318,0.09285714285714318,31.7094774136404,-0.0026832185366188477,0.0014166770152188707,-0.004099895551837719,0.365275,0.408625657130938,0.321924342869062,0.20386838747968408,74531744.2,0.9330461918802109,-1048770.6279582332,0.005099999999999993,0.0032999999999999696,0.005800000000000027,0.01419999999999999,0.3591549295774646,0.506257130978573,0.493742869021427,0.0015920264060915138,0,2,10,4,False,False
2024-10-10,0.3395,0.3418,0.3315,0.3396,51099496.5,1728604799999,17220252.45534,95982.0,24005386.5,8091197.97112,0,0.0,0.0,0.34653999999999996,-0.0022800000000000598,0.34758999999999995,-0.0033700000000000396,0.364645,-0.0006300000000000194,0.354576,-0.0005859999999999754,,,,,0.02269567752308199,0.03132498965108386,0.02896212976884793,0.4158,0.3315,0.09608540925266901,16.558441558441586,-0.0036774913181440994,0.00039784334854627663,-0.004075334666690376,0.364645,0.409146660524902,0.320143339475098,0.21860600588167456,71547439.30999999,0.7142044074924421,0.0,9.999999999998899e-05,0.0021999999999999797,0.008000000000000007,0.010299999999999976,0.009708737864076623,0.4697773587651691,0.530222641234831,0.0018783355331103899,0,3,10,4,False,False
2024-10-11,0.3396,0.355,0.3382,0.3517,49113139.9,1728691199999,17000480.45195,89287.0,24285972.7,8406597.25086,0,0.03563015312131923,0.03501008504274455,0.34538,-0.0011599999999999389,0.34756,-2.999999999997449e-05,0.36431,-0.0003349999999999742,0.354084,-0.0004919999999999924,,,,,0.01969877629256725,0.03214773221131105,0.029277826045425965,0.4158,0.3315,0.23962040332147092,26.00767754318619,-0.0034493290664257548,-0.0003715911344481297,-0.003077737931977625,0.36431,0.40910947838042133,0.3195105216195787,0.35926175420034634,62672620.27,0.783645867819402,1749908.694905773,0.0121,0.0032999999999999696,0.0014000000000000123,0.01679999999999998,0.720238095238096,0.49449032884985633,0.5055096711501437,0.001817985984642778,0,4,10,4,False,False
2024-10-12,0.3517,0.3568,0.3509,0.3532,33454950.9,1728777599999,11833834.80273,71587.0,16644939.5,5888190.58134,0,0.004264998578333845,0.004255929249868215,0.34578000000000003,0.00040000000000001146,0.34856,0.0010000000000000009,0.364385,7.499999999999174e-05,0.35332399999999997,-0.0007600000000000384,,,,,0.017621774183852416,0.03187082100365475,0.0287004381199914,0.4158,0.3315,0.25741399762752076,27.342256214149145,-0.0031116027544934033,-0.0009195934584571846,-0.002192009296036219,0.364385,0.40910053480202957,0.31966946519797046,0.37493160878518295,55247748.160000004,0.6055441536388584,142685.31802672858,0.0015000000000000013,0.003599999999999992,0.0008000000000000229,0.005900000000000016,0.25423728813559276,0.4975329226981469,0.502467077301853,0.0021398028714488416,0,5,10,4,False,False
2024-10-13,0.3532,0.3596,0.3443,0.3486,50520578.7,1728863999999,17755450.82405,98538.0,25230744.3,8864557.65962,0,-0.013023782559456354,-0.013109335643884357,0.34654,0.0007599999999999829,0.34889000000000003,0.0003300000000000525,0.36363,-0.0007550000000000057,0.35242599999999996,-0.0008980000000000099,,,,,0.018274775171008735,0.031000039433050814,0.028723908531233414,0.4158,0.3315,0.20284697508896804,26.955702167766262,-0.0031784940741533263,-0.001371373581596413,-0.0018071204925569134,0.36363,0.4089006992493628,0.31835930075063723,0.333998587947462,52318442.160000004,0.9656361430926826,-657969.0317667022,0.004599999999999993,0.006399999999999961,0.004300000000000026,0.01529999999999998,0.30065359477124176,0.4994151878153367,0.5005848121846633,0.001950452717201357,0,6,10,4,False,False
2024-10-14,0.3485,0.3656,0.3422,0.3643,90929339.3,1728950399999,32476509.76385,151853.0,46318302.8,16534733.55595,0,0.04503729202524376,0.0440525709285975,0.35148,0.00494,0.35015,0.0012599999999999834,0.36245499999999997,-0.0011750000000000371,0.352014,-0.00041199999999996795,,,,,0.02251406622594505,0.028840265742921915,0.02933229783967187,0.4158,0.3315,0.38908659549228947,45.389344262295076,-0.0019422579961187458,-0.0014855504645008796,-0.00045670753161786625,0.36245499999999997,0.4062811385596835,0.31862886144031644,0.5210490823585504,55234283.05,1.6462482045378881,4095211.2077165735,0.015800000000000036,0.0012999999999999678,0.006299999999999972,0.023399999999999976,0.6752136752136775,0.509387873667306,0.490612126332694,0.001670011034601238,0,0,10,4,False,False
2024-10-15,0.3644,0.3711,0.3475,0.3591,133653350.7,1729036799999,48007256.90598,198732.0,64757369.7,23272822.42121,0,-0.014273950041174932,-0.014376802782481034,0.35538000000000003,0.0039000000000000146,0.35096,0.0008099999999999774,0.36136500000000005,-0.0010899999999999244,0.351874,-0.00013999999999997348,,,,,0.023187151301429256,0.028754106451141345,0.02857132192474495,0.4158,0.3315,0.3274021352313163,54.35582822085889,-0.0013663777868766491,-0.0014617159289760336,9.533814209938449e-05,0.36136500000000005,0.4043356031705638,0.3183943968294363,0.4736447730206441,64663997.27,2.066889712090327,-1907761.2507274328,0.005300000000000027,0.006699999999999984,0.0116,0.02360000000000001,0.22457627118644172,0.4845173679585124,0.5154826320414876,0.0014869211954594117,0,1,10,4,False,False
2024-10-16,0.3592,0.3611,0.3509,0.3521,72607298.7,1729123199999,25829124.39564,91293.0,37202832.5,13231699.27698,0,-0.019493177387914118,-0.019685675071030213,0.35546,7.999999999996898e-05,0.35042,-0.0005399999999999849,0.35890000000000005,-0.002464999999999995,0.35191,3.599999999998049e-05,,,,,0.023388352122970066,0.02570095166454736,0.028032490158510965,0.4158,0.3315,0.24436536180308435,55.58343789209537,-0.001458022890326538,-0.0014609773212461345,2.9544309195965544e-06,0.35890000000000005,0.3976495602691515,0.3201504397308486,0.41225706881874585,68180658.84,1.0649251552465637,-1415346.9532163662,0.007099999999999995,0.0018999999999999573,0.0012000000000000344,0.010199999999999987,0.6960784313725494,0.51238419781619,0.48761580218380995,0.0012573529333077915,0,2,10,4,False,False
2024-10-17,0.3522,0.3551,0.3393,0.3432,110730558.5,1729209599999,38422451.35969,99975.0,54846887.6,19039970.91483,0,-0.025276909968758976,-0.025601858547199714,0.35346,-0.0020000000000000018,0.34962,-0.0008000000000000229,0.35597500000000004,-0.002925000000000011,0.35176999999999997,-0.000140000000000029,,,,,0.024097203290199827,0.025987173268615757,0.02826837531177401,0.4059,0.3315,0.15725806451612895,48.78612716763006,-0.0022231804740514005,-0.0016134179518071878,-0.0006097625222442127,0.35597500000000004,0.38961644530345346,0.3223335546965466,0.3101300362578561,71659918.47,1.5452230600339951,-2798926.357994899,0.009000000000000008,0.0029000000000000137,0.0039000000000000146,0.015800000000000036,0.5696202531645561,0.4953184409342612,0.5046815590657389,0.000902867296564751,0,3,10,4,False,False
2024-10-18,0.3432,0.353,0.3426,0.3507,56351424.9,1729295999999,19618163.29776,69870.0,28157451.2,9801542.20985,0,0.021853146853146876,0.021617789532325227,0.35388000000000003,0.00042000000000003146,0.35021,0.0005900000000000349,0.35347999999999996,-0.0024950000000000805,0.35162800000000005,-0.00014199999999991997,0.365698,,,,0.024437607068668498,0.026794300487532185,0.02827075449057714,0.4042,0.3315,0.2640990371389271,49.42922374429224,-0.00219903692313439,-0.0017305417460726283,-0.0004684951770617615,0.35347999999999996,0.3797888218144248,0.3271711781855751,0.4471660110891833,71800169.82,0.7848369306266357,1231455.9637237776,0.007500000000000007,0.0022999999999999687,0.0005999999999999894,0.010399999999999965,0.7211538461538493,0.499675939871398,0.500324060128602,0.001239897662286087,0,4,10,4,False,False
2024-10-19,0.3507,0.357,0.3492,0.3513,41140586.4,1729382399999,14502635.43403,59718.0,19432375.8,6849017.92291,0,0.0017108639863130382,0.0017094021256488796,0.35128,-0.0026000000000000467,0.35137999999999997,0.0011699999999999489,0.35117,-0.0023099999999999787,0.351716,8.799999999992147e-05,0.3652520000000001,-0.00044599999999994644,,,0.023702107132066857,0.026850578711835774,0.02792748354337257,0.3977,0.3315,0.2990936555891237,50.171428571428585,-0.002107197537964234,-0.0018058729044509495,-0.0003013246335132843,0.35117,0.3673791721922467,0.33496082780775327,0.5040100752357421,68960072.45,0.5965856029201431,70385.94764755997,0.0005999999999999894,0.005699999999999983,0.0015000000000000013,0.007799999999999974,0.07692307692307583,0.4723407588570493,0.5276592411429507,0.001451559280642631,0,5,10,4,False,False
2024-10-20,0.3513,0.3658,0.3482,0.3649,58891202.7,1729468799999,21035718.7234,87724.0,28691255.9,10245010.4253,0,0.03871335041275259,0.037982784170620565,0.35244,0.0011599999999999944,0.35391000000000006,0.0025300000000000877,0.35075,-0.00041999999999997595,0.35211400000000004,0.00039800000000006497,0.36473600000000006,-0.0005160000000000164,,,0.02608299827972683,0.02529020418172008,0.028424923421876608,0.386,0.3315,0.6128440366972475,53.91120507399579,-0.0009263296716575109,-0.0016299642578922618,0.0007036345862347509,0.35075,0.3648418042623517,0.3366581957376483,1.0020648788673496,69739243.07,0.8444485501640534,2279875.7663535415,0.013600000000000001,0.0009000000000000119,0.0030999999999999917,0.017600000000000005,0.7727272727272726,0.4871908635684901,0.5128091364315098,0.001489594302342207,0,6,10,4,False,False
2024-10-21,0.3649,0.3729,0.3531,0.3609,97553069.7,1729555199999,35445304.471,134126.0,48285558.9,17563337.11026,0,-0.01096190737188274,-0.011022431793659106,0.35419999999999996,0.0017599999999999838,0.35483000000000003,0.0009199999999999764,0.35119500000000003,0.0004450000000000287,0.3527099999999999,0.0005959999999998744,0.36392900000000006,-0.0008070000000000022,,,0.024623120948832185,0.021748957908378348,0.02784118599162121,0.3729,0.3315,0.7101449275362316,55.25460455037919,-0.00030968015051513476,-0.0013659074364168365,0.0010562272859017017,0.35119500000000003,0.36599720111654843,0.33639279888345164,0.8278228664637611,74583236.05,1.3079758249508135,-1069367.7138942208,0.0040000000000000036,0.008000000000000007,0.007799999999999974,0.019799999999999984,0.20202020202020235,0.4949670886676362,0.5050329113323637,0.0013749029160483712,0,0,10,4,False,False
2024-10-22,0.3609,0.3681,0.355,0.3645,91803259.8,1729641599999,33294159.15781,122377.0,45075481.4,16350620.62818,0,0.009975062344139696,0.009925639799969998,0.35846,0.0042600000000000415,0.35595999999999994,0.0011299999999999089,0.35225999999999996,0.0010649999999999271,0.35327600000000003,0.000566000000000122,0.36325700000000005,-0.0006720000000000059,,,0.02472544699632237,0.020897892726921705,0.027798824855944093,0.3729,0.3315,0.7971014492753619,61.00558659217877,0.00046415842189567735,-0.0009998942647543338,0.0014640526866500111,0.35225999999999996,0.36769180584309397,0.33682819415690596,0.896583527697688,80418066.94,1.1415750625850594,915743.2399002535,0.003599999999999992,0.003599999999999992,0.005900000000000016,0.0131,0.2748091603053429,0.4910008805591455,0.5089991194408545,0.001333035452843473,0,1,10,4,False,False
2024-10-23,0.3645,0.3692,0.3423,0.3497,96931163.7,1729727999999,34433375.59756,125022.0,46327629.0,16446418.68946,0,-0.040603566529492374,-0.0414509073793826,0.35825999999999997,-0.00020000000000003348,0.35607,0.0001100000000000545,0.35248,0.00022000000000005349,0.3539,0.0006239999999999579,0.362305,-0.0009520000000000639,,,0.028075438914291796,0.023056812335993066,0.02736446487210585,0.3729,0.3315,0.43961352657004826,55.095862764883954,-0.00011547413159318509,-0.0008230102381221041,0.000707536106528919,0.35248,0.3676166547093298,0.3373433452906702,0.4081699340645429,85059125.44000001,1.139573951631732,-3935750.954074066,0.01479999999999998,0.004699999999999982,0.007400000000000018,0.02689999999999998,0.5501858736059476,0.4779435965855427,0.5220564034144574,0.0012898019091872306,0,2,10,4,False,False
2024-10-24,0.3497,0.3551,0.3396,0.3465,94252442.0,1729814399999,32590939.37675,121743.0,51725799.7,17875381.93341,0,-0.009150700600514816,-0.009192825439372325,0.3573,-0.0009599999999999609,0.35429,-0.0017800000000000038,0.35222000000000003,-0.00025999999999998247,0.35436799999999996,0.00046799999999996844,0.361389,-0.0009159999999999724,,,0.023400412148828303,0.02277066864192373,0.027353122891764753,0.3729,0.3315,0.3623188405797092,53.372434017595296,-0.0008235569113169694,-0.0008231195727610772,-4.3733855589224695e-07,0.35222000000000003,0.36758990908441436,0.3368500909155857,0.3139221263904431,85391435.71000001,1.1037692622957305,-862475.8776093879,0.003200000000000036,0.005400000000000016,0.006899999999999962,0.015500000000000014,0.20645161290322794,0.5488006316059164,0.4511993683940836,0.0012916694508562441,0,3,10,4,False,False
2024-10-25,0.3465,0.3472,0.3141,0.3261,158570967.8,1729900799999,53089548.39904,188648.0,77550934.1,25998720.34418,0,-0.05887445887445886,-0.06067873583468445,0.34954,-0.007759999999999989,0.35099,-0.0032999999999999696,0.35097500000000004,-0.0012449999999999961,0.354388,2.0000000000020002e-05,0.3602910000000001,-0.0010979999999999324,,,0.02899803635383284,0.026252962305215007,0.028655037759737455,0.3729,0.3141,0.20408163265306134,38.426763110307405,-0.0029962877853305647,-0.0012577532152749748,-0.0017385345700555899,0.35097500000000004,0.3702889028190906,0.33166109718090947,-0.14396616864543496,87883197.42,1.8043377170516244,-9335779.92242424,0.020399999999999974,0.0007000000000000339,0.01200000000000001,0.03310000000000002,0.6163141993957693,0.489061365872549,0.510938634127451,0.0011896755289904964,0,4,10,4,False,False
2024-10-26,0.326,0.335,0.3206,0.3337,84287990.4,1729987199999,27698932.47855,93650.0,40495458.0,13313299.87258,0,0.023305734437289116,0.023038302962054814,0.34409999999999996,-0.005440000000000056,0.34915,-0.0018400000000000083,0.349785,-0.0011900000000000244,0.35476599999999997,0.00037799999999998946,0.35939400000000005,-0.0008970000000000367,,,0.03043463048814786,0.026483595942589904,0.02845055936577554,0.3729,0.3141,0.3333333333333333,41.6452442159383,-0.004058156273115288,-0.0018178338268430374,-0.0022403224462722504,0.349785,0.37030151709438586,0.32926848290561417,0.10799876689592874,89051266.59,0.9465108541136136,1964393.5205151746,0.007699999999999985,0.0013000000000000234,0.005400000000000016,0.014400000000000024,0.5347222222222203,0.48044161223708565,0.5195583877629144,0.0011110716907067224,0,5,10,4,False,False
2024-10-27,0.3338,0.3424,0.3309,0.3399,37089150.4,1730073599999,12498092.3129,57739.0,17965426.7,6053375.35455,0,0.018579562481270573,0.01840907094474197,0.33918,-0.00491999999999998,0.34882,-0.00032999999999999696,0.34922,-0.0005650000000000377,0.355058,0.00029200000000001447,0.3584030000000001,-0.0009909999999999641,,,0.03033671534825528,0.02667558898485029,0.028189161149343184,0.3729,0.3141,0.4387755102040813,46.32290786136938,-0.0043492708288085935,-0.002324121227236149,-0.0020251496015724446,0.34922,0.37018981288976127,0.3282501871102387,0.27777579492493776,81687125.78,0.45403911627260096,689100.1872340414,0.006099999999999994,0.0025000000000000022,0.002899999999999958,0.011499999999999955,0.5304347826086973,0.4843849618081303,0.5156150381918697,0.0015567625404544181,0,6,10,4,False,False
2024-10-28,0.3398,0.348,0.3303,0.3437,89286920.0,1730159999999,30227598.12858,102264.0,43131024.4,14603206.44741,0,0.011179758752574376,0.011117727153717966,0.33798,-0.0011999999999999789,0.34812,-0.0007000000000000339,0.349165,-5.499999999997174e-05,0.355152,9.40000000000385e-05,0.35746700000000003,-0.0009360000000000479,,,0.029640890167068345,0.02650318770123245,0.027607850178098876,0.3729,0.3141,0.5034013605442178,40.31954887218045,-0.0042246537903481984,-0.002704227739858559,-0.0015204260504896394,0.349165,0.3701893242584949,0.32814067574150513,0.3700314946438322,84980675.29,1.050673223003992,998206.2253604081,0.0039000000000000146,0.0042999999999999705,0.009500000000000008,0.017699999999999994,0.22033898305084837,0.4830609500249308,0.5169390499750691,0.001145341333310635,0,0,10,4,False,False
2024-10-29,0.3438,0.357,0.3428,0.3561,93763509.9,1730246399999,32802725.83112,110537.0,45185825.3,15807611.47804,0,0.03607797497817877,0.03544240642794397,0.3399,0.0019199999999999773,0.3486,0.00048000000000003595,0.34999,0.0008250000000000202,0.355404,0.00025199999999997447,0.356559,-0.0009080000000000199,,,0.03196989485825256,0.0274066034934263,0.028006139572473984,0.3729,0.3141,0.7142857142857147,48.67957746478876,-0.003089701366593256,-0.0027813224652054984,-0.0003083789013877576,0.34999,0.3707269388189039,0.32925306118109615,0.6473216479384629,90242967.64,1.0390118183396213,3382797.564038418,0.012300000000000033,0.0008999999999999564,0.0010000000000000009,0.01419999999999999,0.8661971830985945,0.48191269021596206,0.5180873097840379,0.001178891448473816,0,1,10,4,False,False
2024-10-30,0.3562,0.364,0.3507,0.355,94701157.4,1730332799999,33779307.35949,141829.0,47314928.3,16878450.836,0,-0.0030890199382197503,-0.003093800808316398,0.34568,0.005780000000000007,0.34761000000000003,-0.0009899999999999909,0.35076,0.0007699999999999929,0.355642,0.00023800000000001598,0.35584699999999997,-0.0007120000000000459,,,0.02922564349981713,0.027431511680327668,0.028010645823889655,0.3729,0.3141,0.6955782312925166,51.34633240482821,-0.0022530326429494596,-0.002675664500754291,0.0004226318578048312,0.35076,0.3710104736786708,0.33050952632132924,0.6046889091899572,93823963.11,1.0093493630083774,-292533.7633810869,0.0012000000000000344,0.007799999999999974,0.0042999999999999705,0.013299999999999979,0.09022556390977717,0.49962354842349577,0.5003764515765042,0.0014976480107940053,0,2,10,4,False,False
2024-10-31,0.3551,0.3613,0.3402,0.3418,91529863.7,1730419199999,32123418.77382,127201.0,45072443.7,15803624.08892,0,-0.037183098591549224,-0.0378920187939252,0.3473,0.0016200000000000103,0.3457,-0.0019100000000000228,0.350265,-0.0004950000000000232,0.35541399999999995,-0.0002280000000000615,0.355165,-0.0006819999999999604,,,0.03119356419880406,0.027645147286321226,0.0282173415150816,0.3729,0.3141,0.4710884353741496,49.375,-0.0026248388264997202,-0.0026654993659033766,4.066053940365638e-05,0.350265,0.3708990826891109,0.32963091731088906,0.29487820884649335,93221642.51,0.9818520810785057,-3403363.9460281627,0.013300000000000034,0.006199999999999983,0.0015999999999999903,0.021100000000000008,0.6303317535545038,0.49243429278699996,0.507565707213,0.0013897212872174308,0,3,10,4,False,False
2024-11-01,0.3417,0.362,0.3341,0.3575,130382524.7,1730505599999,45832676.18841,169339.0,65839761.1,23141725.84345,0,0.04593329432416615,0.044909591452571805,0.35082,0.003520000000000023,0.34500000000000003,-0.0006999999999999784,0.35048,0.00021500000000002073,0.35543600000000003,2.2000000000077513e-05,0.354677,-0.00048799999999998844,,,0.03495462485139166,0.029570760579542037,0.028938650525426896,0.3729,0.3141,0.7380952380952378,52.82861896838602,-0.0016338056218567765,-0.0024591606170940566,0.0008253549952372801,0.35048,0.3713313132238214,0.3296286867761786,0.6683347212870036,97079569.0,1.3430480382540635,5988898.881772963,0.01579999999999998,0.004500000000000004,0.007599999999999996,0.02789999999999998,0.5663082437275982,0.5049738164795639,0.49502618352043615,0.0012987860174485484,0,4,11,4,False,False
2024-11-02,0.3575,0.3639,0.3453,0.3482,79245372.9,1730591999999,28166467.62657,108943.0,38859424.1,13824510.79655,0,-0.026013986013985968,-0.02635833479997363,0.35172,0.0008999999999999564,0.34485,-0.000150000000000039,0.35046,-2.0000000000020002e-05,0.355188,-0.000248000000000026,0.35421100000000005,-0.00046599999999996644,,,0.03340585983562501,0.030034528480909744,0.02913018934298138,0.3729,0.3141,0.5799319727891158,48.79751745539178,-0.0015806165797934146,-0.002283451809633928,0.0007028352298405136,0.35046,0.3713196714915853,0.3296003285084147,0.4458284853404413,95310989.92,0.8314400361019774,-2061488.0222937027,0.009299999999999975,0.006400000000000017,0.0029000000000000137,0.018600000000000005,0.4999999999999985,0.49036836698385955,0.5096316330161405,0.0013747553454947525,0,5,11,4,False,False
2024-11-03,0.3482,0.3482,0.3275,0.3341,103816230.4,1730678399999,34906511.46879,140371.0,45839648.4,15418669.53058,0,-0.0404939689833429,-0.04133667797137781,0.34731999999999996,-0.004400000000000015,0.34361,-0.0012399999999999634,0.34895,-0.0015100000000000113,0.354792,-0.00039600000000000746,0.35338,-0.0008310000000000262,,,0.03575556724271602,0.029423128598256697,0.029572581477778498,0.3729,0.3141,0.3401360544217689,38.09891808346213,-0.0026457178536207215,-0.002355905018431287,-0.0002898128351894345,0.34895,0.3699630285399576,0.32793697146004236,0.14664779349245766,96267368.76,1.078415580868526,-4203931.21378518,0.014100000000000001,0.0,0.006599999999999995,0.020699999999999996,0.6811594202898553,0.44154606869640295,0.5584539313035971,0.0013521103536427383,0,6,11,4,False,False
2024-11-04,0.334,0.3368,0.3201,0.3263,88647140.4,1730764799999,29142616.18191,113775.0,43141076.7,14196713.91771,0,-0.023346303501945664,-0.023623145763436056,0.34158,-0.005739999999999967,0.34363,1.999999999996449e-05,0.34730999999999995,-0.0016400000000000303,0.354548,-0.00024400000000002198,0.352467,-0.0009130000000000527,,,0.031048431267521912,0.029660389957227654,0.029110907803937592,0.3729,0.3141,0.20748299319727864,37.01201201201201,-0.004072270500025343,-0.0026991781147500983,-0.001373092385275245,0.34730999999999995,0.3700374839416029,0.324582516058397,0.0377842955695396,89274986.02000001,0.9929672840289289,-2069583.0443579892,0.00770000000000004,0.002799999999999969,0.006199999999999983,0.016699999999999993,0.4610778443113798,0.48666066954146214,0.5133393304585379,0.001283459336495416,0,0,11,4,False,False
2024-11-05,0.3263,0.3382,0.326,0.3336,80194966.4,1730851199999,26701621.2812,91786.0,40383687.9,13446432.39496,0,0.02237205026049649,0.022125466885316768,0.33994,-0.0016399999999999748,0.34362,-1.0000000000010001e-05,0.346385,-0.0009249999999999536,0.354614,6.60000000000105e-05,0.35173000000000004,-0.0007369999999999322,,,0.030973526857199923,0.030011240116083783,0.02907580770802471,0.3729,0.3141,0.3316326530612247,38.714390065741426,-0.004561196128974598,-0.0030715817175949985,-0.0014896144113795999,0.346385,0.36978749874198175,0.32298250125801825,0.22684540781397466,88865683.62,0.902428959449893,1794125.8189396274,0.007300000000000029,0.004599999999999993,0.00029999999999996696,0.012199999999999989,0.5983606557377078,0.5035688611498689,0.4964311388501312,0.0011445356749971779,0,1,11,4,False,False
2024-11-06,0.3336,0.3659,0.3335,0.363,210331494.8,1730937599999,74999653.61998,240874.0,104016936.4,37084669.16912,0,0.0881294964028776,0.08446016378025899,0.34104,0.0010999999999999899,0.34593,0.0023100000000000342,0.347375,0.0009899999999999909,0.35519799999999996,0.0005839999999999734,0.351329,-0.0004010000000000402,,,0.04152142255807007,0.035623251171045874,0.03157882187452991,0.3729,0.3141,0.8316326530612242,54.38943894389438,-0.0025469789308126267,-0.0029666611602385245,0.00041968222942589777,0.347375,0.3718603447037853,0.32288965529621466,0.8190684098799811,106189918.06,1.9807105857371259,18536408.714388467,0.02939999999999998,0.0029000000000000137,9.999999999998899e-05,0.032399999999999984,0.9074074074074073,0.4945380933031813,0.5054619066968187,0.001145211278173258,0,2,11,4,False,False
2024-11-07,0.3631,0.4068,0.3613,0.4065,213370214.5,1731023999999,81824519.64195,269291.0,107127162.9,41144655.23648,0,0.11983471074380159,0.11318109472301445,0.3527,0.011660000000000004,0.35221,0.006280000000000008,0.350165,0.0027900000000000147,0.356446,0.0012480000000000269,0.351379,4.999999999999449e-05,,,0.054744224941139806,0.044037483057970415,0.03549320491388046,0.4068,0.3141,0.9967637540453071,65.64129301355578,0.0025302223376141852,-0.0018672844606679828,0.0043975067982821685,0.350165,0.3862257834809946,0.3141042165190054,1.2811117031011074,118598247.50999999,1.7991009056184326,25569157.9359504,0.043399999999999994,0.00030000000000002247,0.0017999999999999683,0.045499999999999985,0.953846153846154,0.502071777689477,0.4979282223105231,0.0012620833729348854,0,3,11,4,False,False
2024-11-08,0.4066,0.4587,0.4038,0.4447,478265867.0,1731110399999,207549647.20959,669223.0,244038648.5,105877343.27649,0,0.09397293972939735,0.08981596852878554,0.37482,0.022119999999999973,0.36107,0.008859999999999979,0.354835,0.0046700000000000075,0.35832,0.0018740000000000423,0.35194400000000003,0.0005650000000000377,,,0.05968113837593158,0.04796744764120538,0.03765175784076854,0.4587,0.3141,0.9031811894882433,78.29198473282442,0.009526545583958657,0.0004114815482573451,0.00911506403570131,0.354835,0.41042031706920634,0.2992496829307937,1.3083519599979418,157048483.21999997,3.045338975544422,44944049.49421897,0.03809999999999997,0.014000000000000012,0.0028000000000000247,0.054900000000000004,0.6939890710382507,0.5102572969105487,0.4897427030894513,0.0013992698333205535,0,4,11,4,False,False
2024-11-09,0.4447,0.4986,0.4272,0.4967,225441944.3,1731196799999,101394490.11451,294226.0,112516534.6,50791473.45083,0,0.116932763660895,0.11058632459665407,0.40889999999999993,0.034079999999999944,0.37523999999999996,0.01416999999999996,0.361425,0.006589999999999985,0.36121000000000003,0.0028900000000000037,0.352986,0.0010419999999999874,,,0.06541824240564394,0.05309595376286421,0.04081765550743177,0.4986,0.3141,0.9897018970189702,82.08661417322833,0.01904757894694692,0.0041387010279952605,0.014908877918951659,0.361425,0.4458200827951484,0.2770299172048516,1.3014388725013284,170122561.91000003,1.3251736969448273,26361549.592084557,0.05199999999999999,0.0019000000000000128,0.01749999999999996,0.07139999999999996,0.7282913165266108,0.4990931698596071,0.5009068301403928,0.0013051076227787839,0,5,11,4,False,False
2024-11-10,0.4968,0.6599,0.488,0.5901,1158588378.1,1731283199999,677072194.48253,1832674.0,576685951.2,336894430.09109,0,0.18804107106905565,0.17230579194981815,0.46019999999999994,0.05130000000000001,0.40007000000000004,0.024830000000000074,0.37288499999999997,0.01145999999999997,0.365844,0.0046339999999999715,0.35525099999999993,0.002264999999999906,,,0.07542312869076202,0.06493949741681768,0.04812491595603078,0.6599,0.3141,0.7981492192018506,86.66471277842906,0.03374072384447968,0.010059105591292146,0.023681618253187535,0.37288499999999997,0.5054685311674945,0.24030146883250542,1.3191628254552574,276828413.35,4.1852220445130826,217862199.54608402,0.09329999999999994,0.06980000000000008,0.00880000000000003,0.17190000000000005,0.5427574171029663,0.4977487795499233,0.5022512204500766,0.0015818163159943405,0,6,11,4,False,False
2024-11-11,0.5903,0.6248,0.5575,0.6132,596396671.8,1731369599999,355765330.02167,1002859.0,295162504.8,176201456.62734,0,0.039145907473309594,0.038399132934535965,0.5102399999999999,0.05003999999999997,0.4256399999999999,0.02556999999999987,0.38532,0.01243500000000003,0.37107399999999996,0.005229999999999957,0.35773699999999997,0.0024860000000000437,,,0.07557952288534621,0.06486976886302714,0.048089244149692026,0.6599,0.3141,0.864950838635049,87.37864077669902,0.04671067242409105,0.017389418957851926,0.029321253466239122,0.38532,0.5558212869221376,0.21481871307786238,1.168264750705563,323429828.06000006,1.8439754780111417,23346488.931672588,0.02289999999999992,0.011600000000000055,0.03280000000000005,0.06730000000000003,0.3402674591381859,0.49490971153337016,0.5050902884666298,0.0016815301751655417,0,0,11,4,False,False
2024-11-12,0.6131,0.6541,0.555,0.5709,695933476.4,1731455999999,413181220.0952,1377066.0,331510704.7,197168976.89071,0,-0.0689823874755382,-0.0714770840274456,0.5431199999999999,0.03288000000000002,0.44791,0.022270000000000068,0.39638,0.011060000000000014,0.375218,0.0041440000000000365,0.360004,0.002267000000000019,,,0.08183973383634341,0.06673829406448893,0.049327240469749234,0.6599,0.3141,0.742625795257374,77.51024590163934,0.05296563871952342,0.02450466291018623,0.028460975809337194,0.39638,0.5848980164501939,0.20786198354980615,0.9628735313637988,385098638.40999997,1.8071564191277818,-48007152.72622312,0.042200000000000015,0.041000000000000036,0.015899999999999914,0.09909999999999997,0.4258324924318873,0.47635401362623686,0.5236459863737631,0.0019787322304474215,0,1,11,4,False,False
2024-11-13,0.5709,0.6098,0.5192,0.5783,603213656.1,1731542399999,339450439.45163,939380.0,290677126.8,163829459.76392,0,0.012961989840602595,0.012878702193959111,0.5698399999999999,0.026719999999999966,0.47233,0.024420000000000053,0.40797,0.01158999999999999,0.379028,0.00380999999999998,0.362668,0.0026639999999999997,,,0.07659119950141562,0.06629271848651626,0.048662295626600564,0.6599,0.3141,0.7640254482359746,78.14469372321653,0.05785296970632059,0.031174324269413103,0.026678645436907487,0.40797,0.6114816766338371,0.20445832336616282,0.9184772166819245,435038380.98,1.3865757194598687,7818849.282080947,0.007400000000000073,0.03149999999999997,0.05169999999999997,0.09060000000000001,0.08167770419426128,0.4818808789564471,0.518119121043553,0.001557292330006983,0,2,11,4,False,False
2024-11-14,0.5783,0.6,0.5417,0.5792,351116093.6,1731628799999,199769598.40681,540537.0,180843387.6,102928477.98337,0,0.001556285664879864,0.00155507590733408,0.5863400000000001,0.01650000000000018,0.49761999999999995,0.025289999999999924,0.42062499999999997,0.012654999999999972,0.382994,0.003966000000000025,0.36515000000000003,0.0024820000000000397,,,0.0739800497359507,0.0634443111613572,0.0485205565432419,0.6599,0.3201,0.7625073572689818,80.87929240374609,0.06109457695003556,0.037158374805537596,0.023936202144497966,0.42062499999999997,0.6339420595492459,0.2073079404507541,0.8716885098994902,461285276.3,0.7611690891509169,546436.9431782966,0.0009000000000000119,0.02079999999999993,0.03660000000000008,0.05830000000000002,0.015437392795883562,0.5150529722115819,0.48494702778841814,0.001539482267696316,0,3,11,4,False,False
2024-11-15,0.579,0.7075,0.5747,0.7071,883876827.2,1731715199999,569033307.29551,1593812.0,448757504.0,289190506.85048,0,0.22082182320441968,0.19952425753868833,0.6097400000000001,0.023399999999999976,0.5349700000000001,0.037350000000000105,0.439295,0.01867000000000002,0.389108,0.006114000000000008,0.36898000000000003,0.00383,,,0.0876943754976481,0.07626903878466135,0.05669236384142848,0.7075,0.3201,0.9989674754775424,85.19935561820378,0.07314091223271779,0.04435488229097363,0.02878602994174416,0.439295,0.6836783871087321,0.19491161289126788,1.0479198139619184,541653462.38,1.6318123829879838,195179292.47044182,0.1281,0.00040000000000006697,0.0042999999999999705,0.13280000000000003,0.9646084337349394,0.5077149781396599,0.49228502186034007,0.0018032060021858213,0,4,11,4,False,False
2024-11-16,0.7071,0.8193,0.7026,0.7416,1131924924.1,1731801599999,848836232.19545,2595002.0,582318996.7,437040188.98059,0,0.04879083580823096,0.04763791564145042,0.6354200000000001,0.025680000000000036,0.57283,0.037859999999999894,0.45938,0.02008500000000002,0.39590600000000004,0.006798000000000026,0.37288,0.003899999999999959,,,0.08823175064125197,0.07610433528419115,0.05688972816488514,0.8193,0.3201,0.8443509615384616,87.69643541586814,0.0844975462891473,0.052383415090608364,0.03211413119853893,0.45938,0.7335778509647435,0.18518214903525654,1.0146283951661752,633812805.3100001,1.7858978465201116,55227563.119007386,0.034500000000000086,0.07769999999999999,0.0044999999999999485,0.11670000000000003,0.2956298200514145,0.5144501939145878,0.4855498060854122,0.002292556639357775,0,5,11,4,False,False
2024-11-17,0.7416,0.7798,0.6893,0.7026,474262736.4,1731887999999,343209116.65849,903735.0,236354138.9,171399375.07575,0,-0.05258899676375406,-0.054022274419918755,0.66176,0.02633999999999992,0.6024399999999999,0.029609999999999914,0.4773249999999999,0.017944999999999878,0.401946,0.00603999999999999,0.376423,0.0035430000000000184,,,0.09554239985107972,0.07876739625558132,0.05761796724971455,0.8193,0.3201,0.7662259615384615,83.70221327967806,0.08932114794259888,0.05977096166100647,0.029550186281592408,0.4773249999999999,0.7662284941764598,0.18842150582354,0.8898793274241328,659902057.5,0.7186865550877601,-24941001.509708744,0.039000000000000035,0.03820000000000001,0.013299999999999979,0.09050000000000002,0.4309392265193373,0.4983611841278113,0.5016388158721887,0.0019055576806645356,0,6,11,4,False,False
2024-11-18,0.7026,0.7839,0.7002,0.7325,442341128.2,1731974399999,330666463.31476,888793.0,220226997.1,164608738.11882,0,0.04255621975519497,0.04167560105949569,0.6926,0.03083999999999998,0.6312200000000001,0.02878000000000025,0.49614499999999995,0.01882000000000006,0.40864599999999995,0.006699999999999928,0.380291,0.0038679999999999826,,,0.09489620972293243,0.07876744591504715,0.057690694766179974,0.8193,0.3201,0.8261217948717949,85.70675105485232,0.09446760339253846,0.06671029000731288,0.02775731338522558,0.49614499999999995,0.8004283753695969,0.19186162463040296,0.8883797458748975,656309583.62,0.6739824303039788,18824366.25844007,0.029900000000000038,0.0514,0.0023999999999999577,0.0837,0.3572281959378738,0.4978668793384879,0.5021331206615122,0.002009293152587298,0,0,11,4,False,False
2024-11-19,0.7324,0.765,0.72,0.7387,297007303.0,1732060799999,220052984.09587,737560.0,142924690.1,105917365.68662,0,0.008464163822525572,0.008428543643469682,0.7245,0.03190000000000004,0.65542,0.02419999999999989,0.51533,0.019185000000000008,0.415954,0.007308000000000037,0.38440199999999997,0.004110999999999976,,,0.09320491410121691,0.0784807633038783,0.05668279243028966,0.8193,0.3201,0.8385416666666666,85.67905583935176,0.0979177596180747,0.07295178392946525,0.02496597568860945,0.51533,0.8303386053962389,0.20032139460376103,0.8545458698168422,663466119.49,0.4476600903574498,2513918.469078491,0.006299999999999972,0.02629999999999999,0.012400000000000078,0.04500000000000004,0.13999999999999926,0.4812160800638629,0.518783919936137,0.002483305940797018,0,1,11,4,False,False
2024-11-20,0.7386,0.8484,0.7384,0.8003,729698432.0,1732147199999,589176003.92552,1840954.0,367900354.7,297028726.44036,0,0.08338973873020161,0.08009477283830832,0.74314,0.01863999999999999,0.67644,0.02102000000000004,0.538255,0.022925000000000084,0.42491999999999996,0.008965999999999974,0.389015,0.004613000000000034,,,0.08021428732594756,0.07685016613831454,0.056507935382834086,0.8484,0.3201,0.9089532462615938,86.44774129021503,0.10441896167947118,0.07924521947946644,0.025173742200004734,0.538255,0.8665451891860134,0.2099648108139866,0.8991057433816915,620577124.8799999,1.1758384296570725,60849361.59631779,0.06169999999999998,0.04810000000000003,0.000200000000000089,0.1100000000000001,0.5609090909090902,0.5041813694071361,0.4958186305928639,0.0025228970205598577,0,2,11,4,False,False
2024-11-21,0.8003,0.8239,0.7655,0.8218,486701467.7,1732233599999,385320898.48423,1114578.0,238403653.3,188770019.01728,0,0.026864925652880123,0.026510399076308856,0.75918,0.016039999999999943,0.6973,0.02085999999999999,0.56147,0.023214999999999986,0.434492,0.009572000000000025,0.39383300000000004,0.0048180000000000445,,,0.08021415280604352,0.07697019135725854,0.056177131460174695,0.8484,0.3201,0.9496498201779293,85.93182211455269,0.110037636095899,0.08540370280275296,0.024633933293146046,0.56147,0.9014004269374745,0.22153957306252564,0.8829165902349247,609607604.47,0.7983848366247727,13075198.744908135,0.021499999999999964,0.0020999999999999908,0.03480000000000005,0.05840000000000001,0.36815068493150616,0.48983549284661426,0.5101645071533857,0.002290065006927449,0,3,11,4,False,False
2024-11-22,0.8219,1.044,0.8123,1.0175,1031366149.7,1732319999999,951601355.4573,2656816.0,528184288.8,488291205.01811,0,0.23813579946459007,0.2136068608674408,0.82216,0.06298000000000004,0.74196,0.04465999999999992,0.594935,0.03346499999999997,0.44793600000000006,0.013444000000000067,0.400656,0.006822999999999968,,,0.09459599767633342,0.08622792657452154,0.06410892832769026,1.044,0.3201,0.9633927338030115,88.94479194995921,0.12879713729286224,0.09408238970077482,0.034714747592087425,0.594935,0.975780719695686,0.214089280304314,1.0547718907509973,643150871.8,1.603614633707164,245605202.5995256,0.1956000000000001,0.026499999999999968,0.009599999999999942,0.23170000000000002,0.844195079844627,0.5121210240937579,0.48787897590624213,0.002576016287496739,0,4,11,4,False,False
2024-11-23,1.0175,1.1542,1.0157,1.0658,919763706.7,1732406399999,999895519.19869,3007293.0,458749381.0,499071922.61354,0,0.04746928746928747,0.04637705254593183,0.8888200000000002,0.06666000000000016,0.79071,0.04875000000000007,0.63152,0.03658499999999998,0.462218,0.014281999999999961,0.408066,0.007409999999999972,,,0.09318283973583523,0.08310903196648504,0.06419188705143616,1.1542,0.3201,0.8940175038964155,88.88888888888889,0.14587996999939612,0.10444190576049908,0.04143806423889704,0.63152,1.0459609429073016,0.21707905709269837,1.0239347214991932,674805876.86,1.3630048851676209,43660527.79715971,0.04830000000000001,0.08839999999999981,0.0018000000000000238,0.13849999999999985,0.3487364620938633,0.49876873555484896,0.501231264445151,0.0032696365143497566,0,5,11,4,False,False
2024-11-24,1.0659,1.0978,0.9364,1.0226,581357178.0,1732492799999,589527198.16959,1639356.0,276539936.3,280628475.09357,0,-0.04053293300806915,-0.04137728721678312,0.9456,0.05677999999999983,0.8350500000000001,0.044340000000000046,0.666335,0.03481500000000004,0.4756500000000001,0.013432000000000055,0.414991,0.0069250000000000145,,,0.09730391106682992,0.08412844612067266,0.06474283702508073,1.1542,0.326,0.8411011832890607,81.7314746881878,0.15415535209141673,0.1143845950266826,0.039770757064734125,0.666335,1.0897071233644269,0.2429628766355731,0.9207468800364744,697829985.3,0.8330928596455657,-23564111.549634133,0.043300000000000116,0.03190000000000004,0.08619999999999994,0.1614000000000001,0.2682775712515495,0.47567992064940157,0.5243200793505984,0.0028198774557833014,0,6,11,4,False,False
2024-11-25,1.0228,1.0778,0.9294,0.9435,504171181.2,1732579199999,510126715.76066,1356295.0,245792532.6,248895027.87592,0,-0.07735184823000196,-0.08050731783729397,0.97424,0.02864,0.85869,0.023639999999999883,0.6968300000000001,0.03049500000000005,0.48737,0.011719999999999953,0.421053,0.006062000000000012,,,0.0886424107252313,0.08938358037486405,0.0662946604592173,1.1542,0.3335,0.7432679420007312,72.39322033898304,0.1525721859003627,0.12202211320141863,0.030550072698944067,0.6968300000000001,1.1069436535670367,0.2867163464329634,0.8007337086372809,659859420.7,0.7640584727352365,-38998572.690123215,0.07929999999999993,0.05500000000000016,0.014100000000000001,0.1484000000000001,0.5343665768194062,0.4875180132568831,0.512481986743117,0.0026901478120423756,0,0,11,4,False,False
2024-11-26,0.9435,0.9899,0.8743,0.9603,479192975.7,1732665599999,446012171.51782,930730.0,224679502.5,209439836.53381,0,0.01780604133545305,0.017649370835322108,1.00194,0.027700000000000058,0.88056,0.021870000000000056,0.7266950000000001,0.02986500000000003,0.49955200000000005,0.012182000000000026,0.427314,0.0062610000000000166,,,0.08855194969228262,0.08947276007348318,0.06605589396967816,1.1542,0.3613,0.7554546601084626,77.34550561797752,0.15093327009939017,0.12780434458101295,0.023128925518377225,0.7266950000000001,1.1211442094580788,0.33224579054192144,0.7961154369163806,594586225.8599999,0.8059268023017234,8532529.932972949,0.016800000000000037,0.02959999999999996,0.06920000000000004,0.11560000000000004,0.14532871972318367,0.4688706093234997,0.5311293906765002,0.0019422864006727134,0,1,11,4,False,False
2024-11-27,0.9602,1.0419,0.9312,1.0116,383499059.9,1732751999999,381685157.39903,726784.0,185873391.2,185123415.76629,0,0.0534208059981256,0.05204277915188303,1.00076,-0.0011799999999999589,0.9114599999999999,0.030899999999999928,0.75695,0.03025499999999992,0.512888,0.013335999999999959,0.43406300000000003,0.006749000000000005,,,0.08386465458118579,0.08809781764030244,0.06593588403734531,1.1542,0.4038,0.8099680170575695,78.66119857123957,0.15202148968439033,0.13264777360168842,0.019373716082701914,0.75695,1.1406692147775135,0.37323078522248665,0.8318181500861902,585509858.21,0.654983096394687,20486828.879381448,0.0514,0.030299999999999994,0.029000000000000026,0.11070000000000002,0.46431797651309836,0.4846775667415397,0.5153224332584603,0.0018951389351241537,0,2,11,4,False,False
2024-11-28,1.0114,1.0491,0.9693,1.0321,254849669.5,1732838399999,255775297.24479,483834.0,122258551.3,122785375.14566,0,0.02026492684855663,0.020062325776077423,0.9940200000000001,-0.006739999999999968,0.9414199999999999,0.029959999999999987,0.78632,0.029370000000000007,0.526738,0.013850000000000029,0.44095,0.0068869999999999765,,,0.0840857775664409,0.0877042400849821,0.0657003183502632,1.1542,0.4272,0.8320495185694637,79.20051579626046,0.15277697238278765,0.13667361335790829,0.01610335902487936,0.78632,1.15917459053659,0.41346540946341004,0.8295922944736823,566760712.3399999,0.4496600839669981,5164509.909796334,0.02069999999999994,0.016999999999999904,0.042100000000000026,0.07979999999999987,0.2593984962406012,0.47972811398917664,0.5202718860108233,0.001898507465005757,0,3,11,4,False,False
2024-11-29,1.0321,1.0996,1.0274,1.0755,351237724.5,1732924799999,372030464.58834,710434.0,182759869.8,193666750.28317,0,0.04205018893518053,0.04119010813589696,1.0046000000000002,0.010580000000000034,0.9751,0.03368000000000004,0.81526,0.028939999999999966,0.541456,0.014718000000000009,0.448016,0.007066000000000017,,,0.08345251259023587,0.08611683584291516,0.06565021430752026,1.1542,0.488,0.8818673071149805,76.65701881331402,0.15508993492560275,0.14035687767144717,0.01473305725415558,0.81526,1.183282438675169,0.447237561324831,0.853565397991531,572183754.49,0.6138547656129558,14769612.676387887,0.04339999999999988,0.02410000000000001,0.0046999999999999265,0.07219999999999982,0.6011080332409972,0.5203309811329792,0.4796690188670209,0.0020226585883145933,0,4,11,4,False,False
2024-11-30,1.0754,1.1498,1.0498,1.079,369560299.2,1733011199999,404695449.93611,788864.0,181032132.8,198287916.30013,0,0.0032543003254301706,0.0032490165503500567,1.0317,0.027099999999999902,1.00297,0.02786999999999995,0.839705,0.02444500000000005,0.556002,0.014545999999999948,0.45504300000000003,0.0070270000000000055,,,0.08279082597152669,0.07933904440818736,0.06570568669829527,1.1542,0.5192,0.8815748031496063,75.56060606060605,0.15541388067936845,0.14336827827303145,0.012045602406337008,0.839705,1.2096987551393301,0.46971124486066984,0.8233770795805562,536169941.21000004,0.6892596372821569,1202660.2019526311,0.0036000000000000476,0.07079999999999997,0.025599999999999845,0.09999999999999987,0.036000000000000525,0.48985817251443553,0.5101418274855645,0.002134601583848918,0,5,11,4,False,False
2024-12-01,1.079,1.1633,1.0375,1.1496,372853685.8,1733097599999,408454755.18449,752578.0,188332644.9,206729418.2259,0,0.06543095458758108,0.0633793695066805,1.0695599999999998,0.03785999999999978,1.03575,0.03278000000000003,0.866525,0.026819999999999955,0.57193,0.015928000000000053,0.46262699999999995,0.007583999999999924,,,0.08336241216069513,0.07965674344190314,0.06588788808839467,1.1633,0.5192,0.9787300108678776,82.31636784268362,0.15952849480919196,0.14660032158026357,0.012928173228928391,0.866525,1.2450532294972372,0.4879967705027629,0.8739153092703038,524785163.0200001,0.7104882379950025,24396172.583392024,0.0706,0.013700000000000045,0.04149999999999987,0.1257999999999999,0.5612082670906204,0.5051113937519778,0.4948886062480222,0.00201842714357311,0,6,12,4,False,False
2024-12-02,1.1497,1.2424,1.0567,1.2022,866951754.4,1733183999999,1004619832.02816,1985411.0,437994509.9,507818408.9648,0,0.04575504523312457,0.04473915584024651,1.10768,0.038120000000000154,1.0542200000000002,0.01847000000000021,0.89809,0.031565000000000065,0.589002,0.017071999999999976,0.470714,0.008087000000000066,,,0.045291171934893654,0.07583749289573188,0.06570414979421874,1.2424,0.5192,0.9444137168141593,82.87834243315133,0.1651302181894333,0.1503063009020975,0.014823917287335786,0.89809,1.2781048966609172,0.5180751033390829,0.9001290510873757,508343723.48999995,1.7054440024320563,39667416.7375087,0.05249999999999999,0.040200000000000014,0.09299999999999997,0.18569999999999998,0.28271405492730206,0.5052120924573562,0.4947879075426438,0.0022901055219319137,0,0,12,4,False,False
2024-12-03,1.2022,1.3264,1.1401,1.1914,802151381.2,1733270399999,996076336.2746,1777776.0,401465409.6,499487982.41331,0,-0.008983530194643041,-0.00902412541047449,1.1395399999999998,0.03185999999999978,1.06678,0.012559999999999905,0.9287449999999999,0.030654999999999877,0.605544,0.016541999999999946,0.47877899999999995,0.008064999999999933,,,0.04469044104741531,0.07641236115065428,0.06584602170571101,1.3264,0.5417,0.8279597298330572,81.48560300459035,0.16677566849373138,0.15360017442042428,0.013175494073307092,0.9287449999999999,1.2989296792302985,0.5585603207697014,0.8547621156906358,496582490.94000006,1.615343665624571,-7206151.153684821,0.01079999999999992,0.12420000000000009,0.05130000000000012,0.18630000000000013,0.05797101449275316,0.5004858422102534,0.4995141577897466,0.0022162599749444897,0,1,12,4,False,False
2024-12-04,1.1915,1.2417,1.1403,1.1871,383350912.1,1733356799999,459038776.08453,1002570.0,187757231.2,225053946.25973,0,-0.0036091992613731527,-0.0036157281350987468,1.16186,0.022320000000000118,1.08323,0.016449999999999854,0.95914,0.03039500000000006,0.622104,0.01656000000000002,0.48698899999999995,0.008209999999999995,,,0.041250582860155316,0.07655534757703937,0.06573023316853979,1.3264,0.5747,0.8146867101237196,79.23216444981863,0.1658212415983099,0.15604438785600142,0.009776853742308494,0.95914,1.307674612945471,0.6106053870545289,0.8270263433429277,476781864.35,0.8040383679916705,-1383589.8287980445,0.0043999999999999595,0.05020000000000002,0.04679999999999995,0.10139999999999993,0.0433925049309661,0.48977901258005113,0.5102209874199488,0.0026152800693962403,0,2,12,4,False,False
2024-12-05,1.1871,1.2445,1.1138,1.1597,413686149.8,1733443199999,493326782.85723,1170543.0,202760880.3,241847246.71655,0,-0.023081459017774475,-0.023352007096830805,1.178,0.016140000000000043,1.10485,0.021620000000000195,0.98177,0.02263000000000004,0.6382559999999999,0.016151999999999944,0.495083,0.008094000000000046,,,0.029541044415999966,0.06456679536338979,0.06578303796256835,1.3264,0.6893,0.7383456286297283,75.31086142322097,0.1609980154939391,0.15703511338358897,0.003962902110350136,0.98177,1.320022662338294,0.643517337661706,0.7630134509067783,467733361.21000004,0.8844486712040747,-9548479.912829613,0.02740000000000009,0.057399999999999896,0.04590000000000005,0.13070000000000004,0.20964039785769,0.49013214582607234,0.5098678541739277,0.0028295436058613727,0,3,12,4,False,False
2024-12-06,1.1599,1.2375,1.1336,1.2278,311787487.7,1733529599999,370336806.48191,809045.0,149942950.1,178218024.09327,0,0.05872208329740447,0.05706259903073838,1.1936399999999998,0.015639999999999876,1.1316,0.02674999999999983,1.00608,0.024310000000000054,0.655948,0.01769200000000004,0.503859,0.00877599999999995,,,0.03176391075325371,0.06478204199944029,0.06551643305877691,1.3264,0.6893,0.8452362266520169,69.47582885719578,0.160816878056111,0.15779146631809338,0.003025411738017625,1.00608,1.3415294901189285,0.6706305098810716,0.8304819451676503,450992812.41,0.6913358242537849,18308810.823807873,0.06790000000000007,0.009700000000000042,0.02629999999999999,0.1039000000000001,0.6535129932627527,0.4809139430389015,0.5190860569610986,0.002594860383808789,0,4,12,4,False,False
2024-12-07,1.2278,1.2369,1.1881,1.2103,165417822.9,1733615999999,200216501.79526,507595.0,81137150.2,98214483.14035,0,-0.01425313568985187,-0.014355687248837953,1.19526,0.0016200000000001769,1.15147,0.019870000000000054,1.031465,0.02538499999999999,0.6731400000000001,0.017192000000000096,0.512384,0.008525000000000005,,,0.03231656297803345,0.06282932968823426,0.06578145482491815,1.3264,0.7002,0.8145959757266048,64.19171086230601,0.15744627888908191,0.1577224288322911,-0.00027614994320918074,1.031465,1.3464313124843612,0.7164986875156389,0.7838954404193297,429184688.71,0.38542340221221827,-2357722.675313586,0.01750000000000007,0.009100000000000108,0.022199999999999998,0.04880000000000018,0.35860655737704933,0.4904982351814038,0.5095017648185962,0.003068562934157683,0,5,12,4,False,False
2024-12-08,1.2103,1.224,1.1723,1.1936,255648168.3,1733702399999,305471310.07778,620438.0,124442730.0,148690534.41111,0,-0.01379823184334461,-0.013894312295061703,1.1957,0.00043999999999999595,1.1676199999999999,0.016149999999999887,1.05452,0.023054999999999826,0.689986,0.016845999999999917,0.5208510000000001,0.008467000000000113,,,0.033873984215910403,0.06346346854902729,0.06593975262025518,1.3264,0.72,0.7810026385224275,67.71653543307087,0.15167904274523747,0.15651375161488038,-0.004834708869642906,1.05452,1.3438004037607734,0.7652395962392264,0.7403895981060218,429264538.59000003,0.5955492367008102,-3527492.6965297824,0.016699999999999937,0.013700000000000045,0.021300000000000097,0.05170000000000008,0.3230174081237894,0.4867734074823019,0.5132265925176981,0.0024269213588572385,0,6,12,4,False,False
2024-12-09,1.1936,1.1936,0.91,1.0034,618530935.0,1733788799999,656856497.65303,1373897.0,284586419.3,302146749.0678,0,-0.1593498659517426,-0.17357971739934377,1.15896,-0.036739999999999995,1.1604100000000002,-0.007209999999999717,1.067755,0.013235000000000108,0.7027560000000002,0.01277000000000017,0.527435,0.006583999999999923,,,0.06324281524483481,0.07585361968919965,0.07096364062230923,1.3264,0.7384,0.4506802721088437,55.044635337712656,0.1302593672166389,0.1512628747352321,-0.0210035075185932,1.067755,1.3177497997353802,0.8177602002646197,0.37128732264007147,455993859.64,1.3564457545290642,-98562821.57925603,0.19019999999999992,0.0,0.09340000000000004,0.28359999999999996,0.6706629055007051,0.46010054339481016,0.5398994566051898,0.0022212260086878276,0,0,12,4,False,False
2024-12-10,1.0035,1.0378,0.91,1.0215,628873381.3,1733875199999,620337470.36458,1135695.0,321100247.0,317295680.60884,0,0.018038668527008195,0.017877902207524173,1.13132,-0.027639999999999887,1.15466,-0.005750000000000144,1.078815,0.01106000000000007,0.715968,0.01321199999999989,0.534339,0.006904000000000021,,,0.06362862301933656,0.07428352082171266,0.07080056508256231,1.3264,0.7655,0.45640934212872186,55.14285714285714,0.11343700756070951,0.14369770130032758,-0.030260693739618066,1.078815,1.2964692528632733,0.8611607471367269,0.36833475742832295,481925167.85,1.3049191518790688,11344038.470729534,0.018000000000000016,0.01629999999999998,0.09350000000000003,0.12780000000000002,0.1408450704225353,0.5105960222648082,0.4894039777351918,0.001805919973353466,0,1,12,4,False,False
2024-12-11,1.0215,1.115,0.9718,1.0868,361950376.3,1733961599999,381253713.21657,625086.0,180854060.1,190612815.28468,0,0.06392559960841893,0.06196546329451586,1.10312,-0.028200000000000003,1.14838,-0.006280000000000063,1.092065,0.013249999999999984,0.7304140000000001,0.01444600000000007,0.541845,0.007506000000000013,,,0.06344891614516927,0.07505820137920613,0.07100324679418653,1.3264,0.8123,0.5339428126823574,56.174055829228244,0.10417348352759437,0.13579285774578095,-0.031619374218186586,1.092065,1.2730094959969074,0.9111205040030927,0.485451339729919,480834836.9,0.7527540613187215,23137894.833470363,0.06529999999999991,0.028200000000000003,0.04970000000000008,0.1432,0.4560055865921782,0.49966534625205195,0.500334653747948,0.001726993645896646,0,2,12,4,False,False
2024-12-12,1.0869,1.1819,1.0728,1.1231,338015830.6,1734047999999,384694616.50235,762518.0,174228712.5,198436071.90492,0,0.0334008097165992,0.03285512041679775,1.08568,-0.017440000000000122,1.14047,-0.007909999999999862,1.097345,0.005279999999999951,0.745882,0.015467999999999926,0.549891,0.008045999999999998,,,0.062492839391239105,0.054374997234864705,0.07038842531451425,1.3264,0.8743,0.5503207255032072,57.28233034571063,0.09862430106828657,0.1283591464102821,-0.029734845341995525,1.097345,1.2752657330896366,0.9194242669103633,0.5723777368515692,427941244.52,0.789865045560484,11290002.43906883,0.03620000000000001,0.05879999999999996,0.014100000000000001,0.10909999999999997,0.33180568285976186,0.5154454221588756,0.4845545778411244,0.0022558647583057903,0,3,12,4,False,False
2024-12-13,1.1231,1.1308,1.0774,1.1213,180296167.7,1734134399999,198879696.07751,472985.0,89796358.9,99110442.90135,0,-0.001602706793696007,-0.0016039925021553744,1.0712199999999998,-0.01446000000000014,1.13346,-0.007010000000000183,1.10012,0.002774999999999972,0.761378,0.015495999999999954,0.5578730000000001,0.007982000000000045,,,0.06248282138659691,0.05352616621840784,0.07031973999215933,1.3264,0.8743,0.5463393054633929,53.92661179698217,0.09300913759084262,0.1212891446463942,-0.028280007055551587,1.10012,1.2777000676344292,0.9225399323655707,0.5596350713290684,365755723.17,0.49294148055258163,-288961.8928501446,0.0018000000000000238,0.00770000000000004,0.04390000000000005,0.053400000000000114,0.0337078651685397,0.4980491823287934,0.5019508176712066,0.002623378000951265,0,4,12,4,False,False
2024-12-14,1.1213,1.1332,1.0431,1.061,138860581.3,1734220799999,151054575.98239,326779.0,65244807.8,71031770.19496,0,-0.053776866137518975,-0.05527686685285192,1.0827399999999998,0.011519999999999975,1.1208500000000001,-0.012609999999999788,1.1020400000000001,0.0019200000000001438,0.7760760000000001,0.0146980000000001,0.565232,0.007358999999999893,,,0.06441764995907964,0.054183663984008854,0.07019766219322124,1.3264,0.8743,0.41296173412961723,48.59374999999999,0.0827396033838328,0.11357923639388193,-0.030839633010049133,1.1020400000000001,1.2769005627951842,0.9271794372048162,0.3826493540225224,341306690.09000003,0.4068498665038869,-7467486.892348171,0.06030000000000002,0.011900000000000022,0.017900000000000027,0.09010000000000007,0.669256381798002,0.46985838017660664,0.5301416198233934,0.002353288434635121,0,5,12,4,False,False
2024-12-15,1.0609,1.1123,1.0389,1.0996,139414086.3,1734307199999,150364364.2568,373038.0,66685068.5,71945146.10116,0,0.03638077285579633,0.03573461767710743,1.09836,0.01562000000000019,1.1148399999999998,-0.006010000000000293,1.109845,0.00780499999999984,0.7913939999999999,0.015317999999999832,0.57308,0.007848000000000077,,,0.06572278847447818,0.051155796327908905,0.07021112310931094,1.3264,0.8743,0.49834107498341057,45.888157894736835,0.07682997284120319,0.1062293836833462,-0.02939941084214301,1.109845,1.2680518529355957,0.9516381470644042,0.467621503715232,313879483.74,0.4441643800315498,5071992.206578687,0.03869999999999996,0.012700000000000156,0.02200000000000002,0.07340000000000013,0.5272479564032683,0.478323749556432,0.521676250443568,0.0026757554412204327,0,6,12,4,False,False
2024-12-16,1.0995,1.121,1.0474,1.0775,220525179.7,1734393599999,240019551.40804,628367.0,105701345.6,115026982.01098,0,-0.0200982175336486,-0.020302934313187793,1.0965,-0.0018599999999999728,1.0998100000000002,-0.015029999999999655,1.115705,0.005859999999999976,0.8061459999999999,0.014751999999999987,0.5806020000000001,0.007522000000000029,,,0.06209345426036188,0.05151325814701169,0.07051183220221954,1.3264,0.91,0.4022574447646491,39.203463203463194,0.06956140221274731,0.09889578738922643,-0.029334385176479114,1.115705,1.2585228003795705,0.9728871996204294,0.36624566441136325,304753252.93999994,0.7236187885529056,-4432163.033257548,0.02200000000000002,0.021500000000000075,0.030099999999999794,0.07359999999999989,0.2989130434782616,0.47931644696444614,0.5206835530355539,0.0028494115767406856,0,0,12,4,False,False
2024-12-17,1.0775,1.1119,1.0418,1.0522,252529517.4,1734479999999,272307044.6217,611324.0,121171655.7,130672833.89965,0,-0.023480278422273626,-0.02376033268119584,1.08232,-0.014180000000000081,1.084,-0.015810000000000102,1.1177350000000001,0.0020300000000001983,0.8203159999999999,0.014170000000000016,0.587734,0.007131999999999916,,,0.06221373804071149,0.05073836211894981,0.07082674941047938,1.3264,0.91,0.3414985590778098,38.24324324324324,0.06105569699429636,0.09132776931024042,-0.03027207231594406,1.1177350000000001,1.2553829150816007,0.9800870849183996,0.26194699367168184,313464422.39,0.8056082265240705,-5929463.378394392,0.025299999999999878,0.03440000000000021,0.010399999999999965,0.07010000000000005,0.3609129814550622,0.4798316527412807,0.5201683472587193,0.002420802155304796,0,1,12,4,False,False
2024-12-18,1.0523,1.0602,0.958,0.9681,375972520.0,1734566399999,381153020.99213,764116.0,180386415.9,182924848.05022,0,-0.0799277703858583,-0.08330310157068113,1.05168,-0.03064,1.06145,-0.02255000000000007,1.1145349999999998,-0.0032000000000003137,0.8325559999999999,0.012239999999999918,0.5939800000000001,0.006246000000000085,,,0.06583127766259575,0.05382342162397426,0.0723391962000765,1.3264,0.91,0.1395292987512006,33.700506103006845,0.04698705960668614,0.08245962736952958,-0.03547256776284344,1.1145349999999998,1.263107495506565,0.9659625044934346,0.007193442835019677,325496857.56,1.155072656671334,-30050645.249952517,0.08420000000000005,0.007900000000000018,0.010099999999999998,0.10220000000000007,0.8238747553816047,0.4797861713403948,0.5202138286596052,0.0020323719403747913,0,2,12,4,False,False
2024-12-19,0.9682,0.989,0.8475,0.8806,447732655.1,1734652799999,412799537.41702,965598.0,213159459.9,196931332.2371,0,-0.0903832248734634,-0.09473189440437228,1.0156,-0.03607999999999989,1.04917,-0.012280000000000069,1.10479,-0.009744999999999893,0.8430679999999999,0.010512000000000077,0.5993550000000001,0.005375000000000019,,,0.05150753735778916,0.05624321130986023,0.07400714857942733,1.3264,0.8475,0.06911672583002719,30.933187593933596,0.0284491008601917,0.071657522067662,-0.0432084212074703,1.10479,1.2861027788918076,0.9234772211081924,-0.11824103455437615,308417029.57,1.4517118452383648,-40467521.24909613,0.0875999999999999,0.02080000000000004,0.03310000000000002,0.14149999999999996,0.6190812720848051,0.4760864714064498,0.5239135285935502,0.002156639657619648,0,3,12,4,False,False
2024-12-20,0.8806,0.9596,0.762,0.9501,594787205.1,1734739199999,505957923.75982,1068804.0,297747357.2,253740142.63947,0,0.07892346127640226,0.07596374889105018,0.9856999999999999,-0.02990000000000015,1.04203,-0.007139999999999924,1.098345,-0.006445000000000034,0.8552339999999999,0.01216600000000001,0.605324,0.005968999999999891,,,0.058538815536240636,0.05951633335903277,0.07396901894686292,1.3264,0.762,0.3332742735648475,31.0650484112914,0.019145012373790626,0.06115502012888773,-0.042010007755097105,1.098345,1.292244675361407,0.904445324638593,0.11772757039513308,305008411.95,1.9500682007337669,46942664.94940938,0.0694999999999999,0.009500000000000064,0.11860000000000004,0.1976,0.3517206477732788,0.5005947583387247,0.4994052416612753,0.0017969519028579386,0,4,12,4,False,False
2024-12-21,0.95,0.9979,0.8867,0.9052,289558064.4,1734825599999,271285306.1944,580092.0,141316993.3,132411759.41188,0,-0.04725818334912113,-0.04841132845332148,0.95124,-0.034459999999999935,1.02387,-0.018159999999999954,1.086125,-0.012219999999999898,0.866188,0.01095400000000002,0.610812,0.005488000000000048,,,0.054254904329028464,0.05784951136614405,0.07455682713230527,1.3264,0.762,0.25372076541459954,29.946102274221104,0.00805554119642482,0.050535124342395155,-0.042479583145970334,1.086125,1.2965268698636045,0.8757231301363955,0.07004897314532722,297769180.76000005,0.9724245593884406,-13683988.097631823,0.04479999999999995,0.047900000000000054,0.01849999999999996,0.11119999999999997,0.4028776978417263,0.48804371445439193,0.5119562855456081,0.00200337020901843,0,5,12,4,False,False
2024-12-22,0.9053,0.9249,0.8589,0.8834,234703947.6,1734911999999,209338752.62592,444124.0,114242586.0,101941795.00277,0,-0.024083075563411493,-0.024377814596956315,0.9174800000000001,-0.0337599999999999,0.9999,-0.023970000000000047,1.070185,-0.015940000000000065,0.876892,0.010704000000000047,0.61604,0.00522800000000001,,,0.05131263442594297,0.056381908104130914,0.07453228512977114,1.3264,0.762,0.21509567682494676,29.746670148863913,-0.0024636233009009967,0.03993537481373592,-0.04239899811463692,1.070185,1.2915776473842018,0.8487923526157981,0.07815898087198941,287437992.46000004,0.8165376664069954,-5652392.905081771,0.02190000000000003,0.019600000000000062,0.024499999999999966,0.06600000000000006,0.331818181818182,0.4867518725961131,0.5132481274038869,0.0018922732427019476,0,6,12,4,False,False
2024-12-23,0.8835,0.9425,0.8619,0.9264,245984682.7,1734998399999,220346228.35005,488005.0,124086222.7,111160918.94805,0,0.048675571654969385,0.04752800765630466,0.9091400000000001,-0.008340000000000014,0.9804099999999998,-0.01949000000000023,1.056935,-0.013249999999999984,0.888738,0.011846000000000023,0.621765,0.00572499999999998,,,0.05585340992188369,0.05808496821240508,0.07408664055647769,1.2445,0.762,0.3407253886010363,43.77626899450371,-0.007246859037542075,0.03049892804348032,-0.0377457870810224,1.056935,1.2794988385059947,0.8343711614940053,0.20674705990819792,294006843.96,0.836663117724792,11973445.048788758,0.04290000000000005,0.016100000000000003,0.021599999999999953,0.0806,0.5322580645161296,0.5044469490457424,0.4955530509542576,0.001983883690006687,0,0,12,4,False,False
2024-12-24,0.9265,0.9507,0.8918,0.9358,165078579.2,1735084799999,152125524.91007,355489.0,82954113.8,76437584.55892,0,0.010146804835923895,0.010095671613385005,0.9201799999999999,0.011039999999999828,0.9678899999999999,-0.012519999999999865,1.04437,-0.012564999999999937,0.900928,0.012189999999999923,0.6277379999999999,0.005972999999999895,,,0.05489029197559291,0.05825618584497199,0.07380827552429482,1.2445,0.762,0.3602072538860103,42.97425807509426,-0.010161965565821607,0.022366749321619937,-0.032528714887441544,1.04437,1.264352210764025,0.8243877892359751,0.25323004614117817,296628643.75,0.5565159760469018,1675020.1257340056,0.009299999999999975,0.014900000000000024,0.03469999999999995,0.05889999999999995,0.15789473684210498,0.5025128893282842,0.49748711067171575,0.00215345323253182,0,1,12,4,False,False
2024-12-25,0.9357,0.9403,0.9,0.9176,95106199.7,1735171199999,87484993.18814,245903.0,46038219.8,42369926.84073,0,-0.019448600128232574,-0.019640212616955026,0.9136799999999999,-0.00649999999999995,0.94969,-0.018199999999999883,1.032265,-0.012105000000000032,0.9126080000000001,0.011680000000000135,0.633611,0.005873000000000128,,,0.05230138941662076,0.05821937558411371,0.07406188952839798,1.2375,0.762,0.32723449001051513,34.9680170575693,-0.013781926913438713,0.01513701407460821,-0.028918940988046923,1.032265,1.2521701592223975,0.8123598407776025,0.23928533462910836,292197855.09000003,0.3254856188821314,-1849682.447681133,0.018100000000000005,0.0046000000000000485,0.01759999999999995,0.0403,0.44913151364764275,0.4840717003226026,0.5159282996773974,0.002585562253309129,0,2,12,4,False,False
2024-12-26,0.9176,0.9281,0.8507,0.8611,131074807.3,1735257599999,115033223.24511,275243.0,62764293.1,55066743.42463,0,-0.06157367044463813,-0.06355092411304136,0.90486,-0.008819999999999939,0.92805,-0.021639999999999993,1.01393,-0.01833499999999999,0.92257,0.009961999999999915,0.638884,0.005272999999999972,,,0.05421105528032761,0.056950139400184806,0.0744009651453972,1.2369,0.762,0.20867551063381753,27.530017152658644,-0.020968142477372886,0.00791598276421199,-0.028884125241584877,1.01393,1.2262068311724765,0.8016531688275235,0.14002194880178778,283252817.85,0.4627484672347099,-8070756.988284647,0.056499999999999995,0.010500000000000065,0.010399999999999965,0.07740000000000002,0.729974160206718,0.47884329866949193,0.521156701330508,0.0020998924634695994,0,3,12,4,False,False
2024-12-27,0.8611,0.9147,0.855,0.8771,134800242.8,1735343999999,119074484.61098,322382.0,64578519.7,57056726.20721,0,0.018580884914644047,0.0184103692552164,0.9036,-0.0012600000000000389,0.9105400000000001,-0.017509999999999915,0.99727,-0.016660000000000008,0.931982,0.009411999999999976,0.6442140000000001,0.005330000000000057,,,0.055597504941688684,0.0574733019274766,0.07299337469455877,1.224,0.762,0.2491341991341991,29.554588077695897,-0.025083061879573543,0.0013161738354548836,-0.026399235715028425,0.99727,1.1965592961976232,0.7979807038023767,0.1985036269061972,271479890.39,0.49653859299246794,2504707.797932875,0.016000000000000014,0.03759999999999997,0.006099999999999994,0.059699999999999975,0.26800670016750455,0.4790682743488352,0.5209317256511647,0.002391553555866444,0,4,12,4,False,False
2024-12-28,0.8771,0.9,0.8662,0.8895,79029125.6,1735430399999,69514216.91419,212022.0,38089594.6,33503319.54113,0,0.014137498574848806,0.014038496148553787,0.8962199999999999,-0.007380000000000053,0.9026799999999999,-0.0078600000000002,0.9820650000000001,-0.015204999999999913,0.940878,0.008896000000000015,0.649599,0.005384999999999973,,,0.051506036382712686,0.05782542954361203,0.07216594492563083,1.1936,0.762,0.2954124189063947,34.38922264700527,-0.027031980933952093,-0.004353457118426512,-0.02267852381552558,0.9820650000000001,1.1639250534824193,0.800204946517581,0.24550485874307557,241785550.95,0.32685627941573236,1117274.1505415472,0.012399999999999967,0.010500000000000065,0.01090000000000002,0.03380000000000005,0.3668639053254422,0.48196907546197126,0.5180309245380288,0.0026828336817635245,0,5,12,4,False,False
2024-12-29,0.8895,0.9123,0.851,0.859,105900380.7,1735516799999,93448345.93245,239856.0,51142938.8,45178295.16395,0,-0.034288926363125305,-0.03489058512163441,0.88086,-0.01535999999999993,0.90052,-0.0021599999999999397,0.974845,-0.007220000000000115,0.948124,0.007245999999999975,0.654667,0.005067999999999961,,,0.04394279077842799,0.04688698410536697,0.07102639749588358,1.1819,0.762,0.23100738271016907,27.771618625277156,-0.03068390348728045,-0.0096195463921973,-0.02106435709508315,0.974845,1.164439786459513,0.7852502135404869,0.19449318158139856,207602323.51,0.5101117314561217,-3631210.355649236,0.03049999999999997,0.022800000000000042,0.008000000000000007,0.06130000000000002,0.49755301794453444,0.4829344187617259,0.5170655812382741,0.0022649210363036966,0,6,12,4,False,False
2024-12-30,0.859,0.9048,0.8296,0.8615,168318692.6,1735603199999,145131815.83974,369154.0,81959155.5,70666601.48374,0,0.0029103608847498297,0.0029061339837290613,0.8696400000000001,-0.011219999999999897,0.8916600000000001,-0.008859999999999868,0.966845,-0.008000000000000007,0.953552,0.005427999999999988,0.6596980000000001,0.005031000000000119,,,0.03388604184919691,0.04658819980084097,0.06641057227673115,1.1819,0.762,0.23696118123362717,29.294478527607367,-0.03299599205769688,-0.014294835525297218,-0.01870115653239966,0.966845,1.1615835667206624,0.7721064332793375,0.2295219899838607,164955472.26000002,1.0203886557621982,489868.1391152706,0.0025000000000000577,0.043300000000000005,0.02939999999999998,0.07520000000000004,0.03324468085106458,0.4869284227080552,0.5130715772919447,0.002193184810894854,0,0,12,4,False,False
2024-12-31,0.8616,0.8791,0.8397,0.8451,107355712.5,1735689599999,92144216.53289,253859.0,53909396.7,46287993.55548,0,-0.01903656413232746,-0.01922009241754783,0.8664400000000001,-0.0031999999999999806,0.88565,-0.006010000000000071,0.95476,-0.012084999999999901,0.95819,0.004638000000000031,0.664632,0.004933999999999883,,,0.03145401861742751,0.043489691756779934,0.06639329966399221,1.1819,0.762,0.1979042629197427,29.803003705870864,-0.03573969686861933,-0.01858380779396164,-0.01715588907465769,0.95476,1.1481488735709726,0.7613711264290276,0.21647800109928347,146735237.07,0.7316287119826984,-2043683.9059779588,0.01650000000000007,0.01749999999999996,0.00539999999999996,0.03939999999999999,0.41878172588832674,0.5021567594737915,0.4978432405262086,0.002364652928925417,0,1,12,4,False,False
2025-01-01,0.845,0.9355,0.838,0.9222,171861317.3,1735775999999,153287717.95969,394096.0,79584838.5,70858056.67718,0,0.09123180688675903,0.08730715622216863,0.87546,0.009019999999999917,0.88953,0.0038799999999999946,0.9447150000000001,-0.01004499999999997,0.965216,0.007025999999999977,0.670217,0.005584999999999951,,,0.04319626541601029,0.048295501258220006,0.06644329836958664,1.1332,0.762,0.431573275862069,45.46173620723749,-0.03133160580175087,-0.02113336739551949,-0.010198238406231384,0.9447150000000001,1.121439719326555,0.7679902806734451,0.43629923395607023,140450974.04000002,1.2236391984797088,15679218.511217618,0.07720000000000005,0.013299999999999979,0.007000000000000006,0.09750000000000003,0.7917948717948721,0.4630759251139523,0.5369240748860477,0.0022931047323003382,0,2,1,1,False,False
2025-01-02,0.9222,0.9828,0.9222,0.9612,194982188.5,1735862399999,186027073.22985,491830.0,103049971.5,98370648.37061,0,0.042290175666883645,0.04142038408970877,0.8897999999999999,0.014339999999999908,0.89301,0.0034799999999999276,0.9367099999999999,-0.008005000000000151,0.9728739999999999,0.007657999999999943,0.675951,0.005734000000000017,,,0.04252304674499963,0.04961420793448731,0.06658387207511356,1.1332,0.762,0.5366379310344829,58.81452318460192,-0.0244098067516203,-0.021788655266739655,-0.0026211514848806447,0.9367099999999999,1.0930888369044098,0.78033116309559,0.5783034344185914,135350724.62,1.4405699640501857,8245831.00357842,0.039000000000000035,0.021599999999999953,0.0,0.06059999999999999,0.6435643564356442,0.5285096669227303,0.4714903330772698,0.0025224355300535566,0,3,1,1,False,False
2025-01-03,0.9612,1.1194,0.9569,1.0894,388427400.9,1735948799999,412185601.55579,1012138.0,199989775.1,211930668.55658,0,0.13337494798168947,0.12519986108726017,0.93588,0.04608000000000012,0.90837,0.01536000000000004,0.9381299999999999,0.0014199999999999768,0.983078,0.010204000000000102,0.683036,0.007085000000000008,,,0.059004210545797305,0.0572850179751003,0.0687251207747831,1.121,0.762,0.9119777158774371,63.50067842605156,-0.008481789755060865,-0.0191272821644039,0.010645492409343035,0.9381299999999999,1.0996908225047708,0.7765691774952289,0.9681518627312418,157685606.79000002,2.4633028264735253,51806484.38970034,0.12819999999999987,0.030000000000000027,0.0043000000000000815,0.16249999999999998,0.7889230769230763,0.5148704098542395,0.48512959014576046,0.002605732751229292,0,4,1,1,False,False
2025-01-04,1.0894,1.1144,1.0565,1.0707,168969002.6,1736035199999,182111468.11348,482010.0,79192205.8,85366985.21793,0,-0.017165412153478887,-0.017314445785349644,0.97772,0.04183999999999999,0.9236800000000001,0.015310000000000046,0.936685,-0.0014449999999999186,0.99035,0.007271999999999945,0.6897289999999999,0.006692999999999949,,,0.05885250625628332,0.056885495207980113,0.062096346438791264,1.121,0.762,0.8598885793871865,66.89810087808863,0.0026023465215033736,-0.014781356427222446,0.01738370294872582,0.936685,1.0925827434764521,0.7807872565235477,0.9298169973840659,165071887.07999998,1.0236085961633874,-2900422.5707912454,0.01869999999999994,0.025000000000000133,0.01419999999999999,0.05790000000000006,0.3229706390328138,0.46867889720265177,0.5313211027973482,0.0028526534014115083,0,5,1,1,False,False
2025-01-05,1.0707,1.115,1.0521,1.0911,171630835.3,1736121599999,186330382.64185,525282.0,88126076.6,95728156.54877,0,0.01905295601008694,0.01887372149682877,1.02692,0.04920000000000002,0.94668,0.02299999999999991,0.937365,0.0006800000000000139,0.9973399999999999,0.006989999999999941,0.696623,0.006894000000000067,,,0.052010094820276374,0.05682468740511465,0.0618608986990942,1.1194,0.762,0.9208170117515388,71.26766332172845,0.012884192931671978,-0.00924824655544356,0.02213243948711554,0.937365,1.095944474015222,0.778785525984778,0.984725406471089,169127489.88,1.0148015288453474,3270074.7549453774,0.020399999999999974,0.023900000000000032,0.01859999999999995,0.06289999999999996,0.3243243243243241,0.5134629592984332,0.48653704070156684,0.0030605339598903645,0,6,1,1,False,False
2025-01-06,1.0911,1.1162,1.0575,1.0934,181395918.9,1736207999999,197695924.05306,554712.0,88946695.8,97031569.87688,0,0.002107964439556298,0.002105745799845741,1.0611599999999999,0.034239999999999826,0.96831,0.021630000000000038,0.939425,0.0020599999999999508,1.0051560000000002,0.007816000000000267,0.7035509999999999,0.006927999999999934,,,0.05249839978927551,0.05650478859577229,0.0612193813120982,1.1194,0.762,0.9272523782876329,68.6550491510277,0.02097641797745453,-0.003203313648863942,0.024179731626318472,0.939425,1.1051929783057513,0.7736570216942488,0.9644292630389697,173787057.49,1.043782670124545,382376.1465218382,0.0022999999999999687,0.022800000000000153,0.03359999999999985,0.058699999999999974,0.0391822827938666,0.49034562816727184,0.5096543718327282,0.0030580180820154053,0,0,1,1,False,False
2025-01-07,1.0934,1.1519,0.988,0.9892,365562839.2,1736294399999,392107377.97835,1018590.0,175919965.8,188881178.82189,0,-0.09529906713005298,-0.10015085081363768,1.06676,0.005600000000000049,0.97828,0.009970000000000034,0.94048,0.0010550000000000281,1.01029,0.00513399999999975,0.709468,0.005917000000000061,,,0.06465655653633084,0.05778800488806849,0.06283708084809926,1.1519,0.762,0.5827135162862273,54.92256637168142,0.018765182124692137,0.0011903855058472742,0.01757479661884486,0.94048,1.1072817367068404,0.7736782632931596,0.646041644894942,202440428.85,1.8057798102713316,-34837797.553173564,0.10419999999999996,0.058499999999999996,0.0011999999999999789,0.16389999999999993,0.6357535082367297,0.48123043957362943,0.5187695604263706,0.00278636089551413,0,1,1,1,False,False
2025-01-08,0.9893,1.0242,0.9079,0.9468,369801375.9,1736380799999,355425471.97831,909967.0,170748853.6,164619357.05995,0,-0.04286291953093413,-0.04380865800743231,1.03824,-0.02851999999999988,0.9870599999999999,0.008779999999999899,0.9437899999999999,0.003309999999999924,1.014452,0.004161999999999999,0.7152029999999999,0.005734999999999935,,,0.06539880755828124,0.05465366950018615,0.06324587513557584,1.1519,0.762,0.473967684021544,52.57677373808683,0.013436547970821833,0.003639617998842186,0.009796929971979647,0.9437899999999999,1.1081987320001336,0.7793812679998663,0.5091540150069327,228830528.36999997,1.6160491282966487,-15850766.617630422,0.04249999999999998,0.03490000000000004,0.038899999999999935,0.11629999999999996,0.36543422184006874,0.46173125555426037,0.5382687444457396,0.002460691223188064,0,2,1,1,False,False
2025-01-09,0.9467,0.9604,0.8798,0.9045,239358339.9,1736467199999,219018673.38349,533150.0,120567998.1,110398014.94723,0,-0.04467680608365021,-0.04570557280447907,1.005,-0.03324000000000016,0.9913599999999999,0.0042999999999999705,0.9415100000000001,-0.0022799999999998377,1.0165359999999999,0.0020839999999999748,0.720728,0.005525000000000113,,,0.06779372504418482,0.0528143948610041,0.06267520472846372,1.1519,0.8296,0.2323921811976419,53.92831281679942,0.005734210124105132,0.004058536423894776,0.0016756737002103566,0.9415100000000001,1.106812604812785,0.776207395187215,0.38805379067705525,235934493.1,1.0145118535022721,-10693766.136216735,0.042200000000000015,0.013700000000000045,0.024699999999999944,0.0806,0.523573200992556,0.5037133786538265,0.4962866213461736,0.002227413509897927,0,3,1,1,False,False
2025-01-10,0.9045,0.974,0.904,0.9303,208259628.3,1736553599999,195036479.13336,563378.0,103228594.4,96659651.86312,0,0.028524046434494243,0.02812480993916317,0.97284,-0.032159999999999855,0.9998799999999999,0.008519999999999972,0.942765,0.001254999999999895,1.018706,0.0021700000000000053,0.7265989999999999,0.0058709999999998486,,,0.0674392177117236,0.05204587007184687,0.06268781766405011,1.1519,0.8296,0.312441824387217,54.731412308786915,0.0016923874792517113,0.0035853066349661633,-0.001892919155714452,0.942765,1.1072861651717514,0.7782438348282485,0.4621173361281901,246024884.67999998,0.8464982254574754,5940407.308059712,0.025800000000000045,0.04369999999999996,0.0004999999999999449,0.06999999999999995,0.3685714285714295,0.49567261423946374,0.5043273857605363,0.002705171446807965,0,4,1,1,False,False
2025-01-11,0.9303,1.0176,0.9134,0.9955,146491610.6,1736639999999,141064184.34762,378932.0,75731187.8,73115083.47373,0,0.07008491884338386,0.06773800872973804,0.95326,-0.019580000000000042,1.00721,0.007330000000000059,0.94837,0.005605000000000082,1.018266,-0.00043999999999999595,0.733101,0.006502000000000119,,,0.06495247666701573,0.053734187590030666,0.053768737664021106,1.1519,0.8296,0.5147378219050577,58.617886178861795,0.0037075704500446616,0.0036097593979818633,9.781105206279825e-05,0.94837,1.1120112777677769,0.7847287222322232,0.6440040087773029,243487914.01000005,0.6016381190648484,10266852.64013759,0.06520000000000004,0.02210000000000001,0.016900000000000026,0.10420000000000007,0.6257197696737044,0.5169660398286317,0.48303396017136835,0.002586714682485715,0,5,1,1,False,False
2025-01-12,0.9955,1.0369,0.9613,0.9677,196542136.0,1736726399999,196621401.95457,931506.0,103259104.1,103385955.0958,0,-0.027925665494726304,-0.028323001617354182,0.9489599999999999,-0.0043000000000000815,1.00786,0.0006500000000000394,0.950435,0.0020649999999999835,1.0163039999999999,-0.0019620000000000193,0.739261,0.006159999999999943,,,0.06481420134921334,0.05336137226014947,0.05349547140783136,1.1519,0.8296,0.4284827800186163,58.87636779356525,0.003026502174169665,0.003493107953219424,-0.0004666057790497589,0.950435,1.1139512348289262,0.7869187651710737,0.5527929230331868,243643908.76000005,0.8066778151782265,-5488569.945555004,0.027800000000000047,0.04139999999999988,0.006399999999999961,0.07559999999999989,0.3677248677248689,0.5253789655567801,0.4746210344432199,0.004739472252402915,0,6,1,1,False,False
2025-01-13,0.9676,0.9938,0.8758,0.9444,288677979.1,1736812799999,266802657.96545,1019494.0,135329780.3,125251442.93476,0,-0.02407771003410142,-0.02437231667553892,0.94848,-0.00047999999999992493,0.99336,-0.014499999999999957,0.950865,0.00042999999999993044,1.01474,-0.0015639999999998988,0.7451949999999999,0.005933999999999995,,,0.04584234370554757,0.053685062579776684,0.053294445758472885,1.1519,0.8296,0.35618988520012423,56.54714894961302,0.0005997221611716563,0.0029144307948098707,-0.0023147086336382143,0.950865,1.1142643786627275,0.7874656213372725,0.48021718303671035,233668966.58,1.235414284254845,-6950704.67400019,0.0232,0.0262,0.0686,0.118,0.19661016949152543,0.46879149120384017,0.5312085087961599,0.0035315960128944933,0,0,1,1,False,False
2025-01-14,0.9444,1.0109,0.938,0.9972,187168513.0,1736899199999,182641785.74172,643019.0,96463337.1,94234418.66486,0,0.055908513341804245,0.054401546438044894,0.96702,0.01854,0.9860099999999999,-0.007350000000000079,0.9548449999999999,0.0039799999999999836,1.015814,0.0010740000000000194,0.751592,0.006397000000000097,,,0.050709894288489064,0.05474937005747256,0.052684919089351336,1.1519,0.8296,0.5200124107973938,61.359223300970875,0.0029035301605474517,0.002912250667957387,-8.720507409935071e-06,0.9548449999999999,1.1187098412885548,0.7909801587114451,0.6292376072467424,235488917.62000003,0.7948081586668425,10464313.30622616,0.05279999999999996,0.013699999999999934,0.006400000000000072,0.07289999999999996,0.7242798353909463,0.5153822913579487,0.4846177086420514,0.0034355084073355866,0,1,1,1,False,False
2025-01-15,0.9972,1.09,0.9879,1.0755,384217805.3,1736985599999,400280349.15709,1460275.0,192831943.7,200826474.67168,0,0.07851985559566788,0.07558959705838193,0.99606,0.029039999999999955,0.98445,-0.0015599999999998948,0.965565,0.010720000000000063,1.0181179999999999,0.0023039999999998617,0.7588349999999999,0.007242999999999888,,,0.05705340477582882,0.054669299748330326,0.05373440184099315,1.1519,0.8296,0.7629537697797082,61.428358431489485,0.010921573121191686,0.004514115158604247,0.006407457962587439,0.965565,1.1316446546365853,0.7994853453634148,0.8309707027045521,256747614.61999997,1.4964805257048353,30168726.589440435,0.07829999999999993,0.01450000000000018,0.009299999999999975,0.10210000000000008,0.7668952007835442,0.50188185201213,0.49811814798786996,0.0038006437490834314,0,2,1,1,False,False
2025-01-16,1.0755,1.145,1.0273,1.0892,383249639.4,1737071999999,416688678.5374,1664449.0,190548592.5,207183435.51258,0,0.012738261273826268,0.012657812091819931,1.0148,0.01873999999999998,0.98403,-0.00042000000000008697,0.97617,0.010604999999999976,1.01967,0.0015520000000002199,0.7662789999999999,0.007444000000000006,,,0.057195273659210316,0.05465109416990386,0.05327220431483144,1.1519,0.8296,0.8054607508532423,59.9163309575457,0.01817193073285084,0.0072456782734535655,0.010926252459397273,0.97617,1.1455197669881603,0.8068202330118396,0.8337176129917623,276932986.66999996,1.383907507763564,4881934.039776902,0.013700000000000045,0.05580000000000007,0.0481999999999998,0.11769999999999992,0.11639762107051874,0.4971918376709111,0.5028081623290889,0.0043429890830577,0,3,1,1,False,False
2025-01-17,1.0893,1.1662,1.0854,1.133,276530914.4,1737158399999,311178355.46964,1083643.0,142121085.9,159925820.42254,0,0.04021300036724207,0.039425500228401834,1.0478599999999998,0.03305999999999987,0.99841,0.01438000000000006,0.988345,0.012175000000000047,1.021688,0.0020179999999998532,0.7742129999999999,0.007933999999999997,,,0.04695647257968393,0.05500767428950554,0.05347929356582298,1.1662,0.8296,0.9013666072489604,53.88591800356507,0.027139339907423232,0.011224410600247498,0.015914929307175734,0.988345,1.1662546337736392,0.8104353662263607,0.9065406603670764,268029794.19,1.0317170717370836,11120137.762320984,0.04370000000000007,0.033199999999999896,0.0039000000000000146,0.08079999999999998,0.5408415841584169,0.5139428486987276,0.4860571513012723,0.0039187047218616515,0,4,1,1,False,False
2025-01-18,1.1331,1.1466,1.0482,1.1045,256781980.9,1737244799999,277183564.57415,854851.0,123264484.1,133016353.94089,0,-0.025154457193292123,-0.02547623816783443,1.07988,0.03202000000000016,1.01418,0.015770000000000062,1.00062,0.012275000000000036,1.022268,0.0005800000000000249,0.781862,0.007649000000000017,,,0.04483263423339499,0.054625890737435207,0.05332948762765004,1.1662,0.8296,0.8166963755199053,52.96075683251577,0.03158230333584955,0.015295989147367909,0.01628631418848164,1.00062,1.1747914654253613,0.8264485345746388,0.798211879156854,256727854.69,1.0002108310766098,-6459211.346557806,0.02859999999999996,0.013500000000000068,0.05630000000000002,0.09840000000000004,0.2906504065040645,0.4800355681811005,0.5199644318188995,0.0033290926294898757,0,5,1,1,False,False
2025-01-19,1.1044,1.152,0.9636,0.993,560820593.6,1737331199999,591660749.09068,1850941.0,255960121.6,269964309.67014,0,-0.1009506564056134,-0.10641735881499928,1.07904,-0.0008399999999999519,1.02303,0.008850000000000025,1.007195,0.0065749999999999975,1.020548,-0.0017199999999999438,0.7882750000000001,0.006413000000000113,,,0.055593309226116924,0.06037381944336669,0.05527774434615245,1.1662,0.838,0.4722730042656918,42.58951503248225,0.025808758405575505,0.017398542999009427,0.008410215406566078,1.007195,1.1687229995281798,0.8456670004718203,0.4560602494878182,288874080.06,1.941401573597451,-56615207.04970575,0.11140000000000005,0.047599999999999865,0.02939999999999998,0.1883999999999999,0.5912951167728244,0.45640285774270467,0.5435971422572953,0.0033004155359533144,0,6,1,1,False,False
2025-01-20,0.993,1.1014,0.9594,1.0094,464297968.4,1737417599999,479018113.56034,1614437.0,227052911.8,234594832.95206,0,0.01651560926485396,0.016380709860989395,1.06582,-0.01322000000000001,1.03094,0.007909999999999862,1.01541,0.008214999999999861,1.017744,-0.0028040000000000287,0.794837,0.006561999999999957,,,0.05529653640063769,0.060032110784949515,0.054521234883962044,1.1662,0.838,0.5222425350396104,43.78698224852072,0.022299470971251845,0.01837872859345791,0.003920742377793933,1.01541,1.1578060363138363,0.8730139636861636,0.4788968845075364,314477914.07000005,1.4764088275421825,7668163.82855991,0.01640000000000008,0.09199999999999986,0.03359999999999996,0.1419999999999999,0.11549295774647952,0.489024133752811,0.5109758662471889,0.003477157148809958,0,0,1,1,False,False
2025-01-21,1.0095,1.0288,0.9508,1.0058,303337850.2,1737503999999,299682154.44694,1204808.0,153730110.7,151959076.68403,0,-0.0035664751337428635,-0.003572850168297667,1.04914,-0.016680000000000028,1.03197,0.0010300000000000864,1.01959,0.0041800000000000725,1.013816,-0.0039279999999999315,0.801409,0.006572000000000022,,,0.05108810469774477,0.0569983181091405,0.0541003936777887,1.1662,0.8758,0.44765840220385694,51.44247480013903,0.01900872473671056,0.018504727822108442,0.0005039969146021159,1.01959,1.1552123844278346,0.8839676155721653,0.44916030986264793,330162538.03,0.9187530844957262,-1081846.8998613176,0.0037000000000000366,0.019299999999999873,0.05500000000000005,0.07799999999999996,0.047435897435897934,0.5067950161796195,0.4932049838203805,0.003971835361810711,0,1,1,1,False,False
2025-01-22,1.0059,1.0199,0.9759,0.9827,147886319.8,1737590399999,147500242.17866,665826.0,71022568.3,70885240.24208,0,-0.02296679260290313,-0.02323463836948318,1.0190800000000002,-0.030059999999999754,1.0334699999999999,0.0014999999999998348,1.020665,0.0010749999999999371,1.0096420000000002,-0.0041739999999999,0.8075930000000001,0.006184000000000078,,,0.050786135681490506,0.056671353279061115,0.054172764881448614,1.1662,0.8758,0.36811294765840236,53.22783672001438,0.014371146065925267,0.017678011470871807,-0.0033068654049465407,1.020665,1.1546698431960452,0.8866601568039548,0.35834467212331167,325296956.40999997,0.4546194389030989,-3396474.435653207,0.0232,0.014000000000000012,0.006800000000000028,0.04400000000000004,0.5272727272727268,0.4802511036588794,0.5197488963411205,0.00450228257015562,0,2,1,1,False,False
2025-01-23,0.9827,1.0118,0.9512,0.9867,192569354.5,1737676799999,188553394.45486,895048.0,92349967.1,90473302.53073,0,0.004070418235473605,0.004062156494739713,0.9955200000000002,-0.023560000000000025,1.0376999999999998,0.004229999999999956,1.01553,-0.00513499999999989,1.005634,-0.004008000000000234,0.8138690000000001,0.006275999999999948,,,0.049908445329920406,0.04762263473923251,0.05418011180166754,1.1662,0.8758,0.3818870523415979,57.93742757821553,0.010893030058148234,0.016321015188327095,-0.0054279851301788605,1.01553,1.1462759746788922,0.8847840253211079,0.3897480397740521,315686093.95,0.6100026519714237,783837.8121501812,0.0040000000000000036,0.02510000000000001,0.03149999999999997,0.06059999999999999,0.06600660066006608,0.4795673088263896,0.5204326911736105,0.004647925430938701,0,3,1,1,False,False
2025-01-24,0.9867,1.01,0.9636,0.9712,124426928.3,1737763199999,123307322.88768,581934.0,57569463.9,57010707.49776,0,-0.015708928752407036,-0.015833621557887187,0.99116,-0.0043600000000001415,1.0351000000000001,-0.0025999999999997137,1.010555,-0.004974999999999952,1.0018639999999999,-0.003770000000000051,0.82006,0.0061909999999999465,,,0.04692577901108136,0.04760230330909338,0.05413222384745974,1.1662,0.8758,0.3285123966942148,54.0295566502463,0.0068074060627884014,0.014418293363219358,-0.007610887300430956,1.010555,1.1400278823466699,0.8810821176533303,0.3480183676817155,309411935.47999996,0.40214004061276043,-1954613.7515455587,0.01550000000000007,0.023299999999999987,0.00759999999999994,0.0464,0.33405172413793255,0.46267688744350366,0.5373231125564963,0.0046769136548716035,0,4,1,1,False,False
2025-01-25,0.9712,0.9919,0.9642,0.9766,56721656.8,1737849599999,55530554.54648,304870.0,27382957.0,26815234.74604,0,0.005560131795716794,0.005544731322326222,0.9846,-0.00656000000000001,1.02521,-0.009890000000000176,1.00483,-0.005725000000000202,0.9968400000000002,-0.005023999999999695,0.8263940000000001,0.006334000000000062,,,0.03787961727244896,0.04735676174493464,0.05343106010297237,1.1662,0.8758,0.34710743801652905,47.88921152557516,0.003959610555736903,0.012326556801722868,-0.008366946245985964,1.00483,1.1293376721372996,0.8803223278627001,0.3866334920756149,276662320.63,0.20502125721651074,315379.8874794157,0.005400000000000071,0.01529999999999998,0.007000000000000006,0.027700000000000058,0.19494584837545342,0.4827601756512867,0.5172398243487133,0.005374843000002074,0,5,1,1,False,False
2025-01-26,0.9766,1.0003,0.9515,0.953,73197919.3,1737935999999,71946568.23196,385840.0,33249551.4,32689213.20597,0,-0.024165472045873493,-0.024462247973357828,0.9740400000000001,-0.010559999999999903,1.01159,-0.013619999999999965,0.9978100000000001,-0.007019999999999804,0.991694,-0.005146000000000206,0.832417,0.0060229999999998896,0.5990575,,0.03732823775699434,0.04752944401910311,0.053491459463906085,1.1662,0.8758,0.26584022038567484,48.34272829763246,-0.00019931310996701423,0.009821382819384892,-0.010020695929351906,0.9978100000000001,1.117010280819154,0.8786097191808461,0.3120390334147616,245657148.62000003,0.29796779662711037,-1768862.2726602538,0.023600000000000065,0.023699999999999943,0.0014999999999999458,0.048799999999999955,0.483606557377051,0.4542417560221551,0.5457582439778449,0.0052711880841673055,0,6,1,1,False,False
2025-01-27,0.953,0.9587,0.8568,0.9345,257950415.8,1738022399999,233275349.50049,1281926.0,124554204.9,112670845.29494,0,-0.01941238195173134,-0.019603276758584552,0.9644,-0.009640000000000093,0.9917399999999998,-0.019850000000000145,0.9950750000000002,-0.002734999999999932,0.9865120000000001,-0.005181999999999909,0.838249,0.005832000000000059,0.6017505,0.0026929999999999454,0.03238727624833565,0.0427989607121105,0.05351973155406969,1.1662,0.8568,0.25113122171945707,48.87166628675632,-0.004931241188681379,0.006870858017771639,-0.011802099206453018,0.9950750000000002,1.1175716401257687,0.8725783598742317,0.2527483205343132,243799098.76,1.0580449932422877,-5007431.996117515,0.01849999999999996,0.005700000000000038,0.07769999999999999,0.10189999999999999,0.18155053974484753,0.482861035574264,0.5171389644257359,0.0049696605296187316,0,0,1,1,False,False
2025-01-28,0.9346,0.9684,0.9031,0.9169,124707222.9,1738108799999,117808064.83354,673282.0,61142113.2,57748151.19872,0,-0.018833600856072663,-0.019013211839762324,0.9504400000000001,-0.013959999999999972,0.97298,-0.018759999999999888,0.99358,-0.0014950000000001351,0.9847819999999998,-0.0017300000000002314,0.8437689999999999,0.005519999999999858,0.6042525,0.0025020000000000042,0.03230624282129523,0.041918711881458175,0.048632968551094696,1.1662,0.8568,0.1942469295410474,40.04956629491947,-0.00998638437070909,0.003499409540075493,-0.013485793910784583,0.99358,1.1192461676196395,0.8679138323803607,0.19490595021528967,230591622.95999998,0.5408141948054748,-2348686.0599678843,0.017699999999999938,0.03380000000000005,0.013800000000000034,0.06530000000000002,0.2710566615620204,0.49028525997270045,0.5097147400272996,0.005398901397554896,0,1,1,1,False,False
2025-01-29,0.9168,0.9603,0.9018,0.9399,135142289.7,1738195199999,126108234.87981,639765.0,67203239.8,62737348.93655,0,0.025084523939360892,0.024775071570400643,0.94418,-0.006260000000000043,0.96767,-0.005309999999999926,0.99535,0.0017699999999999383,0.98315,-0.0016319999999998558,0.849559,0.005790000000000073,0.606744,0.00249149999999998,0.017532698315654197,0.04096406510334024,0.04869838395902559,1.1662,0.8568,0.26858435681965087,30.528431935669175,-0.011998403850979167,0.0003998468618645612,-0.012398250712843728,0.99535,1.1166548096412587,0.8740451903587412,0.2714435224621956,188023792.57,0.7187510040767177,3389980.001199695,0.02310000000000001,0.020400000000000085,0.014999999999999902,0.058499999999999996,0.3948717948717951,0.49727764676167097,0.502722353238329,0.004734010363596793,0,2,1,1,False,False
2025-01-30,0.9398,0.9886,0.9363,0.9595,86721138.9,1738281599999,83800863.79312,415435.0,44327630.8,42831507.13013,0,0.020853282264070794,0.02063882882149901,0.94076,-0.0034199999999999786,0.96268,-0.00499000000000005,0.99681,0.0014600000000000168,0.9806039999999999,-0.0025460000000000482,0.855509,0.005950000000000011,0.609383,0.002639000000000058,0.01817543628209357,0.04074510424439082,0.047909921413210946,1.1662,0.8568,0.33193277310924385,31.685964416831425,-0.011874505679099756,-0.002055023646328302,-0.009819482032771453,0.99681,1.1154928218847322,0.8781271781152677,0.34281634272128964,150266109.62,0.5771170832818158,1808420.38774339,0.01970000000000005,0.029100000000000015,0.0034999999999999476,0.05230000000000001,0.37667304015296454,0.5111513912555408,0.48884860874445923,0.0047904698354924394,0,3,1,1,False,False
2025-01-31,0.9595,0.9837,0.9347,0.9429,113818765.2,1738367999999,109123278.84919,512893.0,55359492.6,53103466.44611,0,-0.017300677436164702,-0.01745208297612303,0.9387399999999999,-0.002020000000000133,0.9563899999999999,-0.006290000000000129,0.9941800000000001,-0.00262999999999991,0.977,-0.0036039999999999406,0.8614410000000001,0.005932000000000159,0.611873,0.0024899999999999922,0.018577225439782297,0.03766721167314762,0.047695068503765634,1.1662,0.8568,0.2782805429864253,20.923829917405953,-0.01296632898399086,-0.004237284713860813,-0.008729044270130047,0.9941800000000001,1.115291424990191,0.8730685750098091,0.2882941266517451,131314201.12,0.8667666119065676,-1969141.7429077683,0.01660000000000006,0.0242,0.008199999999999985,0.049000000000000044,0.33877551020408253,0.48638282538668764,0.5136171746133124,0.004506225305631764,0,4,1,1,False,False
2025-02-01,0.9428,0.9576,0.8875,0.8948,88384785.8,1738454399999,81763836.86661,414099.0,38863207.6,35996957.01087,0,-0.05101283275002644,-0.052360002855656985,0.9308,-0.007939999999999947,0.9475999999999999,-0.008789999999999965,0.990535,-0.0036450000000000093,0.97247,-0.004530000000000034,0.866924,0.005482999999999905,0.6141565,0.002283499999999994,0.02297300256583531,0.03883815352415467,0.04818789839900184,1.1662,0.8568,0.1228183581124759,19.740259740259773,-0.01751101870737859,-0.006892031512564369,-0.01061898719481422,0.990535,1.1191571438739598,0.8619128561260403,0.12784402002421422,125364047.72,0.705024984494813,-4508758.295662312,0.04799999999999993,0.014800000000000035,0.007300000000000084,0.07010000000000005,0.6847360912981441,0.43970472121685,0.56029527878315,0.00468518417793122,0,5,2,1,False,False
2025-02-02,0.8947,0.9113,0.7513,0.8052,340523726.6,1738540799999,281001946.2775,1649257.0,161979397.9,133346913.30752,0,-0.10013410818059898,-0.10550953585033808,0.90846,-0.022339999999999915,0.9294500000000001,-0.018149999999999777,0.9835750000000001,-0.006959999999999966,0.9673539999999999,-0.005116000000000009,0.8717150000000001,0.004791000000000101,0.6160030000000001,0.0018465000000000842,0.03617937187621004,0.04432721641881523,0.049602701730737817,1.1662,0.7513,0.12991082188479167,21.07208872458412,-0.028019695627897523,-0.011117564335631,-0.016902131292266524,0.9835750000000001,1.1356374231239021,0.8315125768760981,-0.0865189977100995,140159484.93,2.429544648869594,-34098039.67742512,0.08950000000000002,0.016599999999999948,0.05390000000000006,0.16000000000000003,0.5593750000000001,0.4756772737021961,0.5243227262978039,0.004843295404015469,0,6,2,1,False,False
2025-02-03,0.8051,0.8245,0.506,0.812,1336951229.5,1738627199999,923046921.96711,3842040.0,636846570.9,438753305.04003,0,0.008445106805762492,0.00840964639604148,0.8828800000000001,-0.025579999999999936,0.91353,-0.015920000000000156,0.974315,-0.009260000000000046,0.9616020000000001,-0.005751999999999868,0.876498,0.004782999999999871,0.617946,0.001942999999999917,0.03725151158687396,0.041991723832553424,0.04929150724059906,1.1662,0.506,0.4634959103302031,18.666666666666686,-0.03539122659835647,-0.015972296788176098,-0.019418929810180376,0.974315,1.1443747699881366,0.8042552300118635,0.02277072934026912,261411915.05,5.114346946443824,11290695.927222982,0.006900000000000017,0.012499999999999956,0.29910000000000003,0.3185,0.02166405023547886,0.4763424101402496,0.5236575898597504,0.002873732351057313,0,0,2,1,False,False
2025-02-04,0.8121,0.8198,0.715,0.7439,336202720.8,1738713599999,254723883.69626,1294772.0,162532877.6,123015828.34998,0,-0.08386699507389173,-0.08759372296438238,0.8397600000000001,-0.04312000000000005,0.8902599999999999,-0.023270000000000013,0.9577349999999999,-0.01658000000000015,0.9549300000000001,-0.006672000000000011,0.8805379999999999,0.0040399999999999325,0.6194704999999999,0.0015244999999999287,0.04168027359588793,0.03974434139891925,0.050503981766500165,1.1662,0.506,0.3603453498939716,15.494071146245076,-0.04619580241169774,-0.022016997912880427,-0.024178804498817312,0.9577349999999999,1.149527807888856,0.7659421921111438,-0.05746355234529238,289360021.45,1.1618837983051995,-28196311.929162595,0.06820000000000004,0.007699999999999929,0.028900000000000037,0.1048,0.6507633587786263,0.4834371274963221,0.5165628725036778,0.0038511645501234145,0,1,2,1,False,False
2025-02-05,0.744,0.7764,0.7251,0.7325,174717874.3,1738799999999,131046286.55324,714615.0,83708766.4,62816578.03601,0,-0.015324640408656998,-0.015443276306073233,0.79768,-0.04208000000000012,0.86821,-0.022049999999999903,0.9399000000000001,-0.017834999999999823,0.948536,-0.006394000000000011,0.8844259999999999,0.0038880000000000026,0.6209465000000001,0.0014760000000001439,0.041817852910050024,0.03911170658564264,0.05045996023559563,1.1662,0.506,0.34307785519539546,15.986949429037537,-0.0550438797308489,-0.028622374276474124,-0.026421505454374775,0.9399000000000001,1.1460232640921375,0.7337767359078627,-0.003097020400598741,299512016.95,0.5833417840098453,-2677488.596612434,0.011499999999999955,0.032399999999999984,0.007400000000000073,0.05130000000000001,0.22417153996101272,0.47910820078011906,0.5208917992198809,0.004090108140698687,0,2,2,1,False,False
2025-02-06,0.7325,0.766,0.6978,0.7052,187578647.3,1738886399999,136652192.35838,698718.0,93337776.0,68035053.69667,0,-0.03726962457337879,-0.03798189036750716,0.75976,-0.037919999999999954,0.84528,-0.022930000000000006,0.91851,-0.02139000000000002,0.9432780000000001,-0.005257999999999985,0.8879170000000001,0.003491000000000133,0.6222380000000001,0.001291500000000001,0.04192674037571987,0.03671395153196464,0.049536137335260834,1.152,0.506,0.3083591331269351,14.011761697775526,-0.06352663113780954,-0.03560322564874121,-0.027923405489068333,0.91851,1.1290022241344078,0.7080177758655923,-0.006693301562990337,292474840.1,0.6413496875008634,-6990985.762853233,0.02729999999999999,0.033499999999999974,0.007400000000000073,0.06820000000000004,0.40029325513196445,0.4975927555907905,0.5024072444092095,0.0037249335681716475,0,3,2,1,False,False
2025-02-07,0.7052,0.7532,0.6902,0.7072,206190185.9,1738972799999,149143599.07408,772585.0,102050260.6,73822914.68177,0,0.0028360748723765816,0.002832060799718468,0.74016,-0.01959999999999995,0.82431,-0.020970000000000044,0.8986450000000001,-0.01986499999999991,0.93981,-0.0034680000000000266,0.891439,0.003521999999999914,0.623643,0.0014049999999998786,0.04293979277590503,0.03714867050905718,0.04799161182797862,1.152,0.506,0.31145510835913326,15.042372881355945,-0.0692891670704675,-0.04234041393308647,-0.026948753137381036,0.8986450000000001,1.1102182594286443,0.687071740571356,0.04756806101820388,300623136.4,0.6858759720530945,584770.8051616461,0.0020000000000000018,0.04599999999999993,0.015000000000000013,0.06299999999999994,0.0317460317460318,0.4949326766187274,0.5050673233812726,0.003746953312194477,0,4,2,1,False,False
2025-02-08,0.7072,0.718,0.6815,0.7005,106440011.1,1739059199999,74135811.71145,392282.0,52688225.4,36719244.19838,0,-0.009473981900452566,-0.009519145546372064,0.71786,-0.022299999999999986,0.80037,-0.02393999999999996,0.8840199999999999,-0.014625000000000221,0.934818,-0.0049919999999999964,0.895026,0.003587000000000007,0.6250955,0.0014525000000000787,0.03975419989858638,0.032124905168380416,0.04650789871487483,1.1014,0.506,0.32667114544843806,13.56558458696226,-0.0735488272220316,-0.04858209659087549,-0.024966730631156106,0.8840199999999999,1.1081938855160558,0.659846114483944,0.0906748915523085,297752908.54,0.35747765360854866,-1008410.7386453701,0.006700000000000039,0.01079999999999992,0.019000000000000017,0.03649999999999998,0.18356164383561763,0.49500394499677014,0.5049960550032299,0.0036854750008570793,0,5,2,1,False,False
2025-02-09,0.7006,0.716,0.6503,0.6814,145972643.5,1739145599999,99924644.60889,462338.0,76346385.8,52334328.41277,0,-0.027266238401142062,-0.027644860550195525,0.70536,-0.012500000000000067,0.77256,-0.02781,0.86762,-0.01639999999999997,0.930342,-0.0044760000000000355,0.898265,0.003238999999999992,0.626471,0.001375499999999974,0.03587675775976148,0.031215203577062037,0.046222413802867304,1.0288,0.506,0.33550114766641165,13.728632478632477,-0.0775716512470801,-0.05438000752211642,-0.023191643724963677,0.86762,1.100976150663806,0.6342638493361938,0.10099616086767464,303678059.0,0.4806822197846042,-3980124.89771592,0.019199999999999995,0.01539999999999997,0.031100000000000017,0.06569999999999998,0.2922374429223744,0.5230184503714903,0.4769815496285097,0.003167292096070042,0,6,2,1,False,False
2025-02-10,0.6815,0.7245,0.6632,0.7121,168781925.4,1739231999999,117792945.62019,672885.0,86397959.9,60330252.20901,0,0.04505429997064869,0.04406884576121291,0.70128,-0.0040799999999999725,0.7494799999999999,-0.0230800000000001,0.8529349999999999,-0.014685000000000059,0.926916,-0.00342600000000004,0.9019039999999999,0.003638999999999948,0.6280575,0.0015865000000000462,0.04352018013672639,0.03422625330775711,0.04666033256857636,1.0199,0.506,0.4010507880910682,21.23642007242627,-0.07739042618126823,-0.05898209125394678,-0.018408334927321454,0.8529349999999999,1.0866426290897118,0.619227370910288,0.1986940465988415,309174375.02000004,0.5459117541325401,7604351.49659525,0.03059999999999996,0.012400000000000078,0.018299999999999983,0.06130000000000002,0.4991843393148442,0.5118910670988234,0.48810893290117663,0.003986712430287278,0,0,2,1,False,False
2025-02-11,0.7121,0.8213,0.7101,0.7781,364029512.7,1739318399999,284354724.20044,1328554.0,185574659.0,144875246.4304,0,0.09268361185226803,0.08863669963480546,0.7158599999999999,0.014579999999999926,0.73781,-0.011669999999999958,0.8427050000000001,-0.01022999999999974,0.9239499999999999,-0.002966000000000024,0.906344,0.0044400000000001105,0.6298619999999999,0.0018044999999998756,0.0564423324195007,0.04197581380697836,0.048053807629945,1.0118,0.506,0.5379596678529063,34.045977011494244,-0.07110154128718471,-0.06140598126059437,-0.00969556002659034,0.8427050000000001,1.0703287567381239,0.6150812432618764,0.35808818700253947,336738847.71,1.0810440053934698,33739570.057857074,0.06600000000000006,0.043200000000000016,0.0020000000000000018,0.11120000000000008,0.5935251798561152,0.5097791594522001,0.4902208405477999,0.003649577722822911,0,1,2,1,False,False
2025-02-12,0.7782,0.8079,0.7448,0.7997,271335009.3,1739404799999,210062134.21233,1026795.0,133038491.3,103198079.6977,0,0.027759928029816194,0.027381606714959754,0.7343599999999999,0.01849999999999996,0.73726,-0.0005499999999999394,0.8333550000000001,-0.00935000000000008,0.9212279999999999,-0.002722000000000002,0.9110779999999999,0.004733999999999905,0.6317725,0.0019105000000000372,0.04825808532995944,0.04274351369270467,0.048211634718000614,1.01,0.506,0.5827380952380952,33.83302583025831,-0.06364100136974382,-0.061852985282424264,-0.0017880160873195577,0.8333550000000001,1.051228043428115,0.6154819565718852,0.4227646535100056,329819975.98,0.8226760932044138,7532240.330137508,0.021499999999999964,0.008199999999999985,0.033399999999999985,0.06309999999999993,0.3407290015847858,0.49031082145727367,0.5096891785427263,0.003784233382374664,0,2,2,1,False,False
2025-02-13,0.7998,0.8309,0.7693,0.8107,148408733.0,1739491199999,117486749.75232,687370.0,72422094.1,57342045.8422,0,0.01375515818431916,0.013661414655817277,0.7564,0.02204000000000006,0.7371300000000001,-0.00012999999999996348,0.8253300000000001,-0.008024999999999949,0.91909,-0.0021379999999999733,0.9158489999999999,0.00477099999999997,0.6337895,0.0020170000000000465,0.04838600658028398,0.043027771839701766,0.048195127374197906,1.0003,0.506,0.6164272708881247,32.494117647058815,-0.05619310255841847,-0.06072100873762311,0.0045279061792046355,0.8253300000000001,1.0334292384720072,0.617230761527993,0.4648485018315717,210965726.32999998,0.7034731924552231,2041385.598349387,0.01090000000000002,0.020199999999999996,0.03049999999999997,0.06159999999999999,0.17694805194805233,0.48799078488191117,0.5120092151180888,0.004631600756270859,0,3,2,1,False,False
2025-02-14,0.8107,0.8293,0.7891,0.7998,144880343.5,1739577599999,117214064.41319,736090.0,72301186.1,58506590.90629,0,-0.013445170840014842,-0.013536375580943517,0.78008,0.023680000000000034,0.7427199999999999,0.005589999999999873,0.8164899999999999,-0.008840000000000181,0.917864,-0.0012259999999999494,0.920217,0.0043680000000000385,0.635773,0.001983500000000027,0.03886851199496597,0.042919907889302854,0.04744231703343118,1.0003,0.506,0.5943758850900263,32.935845456713565,-0.050586992634349626,-0.05869420551696841,0.008107212882618786,0.8164899999999999,1.0121838522015225,0.6207961477984772,0.45735686171987455,191833488.6,0.7552401020141798,-1947940.9697175338,0.01090000000000002,0.01860000000000006,0.010699999999999932,0.040200000000000014,0.2711442786069656,0.4990406866339325,0.5009593133660676,0.005080675419574775,0,4,2,1,False,False
2025-02-15,0.7997,0.8141,0.7745,0.7811,72649439.8,1739663999999,57679701.87928,408639.0,33585130.2,26688211.27245,0,-0.023380845211302792,-0.023658513796466333,0.7938799999999999,0.013799999999999923,0.7475799999999999,0.0048599999999999755,0.807895,-0.008594999999999908,0.915944,-0.0019200000000000328,0.923963,0.003746000000000027,0.637671,0.0018979999999999553,0.03948272010043592,0.042905722146811875,0.047471234426594185,0.9886,0.506,0.5700372979693328,35.41933829186971,-0.047109989216525316,-0.056377362256879796,0.009267373040354479,0.807895,0.9931665727903456,0.6226234272096545,0.42768723340433507,181626645.14999998,0.39999329250397714,-1698605.3066516605,0.01859999999999995,0.01440000000000008,0.00660000000000005,0.03960000000000008,0.4696969696969675,0.46229028458386,0.53770971541614,0.005624805932777475,0,5,2,1,False,False
2025-02-16,0.7811,0.7893,0.7615,0.7714,62651373.5,1739750399999,48598755.97143,366819.0,30510450.9,23682112.41911,0,-0.012418384329791365,-0.012496136842124247,0.79254,-0.0013399999999998968,0.7542,0.00662000000000007,0.79974,-0.008155000000000023,0.913582,-0.0023619999999999752,0.92723,0.00326700000000002,0.6395869999999999,0.0019159999999999178,0.03708736454538064,0.04284495606736163,0.04744448702585975,0.9886,0.506,0.5499378367177786,44.548387096774185,-0.044622764439409046,-0.05402644269338565,0.009403678253976602,0.79974,0.9756702301900804,0.6238097698099196,0.4194567074419768,169133917.76999998,0.37042465713587786,-778028.834912306,0.009700000000000042,0.008199999999999985,0.00990000000000002,0.027800000000000047,0.34892086330935346,0.48698774177712156,0.5130122582228784,0.005854923515762987,0,6,2,1,False,False
2025-02-17,0.7714,0.8291,0.7705,0.8089,193681003.3,1739836799999,155718387.55634,920809.0,97303963.5,78223351.71749,0,0.04861291158931813,0.04746825424977952,0.79438,0.0018399999999999528,0.76437,0.010170000000000012,0.79434,-0.00539999999999996,0.91258,-0.0010020000000000584,0.9303520000000001,0.003122000000000069,0.6416689999999999,0.0020820000000000283,0.03893727418890116,0.044619867723950234,0.04773179271820504,0.9886,0.506,0.6276419394944052,49.54505429997064,-0.039174109534951596,-0.05105597606169884,0.011881866526747248,0.79434,0.961542120359251,0.6271378796407491,0.5435401176992142,167882999.51000002,1.1536665646033046,9415397.489953334,0.03749999999999998,0.020199999999999996,0.0009000000000000119,0.058599999999999985,0.6399317406143342,0.5023929133064337,0.49760708669356635,0.004754255628125404,0,0,2,1,False,False
2025-02-18,0.8089,0.814,0.7351,0.7541,173068755.8,1739923199999,133260460.33976,907541.0,83379166.9,64190701.12989,0,-0.06774632216590426,-0.07015031481530554,0.78306,-0.011319999999999997,0.76973,0.005360000000000031,0.78505,-0.00929000000000002,0.910432,-0.0021479999999999277,0.9319919999999999,0.0016399999999998638,0.6436215,0.0019525000000000237,0.04649826055364913,0.04609768897250693,0.048677695107326696,0.9886,0.506,0.5140903439701615,51.55772755039706,-0.038830301737613704,-0.04861084119688182,0.009780539459268114,0.78505,0.938260601529563,0.631839398470437,0.3989952402411656,174545873.98,0.9915373640962191,-11724771.687279012,0.05479999999999996,0.005099999999999993,0.019000000000000017,0.07889999999999997,0.6945500633713559,0.4817690317041038,0.5182309682958962,0.005243817671219429,0,1,2,1,False,False
2025-02-19,0.7542,0.7761,0.7328,0.7738,118560241.8,1740009599999,90022856.37791,644726.0,58251369.5,44242870.98947,0,0.026123856252486366,0.02578845705781121,0.77786,-0.005199999999999982,0.7789699999999999,0.009239999999999915,0.775765,-0.009284999999999988,0.909006,-0.0014260000000000383,0.933598,0.0016060000000001073,0.6456675,0.0020459999999999923,0.04499379471056926,0.046297575002388784,0.04876462367739411,0.9837,0.506,0.5606028888423698,56.151325588322905,-0.036546916121606876,-0.04619805618182683,0.009651140060219957,0.775765,0.9051104009110493,0.6464195990889507,0.49240405926241115,171804633.81,0.6900875673185662,3097250.714043225,0.019600000000000062,0.0022999999999999687,0.021399999999999975,0.043300000000000005,0.4526558891454979,0.49132296472762427,0.5086770352723757,0.005437961244104008,0,2,2,1,False,False
2025-02-20,0.7737,0.8111,0.7703,0.8036,123013598.3,1740095999999,97238355.65307,508506.0,59565376.9,47086556.55215,0,0.03851124321530097,0.037788190674366624,0.7823599999999999,0.0044999999999999485,0.78812,0.009150000000000102,0.7688,-0.006964999999999999,0.906634,-0.0023719999999999297,0.935925,0.002326999999999968,0.6479645,0.0022970000000001045,0.04453238186892005,0.04748025976764216,0.04728602651904082,0.9576,0.506,0.6589902568644818,64.54760496747485,-0.03196424173730972,-0.04335129329292341,0.01138705155561369,0.7688,0.8727626046128738,0.6648373953871263,0.6673678729461662,167227801.1,0.7356049501986784,4737406.602920634,0.029899999999999927,0.007500000000000062,0.0034000000000000696,0.04080000000000006,0.7328431372548991,0.48421782407124336,0.5157821759287566,0.004133738115357609,0,3,2,1,False,False
2025-02-21,0.8036,0.8187,0.7501,0.7621,176129521.6,1740182399999,138674282.64158,834305.0,85066959.3,67015315.4324,0,-0.0516426082628173,-0.05302385226870756,0.7805,-0.0018599999999999728,0.78652,-0.0016000000000000458,0.762165,-0.0066350000000000575,0.9026520000000001,-0.00398199999999993,0.9377629999999999,0.0018379999999998953,0.6502155000000001,0.002251000000000003,0.03888379054167827,0.04751126920976488,0.047370371906305934,0.9113,0.506,0.6318776215149272,57.267672756155676,-0.031320103781096176,-0.04094505539055796,0.009624951609461786,0.762165,0.8475464789481093,0.6767835210518907,0.49961935538713564,148437801.99,1.1865543630985962,-9095787.887506219,0.04149999999999998,0.015100000000000002,0.01200000000000001,0.0686,0.6049562682215741,0.4829795625811772,0.5170204374188228,0.004736883359592343,0,4,2,1,False,False
2025-02-22,0.7622,0.7845,0.7571,0.7734,70048824.6,1740268799999,54011115.74636,335421.0,36000182.3,27763370.41821,0,0.014827450465818126,0.014718598501124926,0.7734,-0.007099999999999995,0.78389,-0.002630000000000021,0.760575,-0.0015899999999999803,0.896332,-0.006320000000000103,0.939705,0.0019420000000001103,0.6524275,0.0022119999999999918,0.03801196009254385,0.04230833884120038,0.04315748703292828,0.8309,0.506,0.8230224684518314,59.53439707036359,-0.029557088530147158,-0.038667462018475804,0.009110373488328646,0.760575,0.8437376655859854,0.6774123344140146,0.5771079180160457,128309183.52000001,0.5459377316439804,1038645.4769452821,0.011199999999999988,0.011099999999999999,0.005099999999999993,0.02739999999999998,0.4087591240875911,0.5139298554340054,0.4860701445659946,0.004788388697674165,0,5,2,1,False,False
2025-02-23,0.7733,0.7883,0.7596,0.7697,68066469.6,1740355199999,52472981.66961,288761.0,32363197.4,24948392.48777,0,-0.004784070338763824,-0.004795550632924893,0.77652,0.0031200000000000117,0.77979,-0.0040999999999999925,0.75846,-0.002114999999999978,0.8903120000000001,-0.006019999999999914,0.940331,0.0006260000000000154,0.6546555,0.0022279999999998967,0.03757084319635817,0.04225362465265619,0.04312706365325136,0.8309,0.6503,0.6611295681063127,62.033251567184536,-0.02813413255256436,-0.03656079612529352,0.008426663572729157,0.75846,0.8381969464650922,0.6787230535349078,0.5704817559380754,120274957.18000002,0.5659238730647286,-325634.7782777295,0.0035999999999999366,0.015000000000000013,0.010099999999999998,0.028699999999999948,0.12543554006968444,0.4754646096703097,0.5245353903296903,0.004242338433254073,0,6,2,1,False,False
2025-02-24,0.7698,0.7774,0.67,0.6816,187852768.2,1740441599999,135106086.4304,889937.0,87039729.1,62641125.58661,0,-0.11446017929063279,-0.12155785302516585,0.75808,-0.018440000000000012,0.76797,-0.011819999999999942,0.7553449999999999,-0.00311500000000009,0.882122,-0.008190000000000142,0.9397309999999999,-0.000600000000000156,0.6563055,0.0016500000000000403,0.051303051538627756,0.04578619897121628,0.04562679334979539,0.8309,0.6503,0.1733111849390919,46.40584492104643,-0.03372658433591047,-0.03599395376741691,0.00226736943150644,0.7553449999999999,0.842040850079751,0.6686491499202488,0.07469129184290677,124572199.65,1.5079830710848332,-21501661.52841368,0.08820000000000006,0.00759999999999994,0.011599999999999944,0.10739999999999994,0.8212290502793306,0.46334014629655057,0.5366598537034495,0.004737417545279485,0,0,2,1,False,False
2025-02-25,0.6816,0.695,0.6302,0.6832,314619948.7,1740527999999,208447374.60304,1522187.0,154362562.9,102370376.33253,0,0.0023474178403757318,0.0023446669592542763,0.734,-0.02407999999999999,0.7581800000000001,-0.009789999999999965,0.75288,-0.0024649999999999395,0.8739179999999999,-0.0082040000000001,0.939537,-0.00019399999999991646,0.65798,0.0016745000000000232,0.05146064513807524,0.04571345637485008,0.045627923500236665,0.8309,0.6302,0.2640757349277531,36.81578216171159,-0.03759615101134217,-0.036314393216201966,-0.001281757795140205,0.75288,0.8449478148231718,0.6608121851768282,0.12158328546284371,148769250.54000002,2.1148184020420753,738544.4805164775,0.0016000000000000458,0.011799999999999922,0.0514,0.06479999999999997,0.02469135802469208,0.49063183545042643,0.5093681645495736,0.004838177001457251,0,1,2,1,False,False
2025-02-26,0.6832,0.6954,0.6312,0.6474,188683060.2,1740614399999,125658919.32353,769375.0,88044466.6,58600990.36696,0,-0.05240046838407497,-0.05382330098221616,0.71106,-0.02293999999999996,0.7457800000000001,-0.012399999999999967,0.74999,-0.002889999999999948,0.867082,-0.006835999999999842,0.938686,-0.0008509999999999351,0.6594884999999999,0.0015084999999999127,0.05302087728266991,0.04643915633057312,0.044344328646324996,0.8309,0.6302,0.08570004982561033,29.644480085538618,-0.04305525708455682,-0.03766256598987294,-0.005392691094683877,0.74999,0.8515036993606914,0.6484763006393087,-0.005301258086775616,161372419.21,1.1692398312158883,-9887080.730620613,0.035800000000000054,0.012199999999999989,0.016199999999999992,0.06420000000000003,0.5576323987538946,0.4666262382360915,0.5333737617639085,0.0040776050546587434,0,2,2,1,False,False
2025-02-27,0.6475,0.6798,0.6263,0.6451,119338095.8,1740700799999,78277715.32011,545748.0,59986670.7,39326623.21934,0,-0.00355267222737099,-0.003558997953947956,0.6854000000000001,-0.025659999999999905,0.7293999999999999,-0.016380000000000172,0.746885,-0.0031050000000000244,0.8610480000000001,-0.006033999999999873,0.9377499999999999,-0.0009360000000001589,0.661076,0.001587500000000075,0.04830750049473174,0.04641723561098064,0.04405142236058823,0.8309,0.6263,0.09188660801564046,27.339901477832512,-0.04702515207542801,-0.039535083206983956,-0.007490068868444055,0.746885,0.8573166940584979,0.6364533059415022,0.03914951288312893,153938128.45999998,0.7752341605933541,-423969.13861599856,0.0023999999999999577,0.032299999999999995,0.01880000000000004,0.05349999999999999,0.04485981308411137,0.5026615373562883,0.4973384626437118,0.004573124754015055,0,3,2,1,False,False
2025-02-28,0.6451,0.6466,0.5801,0.6328,258110432.8,1740787199999,157733442.35881,987218.0,121784929.1,74451895.93544,0,-0.019066811347077883,-0.01925092708475178,0.6580199999999999,-0.027380000000000182,0.71727,-0.012129999999999974,0.7435,-0.0033849999999999714,0.8556139999999999,-0.005434000000000272,0.936075,-0.001674999999999871,0.6625449999999999,0.0014689999999999426,0.04547418173666521,0.046531151360016204,0.043748424488206504,0.8309,0.5801,0.21012759170653939,27.23555070883316,-0.05058076607596329,-0.04174421978077982,-0.008836546295183469,0.7435,0.8636417233279456,0.6233582766720545,0.03929410643699905,162442296.16,1.5889361262523045,-4921342.928910224,0.012299999999999978,0.0014999999999999458,0.05270000000000008,0.0665,0.18496240601503725,0.47183264844767636,0.5281673515523236,0.003824789216346624,0,4,2,1,False,False
2025-03-01,0.6328,0.677,0.6252,0.6593,101845318.3,1740873599999,65804740.21261,367448.0,49201149.7,31788114.91793,0,0.041877370417193305,0.04102424966580973,0.65356,-0.0044599999999999085,0.70582,-0.01144999999999996,0.742395,-0.0011050000000000226,0.850194,-0.005419999999999869,0.9344500000000001,-0.0016249999999998765,0.6641414999999999,0.0015965000000000007,0.047345740385060286,0.047276098165291804,0.04400452119001233,0.8309,0.5801,0.3157894736842107,33.74265883609182,-0.05067612444018932,-0.043530600712661724,-0.007145523727527595,0.742395,0.8653160011605581,0.619473998839442,0.16199835985934466,160770803.81,0.6334814275131787,4265014.119706056,0.026499999999999968,0.01770000000000005,0.007600000000000051,0.05180000000000007,0.5115830115830103,0.48309682291993983,0.5169031770800602,0.0036079027110272185,0,5,3,1,False,False
2025-03-02,0.6593,1.1488,0.645,1.135,1462027409.9,1740959999999,1411488435.46581,4254021.0,752590299.9,727895658.18951,0,0.7215228272410132,0.5432092637962491,0.7439199999999999,0.09035999999999988,0.73896,0.03313999999999995,0.76354,0.02114499999999997,0.852984,0.002789999999999959,0.935625,0.001174999999999926,0.6681405000000001,0.003999000000000197,0.2387235049762713,0.16841642964451253,0.11155344635983623,1.1488,0.5801,0.9757341304730086,71.62740899357603,-0.01222575137010784,-0.03726963084415095,0.02504387947404311,0.76354,0.9768098552489141,0.5502701447510859,1.3708685049897398,294672184.96999997,4.961538565470122,1054886150.2949039,0.4757,0.013800000000000034,0.01429999999999998,0.5038,0.94422389837237,0.5147579961934337,0.4852420038065663,0.0029096725349977994,0,6,3,1,False,False
2025-03-03,1.1349,1.1747,0.8228,0.8578,1410346466.6,1741046399999,1367524113.78779,4377602.0,684537368.1,664754886.93781,0,-0.2442290748898679,-0.280016957832723,0.786,0.04208000000000012,0.74853,0.009570000000000078,0.767525,0.003985000000000016,0.850786,-0.0021979999999999222,0.9335450000000001,-0.0020799999999999708,0.6708055,0.0026649999999999174,0.25533553258985464,0.17869538068180535,0.11700176559101802,1.1747,0.5801,0.4670366633030609,52.26326020549847,-0.004074310914971679,-0.030630566858315094,0.026556255943343415,0.767525,0.9848796689290598,0.5501703310709403,0.7076674967342522,418093879.46999997,3.3732769979504047,-344447612.81191194,0.2771,0.03980000000000006,0.03500000000000003,0.3519000000000001,0.7874396135265699,0.48536822994299555,0.5146317700570044,0.0031039195713045793,0,0,3,1,False,False
2025-03-04,0.8577,0.9562,0.7576,0.9409,1103033777.6,1741132799999,934759235.9205,3541324.0,552628368.6,468989369.61309,0,0.09687572860806704,0.09246589192993977,0.8451600000000001,0.0591600000000001,0.76528,0.01674999999999993,0.774585,0.007059999999999955,0.850716,-7.00000000000145e-05,0.932728,-0.0008170000000000677,0.6738595000000001,0.003054000000000001,0.2559610484636894,0.1795924810161368,0.117683029099741,1.1747,0.5801,0.6067944836865118,58.42504059173733,0.008987636004750166,-0.02270692628570204,0.031694562290452206,0.774585,1.005113585052513,0.5440564149474869,0.8607253303578696,521392374.77,2.1155541027744746,106857200.88430856,0.08319999999999994,0.015300000000000091,0.10009999999999997,0.1986,0.4189325276938567,0.5010076570840999,0.4989923429159001,0.0032105308757681694,0,1,3,1,False,False
2025-03-05,0.9409,1.0278,0.9136,0.9741,684542897.2,1741219199999,660407721.26487,2449251.0,347110827.9,335142993.4501,0,0.035285365075991004,0.034677103764189934,0.91342,0.06825999999999988,0.7857200000000001,0.020440000000000125,0.7827550000000001,0.008170000000000122,0.8502540000000001,-0.00046199999999996244,0.9330339999999999,0.00030599999999991745,0.6770435,0.0031839999999999646,0.255453237338246,0.17961844744896496,0.11753780979188784,1.1747,0.5801,0.6626303397241842,58.92522948043846,0.02176736494749809,-0.013812068039062014,0.035579432986560106,0.7827550000000001,1.0296720964642054,0.5358379035357947,0.8874681071906628,583040017.53,1.1740924749899817,24154346.03787858,0.03320000000000001,0.05370000000000008,0.02729999999999999,0.11420000000000008,0.29071803852889655,0.5070695048035625,0.49293049519643756,0.0035779364741321865,0,2,3,1,False,False
2025-03-06,0.9741,0.9886,0.8854,0.9065,426709138.1,1741305599999,398596834.42932,1636895.0,206236499.5,192804587.73686,0,-0.06939739246483934,-0.07192293758200421,0.9628599999999998,0.04943999999999982,0.8082100000000001,0.02249000000000001,0.78809,0.005334999999999868,0.8468740000000001,-0.0033799999999999386,0.932496,-0.0005379999999999274,0.679905,0.0028614999999999613,0.252682361762149,0.18061521190293187,0.11750622513855474,1.1747,0.5801,0.5489404641775983,54.43572721786361,0.026139319361930147,-0.005821790558863582,0.03196110992079373,0.78809,1.0410935564551322,0.5350864435448677,0.7340085682174964,606925654.52,0.7030665698873316,-29612501.52505903,0.0676,0.014500000000000068,0.021100000000000008,0.10320000000000007,0.655038759689922,0.48331868499068353,0.5166813150093165,0.0038360908024809882,0,3,3,1,False,False
2025-03-07,0.9065,0.9206,0.8064,0.8181,789791963.0,1741391999999,673088216.47782,2184983.0,376338843.4,320890196.19399,0,-0.09751792608935461,-0.10260645167525316,0.89948,-0.06337999999999988,0.8217000000000001,0.013490000000000002,0.78994,0.0018500000000000183,0.8414519999999999,-0.00542200000000026,0.9305609999999999,-0.001935000000000131,0.682312,0.002407000000000048,0.2567562270376231,0.18226556414077666,0.1183294236981011,1.1747,0.5801,0.4002690884628322,52.32018561484919,0.022214903938913344,-0.00021445165930819663,0.02242935559822154,0.78994,1.0432692378246933,0.5366107621753067,0.5555798458989702,654442855.95,1.2068157759221392,-77018874.2738003,0.08839999999999992,0.014100000000000001,0.011700000000000044,0.11419999999999997,0.7740805604203148,0.4765037643210355,0.5234962356789645,0.0027665297981767385,0,4,3,1,False,False
2025-03-08,0.818,0.8392,0.7931,0.8052,195763913.6,1741478399999,159605847.88112,688923.0,93529135.2,76273951.89005,0,-0.0157682434910158,-0.015893884754016145,0.88896,-0.010519999999999974,0.83748,0.015779999999999905,0.7916300000000001,0.0016900000000000803,0.8348960000000001,-0.006555999999999784,0.928292,-0.0022689999999998545,0.6846209999999999,0.0023089999999998945,0.25553496245466867,0.1822930802473971,0.11820253797861095,1.1747,0.5801,0.3785738311469896,51.31578947368422,0.017857998363171923,0.0034000383451878273,0.014457960017984096,0.7916300000000001,1.04488942680018,0.53837057319982,0.5267907105600192,655150941.29,0.298807345395152,-3086853.056398979,0.012799999999999923,0.021199999999999997,0.0121,0.04609999999999992,0.2776572668112786,0.4777649439063932,0.5222350560936068,0.003519152163087937,0,5,3,1,False,False
2025-03-09,0.8052,0.8176,0.709,0.7215,341584369.9,1741564799999,260339574.1213,1031830.0,157507135.3,120027927.78526,0,-0.10394932935916545,-0.1097583155517109,0.8450799999999999,-0.04388000000000003,0.84512,0.00763999999999998,0.78726,-0.004370000000000096,0.8272360000000001,-0.00766,0.924752,-0.0035399999999999876,0.686384,0.00176300000000007,0.25957741589730376,0.18396473748869624,0.11904695363543022,1.1747,0.5801,0.237806929027918,48.129462899720586,0.007564035323908147,0.004232837740931892,0.003331197582976255,0.78726,1.0422748098898489,0.532245190110151,0.37106631174008226,677375568.7,0.5042761884010063,-35507466.1706781,0.0837,0.012399999999999967,0.012500000000000067,0.10860000000000003,0.7707182320441986,0.46110755988662705,0.5388924401133729,0.003020717839935334,0,6,3,1,False,False
2025-03-10,0.7216,0.7786,0.6582,0.6712,452130529.1,1741651199999,323089305.81462,1317110.0,220018648.7,157376532.28983,0,-0.06971586971586974,-0.07226522306092917,0.7845,-0.06057999999999997,0.8489599999999999,0.0038399999999999546,0.783115,-0.004144999999999954,0.8208,-0.006436000000000108,0.9206739999999999,-0.004078000000000137,0.6878585000000002,0.0014745000000001562,0.2612290039093722,0.18400717651427717,0.11860385589605824,1.1747,0.5801,0.15321224352505894,49.58419958419959,-0.0045997708786365,0.0024663160170182137,-0.007066086895654714,0.783115,1.043046709857554,0.523183290142446,0.28472230252066805,696777578.3299999,0.648887884974202,-31520673.061302852,0.0504,0.05699999999999994,0.013000000000000012,0.12039999999999995,0.4186046511627909,0.486626393351415,0.513373606648585,0.0029131189230282833,0,0,3,1,False,False
2025-03-11,0.6711,0.7444,0.6471,0.7241,418368477.7,1741737599999,296781875.96069,1162699.0,206495802.8,146675547.72699,0,0.07881406436233607,0.0758623492417786,0.74802,-0.03647999999999996,0.85544,0.006480000000000041,0.78063,-0.0024849999999999595,0.815094,-0.005705999999999989,0.9164190000000001,-0.004254999999999787,0.6895230000000001,0.0016644999999999577,0.2616842245238716,0.1846782298245598,0.11913292945027272,1.1747,0.5801,0.24217961654894044,51.570781165988166,-0.009857456411927923,1.5615312289863313e-06,-0.00985901794315691,0.78063,1.0418835940825515,0.5193764059174486,0.3918101008360911,728429894.27,0.5743428173266698,32973320.12862036,0.052999999999999936,0.020299999999999985,0.02400000000000002,0.09729999999999994,0.5447070914696811,0.4935739994925531,0.5064260005074469,0.0027791266837119072,0,1,3,1,False,False
2025-03-12,0.724,0.77,0.7111,0.736,272406998.1,1741823999999,200223311.07232,864442.0,135729391.1,99800356.9291,0,0.01643419417207581,0.016300614334101293,0.7316,-0.01641999999999999,0.81554,-0.039899999999999936,0.77725,-0.0033800000000000496,0.8096979999999999,-0.005396000000000067,0.9117569999999999,-0.004662000000000166,0.6912354999999999,0.0017124999999997836,0.10169355907182422,0.18455961857746792,0.11915831991152892,1.1747,0.5801,0.26219307097208205,53.466353677621285,-0.01291510226949888,-0.0025817712289165867,-0.010333331040582292,0.77725,1.0390010146765596,0.5154989853234404,0.4212037438499106,609467853.0899999,0.44695876364749587,4476789.500607687,0.01200000000000001,0.03400000000000003,0.012900000000000023,0.05890000000000006,0.20373514431239384,0.4982595603148713,0.5017404396851287,0.0031733472562355584,0,2,3,1,False,False
2025-03-13,0.736,0.742,0.6909,0.703,264883435.2,1741910399999,189638937.81745,605768.0,132173563.8,94639149.50096,0,-0.044836956521739135,-0.045873226918211336,0.71116,-0.020440000000000014,0.80006,-0.01548000000000005,0.7742950000000001,-0.00295499999999993,0.8041039999999999,-0.005593999999999988,0.9068729999999999,-0.0048839999999999995,0.692826,0.0015905000000001612,0.07175760158754978,0.18444996042233872,0.11928151048675535,1.1747,0.5801,0.20669357551294984,52.21211889661496,-0.017795991733185468,-0.005624615329770363,-0.012171376403415105,0.7742950000000001,1.0380925577477589,0.5104974422522411,0.36486796805721045,494921549.95,0.5352028725093101,-11876567.067391304,0.03300000000000003,0.006000000000000005,0.0121,0.051100000000000034,0.645792563600783,0.4989876535699655,0.5010123464300346,0.0022869229234459883,0,3,3,1,False,False
2025-03-14,0.703,0.7514,0.6963,0.7373,200723012.3,1741996799999,145727761.99987,437237.0,99462101.1,72217238.3285,0,0.04879089615931731,0.047637973184940084,0.71432,0.0031599999999999406,0.7797,-0.020360000000000045,0.77249,-0.0018050000000000566,0.7991159999999999,-0.0049879999999999924,0.9023749999999999,-0.004498000000000002,0.6946819999999999,0.0018559999999998578,0.06449427935950103,0.1846683185095546,0.11948943326085254,1.1747,0.5801,0.2643794147325933,53.92650484707297,-0.018681064769028977,-0.008235905217622085,-0.010445159551406891,0.77249,1.0368068505292127,0.5081731494707873,0.4334321668680166,404690473.41999996,0.4959914440379812,9793455.649914673,0.0343,0.014100000000000001,0.006699999999999928,0.05509999999999993,0.6225045372050825,0.49551917321440075,0.5044808267855992,0.002178310274391991,0,4,3,1,False,False
2025-03-15,0.7372,0.7594,0.7309,0.7468,134638523.2,1742083199999,100365735.53095,329027.0,65609118.1,48925496.14098,0,0.012884850128848546,0.012802546671962697,0.72944,0.015120000000000022,0.75697,-0.022729999999999917,0.771345,-0.0011450000000000626,0.794628,-0.0044879999999999365,0.8982459999999999,-0.004129000000000049,0.6966645000000001,0.00198250000000022,0.06263867431759687,0.18463555918574348,0.11948270606635193,1.1747,0.5801,0.2803565422132527,53.33028849813504,-0.018403773674387613,-0.010269478908975192,-0.008134294765412421,0.771345,1.0359110237962659,0.5067789762037339,0.45361271328834496,349700036.02,0.3850114650611582,1734797.1930014978,0.009600000000000053,0.012599999999999945,0.006299999999999972,0.02849999999999997,0.3368421052631601,0.4872982601163885,0.5127017398836116,0.002443780518234324,0,5,3,1,False,False
2025-03-16,0.7468,0.7473,0.6936,0.7049,166304049.4,1742169599999,118795815.53379,429300.0,81404215.2,58121672.95997,0,-0.05610605249062672,-0.05774146288773769,0.7256,-0.0038399999999999546,0.73681,-0.020160000000000067,0.77251,0.0011650000000000826,0.789194,-0.00543400000000005,0.8930170000000001,-0.005228999999999817,0.698438,0.0017734999999998724,0.06171256836629165,0.18300252703288775,0.11974476721329144,1.1747,0.5801,0.20988900100908173,25.559722695760883,-0.02131924334468971,-0.012479431796118096,-0.008839811548571613,0.77251,1.0356132368922053,0.5094067631077948,0.3715143135473848,323659527.15,0.5138240510464764,-9330663.72504018,0.04190000000000005,0.0004999999999999449,0.011299999999999977,0.05369999999999997,0.7802607076350107,0.48949027695774194,0.5105097230422581,0.0025814163969479385,0,6,3,1,False,False
2025-03-17,0.7049,0.732,0.7024,0.7175,124793194.3,1742255999999,89824162.17278,358239.0,60520641.0,43566904.30067,0,0.01787487586891756,0.017716998853946245,0.7219,-0.0037000000000000366,0.72675,-0.010059999999999958,0.7742249999999999,0.001714999999999911,0.7844840000000001,-0.004709999999999881,0.8880890000000001,-0.0049279999999999324,0.7002364999999999,0.0017984999999999252,0.05684740681259594,0.18298380748336526,0.1197262534913386,1.1747,0.5801,0.23107971745711411,38.59905737038843,-0.022355360683591008,-0.014454617573612678,-0.00790074310997833,0.7742249999999999,1.0353165296253466,0.5131334703746533,0.3913695130565946,257159650.28000003,0.4852751750289088,2230662.8573982106,0.012600000000000056,0.014499999999999957,0.0024999999999999467,0.02959999999999996,0.42567567567567816,0.4849674803139485,0.5150325196860515,0.002870661353044635,0,0,3,1,False,False
2025-03-18,0.7175,0.7184,0.6816,0.7017,124187049.1,1742342399999,86693445.56522,332412.0,60138039.9,41986219.15416,0,-0.022020905923345047,-0.022266985375533243,0.7216400000000001,-0.00025999999999992696,0.7163999999999999,-0.010350000000000081,0.77694,0.002715000000000023,0.779828,-0.0046560000000001045,0.8831699999999999,-0.004919000000000229,0.7020105000000001,0.0017740000000001643,0.05693318565641824,0.18252307094770912,0.11973539024105923,1.1747,0.5801,0.20450723175243865,28.175182481751833,-0.024172770442746128,-0.016398248147439367,-0.007774522295306761,0.77694,1.0335698206407493,0.5203101793592506,0.35340752720759044,250001963.83,0.4967442943146099,-2734711.325128932,0.015800000000000036,0.0009000000000000119,0.020100000000000007,0.036800000000000055,0.4293478260869569,0.4842537151484663,0.5157462848515336,0.0026767042329214987,0,1,3,1,False,False
2025-03-19,0.7017,0.747,0.7003,0.7436,203333627.3,1742428799999,148107888.31596,540518.0,97451210.2,71005433.92339,0,0.05971212768989598,0.05799729358904593,0.7229,0.0012599999999999278,0.71861,0.0022100000000000453,0.781865,0.004925000000000068,0.776362,-0.003465999999999969,0.8805719999999999,-0.002597999999999989,0.7040035,0.0019929999999999115,0.05081758141421883,0.182710659097904,0.1200008024689814,1.1747,0.5801,0.2749747729566096,29.297646847494164,-0.021978743667807943,-0.017514347251513084,-0.004464396416294859,0.781865,1.0315276209823718,0.5322023790176282,0.4233665819708313,236176889.57000002,0.8609378659791959,12141483.51698732,0.04190000000000005,0.0033999999999999586,0.0013999999999999568,0.046699999999999964,0.8972162740899375,0.4792675539900723,0.5207324460099276,0.002658281402723985,0,2,3,1,False,False
2025-03-20,0.7436,0.7554,0.712,0.718,163787969.9,1742515199999,119745737.81105,396576.0,78220742.1,57226650.13167,0,-0.03442711135018839,-0.035033686799064885,0.71714,-0.005759999999999987,0.7232899999999999,0.0046799999999999065,0.786125,0.0042599999999999305,0.771924,-0.004437999999999942,0.8775369999999999,-0.00303500000000001,0.7059380000000001,0.0019345000000000612,0.04612422681896675,0.18291291509992708,0.12005598698932837,1.1747,0.6252,0.16888080072793443,31.688362152710326,-0.022051472050203302,-0.018421772211251127,-0.003629699838952175,0.786125,1.0278598166461448,0.5443901833538551,0.3590914603341512,207342633.65,0.7899386972024217,-5638746.677568604,0.025600000000000067,0.011799999999999922,0.006000000000000005,0.043399999999999994,0.5898617511520754,0.4775731828641463,0.5224268171358537,0.0024212767289449135,0,3,3,1,False,False
2025-03-21,0.7179,0.7277,0.7006,0.705,99337577.7,1742601599999,70699720.90876,264566.0,47682624.8,33943797.057,0,-0.01810584958217276,-0.01827176623595559,0.71716,2.0000000000020002e-05,0.7213799999999999,-0.0019099999999999673,0.7884099999999999,0.0022849999999999815,0.766834,-0.005090000000000039,0.8737189999999999,-0.003817999999999988,0.707782,0.0018439999999999568,0.03918433527476619,0.18300298534143075,0.12004554953148887,1.1747,0.645,0.11327166320558794,37.12724789437741,-0.022894191186835444,-0.01931625600636799,-0.0035779351804674543,0.7884099999999999,1.025924293420302,0.550895706579698,0.3244105674676201,175439543.65,0.5662211359725,-1798591.2396935993,0.012900000000000023,0.009800000000000031,0.0043999999999999595,0.027100000000000013,0.4760147601476021,0.4800059142170928,0.5199940857829072,0.0026633023084073047,0,4,3,1,False,False
2025-03-22,0.705,0.7161,0.6971,0.7014,58014666.0,1742687999999,40980448.4051,170194.0,27712590.3,19581946.884,0,-0.005106382978723345,-0.005119465106190864,0.71394,-0.0032200000000000006,0.71792,-0.0034599999999999076,0.76673,-0.02167999999999992,0.762004,-0.004830000000000001,0.8695020000000001,-0.004216999999999804,0.7096965000000001,0.0019145000000000412,0.03864798621899646,0.07678497365405589,0.1200232958662545,1.1747,0.6471,0.10291887793783171,37.930232558139544,-0.02358071824617014,-0.02016914845432842,-0.0034115697918417204,0.76673,0.9420538219019702,0.5914061780980299,0.3136876116112494,154000310.44,0.3767178509851321,-296245.10297872,0.0035999999999999366,0.011099999999999999,0.0042999999999999705,0.018999999999999906,0.1894736842105239,0.47768249325093076,0.5223175067490693,0.0029336375046957954,0,5,3,1,False,False
2025-03-23,0.7015,0.716,0.6917,0.7107,83791747.2,1742774399999,59185865.93141,296671.0,41519623.5,29351467.37387,0,0.013259195893926323,0.013172062126771631,0.71574,0.0018000000000000238,0.71869,0.0007700000000000484,0.759375,-0.007355,0.758322,-0.003681999999999963,0.865396,-0.004106000000000054,0.7116345,0.0019379999999998843,0.036134446115219515,0.05615241783915545,0.11981359609649346,1.0278,0.6471,0.16706067769897553,48.481439820022494,-0.023107989096120107,-0.02075691658268676,-0.002351072513433347,0.759375,0.930913731241045,0.587836268758955,0.3581224203774649,135891141.64000002,0.6166093403054878,1111011.1904191526,0.009199999999999986,0.005299999999999971,0.009800000000000031,0.02429999999999999,0.3786008230452671,0.4955096997905779,0.5044903002094221,0.0035405754136130486,0,6,3,1,False,False
2025-03-24,0.7106,0.7452,0.7055,0.732,164891536.5,1742860799999,120039658.61984,376989.0,82873350.1,60337328.66075,0,0.029970451667370224,0.029530114128462116,0.7134199999999999,-0.0023200000000000998,0.7181599999999999,-0.0005300000000001415,0.74893,-0.010445000000000038,0.756858,-0.0014640000000000208,0.862106,-0.003290000000000015,0.713669,0.00203450000000005,0.033824069352196416,0.05137465094824213,0.11898366329999313,1.0278,0.6471,0.22301024428683994,59.30802204531536,-0.020775133048689054,-0.020760559875887222,-1.4573172801832235e-05,0.74893,0.8978824134537008,0.5999775865462992,0.44316976943357017,132307994.06000002,1.2462703986368635,4941873.825031663,0.021399999999999975,0.01319999999999999,0.005099999999999993,0.03969999999999996,0.5390428211586901,0.5025931097439922,0.4974068902560078,0.0022862847178332893,0,0,3,1,False,False
2025-03-25,0.732,0.7666,0.7209,0.7448,191707229.1,1742947199999,143354609.53041,442665.0,97190577.5,72691633.6981,0,0.01748633879781436,0.017335212001545905,0.71878,0.005360000000000031,0.7179599999999999,-0.00019999999999997797,0.737465,-0.011464999999999947,0.755514,-0.0013440000000000119,0.858558,-0.0035479999999999956,0.7158190000000001,0.0021500000000000963,0.03405248326977181,0.050676501746625566,0.11899813988675181,0.9886,0.6471,0.28609077598828697,53.61256544502619,-0.01768956055513271,-0.020146360011736322,0.0024567994566036117,0.737465,0.8421690998543698,0.6327609001456302,0.5350272816928947,138014864.65,1.3890332000553824,3352257.5580328163,0.012800000000000034,0.02179999999999993,0.011099999999999999,0.04569999999999996,0.2800875273522986,0.5069739829649439,0.49302601703505605,0.002309067853508504,0,1,3,1,False,False
2025-03-26,0.7447,0.7744,0.7197,0.7287,166873889.6,1743033599999,125009779.06008,385185.0,76442358.3,57282185.32094,0,-0.021616541353383423,-0.021853601286620773,0.7235199999999999,0.0047399999999999665,0.72034,0.0023800000000000487,0.728575,-0.008890000000000065,0.75521,-0.00030399999999997096,0.85507,-0.0034880000000000466,0.717836,0.0020169999999999355,0.029095780191747904,0.04892860415833742,0.11838713850828682,0.9206,0.6471,0.29835466179159054,48.74441004471965,-0.016354829278926064,-0.01938805386517427,0.0030332245862482073,0.728575,0.7966266174060326,0.6605233825939674,0.5009184204928901,138071848.67,1.208601834533545,-3607236.3353383397,0.016000000000000014,0.02969999999999995,0.009000000000000008,0.05469999999999997,0.29250457038391264,0.4580845959978151,0.5419154040021849,0.002308240078320797,0,2,3,1,False,False
2025-03-27,0.7288,0.7444,0.7209,0.7381,78374162.9,1743119999999,57646931.93526,237055.0,38351223.0,28217283.80929,0,0.012899684369424902,0.012817192099770048,0.7308600000000001,0.007340000000000124,0.7224,0.0020600000000000618,0.724575,-0.0040000000000000036,0.755322,0.00011200000000000099,0.8519289999999999,-0.0031410000000000604,0.7198315000000001,0.001995500000000039,0.028868163408061007,0.044529526888105506,0.11835570288489301,0.8392,0.6471,0.4737116085372202,56.570572819168845,-0.014372862275870535,-0.018385015547313525,0.0040121532714429906,0.724575,0.7783843271116507,0.6707656728883492,0.6256752381602593,133429945.53,0.5873806107668581,1011001.9641278911,0.009299999999999975,0.006299999999999972,0.007900000000000018,0.023499999999999965,0.39574468085106335,0.48933502548452734,0.5106649745154727,0.0030246575048267594,0,3,3,1,False,False
2025-03-28,0.7381,0.7465,0.6895,0.7062,140942745.6,1743206399999,99880337.63729,338942.0,64647201.8,45772407.3391,0,-0.0432190760059612,-0.044180833281720566,0.7299599999999999,-0.0009000000000001229,0.72285,0.00044999999999995044,0.719625,-0.00495000000000001,0.755342,1.999999999990898e-05,0.8493100000000001,-0.002618999999999816,0.7216450000000001,0.0018135000000000234,0.03157751355201367,0.04532164742411082,0.11840259091900712,0.8176,0.6471,0.34662756598240496,44.125425009444676,-0.015200975167768638,-0.01774820747140455,0.0025472323036359115,0.719625,0.7582883445336075,0.6809616554663924,0.3263859456295817,135105515.18,1.0432049751057393,-6091415.234575253,0.03189999999999993,0.008400000000000074,0.016700000000000048,0.05700000000000005,0.5596491228070158,0.45867704311274604,0.541322956887254,0.0024048204720087418,0,4,3,1,False,False
2025-03-29,0.7062,0.7122,0.6588,0.6732,104353465.2,1743292799999,70728077.73035,291770.0,49927120.7,33830881.97695,0,-0.04672897196261683,-0.0478560211776351,0.7182000000000001,-0.011759999999999882,0.71581,-0.007040000000000046,0.71721,-0.002414999999999945,0.754662,-0.0006799999999999029,0.8472360000000001,-0.0020740000000000203,0.7232955000000001,0.0016504999999999992,0.027264913760138374,0.040312218787655216,0.11863185266196448,0.7786,0.6471,0.19847908745247164,37.23108952116586,-0.01830902971079107,-0.017860371919281855,-0.00044865779150921395,0.71721,0.7610654515605195,0.6733545484394805,-0.0017620208432606247,125207498.96999998,0.8334442110771922,-4876330.149532711,0.03300000000000003,0.006000000000000005,0.014399999999999968,0.0534,0.6179775280898882,0.47844238429755565,0.5215576157024443,0.0027959780678179147,0,5,3,1,False,False
2025-03-30,0.6733,0.6877,0.6512,0.6612,73774230.6,1743379199999,49517938.52411,246971.0,34996607.7,23486827.35083,0,-0.017825311942959,-0.017986096369781827,0.70148,-0.016720000000000068,0.7101299999999999,-0.005680000000000018,0.71671,-0.000500000000000056,0.7538759999999999,-0.0007860000000001754,0.844347,-0.0028890000000001415,0.7248355,0.0015399999999998748,0.026061297206302077,0.03733079772509011,0.11865768949745395,0.7744,0.6471,0.11076197957580522,41.540843979868384,-0.021492730225001977,-0.01858684358042588,-0.0029058866445760972,0.71671,0.7629379887878172,0.6704820112121828,-0.10039384640749185,116206125.04,0.6348566443860487,-1315048.6737967911,0.0121,0.014399999999999968,0.010000000000000009,0.03649999999999998,0.3315068493150687,0.47437441794208296,0.525625582057917,0.003347659446820446,0,6,3,1,False,False
2025-03-31,0.6613,0.6655,0.6296,0.6618,126559978.9,1743465599999,82455100.44599,397861.0,63616105.1,41453248.68108,0,0.0009074410163341096,0.000907029540642845,0.6881,-0.013379999999999947,0.70581,-0.0043199999999998795,0.713595,-0.003114999999999979,0.7534840000000002,-0.0003919999999997259,0.8419130000000001,-0.002433999999999825,0.7263624999999999,0.001526999999999945,0.02592709985514465,0.03240316277905296,0.11857182404347193,0.7744,0.6296,0.22237569060773496,38.69265123832725,-0.023694287833286753,-0.019608332430998056,-0.004085955402288698,0.713595,0.7657431886449138,0.6614468113550862,0.0033863941787007474,118928365.16,1.064169836436689,114845.71588023947,0.000500000000000056,0.0036999999999999256,0.03169999999999995,0.03589999999999993,0.013927576601672894,0.5026557814952354,0.4973442185047646,0.003143655707420476,0,0,3,1,False,False
2025-04-01,0.6618,0.6949,0.6577,0.677,106364321.5,1743551999999,72012531.61113,313155.0,52182780.9,35331514.96916,0,0.02296766394681171,0.02270787742476319,0.67588,-0.012220000000000009,0.7033699999999999,-0.0024400000000001087,0.710645,-0.002950000000000008,0.7527820000000002,-0.0007019999999999804,0.839849,-0.002064000000000177,0.7279445000000001,0.0015820000000001944,0.027506144208277655,0.03265187208138454,0.1184599478994925,0.7744,0.6296,0.3273480662983427,44.97354497354499,-0.023936598918600782,-0.020473985728518603,-0.003462613190082179,0.710645,0.7641150496588929,0.6571749503411071,0.18538461985134666,123763330.71,0.8594170897778354,2442939.9921426396,0.015199999999999991,0.017899999999999916,0.0041000000000001036,0.03720000000000001,0.40860215053763405,0.49060418159109864,0.5093958184089014,0.0029441733429381206,0,1,4,2,False,False
2025-04-02,0.6771,0.7098,0.6348,0.64,168146368.6,1743638399999,113932397.93491,520332.0,81829429.8,55521605.73886,0,-0.05465288035450522,-0.05620309655855751,0.66264,-0.01324000000000003,0.6963,-0.00706999999999991,0.707495,-0.003149999999999986,0.7500200000000001,-0.002762000000000042,0.836985,-0.0028639999999999777,0.729375,0.0014304999999998902,0.031137598919909876,0.03336924666230792,0.11805020747930202,0.7744,0.6296,0.07182320441988929,28.48837209302326,-0.02680522898352078,-0.02174023437951904,-0.005064994604001741,0.707495,0.7695887991649328,0.6454012008350671,-0.04349227223736554,132198792.85,1.2719206051358434,-9189683.365140332,0.03710000000000002,0.03269999999999995,0.005199999999999982,0.07499999999999996,0.49466666666666725,0.48665594434966586,0.5133440556503341,0.003094518212509289,0,2,4,2,False,False
2025-04-03,0.64,0.6576,0.613,0.6508,114219073.8,1743724799999,72816786.96394,363102.0,55258276.4,35267653.70124,0,0.016874999999999973,0.016734198991165166,0.65816,-0.0044800000000000395,0.68818,-0.008120000000000016,0.7031700000000001,-0.004324999999999912,0.747042,-0.002978000000000147,0.834135,-0.002850000000000019,0.7309365,0.0015614999999999934,0.029503153524529414,0.03140971139734341,0.11801068644824882,0.7744,0.613,0.23420074349442416,35.132743362831874,-0.027885720014628745,-0.022969331506540982,-0.0049163885080877635,0.7031700000000001,0.7684889131955732,0.6378510868044269,0.09912070304049934,127131546.58,0.8984321899059524,1927446.870374997,0.010800000000000032,0.006799999999999917,0.027000000000000024,0.04459999999999997,0.24215246636771387,0.4837920196827931,0.5162079803172068,0.0031789961861868996,0,3,4,2,False,False
2025-04-04,0.6509,0.6717,0.6275,0.6603,126446033.5,1743811199999,82513900.40815,382720.0,63090022.2,41183652.60803,0,0.014597418561770104,0.014491901855642916,0.65798,-0.00017999999999995797,0.67973,-0.008450000000000069,0.698845,-0.004325000000000023,0.7440340000000001,-0.0030079999999998996,0.831562,-0.0025729999999999364,0.7325865,0.0016500000000000403,0.029202676715063117,0.03146546787302079,0.11801257384197796,0.7744,0.613,0.2930607187112764,39.95505617977528,-0.027656637830857256,-0.02390679277140424,-0.003749845059453017,0.698845,0.7634511908390756,0.6342388091609245,0.201692674499183,120605427.02000001,1.048427393561912,1845785.6764751044,0.009399999999999964,0.011399999999999966,0.023400000000000087,0.04420000000000002,0.21266968325791766,0.49894821097729414,0.5010517890227059,0.0030267457934930004,0,4,4,2,False,False
2025-04-05,0.6603,0.6675,0.6448,0.6547,43762918.6,1743897599999,28674560.89888,133525.0,21409678.5,14026652.92377,0,-0.008480993487808619,-0.008517161753480038,0.65656,-0.0014199999999999768,0.67233,-0.007399999999999962,0.696335,-0.0025100000000000122,0.7411319999999999,-0.002902000000000182,0.829498,-0.0020640000000000658,0.734191,0.0016045000000000087,0.02899573289461505,0.029165105886970834,0.11800206621533266,0.7744,0.613,0.25836431226765777,39.599109131403104,-0.027608705774274322,-0.024647175371978258,-0.002961530402296065,0.696335,0.7637885715569436,0.6288814284430565,0.19138031508937747,108294329.92,0.4041108951163821,-371153.0276540987,0.005600000000000049,0.007199999999999984,0.009899999999999909,0.022699999999999942,0.24669603524229355,0.48921962211176656,0.5107803778882335,0.003051099064494295,0,5,4,2,False,False
2025-04-06,0.6547,0.6553,0.5597,0.5737,166216469.9,1743983999999,100114842.79883,469365.0,77762937.9,46838538.12177,0,-0.12372078814724297,-0.13207050383922025,0.6359,-0.02066000000000001,0.65589,-0.01644000000000001,0.6891450000000001,-0.007189999999999919,0.7369840000000001,-0.0041479999999998185,0.826464,-0.003033999999999981,0.7353390000000001,0.0011480000000000379,0.04476555806326415,0.03921397020274399,0.11927714318640335,0.7744,0.5597,0.0652072659524919,26.873733963538157,-0.033718061504595,-0.02646135259850161,-0.007256708906093388,0.6891450000000001,0.7751925872012468,0.6030974127987534,-0.17082066885849576,117078560.62,1.4197003193393034,-20564432.659080487,0.08099999999999996,0.0006000000000000449,0.014000000000000012,0.09560000000000002,0.8472803347280329,0.4678413513822315,0.5321586486177685,0.002823817641430971,0,6,4,2,False,False
2025-04-07,0.5737,0.6055,0.511,0.5864,419069987.9,1744070399999,233993860.9905,985451.0,204579796.2,114392205.71695,0,0.022137005403521037,0.021895538964616393,0.62518,-0.010720000000000063,0.64391,-0.01197999999999999,0.68338,-0.005765000000000131,0.733284,-0.0037000000000000366,0.823433,-0.003031000000000006,0.7365160000000001,0.0011769999999999836,0.04637803668938856,0.03976224506893379,0.1193078512949268,0.7744,0.511,0.2862566438876235,24.68706536856746,-0.0371072369456773,-0.028590529467936752,-0.00851670747774055,0.68338,0.7806090751402577,0.5861509248597423,0.0012808675794685608,144891284.85,2.8923063822219945,9276954.586595796,0.012700000000000045,0.019100000000000006,0.06269999999999998,0.09450000000000003,0.1343915343915348,0.4881757274606302,0.5118242725393698,0.0023515189072312,0,0,4,2,False,False
2025-04-08,0.5863,0.6201,0.5528,0.5583,238977888.4,1744156799999,140376776.13991,545644.0,116997656.7,68758672.29649,0,-0.04791950886766716,-0.04910569825612701,0.6066800000000001,-0.01849999999999985,0.63242,-0.01149,0.6741149999999999,-0.009265000000000079,0.728272,-0.0050120000000000164,0.8204260000000001,-0.003006999999999871,0.7375465,0.0010304999999999342,0.04646316183418378,0.03730107455894445,0.11928635537423336,0.7744,0.511,0.17957479119210332,19.21426213271708,-0.04158129477620409,-0.03118868252959022,-0.01039261224661387,0.6741149999999999,0.7819216939626488,0.566308306037351,-0.03714197023853464,158353727.17000002,1.5091396500156022,-11451703.042360174,0.028000000000000025,0.03379999999999994,0.00550000000000006,0.06730000000000003,0.41604754829123347,0.489575238459593,0.5104247615404071,0.002283240527620295,0,1,4,2,False,False
2025-04-09,0.5583,0.6464,0.5366,0.6315,327515064.6,1744243199999,193514203.94054,564483.0,164508724.0,97229337.2639,0,0.13111230521225137,0.12320148947423094,0.60092,-0.005760000000000098,0.6294500000000001,-0.002969999999999917,0.66979,-0.004324999999999912,0.7258200000000001,-0.0024519999999998987,0.818126,-0.0023000000000000798,0.738912,0.0013655000000000195,0.06608086200680868,0.04896415660685805,0.12035713986802844,0.7744,0.511,0.45747911921032636,36.49999999999999,-0.03877343359184526,-0.03270563274204123,-0.006067800849804031,0.66979,0.7771231047180664,0.5624568952819335,0.32163005486249097,183727810.57,1.782610175258238,42941255.11144543,0.07319999999999993,0.014900000000000024,0.021700000000000053,0.10980000000000001,0.666666666666666,0.502293609611263,0.497706390388737,0.001723532933330603,0,2,4,2,False,False
2025-04-10,0.6315,0.6338,0.5857,0.6094,159599767.0,1744329599999,97760667.94915,321380.0,78078705.8,47776014.84996,0,-0.034996041171812986,-0.035623075238936965,0.59186,-0.009059999999999957,0.6242099999999999,-0.0052400000000001334,0.66501,-0.0047800000000000065,0.722532,-0.0032880000000001797,0.815769,-0.0023570000000000535,0.7402004999999999,0.0012884999999999147,0.06683906446643692,0.04934161130616927,0.12041808110410397,0.7744,0.511,0.3735763097949888,32.73410249530454,-0.03789464282242627,-0.033743434758118244,-0.004151208064308028,0.66501,0.7742389897899119,0.5557810102100881,0.24544303619872934,187031789.38,0.853329626632266,-5585360.016943759,0.022099999999999898,0.0023000000000000798,0.023700000000000054,0.04810000000000003,0.45945945945945704,0.48921566282737744,0.5107843371726226,0.002013662087614451,0,3,4,2,False,False
2025-04-11,0.6094,0.645,0.6059,0.6239,152727364.8,1744415999999,95660548.13439,298083.0,76671620.4,48042686.50243,0,0.023793895635050744,0.023515232565131876,0.6019,0.010039999999999938,0.6189,-0.005309999999999926,0.661135,-0.003874999999999962,0.718938,-0.003593999999999986,0.8127860000000001,-0.002982999999999847,0.7415014999999999,0.0013009999999999966,0.06687963574224345,0.049793441743397684,0.12034206876418811,0.7744,0.511,0.4286256643887624,38.41823810864057,-0.03561758859769726,-0.034118265526034044,-0.0014993230716632139,0.661135,0.7704270813811778,0.5518429186188223,0.3296537153952829,191668093.70999998,0.7968324922721955,3633978.978667523,0.014499999999999957,0.021100000000000008,0.0035000000000000586,0.039100000000000024,0.37084398976981964,0.5020162594987693,0.49798374050123073,0.001951732751955398,0,4,4,2,False,False
2025-04-12,0.6239,0.6675,0.617,0.6595,115874420.3,1744502399999,74989055.19792,291188.0,57369562.5,37129403.47325,0,0.05706042635037667,0.05549187304062863,0.61652,0.014619999999999966,0.62085,0.0019500000000000073,0.658575,-0.0025600000000000067,0.7168859999999999,-0.0020520000000000538,0.809769,-0.0030170000000001584,0.7428599999999999,0.0013584999999999292,0.06720245549882486,0.05155504635397282,0.12036200880951534,0.7744,0.511,0.5637813211845102,48.08605755797708,-0.03058778726951683,-0.033412169874730606,0.002824382605213775,0.658575,0.7653482644438597,0.5518017355561403,0.504331608688832,186440898.88,0.6215075179109757,6611843.825420741,0.035599999999999965,0.008000000000000007,0.006900000000000017,0.05049999999999999,0.7049504950495044,0.4951011823961634,0.5048988176038366,0.002512961870670951,0,5,4,2,False,False
2025-04-13,0.6596,0.6687,0.6301,0.6383,104410716.6,1744588799999,67661471.89077,345697.0,49852581.4,32325931.4697,0,-0.03214556482183473,-0.032673579895357664,0.6325200000000001,0.016000000000000125,0.6195999999999999,-0.0012500000000000844,0.65389,-0.00468500000000005,0.7141839999999999,-0.002701999999999982,0.805258,-0.004510999999999932,0.744147,0.0012870000000001491,0.06802654983878262,0.051368721137811324,0.12044881930219203,0.7744,0.511,0.4832953682611996,46.88095886679378,-0.02798964905205914,-0.03232766571019632,0.004338016658137177,0.65389,0.7551799724864915,0.5526000275135085,0.42304272763980094,185460063.16000003,0.5629822120243906,-3356341.458559515,0.021299999999999986,0.009099999999999997,0.008199999999999985,0.03859999999999997,0.5518134715025907,0.47746613588513576,0.5225338641148642,0.0033109340808795866,0,6,4,2,False,False
2025-04-14,0.6383,0.6575,0.6277,0.6353,117699773.5,1744675199999,75576835.20768,363782.0,59602750.2,38270615.30564,0,-0.004699984333385587,-0.0047110639895240995,0.6332800000000001,0.0007599999999999829,0.6171,-0.0024999999999999467,0.648415,-0.005475000000000008,0.7114959999999999,-0.0026880000000000237,0.8009040000000001,-0.004353999999999969,0.7453164999999999,0.0011694999999999345,0.06784444636645537,0.05108329795202189,0.12044872644584277,0.7744,0.511,0.4719058466211085,46.41407307171853,-0.025874416556306734,-0.031037015879418404,0.00516259932311167,0.648415,0.740427385321923,0.556402614678077,0.4287324203469205,184585437.16000003,0.6376438754373508,-553187.091493032,0.0030000000000000027,0.019199999999999995,0.00759999999999994,0.029799999999999938,0.10067114093959761,0.506396473226858,0.49360352677314195,0.003090762107541354,0,0,4,2,False,False
2025-04-15,0.6353,0.6486,0.607,0.6091,143898856.8,1744761599999,90697492.06722,320564.0,65697560.6,41437205.62049,0,-0.041240358885565875,-0.04211487043004863,0.6332199999999999,-6.000000000017103e-05,0.61254,-0.0045600000000000085,0.642435,-0.005979999999999985,0.710046,-0.0014499999999999513,0.796084,-0.0048200000000000465,0.7463534999999999,0.0010369999999999546,0.06898496691759212,0.05157137063272264,0.11944763747030053,0.7465,0.511,0.4165605095541399,41.07752956636004,-0.02601234646355144,-0.030032081996245012,0.004019735532693573,0.642435,0.7277820999723054,0.5570879000276946,0.30470924020372686,194599030.98,0.7394633779794582,-5934440.497654652,0.0262,0.013299999999999979,0.0020999999999999908,0.04159999999999997,0.6298076923076927,0.45655373545677813,0.543446264543222,0.0022277035907626473,0,1,4,2,False,False
2025-04-16,0.609,0.6245,0.5946,0.6105,126774167.2,1744847999999,77158540.10763,349107.0,59257991.3,36083415.20167,0,0.0022984731571171757,0.0022958357083205493,0.63054,-0.0026799999999999047,0.61622,0.0036800000000000166,0.636055,-0.006379999999999941,0.708592,-0.0014539999999999553,0.791255,-0.004828999999999972,0.7474029999999999,0.0010495000000000365,0.05499139239936508,0.051403095864542545,0.11944764514160285,0.7465,0.511,0.4225053078556264,45.72339808640186,-0.0257122932972782,-0.029168124256451648,0.003455830959173449,0.636055,0.7095448052363913,0.5625651947636088,0.3261323463996237,190654800.71,0.6649408602767514,291387.0203250847,0.0015000000000000568,0.014000000000000012,0.014399999999999968,0.029900000000000038,0.0501672240802694,0.4674295450627105,0.5325704549372895,0.002753770801343509,0,2,4,2,False,False
2025-04-17,0.6106,0.6299,0.6088,0.6167,70142773.4,1744934399999,43465213.99385,202175.0,33101297.2,20517568.70613,0,0.010155610155610173,0.010104388446687776,0.62198,-0.008560000000000012,0.61925,0.003029999999999977,0.6315799999999999,-0.004475000000000118,0.707978,-0.0006140000000000034,0.78753,-0.0037250000000000894,0.748499,0.001096000000000097,0.054768091035172946,0.050871766347682486,0.11918027666391641,0.7122,0.511,0.5253479125248508,44.98971495739054,-0.02468960442572743,-0.028272420290306806,0.0035828158645793765,0.6315799999999999,0.6976060745941655,0.5655539254058344,0.3873172448047155,155762079.26,0.45031996062993496,712342.6618837032,0.006099999999999994,0.01319999999999999,0.0018000000000000238,0.021100000000000008,0.2890995260663503,0.4719131507851099,0.52808684921489,0.0028823354167515705,0,3,4,2,False,False
2025-04-18,0.6169,0.632,0.6104,0.6275,55674804.9,1745020799999,34564811.69458,141516.0,27785848.6,17249201.99257,0,0.01751256688827607,0.017360989008491586,0.61982,-0.0021599999999999397,0.62617,0.006920000000000037,0.629295,-0.0022849999999998705,0.7076259999999999,-0.00035200000000013,0.7843369999999998,-0.0031930000000001124,0.74977,0.0012710000000000221,0.05136821164665387,0.05015630422150735,0.11918849480929665,0.7098,0.511,0.5860160965794766,45.19906323185011,-0.022745450985900195,-0.027167026429425485,0.00442157544352529,0.629295,0.6923527838594229,0.5662372161405772,0.4857670227992648,137431770.91,0.4051086916173101,975008.7448029703,0.010599999999999943,0.0045000000000000595,0.00649999999999995,0.021599999999999953,0.49074074074073915,0.4990740183087737,0.5009259816912264,0.002541831987632165,0,4,4,2,False,False
2025-04-19,0.6276,0.6349,0.6191,0.6282,42619558.8,1745107199999,26778635.77132,114533.0,19814319.8,12450764.21862,0,0.00111553784860563,0.0011149160986072722,0.6184,-0.0014200000000000879,0.62584,-0.0003300000000000525,0.627645,-0.0016500000000000403,0.707534,-9.199999999986996e-05,0.781574,-0.002762999999999849,0.751151,0.0013809999999999656,0.030219900784896284,0.05002664255323126,0.11913979450255388,0.7098,0.511,0.5895372233400402,46.06474606474607,-0.02090720597195128,-0.025915062337930644,0.005007856365979363,0.627645,0.6888885508957011,0.5664014491042989,0.5045310893300843,108942220.33,0.39121250393924295,47543.730932273145,0.0005999999999999339,0.006700000000000039,0.008500000000000063,0.015800000000000036,0.03797468354429953,0.46491142465792024,0.5350885753420798,0.002687334248049513,0,5,4,2,False,False
2025-04-20,0.6282,0.6348,0.6095,0.6202,50246835.4,1745193599999,31191890.7986,129056.0,23550267.5,14622683.26515,0,-0.012734797835084355,-0.01281658043819759,0.62062,0.0022199999999999998,0.62692,0.001080000000000081,0.625565,-0.0020799999999999708,0.706752,-0.0007819999999999494,0.7784730000000001,-0.0031009999999999094,0.7525360000000001,0.0013850000000000806,0.02811124190664285,0.05008698015873139,0.11904806747570189,0.7098,0.511,0.5492957746478873,58.81683731513083,-0.019866903400088676,-0.024705430550362253,0.004838527150273577,0.625565,0.6847142412194835,0.5664157587805165,0.4546486151860148,98006927.17,0.5126865707445687,-639883.2906717599,0.008000000000000007,0.00660000000000005,0.010699999999999932,0.02529999999999999,0.31620553359683834,0.4686915566427891,0.531308443357211,0.0025684403599276224,0,6,4,2,False,False
2025-04-21,0.6203,0.6507,0.6159,0.6242,113722683.3,1745279999999,72235526.83227,289831.0,55397333.0,35179383.34019,0,0.006449532408900449,0.0064288231703305805,0.62336,0.0027400000000000757,0.6269500000000001,3.0000000000085514e-05,0.6229250000000001,-0.0026399999999999757,0.6965360000000002,-0.010215999999999892,0.77476,-0.0037130000000000773,0.7539305000000001,0.0013944999999999652,0.02714322021848716,0.04978806660258459,0.05885123257762355,0.7098,0.511,0.5694164989939637,57.41176470588235,-0.01850635975090753,-0.02346561639047131,0.004959256639563779,0.6229250000000001,0.6768946162084072,0.5689553837915929,0.5118122018422034,94106459.02000001,1.208447161696213,733458.1315704718,0.0039000000000000146,0.026499999999999968,0.0043999999999999595,0.03479999999999994,0.11206896551724198,0.4871265027563767,0.5128734972436233,0.0025485768677777935,0,0,4,2,False,False
2025-04-22,0.6241,0.685,0.6153,0.6794,143341355.5,1745366399999,93428819.18997,353122.0,74104574.1,48331856.41265,0,0.08843319448894582,0.08473922588980445,0.6359,0.012539999999999996,0.6289399999999999,0.0019899999999998252,0.624895,0.0019699999999999163,0.6929679999999999,-0.0035680000000002376,0.771877,-0.002882999999999969,0.7555689999999999,0.0016384999999998762,0.035076484842635855,0.05217909191951057,0.0499743282750714,0.685,0.511,0.9678160919540227,71.46401985111665,-0.012826089259373452,-0.02133771096425174,0.008511621704878288,0.624895,0.684110342073154,0.5656796579268459,0.960227012896971,96853152.53999999,1.4799864716928088,12676133.969240624,0.055300000000000016,0.005600000000000049,0.00880000000000003,0.0697000000000001,0.7934002869440451,0.5169797218779614,0.48302027812203857,0.0024635039815847143,0,1,4,2,False,False
2025-04-23,0.6794,0.7183,0.6774,0.6977,159614226.0,1745452799999,111432322.64062,407938.0,76315413.5,53294589.28138,0,0.02693553135119231,0.026579155218707417,0.64994,0.014039999999999941,0.63488,0.005940000000000056,0.6272399999999999,0.0023449999999999305,0.688104,-0.004863999999999868,0.76941,-0.002466999999999997,0.7573025000000001,0.0017335000000001655,0.03333515718340348,0.05235509850621517,0.048051416484984115,0.7183,0.511,0.9006271104679207,64.568661971831,-0.006769739566469313,-0.018424116684695256,0.011654377118225943,0.6272399999999999,0.6940077640466416,0.5604722359533583,1.027649839754849,102373503.47999999,1.559136110167244,4299293.988519295,0.018299999999999983,0.020600000000000063,0.0020000000000000018,0.04090000000000005,0.4474327628361849,0.4781241334967223,0.5218758665032778,0.002555774696423363,0,2,4,2,False,False
2025-04-24,0.6978,0.746,0.6701,0.7219,171690319.8,1745539199999,122204212.89687,412572.0,85475087.6,60866740.85667,0,0.0346853948688548,0.034097414199924445,0.6686799999999999,0.01873999999999998,0.64354,0.008660000000000001,0.63032,0.0030800000000000827,0.68306,-0.0050440000000000484,0.766657,-0.0027530000000000054,0.7591245,0.0018219999999998793,0.03380456974280031,0.0527445270643687,0.04804126995819629,0.746,0.511,0.8974468085106383,74.53118185782816,-1.7103886086222708e-05,-0.01474271412497345,0.014725610238887228,0.63032,0.7082579132116583,0.5523820867883417,1.0875189379993626,107772558.10999998,1.5930801199388922,5955146.537422961,0.02410000000000001,0.02410000000000001,0.027699999999999947,0.07589999999999997,0.31752305665349173,0.49784453602025375,0.5021554639797462,0.002403000940767075,0,3,4,2,False,False
2025-04-25,0.722,0.7331,0.7019,0.7135,150864406.0,1745625599999,108219560.19004,393385.0,76488058.3,54890753.19563,0,-0.011635960659371003,-0.011704188228224121,0.6873400000000001,0.01866000000000012,0.65398,0.010440000000000005,0.6332599999999999,0.0029399999999999427,0.6791999999999999,-0.0038600000000000856,0.7630370000000001,-0.0036199999999999566,0.760936,0.001811499999999966,0.02951578481189247,0.052794142122618216,0.047143178462177034,0.746,0.511,0.8617021276595745,70.07168458781362,0.004603532090123985,-0.010873464881953964,0.01547699697207795,0.6332599999999999,0.7191052316059091,0.5474147683940908,0.9673526909937112,108469113.03,1.3908512920012028,-1755452.2931153746,0.008499999999999952,0.011099999999999999,0.011600000000000055,0.031200000000000006,0.27243589743589586,0.5069987038559646,0.4930012961440355,0.0026075401775021738,0,4,4,2,False,False
2025-04-26,0.7135,0.7344,0.6996,0.707,98567156.4,1745711999999,70618731.0,246805.0,49557120.0,35528289.91517,0,-0.009110021023125525,-0.00915177102031844,0.7039,0.016559999999999908,0.66363,0.009650000000000047,0.6399250000000001,0.006665000000000143,0.676978,-0.0022219999999999462,0.759215,-0.003822000000000103,0.762747,0.001811000000000007,0.030327354304433694,0.043399071238993565,0.04516841985130373,0.746,0.511,0.8340425531914892,62.235960844925295,0.00765270805906193,-0.007168230293750786,0.014820938352812715,0.6399250000000001,0.726989909240469,0.5528600907595311,0.8852011136584435,105648411.95,0.932973383893822,-897948.8669937017,0.006500000000000061,0.02090000000000003,0.007399999999999962,0.03480000000000005,0.18678160919540376,0.5027751820179323,0.49722481798206775,0.002503927362968949,0,5,4,2,False,False
2025-04-27,0.707,0.7185,0.6907,0.7032,82135355.9,1745798399999,57661597.92464,260075.0,39873895.4,28001270.22108,0,-0.005374823196605205,-0.005389319525605344,0.70866,0.0047599999999999865,0.67228,0.008649999999999936,0.645765,0.005839999999999956,0.6749379999999999,-0.0020400000000000418,0.7549170000000001,-0.004297999999999913,0.764565,0.0018180000000000973,0.03100339240168205,0.0434754580727508,0.045127247881378896,0.746,0.5366,0.7956064947468962,68.36445953593665,0.009651319338895958,-0.003804320367221437,0.013455639706117396,0.645765,0.7333803140903823,0.5581496859096178,0.8277680425864318,106847670.2,0.7687145236415273,-441463.01615274424,0.0037999999999999146,0.011500000000000066,0.012500000000000067,0.027800000000000047,0.1366906474820111,0.4854656677758426,0.5145343322241573,0.003166419590567574,0,6,4,2,False,False
2025-04-28,0.7033,0.729,0.6821,0.7056,148303185.8,1745884799999,104331236.54364,385904.0,71469565.7,50328719.31667,0,0.0034129692832762792,0.0034071583216141346,0.71024,0.0015800000000000258,0.68009,0.007809999999999984,0.65313,0.007364999999999955,0.6746199999999999,-0.00031800000000004047,0.7509279999999999,-0.003989000000000131,0.7663949999999999,0.0018299999999998873,0.03112744296328278,0.04133987847041964,0.042649144501831285,0.746,0.5366,0.8070678127984718,69.96024985803523,0.011298649323507881,-0.0007837264290755739,0.012082375752583455,0.65313,0.7343163898368147,0.5719436101631853,0.8231452963080705,116110508.29,1.2772589491176363,506154.2177474149,0.0022999999999999687,0.023399999999999976,0.021199999999999997,0.04689999999999994,0.04904051172707829,0.4819152421741165,0.5180847578258835,0.0026021288613477644,0,0,4,2,False,False
2025-04-29,0.7057,0.7181,0.6888,0.6958,144681664.2,1745971199999,102458146.58677,311429.0,70731949.5,50116118.16,0,-0.01388888888888895,-0.013986241974739952,0.70502,-0.005220000000000002,0.68685,0.006759999999999988,0.656345,0.003214999999999968,0.675112,0.000492000000000159,0.747956,-0.0029719999999999747,0.7681155,0.0017205000000000137,0.032069439793313025,0.030832191949004113,0.04148993402732868,0.746,0.5857,0.6868371802869618,77.14464621164684,0.011678766555628162,0.0017087721678651735,0.009969994387762988,0.656345,0.7390040836221982,0.5736859163778018,0.7386610053671362,126316718.83000001,1.145388081166959,-2009467.5583333422,0.00990000000000002,0.012399999999999967,0.007000000000000006,0.029299999999999993,0.33788395904436935,0.488879844526975,0.511120155473025,0.0021525118730283447,0,1,4,2,False,False
2025-04-30,0.6957,0.7037,0.6647,0.6816,97477142.0,1746057599999,66716855.23126,256309.0,45858267.6,31382115.70536,0,-0.020408163265306145,-0.020619287202735703,0.6986399999999999,-0.006380000000000052,0.69299,0.006140000000000034,0.6599550000000001,0.003610000000000113,0.6742619999999999,-0.0008500000000001284,0.744678,-0.003278000000000003,0.7697575000000001,0.0016420000000001433,0.03277693108283896,0.029989749674354735,0.04006799257233874,0.746,0.5946,0.5746367239101716,70.6086956521739,0.010710724312353315,0.003509162596762802,0.007201561715590513,0.6599550000000001,0.7402542160936927,0.5796557839063075,0.6347771563220783,131039749.49000001,0.7438746058304907,-1989329.4285714307,0.014100000000000001,0.008000000000000007,0.016900000000000026,0.039000000000000035,0.36153846153846125,0.4704514992858531,0.5295485007141469,0.0026294267019030984,0,2,4,2,False,False
2025-05-01,0.6816,0.7146,0.6814,0.705,85930672.3,1746143999999,60296755.56027,231221.0,43785597.8,30724428.69114,0,0.034330985915492995,0.03375482729716271,0.69824,-0.00039999999999995595,0.70107,0.008079999999999976,0.66401,0.00405499999999992,0.6736420000000001,-0.0006199999999998429,0.74167,-0.0030079999999998996,0.7715395,0.0017819999999999503,0.03362108042655732,0.030407876035757245,0.040300931779990855,0.746,0.5946,0.7291941875825625,73.27358987875593,0.011696893787709661,0.005146708834952174,0.006550184952757487,0.66401,0.7448321673604492,0.5831878326395508,0.7535814204115161,128260548.39000002,0.669969631181615,2950084.700440144,0.023399999999999976,0.009600000000000053,0.00019999999999997797,0.03320000000000001,0.7048192771084328,0.5095456212321523,0.49045437876784775,0.002690785418188797,0,3,5,2,False,False
2025-05-02,0.705,0.7255,0.6888,0.6981,99617178.4,1746230399999,70400459.7687,276257.0,47213693.9,33371589.43844,0,-0.009787234042553106,-0.009835443835912826,0.69722,-0.0010200000000000209,0.70294,0.0018700000000000383,0.66594,0.0019299999999999873,0.673544,-9.80000000000425e-05,0.7388239999999999,-0.002846000000000126,0.7732085,0.0016689999999999205,0.0210457073556354,0.028154951837538456,0.03980812240685181,0.746,0.5946,0.6836195508586529,68.99892357373524,0.011785808404724207,0.006474528748906581,0.005311279655817626,0.66594,0.748140458444095,0.5837395415559049,0.6956193469521356,123888130.67999999,0.8040897691588288,-974976.639659566,0.006899999999999906,0.020500000000000074,0.009300000000000086,0.036700000000000066,0.18801089918255842,0.47395132705344717,0.5260486729465528,0.002773186356380477,0,4,5,2,False,False
2025-05-03,0.6982,0.7297,0.6917,0.6995,125664048.1,1746316799999,89479007.5903,319383.0,64166653.5,45710088.4873,0,0.002005443346225322,0.0020034351291799792,0.696,-0.0012199999999999989,0.70312,0.00017999999999995797,0.6689999999999999,0.0030599999999999516,0.672788,-0.0007559999999999789,0.7359519999999999,-0.0028719999999999857,0.7749105000000001,0.0017020000000000923,0.01928740359184673,0.026905380212240235,0.039198259516214404,0.746,0.5946,0.6928665785997359,69.11528150134052,0.011832840558741786,0.007546191110873623,0.004286649447868164,0.6689999999999999,0.7514242938127143,0.5865757061872856,0.6850182670008834,120493112.89000002,1.0429147781642973,252012.12912188377,0.0012999999999999678,0.030200000000000005,0.006500000000000061,0.038000000000000034,0.034210526315788595,0.5106206148073309,0.4893793851926691,0.002541562243370067,0,5,5,2,False,False
2025-05-04,0.6995,0.7147,0.6718,0.6762,113830422.1,1746403199999,78686408.91985,314083.0,53834331.2,37232962.04564,0,-0.03330950679056466,-0.03387690383175022,0.69208,-0.0039199999999999235,0.69855,-0.004569999999999963,0.671045,0.0020450000000000745,0.6713760000000001,-0.0014119999999999688,0.733002,-0.002949999999999897,0.776531,0.0016204999999999137,0.017794103377218033,0.028174525101419483,0.03942485441403086,0.746,0.5946,0.5389696169088508,63.87512388503471,0.009876152467915067,0.008012183382281912,0.0018639690856331551,0.671045,0.7519645695542211,0.5901254304457789,0.5318526162978775,114707123.12,0.9923570481400457,-3791635.2179127913,0.023299999999999987,0.015199999999999991,0.0044000000000000705,0.04290000000000005,0.5431235431235422,0.4729344775046741,0.5270655224953259,0.002759218442711898,0,6,5,2,False,False
2025-05-05,0.6762,0.692,0.6541,0.6622,115627149.0,1746489599999,77361579.75511,273909.0,57666510.1,38582154.71748,0,-0.020703933747411973,-0.020921265160639684,0.6882,-0.0038799999999999946,0.69342,-0.005129999999999968,0.6737,0.002654999999999963,0.670522,-0.0008540000000001324,0.729858,-0.0031440000000000357,0.778126,0.001595000000000013,0.018315328405070712,0.026799090916634086,0.03873091444229242,0.746,0.5946,0.4464993394980185,58.97072710103873,0.0071137768700545445,0.00783250207983644,-0.0007187252097818949,0.6737,0.749376541592271,0.598023458407729,0.42401872655624584,111183397.42,1.039967762122015,-2393936.8322981326,0.014000000000000012,0.015799999999999925,0.008099999999999996,0.037899999999999934,0.36939313984168964,0.49872811531485567,0.5012718846851443,0.0023688986744799874,0,0,5,2,False,False
2025-05-06,0.6621,0.6807,0.6426,0.6789,81419623.3,1746575999999,53668986.40121,239320.0,39540113.7,26080082.5045,0,0.025218967079432053,0.024906216194455346,0.68298,-0.005220000000000002,0.69061,-0.00281000000000009,0.67712,0.0034200000000000896,0.66975,-0.0007719999999999949,0.7271170000000001,-0.0027409999999998824,0.7797670000000001,0.0016410000000001146,0.02096100874425504,0.02718641327878335,0.03881592066707666,0.746,0.6088,0.5109329446064136,49.85574148874782,0.00620064753418037,0.007506131170705226,-0.001305483636524856,0.67712,0.7467080086463661,0.607531991353634,0.5127895598295213,109468644.10999998,0.7437711863699086,2053318.7996224589,0.016799999999999926,0.0018000000000000238,0.019500000000000073,0.03810000000000002,0.44094488188976155,0.48563370963176644,0.5143662903682336,0.0029393405459295463,0,1,5,2,False,False
2025-05-07,0.6789,0.6892,0.655,0.6715,89497926.6,1746662399999,60284800.34541,262327.0,43526622.4,29317200.33548,0,-0.010899985270290125,-0.010959825344309067,0.67766,-0.005319999999999991,0.6874399999999999,-0.003170000000000006,0.67986,0.0027399999999999647,0.669146,-0.0006039999999999379,0.724487,-0.0026300000000001322,0.7813680000000001,0.0016009999999999636,0.021078147792684406,0.027410132190186256,0.03872107644463717,0.746,0.6095,0.45421245421245393,41.933497536945794,0.0048242567720661045,0.0069697562909774025,-0.002145499518911298,0.67986,0.743491650515814,0.616228349484186,0.43430942045167936,110204901.17999999,0.8121047761189962,-975526.0816615067,0.007399999999999962,0.010300000000000087,0.01649999999999996,0.03420000000000001,0.2163742690058468,0.48634224337438453,0.5136577566256155,0.00293109583613527,0,2,5,2,False,False
2025-05-08,0.6716,0.771,0.67,0.7693,238990032.9,1746748799999,173217598.07426,617670.0,118977297.1,86164457.23528,0,0.14564408041697696,0.13596699450159674,0.69162,0.013959999999999972,0.69381,0.006370000000000098,0.68695,0.00708999999999993,0.66966,0.0005140000000000144,0.7230110000000001,-0.0014759999999999218,0.78339,0.0020219999999999683,0.05209888493658328,0.04178745920416655,0.043092495457948264,0.771,0.6095,0.9894736842105261,60.042372881355945,0.01149262005790741,0.007874329044363405,0.0036182910135440054,0.68695,0.7572654845565276,0.6166345154434723,1.0855751440765342,119273585.89000002,2.0037129857100835,34807483.57054357,0.09770000000000001,0.0017000000000000348,0.0015999999999999348,0.10099999999999998,0.9673267326732676,0.4978337199099151,0.5021662800900849,0.002584501087785741,0,3,5,2,False,False
2025-05-09,0.7694,0.818,0.7532,0.7774,223733227.0,1746835199999,175253924.61107,803420.0,106358030.9,83326544.16102,0,0.010529052385285231,0.010474007953233713,0.71186,0.020240000000000036,0.70197,0.008159999999999945,0.69441,0.007460000000000022,0.670848,0.0011879999999999669,0.721386,-0.0016250000000000986,0.7854725,0.002082499999999987,0.05143215967954834,0.041723006111520904,0.042794048556458304,0.818,0.6095,0.8052757793764989,63.55536699193891,0.01723230502478701,0.009745924240448126,0.007486380784338883,0.69441,0.7699458095628422,0.6188741904371577,1.0493420966843299,127178742.17,1.759203017599714,2355698.867411912,0.008000000000000007,0.04059999999999997,0.016199999999999992,0.06479999999999997,0.12345679012345696,0.4753787907417078,0.5246212092582923,0.00359097310119252,0,4,5,2,False,False
2025-05-10,0.7773,0.8435,0.7704,0.8406,177651038.9,1746921599999,143415300.86881,598657.0,87421654.6,70584370.36509,0,0.08129662979161312,0.07816090415289358,0.74754,0.035679999999999934,0.7178699999999999,0.015899999999999914,0.70543,0.01102000000000003,0.6735599999999999,0.0027119999999999367,0.720197,-0.0011889999999999956,0.7878529999999999,0.0023804999999998966,0.0542335110353758,0.044080955169104506,0.04410745763072726,0.8435,0.6153,0.9872918492550394,72.84541723666214,0.02657442509827046,0.013111624412012593,0.013462800686257867,0.70543,0.7978107475955564,0.6130492524044436,1.2315918279411167,135196131.85999998,1.3140245690162458,14442430.741548762,0.06330000000000002,0.0029000000000000137,0.006900000000000017,0.07310000000000005,0.8659370725034197,0.49209762656783423,0.5079023734321658,0.0033698480104976183,0,5,5,2,False,False
2025-05-11,0.8406,0.8466,0.7813,0.8053,131407953.5,1747007999999,105878826.27742,490471.0,61861602.9,49829097.46225,0,-0.041993813942422076,-0.0429010437695171,0.77282,0.02527999999999997,0.7279,0.010030000000000094,0.714485,0.009055000000000035,0.675638,0.0020780000000000243,0.7188209999999999,-0.0013760000000000439,0.7901310000000001,0.0022780000000002243,0.05763687504092591,0.0459363036516125,0.04457668948820182,0.8466,0.6153,0.8214440121054908,65.76103735720902,0.03077495307495115,0.016644290144600307,0.014130662930350844,0.714485,0.8088229206001275,0.6201470793998726,0.9813281839491662,139743859.98,0.9403486744877878,-5518321.149833452,0.0353,0.006000000000000005,0.02400000000000002,0.06530000000000002,0.5405819295558957,0.4707599597462721,0.5292400402537278,0.0037324300922166025,0,6,5,2,False,False
2025-05-12,0.8054,0.8643,0.7802,0.817,250186987.8,1747094399999,206245031.15204,818570.0,123204230.9,101655587.72615,0,0.014528747050788438,0.014424216058503582,0.80192,0.029100000000000015,0.73979,0.011889999999999956,0.7213649999999999,0.006879999999999886,0.6777639999999999,0.0021259999999999613,0.718043,-0.0007779999999999454,0.7924834999999999,0.0023524999999997576,0.05699366490108775,0.04245460558635049,0.04458259513955165,0.8643,0.6426,0.7866486242670275,66.71668667466987,0.03464858663987236,0.020245149443654718,0.014403437196217641,0.7213649999999999,0.8245816709301008,0.618148329069899,0.9632730310821823,154800840.92000002,1.6161862320198563,3634903.461144893,0.011599999999999944,0.04730000000000001,0.0252,0.08409999999999995,0.13793103448275804,0.49244859608162245,0.5075514039183776,0.0032718328287095672,0,0,5,2,False,False
2025-05-13,0.8169,0.8419,0.7716,0.8299,170776720.3,1747180799999,137987596.82162,511819.0,80374761.0,64928729.04737,0,0.015789473684210575,0.015666116744399456,0.81404,0.01212000000000002,0.75283,0.013040000000000052,0.727975,0.006610000000000116,0.679722,0.0019580000000001263,0.71829,0.0002469999999999972,0.7950025,0.002519000000000049,0.05675066848714811,0.04229446635186101,0.04445728618755839,0.8643,0.6426,0.8448353631032928,69.93755575379127,0.03831768887290332,0.02385965732950444,0.014458031543398881,0.727975,0.8412524493282478,0.6146975506717522,0.9498909562513563,159312108.14000002,1.0719632192044384,2696474.53105264,0.013000000000000012,0.01200000000000001,0.04530000000000001,0.07030000000000003,0.18492176386913237,0.47064237361396377,0.5293576263860362,0.0029970068467230072,0,1,5,2,False,False
2025-05-14,0.83,0.8337,0.7887,0.7986,137228841.5,1747267199999,111521590.00532,366696.0,68701889.9,55843843.8054,0,-0.03771538739607183,-0.03844501697528136,0.81828,0.0042400000000000215,0.76507,0.012240000000000029,0.7318100000000001,0.003835000000000033,0.680798,0.0010759999999999659,0.718156,-0.00013399999999996748,0.7973269999999999,0.0023244999999999516,0.05721374932870707,0.04311727935482282,0.044786109494049965,0.8643,0.6426,0.7036535859269284,66.55348047538202,0.03825880670364945,0.026739487204333445,0.011519319499316005,0.7318100000000001,0.8493351802806444,0.6142848197193558,0.7841518721371399,161651950.07999998,0.8489154719883477,-5175638.919086639,0.031399999999999983,0.0037000000000000366,0.00990000000000002,0.04500000000000004,0.6977777777777768,0.5006373962575499,0.4993626037424501,0.0026721496442859644,0,2,5,2,False,False
2025-05-15,0.7987,0.8102,0.7445,0.7624,181474078.9,1747353599999,140156778.88252,441064.0,88018070.9,67993331.04094,0,-0.0453293263210619,-0.04638884228912864,0.8026399999999999,-0.0156400000000001,0.77509,0.010019999999999918,0.7342549999999999,0.0024449999999998084,0.681472,0.0006739999999999524,0.7183410000000001,0.00018500000000010175,0.7994395,0.0021125000000000727,0.05955485645375405,0.044475201338420756,0.04516907611200944,0.8643,0.6426,0.5403698691926027,57.83724740578919,0.034888926865018544,0.028369375136470466,0.006519551728548078,0.7342549999999999,0.8522101471400888,0.616299852859911,0.619303823031028,168236643.07,1.07868342822611,-8226097.741272234,0.0363,0.011500000000000066,0.017899999999999916,0.06569999999999998,0.5525114155251143,0.48501731725830516,0.5149826827416948,0.002430451790544947,0,3,5,2,False,False
2025-05-16,0.7624,0.7859,0.7505,0.7588,89428901.1,1747439999999,69187209.20108,281130.0,45547508.8,35245393.73684,0,-0.004721930745015701,-0.004733114279133178,0.7933399999999999,-0.009299999999999975,0.78308,0.007990000000000053,0.736845,0.0025900000000000922,0.6818860000000001,0.0004140000000001365,0.718604,0.0002629999999999022,0.8015150000000001,0.002075500000000119,0.05977572616390253,0.04441680889335073,0.04515010996313142,0.8643,0.6426,0.5241317095173662,58.363185450537344,0.03156393352290021,0.029008286813756418,0.002555646709143794,0.736845,0.854554892711289,0.6191351072887109,0.5932589415141589,169037570.85,0.5290474812806978,-422277.07759705844,0.0035999999999999366,0.023500000000000076,0.008300000000000085,0.0354000000000001,0.10169491525423521,0.5093153135032764,0.4906846864967236,0.0031436146093938755,0,4,5,2,False,False
2025-05-17,0.7588,0.7814,0.7267,0.7427,127369154.9,1747526399999,95638132.27526,358223.0,64476149.5,48395703.05486,0,-0.02121771217712176,-0.021446043385608373,0.77848,-0.014859999999999984,0.7902,0.007120000000000015,0.7388199999999999,0.001974999999999949,0.682616,0.0007299999999998974,0.7189789999999999,0.0003749999999999032,0.8034479999999999,0.0019329999999998515,0.06031519660673373,0.04474098736655994,0.04481101868310505,0.8643,0.6426,0.45151105096977934,55.72033898305085,0.027314848328671926,0.02866959911673952,-0.0013547507880675956,0.7388199999999999,0.8554737584838952,0.6221662415161047,0.5166304114433474,172824693.68,0.7369846992805039,-2702482.068911438,0.016100000000000003,0.022599999999999953,0.016000000000000014,0.05469999999999997,0.29433272394881194,0.5062147860729819,0.4937852139270181,0.0028124784236909462,0,5,5,2,False,False
2025-05-18,0.7428,0.7767,0.7171,0.7596,137043357.8,1747612799999,102747560.9634,400023.0,67917404.9,50952960.74517,0,0.022754813518244266,0.022499784262880077,0.76442,-0.014059999999999961,0.78923,-0.0009700000000000264,0.7415200000000001,0.0027000000000001467,0.684344,0.0017279999999999518,0.719503,0.00052400000000008,0.805471,0.002023000000000108,0.03859713160362623,0.04494442184683489,0.044344904691390075,0.8643,0.6426,0.5277401894451966,61.233836206896555,0.0250226608023828,0.02794021145386818,-0.0029175506514853775,0.7415200000000001,0.8574336811324794,0.6256063188675207,0.5779890683453324,162630026.17000002,0.8426694690237964,3118396.050653026,0.016800000000000037,0.017099999999999893,0.025700000000000056,0.059599999999999986,0.2818791946308732,0.4955906363526069,0.5044093636473931,0.0029189521215890694,0,6,5,2,False,False
2025-05-19,0.7597,0.765,0.71,0.7425,121736745.6,1747699199999,88983797.97391,351916.0,57822004.4,42264573.32953,0,-0.02251184834123221,-0.02276910826127611,0.7532,-0.011220000000000008,0.78574,-0.003489999999999993,0.743855,0.002334999999999976,0.6859700000000001,0.0016260000000001273,0.719923,0.00041999999999997595,0.8074745,0.002003499999999936,0.03895043180983695,0.045171964437877764,0.044395522954308306,0.8643,0.6426,0.4506089309878218,60.726689820999205,0.021577526292584914,0.026667674421611526,-0.0050901481290266115,0.743855,0.8577547800469111,0.629955219953089,0.49405178833777413,152430378.03,0.7986383500016043,-2740519.1545023676,0.017199999999999993,0.005299999999999971,0.032500000000000084,0.05500000000000005,0.3127272727272723,0.4749757693539,0.5250242306461,0.002890795201280623,0,0,5,2,False,False
2025-05-20,0.7426,0.7538,0.7224,0.746,94460431.4,1747785599999,69700821.83684,293626.0,46338514.8,34202616.58568,0,0.00471380471380467,0.004702729526906124,0.74992,-0.0032799999999999496,0.77628,-0.009460000000000024,0.7470749999999999,0.0032199999999998896,0.687654,0.0016839999999999078,0.7205690000000001,0.0006460000000001465,0.8094169999999999,0.0019424999999999581,0.02556390861774663,0.044800155904942296,0.04439465784536378,0.8643,0.6426,0.4663960306720796,59.29105510938799,0.01891165137701578,0.025116469812692378,-0.006204818435676596,0.7470749999999999,0.8571410638936928,0.637008936106307,0.4951165692586308,144111317.28000003,0.6554685168581784,445268.0268013427,0.0033999999999999586,0.007800000000000029,0.020199999999999996,0.031399999999999983,0.1082802547770688,0.4905600589920659,0.5094399410079341,0.0031084549969565348,0,1,5,2,False,False
2025-05-21,0.7461,0.7839,0.7366,0.7693,152161906.6,1747871999999,115308417.52499,448917.0,76337432.5,57859835.93195,0,0.03123324396782845,0.030755410261128165,0.7520200000000001,0.002100000000000102,0.77268,-0.0035999999999999366,0.7502899999999999,0.003214999999999968,0.6894999999999999,0.0018459999999999033,0.7211409999999999,0.0005719999999997949,0.8115225000000001,0.0021055000000002044,0.026356438016921342,0.044700225260982177,0.04448452306329213,0.8643,0.6426,0.57149300857014,62.970822281167116,0.01846617500297154,0.023786410850748212,-0.005320235847776671,0.7502899999999999,0.8589284423576321,0.6416515576423677,0.5874920497176319,146186712.59,1.0408737148824068,4752509.951447726,0.0232,0.014600000000000057,0.009499999999999953,0.04730000000000001,0.4904862579281183,0.5016855677332844,0.49831443226671557,0.0029502587738999848,0,2,5,2,False,False
2025-05-22,0.7693,0.8108,0.7688,0.8093,136071438.9,1747958399999,108182115.74625,350880.0,65299226.5,51923907.43149,0,0.05199532042116206,0.05068866603676719,0.76534,0.013319999999999887,0.77191,-0.0007700000000000484,0.75585,0.00556000000000012,0.6928859999999999,0.003386,0.721453,0.00031200000000009,0.8138985,0.0023759999999998227,0.03148597186032463,0.04572745933504397,0.04419473008320955,0.8643,0.6426,0.7519170049616601,56.26566416040101,0.021097597501905763,0.02324864818097972,-0.0021510506790739584,0.75585,0.864624116503194,0.647075883496806,0.7456926414034837,134775157.7,1.0096181018974242,7075078.065774076,0.040000000000000036,0.0014999999999999458,0.0004999999999999449,0.041999999999999926,0.9523809523809549,0.4798892921826815,0.5201107078173185,0.002578645473557934,0,3,5,2,False,False
2025-05-23,0.8093,0.8414,0.743,0.7471,228323410.0,1748044799999,180963601.32664,604022.0,97681750.5,77390324.38807,0,-0.07685654269121467,-0.07997063151990068,0.76284,-0.0025000000000000577,0.76363,-0.008279999999999954,0.75823,0.0023799999999999377,0.694812,0.0019260000000000943,0.7209270000000001,-0.0005259999999999154,0.8160025000000001,0.002104000000000106,0.03891410357067183,0.04954549493495252,0.04567175133204651,0.8643,0.6426,0.4713576905728463,45.941601928743644,0.017957001482530544,0.022190318841289886,-0.004233317358759342,0.75823,0.8638500160455936,0.6526099839544063,0.4473111233234645,140529826.67000002,1.6247327375999814,-17548147.90806871,0.06220000000000003,0.03210000000000002,0.0040999999999999925,0.09840000000000004,0.6321138211382115,0.4278218799377602,0.5721781200622398,0.002645466796418291,0,4,5,2,False,False
2025-05-24,0.7472,0.7668,0.7409,0.7467,73357703.7,1748131199999,55409984.26145,236065.0,36472620.7,27563033.75317,0,-0.0005354035604335783,-0.0005355469400994472,0.76368,0.0008400000000000629,0.75844,-0.005190000000000028,0.7617550000000001,0.0035250000000001114,0.6965399999999999,0.0017279999999999518,0.720287,-0.0006400000000000849,0.8180680000000001,0.0020655000000000534,0.03770430960797239,0.048767738400359105,0.045648649218548464,0.8643,0.6426,0.46955345060893133,34.8792270531401,0.01525987353022773,0.020804229779077456,-0.005544356248849726,0.7617550000000001,0.8603178834805363,0.6631921165194639,0.423627437284883,134142712.89000002,0.5468631289733564,-39275.97574621148,0.0004999999999999449,0.019600000000000062,0.005800000000000027,0.025900000000000034,0.019305019305017154,0.497188691308504,0.502811308691496,0.0032179987662291016,0,5,5,2,False,False
2025-05-25,0.7467,0.7604,0.7277,0.7598,80670789.5,1748217599999,59879509.00708,285344.0,38766145.2,28796425.02643,0,0.01754385964912286,0.01739174271186924,0.76644,0.0027599999999999847,0.7581800000000001,-0.00025999999999992696,0.7666350000000001,0.0048799999999999955,0.6986420000000001,0.0021020000000001593,0.719887,-0.00039999999999995595,0.820052,0.0019839999999998748,0.03561012433324867,0.048411563573546985,0.04565803875562614,0.8643,0.6426,0.5286423094271542,42.10891432535553,0.01401785164702496,0.019446954152666958,-0.005429102505641999,0.7666350000000001,0.8534025485056594,0.6798674514943407,0.4606131548158571,124062383.95,0.6502437477947561,1415277.0087719343,0.0131,0.0005999999999999339,0.019000000000000017,0.03269999999999995,0.40061162079510765,0.48054748739009184,0.5194525126099082,0.0035371415324998152,0,6,5,2,False,False
2025-05-26,0.7598,0.7771,0.751,0.7604,79623463.0,1748303999999,60805682.4477,252140.0,38439541.4,29365131.87684,0,0.0007896814951302566,0.0007893698607488587,0.7646599999999999,-0.0017800000000001148,0.75834,0.00015999999999993797,0.77071,0.00407499999999994,0.702376,0.003733999999999904,0.71968,-0.00020700000000006824,0.8218215,0.0017694999999999794,0.03556742398705781,0.048261492882852405,0.041781661864938334,0.8643,0.655,0.5035833731485904,39.79076479076479,0.012932873229734687,0.018144137968080502,-0.005211264738345815,0.77071,0.8471715045902724,0.6942484954097277,0.43258045303157877,123081840.14000002,0.6469147918931982,62877.17530928867,0.0005999999999999339,0.016700000000000048,0.00880000000000003,0.026100000000000012,0.022988505747123893,0.48276651067035353,0.5172334893296465,0.0031666545324711636,0,0,5,2,False,False
2025-05-27,0.7604,0.7756,0.7434,0.7583,91137197.1,1748390399999,69594192.20101,287891.0,45829397.9,35021301.63222,0,-0.0027617043661231078,-0.002765524907384267,0.75446,-0.010199999999999876,0.7599,0.0015600000000000058,0.77505,0.0043400000000000105,0.705814,0.003438000000000052,0.7195490000000001,-0.0001309999999998812,0.8233895,0.0015680000000000138,0.03476836621938931,0.048138982592544226,0.04173953867975382,0.8643,0.67,0.4544518785383426,36.56156156156156,0.011767914375963362,0.016868893249657076,-0.005100978873693714,0.77505,0.8361019881998579,0.7139980118001421,0.36282183026400583,119458644.35999998,0.7629183939619253,-251693.9951472922,0.0020999999999999908,0.015199999999999991,0.014900000000000024,0.032200000000000006,0.06521739130434753,0.5028616125829922,0.4971383874170078,0.0031588748519894958,0,1,5,2,False,False
2025-05-28,0.7584,0.7614,0.7324,0.7476,75356290.5,1748476799999,56486669.53706,252600.0,36181715.6,27134047.11342,0,-0.014110510352103312,-0.014211010125481996,0.7545599999999999,9.999999999987796e-05,0.7587,-0.0011999999999999789,0.773965,-0.0010850000000000026,0.7095999999999999,0.003785999999999845,0.7189359999999999,-0.0006130000000001967,0.8246439999999999,0.0012544999999999362,0.03435010249072531,0.03556165149754986,0.04111782245406783,0.8643,0.71,0.24368114063512689,39.62571196094387,0.009867528785390767,0.015468620356803815,-0.005601091571413048,0.773965,0.8362069481158877,0.7117230518841123,0.2882055366349457,113289937.63,0.6651631387256154,-1063315.7171963544,0.01079999999999992,0.0030000000000000027,0.015199999999999991,0.028999999999999915,0.37241379310344663,0.4801419411694635,0.5198580588305365,0.003352075829688034,0,2,5,2,False,False
2025-05-29,0.7476,0.7652,0.7194,0.7221,104471174.0,1748563199999,77679528.53274,291904.0,50315647.6,37437897.90453,0,-0.03410914927768871,-0.03470444212427192,0.7496400000000001,-0.004919999999999813,0.7566599999999999,-0.002040000000000153,0.7712,-0.0027650000000000174,0.7114119999999999,0.0018120000000000358,0.7186160000000001,-0.0003199999999997649,0.825304,0.000660000000000105,0.03533681164982401,0.03620622700976415,0.03738071178577969,0.8643,0.71,0.07841866493843162,41.429179072735,0.006231984191233941,0.013621293123689841,-0.0073893089324559,0.7712,0.8375754234796509,0.7048245765203491,0.1301341865257332,111563380.47,0.9364289031031366,-3563422.869181392,0.025500000000000078,0.01759999999999995,0.0026999999999999247,0.04579999999999995,0.5567685589519673,0.48162230473259543,0.5183776952674045,0.0027941104595991233,0,3,5,2,False,False
2025-05-30,0.7221,0.7281,0.6821,0.6889,174517183.6,1748649599999,122584628.3786,404568.0,80825965.2,56760231.95032,0,-0.04597701149425293,-0.047067510857985856,0.73546,-0.014180000000000081,0.75095,-0.005709999999999882,0.7636149999999999,-0.007585000000000064,0.713002,0.0015900000000000913,0.7177669999999999,-0.0008490000000002107,0.8256824999999999,0.0003784999999998373,0.03778432216914356,0.03147480239982664,0.037641936903720176,0.8643,0.6821,0.037321624588363994,36.79637325273894,0.0006641702306695585,0.011029868545085784,-0.010365698314416225,0.7636149999999999,0.8312570073467109,0.6959729926532889,-0.0522825454974681,119569055.68999998,1.4595514081206844,-8023778.556321848,0.03320000000000001,0.006000000000000005,0.006799999999999917,0.04599999999999993,0.7217391304347839,0.46314043999962884,0.5368595600003712,0.002318212978541329,0,4,5,2,False,False
2025-05-31,0.689,0.6952,0.6561,0.6858,111278610.9,1748735999999,75021022.71933,315902.0,55722246.0,37544307.56729,0,-0.004499927420525518,-0.004510082570330233,0.72054,-0.014920000000000044,0.7426,-0.008349999999999969,0.75764,-0.005974999999999953,0.7142399999999999,0.0012379999999998503,0.7165889999999999,-0.0011780000000000124,0.8262569999999999,0.0005745000000000333,0.03534866352865278,0.03053540429946359,0.037537465490920914,0.8643,0.6561,0.14265129682997096,38.69686134286848,-0.0039529395131419065,0.008033306933440247,-0.011986246446582154,0.75764,0.830674768937007,0.684605231062993,0.008179453117990154,115480726.12,0.96361197784959,-500745.6725068998,0.0031999999999999806,0.006200000000000094,0.02969999999999995,0.039100000000000024,0.08184143222506339,0.500745341349332,0.499254658650668,0.0028388384564207387,0,5,5,2,False,False
2025-06-01,0.6858,0.688,0.6541,0.6855,92156943.0,1748822399999,61880474.21462,245862.0,48169090.9,32325491.17205,0,-0.00043744531933498365,-0.000437541026450792,0.7059799999999999,-0.014560000000000017,0.73022,-0.012380000000000058,0.751065,-0.0065749999999999975,0.71476,0.000520000000000076,0.715823,-0.0007659999999999334,0.826793,0.000536000000000092,0.02814544632796813,0.030146771794591982,0.03670537034618037,0.8419,0.6541,0.1671991480298189,34.2407486176095,-0.007549217067260416,0.0049168021333001145,-0.012466019200560532,0.751065,0.8252664689881395,0.6768635310118605,0.05819607823074224,111089276.53,0.8295755079034359,-40313.62335957088,0.00029999999999996696,0.0021999999999999797,0.031399999999999983,0.03389999999999993,0.008849557522122938,0.5226854247975652,0.47731457520243487,0.002667861932008747,0,6,6,2,False,False
2025-06-02,0.6854,0.6921,0.6636,0.6896,72942407.9,1748908799999,49395407.56271,234972.0,35564428.1,24094187.90256,0,0.005981035740335594,0.005963220347114332,0.69438,-0.011599999999999944,0.72447,-0.005750000000000033,0.74405,-0.0070149999999999935,0.715786,0.0010260000000000824,0.714985,-0.0008380000000000054,0.827345,0.0005519999999999969,0.018969987978792166,0.029812219070651715,0.03638864316218863,0.8414,0.6541,0.18953550453817392,38.09095002251236,-0.009953716950774849,0.001942698316485122,-0.011896415267259972,0.74405,0.813228046411134,0.674871953588866,0.1064502914956816,95551176.32,0.7633857657148727,436271.1486360374,0.0041999999999999815,0.0025000000000000577,0.02180000000000004,0.02850000000000008,0.1473684210526305,0.4875686054778567,0.5124313945221433,0.003221335938376665,0,0,6,2,False,False
2025-06-03,0.6897,0.7072,0.6738,0.6837,75512318.6,1748995199999,52218021.48704,248563.0,37138234.2,25690459.20485,0,-0.008555684454756407,-0.008592494429735103,0.6866999999999999,-0.007680000000000131,0.71817,-0.006299999999999972,0.738305,-0.005745,0.716754,0.0009679999999999689,0.7141249999999999,-0.0008600000000000829,0.827228,-0.00011700000000003374,0.018796930037596336,0.029025742592010687,0.03640759174121888,0.8414,0.6541,0.15803523758675897,36.12472160356347,-0.012194806979730188,-0.0008848027427579403,-0.011310004236972248,0.738305,0.8074926616624212,0.6691173383375788,0.10538484255742411,95766637.81,0.7885033903958875,-646059.5703886331,0.006000000000000005,0.01750000000000007,0.00990000000000002,0.033400000000000096,0.1796407185628739,0.4918168967466986,0.5081831032533014,0.0032916880928617123,0,1,6,2,False,False
2025-06-04,0.6837,0.7027,0.662,0.6654,71491826.6,1749081599999,48905399.91903,247152.0,32900455.6,22520917.8475,0,-0.02676612549363755,-0.027130861335371903,0.682,-0.0046999999999998154,0.70873,-0.009440000000000004,0.733455,-0.004850000000000021,0.7178800000000001,0.0011260000000000714,0.7139630000000001,-0.00016199999999977344,0.8268469999999999,-0.0003810000000000757,0.01709086056481109,0.028026292698970216,0.03611230861527237,0.8414,0.6541,0.060331019754404566,26.332574031890644,-0.015271503646521745,-0.003762142923510701,-0.011509360723011043,0.733455,0.8088515649084751,0.6580584350915248,0.04868633549411152,94848741.52000001,0.7537456528606136,-1913559.2025449749,0.018299999999999983,0.019000000000000017,0.0033999999999999586,0.04069999999999996,0.4496314496314497,0.4601988390096611,0.5398011609903389,0.003457066517307309,0,2,6,2,False,False
2025-06-05,0.6654,0.6899,0.6186,0.6256,145639972.6,1749167999999,94703950.38161,387988.0,72709901.6,47224350.73684,0,-0.05981364592726168,-0.061677174353274904,0.66996,-0.01204000000000005,0.6952499999999999,-0.013480000000000047,0.726795,-0.006659999999999999,0.7181820000000001,0.00030200000000002447,0.713387,-0.000576000000000132,0.826462,-0.0003849999999998577,0.02174996149119787,0.03045459443054216,0.03716832205054829,0.8414,0.6186,0.03141831238779177,8.116735066119446,-0.02068291552339241,-0.007146297443487043,-0.013536618079905366,0.726795,0.8151784582046236,0.6384115417953763,-0.07247703391349099,101450392.47999999,1.435578207631987,-8711257.753952492,0.03979999999999995,0.024499999999999966,0.007000000000000006,0.07129999999999992,0.5582047685834501,0.4992441312777341,0.5007558687222659,0.002664021374582434,0,3,6,2,False,False
2025-06-06,0.6256,0.6723,0.621,0.6554,99504658.4,1749254399999,64764034.87276,273761.0,50040507.2,32591717.92403,0,0.04763427109974416,0.046534547033612816,0.66394,-0.006020000000000025,0.68496,-0.01028999999999991,0.72243,-0.004364999999999952,0.718956,0.0007739999999999414,0.713467,7.999999999996898e-05,0.8260764999999999,-0.0003855000000001496,0.030167312481554385,0.032819224614679,0.037727441919229776,0.8414,0.6186,0.16517055655296206,25.46816479400745,-0.022309714965118355,-0.010178980947813306,-0.012130734017305049,0.72243,0.8159781660345035,0.6288818339654966,0.14173536028874523,102287138.60999998,0.9727973599827735,4739831.873913036,0.029799999999999938,0.016900000000000026,0.0046000000000000485,0.05130000000000001,0.5808966861598427,0.5028961257154569,0.49710387428454306,0.0027512380264600755,0,4,6,2,False,False
2025-06-07,0.6554,0.6708,0.6494,0.6645,52653743.0,1749340799999,34951078.82232,128054.0,25530388.9,16953471.39069,0,0.013884650595056502,0.013789141888585847,0.65892,-0.0050200000000000244,0.67665,-0.00831000000000004,0.7176750000000001,-0.004754999999999954,0.719696,0.0007399999999999629,0.713661,0.00019400000000002748,0.8257055,-0.0003709999999998992,0.0314349984553041,0.032472352936579484,0.03770027241465684,0.8414,0.6186,0.2060143626570913,28.98773006134965,-0.022604105240372485,-0.012664005806325143,-0.009940099434047342,0.7176750000000001,0.812920452992715,0.6224295470072851,0.22085281591307407,100016883.85999998,0.5264485451646624,731078.8240769021,0.009099999999999997,0.006299999999999972,0.006000000000000005,0.021399999999999975,0.42523364485981346,0.48487320075231877,0.5151267992476812,0.002432001842680016,0,5,6,2,False,False
2025-06-08,0.6645,0.6796,0.6517,0.6703,73152581.7,1749427199999,48769745.91142,187305.0,36210908.0,24150822.7852,0,0.008728367193378439,0.008690495210611942,0.6562399999999999,-0.0026800000000000157,0.67147,-0.005179999999999962,0.714065,-0.003610000000000113,0.7205380000000001,0.0008420000000001204,0.714036,0.0003750000000000142,0.8250554999999999,-0.0006500000000000394,0.0308902786326289,0.032395561508939304,0.037712728345003214,0.8414,0.6186,0.23204667863554743,26.234731810939948,-0.0221144781883309,-0.014554100282726294,-0.007560377905604605,0.714065,0.8108099446523562,0.6173200553476437,0.27381247073288795,96885024.63,0.7550452918742269,638502.5942212159,0.005800000000000027,0.009299999999999975,0.012800000000000034,0.027900000000000036,0.20788530465949892,0.49500519542155813,0.5049948045784418,0.002560470124870521,0,6,6,2,False,False
2025-06-09,0.6703,0.708,0.6565,0.7049,99192245.2,1749513599999,67351121.01181,228460.0,50883221.3,34604488.89723,0,0.05161867820378929,0.05033057541591786,0.6641400000000001,0.00790000000000013,0.67307,0.0015999999999999348,0.71201,-0.002054999999999918,0.7222319999999999,0.0016939999999997513,0.7144919999999999,0.00045599999999990093,0.8244710000000001,-0.0005844999999998768,0.032572739295040676,0.03471946582862924,0.03829411600542859,0.8414,0.6186,0.38734290843806074,37.51686909581645,-0.018718736444556572,-0.015387027515092352,-0.00333170892946422,0.71201,0.8076383573885912,0.6163816426114088,0.462824834629815,89352530.79,1.1101223918673966,5120172.585290163,0.034599999999999964,0.0030999999999999917,0.013800000000000034,0.05149999999999999,0.6718446601941742,0.5129757996444665,0.4870242003555335,0.0023032042428252244,0,0,6,2,False,False
2025-06-10,0.705,0.7206,0.6859,0.7167,146832550.3,1749599999999,103406010.20756,353212.0,72643885.4,51165599.46912,0,0.016739963115335543,0.01660139422004366,0.68236,0.018219999999999903,0.6761600000000001,0.003090000000000148,0.70938,-0.002630000000000021,0.7240819999999999,0.0018500000000000183,0.7103090000000001,-0.004182999999999826,0.822967,-0.0015040000000000608,0.03273755869867334,0.03413005528597298,0.03833922206838101,0.8414,0.6186,0.44030520646319554,41.03448275862069,-0.014903625546219934,-0.01529034712131787,0.0003867215750979359,0.70938,0.801191284709441,0.617568715290559,0.5398643806323259,92907924.72999999,1.580409321666699,2457971.476152651,0.011700000000000044,0.0039000000000000146,0.019100000000000006,0.034700000000000064,0.33717579250720525,0.4947396558295698,0.5052603441704302,0.0024055429077431204,0,1,6,2,False,False
2025-06-11,0.7167,0.7315,0.6909,0.698,113621215.0,1749686399999,81320676.73412,284598.0,52962538.2,37938698.4896,0,-0.026091809683270628,-0.026438240237501152,0.69088,0.008520000000000083,0.67741,0.0012499999999998623,0.703815,-0.005565000000000042,0.724454,0.00037200000000015,0.708711,-0.0015980000000000993,0.821128,-0.001839000000000035,0.034176000699345524,0.03190451740740477,0.03653828405367228,0.8414,0.6186,0.35637342908438024,39.66666666666665,-0.013236474551269972,-0.014879572607308291,0.001643098056038319,0.703815,0.7827091269243532,0.6249208730756467,0.4631468131615446,95054351.92999999,1.1953289112283152,-2964583.1177619738,0.01870000000000005,0.014800000000000035,0.007099999999999995,0.04060000000000008,0.46059113300492643,0.4661324753480237,0.5338675246519763,0.0025047963093864116,0,2,6,2,False,False
2025-06-12,0.6979,0.7003,0.6569,0.6613,99094622.1,1749772799999,67245294.60862,246980.0,46277016.7,31457475.741,0,-0.05257879656160447,-0.05401150808175566,0.69024,-0.0006400000000000849,0.67458,-0.002829999999999999,0.6995250000000001,-0.004289999999999905,0.7237259999999999,-0.000728000000000173,0.705915,-0.0027960000000000207,0.8193215,-0.0018064999999999332,0.03825558914155711,0.029470990155624155,0.03712006589800409,0.7771,0.6186,0.2694006309148263,37.898089171974526,-0.014707094432135026,-0.014845076972273639,0.0001379825401386127,0.6995250000000001,0.7778377300265329,0.6212122699734672,0.25594644710349646,97669573.35,1.0145905086008036,-5210275.975744974,0.036599999999999966,0.0024000000000000687,0.0043999999999999595,0.043399999999999994,0.8433179723502298,0.4669982660946038,0.5330017339053962,0.0024923653248383497,0,3,6,2,False,False
2025-06-13,0.6613,0.6614,0.6174,0.642,180308681.7,1749859199999,114227561.42233,421022.0,86283744.7,54670644.27138,0,-0.029184938756993795,-0.02961929099065551,0.6845800000000001,-0.005659999999999887,0.67041,-0.004170000000000007,0.69429,-0.005235000000000101,0.722128,-0.0015979999999998773,0.7025939999999999,-0.0033210000000000184,0.817814,-0.001507499999999995,0.0391041127575832,0.02990162207903903,0.036986324641185835,0.7771,0.6174,0.15403882279273673,40.117994100294986,-0.017231288419341295,-0.01532231926168717,-0.0019089691576541258,0.69429,0.773319292370802,0.6152607076291979,0.16917329997934485,108149209.66,1.667221445878849,-5262297.832768788,0.019299999999999984,9.999999999998899e-05,0.024600000000000066,0.04400000000000004,0.4386363636363629,0.478533500919052,0.521466499080948,0.0023350068118211972,0,4,6,2,False,False
2025-06-14,0.6421,0.6428,0.6131,0.6247,57750191.8,1749945599999,36385016.6694,137522.0,28097695.9,17699245.80091,0,-0.02694704049844232,-0.027316769190436904,0.6685399999999999,-0.016040000000000165,0.6663399999999999,-0.004070000000000018,0.6875349999999999,-0.0067550000000000665,0.7203519999999999,-0.0017760000000001108,0.699776,-0.002817999999999987,0.8161359999999999,-0.0016780000000001793,0.03911504240477283,0.029625554791030777,0.037133438808922864,0.7771,0.6131,0.07073170731707348,37.85288270377734,-0.020392622301974694,-0.016336379869744677,-0.004056242432230017,0.6875349999999999,0.7660814602706626,0.6089885397293372,0.10001380212757408,106775046.18,0.5408585045483891,-1556196.7572274115,0.01739999999999997,0.0007000000000000339,0.011600000000000055,0.02970000000000006,0.5858585858585837,0.48653857284678315,0.5134614271532169,0.0023813254244464694,0,5,6,2,False,False
2025-06-15,0.6247,0.6359,0.6208,0.6334,44666279.5,1750031999999,28093026.33676,111752.0,23000871.8,14469956.72283,0,0.013926684808708067,0.013830599605015089,0.65188,-0.016659999999999897,0.66712,0.0007800000000001139,0.6811849999999999,-0.006349999999999967,0.7188800000000001,-0.0014719999999998068,0.697929,-0.001846999999999932,0.8142450000000001,-0.001890999999999754,0.03442937889717899,0.030004776072791728,0.037186252884882365,0.7756,0.6131,0.12492307692307685,39.97691419776836,-0.021943039192334535,-0.017457711734262648,-0.004485327458071887,0.6811849999999999,0.7553401510082126,0.6070298489917872,0.1778039060650839,96677676.87,0.4620123377608835,622053.1961741586,0.00869999999999993,0.0025000000000000577,0.0039000000000000146,0.015100000000000002,0.5761589403973463,0.5149493545796667,0.4850506454203332,0.00250193213428488,0,6,6,2,False,False
2025-06-16,0.6333,0.6575,0.6247,0.6303,99602152.2,1750118399999,64255041.15464,230737.0,46813593.3,30218485.9629,0,-0.004894221660877829,-0.004906237585475023,0.63834,-0.013539999999999996,0.6646099999999999,-0.0025100000000001232,0.674785,-0.006399999999999961,0.717422,-0.0014580000000000704,0.6961799999999999,-0.0017490000000001116,0.812236,-0.0020090000000001496,0.030429720292856705,0.02998647357356649,0.03718530239822172,0.7652,0.6131,0.11308349769888226,38.54770181537272,-0.023154983602817758,-0.01859716610797367,-0.004557817494844088,0.674785,0.7427533293120547,0.6068166706879452,0.17275199750930026,96687426.25,1.030145863459676,-487475.0107672903,0.0030000000000000027,0.0242,0.005599999999999938,0.03279999999999994,0.09146341463414659,0.47000584089788366,0.5299941591021163,0.0023165864883791134,0,0,6,2,False,False
2025-06-17,0.6302,0.6426,0.5998,0.609,110370304.8,1750204799999,68473477.3862,280961.0,49640956.5,30830306.2097,0,-0.0337934316991908,-0.03437762880916734,0.62788,-0.010460000000000025,0.65906,-0.005549999999999944,0.667855,-0.006929999999999992,0.7154900000000001,-0.0019319999999999338,0.695055,-0.0011249999999999316,0.8099034999999999,-0.0023325000000000706,0.03113372349110971,0.0304896530517074,0.0374557387901962,0.7652,0.5998,0.055622732769044655,36.38352169157856,-0.02553978354148334,-0.019985689594675605,-0.005554093946807736,0.667855,0.7327576631518985,0.6029523368481015,0.046590254222269346,102459082.42999999,1.0772134805658147,-3729791.3568776706,0.021199999999999997,0.012399999999999967,0.009199999999999986,0.04279999999999995,0.4953271028037388,0.4497673227409625,0.5502326772590375,0.002545621310995963,0,1,6,2,False,False
2025-06-18,0.609,0.6217,0.588,0.6039,120946782.8,1750291199999,72821096.55738,310075.0,52066549.0,31364486.33535,0,-0.008374384236453203,-0.008409646396041533,0.6202599999999999,-0.007620000000000071,0.65242,-0.006639999999999979,0.661945,-0.005909999999999971,0.7136520000000001,-0.0018380000000000063,0.694382,-0.0006729999999999237,0.807528,-0.002375499999999864,0.03056206614086711,0.02994602081039445,0.03742893831024613,0.7315,0.588,0.11080139372822312,38.222903102259664,-0.02752400248440945,-0.021493352172622375,-0.006030650311787074,0.661945,0.7275720956557491,0.5963179043442509,0.057766503149258804,107238502.53999999,1.12782983662875,-1012854.8313300493,0.005099999999999993,0.012700000000000045,0.015900000000000025,0.03370000000000006,0.1513353115726998,0.4304913929467498,0.5695086070532502,0.002563730864282237,0,2,6,2,False,False
2025-06-19,0.604,0.6117,0.5898,0.602,69309415.7,1750377599999,41632721.26293,177616.0,30297780.8,18206272.72084,0,-0.003146216260970336,-0.0031511760050344302,0.6157199999999999,-0.0045399999999999885,0.6421300000000001,-0.01028999999999991,0.6576000000000001,-0.004344999999999932,0.71206,-0.0015920000000000378,0.6931609999999999,-0.0012210000000001386,0.80479,-0.002738000000000018,0.022013027491296026,0.028624948150721315,0.03733668180604336,0.7315,0.588,0.09756097560975613,44.71326164874551,-0.028916493080896832,-0.02297798035427727,-0.005938512726619563,0.6576000000000001,0.7271051683046016,0.5880948316953986,0.1000297434261507,104250219.59,0.6648371195051983,-218062.41071369272,0.0020000000000000018,0.00770000000000004,0.012199999999999989,0.02190000000000003,0.09132420091324196,0.43713802077255137,0.5628619792274486,0.002562653258668288,0,3,6,2,False,False
2025-06-20,0.6021,0.6071,0.5613,0.5774,140958123.2,1750463999999,82324466.0219,287110.0,62249012.8,36348762.33483,0,-0.040863787375415184,-0.04172217807998622,0.60452,-0.011199999999999988,0.6282,-0.013930000000000109,0.65218,-0.005420000000000091,0.7095079999999999,-0.0025520000000001097,0.6915749999999999,-0.0015859999999999763,0.801666,-0.0031240000000000157,0.02011302259699168,0.029639581727173188,0.037365429942373005,0.7315,0.5613,0.0945945945945946,32.11009174311927,-0.03164033621967299,-0.024710451527356413,-0.00692988469231658,0.65218,0.7289522153687775,0.5754077846312224,0.01297484616803045,103662776.88,1.3597756826751137,-5760082.775282377,0.024699999999999944,0.0050000000000000044,0.016100000000000003,0.04579999999999995,0.5393013100436674,0.4416135188723909,0.5583864811276091,0.0020368460751469487,0,4,6,2,False,False
2025-06-21,0.5775,0.5882,0.5443,0.5561,140946671.2,1750550399999,80131680.49216,283960.0,61302039.7,34859696.41879,0,-0.03688950467613439,-0.03758713303531641,0.58968,-0.014839999999999964,0.6140100000000001,-0.014189999999999925,0.64571,-0.006469999999999976,0.706668,-0.0028399999999999537,0.690106,-0.0014689999999999426,0.7984895000000001,-0.0031764999999999155,0.02068678390937155,0.030254943331070216,0.03765662862958289,0.7315,0.5443,0.0630341880341882,26.455256298870538,-0.03511297302390304,-0.02679095582666574,-0.008322017197237297,0.64571,0.7318925455524097,0.5595274544475903,-0.019884852702024086,106395322.5,1.3247449971308654,-5199452.886317976,0.021399999999999975,0.010699999999999932,0.011800000000000033,0.04389999999999994,0.4874715261958999,0.4349307378321398,0.5650692621678602,0.0020146626917997056,0,5,6,2,False,False
2025-06-22,0.5562,0.5642,0.51,0.5419,254432354.9,1750636799999,136603457.16723,461825.0,121168274.9,65069375.19644,0,-0.02553497572379071,-0.0258666516214498,0.57626,-0.013419999999999987,0.60207,-0.011940000000000062,0.638325,-0.007384999999999975,0.703516,-0.0031519999999999326,0.6881520000000001,-0.0019539999999999003,0.7952635000000001,-0.003225999999999951,0.017859433202571915,0.03020115423462967,0.03777031999452491,0.7315,0.51,0.14401805869074508,23.09304274937132,-0.0385663155568593,-0.029146027772704454,-0.009420287784154845,0.638325,0.7335142491718115,0.5431357508281885,-0.006491020986824015,121929095.78,2.0867238723649626,-6496924.005718403,0.01429999999999998,0.008000000000000007,0.03190000000000004,0.054200000000000026,0.26383763837638324,0.47622982127262464,0.5237701787273753,0.0018151189937361224,0,6,6,2,False,False
2025-06-23,0.5419,0.5862,0.5289,0.5823,214940626.1,1750723199999,119108968.50695,428594.0,103593894.7,57450091.33709,0,0.07455250046133965,0.07190429627100567,0.57194,-0.0043199999999999905,0.5961000000000001,-0.00596999999999992,0.633255,-0.005070000000000019,0.701638,-0.0018780000000000463,0.686507,-0.0016450000000001186,0.7923765,-0.002887000000000084,0.034255776940505724,0.03582750771525563,0.03914149846065091,0.7315,0.51,0.326410835214447,24.918166939443537,-0.03760963160909736,-0.030838748539983037,-0.006770883069114324,0.633255,0.7290678982636614,0.5374421017363387,0.23409112487245617,125392290.21999998,1.7141454687755364,16024361.126480883,0.04039999999999999,0.0039000000000000146,0.013000000000000012,0.05730000000000002,0.7050610820244324,0.481965166751694,0.518034833248306,0.0019940111265917635,0,0,6,2,False,False
2025-06-24,0.5823,0.5936,0.5762,0.5875,148093981.2,1750809599999,86538716.27419,285800.0,66302166.6,38744446.94813,0,0.00893010475699807,0.008890467175239723,0.56904,-0.0029000000000000137,0.59238,-0.0037200000000000566,0.62936,-0.003894999999999982,0.700144,-0.0014939999999999953,0.685333,-0.0011740000000000084,0.7891749999999998,-0.0032015000000001903,0.034068387056612866,0.035700342137982496,0.0390807441147723,0.7315,0.51,0.34988713318284426,22.834314550042023,-0.036016678298353866,-0.031874334491657205,-0.004142343806696661,0.62936,0.726000765071903,0.532719234928097,0.28342472781100614,134426669.16,1.1016711350910036,1322494.7659969025,0.005199999999999982,0.006099999999999994,0.006099999999999994,0.01739999999999997,0.29885057471264315,0.4477033169258874,0.5522966830741127,0.0019298556071230802,0,1,6,2,False,False
2025-06-25,0.5875,0.5907,0.5631,0.5671,106514611.1,1750895999999,61350103.14402,225158.0,47624096.9,27447965.59119,0,-0.03472340425531906,-0.03534059099833161,0.56698,-0.0020599999999999508,0.58575,-0.006630000000000025,0.6264350000000001,-0.0029249999999999554,0.6979080000000001,-0.0022359999999999047,0.6838289999999999,-0.0015040000000000608,0.785959,-0.0032159999999998856,0.03444035801833668,0.03410015906596891,0.03915864742108687,0.7315,0.51,0.2577878103837473,22.672233820459283,-0.03598554190619474,-0.03269657597456471,-0.003288965931630028,0.6264350000000001,0.7270158242684702,0.5258541757315299,0.2050382096610028,140611502.32,0.757509942946181,-3698549.900323394,0.020399999999999974,0.0031999999999999806,0.0040000000000000036,0.027599999999999958,0.7391304347826089,0.4471132777764045,0.5528867222235955,0.0021138696153958922,0,2,6,2,False,False
2025-06-26,0.5671,0.5819,0.5498,0.5543,101834511.0,1750982399999,57309204.39403,225458.0,45681435.6,25729974.62183,0,-0.022570975136660287,-0.02282959859422341,0.56662,-0.00036000000000002697,0.57815,-0.00759999999999994,0.62138,-0.005055000000000032,0.695564,-0.0023440000000001238,0.682355,-0.0014739999999998643,0.7827625,-0.0031964999999999355,0.034575537171132986,0.032017055975674204,0.039242243740924304,0.7315,0.51,0.2,25.18552875695731,-0.03657213827238115,-0.033471688434128004,-0.0031004498382531456,0.62138,0.7259158785046332,0.5168441214953668,0.17915322012132448,140834738.2,0.7230780722252232,-2298504.2158349585,0.012800000000000034,0.014799999999999924,0.0045000000000000595,0.03210000000000002,0.3987538940809977,0.4485850145634813,0.5514149854365187,0.0022139645763114627,0,3,6,2,False,False
2025-06-27,0.5544,0.5633,0.545,0.5587,80562142.4,1751068799999,44656696.47917,175834.0,33100416.6,18362194.10065,0,0.007937939743821065,0.007906600039344116,0.5699799999999999,0.0033599999999999186,0.5731200000000001,-0.005029999999999979,0.61609,-0.005290000000000017,0.691352,-0.0042119999999999935,0.680506,-0.0018489999999999895,0.780539,-0.002223500000000045,0.03420164957161056,0.03183155918281078,0.03291212922639569,0.7315,0.51,0.2198645598194129,29.247633283507696,-0.036263948664437606,-0.03403014048018993,-0.0022338081842476765,0.61609,0.7221352515128314,0.5100447484871686,0.2294079688563146,137853921.95999998,0.5844022517065283,639497.4320043322,0.0042999999999999705,0.0046000000000000485,0.009399999999999964,0.018299999999999983,0.234972677595627,0.41086812755863356,0.5891318724413664,0.00218258843126297,0,4,6,2,False,False
2025-06-28,0.5586,0.5688,0.5554,0.5654,60272689.6,1751155199999,33873566.67376,103394.0,27126660.9,15242292.67889,0,0.011992124574906171,0.011920788794387016,0.5666,-0.0033799999999999386,0.56927,-0.00385000000000002,0.6108450000000001,-0.005244999999999944,0.687112,-0.0042400000000000215,0.6789799999999999,-0.0015260000000001384,0.7782585000000001,-0.0022804999999999076,0.03478285300457448,0.031930896036839525,0.03292763355409071,0.7315,0.51,0.2501128668171557,34.40294581799051,-0.03507475226317758,-0.03423906283678746,-0.0008356894263901182,0.6108450000000001,0.715973622473409,0.5057163775265912,0.2838600043889339,131786512.64000002,0.45735097160243054,722797.6021478516,0.006800000000000028,0.0033999999999999586,0.0031999999999999806,0.013399999999999967,0.5074626865671675,0.45006554510884145,0.5499344548911586,0.001715436969648688,0,5,6,2,False,False
2025-06-29,0.5654,0.5857,0.555,0.5773,103251178.3,1751241599999,58496308.09829,177795.0,48889911.5,27719232.10021,0,0.02104704633887522,0.02082861680739801,0.56456,-0.0020400000000000418,0.5668,-0.0024700000000000832,0.604465,-0.006380000000000052,0.6818460000000001,-0.005265999999999882,0.677703,-0.0012769999999998616,0.7757109999999998,-0.002547500000000258,0.03583142469198217,0.029571494712048903,0.030701762062416926,0.7315,0.51,0.3038374717832958,35.48887739265392,-0.03279404565520272,-0.033950059400470516,0.0011560137452677963,0.604465,0.7006686934404166,0.5082613065595835,0.35881519186773975,135180688.9,0.7638012436552984,2173132.3342235675,0.011900000000000022,0.008399999999999963,0.010399999999999965,0.03069999999999995,0.3876221498371349,0.4735046350555788,0.5264953649444212,0.0017219658208975617,0,6,6,2,False,False
2025-06-30,0.5773,0.5905,0.5561,0.5722,113245597.3,1751327999999,64727221.53763,230147.0,54955991.1,31430616.65101,0,-0.008834228304174574,-0.008873481450877976,0.5655800000000001,0.001020000000000132,0.56628,-0.0005199999999999649,0.59724,-0.007225000000000037,0.677184,-0.004662000000000055,0.676411,-0.0012920000000000709,0.7729564999999999,-0.002754499999999882,0.03348635622172899,0.028921858139248777,0.030286283217402465,0.7315,0.51,0.28081264108352155,35.12544802867386,-0.031040283547470682,-0.03336810422987055,0.002327820682399867,0.59724,0.6784963040469302,0.5159836959530698,0.34591964713569845,132409436.30999999,0.855268328722938,-1000437.4609908157,0.005099999999999993,0.01319999999999999,0.016100000000000003,0.034399999999999986,0.14825581395348825,0.4852814803423709,0.514718519657629,0.0020322820973809282,0,0,6,2,False,False
2025-07-01,0.5722,0.5765,0.5366,0.542,122582583.1,1751414399999,67859772.75825,225007.0,57362020.0,31778683.80461,0,-0.05277874868926946,-0.054222579176363646,0.56312,-0.0024600000000001288,0.56487,-0.0014100000000000223,0.58944,-0.007800000000000029,0.6716840000000001,-0.005499999999999949,0.6747239999999999,-0.001687000000000105,0.77006,-0.0028964999999999685,0.03571263441151061,0.030249540835102316,0.030829808145204664,0.7003,0.51,0.16815554387808737,33.59451518119492,-0.03172163479015966,-0.033038810341928376,0.0013171755517687178,0.58944,0.6590923215315586,0.5197876784684413,0.15945140838912727,130573027.5,0.9388047856974137,-6469755.347116389,0.030200000000000005,0.0042999999999999705,0.005400000000000071,0.03990000000000005,0.7568922305764403,0.46794592306156096,0.5320540769384391,0.0018355544018553156,0,1,7,3,False,False
2025-07-02,0.542,0.5998,0.5387,0.584,185381208.3,1751500799999,107307595.68072,300621.0,88015351.5,50904553.45209,0,0.07749077490774892,0.0746349813885807,0.56818,0.0050600000000000644,0.56908,0.004210000000000047,0.585575,-0.0038650000000000073,0.666766,-0.004918000000000089,0.673244,-0.0014799999999999258,0.767675,-0.0023849999999999705,0.042402345058530945,0.034745087769324084,0.032951345768337297,0.6614,0.51,0.4887714663143987,45.873081708834505,-0.028543529526851463,-0.032139754178912995,0.003596224652061532,0.585575,0.6464654754456622,0.5246845245543377,0.48706694283077573,123667912.84,1.4990243147375173,14365333.484501816,0.041999999999999926,0.015800000000000036,0.0033000000000000806,0.06110000000000004,0.6873977086743027,0.4747803313352338,0.5252196686647662,0.001621636857137693,0,2,7,3,False,False
2025-07-03,0.584,0.6119,0.5827,0.5992,113126506.8,1751587199999,67774049.97046,243376.0,54835057.3,32856956.60863,0,0.026027397260274032,0.025694449374782723,0.57494,0.006759999999999988,0.57077,0.0016899999999999693,0.5834349999999999,-0.0021400000000000308,0.662778,-0.0039879999999999916,0.6717879999999999,-0.0014560000000000128,0.7651730000000001,-0.002501999999999893,0.036318722827774444,0.03496800109585763,0.032950998203048594,0.6575,0.51,0.6047457627118642,49.44968553459118,-0.0245157430154066,-0.030614951946211718,0.006099208930805119,0.5834349999999999,0.6387267724915919,0.5281432275084079,0.6425618974540683,113486500.91,0.9968278684503147,2944388.5331506915,0.015199999999999991,0.012700000000000045,0.0012999999999999678,0.029200000000000004,0.5205479452054791,0.48472333187963335,0.5152766681203667,0.002151361399590215,0,3,7,3,False,False
2025-07-04,0.5992,0.6034,0.5629,0.5724,84798877.1,1751673599999,49123867.65846,188445.0,39586986.8,22915460.86,0,-0.0447263017356474,-0.04575738452071374,0.5739599999999999,-0.000980000000000092,0.56926,-0.0015100000000000113,0.58082,-0.002614999999999923,0.6589779999999998,-0.0038000000000001366,0.670225,-0.001562999999999981,0.7626474999999999,-0.0025255000000001804,0.03926358739117753,0.03582767198858139,0.032936116759927164,0.6575,0.51,0.4230508474576273,49.0257209664848,-0.023218579873785616,-0.029135677531726502,0.0059170976579408854,0.58082,0.6327385840371238,0.5289014159628762,0.4189115019587268,107156990.5,0.7913517979958572,-3792740.1640186803,0.026799999999999935,0.0042000000000000925,0.009500000000000064,0.04050000000000009,0.6617283950617253,0.46683385622331547,0.5331661437766845,0.0022222582001619456,0,4,7,3,False,False
2025-07-05,0.5725,0.5835,0.5687,0.5755,35696806.4,1751759999999,20554975.26339,91220.0,17780051.3,10231348.1239,0,0.00541579315164209,0.005401180479641374,0.57462,0.000660000000000105,0.5700999999999999,0.0008399999999999519,0.577925,-0.002894999999999981,0.655312,-0.003665999999999836,0.668599,-0.0016259999999999053,0.7602639999999999,-0.002383499999999983,0.03755115614992397,0.035656661240185225,0.032970216225136136,0.6575,0.51,0.4440677966101696,54.06879194630872,-0.02169039131697381,-0.027646620288775965,0.0059562289718021535,0.577925,0.6235777799349428,0.5322722200650573,0.47344082875724386,100075210.03,0.35669978998094537,193326.51963661352,0.0030000000000000027,0.008000000000000007,0.0038000000000000256,0.014800000000000035,0.2027027027027024,0.4980852096617809,0.5019147903382192,0.0025554106711349954,0,5,7,3,False,False
2025-07-06,0.5756,0.5931,0.5707,0.5858,54435116.4,1751846399999,31717884.86786,124379.0,28685328.9,16706684.14826,0,0.017897480451781078,0.017739206231695788,0.58338,0.00875999999999999,0.57325,0.003150000000000097,0.5757000000000001,-0.0022249999999999215,0.652174,-0.003137999999999974,0.667395,-0.0012040000000000939,0.7583525,-0.001911499999999955,0.03676944849631191,0.035995464169557075,0.033041121331400296,0.6426,0.51,0.5716440422322776,59.36034115138592,-0.019424256221842295,-0.02600214747538923,0.006577891253546936,0.5757000000000001,0.6144154260021142,0.536984573997886,0.6304389624880838,95335270.57000001,0.5709861216582058,974251.4316594276,0.010199999999999987,0.007299999999999973,0.0049000000000000155,0.022399999999999975,0.4553571428571428,0.5269636733981522,0.4730363266018478,0.0022849037207165776,0,6,7,3,False,False
2025-07-07,0.5858,0.5947,0.5734,0.5805,79484536.9,1751932799999,46433077.37291,171839.0,37488232.5,21912598.08699,0,-0.009047456469784887,-0.009088633255686892,0.58268,-0.0007000000000000339,0.5754300000000001,0.0021800000000000708,0.5742750000000001,-0.0014250000000000096,0.6485920000000001,-0.003581999999999974,0.666468,-0.0009270000000000111,0.756852,-0.0015005000000000157,0.0370686185106438,0.03530159642672957,0.03281697433515833,0.6217,0.51,0.631154879140555,49.54864593781344,-0.017850227230251203,-0.024371763426361624,0.006521536196110421,0.5742750000000001,0.6097958982223871,0.5387541017776131,0.5876244733596943,95227510.02,0.8346804078286453,-719132.8876237606,0.005299999999999971,0.008900000000000019,0.007099999999999995,0.021299999999999986,0.24882629107981102,0.47164183075211447,0.5283581692478855,0.002161917357789877,0,0,7,3,False,False
2025-07-08,0.5806,0.5921,0.5722,0.5884,72621236.5,1752019199999,42273682.95172,140692.0,36164607.5,21047136.45074,0,0.013608957795004262,0.01351718758933622,0.58052,-0.0021599999999999397,0.5777300000000001,0.0022999999999999687,0.5735,-0.0007750000000000812,0.64551,-0.003082000000000029,0.6657400000000001,-0.0007279999999998399,0.7550435,-0.0018084999999999907,0.03710868267160901,0.035428459164479086,0.03281751425919138,0.6119,0.51,0.7693817468105989,50.222662048490854,-0.01578339280971386,-0.022654089303032074,0.006870696493318215,0.5735,0.6069132025591985,0.5400867974408016,0.7229657569279924,96462364.71000001,0.7528452854989106,988299.342549523,0.007800000000000029,0.0036999999999999256,0.008399999999999963,0.019899999999999918,0.39195979899497796,0.49798942076674774,0.5020105792332522,0.0019373396375590493,0,1,7,3,False,False
2025-07-09,0.5883,0.6281,0.584,0.6227,148070206.3,1752105599999,90250880.5708,288947.0,74702071.9,45553077.09256,0,0.05829367777022432,0.05665787315112381,0.59058,0.010059999999999958,0.5822700000000001,0.0045399999999999885,0.574535,0.0010350000000000081,0.6430440000000001,-0.0024659999999999682,0.665349,-0.00039100000000014123,0.753631,-0.0014124999999999277,0.04064277064840642,0.03779110837525517,0.03396633214864608,0.6281,0.51,0.9542760372565625,62.87037037037038,-0.011248028032259216,-0.0203728770488775,0.009124849016618284,0.574535,0.6126209567985632,0.5364490432014368,1.1323196795966677,100944267.51,1.4668510649733675,8631556.89342284,0.034399999999999986,0.00539999999999996,0.0043000000000000815,0.04410000000000003,0.7800453514739221,0.5045044088656747,0.4954955911343253,0.0019514189060733413,0,2,7,3,False,False
2025-07-10,0.6227,0.6267,0.6173,0.6189,17343075.4,1752191999999,10784168.31458,41381.0,8238718.3,5125857.23148,0,-0.006102457041914255,-0.006121153133090468,0.5992599999999999,0.00867999999999991,0.58694,0.004669999999999952,0.5766100000000001,0.002075000000000049,0.640036,-0.0030080000000000107,0.664768,-0.0005809999999999427,0.7523085,-0.0013225000000000042,0.040523554483250734,0.036474940628287315,0.03360591502636816,0.6281,0.51,0.922099915325995,65.60386473429952,-0.007869630807390005,-0.017872227800580003,0.010002596993189998,0.5766100000000001,0.6195640709424052,0.533655929057595,0.9922699882940597,91354015.32000001,0.18984469745801205,-105835.37260317989,0.0038000000000000256,0.0040000000000000036,0.0016000000000000458,0.009400000000000075,0.40425531914893564,0.4750436765096461,0.5249563234903539,0.002386024337990251,0,3,7,3,False,False
