timestamp,open,high,low,close,volume,close_time,quote_asset_volume,number_of_trades,taker_buy_base,taker_buy_quote,ignore,returns,log_returns,ma_5,ma_5_slope,ma_10,ma_10_slope,ma_20,ma_20_slope,ma_50,ma_50_slope,ma_100,ma_100_slope,ma_200,ma_200_slope,volatility_10,volatility_20,volatility_50,high_20,low_20,price_position,rsi,macd,macd_signal,macd_histogram,bb_middle,bb_upper,bb_lower,bb_position,volume_ma_10,volume_ratio,volume_price_trend,body_size,upper_wick,lower_wick,total_range,body_ratio,buy_pressure,sell_pressure,trade_intensity,hour,day_of_week,month,quarter,gap_up,gap_down
2024-07-11,3101.06,3217.24,3054.76,3099.57,289229.32,1720742399999,907129989.222096,1413031.0,148734.7368,466509910.1477,0,,,,,,,,,,,,,,,,,,,,,,0.0,0.0,0.0,,,,,,,,1.4899999999997817,116.17999999999984,44.809999999999945,162.47999999999956,0.009170359428851462,0.5142450177596103,0.4857549822403897,4.885504000770046,0,3,7,3,False,False
2024-07-12,3099.57,3157.89,3045.58,3133.88,185745.1825,1720828799999,575599522.850663,1094915.0,95406.1253,295730714.463656,0,0.011069277351374529,0.011008461282564313,,,,,,,,,,,,,,,,,,,,2.7369800569804283,0.5473960113960857,2.1895840455843425,,,,,,,2056.0649417741784,34.309999999999945,24.009999999999764,53.99000000000024,112.30999999999995,0.30549372273172437,0.5136398372000845,0.4863601627999154,5.894715465904479,0,4,7,3,False,False
2024-07-13,3133.89,3201.8,3113.37,3175.93,119302.4769,1720915199999,376336968.783293,591291.0,60506.1294,190893440.610938,0,0.013417871775562418,0.013328649364562585,,,,,,,,,,,,,,,,,,,,8.204562949976207,2.0788293991121103,6.125733550864097,,,,,,,1600.7853375511972,42.039999999999964,25.870000000000346,20.519999999999982,88.43000000000029,0.4754042745674525,0.5071657435135783,0.4928342564864217,4.956234064575402,0,5,7,3,False,False
2024-07-14,3175.93,3268.72,3163.67,3245.08,165430.7716,1721001599999,530204017.169411,792858.0,83179.8142,266820311.321886,0,0.021773149911994416,0.021539500325223178,,,,,,,,,,,,,,,,,,,,17.91102176414688,5.245267872119065,12.665753892027816,,,,,,,3601.9489901037086,69.15000000000009,23.639999999999873,12.259999999999764,105.04999999999973,0.6582579723941007,0.502807388223534,0.49719261177646595,4.7926875534200795,0,6,7,3,False,False
2024-07-15,3245.2,3493.63,3233.22,3483.39,314296.8452,1721087999999,1058747637.288266,1617276.0,161760.1858,544978505.522768,0,0.07343732666066782,0.0708659543880182,3227.57,,,,,,,,,,,,,,,,,,,44.32216731070048,13.060647759835348,31.26151955086513,,,,,,,23081.120089369746,238.19000000000005,10.240000000000236,11.980000000000018,260.4100000000003,0.9146730156291992,0.5146732723233839,0.48532672767661617,5.145695939044062,0,0,7,3,False,False
2024-07-16,3483.2,3498.59,3346.55,3444.13,376128.7869,1721174399999,1291412549.937766,1636557.0,193947.8823,665961239.711155,0,-0.011270630047166663,-0.011334624893841374,3296.482,68.91199999999981,,,,,,,,,,,,,,,,,,61.37771248465924,22.724060704800127,38.65365177985912,,,,,,,-4239.208407239487,39.06999999999971,15.390000000000327,97.57999999999993,152.03999999999996,0.2569718495132841,0.5156422189816708,0.4843577810183292,4.35105489661738,0,1,7,3,False,False
2024-07-17,3444.14,3517.0,3376.0,3387.05,297812.5162,1721260799999,1029558208.636794,1285615.0,168234.5187,581998341.750337,0,-0.01657312586923254,-0.016711996605915814,3347.1159999999995,50.63399999999956,,,,,,,,,,,,,,,,,,69.48746767810644,32.07674209946139,37.41072557864505,,,,,,,-4935.684316415455,57.08999999999969,72.86000000000013,11.050000000000182,141.0,0.4048936170212744,0.5649007665850411,0.4350992334149589,4.316860205890836,0,2,7,3,False,False
2024-07-18,3387.05,3489.98,3367.2,3426.5,241950.3457,1721347199999,829503482.767012,1165443.0,128938.7441,442179155.873657,0,0.011647303700860645,0.011579995990526091,3397.2299999999996,50.11400000000003,,,,,,,,,,,,,,,,,,78.19639305555847,41.30067229068081,36.895720764877666,,,,,,,2818.0691568961224,39.44999999999982,63.48000000000002,19.850000000000364,122.7800000000002,0.321306401694085,0.5329140726249435,0.4670859273750565,4.8168685050984,0,3,7,3,False,False
2024-07-19,3426.49,3540.27,3377.0,3503.53,299511.6422,1721433599999,1034724329.319296,1262244.0,158469.6446,547637460.466815,0,0.022480665402013766,0.02223169961375485,3448.9200000000005,51.690000000000964,,,,,,,,,,,,,,,,,,90.27334150734532,51.095206134013715,39.17813537333161,,,,,,,6733.221012305867,77.04000000000042,36.73999999999978,49.48999999999978,163.26999999999998,0.47185643412752143,0.529093438358504,0.470906561641496,4.214340353277927,0,4,7,3,False,False
2024-07-20,3503.53,3539.65,3480.0,3517.5,147510.8165,1721519999999,516504071.765199,667108.0,69139.3433,242092830.77753,0,0.003987406986667663,0.003979478348910874,3455.7419999999997,6.821999999999207,3341.656,,,,,,,,,,,,,,,,,99.8209980834472,60.84036452390042,38.980633559546774,,,,,243691.87037,0.6053169368187488,588.1856603211515,13.9699999999998,22.15000000000009,23.5300000000002,59.65000000000009,0.2341994970662159,0.46870693919587925,0.5312930608041208,4.52243446161116,0,5,7,3,False,False
2024-07-21,3517.5,3547.0,3411.4,3535.92,218890.9656,1721606399999,764360242.601174,961322.0,103673.5899,362208133.511289,0,0.005236673773987288,0.005223010078664497,3474.1,18.358000000000175,3385.291,43.63500000000022,,,,,,,,,0.024557580606761994,,,,,,,107.6331962774475,70.19893087460983,37.43426540283767,,,,,236658.03493000002,0.9249251379305365,1146.2605789202737,18.420000000000073,11.079999999999927,106.09999999999991,135.5999999999999,0.1358407079646024,0.4736311963164916,0.5263688036835084,4.391784728825738,0,6,7,3,False,False
2024-07-22,3535.93,3562.82,3422.34,3439.6,207859.5043,1721692799999,724117324.169122,1069762.0,96899.9188,337741204.49652,0,-0.02724043530396625,-0.027618334530467182,3484.6099999999997,10.509999999999764,3415.863,30.57199999999966,,,,,,,,,0.027761607941756968,,,,,,,104.84362852314734,77.12787040431733,27.71575811883001,,,,,238869.46711,0.8701802989508081,-5662.183379198645,96.32999999999993,26.890000000000327,17.259999999999764,140.48000000000002,0.6857203872437352,0.46617988013743183,0.5338201198625682,5.1465628362898,0,0,7,3,False,False
2024-07-23,3439.61,3541.0,3389.0,3482.51,500568.7811,1721779199999,1737977523.022786,1617621.0,270658.3324,940075969.466857,0,0.012475287824165626,0.012398112613455527,3495.8120000000004,11.20200000000068,3446.5209999999997,30.6579999999999,,,,,,,,,0.027749140363859264,,,,,,,104.88629049885867,82.67955442322561,22.20673607563306,,,,,276996.09753,1.8071329724989573,6244.739620014259,42.90000000000009,58.48999999999978,50.61000000000013,152.0,0.28223684210526373,0.5407015831175653,0.4592984168824347,3.2315658927935487,0,1,7,3,False,False
2024-07-24,3482.51,3487.82,3300.0,3335.81,275479.0506,1721865599999,940244066.497797,980283.0,135067.106,461180607.887137,0,-0.04212478930426622,-0.043037769729975965,3462.268,-33.544000000000324,3455.594,9.07300000000032,,,,,,,,,0.03170789250879993,,,,,,62.90985398268776,92.0218656593297,84.54801667044643,7.473848988883276,,,,,288000.92542999994,0.9565214076610895,-11604.496964264294,146.70000000000027,5.309999999999945,35.809999999999945,187.82000000000016,0.7810669790224691,0.49029901078074933,0.5097009892192507,3.5584665979678674,0,2,7,3,False,False
2024-07-25,3335.82,3342.5,3087.53,3175.48,494282.6398,1721951999999,1570457188.18384,2011527.0,239121.0612,759567456.513645,0,-0.04806328897629064,-0.049256726417778035,3393.864,-68.404,3424.803,-30.791000000000167,,,,,,,,,0.024194282910851055,,,,,,53.529745464014354,68.10436054962065,81.25928544628128,-13.154924896660631,,,,,305999.50489,1.6153053580190715,-23756.84935267118,160.34000000000015,6.679999999999836,87.94999999999982,254.9699999999998,0.6288582970545565,0.4837739421654679,0.5162260578345321,4.069588607874065,0,3,7,3,False,False
2024-07-26,3175.47,3286.36,3171.0,3274.61,260237.4641,1722038399999,844064770.724818,1169246.0,128738.672,417477416.189299,0,0.031217327774068826,0.03073997600638479,3341.602,-52.26200000000017,3407.851,-16.95199999999977,,,,,,,,,0.027274954371863405,,,,,,56.17177289910622,56.4972626938702,76.30688089579908,-19.809618201928885,,,,,294410.37261,0.88392763404682,8123.918215902169,99.14000000000033,11.75,4.4699999999998,115.36000000000013,0.8593966712898771,0.4946969201580073,0.5053030798419927,4.492996440937882,0,4,7,3,False,False
2024-07-27,3274.6,3327.59,3191.01,3249.01,231991.9037,1722124799999,757931406.545815,1076809.0,118058.3171,385871810.970836,0,-0.007817724858838138,-0.007848443474350228,3303.4840000000004,-38.11799999999948,3394.047,-13.804000000000087,,,,,,,,,0.026990360969958178,,,,,,53.251873342470155,44.7173739157879,69.98897949979686,-25.271605584008952,,,,,287828.31136,0.8060079378704242,-1813.6488726046732,25.58999999999969,52.99000000000024,58.0,136.57999999999993,0.1873627178210551,0.5088898156233372,0.49111018437666276,4.6415800845898225,0,5,7,3,False,False
2024-07-28,3249.0,3284.3,3198.11,3270.16,103529.8329,1722211199999,336422802.722383,682428.0,52499.4791,170673348.408274,0,0.00650967525492363,0.006488578823412966,3261.014,-42.470000000000255,3378.4130000000005,-15.63399999999956,,,,,,,,,0.02671067168299644,,,,,,51.1657958834576,36.66569611055729,63.32432282194894,-26.658626711391648,,,,,273986.26008000004,0.37786505377959745,673.9455913755083,21.159999999999854,14.140000000000327,50.88999999999987,86.19000000000005,0.24550411880728437,0.5070951785531183,0.4929048214468817,6.591607277673874,0,6,7,3,False,False
2024-07-29,3270.16,3396.77,3258.0,3317.66,318471.5055,1722297599999,1061016180.078098,1484898.0,159686.5707,532117930.525702,0,0.014525283166572978,0.014420801773655689,3257.3839999999996,-3.630000000000564,3359.826,-18.587000000000444,,,,,,,,,0.025930373817173308,,,,,,40.6351358987399,33.72873263226529,57.40520478401221,-23.67647215174692,,,,,275882.24641,1.1543747727307772,4625.888797872304,47.5,79.11000000000013,12.159999999999854,138.76999999999998,0.34229300281040576,0.5014155676166137,0.49858443238338634,4.662577261562887,0,0,7,3,False,False
2024-07-30,3317.66,3366.4,3233.18,3279.21,197277.1641,1722383999999,652703227.796507,1183239.0,91006.5842,301189857.217817,0,-0.011589493799846862,-0.01165717542179405,3278.13,20.74600000000055,3335.9970000000003,-23.828999999999724,3338.8265,,,,,,,,0.02578933762626297,,,3562.82,3045.58,0.4516858711623231,40.67236776616443,27.976083381384342,51.519380503486644,-23.543297122102302,3338.8265,3611.3842607368665,3066.2687392631337,0.3906351082448992,280858.88117,0.7024067149957449,-2286.342470188322,38.44999999999982,48.74000000000024,46.0300000000002,133.22000000000025,0.28862032727818454,0.46131332339037817,0.5386866766096219,5.9978508176456495,0,1,7,3,False,False
2024-07-31,3279.2,3350.0,3213.75,3232.74,233711.3352,1722470399999,769347274.945988,1337992.0,112910.4249,371910899.513719,0,-0.014171096087167379,-0.014272464880157914,3269.756,-8.374000000000251,3305.679,-30.31800000000021,3345.4849999999997,6.658499999999549,,,,,,,0.025521179003845155,0.02689397526074105,,3562.82,3045.58,0.36184363158301713,41.166435776192685,19.443197690450233,45.10414394087937,-25.660946250429134,3345.4849999999997,3599.294166480397,3091.6758335196023,0.2778941525961246,282340.91813,0.8277628929873736,-3311.945787779384,46.460000000000036,70.80000000000018,18.98999999999978,136.25,0.34099082568807365,0.4831191640892221,0.5168808359107778,5.724976920160953,0,2,7,3,False,False
2024-08-01,3232.74,3242.57,3080.02,3203.4,323285.6105,1722556799999,1020921619.452479,1835455.0,151515.291,478652865.101788,0,-0.009075892277139452,-0.009117329095398752,3260.634,-9.121999999999844,3282.0589999999997,-23.620000000000346,3348.9610000000002,3.4760000000005675,,,,,,,0.024681876589706987,0.026931245134126158,,3562.82,3080.02,0.2555509527754765,37.07895102627068,10.195800665468596,38.122475285797215,-27.92667462032862,3348.9610000000002,3592.254416693334,3105.6675833066665,0.20085298242270822,293883.52875,1.1000467153605322,-2934.105375647263,29.33999999999969,9.830000000000382,123.38000000000011,162.55000000000018,0.18049830821285548,0.4686731672519028,0.5313268327480972,5.677502927399857,0,3,8,3,False,False
2024-08-02,3203.4,3218.6,2967.0,2989.61,385704.0395,1722643199999,1185594927.514843,2104725.0,177842.9277,547327363.228976,0,-0.06673846538053319,-0.06906980163942816,3204.524,-56.11000000000013,3232.7690000000002,-49.28999999999951,3339.6450000000004,-9.315999999999804,,,,,,,0.029952812866299406,0.0307485393846019,,3562.82,2967.0,0.037947702326206104,24.306055515558754,-14.219975358839292,27.653985156869915,-41.87396051570921,3339.6450000000004,3621.9729796712745,3057.3170203287264,-0.11990844904490207,282397.05458999996,1.3658217507260726,-25741.295687302554,213.78999999999996,15.199999999999818,22.610000000000127,251.5999999999999,0.8497217806041337,0.46108650542147095,0.5389134945785291,5.456839401341037,0,4,8,3,False,False
2024-08-03,2989.61,3018.02,2859.0,2903.64,344595.3157,1722729599999,1013020792.752083,1798017.0,151541.6882,445649429.32525,0,-0.028756259177618593,-0.02917782177676601,3121.72,-82.80400000000009,3189.552,-43.2170000000001,3322.5730000000003,-17.072000000000116,,,,,,,0.028873295618432035,0.030719082102384825,,3562.82,2859.0,0.06342530760705843,21.370606671143946,-40.04509930541826,14.11416826441228,-54.15926756983054,3322.5730000000003,3664.0702992480096,2981.075700751991,-0.11337673961478999,289308.68110000005,1.191099120806852,-9909.2722096625,85.97000000000025,28.409999999999854,44.63999999999987,159.01999999999998,0.5406238209030327,0.43976711607980806,0.5602328839201919,5.217763904734356,0,5,8,3,False,False
2024-08-04,2903.65,2935.46,2630.0,2688.92,512064.2612,1722815999999,1426784556.442743,2184760.0,235563.9823,656402849.740975,0,-0.07394856111639181,-0.07682549632844399,3003.662,-118.05799999999999,3140.8959999999997,-48.656000000000404,3282.8495000000003,-39.72350000000006,,,,,,,0.03316757476151886,0.028485335104219304,,3562.82,2630.0,0.06316331124975887,16.610952553651117,-76.95076508344573,-4.098818405159323,-72.85194667828641,3282.8495000000003,3717.6614529405792,2848.0375470594213,-0.18297282995939865,291086.84324,1.7591460180761413,-37866.415314868216,214.73000000000002,31.809999999999945,58.92000000000007,305.46000000000004,0.7029725659660839,0.46002816472285374,0.5399718352771463,4.26657387664609,0,6,8,3,False,False
2024-08-05,2688.91,2697.44,2111.0,2419.59,2670604.1003,1722902399999,6243689817.192618,7064159.0,1281460.7917,2994688528.683906,0,-0.10016289067729789,-0.10554152167987006,2841.032,-162.62999999999965,3055.394,-85.50199999999995,3231.6225,-51.22700000000032,,,,,,,0.03805361633532899,0.03457361442701156,,3562.82,2111.0,0.21255389786612672,14.617140399198007,-126.47354294277238,-28.573763312681937,-97.89977963009045,3231.6225,3805.57706771879,2657.6679322812097,-0.20740137431736244,532123.5068600001,5.018767383645442,-267495.4265406924,269.3199999999997,8.5300000000002,308.59000000000015,586.44,0.45924561762499094,0.479839296118825,0.520160703881175,2.6451539556935653,0,0,8,3,False,False
2024-08-06,2419.76,2556.23,2414.19,2461.33,642283.8038,1722988799999,1601879002.769123,2870150.0,323805.053,808046548.679428,0,0.017250856550076632,0.017103749924450695,2692.618,-148.41400000000021,2976.626,-78.76799999999957,3185.3365000000003,-46.2859999999996,,,,,,,0.04036837727297988,0.035408109009800987,,3562.82,2111.0,0.24130401840448532,14.547777422893688,-160.50245957964944,-54.959502566075436,-105.54295701357401,3185.3365000000003,3848.837298310709,2521.835701689292,-0.04559580172574109,573152.69687,1.120615513645014,11079.945763791364,41.56999999999971,94.90000000000009,5.570000000000164,142.03999999999996,0.29266403829906873,0.5041463774802413,0.49585362251975873,4.468663203118434,0,1,8,3,False,False
2024-08-07,2461.33,2551.32,2309.04,2342.8,630115.4228,1723075199999,1537271441.495759,2370148.0,307617.0665,750975466.25288,0,-0.04815689078668839,-0.049355059018510734,2563.2560000000003,-129.36199999999963,2883.8900000000003,-92.73599999999988,3131.1515,-54.1850000000004,,,,,,,0.03906453881280082,0.03554489959606339,,3562.82,2111.0,0.15966166604675522,14.838001487199449,-194.78958845948546,-82.92551974475745,-111.864068714728,3131.1515,3882.864750907902,2379.438249092098,-0.024369830548980585,625811.25586,1.0068777397333404,-30344.399598787575,118.52999999999975,89.99000000000024,33.76000000000022,242.2800000000002,0.4892273402674577,0.48819161596309374,0.5118083840369062,3.7614505442002018,0,2,8,3,False,False
2024-08-08,2342.79,2724.1,2320.4,2682.5,586502.8754,1723161599999,1474101815.469424,2112663.0,299400.9503,752709539.426406,0,0.14499743896192574,0.13540240028922618,2519.0280000000002,-44.228000000000065,2820.3740000000003,-63.516000000000076,3090.1,-41.05150000000003,,,,,,,0.06767325355480146,0.05038552406577207,,3562.82,2111.0,0.39364384014547255,34.51131693707505,-192.33432375326583,-104.80728054645914,-87.5270432068067,3090.1,3845.851805987013,2334.348194012987,0.23033474960230255,652614.3928500001,0.8986974265748451,85041.41487680544,339.71000000000004,41.59999999999991,22.389999999999873,403.6999999999998,0.841491206341343,0.5104850510678333,0.4895149489321668,3.602135792700327,0,3,8,3,False,False
2024-08-09,2682.5,2707.98,2552.61,2598.78,406739.9611,1723247999999,1069628608.098305,1710060.0,195440.2941,514507073.994305,0,-0.031209692451071636,-0.0317070913877183,2501.0,-18.028000000000247,2752.3309999999997,-68.04300000000057,3044.164,-45.935999999999694,,,,,,,0.06771780551548535,0.05040937679757703,,3562.82,2111.0,0.3359782893196127,28.55882894144071,-194.89735768710307,-122.82529597458793,-72.07206171251514,3044.164,3802.213578114783,2286.1144218852173,0.20623029623758954,673560.67255,0.6038653645857074,-12694.229093491842,83.7199999999998,25.480000000000018,46.17000000000007,155.3699999999999,0.5388427624380502,0.4805042847804904,0.5194957152195095,4.204307822067105,0,4,8,3,False,False
2024-08-10,2598.79,2644.7,2576.49,2609.92,171012.3619,1723334399999,446695039.692734,758863.0,87017.1045,227278356.489,0,0.004286626801806914,0.004277465388845785,2539.0660000000003,38.06600000000026,2690.049,-62.2819999999997,2997.864,-46.30000000000018,,,,,,,0.06817454402964752,0.0503908962232924,,3562.82,2111.0,0.34365141684230827,29.53667830040662,-193.79571922857485,-137.01938062538534,-56.776338603189515,2997.864,3742.445282782124,2253.282717217876,0.23948848233838946,667290.77522,0.2562786243277808,733.0661739608436,11.13000000000011,34.779999999999745,22.300000000000182,68.21000000000004,0.16317255534379274,0.5088351715233518,0.4911648284766482,4.437474528559213,0,5,8,3,False,False
2024-08-11,2609.92,2720.0,2540.0,2555.38,297098.9145,1723420799999,780682452.75452,1217650.0,143129.6465,376123937.078661,0,-0.020897192251103425,-0.021118628942741847,2557.876,18.809999999999945,2625.2470000000003,-64.80199999999968,2953.653,-44.21100000000024,,,,,,,0.06808285339991062,0.050322358928714554,,3541.0,2111.0,0.31075524475524485,27.592260523906845,-195.07488318011474,-148.63048113633124,-46.4444020437835,2953.653,3692.781257201471,2214.5247427985287,0.23057923566069355,664672.10562,0.44698568209488626,-6208.533133900639,54.539999999999964,110.07999999999993,15.38000000000011,180.0,0.3029999999999998,0.4817575545197759,0.518242445480224,4.0984666741352225,0,6,8,3,False,False
2024-08-12,2555.38,2750.0,2510.05,2722.3,483414.2506,1723507199999,1275788778.660518,1915621.0,252099.2184,665331112.596738,0,0.06532100900844506,0.06327617065377597,2633.7760000000003,75.90000000000009,2598.516,-26.731000000000222,2915.6425,-38.010499999999865,,,,,,,0.0708337480359976,0.053074188387037015,,3487.82,2111.0,0.4439941314042505,32.63608576961664,-180.53844601188985,-155.01207411144298,-25.52637190044686,2915.6425,3617.506751348544,2213.7782486514557,0.36226503228472146,674443.12673,0.7167605857943977,31577.10661825332,166.92000000000007,27.699999999999818,45.32999999999993,239.94999999999982,0.6956449260262563,0.5214972833074358,0.4785027166925641,3.962690379156977,0,0,8,3,False,False
2024-08-13,2722.3,2738.4,2611.37,2702.44,325668.6964,1723593599999,872886595.988518,1547949.0,165417.0546,443554807.911323,0,-0.007295301766888307,-0.007322042615237078,2637.764,3.987999999999829,2578.3959999999997,-20.120000000000346,2883.974,-31.668499999999767,,,,,,,0.07042959352334627,0.05256573602716111,,3396.77,2111.0,0.4599889560341275,32.99386119579894,-168.67635482867217,-157.74493025488883,-10.931424573783346,2883.974,3562.7919323190386,2205.1560676809618,0.3662866791248226,672550.4648,0.48422938269300864,-2375.8514162671318,19.860000000000127,16.09999999999991,91.07000000000016,127.0300000000002,0.1563410218058734,0.5079304717602573,0.49206952823974276,4.753140283703361,0,1,8,3,False,False
2024-08-14,2702.44,2780.0,2632.2,2661.45,338808.7141,1723679999999,914805683.898244,1503315.0,167827.7199,453631446.392397,0,-0.015167774307662807,-0.015283981564079844,2650.2980000000002,12.534000000000106,2575.6490000000003,-2.746999999999389,2858.2725,-25.701500000000124,,,,,,,0.06636994855525521,0.05179432357895894,,3396.77,2111.0,0.42810922637796794,33.10082885185382,-160.73031353323177,-158.34200691055742,-2.3883066226743495,2858.2725,3529.5008038344117,2187.0441961655883,0.35338632260019,655224.9100900001,0.5170876578142641,-5138.974108938253,40.99000000000024,77.55999999999995,29.25,147.80000000000018,0.27733423545331654,0.4953465271571066,0.5046534728428934,4.437061201313417,0,2,8,3,False,False
2024-08-15,2661.45,2675.6,2515.71,2569.89,356546.8059,1723766399999,927491377.061398,1761529.0,172089.6821,447789574.128691,0,-0.034402299498393685,-0.035007990620865556,2642.292,-8.006000000000313,2590.679,15.029999999999745,2823.0365,-35.235999999999876,,,,,,,0.057970561752252195,0.051285590743176096,,3396.77,2111.0,0.35689897882202876,31.925638084804064,-159.97702974297817,-158.66901147704158,-1.308018265936596,2823.0365,3475.980659594388,2170.0923404056125,0.30614996222858,423819.18065,0.8412710471318778,-12266.03000176744,91.55999999999995,14.150000000000091,54.179999999999836,159.88999999999987,0.5726436925386205,0.48265663652660984,0.5173433634733902,4.940526659756567,0,3,8,3,False,False
2024-08-16,2569.9,2630.97,2550.04,2592.73,270684.1373,1723852799999,702631292.534931,1602311.0,127687.3984,331506251.81562,0,0.008887539933615907,0.008848278205884167,2649.7619999999997,7.4699999999998,2603.819,13.139999999999873,2790.2225000000003,-32.81399999999985,,,,,,,0.05787406713558914,0.05147283877973564,,3396.77,2111.0,0.37466265350723693,37.29219498450267,-155.74175577918368,-158.08356033747,2.341804558286327,2790.2225000000003,3418.5283001985645,2161.916699801436,0.34283727769377065,386659.21400000004,0.700058675699889,2405.716079650121,22.829999999999927,38.23999999999978,19.860000000000127,80.92999999999984,0.2820956382058566,0.47172102389762016,0.5282789761023798,5.919486143453446,0,4,8,3,False,False
2024-08-17,2592.72,2629.69,2587.5,2614.51,89348.676,1723939199999,232787181.525924,543278.0,47334.2042,123329370.607968,0,0.008400411921025475,0.008365324821256171,2628.2039999999997,-21.557999999999993,2630.9900000000002,27.171000000000276,2757.4399999999996,-32.78250000000071,,,,,,,0.054595084294556666,0.05150646228234606,,3396.77,2111.0,0.3916019194723786,40.3454056111716,-148.9112504710356,-156.24909836418314,7.33784789314754,2757.4399999999996,3347.5675296247864,2167.312470375213,0.3788990575555112,332582.53932,0.2686511329869655,750.5656829982428,21.79000000000042,15.179999999999836,5.2199999999998,42.190000000000055,0.5164730978905047,0.5297695088397281,0.47023049116027194,6.080425858800638,0,5,8,3,False,False
2024-08-18,2614.51,2689.16,2594.53,2612.15,174074.0585,1724025599999,459975824.154323,836384.0,92214.9872,243669152.914624,0,-0.0009026547995609757,-0.0009030624377273868,2610.1459999999997,-18.057999999999993,2623.955,-7.035000000000309,2722.1645,-35.27549999999974,,,,,,,0.028402490253821456,0.0512362969515395,,3366.4,2111.0,0.3991954755456429,47.012863713122854,-142.05098277409843,-153.4094752461662,11.35849247206778,2722.1645,3252.619200381515,2191.709799618485,0.39630170123775427,291339.65763,0.5974952394605793,-157.12878438408308,2.3600000000001273,74.64999999999964,17.61999999999989,94.62999999999965,0.02493923702842794,0.5297457185442712,0.47025428145572884,4.804759578808809,0,6,8,3,False,False
2024-08-19,2612.15,2648.08,2563.58,2636.36,224867.1336,1724111999999,585578272.443482,1156033.0,112686.5275,293606287.965002,0,0.009268227322320799,0.00922554085269927,2605.1279999999997,-5.018000000000029,2627.713,3.7580000000002656,2690.022,-32.14249999999993,,,,,,,0.026654899661586923,0.051428435101304314,,3350.0,2111.0,0.4240193704600485,60.422737020261756,-133.12603249559652,-149.35278669605228,16.22675420045576,2690.022,3151.8183359522773,2228.2256640477226,0.44189862952318304,273152.37488,0.8232296486486254,2084.1197115234813,24.210000000000036,11.7199999999998,48.570000000000164,84.5,0.2865088757396454,0.5011249340708455,0.49887506592915454,5.140960270594208,0,0,8,3,False,False
2024-08-20,2636.36,2695.0,2555.0,2572.82,281315.8751,1724198399999,738361057.602134,1303349.0,139599.9133,366762747.976129,0,-0.024101412553672485,-0.024396604272670947,2605.714,0.5860000000002401,2624.0029999999997,-3.710000000000491,2657.026,-32.996000000000095,,,,,,,0.027840055214982822,0.051522499287995065,,3242.57,2111.0,0.4081232270208649,55.250591038815486,-129.68516224895757,-145.41926180663336,15.73409955767579,2657.026,3043.748823759917,2270.303176240083,0.39112874282760723,284182.72620000003,0.989911944549429,-6780.109963682501,63.539999999999964,58.63999999999987,17.820000000000164,140.0,0.45385714285714257,0.49623901690715494,0.5037609830928451,4.633044614125298,0,1,8,3,False,False
2024-08-21,2572.81,2663.74,2536.22,2630.71,245286.6218,1724284799999,638338169.862144,1420421.0,121889.9837,317338706.906728,0,0.022500602451784424,0.022251198129545374,2613.3100000000004,7.596000000000458,2631.536,7.5330000000003565,2628.3915,-28.63449999999966,,,,,,,0.027791647975130486,0.05203741596580936,,3218.6,2111.0,0.469221740700614,64.38040057939162,-120.89342445174498,-140.5140943356557,19.620669883910722,2628.3915,2917.183309424243,2339.5996905757574,0.5040141373895302,279001.49693,0.8791588020100878,5519.096763862998,57.90000000000009,33.029999999999745,36.590000000000146,127.51999999999998,0.4540464240903396,0.49692878806650026,0.5030712119334998,5.790862092585598,0,2,8,3,False,False
2024-08-22,2630.71,2644.69,2584.2,2622.88,199063.1196,1724371199999,521285357.086423,1064195.0,98645.806,258303739.531237,0,-0.002976382801601063,-0.002980821037672695,2614.9840000000004,1.6739999999999782,2621.594,-9.942000000000007,2610.0550000000003,-18.336499999999887,,,,,,,0.017227238156800922,0.050205232994878446,,3018.02,2111.0,0.564353597495094,45.54529424071252,-113.25222333482088,-135.06172013548874,21.80949680066786,2610.0550000000003,2843.5548685449917,2376.555131455009,0.5274625422273603,250566.38383,0.794452617934004,-592.4880456104955,7.829999999999927,13.980000000000018,38.68000000000029,60.49000000000024,0.12944288312117536,0.4955503872250176,0.5044496127749823,5.346017896928407,0,3,8,3,False,False
2024-08-23,2622.89,2799.13,2621.4,2762.48,401786.4447,1724457599999,1082989033.023547,1747686.0,210295.5073,567121017.138491,0,0.05322393704630013,0.05185587630264984,2645.05,30.065999999999804,2627.598,6.003999999999905,2602.9970000000003,-7.057999999999993,,,,,,,0.024759942945839487,0.05152326407142963,,2935.46,2111.0,0.7901899425078233,61.288720933439976,-94.83872133911336,-127.01712037621368,32.17839903710032,2602.9970000000003,2805.624642432855,2400.3693575671455,0.8935371257474112,258178.15866000002,1.5562371611346124,21384.656438769547,139.59000000000015,36.65000000000009,1.4899999999997817,177.73000000000002,0.7854048275474041,0.5234012000007128,0.4765987999992873,4.349788359099413,0,4,8,3,False,False
2024-08-24,2762.49,2820.0,2731.26,2768.0,263542.9441,1724543999999,730370481.138122,1133872.0,130086.4491,360650474.071654,0,0.0019982045118878133,0.001996210756764014,2671.378,26.327999999999975,2638.2529999999997,10.654999999999745,2606.951,3.9539999999997235,,,,,,,0.023983915289065284,0.048599330495812776,,2820.0,2111.0,0.926657263751763,60.98632269542976,-78.89106340698754,-117.39190898236846,38.50084557538092,2606.951,2819.4825395937914,2394.4194604062086,0.878882589162556,250651.58166,1.0514314027249456,526.6126999768178,5.510000000000218,52.0,31.229999999999563,88.73999999999978,0.06209150326797647,0.4936062680192241,0.506393731980776,4.302418354899147,0,5,8,3,False,False
2024-08-25,2768.01,2792.28,2733.21,2746.13,154527.2352,1724630399999,426733399.326636,1047985.0,75993.749,209910294.015187,0,-0.00790101156069356,-0.007932389942457324,2706.04,34.66199999999981,2655.877,17.62400000000025,2623.2780000000002,16.327000000000226,,,,,,,0.02044958344684681,0.0423089802903702,,2820.0,2309.04,0.8554289963989355,63.88747324431759,-67.24203154099769,-107.36193349409432,40.11990195309663,2623.2780000000002,2825.1070542539765,2421.448945746024,0.8043466671686581,230449.62459,0.6705466996308809,-1220.9214717572129,21.88000000000011,24.269999999999982,12.920000000000073,59.070000000000164,0.3704079905197232,0.49178223438504903,0.508217765614951,6.781878926673503,0,6,8,3,False,False
2024-08-26,2746.12,2762.0,2666.66,2680.49,211708.1247,1724716799999,575695656.477179,1453833.0,102718.2247,279333306.990401,0,-0.023902728567110954,-0.02419303418173669,2715.996,9.956000000000131,2664.6530000000002,8.776000000000295,2634.236,10.957999999999629,,,,,,,0.022600529221127784,0.0427901990255602,,2820.0,2309.04,0.7269649287615465,46.429486413089855,-62.5852455315644,-98.40659590158835,35.82135037002395,2634.236,2822.3768189740126,2446.095181025987,0.6229238828985559,224552.02333,0.9428021246946204,-5060.401840156178,65.63000000000011,15.88000000000011,13.829999999999927,95.34000000000015,0.6883784350744704,0.48518792014031764,0.5148120798596824,6.867157328327136,0,0,8,3,False,False
2024-08-27,2680.49,2699.98,2392.96,2457.33,412660.7197,1724803199999,1058769621.892103,1898416.0,187278.0778,480143744.796805,0,-0.08325343500628613,-0.0869242189766755,2682.8859999999995,-33.11000000000058,2648.935,-15.718000000000302,2639.9625000000005,5.726500000000669,,,,,,,0.035387203096176094,0.04570924312001537,,2820.0,2320.4,0.2740792634107283,34.4629115480673,-76.02548161498135,-93.93037304426696,17.904891429285613,2639.9625000000005,2794.7734417967663,2485.151558203235,-0.08985656272202883,256883.22770000002,1.606413635466789,-34355.42240719121,223.15999999999985,19.490000000000236,64.36999999999989,307.02,0.7268581851345185,0.45383063824477693,0.5461693617552231,4.600428171065393,0,1,8,3,False,False
2024-08-28,2457.33,2554.6,2418.8,2528.33,451266.634,1724889599999,1124304892.423795,2272721.0,222246.9184,553710617.949506,0,0.028893148254406142,0.028483611085400803,2636.0559999999996,-46.82999999999993,2640.5530000000003,-8.381999999999607,2632.254,-7.70850000000064,,,,,,,0.03704276588808626,0.032126679156296,,2820.0,2392.96,0.31699606594230023,41.871030776746466,-80.02537619184704,-91.14937367378299,11.123997481935945,2632.254,2793.371471547615,2471.136528452385,0.17748997361441535,284602.48525,1.585603279618585,13038.513758428837,71.0,26.269999999999982,38.529999999999745,135.79999999999973,0.5228276877761424,0.49249579218834955,0.5075042078116505,5.036315182123569,0,2,8,3,False,False
2024-08-29,2528.33,2595.4,2505.88,2527.61,237002.9632,1724975999999,603867504.225949,1455668.0,119563.3591,304607143.525936,0,-0.0002847729528976384,-0.0002848135084145817,2587.978,-48.07799999999952,2629.678,-10.875000000000455,2628.6955,-3.5585000000000946,2937.475,,,,,,0.03682450684754981,0.031406343098158096,,2820.0,2392.96,0.315310041213938,47.09599428540031,-82.3046625276611,-89.38043144455861,7.075768916897516,2628.6955,2795.9526848161786,2461.438315183821,0.19781417727705983,285816.06821,0.8292149727070798,-67.49203367595432,0.7199999999997999,67.07000000000016,21.730000000000018,89.51999999999998,0.008042895442357015,0.5044804397618603,0.49551956023813964,6.141982278810596,0,3,8,3,False,False
2024-08-30,2527.6,2552.17,2431.14,2526.0,338379.1941,1725062399999,845015735.149411,1735497.0,172073.9114,429842974.529762,0,-0.0006369653546235421,-0.0006371683032404386,2543.952,-44.02599999999984,2624.996,-4.681999999999789,2624.4995,-4.195999999999913,2926.0036,-11.471399999999903,,,,,0.03611231225208588,0.031382709833896356,0.03978244042671239,2820.0,2392.96,0.31153990258523784,45.278960847848545,-83.28091635170131,-88.16052842598715,4.879612074285845,2624.4995,2797.8399352833244,2451.1590647166754,0.21587846817448358,291522.40011,1.1607313673745812,-215.5358233671349,1.599999999999909,24.570000000000164,94.86000000000013,121.0300000000002,0.013219862843922221,0.5085239116360908,0.49147608836390927,5.1288525720854885,0,4,8,3,False,False
2024-08-31,2525.99,2533.95,2491.92,2513.01,97946.1147,1725148799999,246514334.07653,702529.0,47410.9072,119335754.458794,0,-0.005142517814726744,-0.005155786067161088,2510.456,-33.496000000000095,2613.226,-11.769999999999982,2622.3810000000003,-2.1184999999995853,2913.5861999999997,-12.41740000000027,,,,,0.035138497579124475,0.03105729315947258,0.03972883057017042,2820.0,2392.96,0.2811212064443616,42.728601312433725,-84.13295662578776,-87.35501406594727,3.2220574401595172,2622.3810000000003,2800.2546679899883,2444.5073320100123,0.19255989029765702,276788.3494,0.35386646479998124,-503.689639728019,12.979999999999563,7.960000000000036,21.090000000000146,42.029999999999745,0.30882702831310116,0.4840509227468111,0.515949077253189,7.172607123332886,0,5,8,3,False,False
2024-09-01,2513.0,2516.28,2400.0,2425.72,223127.776,1725235199999,550299930.153449,1357443.0,106672.8284,263071210.850516,0,-0.03473523782237253,-0.035352850323422016,2504.134,-6.322000000000116,2593.51,-19.715999999999894,2607.552,-14.829000000000178,2898.5820000000003,-15.0041999999994,,,,,0.036446736899604336,0.027806577985925087,0.03989018956627735,2820.0,2392.96,0.07671412514050151,38.09317000268241,-90.8050342578972,-88.04501810433726,-2.7600161535599455,2607.552,2799.2640680494364,2415.839931950564,0.025767986726031842,279194.81504,0.7991830935973244,-7750.3963641370665,87.2800000000002,3.2800000000002,25.7199999999998,116.2800000000002,0.7506019951840389,0.47807955742811686,0.5219204425718832,6.083702461140472,0,6,9,3,False,False
2024-09-02,2425.71,2564.83,2423.52,2538.01,262632.8385,1725321599999,654854126.195111,1452334.0,134090.7048,334264683.017486,0,0.04629141038537021,0.04525192185704056,2506.07,1.9360000000001492,2571.063,-22.447000000000116,2599.3305,-8.221500000000106,2884.4406,-14.14140000000043,,,,,0.03521538975274204,0.030099157579170994,0.0403688809747364,2820.0,2392.96,0.3396637317347326,44.35386646765028,-86.04002346530069,-87.64401917652995,1.6039957112292598,2599.3305,2787.9876392458377,2410.6733607541623,0.33748163402368375,265279.45442,0.99002329100161,12157.644507678158,112.30000000000018,26.81999999999971,2.1900000000000546,141.30999999999995,0.7947066732715323,0.5105633612530902,0.4894366387469098,5.52990253730209,0,0,9,3,False,False
2024-09-03,2538.0,2553.6,2411.12,2425.29,224793.1299,1725407999999,556674703.352341,1272909.0,101487.6507,251452238.685074,0,-0.04441274857073074,-0.04542920452647489,2485.606,-20.463999999999942,2536.7920000000004,-34.27099999999973,2587.5225,-11.807999999999993,2863.2785999999996,-21.162000000000262,,,,,0.036793641729257115,0.0314183449931878,0.03917122683237049,2820.0,2392.96,0.07570719370550752,41.983198026365834,-90.31814864528587,-88.17884507028114,-2.139303575004732,2587.5225,2788.9397876994753,2386.1052123005247,0.09727265257871237,261404.473,0.8599437007338432,-9983.680758676315,112.71000000000004,15.599999999999909,14.170000000000073,142.48000000000002,0.7910583941605841,0.4514713182967252,0.5485286817032747,5.662579637403767,0,1,9,3,False,False
2024-09-04,2425.28,2490.0,2306.65,2450.71,384179.3854,1725494399999,921640300.674654,2002621.0,188707.7458,452757932.493335,0,0.010481220802460722,0.01042667362399451,2470.548,-15.058000000000447,2507.25,-29.54200000000037,2581.5635,-5.958999999999833,2843.4102,-19.868399999999838,,,,,0.03750178631768597,0.030740104958598562,0.03923755789712125,2820.0,2306.65,0.28062725236193625,39.860982808733084,-90.61288320344738,-88.66565269691439,-1.9472305065329891,2581.5635,2792.0261229874077,2371.1008770125927,0.18912888630151334,284369.68802,1.3509857118561115,4026.668966131055,25.429999999999836,39.289999999999964,118.63000000000011,183.3499999999999,0.13869648213798663,0.4911969589506246,0.5088030410493753,5.21272373298976,0,2,9,3,False,False
2024-09-05,2450.71,2466.0,2348.04,2368.81,278549.0969,1725580799999,667044058.826434,1862353.0,131571.9247,315231080.607934,0,-0.03341888677158866,-0.033990059149168084,2441.708,-28.83999999999969,2476.082,-31.16800000000012,2570.3675,-11.196000000000367,2823.0454,-20.364799999999832,,,,,0.037992399548912884,0.03140601139080562,0.03940186824404938,2820.0,2306.65,0.1210869776955291,36.79099123454608,-96.34450847604148,-90.20142385273982,-6.143084623301661,2570.3675,2801.1698999578834,2339.5651000421162,0.06335484371744027,291053.78524,0.9570365033057764,-9308.800729629378,81.90000000000009,15.289999999999964,20.769999999999982,117.96000000000004,0.6943031536113943,0.4723473389943703,0.5276526610056297,6.685905719050278,0,3,9,3,False,False
2024-09-06,2368.81,2408.83,2150.55,2225.23,643027.111,1725667199999,1467265008.063493,2980066.0,303990.1689,694418877.024754,0,-0.06061271271229007,-0.06252743828077964,2401.61,-40.097999999999956,2452.8720000000003,-23.20999999999958,2550.9035,-19.463999999999942,2799.02,-24.02539999999999,,,,,0.033679145425597364,0.033677480487469026,0.04004736082114176,2820.0,2150.55,0.11155426096048975,22.183678329933443,-111.19083017421644,-94.39930511703515,-16.79152505718129,2550.9035,2827.20451428658,2274.60248571342,-0.08934546592400586,314090.42437,2.0472674781148723,-38975.617545256864,143.57999999999993,40.01999999999998,74.67999999999984,258.27999999999975,0.5559083165556763,0.4727486037521052,0.5272513962478947,4.634432901850074,0,4,9,3,False,False
2024-09-07,2225.24,2311.27,2220.98,2273.58,219453.2076,1725753599999,498662894.230975,982698.0,109807.9246,249593766.45553,0,0.021728091028792473,0.021495400637582665,2348.724,-52.88599999999997,2427.397,-25.475000000000364,2533.975,-16.928499999999985,2774.4210000000003,-24.598999999999705,,,,,0.03284073895150826,0.03428485983317614,0.04003588094202096,2820.0,2150.55,0.18377772798565953,25.48832966466378,-117.6984516736502,-99.05913442835816,-18.639317245292034,2533.975,2834.8688954445456,2233.081104555454,0.06729763557467987,290909.08173,0.7543704249277443,4768.299271293292,48.340000000000146,37.690000000000055,4.2599999999997635,90.28999999999996,0.53538597851368,0.5003705609997199,0.49962943900028006,4.4779386491865525,0,5,9,3,False,False
2024-09-08,2273.58,2333.58,2240.94,2297.3,192775.6493,1725839999999,440447734.826373,976672.0,93305.1937,213222870.553424,0,0.010432885581330043,0.010378838616076844,2323.1259999999997,-25.59800000000041,2404.3660000000004,-23.030999999999494,2517.022,-16.952999999999975,2750.0170000000003,-24.403999999999996,,,,,0.033366401049397906,0.034313759985051234,0.040085062129606754,2820.0,2150.55,0.2192097990888043,27.789269489998944,-119.56352889772279,-103.1600133222311,-16.403515575491696,2517.022,2831.5260141054246,2202.5179858945753,0.15068490361724457,286486.35034,0.6728964541284957,2011.2062920135068,23.720000000000255,36.279999999999745,32.63999999999987,92.63999999999987,0.2560449050086387,0.4840092306201871,0.5159907693798129,5.066366024684426,0,6,9,3,False,False
2024-09-09,2297.3,2381.41,2272.8,2359.5,321698.99,1725926399999,747001776.046536,1761692.0,156788.5098,364223174.142904,0,0.02707526226439727,0.026715211868316886,2304.884,-18.241999999999734,2387.7160000000003,-16.65000000000009,2506.356,-10.665999999999713,2726.4885999999997,-23.5284000000006,,,,,0.0352367848064899,0.03482016965383578,0.040347058827631004,2820.0,2150.55,0.31212189110463795,34.061274144694394,-114.70040103740712,-105.4680908652663,-9.232310172140814,2506.356,2827.295467412723,2185.4165325872773,0.271209192213269,284818.32993,1.1294883657209287,8710.084524441714,62.19999999999982,21.909999999999854,24.5,108.60999999999967,0.5726912807292147,0.4873764440478971,0.512623555952103,5.47621240588912,0,0,9,3,False,False
2024-09-10,2359.51,2400.0,2320.41,2388.52,224382.1729,1726012799999,528411566.919702,1210860.0,105895.4188,249480052.381382,0,0.012299215935579477,0.012224195084661072,2308.826,3.9420000000000073,2375.267,-12.449000000000524,2494.2465,-12.109500000000025,2705.467,-21.02159999999958,,,,,0.03572495706091853,0.034488803847839936,0.04033507109160055,2820.0,2150.55,0.3554709089551122,45.76715345529706,-107.26814529456806,-105.82810175112667,-1.4400435434413907,2494.2465,2813.7028734501155,2174.790126549885,0.33452122294797487,297461.93575,0.7543223045807803,2759.7247965916295,29.009999999999764,11.480000000000018,39.100000000000364,79.59000000000015,0.3644930267621524,0.47194221105610834,0.5280577889438917,5.396418014632748,0,1,9,3,False,False
2024-09-11,2388.52,2389.32,2277.68,2340.55,282898.3125,1726099199999,659291892.326731,1530070.0,135125.5965,314926799.454531,0,-0.0200835663925778,-0.020287982782529586,2331.8900000000003,23.064000000000306,2366.75,-8.516999999999825,2480.13,-14.116500000000087,2682.6278,-22.83919999999989,,,,,0.03463024890419401,0.03466742053713325,0.04028566336871966,2820.0,2150.55,0.28381507207409074,38.11187925751478,-104.04939056391595,-105.47235951368454,1.4229689497685882,2480.13,2800.603105661983,2159.656894338017,0.2822282158253538,303438.98939999996,0.9323070613284874,-5681.607041441973,47.9699999999998,0.8000000000001819,62.870000000000346,111.64000000000033,0.42968470082407434,0.47764723410995963,0.5223527658900404,5.408551173312495,0,2,9,3,False,False
2024-09-12,2340.54,2391.93,2315.39,2361.76,202611.1308,1726185599999,476749201.764419,1093596.0,102118.0952,240341157.998119,0,0.009061972613274571,0.0090211593201128,2349.5260000000003,17.635999999999967,2349.125,-17.625,2460.094,-20.036000000000058,2663.1468,-19.481000000000222,,,,,0.030493888962371922,0.032065974820187505,0.04002770561204356,2820.0,2150.55,0.3154977966987827,39.7657570933146,-98.6498603269215,-104.10785967633194,5.457999349410443,2460.094,2755.354959645077,2164.833040354923,0.33347950890933276,297436.81863,0.6811904852036509,1836.0565184541922,21.220000000000255,30.169999999999618,25.15000000000009,76.53999999999996,0.27724065847923,0.504010292015013,0.49598970798498704,5.397511951500347,0,3,9,3,False,False
2024-09-13,2361.75,2464.82,2337.35,2439.19,253888.616,1726271999999,607650210.702862,1458878.0,124124.3676,297410717.96547,0,0.03278487229862459,0.03225891317213316,2377.904,28.3779999999997,2350.5150000000003,1.3900000000003274,2443.6535,-16.440500000000156,2648.421,-14.725800000000163,,,,,0.029658591226791,0.0332531254744668,0.03993095379896963,2792.28,2150.55,0.4497841771461516,45.10151339028768,-87.11849207483829,-100.70998615603322,13.591494081194938,2443.6535,2700.8961601500196,2186.41083984998,0.4913243394439383,300346.36724000005,0.8453194168222561,8323.705853634536,77.44000000000005,25.63000000000011,24.40000000000009,127.47000000000025,0.6075154938416875,0.488893001803594,0.5111069981964059,5.746133966085348,0,4,9,3,False,False
2024-09-14,2439.19,2440.6,2376.72,2417.79,122931.2302,1726358399999,296990460.130078,754834.0,57970.9645,140034806.307876,0,-0.008773404285849051,-0.008812117192878863,2389.5620000000004,11.658000000000357,2347.223,-3.292000000000371,2427.2365,-16.416999999999916,2631.2846000000004,-17.136399999999412,,,,,0.029597805960990257,0.03325664431871149,0.03960035317091693,2762.0,2150.55,0.43705944885109144,44.6774734488541,-78.79826347762446,-96.32764162035147,17.529378142727012,2427.2365,2641.522100987403,2212.950899012597,0.47795815501258215,274221.55172,0.4482916438512523,-1078.5253819013765,21.40000000000009,1.4099999999998545,41.070000000000164,63.88000000000011,0.3350031308703828,0.4715723124684064,0.5284276875315936,6.1402948524304275,0,5,9,3,False,False
2024-09-15,2417.8,2430.32,2283.75,2316.1,174364.1946,1726444799999,413278017.276324,1058493.0,80610.9146,191044099.00633,0,-0.04205907047344892,-0.042969163114274886,2375.078,-14.484000000000378,2341.952,-5.270999999999731,2409.017,-18.219500000000153,2612.6264,-18.658200000000306,,,,,0.030754443244212157,0.03401565655558622,0.03993964744705767,2699.98,2150.55,0.30131226907886316,43.969633623060844,-79.49360274216997,-92.96083384471518,13.467231102545213,2409.017,2592.3699796924825,2225.664020307517,0.2466171530022606,263803.06149,0.6609634991162133,-7333.595948727561,101.70000000000027,12.519999999999982,32.34999999999991,146.57000000000016,0.693866411953334,0.46231346283521907,0.5376865371647809,6.070586925419148,0,6,9,3,False,False
2024-09-16,2316.09,2335.7,2252.39,2295.68,330555.232,1726531199999,756718235.682234,2102319.0,153834.0111,352253267.83244,0,-0.008816545054185942,-0.008855640749803263,2366.1040000000003,-8.973999999999705,2348.9970000000003,7.045000000000073,2400.9345,-8.082499999999982,2593.1367999999998,-19.489600000000337,,,,,0.023180575190653814,0.02888631115901747,0.03990070011371461,2595.4,2150.55,0.3262448016185224,35.170067194595035,-80.76142008342777,-90.52095109245771,9.759531009029942,2400.9345,2589.497816460927,2212.3711835390727,0.22090409212279058,232555.87359000003,1.4214013471135738,-2914.355095824887,20.41000000000031,19.609999999999673,43.289999999999964,83.30999999999995,0.24498859680710985,0.4653806571725962,0.5346193428274039,6.359962863936759,0,0,9,3,False,False
2024-09-17,2295.67,2393.63,2263.29,2341.8,274206.2588,1726617599999,640307796.594042,1813524.0,134491.637,314135444.255817,0,0.02008990800111521,0.019890768510761287,2362.112,-3.992000000000189,2355.8190000000004,6.822000000000116,2391.608,-9.326499999999669,2573.6196,-19.517199999999775,,,,,0.023041755751037344,0.028438409576126682,0.03996761273369672,2595.4,2150.55,0.4299201978194898,44.437189344775675,-77.1552778854566,-87.8478164510575,10.692538565600898,2391.608,2571.91136664985,2211.30463335015,0.3618772324514401,238031.17871000004,1.1519762254930186,5508.778512621988,46.13000000000011,51.82999999999993,32.38000000000011,130.34000000000015,0.3539205155746514,0.49047617508284236,0.5095238249171576,6.613722122669506,0,1,9,3,False,False
2024-09-18,2341.79,2376.14,2277.34,2374.75,292917.6008,1726703999999,679856751.171053,2555639.0,144167.2401,334741394.026549,0,0.014070373217183185,0.013972304355667368,2349.224,-12.88799999999992,2363.564,7.744999999999436,2383.965,-7.643000000000029,2555.5304,-18.08919999999989,,,,,0.02319679439738414,0.02870207735193366,0.040061186523912495,2564.83,2150.55,0.5411798783431494,44.989181487149715,-70.82220034704096,-84.4426932302542,13.620492883213245,2383.965,2552.574504196147,2215.3554958038535,0.4726735451719253,248045.37386,1.1809033010441328,4121.459965137876,32.960000000000036,1.3899999999998727,64.44999999999982,98.79999999999973,0.33360323886639803,0.49217677499152857,0.5078232250084714,8.724771038067303,0,2,9,3,False,False
2024-09-19,2374.74,2494.95,2372.6,2465.21,326746.032,1726790399999,794820680.995054,2862096.0,171108.4747,416132368.004027,0,0.038092430782187714,0.037384827775575745,2358.7079999999996,9.483999999999469,2374.1349999999998,10.570999999999913,2380.9255000000003,-3.0394999999998618,2540.1798,-15.350600000000213,,,,,0.024653367677982468,0.030121334958896698,0.04051367026592686,2564.83,2150.55,0.7595346142705418,56.28815947398634,-57.83711452239049,-79.12157748868148,21.284462966290988,2380.9255000000003,2540.7152110810825,2221.135788918918,0.7637356918344735,248550.07805999997,1.3146084465164543,12446.550607314492,90.47000000000025,29.73999999999978,2.1399999999998727,122.34999999999991,0.739436044135679,0.5236742238387764,0.4763257761612236,8.759390228800084,0,3,9,3,False,False
2024-09-20,2465.21,2571.93,2437.31,2561.4,340754.5912,1726876799999,864016608.115563,3241249.0,173101.7132,438921107.763294,0,0.03901898824035288,0.03827698744610405,2407.768,49.0600000000004,2391.4230000000002,17.288000000000466,2383.3450000000003,2.419499999999971,2527.3398,-12.83999999999969,,,,,0.026916601593275857,0.03137735129660148,0.040973756204736866,2571.93,2150.55,0.975010679196925,73.3733817251401,-39.331225462935436,-71.16350708353228,31.832281620596845,2383.3450000000003,2552.732889519283,2213.9571104807173,1.025583619068972,260187.31989,1.3096510288974175,13295.899386879055,96.19000000000005,10.529999999999745,27.90000000000009,134.6199999999999,0.7145297875501421,0.5079952483997521,0.49200475160024787,9.511974552083451,0,4,9,3,False,False
2024-09-21,2561.4,2623.34,2528.97,2612.4,154757.8773,1726963199999,396953470.517631,1425778.0,78964.0704,202638566.044652,0,0.0199109861794331,0.019715355036530664,2471.112,63.34400000000005,2418.6079999999997,27.18499999999949,2392.679,9.333999999999833,2519.7956,-7.544200000000274,,,,,0.025312852601442455,0.030427657688571218,0.04007332000447757,2623.34,2150.55,0.9768607627064869,73.47114079082269,-20.31571437119237,-60.9939485410643,40.67823416987193,2392.679,2590.145214341398,2195.212785658602,1.0563508692685166,247373.27637,0.6256046714946131,3081.3819560787033,51.0,10.940000000000055,32.43000000000029,94.37000000000035,0.5404259828335256,0.5102426563200217,0.4897573436799782,9.212959138978833,0,5,9,3,False,False
2024-09-22,2612.4,2632.57,2524.58,2581.0,214266.3257,1727049599999,553059849.553399,2067811.0,97837.0512,252636983.573378,0,-0.01201959883631909,-0.012092418309888196,2518.952,47.840000000000146,2440.532,21.924000000000433,2394.8285,2.149499999999989,2513.3428,-6.452800000000025,,,,,0.026378906925756628,0.028935036513283115,0.039914105517567106,2632.57,2150.55,0.8930127380606611,69.44589148136977,-7.690847112748088,-50.33332825540106,42.64248114265297,2394.8285,2599.7508704389616,2189.9061295610386,0.9542488445775941,248538.79586000004,0.8621041433736346,-2575.395279046087,31.40000000000009,20.170000000000073,56.42000000000007,107.99000000000024,0.29076766367256246,0.4566142200850743,0.5433857799149258,9.650657858833112,0,6,9,3,False,False
2024-09-23,2580.99,2702.82,2539.49,2646.97,333282.0149,1727135999999,883518257.199407,3492404.0,161782.1178,428832914.201112,0,0.025559860519178468,0.025238668859070917,2573.3959999999997,54.443999999999505,2461.31,20.777999999999793,2405.9125,11.083999999999833,2512.5038,-0.8389999999999418,,,,,0.025753600179450466,0.027308776981296874,0.03869414772826207,2702.82,2150.55,0.8988719285856549,69.60298951215852,7.550639737745314,-38.756534656771784,46.3071743945171,2405.9125,2639.7176041606785,2172.1073958393213,1.0155094899774668,256478.13575,1.299455853908982,8518.64181439476,65.98000000000002,55.850000000000364,41.5,163.33000000000038,0.40396742790669116,0.485421086549006,0.514578913450994,10.478825270688196,0,0,9,3,False,False
2024-09-24,2646.98,2670.96,2591.56,2653.2,288600.0402,1727222399999,760159619.981534,2730471.0,140655.8896,370558448.965917,0,0.002353634533069915,0.002350869073716024,2610.994,37.59800000000041,2484.851,23.541000000000167,2416.037,10.124499999999898,2517.176,4.672199999999975,,,,,0.025157488376624747,0.027279320349257265,0.035869060563248976,2702.82,2150.55,0.9101526427290992,68.62789257361635,19.90290846975313,-27.0246460314668,46.92755450121993,2416.037,2674.270720583355,2157.8032794166447,0.9592022286327365,273045.01675000007,1.0569687139327728,679.2590208600857,6.2199999999998,17.76000000000022,55.42000000000007,79.40000000000009,0.07833753148614349,0.48737307694941895,0.5126269230505811,9.461090158226527,0,1,9,3,False,False
2024-09-25,2653.2,2673.5,2554.05,2579.95,220343.4293,1727308799999,576100924.711546,2446589.0,103887.8784,271731602.599472,0,-0.027608171264887682,-0.027996439768490675,2614.7039999999997,3.7099999999995816,2511.236,26.384999999999764,2426.594,10.557000000000244,2519.5484,2.372400000000198,,,,,0.022086742528285325,0.02688414729578405,0.03605216552761538,2702.82,2150.55,0.7775182428884416,66.26977654542486,23.510493277226487,-16.917618169728144,40.42811144695463,2426.594,2693.805796808619,2159.382203191381,0.7869558938481963,277642.94022000005,0.7936215814650399,-6083.27913320707,73.25,20.300000000000182,25.899999999999636,119.44999999999982,0.6132272917538728,0.471481626341376,0.528518373658624,11.103526017419572,0,2,9,3,False,False
2024-09-26,2580.09,2666.22,2559.2,2632.26,278686.3573,1727395199999,731881168.916695,2897463.0,139205.4473,365580497.054424,0,0.020275586736177242,0.020072773877989385,2618.676,3.9720000000002074,2544.894,33.6579999999999,2446.9455000000003,20.351500000000215,2525.3376000000003,5.789200000000164,,,,,0.02106954295143261,0.022235796434336787,0.035419443794532976,2702.82,2220.98,0.8535613481653662,67.63777679246758,30.241900254281518,-7.485714484926211,37.72761473920773,2446.9455000000003,2711.571376005324,2182.3196239946765,0.8501443297938706,272456.05275,1.022867190826246,5650.529409625431,52.17000000000007,33.95999999999958,20.890000000000327,107.01999999999998,0.48747897589235734,0.49950578366542814,0.5004942163345718,10.39685985374929,0,3,9,3,False,False
2024-09-27,2632.25,2728.6,2615.21,2694.43,281826.9792,1727481599999,753233859.358672,2599262.0,151742.5093,405576362.613476,0,0.023618487535425725,0.023343886429398778,2641.362,22.68600000000015,2580.157,35.263000000000375,2467.9880000000003,21.042500000000018,2525.5762,0.2385999999996784,,,,,0.02121240376630355,0.022298156951689588,0.029075353741752397,2728.6,2240.94,0.929930689414756,66.98068018521474,40.13058776901926,2.0375459658628827,38.093041803156375,2467.9880000000003,2741.3548453773883,2194.6211546226123,0.9141723911094488,273218.12479,1.0315090897304742,6656.326995381885,62.179999999999836,34.17000000000007,17.039999999999964,113.38999999999987,0.5483728723873349,0.5384243542997178,0.4615756457002822,9.222899835134024,0,4,9,3,False,False
2024-09-28,2694.43,2704.35,2650.0,2675.21,137230.0342,1727567999999,367299958.062676,1192804.0,65924.2202,176467262.336168,0,-0.007133234116306508,-0.0071587972686246865,2647.0099999999998,5.6479999999996835,2610.203,30.04599999999982,2486.8835,18.89549999999963,2527.1048,1.5286000000000968,,,,,0.022274105762294345,0.02257323045136174,0.028736772427452775,2728.6,2252.39,0.887885596690536,67.17553177293229,45.88758695841216,10.807554164372739,35.08003279403942,2486.8835,2762.805139621804,2210.961860378196,0.8412680865809087,257649.36813,0.5326232126863163,-978.8939617373488,19.2199999999998,9.920000000000073,25.210000000000036,54.34999999999991,0.3536338546458111,0.48039207003272755,0.5196079299672725,8.692003954918492,0,5,9,3,False,False
2024-09-29,2675.21,2683.7,2629.73,2657.62,160554.3146,1727654399999,426486288.276277,1417045.0,81486.0061,216453626.088544,0,-0.00657518475185126,-0.006596896503964429,2647.894,0.8840000000000146,2629.444,19.240999999999985,2501.7895,14.905999999999949,2528.0588000000002,0.9540000000001783,,,,,0.020945453599337357,0.02232032070031853,0.02875237633553771,2728.6,2252.39,0.8509481111274437,75.66738816738815,48.471930061686635,18.340429343835517,30.131500717851118,2501.7895,2780.927718128592,2222.6512818714077,0.7791278475672807,241030.19639000003,0.6661170135720852,-1055.6742812018501,17.590000000000146,8.489999999999782,27.889999999999873,53.9699999999998,0.3259218084120847,0.5075292202704841,0.492470779729516,8.825954030138533,0,6,9,3,False,False
2024-09-30,2657.62,2663.5,2575.0,2602.23,282475.7961,1727740799999,738997897.579085,2684395.0,135231.5945,353834770.003651,0,-0.020841956336872802,-0.021062215708309424,2652.35,4.456000000000131,2633.5269999999996,4.082999999999629,2512.475,10.685500000000047,2528.9958,0.9369999999998981,,,,,0.019518208911698844,0.023061829422370863,0.02875152788184121,2728.6,2252.39,0.7346338800109198,71.88861121028205,45.52573813334948,23.77749110173831,21.748247031611168,2512.475,2789.7117045267405,2235.2382954732593,0.661874309091246,235202.31688,1.2009907038633418,-5887.348208539584,55.38999999999987,5.880000000000109,27.230000000000018,88.5,0.6258757062146878,0.4787369267281446,0.5212630732718554,9.503097387677387,0,0,9,3,False,False
2024-10-01,2602.24,2659.0,2414.0,2447.79,502828.6804,1727827199999,1275068045.816548,4525442.0,241562.4716,612727012.04731,0,-0.059349096736260876,-0.06118319307059319,2615.4559999999997,-36.89400000000023,2617.066,-16.460999999999785,2517.837,5.36200000000008,2523.5056,-5.490200000000186,,,,,0.026255892510692477,0.026659663312909237,0.028443603399613566,2728.6,2252.39,0.41032317674975344,56.5541635232571,30.378656273446268,25.097724136079904,5.280932137366364,2517.837,2785.0395948581945,2250.6344051418055,0.36892529985127154,270009.39719000005,1.8622636309438143,-29842.427994826005,154.44999999999982,56.76000000000022,33.789999999999964,245.0,0.6304081632653054,0.48040710686557725,0.5195928931344228,8.999967934207756,0,1,10,4,False,False
2024-10-02,2447.78,2499.0,2352.0,2364.1,317484.735,1727913599999,772815459.366551,4299369.0,155763.8413,379325012.463598,0,-0.03419002447105346,-0.0347881768230544,2549.39,-66.0659999999998,2595.376,-21.6899999999996,2517.9539999999997,0.11699999999973443,2516.7388,-6.766799999999876,,,,,0.027700804201760035,0.027834813887808296,0.028803183614788588,2728.6,2252.39,0.23458138216333135,49.38031676577719,11.488963576673541,22.37597202419863,-10.88700844752509,2517.9539999999997,2784.8707377686487,2251.0372622313507,0.21179401995135783,280331.23812,1.132534273130474,-10854.810858835923,83.68000000000029,51.2199999999998,12.099999999999909,147.0,0.5692517006802741,0.49061836406087367,0.5093816359391263,13.541970765933046,0,2,10,4,False,False
2024-10-03,2364.09,2403.38,2310.0,2349.8,314635.9263,1727999999999,739732809.481887,4096011.0,149299.0436,351028567.523543,0,-0.006048813501966843,-0.006067181682279811,2484.308,-65.08199999999988,2565.659,-29.7170000000001,2513.4845,-4.469499999999698,2510.5058,-6.233000000000175,,,,,0.025075554439448405,0.026793314745939472,0.02874860121020806,2728.6,2252.39,0.20455261334285357,42.63167975483624,-4.582322309136089,16.984313157531687,-21.566635466667776,2513.4845,2788.8155197963724,2238.1534802036276,0.20274962094525964,278466.62925999996,1.129887366167058,-1903.1740392072845,14.289999999999964,39.289999999999964,39.80000000000018,93.38000000000011,0.1530306275433706,0.47451365568992876,0.5254863443100712,13.018255887582663,0,3,10,4,False,False
2024-10-04,2349.8,2441.64,2339.15,2414.41,239383.017,1728086399999,572627417.105369,2556302.0,121492.1876,290635408.17503,0,0.027495957102732005,0.02712473268730683,2435.666,-48.641999999999825,2541.7799999999997,-23.87900000000036,2513.3154999999997,-0.16900000000032378,2507.3962,-3.109599999999773,,,,,0.02774308076972638,0.02749486388248453,0.028660812326808793,2728.6,2252.39,0.3402280506499233,40.22113708636585,-11.967491338654781,11.193952258294393,-23.161443596949177,2513.3154999999997,2788.897871942162,2237.7331280578373,0.32055183845221136,273544.92694,0.8751140797157129,6582.065166554566,64.60999999999967,27.230000000000018,10.650000000000091,102.48999999999978,0.6304029661430365,0.5075221672889184,0.49247783271108153,10.67871076250994,0,4,10,4,False,False
2024-10-05,2414.41,2428.23,2390.05,2414.66,103740.2316,1728172799999,250133597.688322,1147501.0,49644.8537,119740244.150919,0,0.00010354496543674152,0.00010353960502683366,2398.152,-37.514000000000124,2525.2509999999997,-16.528999999999996,2518.2435,4.928000000000338,2503.8348,-3.5614000000000487,,,,,0.02705734427717042,0.02562985743465849,0.028626874662634905,2728.6,2252.39,0.3407530291258058,35.89224051825002,-17.597267742538406,5.435708258127833,-23.03297600066624,2518.2435,2782.2590730076004,2254.2279269923997,0.30383070055299677,261884.60716999997,0.3961295500375018,10.74177869542156,0.25,13.570000000000164,24.359999999999673,38.179999999999836,0.0065479308538502114,0.47854967098415463,0.5214503290158454,11.061292059039513,0,5,10,4,False,False
2024-10-06,2414.66,2457.8,2407.0,2440.03,105752.7096,1728259199999,257213775.45288,1097106.0,56040.4942,136283551.473558,0,0.01050665518126781,0.010451843867824944,2396.6,-1.5520000000001346,2506.028,-19.222999999999956,2525.4610000000002,7.2175000000002,2500.3451999999997,-3.489600000000337,,,,,0.026153928267335255,0.025548845003726693,0.028642557747905802,2728.6,2263.29,0.37983279963895095,39.855208048475085,-19.783704893814047,0.3918256277394567,-20.175530521553505,2525.4610000000002,2771.1120371195284,2279.809962880472,0.3261130891166739,244591.24240000002,0.43236506982966283,1111.10725425195,25.370000000000346,17.769999999999982,7.6599999999998545,50.80000000000018,0.49940944881890265,0.5299201733172424,0.47007982668275766,10.3742590062203,0,6,10,4,False,False
2024-10-07,2440.02,2521.0,2403.0,2422.71,300459.5407,1728345599999,742163736.966911,3081333.0,147053.1926,363265506.414649,0,-0.007098273381884734,-0.007123585979335531,2408.322,11.722000000000207,2478.8559999999998,-27.172000000000025,2529.5065,4.04549999999972,2496.5564,-3.78879999999981,,,,,0.02382713116957352,0.025334609457781567,0.028655646320213134,2728.6,2277.34,0.3221424455967734,32.64617575138517,-22.652922549157665,-4.217124007639968,-18.4357985415177,2529.5065,2764.8718982774885,2294.1411017225114,0.2731261672667574,246454.49855,1.2191278409107376,-2132.743960084123,17.309999999999945,80.98000000000002,19.710000000000036,118.0,0.14669491525423684,0.4894276023234299,0.5105723976765701,10.255400753196984,0,0,10,4,False,False
2024-10-08,2422.7,2466.66,2401.18,2440.89,201358.3312,1728431999999,490043095.024962,2240640.0,98699.0695,240246242.020958,0,0.007503993461867031,0.007475978564708481,2426.54,18.217999999999847,2455.424,-23.43199999999979,2532.8134999999997,3.306999999999789,2492.647,-3.909400000000005,,,,,0.024484689926121458,0.025212302553145095,0.02864370672819829,2728.6,2310.0,0.3126851409460103,33.86922761324439,-23.192475725861186,-8.012194351284212,-15.180281374576975,2532.8134999999997,2760.765351174078,2304.8616488259213,0.29837079732728017,252867.32824999996,0.7963003073331995,1510.991600817256,18.190000000000055,25.769999999999982,21.519999999999982,65.48000000000002,0.2777947464874779,0.49016630656303334,0.5098336934369666,11.1276249989104,0,1,10,4,False,False
2024-10-09,2440.88,2473.61,2351.42,2370.47,242082.2725,1728518399999,586469983.393527,2569883.0,118607.6753,287392550.52832,0,-0.028850132533625117,-0.029274479174812445,2417.7519999999995,-8.788000000000466,2426.709,-28.715000000000146,2528.0765,-4.736999999999625,2488.6,-4.0470000000000255,,,,,0.025255898881553992,0.024558780345346323,0.028729165978662038,2728.6,2310.0,0.1444577161968462,34.01550529560784,-28.96845071358166,-12.203445623743702,-16.765005089837956,2528.0765,2765.676834952371,2290.4761650476294,0.1683369574550599,261020.12403999997,0.9274467759539573,-6984.105645666151,70.41000000000031,32.73000000000002,19.049999999999727,122.19000000000005,0.5762337343481486,0.4899477936782835,0.5100522063217164,10.61574221631615,0,2,10,4,False,False
2024-10-10,2370.47,2421.36,2330.66,2386.49,257862.9619,1728604799999,614182044.949536,2734517.0,124649.1698,296876662.883377,0,0.006758153446362991,0.006735419496232244,2412.118,-5.63399999999956,2405.135,-21.573999999999614,2519.3309999999997,-8.745500000000447,2483.7156,-4.884399999999914,,,,,0.025576237544270186,0.022737690962538724,0.028549523365450222,2728.6,2310.0,0.18272814142379312,30.14685687513122,-31.885713730017414,-16.139899244998446,-15.745814485018968,2519.3309999999997,2764.5216763832345,2274.140323616765,0.22910674671746403,258558.84062,0.9973086253081451,1742.6774646538536,16.019999999999982,34.870000000000346,39.809999999999945,90.70000000000027,0.17662624035281074,0.4833930739085333,0.5166069260914667,10.604535757486776,0,3,10,4,False,False
2024-10-11,2386.49,2471.45,2381.86,2439.5,235441.2197,1728691199999,572065403.741898,1913115.0,120079.0581,291669006.342688,0,0.022212538078936195,0.02196943305546825,2412.012,-0.10599999999976717,2404.306,-0.8290000000001783,2510.6859999999997,-8.644999999999982,2480.048,-3.6676000000002205,,,,,0.019860097020965667,0.022866705714979303,0.02874526246142469,2728.6,2310.0,0.30936454849498335,29.097587773240846,-29.579230751668547,-18.82776554633247,-10.751465205336078,2510.6859999999997,2754.24692992364,2267.1250700763594,0.35386408234211153,231820.09454999998,1.0156204109787341,5229.747057937432,53.01000000000022,31.949999999999818,4.629999999999654,89.58999999999969,0.5916955017301083,0.510017142508033,0.489982857491967,8.125658720413094,0,4,10,4,False,False
2024-10-12,2439.49,2490.51,2434.35,2476.4,139637.5062,1728777599999,343538957.820228,1058123.0,75635.4722,186143651.984974,0,0.015126050420168013,0.015012792389185134,2422.75,10.737999999999829,2415.5359999999996,11.229999999999563,2505.4559999999997,-5.230000000000018,2474.3264,-5.721599999999853,,,,,0.016269560779731733,0.023117802944539776,0.027765819172516283,2728.6,2310.0,0.39751552795031087,34.15831327989291,-24.49148219881181,-19.960508876828335,-4.530973321983474,2505.4559999999997,2747.1446054322682,2263.767394567731,0.4398895948196815,214035.37167000002,0.6524038765671558,2112.1639593277237,36.91000000000031,14.110000000000127,5.139999999999873,56.16000000000031,0.6572293447293466,0.5416558506256108,0.4583441493743892,7.577641772579866,0,5,10,4,False,False
2024-10-13,2476.4,2484.92,2436.4,2468.91,120022.8179,1728863999999,295322793.084125,1032905.0,59760.3747,147082675.325771,0,-0.0030245517686965373,-0.003029134969148349,2428.3540000000003,5.604000000000269,2427.4469999999997,11.911000000000058,2496.553,-8.902999999999793,2468.3446,-5.981800000000021,,,,,0.016073011598426574,0.022202171349711683,0.02776088228393852,2728.6,2310.0,0.37962255136168155,34.717115599539994,-20.823742082485296,-20.13315551795973,-0.6905865645255673,2496.553,2729.243304332887,2263.862695667113,0.4406013067900459,194574.06083,0.6168490156807918,-363.0152261633874,7.4900000000002365,8.519999999999982,32.50999999999976,48.51999999999998,0.15436933223413518,0.49790844562398834,0.5020915543760117,8.605905260952884,0,6,10,4,False,False
2024-10-14,2468.92,2654.0,2443.39,2629.79,435900.1619,1728950399999,1119084230.807938,2715025.0,229665.6047,589781071.815328,0,0.06516235909773949,0.06312723739912225,2480.218,51.86399999999958,2448.9849999999997,21.53800000000001,2495.3825,-1.1704999999997199,2466.0178,-2.326799999999821,,,,,0.024246676658777805,0.02696578551187667,0.029317865813181968,2728.6,2310.0,0.7639512661251793,51.90626383355467,-4.8791167254489665,-17.082347759457576,12.20323103400861,2495.3825,2724.9698223966616,2265.7951776033387,0.7927154221690472,214225.77532000002,2.0347699115518365,28404.28288049058,160.8699999999999,24.210000000000036,25.5300000000002,210.61000000000013,0.7638288780209856,0.5268766216991855,0.4731233783008145,6.228547812796763,0,0,10,4,False,False
2024-10-15,2629.79,2688.6,2537.36,2607.41,416285.6663,1729036799999,1083630113.139707,3306565.0,205576.5183,535279891.165901,0,-0.008510185223915223,-0.008546603615558845,2524.4019999999996,44.18399999999974,2468.2599999999998,19.27500000000009,2496.7555,1.3730000000000473,2464.5562000000004,-1.4615999999996347,,,,,0.024739523455895335,0.026269483433261142,0.02914677601353283,2728.6,2310.0,0.7104873387482081,63.50834433499202,5.883414442889261,-12.489195318988209,18.37260976187747,2496.7555,2728.7876685933024,2264.723331406698,0.7384464634167837,245480.31879000002,1.6958005772190563,-3542.668126273963,22.38000000000011,58.809999999999945,70.04999999999973,151.23999999999978,0.14797672573393375,0.49383520726810093,0.5061647927318991,7.9430191036582425,0,1,10,4,False,False
2024-10-16,2607.41,2647.79,2588.67,2611.1,260322.4242,1729123199999,681342662.41857,2813136.0,127407.6679,333593643.097793,0,0.0014151974564797776,0.0014141970083359115,2558.7219999999998,34.320000000000164,2485.3669999999997,17.10699999999997,2495.6974999999998,-1.0580000000004475,2467.6316,3.0753999999997177,,,,,0.024803268199339864,0.025871216814173204,0.026564108761037927,2728.6,2310.0,0.7193024366937409,74.17681375044045,14.542908498506222,-7.082774555489323,21.625683053995544,2495.6974999999998,2725.308481020657,2266.0865189793426,0.7513000455967257,260937.29025,0.9976436252196422,368.40763259248973,3.6900000000000546,36.690000000000055,18.73999999999978,59.11999999999989,0.06241542625169251,0.4894225623917649,0.510577437608235,10.806352962658066,0,2,10,4,False,False
2024-10-17,2611.1,2648.37,2575.4,2605.8,221624.5434,1729209599999,579597649.929403,2543113.0,109682.8589,286944146.556011,0,-0.0020297958714716735,-0.002031858698996803,2584.602,25.88000000000011,2503.6760000000004,18.30900000000065,2491.266,-4.431499999999687,2469.181,1.5493999999998778,,,,,0.024531886971743185,0.025262896681924517,0.026273181428395145,2704.35,2310.0,0.7500950931913282,75.50715395958707,20.738889214462233,-1.5184418014990113,22.257331015961245,2491.266,2707.774612922163,2274.757387077837,0.7645021795072331,253053.79051999998,0.8758001330254092,-449.85258321011474,5.299999999999727,37.26999999999998,30.40000000000009,72.9699999999998,0.07263258873509308,0.49490393625781076,0.5050960637421893,11.474870792672325,0,3,10,4,False,False
2024-10-18,2605.79,2675.58,2596.49,2642.17,292444.1153,1729295999999,771232214.935164,2835054.0,151075.2919,398486077.848593,0,0.013957325965154643,0.01386081943641187,2619.254,34.652000000000044,2523.8039999999996,20.127999999999247,2489.614,-1.6520000000000437,2471.4722,2.291200000000117,2704.4736,,,,0.024614512907264924,0.025449088984062083,0.026336719839132397,2688.6,2310.0,0.8773639725303755,74.04662359052323,28.25825998377877,4.436898555556546,23.821361428222225,2489.614,2700.6480169536285,2278.5799830463716,0.861448837022142,262162.36893,1.115507601238092,4081.7378438333685,36.38000000000011,33.409999999999854,9.300000000000182,79.09000000000015,0.45998229864711143,0.5165954245481102,0.48340457545188975,9.69434449755194,0,4,10,4,False,False
2024-10-19,2642.17,2663.49,2631.02,2648.2,105413.7646,1729382399999,278723129.157894,1145594.0,52955.7012,140037162.00516,0,0.002282214997520793,0.0022796147004131985,2622.936,3.6820000000002437,2551.577,27.773000000000593,2489.143,-0.47100000000000364,2473.9162,2.44399999999996,2699.9599,-4.513699999999972,,,0.021126347095084794,0.025411433774089255,0.026335736069459798,2688.6,2310.0,0.8932910723718962,74.35956275033374,34.308499076732915,10.41121865979182,23.897280416941094,2489.143,2698.6346197394496,2279.6513802605505,0.87962616403898,248495.51813999997,0.4242079108268299,240.57687451524643,6.029999999999745,15.289999999999964,11.150000000000091,32.4699999999998,0.1857098860486536,0.5023604023719689,0.49763959762803117,10.867594040939887,0,5,10,4,False,False
2024-10-20,2648.2,2759.0,2635.54,2746.91,256910.7448,1729468799999,692550694.441629,2274845.0,131315.6321,354129881.286766,0,0.03727437504720199,0.03659647963870094,2650.8360000000002,27.90000000000009,2587.6189999999997,36.04199999999946,2496.377,7.233999999999924,2478.5942,4.677999999999884,2696.0902,-3.869699999999739,,,0.022547940979223243,0.026197824435753032,0.02680343108748328,2759.0,2310.0,0.9730734966592425,77.76189614619138,46.53203683814445,17.635382295462346,28.896654542682104,2496.377,2730.817229447003,2261.936770552997,1.03432169169719,248400.29642999996,1.0342610234058167,9576.187455331197,98.71000000000004,12.090000000000146,12.659999999999854,123.46000000000004,0.7995302122144825,0.5111332817248522,0.4888667182751478,8.854612140768666,0,6,10,4,False,False
2024-10-21,2746.91,2769.48,2655.01,2666.7,310674.7232,1729555199999,839718870.967621,2526347.0,155766.4454,421099497.596007,0,-0.029200083002355437,-0.02963489062861841,2661.9559999999997,11.119999999999436,2610.339,22.720000000000255,2507.3224999999998,10.94549999999981,2483.4138000000003,4.819600000000264,2690.9979,-5.09230000000025,,,0.02614045353259206,0.02310397386582085,0.02665908417872965,2769.48,2310.0,0.7763123530948024,69.81757338488278,49.18008452200638,23.944322740771156,25.235761781235226,2507.3224999999998,2752.4105395952374,2262.234460404762,0.825143365345799,255923.64677999998,1.2139351994583985,-9071.7277041738,80.21000000000004,22.570000000000164,11.6899999999996,114.4699999999998,0.7007076089805204,0.5013811352129982,0.4986188647870018,8.131807357799232,0,0,10,4,False,False
2024-10-22,2666.71,2671.92,2606.56,2622.81,265747.713,1729641599999,699818031.28854,2153796.0,129041.0542,339834310.024147,0,-0.016458544268196595,-0.016595490814311574,2665.358,3.4020000000004984,2624.98,14.641000000000076,2520.2580000000003,12.935500000000502,2485.1097999999997,1.695999999999458,2684.7751999999996,-6.222700000000259,,,0.027236117633624837,0.021845389607214764,0.026012442478822475,2769.48,2310.0,0.6807913293288064,64.18368938094497,47.19311237093552,28.594080666804032,18.59903170413149,2520.2580000000003,2760.7845425423434,2279.731457457657,0.7131822935548705,268534.66745999997,0.9896216213483306,-4373.820498582504,43.90000000000009,5.210000000000036,16.25,65.36000000000013,0.6716646266829867,0.4855772896152826,0.5144227103847173,8.104664291127879,0,1,10,4,False,False
2024-10-23,2622.81,2628.2,2450.0,2524.61,352647.7086,1729727999999,897683017.740168,2642127.0,161673.0363,411442765.600342,0,-0.03744076010080788,-0.03815966676698236,2641.846,-23.51200000000017,2630.55,5.570000000000164,2528.9985,8.740499999999884,2487.0962,1.9864000000002306,2675.1874000000007,-9.587799999998879,,,0.03049488354531683,0.023757543936614174,0.025781753601095667,2769.48,2330.66,0.4419807666013404,61.51880193698813,37.26493632812026,30.32825179906728,6.936684529052975,2528.9985,2755.754532708016,2302.242467291984,0.49032330044852457,291797.15653,1.2085371660012867,-13203.398257792203,98.19999999999982,5.389999999999873,74.61000000000013,178.19999999999982,0.5510662177328839,0.4584548044898313,0.5415451955101687,7.492256253384316,0,2,10,4,False,False
2024-10-24,2524.6,2562.65,2507.31,2535.82,290851.7842,1729814399999,737665762.666147,2252562.0,151672.5796,384697096.340313,0,0.004440289787333462,0.004430460785638904,2619.37,-22.476000000000113,2621.153,-9.39700000000039,2535.0690000000004,6.070500000000266,2488.7984,1.7022000000001754,2666.1043,-9.08310000000074,,,0.021332168618575297,0.023100540976297202,0.025751174832406448,2769.48,2330.66,0.46752654847089975,61.2401583693378,29.956024199668263,30.25380627918748,-0.29778207951921587,2535.0690000000004,2755.315706830043,2314.822293169958,0.5017049063089495,277292.31876,1.0488995349767907,1291.466207010976,11.220000000000255,26.829999999999927,17.289999999999964,55.340000000000146,0.20274665702927766,0.5214772191175714,0.47852278088242856,7.7447075189714445,0,3,10,4,False,False
2024-10-25,2535.82,2566.33,2382.59,2440.62,514799.8822,1729900799999,1282541014.469803,3741205.0,232180.1435,578647966.535608,0,-0.03754209683652632,-0.03826495074970141,2558.112,-61.25799999999981,2604.474,-16.678999999999633,2536.3669999999997,1.2979999999993197,2490.2346,1.4361999999996442,2656.64,-9.464300000000094,,,0.023919468673690488,0.024795352630250633,0.025870003901163695,2769.48,2330.66,0.25058110386946814,50.079268465305894,16.29398735601262,27.46184249455251,-11.167855138539888,2536.3669999999997,2753.915299111532,2318.8187008884674,0.2799408214382029,287143.74035,1.7928298961785116,-19326.66702898474,95.20000000000027,30.509999999999764,58.029999999999745,183.73999999999978,0.5181234352889974,0.4510104829623833,0.5489895170376168,7.267299642750385,0,4,10,4,False,False
2024-10-26,2440.63,2508.0,2430.12,2482.51,248724.8313,1729987199999,612908876.738983,1985542.0,132469.8569,326550515.934207,0,0.017163671526087665,0.017018039738213687,2521.2740000000003,-36.83799999999974,2591.615,-12.859000000000378,2538.491,2.124000000000251,2495.3802,5.145600000000286,2647.2000999999996,-9.439900000000307,,,0.024980965688781588,0.024976191654057758,0.02439016287874838,2769.48,2330.66,0.3460416571715061,50.429404736805125,8.746078292111179,23.718689654064246,-14.972611361953067,2538.491,2752.885632680275,2324.096367319725,0.3694440264195332,285983.98106,0.869715955341628,4269.031304814768,41.88000000000011,25.48999999999978,10.510000000000218,77.88000000000011,0.537750385208013,0.5325960267321328,0.4674039732678672,7.982886105992105,0,5,10,4,False,False
2024-10-27,2482.51,2527.99,2464.13,2507.8,137580.8836,1730073599999,342704461.298222,1337190.0,70648.0053,176001096.76121,0,0.010187270141912785,0.010135729647841258,2498.272,-23.002000000000407,2581.8149999999996,-9.800000000000182,2542.7455,4.254500000000007,2500.0645999999997,4.684399999999641,2637.2428000000004,-9.957299999999123,,,0.02542388458012146,0.024974562387162277,0.024258567867762194,2769.48,2330.66,0.4036734879905206,52.66643812135758,4.750239814216002,19.924999686094598,-15.174759871878596,2542.7455,2750.7478836376695,2334.7431163623305,0.4159973568839642,277579.61508,0.49564476685490183,1401.5736275962583,25.289999999999964,20.1899999999996,18.38000000000011,63.85999999999967,0.39602254932665354,0.5135016104810073,0.4864983895189927,9.719300857870053,0,6,10,4,False,False
2024-10-28,2507.8,2589.67,2471.67,2567.48,360605.327,1730159999999,910015100.830837,2847523.0,180803.6076,456316658.784813,0,0.023797751016827462,0.023518998337260344,2506.846,8.57400000000007,2574.346,-7.468999999999596,2549.075,6.329499999999825,2505.4682000000003,5.4036000000005515,2627.7426,-9.500200000000405,,,0.02634968413851379,0.02542452610446943,0.024423624358096977,2769.48,2330.66,0.539674581833098,45.039407690470505,6.326261065845301,17.205251962044738,-10.878990896199436,2549.075,2751.6607641904693,2346.4892358095303,0.5454252056494354,284395.73624999996,1.2679702296345523,8581.59578728765,59.679999999999836,22.190000000000055,36.13000000000011,118.0,0.5057627118644054,0.5013891755403824,0.49861082445961763,7.896508417359015,0,0,10,4,False,False
2024-10-29,2567.49,2681.86,2561.2,2638.8,451915.7025,1730246399999,1187541746.021715,3690029.0,227223.4801,597159695.537778,0,0.02777821054107532,0.027399395255018,2527.442,20.596000000000004,2573.406,-0.9400000000000546,2562.4915,13.41650000000027,2511.0542,5.585999999999785,2618.7713999999996,-8.971200000000408,,,0.028047929839748797,0.024856940684593078,0.024438246140836867,2769.48,2330.66,0.702201358187868,52.3183503449091,13.178286136884253,16.39985879701264,-3.2215726601283876,2562.4915,2750.2738440246,2374.7091559754003,0.7031833727403136,319045.93004,1.4164597004680224,12553.409530862958,71.3100000000004,43.059999999999945,6.289999999999964,120.66000000000031,0.5909995027349595,0.5028005861336495,0.49719941386635047,8.165303793576413,0,1,10,4,False,False
2024-10-30,2638.8,2722.3,2599.66,2659.19,460627.126,1730332799999,1230352880.142655,3700127.0,234688.3298,627072013.721042,0,0.00772699711990299,0.007697296775859888,2571.156,43.71399999999994,2564.634,-8.771999999999935,2576.1265000000003,13.635000000000218,2516.4676,5.4133999999999105,2610.9673000000003,-7.80409999999938,,,0.025084746372773813,0.024860121981059097,0.024409493868187235,2769.48,2381.86,0.7154687580620195,53.46624572936039,20.02305465536938,17.12449796868399,2.8985566866853887,2576.1265000000003,2749.1195323239535,2403.133467676047,0.74007758834024,339417.56816,1.3571104421526652,3559.2644759511913,20.389999999999873,63.11000000000013,39.14000000000033,122.64000000000033,0.16625896934115963,0.5094974146181743,0.49050258538182573,8.032803087675736,0,2,10,4,False,False
2024-10-31,2659.19,2669.0,2503.0,2518.61,403427.2017,1730419199999,1042550364.390791,3391343.0,196341.4498,507552898.635748,0,-0.052865722268811144,-0.054314403100932634,2578.376,7.220000000000255,2549.825,-14.809000000000196,2580.082,3.9554999999995744,2520.0288,3.561200000000099,2601.3283,-9.639000000000124,,,0.028692784381700025,0.02773969180947717,0.0254451651447357,2769.48,2382.59,0.3515727984698494,44.74106421221516,13.943223099704937,16.488242994888182,-2.545019895183245,2580.082,2743.260769594333,2416.903230405667,0.3116421635215756,348692.81600999995,1.1569702132562156,-21327.470400755854,140.57999999999993,9.809999999999945,15.610000000000127,166.0,0.8468674698795177,0.4866837163499082,0.5133162836500917,8.406332011597721,0,3,10,4,False,False
2024-11-01,2518.61,2586.8,2467.67,2511.49,430249.1073,1730505599999,1084316033.711915,3614843.0,202239.1162,509869182.303567,0,-0.0028269561385051434,-0.002830959525723158,2579.114,0.737999999999829,2538.693,-11.131999999999607,2581.8365000000003,1.754500000000462,2523.0234,2.9945999999999913,2593.0851000000002,-8.243199999999888,,,0.028427459769181023,0.027581311216625697,0.025431330118939468,2769.48,2382.59,0.3331696347799108,41.82964037413093,8.452947970911737,14.881183990092893,-6.428236019181156,2581.8365000000003,2741.027260413591,2422.6457395864095,0.2790496765728284,365142.95544,1.178303184793875,-1216.295354968093,7.120000000000346,68.19000000000005,43.81999999999971,119.13000000000011,0.059766641484095856,0.4700512163038252,0.5299487836961748,8.401744335240368,0,4,11,4,False,False
2024-11-02,2511.49,2523.45,2470.0,2494.23,145961.13,1730591999999,364240307.892377,1228028.0,68739.2217,171535490.173642,0,-0.006872414383493397,-0.006896138178868885,2564.464,-14.650000000000091,2535.655,-3.038000000000011,2583.1025,1.2659999999996217,2524.1241999999997,1.1007999999997082,2586.2726000000002,-6.8125,,,0.02596375391403025,0.027624720657215635,0.02505283840910312,2769.48,2382.59,0.2885574711158208,40.50681299710217,2.678254374610333,12.440598066996381,-9.762343692386048,2583.1025,2738.877990116569,2427.327009883431,0.21474170957993652,344474.29758,0.4237213952547571,-1003.1053692429496,17.259999999999764,11.960000000000036,24.230000000000018,53.44999999999982,0.322918615528528,0.4709419672209991,0.5290580327790009,8.413390606115478,0,5,11,4,False,False
2024-11-03,2494.23,2496.39,2411.0,2457.73,276009.1197,1730678399999,675516839.246158,2569553.0,128755.1302,315138233.230781,0,-0.014633774752127904,-0.014741904629285514,2528.25,-36.21399999999994,2527.8460000000005,-7.808999999999742,2574.4995,-8.603000000000065,2524.923,0.7988000000000284,2578.1038,-8.168800000000374,,,0.02622703216416343,0.02326978967669206,0.025111964586209276,2769.48,2382.59,0.19421541006487605,30.688890669658377,-4.78828054413998,8.99482234476911,-13.78310288890909,2574.4995,2738.2205880511005,2410.7784119488992,0.14338894460695936,342990.03113,0.8047146991143513,-4039.055287222908,36.5,2.1599999999998545,46.73000000000002,85.38999999999987,0.4274505211383072,0.4664886810259988,0.5335113189740012,9.30966702402044,0,6,11,4,False,False
2024-11-04,2457.73,2491.39,2357.59,2398.21,306316.9645,1730764799999,745000696.549594,3066552.0,148574.7254,361660123.21258,0,-0.024217468965264666,-0.024515533959114086,2476.054,-52.19599999999991,2523.605,-4.24100000000044,2564.0395,-10.460000000000036,2526.5652,1.64220000000023,2569.5958,-8.50799999999981,,,0.024551277581419496,0.023722030375513892,0.02461471446770094,2769.48,2357.59,0.09861856320862343,31.56101916077195,-15.33159672784359,4.12953853024657,-19.46113525809016,2564.0395,2744.756481111654,2383.3225188883457,0.0411900448427042,322141.73936,0.9508763599171001,-7418.221581312829,59.51999999999998,33.659999999999854,40.61999999999989,133.79999999999973,0.444843049327355,0.4850359027372772,0.5149640972627227,10.011042010048385,0,0,11,4,False,False
2024-11-05,2398.21,2480.0,2380.74,2422.55,331619.2545,1730851199999,807964220.382607,2878817.0,164899.7226,401792814.478282,0,0.010149236305411202,0.010098078656152792,2456.8419999999996,-19.212000000000444,2517.609,-5.996000000000095,2554.612,-9.427499999999782,2529.1026,2.5374000000001615,2561.1197,-8.47609999999986,,,0.024054734333432717,0.023904779849982086,0.024606569333728793,2769.48,2357.59,0.1577120104882373,35.86732533521527,-21.475658162621585,-0.9915008083270607,-20.484157354294524,2554.612,2744.4349159922326,2364.7890840077675,0.15214421212082788,330431.18168000004,1.0035955227165894,3365.682177344797,24.340000000000146,57.44999999999982,17.470000000000255,99.26000000000022,0.24521458795083712,0.49725617666147914,0.5027438233385209,8.681091224152668,0,1,11,4,False,False
2024-11-06,2422.6,2744.7,2420.3,2721.87,1002141.3618,1730937599999,2613263657.61569,5557031.0,527404.5797,1375499686.352236,0,0.12355575736310898,0.11649843968337495,2498.918,42.07600000000048,2539.0160000000005,21.407000000000608,2560.4155,5.8034999999999854,2536.7039999999997,7.601399999999558,2555.1618,-5.957900000000336,,,0.0466409902015563,0.037135128867735206,0.02997709747475308,2769.48,2357.59,0.8844108864017088,60.842989380180725,-2.167265746420071,-1.226653795945663,-0.9406119504744082,2560.4155,2763.4643286076825,2357.3666713923176,0.8975755514254936,416887.2295,2.403866779517169,123820.3349420964,299.27,22.829999999999927,2.299999999999727,324.39999999999964,0.9225339087546249,0.5262776288893019,0.4737223711106981,5.545156813025578,0,2,11,4,False,False
2024-11-07,2721.88,2916.11,2699.49,2895.47,730845.9524,1731023999999,2069602523.372077,5380366.0,367745.6506,1041659729.922739,0,0.06377968088115882,0.06182830263713826,2579.166,80.24800000000005,2571.8149999999996,32.79899999999907,2573.0805,12.664999999999964,2547.1184,10.414400000000114,2551.3244,-3.8373999999998887,,,0.04965178195189957,0.039516810859150445,0.031138539669427853,2916.11,2357.59,0.9630451908615622,66.77456367011499,26.833523363098266,4.385381635863123,22.448141727235143,2573.0805,2823.6405474285016,2322.5204525714985,1.143337801274952,453911.29204000003,1.6101074487822955,46613.121617358585,173.5899999999997,20.640000000000327,22.390000000000327,216.62000000000035,0.8013572154002373,0.5031780628905075,0.4968219371094925,7.3618332048383115,0,3,11,4,False,False
2024-11-08,2895.47,2981.69,2886.4,2961.75,568864.435,1731110399999,1664276186.367457,4290252.0,290136.2734,849147013.622051,0,0.022890929624551415,0.022632863127550862,2679.97,100.80399999999963,2604.1099999999997,32.29500000000007,2588.7580000000003,15.677500000000236,2557.0492,9.93080000000009,2548.6145,-2.709899999999834,,,0.04951574335673809,0.03970213191820906,0.030876341300214615,2981.69,2357.59,0.9680499919884633,74.98010718154714,54.53643764134722,14.415592836959943,40.120844804387275,2588.7580000000003,2892.6665608049416,2284.849439195059,1.1136582645320716,465606.16529000003,1.221771697644266,13021.835747495204,66.2800000000002,19.940000000000055,9.069999999999709,95.28999999999996,0.6955609192989844,0.510027091779784,0.489972908220216,7.541782779934203,0,4,11,4,False,False
2024-11-09,2961.75,3157.4,2953.71,3126.21,526719.4212,1731196799999,1602480049.885514,3681905.0,278109.2638,846556140.576448,0,0.05552798176753604,0.054041098393057894,2825.57,145.60000000000036,2650.812,46.702000000000226,2607.723,18.96499999999969,2568.3454,11.296200000000226,2547.8426,-0.771900000000187,,,0.05126217013578339,0.040649332250474415,0.03134177063276484,3157.4,2357.59,0.9610032382690888,77.61096717739306,88.73881848451856,29.28023796647167,59.45858051804689,2607.723,2990.334837388074,2225.111162611926,1.1775626749285741,472215.39480999997,1.1154219599552238,29247.666417000735,164.46000000000004,31.190000000000055,8.039999999999964,203.69000000000005,0.8074034071382984,0.5280026758200729,0.4719973241799271,6.990258668669725,0,5,11,4,False,False
2024-11-10,3126.2,3248.52,3069.0,3183.21,865536.7322,1731283199999,2751696491.353273,6072418.0,444231.9853,1412520566.696555,0,0.018232940205552328,0.018068713372695295,2977.7019999999998,152.1319999999996,2717.272,66.46000000000004,2633.5485,25.82549999999992,2579.7616,11.416199999999662,2549.7786,1.9360000000001492,,,0.0449707093679757,0.03978547915866954,0.03132578622977885,3248.52,2357.59,0.9266945775762406,78.20389687398213,119.07129557264898,47.238449487707136,71.83284608494185,2633.5485,3094.6065526651414,2172.4904473348583,1.0960870836358754,518426.3478599999,1.6695461867878223,15781.279483911758,57.01000000000022,65.30999999999995,57.19999999999982,179.51999999999998,0.31756907308378024,0.5132445207390125,0.4867554792609875,7.015783125189011,0,6,11,4,False,False
2024-11-11,3183.2,3387.61,3105.0,3371.59,1000093.9664,1731369599999,3248336095.357834,7802397.0,512353.6597,1664789115.812,0,0.059179256159662685,0.05749432156742296,3107.6459999999997,129.94399999999996,2803.282,86.01000000000022,2670.9875,37.439000000000306,2595.5733999999998,15.811799999999948,2554.4581,4.679499999999734,,,0.0450498828627598,0.04075923055111754,0.032169654229568974,3387.61,2357.59,0.9844469039436128,80.31928932861764,156.50658337021423,69.09207626420856,87.41450710600567,2670.9875,3237.8413052638525,2104.133694736148,1.1179745937084182,575410.83377,1.738052027709565,59184.81702131869,188.39000000000033,16.019999999999982,78.19999999999982,282.6100000000001,0.6666076925798813,0.5123055201945672,0.4876944798054328,7.801663905728769,0,0,11,4,False,False
2024-11-12,3371.59,3442.5,3207.67,3243.8,973215.7285,1731455999999,3215515065.96685,7073014.0,474680.7996,1569519071.966663,0,-0.03790199876022882,-0.038638961114455625,3177.3120000000004,69.66600000000062,2878.239,74.95699999999988,2706.9469999999997,35.95949999999948,2607.51,11.936600000000453,2560.0069,5.548800000000028,,,0.04883915390541636,0.040789630181511105,0.03262500636038817,3442.5,2357.59,0.8168511673779393,71.88001793799818,173.85859992534142,90.04538099643514,83.81321892890628,2706.9469999999997,3323.7488445634262,2090.145155436573,0.9351908191681771,658136.2936199999,1.47874496200011,-36886.82133504219,127.78999999999996,70.90999999999985,36.13000000000011,234.82999999999993,0.5441808968189754,0.4877446856840436,0.5122553143159564,7.267673335799361,0,1,11,4,False,False
2024-11-13,3243.79,3331.0,3116.69,3187.16,919686.3747,1731542399999,2958494366.71914,9753402.0,446483.2399,1436610189.542692,0,-0.017461002527899505,-0.01761524394286781,3222.3940000000002,45.08199999999988,2951.182,72.94299999999976,2739.514,32.56700000000046,2618.1892000000003,10.679200000000037,2567.6826,7.675700000000234,,,0.04911854998169102,0.04133256639512633,0.03277266946927434,3442.5,2357.59,0.764644071858495,68.60634766244475,180.95389950641993,108.22708469843211,72.72681480798782,2739.514,3386.323063810466,2092.7049361895342,0.8460418422113927,722504.01912,1.2729152369562808,-16058.646113511431,56.63000000000011,87.21000000000004,70.4699999999998,214.30999999999995,0.26424338574961564,0.48547336590219897,0.5145266340978011,10.60513917386407,0,2,11,4,False,False
2024-11-14,3187.16,3240.4,3028.56,3058.82,605780.6662,1731628799999,1909266330.683718,6204964.0,291332.1428,919046552.324913,0,-0.04026782464639356,-0.041101017450192553,3208.916,-13.478000000000065,3017.243,66.06100000000015,2770.424,30.909999999999854,2627.7666,9.57739999999967,2573.6575,5.974899999999707,,,0.05120942610913645,0.041509614653345336,0.03307088091831285,3442.5,2357.59,0.6463485450406026,69.20336994774448,174.21279348582402,121.4242264559105,52.78856702991352,2770.424,3416.1760251255023,2124.6719748744977,0.7233024355935626,752450.3892900001,0.80507721814272,-24393.469640717067,128.3399999999997,53.24000000000024,30.26000000000022,211.84000000000015,0.6058345921450132,0.48092017301822565,0.5190798269817744,10.242921813472693,0,3,11,4,False,False
2024-11-15,3058.81,3131.06,3014.5,3090.01,519623.6317,1731715199999,1593247701.289049,6118576.0,256031.9621,785238977.756796,0,0.01019674253470293,0.01014510647198041,3190.2760000000003,-18.639999999999873,3083.989,66.7460000000001,2800.799,30.375,2636.9215999999997,9.154999999999745,2581.1295999999998,7.472099999999955,,,0.051207818314493114,0.04149452182782143,0.032999889641045374,3442.5,2357.59,0.6750974735231495,70.21920565908489,169.43406035303997,131.0261932353364,38.407867117703574,2800.799,3446.6794513432583,2154.9185486567417,0.7238889560742385,771250.82701,0.6737414256195833,5298.4683873921995,31.200000000000273,41.04999999999973,44.309999999999945,116.55999999999995,0.26767330130405187,0.49272578551203716,0.5072742144879628,11.775014889108245,0,4,11,4,False,False
2024-11-16,3090.01,3219.97,3072.0,3132.87,423639.1573,1731801599999,1332892680.485038,5079843.0,221452.0936,696573570.911464,0,0.013870505273445577,0.013775190182858242,3142.532,-47.74400000000014,3125.089,41.09999999999991,2832.0525,31.253499999999804,2645.6904000000004,8.768800000000738,2585.6333,4.503700000000208,,,0.037972703970638524,0.04149517133158246,0.032908683850158535,3442.5,2357.59,0.7146030546312596,71.92800538380189,167.1781975241861,138.25659409310634,28.921603431079745,2832.0525,3478.728943553784,2185.3760564462154,0.7325873340513763,713400.60656,0.5938306659743079,5876.089165367691,42.85999999999967,87.09999999999991,18.01000000000022,147.9699999999998,0.289653308102992,0.522737546291498,0.47726245370850195,11.99096663390516,0,5,11,4,False,False
2024-11-17,3132.88,3162.11,3034.99,3076.0,449818.9575,1731887999999,1393762559.896065,5832635.0,219773.8217,681175947.125362,0,-0.01815268427990946,-0.018319465689832976,3108.972,-33.559999999999945,3143.1420000000003,18.05300000000034,2857.4785,25.426000000000386,2653.7062,8.015799999999672,2590.4055000000003,4.772200000000339,,,0.03495026442643803,0.041924509841077325,0.03301832820570531,3442.5,2357.59,0.6621839599598123,70.93573706987044,158.96898080614756,142.3990714357146,16.569909370432953,2857.4785,3500.331786537124,2214.625213462876,0.6699621862222372,685297.90707,0.6563845487624598,-8165.421518615512,56.88000000000011,29.230000000000018,41.01000000000022,127.12000000000035,0.44745122718690966,0.4885828354621981,0.5114171645378018,12.966627801586153,0,6,11,4,False,False
2024-11-18,3075.99,3224.94,3050.01,3207.8,640658.4357,1731974399999,2006111259.657586,6541040.0,335610.6352,1051440459.598216,0,0.04284785435630689,0.04195529227774299,3113.1,4.127999999999702,3167.7470000000003,24.605000000000018,2885.9285,28.449999999999818,2664.7097999999996,11.003599999999551,2596.3842999999997,5.97879999999941,,,0.0365177508316546,0.042395798918461666,0.033453025035528695,3442.5,2357.59,0.783668691412191,76.13485960732663,161.23960610334007,146.1671783692397,15.072427734100359,2885.9285,3538.325452146066,2233.531547853934,0.7466837858003482,692477.3071399999,0.925168852602525,27450.839345013006,131.8100000000004,17.139999999999873,25.979999999999563,174.92999999999984,0.7535014005602271,0.5238526748396017,0.47614732516039826,10.20987102566298,0,0,11,4,False,False
2024-11-19,3207.81,3221.2,3065.4,3107.44,500112.0194,1732060799999,1561642778.418154,5163295.0,240538.5797,751285220.167402,0,-0.031286239790510706,-0.03178610783031856,3122.824,9.72400000000016,3165.87,-1.8770000000004075,2908.341,22.41249999999991,2674.814,10.104200000000219,2601.9049,5.520600000000286,,,0.03438049674900923,0.04342187794290225,0.033645317438481696,3442.5,2357.59,0.6911633223032325,71.07496507455889,153.17517172247062,147.5687770398859,5.606394682584721,2908.341,3558.7358702102374,2257.9461297897624,0.6530600940438247,689816.56696,0.7249927638067291,-15646.624561064942,100.36999999999989,13.389999999999873,42.039999999999964,155.79999999999973,0.6442233632862648,0.48096940359198254,0.5190305964080174,10.324276961378706,0,1,11,4,False,False
2024-11-20,3107.45,3159.2,3029.41,3069.97,503607.8336,1732147199999,1559041767.185464,6338828.0,262555.3379,813254437.229678,0,-0.012058157196921049,-0.012131446526433241,3118.816,-4.008000000000266,3154.546,-11.32400000000007,2935.9090000000006,27.568000000000666,2687.2575999999995,12.443599999999606,2605.3816,3.4767000000001644,,,0.03391963224487602,0.04128340540730043,0.03246949275532482,3442.5,2357.59,0.6566258952355493,62.76925108580818,142.12223684603487,146.47946900111572,-4.357232155080851,2935.9090000000006,3563.0743610500626,2308.7436389499385,0.606878511095974,653623.6771000001,0.7704859099266554,-6072.582423149658,37.48000000000002,51.75,40.559999999999945,129.78999999999996,0.2887741736651516,0.5213487963901282,0.4786512036098718,12.586833597657524,0,2,11,4,False,False
2024-11-21,3069.97,3386.73,3032.59,3355.81,974923.3035,1732233599999,3167224819.418769,8227428.0,517407.4618,1678599533.383094,0,0.09310840171076595,0.08902538242000183,3163.4039999999995,44.58799999999974,3152.968,-1.5779999999999745,2978.125,42.21599999999944,2707.0918,19.834200000000692,2611.9153,6.533699999999953,,,0.04165644253461395,0.04502908945735853,0.03427116775736967,3442.5,2357.59,0.920094754403591,65.6017840681091,154.64495468533914,148.1125661379604,6.53238854737873,2978.125,3598.632330988545,2357.617669011455,0.8043356469280555,651106.6108100001,1.497332828931287,90773.550579465,285.84000000000015,30.920000000000073,37.379999999999654,354.1399999999999,0.8071384198339646,0.530716067553718,0.46928393244628197,8.439051534067675,0,3,11,4,False,False
2024-11-22,3355.88,3425.92,3257.54,3327.78,603273.7093,1732319999999,2008464564.861674,7141711.0,299228.216,996678648.696995,0,-0.008352677892967675,-0.008387756979741928,3213.76,50.35600000000068,3161.366,8.398000000000138,3019.8025000000002,41.67750000000024,2726.6514,19.559600000000046,2618.5786000000003,6.663300000000163,,,0.03964580647616166,0.045069038855419685,0.034291421602617736,3442.5,2357.59,0.8942585099224822,62.73564226216572,160.45785379379322,150.58162366912697,9.87623012466625,3019.8025000000002,3614.9147618508755,2424.690238149125,0.7587558009997564,614112.40889,0.9823506259878533,-5038.950975078717,28.09999999999991,70.03999999999996,70.24000000000024,168.3800000000001,0.1668844280793437,0.49600738667561894,0.5039926133243811,11.838259963767992,0,4,11,4,False,False
2024-11-23,3327.78,3497.51,3312.72,3393.91,721024.0009,1732406399999,2449223191.454517,6790558.0,377413.2984,1281905367.172234,0,0.019872106930145517,0.01967723407217556,3250.982,37.22199999999975,3182.041,20.675000000000182,3066.6115,46.80899999999974,2746.2413999999994,19.589999999999236,2626.8188,8.240199999999732,,,0.03923503780935026,0.044513812169987704,0.034217763437861655,3497.51,2357.59,0.9091164292231031,59.998506013296485,168.45886758196912,154.1570724516954,14.301795130273717,3066.6115,3621.487047289661,2511.735952710339,0.794929648277635,594246.17151,1.2133422737379242,14328.266045086137,66.12999999999965,103.60000000000036,15.0600000000004,184.79000000000042,0.3578656853725824,0.523440687035249,0.47655931296475096,9.417936145709238,0,5,11,4,False,False
2024-11-24,3393.91,3450.0,3281.4,3361.2,479098.0921,1732492799999,1608242778.282872,5919258.0,229135.6476,769433365.505761,0,-0.00963785132781958,-0.009684596004898337,3301.7339999999995,50.7519999999995,3212.279,30.23799999999983,3114.761,48.14949999999999,2765.1722000000004,18.930800000001,2634.5035,7.684699999999793,,,0.036216332804085836,0.043915621727851115,0.03428776507865631,3497.51,2380.74,0.8779426381439326,56.770718421192775,170.19836422419257,157.36533080619483,12.83303341799774,3114.761,3586.29086817938,2643.23113182062,0.7613185469581422,581577.9140999999,0.823790038246915,-4617.476183101812,32.710000000000036,56.090000000000146,79.79999999999973,168.5999999999999,0.19400948991696354,0.47826457958879437,0.5217354204112056,12.355002237755729,0,6,11,4,False,False
2024-11-25,3361.21,3546.66,3300.01,3414.49,949330.37,1732579199999,3272920810.057311,9876856.0,473543.9399,1633463973.646526,0,0.015854456741639877,0.01573008765630806,3370.638,68.90400000000045,3244.727,32.447999999999865,3164.3579999999997,49.59699999999975,2784.6613999999995,19.489199999999073,2642.5033000000003,7.999800000000505,,,0.036263201686893,0.043881109831986904,0.03430663768221872,3546.66,2420.3,0.8826574097091515,51.818844757996125,173.872689351585,160.66680251527288,13.205886836312118,3164.3579999999997,3524.942652596891,2803.7733474031083,0.8468422715700414,624548.58793,1.5200264452545713,15051.117284689979,53.279999999999745,132.17000000000007,61.19999999999982,246.64999999999964,0.21601459558078176,0.49881890948037405,0.501181090519626,10.404024049077877,0,0,11,4,False,False
2024-11-26,3414.49,3462.49,3252.0,3324.73,672367.1503,1732665599999,2252619301.964274,7269605.0,320649.414,1076018603.47616,0,-0.02628796687060142,-0.02663967292507817,3364.422,-6.2159999999998945,3263.9129999999996,19.185999999999694,3194.501,30.143000000000484,2802.7018,18.040400000000318,2649.6290999999997,7.125799999999344,,,0.038041587732440575,0.03723265863717554,0.034577309292053084,3546.66,2699.49,0.7380336886339226,53.54554933452496,167.60963707986593,162.05536942819148,5.554267651674451,3194.501,3495.1503585487735,2893.851641451227,0.7165795407457575,649421.38723,1.0353326261210327,-17675.165371967087,89.75999999999976,48.0,72.73000000000002,210.48999999999978,0.42643355978906294,0.4768963115716333,0.5231036884283667,10.811957420520043,0,1,11,4,False,False
2024-11-27,3324.74,3684.92,3302.4,3653.28,754573.6485,1732751999999,2640023089.760935,6392173.0,422777.0485,1478531171.096091,0,0.09882005456082155,0.09423692640189818,3429.522,65.09999999999991,3321.6409999999996,57.728000000000065,3232.3915,37.890499999999975,2826.9496000000004,24.247800000000552,2659.7983000000004,10.169200000000728,,,0.04660735816771561,0.04053952341617413,0.036939699734519944,3684.92,2886.4,0.9603766968892452,66.49165015567507,187.00172276920466,167.04464009639412,19.957082672810543,3232.3915,3563.7991855999812,2900.983814400019,1.135001115375497,679896.8563300001,1.1098354720642423,74567.00911492818,328.5400000000004,31.639999999999873,22.33999999999969,382.52,0.8588831956499018,0.5602859963907154,0.4397140036092846,8.471238046421124,0,2,11,4,False,False
2024-11-28,3653.27,3661.92,3529.76,3578.79,560976.425,1732838399999,2014252549.702022,5393261.0,281616.1445,1011307244.124802,0,-0.020389896202864355,-0.020600639750357863,3466.4979999999996,36.97599999999966,3358.7400000000002,37.099000000000615,3263.2435,30.85199999999986,2851.1160000000004,24.166400000000067,2669.8579999999997,10.059699999999339,,,0.047191223501305564,0.04110408361282422,0.036783018692337376,3684.92,2953.71,0.8548570178197781,69.12568507007025,194.12165631191465,172.46004333949824,21.661612972416407,3263.2435,3603.3381270966347,2923.1488729033654,0.963909857520831,671928.65526,0.8348749835396326,-11438.251078003921,74.48000000000002,8.650000000000091,49.029999999999745,132.15999999999985,0.563559322033899,0.502010658469293,0.49798934153070695,9.614059984784564,0,3,11,4,False,False
2024-11-29,3578.8,3647.98,3534.28,3592.21,425493.2449,1732924799999,1525999121.819639,4240304.0,220911.8759,792537823.50665,0,0.0037498707663763398,0.003742857528017959,3512.7,46.202000000000226,3407.2169999999996,48.47699999999941,3286.5434999999998,23.299999999999727,2875.2304,24.114399999999478,2679.473,9.615000000000236,,,0.04486674631251502,0.03971157359637185,0.03678907842541499,3684.92,3014.5,0.8617135526983085,68.71673698176775,198.5582805255831,177.6796907767152,20.87858974886788,3286.5434999999998,3650.1478732164173,2922.939126783582,0.9203284153269347,664466.7778100001,0.6403529252468766,1595.5446803411187,13.409999999999854,55.76999999999998,44.51999999999998,113.69999999999982,0.11794195250659521,0.5191900894970002,0.4808099105029998,9.965620020587076,0,4,11,4,False,False
2024-11-30,3592.22,3738.98,3568.4,3703.6,503684.7485,1733011199999,1849683070.29735,4641849.0,267000.5769,980789627.359577,0,0.03100876619128612,0.030537707609040697,3570.522,57.822000000000116,3470.5800000000004,63.36300000000074,3312.5630000000006,26.01950000000079,2900.5124,25.282000000000153,2690.2802,10.807200000000194,,,0.043989378395417195,0.039991741939762654,0.036875189207074506,3738.98,3014.5,0.951164973498233,70.23707370346995,208.65730769554466,183.8752141604811,24.782093535063552,3312.5630000000006,3717.195826521707,2907.930173478294,0.9831997979024844,664474.4693,0.7580197159879052,15618.64260035325,111.38000000000011,35.38000000000011,23.81999999999971,170.57999999999993,0.6529487630437341,0.530094623065602,0.4699053769343981,9.215782319841276,0,5,11,4,False,False
2024-12-01,3703.59,3746.8,3659.2,3707.61,429089.2633,1733097599999,1589850114.025915,3667910.0,212029.4008,785774029.012855,0,0.0010827303164488988,0.0010821445867332416,3647.0979999999995,76.57599999999957,3505.7599999999998,35.17999999999938,3329.364,16.800999999999476,2925.1366,24.624199999999746,2699.7315,9.45129999999972,,,0.0358085065450489,0.03817288499214795,0.036881297030978054,3746.8,3014.5,0.9464836815512767,73.26800515748756,214.51167590339992,190.0025065090649,24.509169394335032,3329.364,3770.567894595587,2888.160105404413,0.9286521545177034,609891.06528,0.7035506629417596,464.58795383763385,4.019999999999982,39.190000000000055,44.39000000000033,87.60000000000036,0.04589041095890371,0.49413821070549263,0.5058617892945073,8.548128125582023,0,6,12,4,False,False
2024-12-02,3707.61,3760.0,3554.32,3643.42,737130.569,1733183999999,2685285591.845365,6825848.0,368529.347,1342985979.580745,0,-0.017313039936778685,-0.017464663200909804,3645.126,-1.9719999999992979,3537.3239999999996,31.56399999999985,3349.3450000000003,19.981000000000222,2948.6268,23.490200000000186,2708.4857,8.75420000000031,,,0.036441192732669554,0.03720821290012229,0.037029450209679814,3760.0,3014.5,0.8436217303822938,66.88920939176823,211.53328431806267,194.30866207086447,17.224622247198198,3349.3450000000003,3809.999986707998,2888.6900132920027,0.8191922463507485,623276.75125,1.1826697651110247,-12761.970979717396,64.19000000000005,52.38999999999987,89.09999999999991,205.67999999999984,0.3120867366783358,0.49995124676480485,0.5000487532351952,9.260025682098663,0,0,12,4,False,False
2024-12-03,3643.43,3670.0,3500.0,3614.51,678400.2032,1733270399999,2439869839.029021,5200407.0,376625.93,1355330328.945037,0,-0.007934852418881144,-0.007966500888801449,3652.2699999999995,7.143999999999323,3559.3839999999996,22.059999999999945,3370.7125,21.367499999999836,2968.3212,19.69439999999986,2717.1694999999995,8.683799999999337,,,0.03663710824015656,0.036945925722601386,0.03617846926706123,3760.0,3014.5,0.8048423876592894,70.81243484185555,204.48294009230767,196.34351767515312,8.139422417154549,3370.7125,3839.2693957363695,2902.1556042636307,0.760157840188069,619014.37148,1.0959361114314916,-5383.005493330979,28.919999999999618,26.570000000000164,114.51000000000022,170.0,0.1701176470588213,0.5551677729804076,0.44483222701959235,7.665691984568674,0,1,12,4,False,False
2024-12-04,3614.51,3887.24,3614.51,3837.8,968744.0399,1733356799999,3638907449.551761,8222722.0,516513.6315,1939427558.60474,0,0.06177600836627928,0.059942985664728034,3701.3880000000004,49.11800000000085,3607.0440000000003,47.660000000000764,3409.6614999999997,38.948999999999614,2992.929,24.607800000000225,2728.7426,11.573100000000522,,,0.0398734983340479,0.03712957417716927,0.03692129999756142,3887.24,3014.5,0.943350826133786,77.3441784602674,214.44118390298627,199.96305092071975,14.478132982266516,3409.6614999999997,3898.1381310533807,2921.1848689466187,0.9382384670856581,667978.9662599999,1.4502612938907005,59845.13991364559,223.28999999999996,49.4399999999996,0.0,272.72999999999956,0.8187218127818734,0.5331786418560241,0.4668213581439759,8.488023318160288,0,2,12,4,False,False
2024-12-05,3837.8,3956.0,3677.0,3785.2,946493.276,1733443199999,3653558567.753712,8753645.0,465065.3016,1796915310.225865,0,-0.013705768930116324,-0.013800560101564462,3717.708,16.31999999999971,3644.1150000000002,37.07099999999991,3444.421,34.759500000000116,3016.4109999999996,23.481999999999516,2742.0213,13.278699999999844,,,0.04080851945178171,0.03757401045975303,0.03704147723126103,3956.0,3029.41,0.8156682027649768,68.33793144682559,215.60344120305672,203.09112897718717,12.51231222586955,3444.421,3936.0525195625332,2952.7894804374664,0.8465796907236888,667695.25686,1.4175527926484244,-12972.418134764814,52.600000000000364,118.19999999999982,108.19999999999982,279.0,0.1885304659498221,0.4913561600410144,0.5086438399589855,9.248502046410735,0,3,12,4,False,False
2024-12-06,3785.21,4087.73,3777.26,3998.87,803855.1146,1733529599999,3174080080.146193,6677199.0,410529.4137,1621071926.726909,0,0.05644880059177848,0.05491309555730834,3775.96,58.25199999999995,3711.529,67.41399999999976,3487.721,43.30000000000018,3044.2724000000003,27.861400000000685,2756.7267000000006,14.705400000000736,,,0.04077764292496709,0.03893607933040646,0.03763341955137661,4087.73,3029.41,0.9160367374707082,74.73772679352112,231.10192266376043,208.69328771450185,22.408634949258584,3487.721,4015.064737968636,2960.377262031364,0.984644988834968,680844.05329,1.1806743566541873,45376.65706873664,213.65999999999985,88.86000000000013,7.949999999999818,310.4699999999998,0.6881824330853222,0.5107007547053803,0.48929924529461966,8.306470754151498,0,4,12,4,False,False
2024-12-07,3998.87,4024.46,3968.0,3996.22,283920.02,1733615999999,1134418058.866173,2721543.0,141027.5358,563531840.242212,0,-0.0006626872091366476,-0.0006629068833607846,3846.5199999999995,70.55999999999949,3745.8229999999994,34.293999999999414,3533.732,46.01099999999997,3071.3534000000004,27.08100000000013,2771.4127999999996,14.686099999998987,,,0.029928676327659887,0.03839284032775088,0.03765308862060925,4087.73,3029.41,0.9135327689167736,73.2924442931945,240.39957141315745,215.03454445423296,25.36502695892449,3533.732,4070.3198638249346,2997.1441361750653,0.9309527210541698,633778.6904399999,0.4479797511066347,-188.15016567182118,2.650000000000091,25.590000000000146,28.2199999999998,56.460000000000036,0.04693588381154958,0.4967157152214909,0.5032842847785091,9.585597380558088,0,5,12,4,False,False
2024-12-08,3996.22,4015.58,3923.5,4004.15,251362.1685,1733702399999,1000371580.638359,2614587.0,124696.173,496407855.459141,0,0.0019843752345967136,0.001982408962845158,3924.4479999999994,77.92799999999988,3788.3589999999995,42.53600000000006,3573.5495,39.81750000000011,3098.4724,27.118999999999687,2786.1943,14.781500000000506,,,0.02824251245570712,0.03785177068814575,0.03765419381903606,4087.73,3029.41,0.9210257767026987,75.34991917359933,245.57705038874656,221.1430456411357,24.434004747610857,3573.5495,4126.246962516907,3020.8520374830937,0.8895444879004017,602817.26479,0.4169790468552117,498.79686208592614,7.930000000000291,11.429999999999836,72.7199999999998,92.07999999999993,0.08612076455256622,0.4960817045147349,0.5039182954852651,10.401672676530875,0,6,12,4,False,False
2024-12-09,4004.15,4006.17,3509.0,3712.0,939642.2001,1733788799999,3566495804.128105,8331026.0,434519.7442,1650765938.051974,0,-0.0729618021302898,-0.07576050836477918,3899.2880000000005,-25.159999999998945,3800.3379999999997,11.97900000000027,3603.7775,30.228000000000065,3117.7742000000003,19.301800000000185,2798.1842000000006,11.989900000000489,,,0.038995759100251506,0.04133559018192278,0.03916063067417343,4087.73,3029.41,0.6449750548038401,59.87087013357576,223.5294678153332,221.6203300759752,1.9091377393579876,3603.7775,4113.605053791729,3093.949946208271,0.6061363780705057,654232.16031,1.436251925699834,-68557.98827696638,292.1500000000001,2.019999999999982,203.0,497.1700000000001,0.5876259629502988,0.46243106594590677,0.5375689340540932,8.866168419333851,0,0,12,4,False,False
2024-12-10,3712.0,3780.76,3515.89,3628.25,942206.0337,1733875199999,3443114495.273664,10461668.0,468842.2362,1713256933.099759,0,-0.022561961206896575,-0.022820376555618988,3867.8979999999997,-31.390000000000782,3792.803,-7.5349999999998545,3631.6915,27.91399999999976,3137.0052,19.230999999999767,2810.2095,12.025299999999334,,,0.03854597867149055,0.041692048091235015,0.03904727757316721,4087.73,3032.59,0.5645317209090736,60.11059293804129,197.02746474140213,216.7017570090606,-19.674292267658473,3631.6915,4075.2902441619963,3188.0927558380035,0.4961209313086523,698084.28883,1.3497023909235257,-21258.015981243287,83.75,68.76000000000022,112.36000000000013,264.87000000000035,0.3161928493223086,0.4976005453487471,0.5023994546512529,11.103376146847106,0,1,12,4,False,False
2024-12-11,3628.24,3848.64,3562.34,3831.81,461818.7801,1733961599999,1722223536.878177,6195364.0,248830.1039,928595809.300587,0,0.056104182457107354,0.05458683804756234,3834.486,-33.41199999999981,3805.2230000000004,12.420000000000528,3655.4915,23.800000000000182,3161.1852000000003,24.18000000000029,2823.1475,12.938000000000102,,,0.04264620967345545,0.03846861095990162,0.03950697199334411,4087.73,3252.0,0.6937766982159309,56.4872348311422,190.25686444426037,211.41277849610057,-21.1559140518402,3655.4915,4087.698146397902,3223.2848536020983,0.7039747670118844,701357.24051,0.658464407901718,25909.96510084914,203.57000000000016,16.829999999999927,65.89999999999964,286.2999999999997,0.7110373733845629,0.538804645073376,0.46119535492662395,13.415140888507146,0,2,12,4,False,False
2024-12-12,3831.82,3987.41,3796.8,3881.61,572098.6343,1734047999999,2239803483.576607,7005239.0,284607.1551,1114554219.241143,0,0.01299646903160645,0.012912739605591311,3811.564,-22.922000000000025,3829.042,23.818999999999505,3683.183,27.691499999999905,3188.3251999999998,27.139999999999418,2837.7107,14.563200000000052,,,0.04202645303248732,0.038305966644354816,0.03895380701567102,4087.73,3252.0,0.7533653213358382,61.20459994671876,186.7567432491296,206.4815714467064,-19.724828197576784,3683.183,4097.584444068804,3268.7815559311957,0.7394139823111412,684854.04704,0.8353584778722725,7435.262183704294,49.789999999999964,105.79999999999973,35.01999999999998,190.60999999999967,0.26121399716699045,0.49747917236026157,0.5025208276397384,12.244809863200192,0,3,12,4,False,False
2024-12-13,3881.6,3968.47,3852.94,3906.8,387765.6873,1734134399999,1516942852.285181,5124578.0,192195.3238,751955442.548066,0,0.006489575202042408,0.006468608569695954,3792.094,-19.4699999999998,3858.2709999999997,29.228999999999814,3708.8275000000003,25.644500000000335,3215.7448000000004,27.419600000000628,2852.2715999999996,14.560899999999492,,,0.0416974972498698,0.038212015373264366,0.03894959783027011,4087.73,3252.0,0.7835066349179761,61.53959019580511,183.89565976862377,201.96438911108987,-18.0687293424661,3708.8275000000003,4111.158479634528,3306.4965203654733,0.746031886706606,655790.59545,0.591294980425752,2516.4345885050107,25.200000000000273,61.66999999999962,28.659999999999854,115.52999999999975,0.21812516229551052,0.4956480939256123,0.5043519060743876,13.215656175465838,0,4,12,4,False,False
2024-12-14,3906.8,3945.0,3825.03,3870.29,265538.9479,1734220799999,1031595277.387337,3407748.0,131333.8294,510395698.455933,0,-0.00934524418961813,-0.00938918495649458,3823.7520000000004,31.658000000000357,3861.5199999999995,3.2489999999997963,3734.282,25.454499999999825,3244.3381999999997,28.593399999999292,2867.2864,15.014800000000378,,,0.0374689975938504,0.03820506586016338,0.038456996280610146,4087.73,3252.0,0.7398202768836825,56.46983022954332,176.64591448026567,196.90069418492504,-20.25477970465937,3734.282,4107.363100346538,3361.200899653463,0.6822767219696577,585470.08625,0.45354827537100323,-2481.526309979786,36.51000000000022,38.19999999999982,45.25999999999976,119.9699999999998,0.30432608152038243,0.4945934690132889,0.5054065309867112,12.833326436479414,0,5,12,4,False,False
2024-12-15,3870.3,3974.61,3831.5,3959.09,253833.2141,1734307199999,987865003.127543,3637695.0,137576.2363,535670221.160293,0,0.022944017114996607,0.022684761244299443,3889.9199999999996,66.16799999999921,3878.9089999999997,17.389000000000124,3761.5119999999997,27.229999999999563,3273.8698000000004,29.531600000000708,2884.625,17.338600000000042,,,0.037610889180913154,0.03831687076739869,0.038487739784119616,4087.73,3252.0,0.8460746891938785,59.15804806991987,176.0366164397542,192.72787863589087,-16.691262196136677,3761.5119999999997,4115.316113486535,3407.707886513464,0.7792194783336228,516204.08005999995,0.4917303522097234,5823.953608664999,88.78999999999996,15.519999999999982,38.80000000000018,143.11000000000013,0.6204318356508971,0.5419946195291863,0.45800538047081374,14.33104415786539,0,6,12,4,False,False
2024-12-16,3959.09,4107.8,3884.0,3986.24,673351.0723,1734393599999,2686550997.110245,7117624.0,357970.2261,1428720574.045161,0,0.006857636477069162,0.006834229836600995,3920.8059999999996,30.885999999999967,3877.6459999999997,-1.26299999999992,3794.5875,33.075500000000375,3303.4386,29.568799999999555,2901.7515999999996,17.1265999999996,,,0.033092453140530054,0.0374578695783397,0.03849044010137656,4107.8,3302.4,0.8490687856965479,62.8304739662864,175.7189428588431,189.32609148048132,-13.607148621638231,3794.5875,4096.314738403711,3492.860261596289,0.8175923078969236,503153.67582999996,1.338261260218845,4617.596875278115,27.149999999999636,121.5600000000004,75.09000000000015,223.80000000000018,0.12131367292225029,0.5316249439943158,0.46837505600568413,10.570450234359862,0,0,12,4,False,False
2024-12-17,3986.24,4041.82,3847.96,3893.01,450825.9861,1734479999999,1788532842.700757,6874200.0,212006.098,841864072.770541,0,-0.02338795456369902,-0.023665793377496414,3923.0860000000002,2.280000000000655,3867.325,-10.320999999999913,3806.5739999999996,11.986499999999523,3329.9492000000005,26.510600000000522,2917.7087,15.957100000000537,,,0.03392686776616993,0.03169043498627635,0.03872345549899874,4107.8,3500.0,0.6466107272128991,59.94443968349187,166.030407228684,184.66695463012186,-18.636547401437866,3806.5739999999996,4103.67666015212,3509.471339847879,0.6454648705530677,519844.2724400001,0.8672327656587462,-10543.897679041605,93.22999999999956,55.58000000000038,45.05000000000018,193.86000000000013,0.4809140616940034,0.4702614856654999,0.5297385143345001,15.248011898043515,0,1,12,4,False,False
2024-12-18,3893.01,3907.19,3617.42,3626.8,722505.0618,1734566399999,2735374632.738641,6584244.0,338987.7414,1283903825.654028,0,-0.06838153511036449,-0.0708319205483303,3867.0860000000002,-56.0,3829.59,-37.73499999999967,3808.9745000000003,2.4005000000006476,3349.7092,19.75999999999931,2930.3817,12.672999999999774,,,0.039780500091246854,0.035226870293921915,0.04013766002312842,4107.8,3500.0,0.20862125699243195,42.68985587583149,135.31146441612418,174.79585658732233,-39.48439217119815,3808.9745000000003,4099.019994832491,3518.92900516751,0.1859553014170914,566958.5617699999,1.2743525021377158,-49406.00525089277,266.21000000000004,14.179999999999836,9.38000000000011,289.77,0.9186941367291301,0.4691838982490572,0.5308161017509428,9.113076638655599,0,2,12,4,False,False
2024-12-19,3626.8,3720.0,3326.8,3417.01,1078153.4851,1734652799999,3807975330.681162,6357638.0,498105.4058,1759867070.362796,0,-0.05784438072129705,-0.05958481711713975,3776.4300000000003,-90.65599999999995,3800.0910000000003,-29.498999999999796,3800.2144999999996,-8.760000000000673,3364.8656,15.156400000000303,2940.6665999999996,10.284899999999652,,,0.03729457894405822,0.037609541576165584,0.04117625895236168,4107.8,3326.8,0.11550576184379006,38.49686638881774,92.96652102262442,158.42998947438275,-65.46346845175833,3800.2144999999996,4126.183473949803,3474.245526050196,-0.08779290457718483,580809.6902699999,1.856293899984349,-62365.12066811766,209.78999999999996,93.19999999999982,90.21000000000004,393.1999999999998,0.5335452695829096,0.4619986047290847,0.5380013952709152,5.896783795500435,0,3,12,4,False,False
2024-12-20,3417.01,3497.84,3101.9,3472.21,1332783.731,1734739199999,4421584295.580899,7029546.0,616548.6946,2043875039.787976,0,0.016154474233320837,0.016025379167371515,3679.054,-97.3760000000002,3784.487,-15.60400000000027,3788.6449999999995,-11.569500000000062,3383.9376,19.072000000000116,2951.9832,11.316600000000562,,,0.03757879054743746,0.03706990989129843,0.040315955236400594,4107.8,3101.9,0.3681379858832885,31.7375443852641,63.134254591561785,139.37084249781856,-76.23658790625677,3788.6449999999995,4144.140337359301,3433.149662640698,0.05493790389692732,619867.46,2.150110817238253,21530.42044102871,55.19999999999982,25.63000000000011,315.1100000000001,395.94000000000005,0.13941506288831593,0.4626022063890275,0.5373977936109725,5.274333589535691,0,4,12,4,False,False
2024-12-21,3472.2,3555.18,3293.11,3338.92,475275.82,1734825599999,1627460721.692153,2732677.0,227433.379,779411940.386095,0,-0.038387655124546005,-0.039143877434748564,3549.59,-129.46399999999994,3735.1979999999994,-49.28900000000067,3770.2105,-18.43449999999939,3400.4862000000007,16.548600000000533,2961.7547999999997,9.77159999999958,,,0.032378853595307726,0.03790681190531772,0.040807490773289753,4107.8,3101.9,0.2356297842727905,29.100956402299445,28.409097079002095,117.17849341405527,-88.76939633505317,3770.2105,4177.817051596271,3362.603948403729,-0.029052462860297404,621213.16399,0.7650768649964583,-18244.724267195805,133.27999999999975,82.98000000000002,45.809999999999945,262.0699999999997,0.5085664135536303,0.47852924434489424,0.5214707556551057,5.749665531059417,0,5,12,4,False,False
2024-12-22,3338.92,3403.0,3221.1,3281.83,361920.2495,1734911999999,1201895225.016952,2546556.0,178324.6442,592471146.242741,0,-0.017098343176835673,-0.017246207763233396,3427.3540000000003,-122.23599999999988,3675.22,-59.97799999999961,3752.131,-18.07950000000028,3416.2382000000002,15.751999999999498,2970.1812,8.426400000000285,,,0.031045590100313634,0.03790303351491052,0.04090144388678731,4107.8,3101.9,0.1788746396262052,27.72981772439138,-3.67516133772142,93.00776246369993,-96.68292380142135,3752.131,4212.126891235647,3292.1351087643525,-0.011201305229782408,600195.32551,0.6030041123570362,-6188.236628596989,57.090000000000146,64.07999999999993,60.73000000000002,181.9000000000001,0.3138537658053882,0.49271806273995183,0.5072819372600482,7.0362352024185375,0,6,12,4,False,False
2024-12-23,3281.83,3466.99,3216.97,3422.53,488253.41,1734998399999,1627069583.878682,4032824.0,251606.2172,838574859.785712,0,0.04287242178906281,0.04197885002231501,3386.5,-40.85400000000027,3626.793,-48.42699999999968,3742.532,-9.598999999999705,3435.5342,19.29599999999982,2980.2286,10.047399999999925,,,0.035772144234936916,0.03933798429553863,0.04110863710499067,4107.8,3101.9,0.31874937866587144,40.155889734538555,-17.54658703358473,70.896892564243,-88.44347959782773,3742.532,4222.21095147527,3262.85304852473,0.16644148235416395,610244.09778,0.8000952598742233,20932.606133468216,140.70000000000027,44.45999999999958,64.86000000000013,250.01999999999998,0.562754979601633,0.5153189144137263,0.48468108558627365,8.25969448938411,0,0,12,4,False,False
2024-12-24,3422.53,3539.65,3358.19,3493.18,315723.6763,1735084799999,1087476459.253163,2764397.0,158218.8988,544905389.45923,0,0.0206426240237485,0.02043245246735483,3401.7339999999995,15.233999999999469,3589.082,-37.71100000000024,3725.3010000000004,-17.230999999999767,3457.4336,21.899399999999787,2991.9994,11.770800000000236,,,0.037296214331384324,0.03682388385869496,0.040892240312188806,4107.8,3101.9,0.38898498856745173,45.36533143010081,-22.578654606884356,52.20178313001753,-74.78043773690189,3725.3010000000004,4215.220174683028,3235.381825316973,0.2631027606235453,615262.5706199999,0.5131527438469812,6517.3651452565755,70.64999999999964,46.470000000000255,64.34000000000015,181.46000000000004,0.38934200374738026,0.5011309276965998,0.49886907230340016,8.755748166866256,0,1,12,4,False,False
2024-12-25,3493.17,3547.95,3440.93,3497.0,219846.0452,1735171199999,766349902.713217,2133099.0,110386.2104,384894251.076681,0,0.0010935594501286783,0.0010929619495551213,3406.692,4.958000000000538,3542.8730000000005,-46.20899999999938,3710.8910000000005,-14.409999999999854,3478.9226,21.489000000000033,3004.0125999999996,12.013199999999415,,,0.035789796779047464,0.03676812738761242,0.04090417155534949,4107.8,3101.9,0.3927825827617058,36.686734052790214,-25.959121741441777,36.56960215572567,-62.528723897167446,3710.8910000000005,4210.25465476579,3211.527345234211,0.28583643607350695,611863.85373,0.3593054955931626,240.41472030187654,3.8299999999999272,50.94999999999982,52.24000000000024,107.01999999999998,0.035787703233039876,0.502106873469471,0.49789312653052903,9.70269443809854,0,2,12,4,False,False
2024-12-26,3497.0,3514.94,3304.63,3335.05,310170.1719,1735257599999,1047464157.032189,2543314.0,164346.2488,554727435.330121,0,-0.046311123820417466,-0.047417786322290045,3405.918,-0.7739999999998872,3477.754,-65.1190000000006,3677.7,-33.19100000000071,3491.1862,12.263600000000224,3013.9451,9.932500000000346,,,0.03665748840194761,0.035122057751352194,0.03808209395418777,4107.8,3101.9,0.23178248334824542,30.046437594006917,-41.230893750095674,21.0095029745614,-62.240396724657074,3677.7,4184.656031893968,3170.7439681060314,0.16205156025082462,575545.7636899999,0.5389148725748656,-14364.32923626107,161.94999999999982,17.940000000000055,30.420000000000073,210.30999999999995,0.7700537302077879,0.5298583283920216,0.4701416716079784,8.199737532530929,0,3,12,4,False,False
2024-12-27,3335.04,3444.16,3306.6,3333.51,342529.6038,1735343999999,1152635224.265439,3133395.0,171567.6704,577327628.470155,0,-0.00046176219247084926,-0.0004618688374630609,3416.254,10.335999999999785,3421.804,-55.94999999999982,3644.5645000000004,-33.13549999999941,3499.9469999999997,8.760799999999563,3023.5326999999997,9.587599999999838,,,0.03693396548160566,0.03512442815131086,0.037122311814272536,4107.8,3101.9,0.230251516055274,28.702830013447937,-52.84893855744485,6.237814668160151,-59.08675322560501,3644.5645000000004,4150.492209688372,3138.6367903116293,0.19258997476971962,564716.12546,0.6065518379185403,-158.16722083685934,1.5299999999997453,109.11999999999989,26.91000000000031,137.55999999999995,0.011122419307936508,0.500884211164933,0.4991157888350671,9.147807854382016,0,4,12,4,False,False
2024-12-28,3333.51,3428.68,3322.23,3404.0,175963.613,1735430399999,592591876.178986,1445334.0,88404.9578,297871890.109462,0,0.021145879268398726,0.02092540778964204,3412.548,-3.706000000000131,3399.5240000000003,-22.279999999999745,3614.557,-30.00750000000062,3508.7919999999995,8.8449999999998,3032.9206,9.387900000000172,,,0.03315232029534509,0.03568038198862468,0.03710451467618222,4107.8,3101.9,0.3003280644199223,33.104332891275504,-55.72599430613809,-6.154947126699498,-49.571047179438594,3614.557,4101.520539328956,3127.593460671043,0.2838061959524214,510061.98058000003,0.34498476596885114,3720.905316129237,70.48999999999978,24.679999999999836,11.2800000000002,106.44999999999982,0.6621888210427421,0.5024047659216908,0.49759523407830913,8.213823161269142,0,5,12,4,False,False
2024-12-29,3404.01,3413.78,3326.17,3356.48,156256.8819,1735516799999,527250656.145704,1170497.0,74717.2883,252109610.012067,0,-0.013960047003525267,-0.014058404920025682,3385.208,-27.33999999999969,3393.471,-6.053000000000338,3596.781,-17.77599999999984,3513.3974,4.6054000000003725,3040.8714,7.950800000000072,,,0.028005510959223504,0.032255419112762765,0.03640909939747945,4107.8,3101.9,0.25308678795108847,27.491539857914418,-61.13581297755127,-17.151120296869852,-43.98469268068142,3596.781,4094.602136169244,3098.9598638307557,0.2586472504470915,417872.32026,0.37393451139040995,-2181.3534159482965,47.5300000000002,9.769999999999982,30.309999999999945,87.61000000000013,0.5425179773998416,0.4781695845423113,0.5218304154576887,7.490850871765668,0,6,12,4,False,False
2024-12-30,3356.48,3437.59,3305.0,3361.84,420794.6476,1735603199999,1420731724.372564,2700666.0,215138.5269,726878029.720071,0,0.0015969110496711902,0.0015956373430380765,3358.1760000000004,-27.031999999999698,3382.434,-11.036999999999807,3583.4604999999997,-13.320500000000266,3516.97,3.572599999999966,3048.3657999999996,7.494399999999587,,,0.027360768656815335,0.03199559631495667,0.03633426578430683,4107.8,3101.9,0.25841534943831396,26.29172868381883,-64.24999213062392,-26.570894663620667,-37.67909746700326,3583.4604999999997,4091.8803862098916,3075.0406137901077,0.28204973289684865,326673.41192,1.2881202823541993,671.9716223949347,5.360000000000127,75.75,51.48000000000002,132.59000000000015,0.040425371445811306,0.5112672609479265,0.4887327390520735,6.4180141439612735,0,0,12,4,False,False
2024-12-31,3361.83,3451.0,3315.59,3337.78,303053.1685,1735689599999,1024862944.046191,2021786.0,146510.7501,495460792.490612,0,-0.007156795088403944,-0.0071825277956856,3358.722,0.5459999999998217,3382.3200000000006,-0.113999999999578,3558.7589999999996,-24.701500000000124,3516.2938,-0.6761999999998807,3055.9336,7.567800000000261,,,0.02449010579165776,0.028777543071796648,0.035392704805852444,4107.8,3101.9,0.23449647082214942,27.749324741317807,-67.87699867926312,-34.83211546674916,-33.044883212513966,3558.7589999999996,4064.371574831129,3053.1464251688703,0.2814739871987908,309451.14677,0.97932475501616,-2168.889427846053,24.049999999999727,89.17000000000007,22.190000000000055,135.40999999999985,0.1776087438150783,0.4834489961783719,0.5165510038216281,6.671390403232164,0,1,12,4,False,False
2025-01-01,3337.78,3374.85,3313.88,3360.38,190238.5861,1735775999999,636613395.695965,1182219.0,99518.0217,333085258.287462,0,0.006770967529315941,0.006748147479969488,3364.096,5.373999999999796,3390.175,7.854999999999563,3532.6974999999998,-26.061499999999796,3518.6254,2.3315999999999804,3063.0677,7.134100000000217,,,0.02376534267773296,0.028588870424744055,0.03496725146768907,4107.8,3101.9,0.25696391291380855,36.73286456984641,-68.14229442330497,-41.49415125806032,-26.648143165244655,3532.6974999999998,4021.702243056317,3043.6927569436825,0.3238079461939346,292282.98043,0.6508712406727389,1288.0992893060748,22.59999999999991,14.4699999999998,23.90000000000009,60.9699999999998,0.3706741020173853,0.5231221685367646,0.47687783146323537,6.214401737503242,0,2,1,1,False,False
2025-01-02,3360.39,3509.99,3354.5,3455.67,338632.8874,1735862399999,1166286232.162882,2373075.0,169044.3627,582161055.521965,0,0.028356912015902846,0.027962297453185226,3374.4300000000003,10.334000000000287,3393.489,3.313999999999851,3510.1409999999996,-22.556500000000142,3523.9956000000006,5.37020000000075,3071.0924,8.024699999999939,,,0.021354883734669313,0.029526191194194626,0.03506582355450119,4107.8,3101.9,0.35169499950293265,52.17298439678043,-59.97211536894201,-45.189744080236665,-14.782371288705349,3510.1409999999996,3967.0531590991286,3053.2288409008706,0.44039226258784914,277320.92816999997,1.221086665310796,9602.582993692937,95.2800000000002,54.31999999999971,5.889999999999873,155.48999999999978,0.6127725255643471,0.4991965310809324,0.5008034689190676,7.0078101929800924,0,3,1,1,False,False
2025-01-03,3455.68,3630.0,3423.44,3609.01,334041.0604,1735948799999,1179953901.101814,2293811.0,169194.075,597682226.030962,0,0.044373450011141236,0.04341713623585484,3424.936,50.50599999999986,3405.072,11.583000000000084,3497.077,-13.063999999999396,3534.9994,11.0037999999995,3081.383,10.290599999999813,,,0.02479972681525152,0.03155059499151287,0.035016115577655015,4107.8,3101.9,0.5041355999602347,56.92517971043841,-40.65528431074836,-44.282852126339,3.627567815590645,3497.077,3924.6296044384503,3069.52439556155,0.630899682095275,279152.66658,1.1966250026999832,14822.554295328011,153.33000000000038,20.98999999999978,32.23999999999978,206.55999999999995,0.7423024786986853,0.50650681924371,0.49349318075629,6.866853425902967,0,4,1,1,False,False
2025-01-04,3609.0,3671.6,3572.42,3656.88,229266.3133,1736035199999,829864804.859837,1567855.0,116823.1483,422850861.086886,0,0.01326402531442139,0.013176828339608015,3483.9440000000004,59.008000000000266,3421.0600000000004,15.988000000000284,3481.9665,-15.11050000000023,3546.3368,11.337399999999889,3091.6292000000003,10.2462000000005,,,0.024964154093151256,0.031203852044145254,0.03503004263287676,4107.8,3101.9,0.5517248235411074,67.61980759852818,-21.239017421158223,-39.67408518530285,18.435067764144627,3481.9665,3859.164000369846,3104.768999630154,0.7318593042484318,280094.69339000003,0.8185314420818846,3040.9941833552657,47.88000000000011,14.7199999999998,36.57999999999993,99.17999999999984,0.4827586206896571,0.5095521737078501,0.49044782629214984,6.838575530058039,0,5,1,1,False,False
2025-01-05,3656.88,3675.25,3593.7,3635.99,155444.1741,1736121599999,564147572.800669,1461192.0,76901.3758,279135355.270006,0,-0.005712519962372431,-0.00572889881064915,3543.5860000000002,59.641999999999825,3451.154,30.093999999999596,3464.454,-17.512499999999818,3556.3992,10.062399999999798,3101.0447999999997,9.415599999999358,,,0.018090269598320455,0.03111085145977574,0.03502655258834986,4041.82,3101.9,0.5682292109966802,70.44614816183261,-7.451241169529112,-33.229516382148105,25.778275212618993,3464.454,3768.503166896611,3160.404833103389,0.7820859562794473,264622.09361,0.5874194855743738,-887.9779475807456,20.890000000000327,18.36999999999989,42.289999999999964,81.55000000000018,0.2561618638871892,0.49472021865887345,0.5052797813411265,9.400107842317649,0,6,1,1,False,False
2025-01-06,3636.0,3744.83,3610.63,3687.45,329642.3648,1736207999999,1210642823.302069,2753873.0,166824.6196,612822771.954551,0,0.014152954216045677,0.01405373621555297,3609.0,65.41399999999976,3486.5480000000002,35.39400000000023,3454.1760000000004,-10.277999999999793,3568.6282,12.22900000000027,3111.1672000000003,10.122400000000653,,,0.017845638227476326,0.03101961455466198,0.03491531764724947,3907.19,3101.9,0.727129357126004,67.05113021986507,7.5411332859584945,-25.075386448526785,32.61651973448528,3454.1760000000004,3706.7718830684994,3201.5801169315014,0.96175336899046,263333.36971000006,1.2518062756840265,4665.413296683427,51.44999999999982,57.38000000000011,25.36999999999989,134.19999999999982,0.3833830104321899,0.5060776083839088,0.49392239161609114,8.354123420000414,0,0,1,1,False,False
2025-01-07,3687.44,3700.86,3356.31,3381.31,541543.2874,1736294399999,1899318756.158016,3538701.0,254553.4502,892893276.020809,0,-0.08302214267312091,-0.08667195387993966,3594.1279999999997,-14.872000000000298,3484.279,-2.269000000000233,3441.9015,-12.274500000000444,3572.0984,3.4701999999997497,3118.4041,7.236899999999878,,,0.03394274141472079,0.032785038350213,0.03657197491788922,3744.83,3101.9,0.43458852441167767,44.47462783874824,-5.2200677336563786,-21.104322705552704,15.884254971896326,3441.9015,3682.76371099471,3201.03928900529,0.3742195802534364,299891.33715,1.8057983686575458,-44960.08407019373,306.1300000000001,13.420000000000073,25.0,344.5500000000002,0.8884922362501813,0.47005189820029886,0.5299481017997012,6.534474865323572,0,1,1,1,False,False
2025-01-08,3381.31,3415.1,3208.2,3327.29,584749.9627,1736380799999,1944382187.656659,3766197.0,275577.2269,916259778.418379,0,-0.01597605661710988,-0.016105049519729974,3537.7839999999997,-56.34400000000005,3481.3599999999997,-2.919000000000324,3437.4155,-4.485999999999876,3576.4954000000002,4.397000000000389,3125.6546999999996,7.250599999999395,,,0.03403983532963715,0.030342930188399453,0.03635354677699027,3744.83,3101.9,0.35056693574728187,42.01387254948095,-19.46795949849775,-20.777050064141715,1.3090905656439666,3437.4155,3683.5147942503563,3191.316205749644,0.2762579930685017,342740.64523,1.7061004314431307,-9341.998510948091,54.01999999999998,33.789999999999964,119.09000000000015,206.9000000000001,0.261092315128081,0.4712736117631564,0.5287263882368436,6.4406964347806355,0,2,1,1,False,False
2025-01-09,3327.29,3357.27,3158.0,3219.2,501818.4247,1736467199999,1638958679.714368,3685889.0,237793.7346,777185110.082679,0,-0.03248589693113624,-0.03302527736907786,3450.2479999999996,-87.53600000000006,3467.096,-14.263999999999669,3424.7650000000003,-12.650499999999738,3579.48,2.984599999999773,3133.3688,7.714100000000599,,,0.035499862250155306,0.03085051999151324,0.03662864809619586,3744.83,3158.0,0.10428914677163714,44.25728930175377,-39.03154467609738,-24.42794898653285,-14.603595689564532,3424.7650000000003,3688.698700486749,3160.8312995132515,0.11057455031150681,350843.02294,1.4303218017415706,-16302.02162294935,108.09000000000015,29.980000000000018,61.19999999999982,199.26999999999998,0.5424298690219308,0.47386409684371245,0.5261359031562877,7.345065104382167,0,3,1,1,False,False
2025-01-10,3219.2,3322.49,3193.97,3267.04,454142.1333,1736553599999,1482940591.671988,3199118.0,222519.1849,726413490.668374,0,0.014860834990059635,0.014751494709359207,3376.458,-73.78999999999951,3460.022,-7.074000000000069,3421.171,-3.5940000000005057,3577.7046,-1.7753999999999905,3142.3982,9.029399999999896,,,0.035944641884168904,0.029948948573804694,0.034232521934146026,3744.83,3158.0,0.18581190464018538,46.84967345042986,-50.098039676483495,-29.56196712452298,-20.536072551960515,3421.171,3691.8968145216636,3150.445185478336,0.21533745263205012,365951.91942,1.2409885266342457,6748.931305004967,47.840000000000146,55.44999999999982,25.230000000000018,128.51999999999998,0.3722377840024911,0.48997696664494883,0.5100230333550512,7.0443100637982585,0,4,1,1,False,False
2025-01-11,3267.05,3320.18,3217.56,3282.83,151679.7487,1736639999999,494933295.358262,1208777.0,74202.7876,242350177.143991,0,0.004833121112689076,0.004821479079346203,3295.5339999999997,-80.92400000000043,3452.267,-7.755000000000109,3421.221,0.0500000000001819,3576.8056000000006,-0.8989999999994325,3151.7284999999997,9.330299999999625,,,0.035900042891569284,0.02971570275522561,0.03421734455724281,3744.83,3158.0,0.21271918613567803,43.943135353454565,-56.93785154656962,-35.03714400893231,-21.90070753763731,3421.221,3691.838805684847,3150.603194315153,0.2443054427816072,362096.03568000003,0.41889370154288563,733.0865958093434,15.779999999999745,37.34999999999991,49.49000000000024,102.61999999999989,0.15377119469888678,0.48920695238467254,0.5107930476153274,7.969270850987374,0,5,1,1,False,False
2025-01-12,3282.83,3300.0,3224.49,3267.3,164879.9709,1736726399999,538751712.045787,1151908.0,78312.5332,255990007.31399,0,-0.004730674448570227,-0.004741899504320375,3272.732,-22.80199999999968,3433.4299999999994,-18.837000000000444,3413.4595,-7.761500000000069,3574.2734,-2.5322000000005573,3160.2574,8.528900000000249,,,0.034307845846997524,0.02799504428107976,0.03410690250748162,3744.83,3158.0,0.18625496310686263,45.39492708720619,-62.88667450408366,-40.60705010796258,-22.27962439612108,3413.4595,3692.686488476547,3134.232511523453,0.23827834336959855,344720.74403000006,0.47830011322338917,-779.9934654176325,15.529999999999745,17.170000000000073,42.8100000000004,75.51000000000022,0.20566812342735666,0.47496692759302284,0.5250330724069772,6.986342814790005,0,6,1,1,False,False
2025-01-13,3267.3,3339.0,2920.0,3137.51,845907.5669,1736812799999,2614824635.154439,4900248.0,410956.8014,1271030799.211468,0,-0.039723931074587604,-0.0405344640637944,3234.7760000000003,-37.955999999999676,3386.28,-47.14999999999918,3395.6760000000004,-17.78349999999955,3569.7996000000003,-4.4737999999997555,3167.4859,7.228500000000167,,,0.03099566640455655,0.028678453414466856,0.03453963889796293,3744.83,2920.0,0.26370282361213854,39.73515388346405,-77.18439420579261,-47.922518927528586,-29.26187527826403,3395.6760000000004,3697.8834361410472,3093.4685638589535,0.07286623503283285,395907.39468,2.1366298742253136,-33602.7738830077,129.78999999999996,71.69999999999982,217.51000000000022,419.0,0.309761336515513,0.4858176206013083,0.5141823793986917,5.792888244229749,0,0,1,1,False,False
2025-01-14,3137.51,3256.67,3125.65,3225.63,374308.4517,1736899199999,1197715520.899026,2446285.0,180843.3605,578754045.677244,0,0.028085966259868478,0.027698788303026533,3236.062,1.2859999999996035,3343.155,-43.125,3382.1075000000005,-13.568499999999858,3566.0224000000003,-3.7771999999999935,3175.3419,7.855999999999767,,,0.03272160312159802,0.02959844439661439,0.03470287029673583,3744.83,2920.0,0.3705369591309726,45.15245035746086,-80.4772014455275,-54.433455431128365,-26.043746014399133,3382.1075000000005,3689.483951508738,3074.731048491263,0.24546277173813935,410411.60851999995,0.9120318332364115,10512.814545229809,88.11999999999989,31.039999999999964,11.860000000000127,131.01999999999998,0.672569073423904,0.48313993359931395,0.516860066400686,6.535478931586199,0,1,1,1,False,False
2025-01-15,3225.63,3473.75,3186.36,3451.52,464188.034,1736985599999,1537407357.366771,2689488.0,233981.7183,775803015.406068,0,0.07002973062626516,0.0676864337198248,3272.958,36.896000000000186,3324.708,-18.447000000000116,3387.9309999999996,5.823499999999058,3568.5582,2.5357999999996537,3185.63,10.288100000000213,,,0.04182997146095909,0.03209098109743171,0.035897546484529204,3744.83,2920.0,0.6443994520082926,53.35058747408202,-64.12020197300626,-56.37080473950395,-7.749397233502307,3387.9309999999996,3695.9661202738134,3079.8958797261857,0.6032171265787418,441285.99451,1.0518984055123486,32506.962980955614,225.88999999999987,22.230000000000018,39.26999999999998,287.3899999999999,0.7860050802045999,0.5040666737652268,0.49593332623477315,5.793962366552517,0,2,1,1,False,False
2025-01-16,3451.51,3460.79,3265.44,3308.05,471282.6787,1737071999999,1573512574.074851,2667507.0,227669.8721,760336218.428321,0,-0.04156719358427585,-0.042455821806418985,3278.0020000000004,5.044000000000324,3286.768,-37.940000000000055,3386.6580000000004,-1.2729999999992287,3561.6535999999996,-6.9046000000003005,3194.3016000000002,8.671600000000126,,,0.04278460223631684,0.033554182465998054,0.03353300933311508,3744.83,2920.0,0.4704605797558287,44.758705902403,-62.01907472846051,-57.50045873729527,-4.518615991165241,3386.6580000000004,3695.8483471360373,3077.4676528639634,0.37288089565517,455450.02590000007,1.034762656492803,-19589.898338438976,143.46000000000004,9.279999999999745,42.61000000000013,195.3499999999999,0.734374200153571,0.4830855925535207,0.5169144074464793,5.660099809647428,0,3,1,1,False,False
2025-01-17,3308.04,3525.72,3307.5,3473.63,518550.1813,1737158399999,1773013467.309093,3165882.0,269301.5133,920836504.156446,0,0.05005365698825592,0.04884126475735179,3319.268,41.26599999999962,3296.0,9.231999999999971,3390.1395,3.481499999999869,3559.5503999999996,-2.1032000000000153,3205.3332,11.031599999999798,,,0.037961832717602166,0.03509322428694039,0.03419340381932894,3744.83,2920.0,0.6712049755707239,45.23470939400765,-46.45746136332082,-55.29185926250038,8.834397899179564,3390.1395,3701.7109509909874,3078.568049009013,0.6339829110376596,453150.71529,1.1443216656254127,25955.33290598812,165.59000000000015,52.08999999999969,0.5399999999999636,218.2199999999998,0.758821372926406,0.5193354915523583,0.48066450844764175,6.105256760422233,0,4,1,1,False,False
2025-01-18,3473.64,3494.39,3227.0,3307.71,634197.1281,1737244799999,2100633661.764419,3931387.0,309754.3291,1025970289.517671,0,-0.047765593917602045,-0.04894404962267318,3353.308,34.039999999999964,3294.042,-1.9580000000000837,3387.701,-2.4385000000002037,3553.8603999999996,-5.690000000000055,3214.5454,9.212199999999939,,,0.04097070896128382,0.03666132751065484,0.034847388168031346,3744.83,2920.0,0.47004837360425794,38.65247996464157,-46.97166785657873,-53.627820981316056,6.6561531247373225,3387.701,3701.139447908622,3074.262552091378,0.3723975942745223,458095.43182999996,1.3844214197170857,-30292.802484534044,165.92999999999984,20.75,80.71000000000004,267.3899999999999,0.6205542466060807,0.4884196338573738,0.5115803661426263,6.198998427788687,0,5,1,1,False,False
2025-01-19,3307.71,3448.99,3130.48,3215.12,1342301.5217,1737331199999,4408659681.01233,7064813.0,651932.4312,2143657478.900286,0,-0.027992175855803603,-0.028391425023029025,3351.2059999999997,-2.1020000000003165,3293.6340000000005,-0.407999999999447,3380.3650000000002,-7.335999999999785,3544.0908,-9.769599999999627,3222.3016000000002,7.756200000000263,,,0.04059580023520201,0.03718306592117914,0.03473844736449681,3744.83,2920.0,0.3577949395633038,36.931370052725384,-54.22534339566573,-53.747325464186,-0.4780179314797337,3380.3650000000002,3703.0825595176852,3057.6474404823152,0.24397891418278267,542143.74153,2.4759144464378595,-37573.94024693917,92.59000000000015,141.27999999999975,84.63999999999987,318.50999999999976,0.290697309346646,0.485682553927481,0.5143174460725191,5.263208664959677,0,6,1,1,False,False
2025-01-20,3215.2,3453.69,3142.78,3284.0,1158354.7814,1737417599999,3830020315.131607,7137551.0,572672.7028,1895320599.961986,0,0.021423772674114883,0.021197509558280835,3317.702,-33.50399999999945,3295.3300000000004,1.6959999999999127,3377.6760000000004,-2.688999999999851,3535.6186000000002,-8.472199999999702,3230.3776000000003,8.076000000000022,,,0.0409036971050751,0.037504769718877694,0.03489677541022035,3744.83,2920.0,0.4413030563873768,37.60636500476147,-53.795769035740705,-53.757014178496945,-0.03875485724375949,3377.6760000000004,3702.775038150398,3052.576961849603,0.3559269806933973,612565.0063400001,1.8909907836900872,24816.329512687636,68.80000000000018,169.69000000000005,72.41999999999962,310.90999999999985,0.22128590267279988,0.4943845460782418,0.5056154539217582,6.161800438526683,0,0,1,1,False,False
2025-01-21,3283.99,3368.0,3204.6,3327.54,548706.0513,1737503999999,1802317579.667659,3752957.0,271093.6278,890755658.885448,0,0.01325822168087698,0.013171100661510199,3321.6,3.8979999999996835,3299.8010000000004,4.471000000000004,3376.0340000000006,-1.6419999999998254,3529.301,-6.317600000000311,3238.9639,8.586299999999937,,,0.041071786983482274,0.03759561493413601,0.034887649985937,3744.83,2920.0,0.4940896912090976,48.03047507417311,-49.37287437727218,-52.88018621825199,3.50731184097981,3376.0340000000006,3701.831845128731,3050.23615487127,0.42557654888595187,652267.6366,0.8412283861884925,7274.866465774057,43.55000000000018,40.460000000000036,79.38999999999987,163.4000000000001,0.2665238678090585,0.4940598470851965,0.5059401529148035,6.839649373482314,0,1,1,1,False,False
2025-01-22,3327.55,3365.99,3222.85,3242.6,349240.7498,1737590399999,1150648371.196559,2187671.0,163482.76,538844820.504563,0,-0.02552636482206072,-0.025857815117860245,3275.394,-46.20600000000013,3297.3309999999997,-2.4700000000007094,3365.3805,-10.65350000000035,3521.8628,-7.438200000000052,3245.092,6.128099999999904,,,0.04197305426688602,0.03740075355123326,0.035045184581440764,3744.83,2920.0,0.3911108955784828,46.966625357278446,-52.1208301362808,-52.72831500185776,0.6074848655769571,3365.3805,3694.1350618158554,3036.625938184145,0.31326418815022683,670703.7144899999,0.5207079404138399,-8914.84679012483,84.95000000000027,38.4399999999996,19.75,143.13999999999987,0.5934749196590775,0.46810906256965096,0.5318909374303491,6.264077148078555,0,2,1,1,False,False
2025-01-23,3242.61,3347.97,3185.0,3338.21,605592.7225,1737676799999,1965307923.080547,3255920.0,303294.9418,984590435.717348,0,0.029485597976932176,0.029059258050247016,3281.4939999999997,6.099999999999909,3317.4010000000003,20.07000000000062,3351.8405,-13.540000000000418,3511.8709999999996,-9.99180000000024,3252.4,7.307999999999993,,,0.040365314950828304,0.03655719265370022,0.03413998896889013,3744.83,2920.0,0.5070256901422112,54.30107915489089,-46.05280880631608,-51.393213762749426,5.340404956433346,3351.8405,3660.007983477134,3043.6730165228655,0.4778845907975052,646672.23005,0.9364755348365218,17856.26355339085,95.59999999999991,9.759999999999764,57.61000000000013,162.9699999999998,0.586611032705406,0.5008232934965627,0.4991767065034373,5.376418637527467,0,3,1,1,False,False
2025-01-24,3338.22,3428.0,3275.9,3310.09,451524.2752,1737763199999,1519379297.690963,2793569.0,215008.0035,723830815.046523,0,-0.008423676161775306,-0.008459355832431204,3300.488,18.994000000000142,3325.847,8.445999999999913,3334.5009999999993,-17.3395000000005,3502.3687999999993,-9.502200000000357,3259.3899,6.989900000000034,,,0.03988935849960187,0.03636261517896922,0.03411184840406237,3744.83,2920.0,0.47293381666525247,51.57834532215845,-43.01703358988971,-49.71797772817748,6.700944138287774,3334.5009999999993,3607.4093256063497,3061.592674393649,0.45527619037315453,654393.8123999999,0.6899886072333529,-3803.494273465113,28.129999999999654,89.7800000000002,34.190000000000055,152.0999999999999,0.18494411571334432,0.47618260038126076,0.5238173996187393,6.186974108452099,0,4,1,1,False,False
2025-01-25,3310.1,3350.68,3268.66,3318.77,208559.0415,1737849599999,690383485.125444,1456638.0,98129.4498,324799632.127654,0,0.0026222851946622328,0.0026188530036542652,3307.442,6.954000000000178,3312.572,-13.275000000000091,3318.6400000000003,-15.860999999998967,3488.7668,-13.601999999999407,3266.5196,7.129699999999957,,,0.032340807361099747,0.03639377042686031,0.03305941575937617,3744.83,2920.0,0.48345719724064357,51.324576533545624,-39.45593296630932,-47.66556877580385,8.209635809494529,3318.6400000000003,3551.7405896264736,3085.539410373527,0.5002788495734996,628830.91315,0.33166155979079665,546.9012867383962,8.670000000000073,31.909999999999854,41.440000000000055,82.01999999999998,0.10570592538405359,0.4705116071412325,0.5294883928587675,6.9842956197130395,0,5,1,1,False,False
2025-01-26,3318.76,3362.0,3230.0,3232.61,272165.469,1737935999999,899291017.613374,1416325.0,116826.2789,386320687.827929,0,-0.02596142546786906,-0.026304371881395026,3288.4559999999997,-18.98600000000033,3305.028,-7.544000000000324,3295.898,-22.74200000000019,3473.4945999999995,-15.272200000000339,3272.4239999999995,5.904399999999441,2988.4488,,0.030627921763056253,0.036450635860081,0.033213344282819204,3700.86,2920.0,0.4003406500525063,48.7847599296569,-43.08941899665206,-46.75033881997349,3.6609198233214357,3295.898,3454.265877338275,3137.5301226617253,0.30018675168318254,608919.19218,0.44696483949802374,-7065.803538371127,86.15000000000009,43.23999999999978,2.6100000000001273,132.0,0.6526515151515159,0.4292472492166154,0.5707527507833846,5.2039114484431535,0,6,1,1,False,False
2025-01-27,3232.61,3253.91,3020.01,3182.44,753004.7529,1738022399999,2349770569.706611,4888504.0,345284.5821,1077195796.137122,0,-0.0155199668379421,-0.015641662305110726,3276.424,-12.031999999999698,3275.909,-29.118999999999687,3285.9545,-9.943500000000313,3457.0604,-16.43419999999969,3277.7663999999995,5.342399999999998,2988.86315,0.4143500000000131,0.024723455363177445,0.03175957639062847,0.03324459520827197,3525.72,2920.0,0.4332694974575714,51.666951108208984,-49.447285043254396,-47.28972806462968,-2.1575569786247186,3285.9545,3446.697427090037,3125.211572909963,0.17801227128949154,632364.64934,1.1907761663874037,-11686.608793820786,50.17000000000007,21.299999999999727,162.42999999999984,233.89999999999964,0.21449337323642648,0.45854236745548704,0.541457632544513,6.491996207425267,0,0,1,1,False,False
2025-01-28,3182.44,3223.01,3040.03,3077.72,350959.7173,1738108799999,1107001736.175005,2936974.0,170776.7271,538990208.723447,0,-0.03290556931159749,-0.03345913505110637,3224.326,-52.097999999999956,3252.9100000000003,-22.998999999999796,3273.476,-12.478499999999713,3444.3747999999996,-12.68560000000025,3281.0745,3.3081000000006497,2988.5823500000006,-0.2807999999995445,0.022438114678638627,0.03235622519054846,0.032009419331006296,3525.72,2920.0,0.26038433599683,44.579152220601486,-62.21874949522862,-50.27553235074947,-11.94321714447915,3273.476,3457.735882305856,3089.216117694144,-0.031195389767647935,604040.90826,0.5810197827676513,-11548.529303193813,104.72000000000025,40.570000000000164,37.6899999999996,182.98000000000002,0.5723029839326715,0.4865992268680232,0.5134007731319769,8.368407698167472,0,1,1,1,False,False
2025-01-29,3077.72,3182.52,3054.06,3113.9,409737.2576,1738195199999,1278256645.74957,3277369.0,200807.9235,626556500.38162,0,0.011755455337067788,0.01168689674058888,3185.0879999999997,-39.238000000000284,3242.788,-10.122000000000298,3268.2110000000002,-5.264999999999873,3434.0878,-10.286999999999807,3285.5464999999995,4.471999999999298,2988.2722,-0.3101500000007036,0.02180893500084458,0.03176988812546975,0.03195441883876742,3525.72,2920.0,0.32011490457637215,35.627809562729894,-68.62968318842422,-53.946362518284424,-14.6833206701398,3268.2110000000002,3464.6180993357248,3071.8039006642757,0.10716542191728073,510784.4818500001,0.8021724859689958,4816.648031649439,36.18000000000029,68.61999999999989,23.659999999999854,128.46000000000004,0.2816440915460087,0.49008948972864896,0.509910510271351,7.998708780345973,0,2,1,1,False,False
2025-01-30,3113.9,3283.43,3091.06,3247.39,350639.4823,1738281599999,1130886606.539682,2410789.0,180484.1307,581935263.184576,0,0.042869070939978826,0.04197563692127093,3170.812,-14.27599999999984,3239.1269999999995,-3.661000000000513,3267.2285,-0.9825000000000728,3422.3994000000002,-11.688399999999547,3291.7922999999996,6.245800000000145,2988.28375,0.011550000000170257,0.02525697744607819,0.03310372973669533,0.03151037257011651,3525.72,2920.0,0.5404972594598164,47.39562760823643,-62.221614906017294,-55.601412995831,-6.620201910186296,3267.2285,3463.856732087063,3070.6002679129374,0.44955327678678353,430012.95193999994,0.8154160955340829,15031.588841076149,133.48999999999978,36.039999999999964,22.840000000000146,192.3699999999999,0.6939231688932779,0.5147284884067376,0.48527151159326243,6.875406569124975,0,3,1,1,False,False
2025-01-31,3247.38,3437.31,3213.8,3300.99,648681.6561,1738367999999,2158479814.331743,3802893.0,343645.0199,1144000791.641501,0,0.016505562928998296,0.016370826701882987,3184.4880000000003,13.676000000000386,3236.472,-2.6549999999992906,3268.1365,0.9079999999999018,3410.7870000000003,-11.61239999999998,3299.5561,7.763800000000174,2987.37175,-0.9120000000002619,0.025478211897884323,0.033291791521455755,0.031550186088283666,3525.72,2920.0,0.628986990688767,41.79935398061941,-52.21618687956152,-54.92436777257711,2.7081808930155873,3268.1365,3465.235238629838,3071.037761370162,0.5833427454391282,440010.5124199999,1.4742412687650035,10706.855895645382,53.60999999999967,136.32000000000016,33.57999999999993,223.50999999999976,0.23985504004294989,0.5297591147652618,0.47024088523473817,5.862495053218756,0,4,1,1,False,False
2025-02-01,3300.99,3331.98,3101.7,3117.54,354065.2525,1738454399999,1142845926.865901,2900696.0,170674.3585,551595869.395103,0,-0.055574236819863065,-0.05717819419778655,3171.508,-12.980000000000473,3223.966,-12.506000000000313,3260.6485000000002,-7.487999999999829,3395.0018,-15.785200000000259,3305.3733,5.817200000000412,2985.7388,-1.6329499999997097,0.030107628357921995,0.035597603810348745,0.03238926513390058,3525.72,2920.0,0.32612428184639775,41.11463093269042,-58.416308090976145,-55.62275583625692,-2.7935522547192235,3260.6485000000002,3468.9422141103746,3052.354785889626,0.15647427093222938,440492.9626900001,0.8037932100839845,-19676.90619211961,183.44999999999982,30.990000000000236,15.840000000000146,230.2800000000002,0.7966388744137557,0.4820421018298032,0.5179578981701968,8.192546372507989,0,5,2,1,False,False
2025-02-02,3117.54,3163.2,2750.71,2869.68,1050805.93,1738540799999,3131430738.391756,5974563.0,494989.1069,1476742890.842307,0,-0.07950499432244662,-0.0828437039863488,3129.9,-41.60799999999972,3177.113,-46.853000000000065,3247.257,-13.391500000000178,3374.9895999999994,-20.012200000000576,3309.6639,4.290599999999813,2983.15195,-2.5868500000001404,0.03598739894139936,0.03879894566767719,0.034100796929933654,3525.72,2750.71,0.1535076966748814,35.9050106087808,-82.38054769432392,-60.97431420787032,-21.4062334864536,3247.257,3514.874724698181,2979.639275301819,-0.20544094272124744,485014.28344,2.1665463593094216,-83544.31949864324,247.86000000000013,45.659999999999854,118.9699999999998,412.4899999999998,0.6008872942374367,0.4710566364047832,0.5289433635952169,5.685695930551135,0,6,2,1,False,False
2025-02-03,2869.68,2921.0,2125.01,2879.9,2807979.021,1738627199999,7325488963.974643,10550628.0,1344253.3318,3509887592.196321,0,0.003561372696607279,0.0035550460255048323,3083.0999999999995,-46.80000000000064,3134.094,-43.01899999999978,3229.9705000000004,-17.286499999999705,3353.4057999999995,-21.583799999999883,3313.6377999999995,3.973899999999503,2980.4189499999998,-2.7330000000001746,0.036406189708360306,0.038122043568428424,0.03388162121664939,3525.72,2125.01,0.538933826416603,32.68251709892522,-99.40186877735323,-68.6598251217669,-30.74204365558633,3229.9705000000004,3544.093639748194,2915.8473602518065,-0.0572185803959276,720659.75802,3.8964004715829748,10000.259818035438,10.220000000000255,41.09999999999991,744.6699999999996,795.9899999999998,0.012839357278358091,0.47872627314760835,0.5212737268523916,3.7573742257670517,0,0,2,1,False,False
2025-02-04,2879.89,2888.5,2632.6,2731.19,1259594.3919,1738713599999,3477670143.18934,4767588.0,602952.4706,1664512055.454141,0,-0.051637209625334246,-0.053018159665724804,2979.8599999999997,-103.23999999999978,3075.3360000000002,-58.75799999999981,3193.9539999999997,-36.01650000000063,3328.3048,-25.100999999999658,3315.8716999999997,2.233900000000176,2976.55725,-3.861699999999928,0.037800215481444466,0.035114819314222466,0.03444177618624784,3525.72,2125.01,0.4327662399782967,26.556910473225315,-123.46778280220724,-79.62141665785498,-43.84636614435226,3193.9539999999997,3561.7217867694008,2826.1862132305987,-0.12915243891407416,825763.2930599999,1.525369803291169,-65041.939657435716,148.69999999999982,8.610000000000127,98.59000000000015,255.9000000000001,0.5810863618601007,0.47868780178553605,0.521312198214464,3.7850184397919278,0,1,2,1,False,False
2025-02-05,2731.19,2826.95,2699.13,2788.25,686593.0429,1738799999999,1897054238.490223,3498289.0,327991.4256,906340721.064559,0,0.020891992135296356,0.020676747235431996,2877.312,-102.54799999999977,3030.9,-44.43600000000015,3167.964,-25.98999999999978,3306.2095999999997,-22.095200000000204,3318.0794,2.2077000000003864,2972.9109999999996,-3.6462500000002365,0.03965051402450649,0.035034506592000934,0.03457936012973586,3525.72,2125.01,0.4735027236187362,31.738784434458978,-136.36400851624103,-90.9699350295322,-45.394073486708834,3167.964,3573.328209226846,2762.599790773154,0.03163847306076786,867206.05045,0.7917299960530966,14344.296452415992,57.059999999999945,38.69999999999982,32.059999999999945,127.81999999999971,0.4464090126740735,0.47770863540161285,0.5222913645983872,5.095141927486024,0,2,2,1,False,False
2025-02-06,2788.25,2857.64,2655.28,2686.64,719459.9571,1738886399999,1981674881.322119,3805682.0,325809.3292,897799508.979957,0,-0.036442212857527134,-0.037122816649653355,2791.132,-86.17999999999984,2981.32,-49.57999999999993,3128.6144999999997,-39.34950000000026,3287.4064000000003,-18.80319999999938,3318.5577999999996,0.47839999999951033,2968.6646,-4.246399999999539,0.0402890738995609,0.03276675769596752,0.03368810731946375,3494.39,2125.01,0.4101345134294351,23.937825492188182,-153.01952429200855,-103.37985288202748,-49.63967140998108,3128.6144999999997,3560.938477321834,2696.2905226781654,-0.011161216106898254,863851.5708699999,0.8328513616933282,-26218.71289910554,101.61000000000013,69.38999999999987,31.359999999999673,202.35999999999967,0.5021249258746803,0.45285262367244533,0.5471473763275546,5.2896369873591675,0,3,2,1,False,False
2025-02-07,2686.63,2797.5,2562.51,2622.1,695467.3612,1738972799999,1875060380.334312,3272698.0,327218.1388,882532535.722566,0,-0.024022570943632138,-0.024315818803290066,2741.616,-49.516000000000076,2935.758,-45.56200000000035,3094.334,-34.28049999999985,3271.5082,-15.898200000000088,3318.1869,-0.37089999999943757,2964.5771000000004,-4.087499999999636,0.03997278521391925,0.03182874615522945,0.03294536105313975,3453.69,2125.01,0.37412318993286553,23.260134478603902,-169.47339534946695,-116.59856137551537,-52.87483397395158,3094.334,3573.098371993706,2615.5696280062934,0.00682002711115721,898302.3352599998,0.774201884935218,-16706.914023407637,64.5300000000002,110.86999999999989,59.58999999999969,234.98999999999978,0.27460743010340977,0.470501071733113,0.529498928266887,4.705753544426723,0,4,2,1,False,False
2025-02-08,2622.11,2667.3,2588.8,2632.46,379685.1509,1739059199999,996898803.984915,1865406.0,182406.1592,478945902.373384,0,0.003951031615880396,0.003943246789126041,2692.1279999999997,-49.488000000000284,2887.614,-48.14399999999978,3065.201,-29.13299999999981,3254.7132,-16.795000000000073,3319.3253999999997,1.138499999999567,2960.32685,-4.250250000000506,0.03946181612961371,0.03173552351803565,0.03283238764710765,3453.69,2125.01,0.3819204022036908,23.360219853586216,-179.60684537625684,-129.20021817566368,-50.406627200593164,3065.201,3582.387007214957,2548.014992785043,0.08163891330866899,895297.1245899999,0.4240884288262138,1500.148035286219,10.349999999999909,34.840000000000146,33.309999999999945,78.5,0.13184713375796062,0.4804142557791032,0.5195857442208968,4.913033853386864,0,5,2,1,False,False
2025-02-09,2632.46,2698.9,2520.02,2627.18,387166.7911,1739145599999,1016386052.050485,2319910.0,185314.8373,486833033.685477,0,-0.00200572848210423,-0.0020077426491750087,2671.326,-20.80199999999968,2825.593,-62.021000000000186,3032.36,-32.840999999999894,3240.4783999999995,-14.234800000000632,3320.4822999999997,1.1568999999999505,2956.7837,-3.5431499999999687,0.03423672010591467,0.030958420039697832,0.032478319585455134,3437.31,2125.01,0.38266402499428465,24.92524332159867,-185.9205529997962,-140.5442851404902,-45.37626785930601,3032.36,3573.8890743421794,2490.830925657821,0.12589266283422415,898949.8554699998,0.43068786178020657,-776.5514602341684,5.2800000000002,66.44000000000005,107.15999999999985,178.8800000000001,0.029516994633274802,0.4786434207683264,0.5213565792316736,5.992017015221738,0,6,2,1,False,False
2025-02-10,2627.18,2693.79,2559.85,2661.19,398173.2716,1739231999999,1051708232.55688,2736600.0,195023.1915,515093980.36806,0,0.012945439596830255,0.01286236359572681,2645.9139999999998,-25.412000000000262,2761.613,-63.98000000000002,2999.0425,-33.31750000000011,3228.0656,-12.412799999999606,3322.1519,1.6696000000001732,2954.2122499999996,-2.571450000000368,0.03382604211280256,0.030945793226892806,0.03251386187433635,3437.31,2125.01,0.40858035510172974,28.118781956023497,-186.03538885299895,-149.64250588299194,-36.39288297000701,2999.0425,3546.070850573882,2452.014149426118,0.19119287908427213,873899.0170199999,0.455628469474394,5154.528036570087,34.01000000000022,32.59999999999991,67.32999999999993,133.94000000000005,0.253919665521877,0.4897947838545976,0.5102052161454024,6.872887245804773,0,0,2,1,False,False
2025-02-11,2661.19,2725.04,2558.24,2602.59,484196.1435,1739318399999,1286091770.773805,2776008.0,226374.751,602010853.065178,0,-0.022020224035112057,-0.022266288133639834,2629.1040000000003,-16.80999999999949,2710.118,-51.49499999999989,2967.0420000000004,-32.00049999999965,3211.6668,-16.398799999999937,3323.6005,1.4486000000001695,2950.85215,-3.36009999999942,0.03158123787672956,0.030866895037478026,0.03190804822514445,3437.31,2125.01,0.36392593157052505,29.25142143462277,-188.67994242627174,-157.4499931916479,-31.22994923462383,2967.0420000000004,3528.761871469948,2405.322128530053,0.17559274781727327,886912.1061199999,0.5459347551565474,-10662.107556807267,58.59999999999991,63.84999999999991,44.350000000000364,166.80000000000018,0.3513189448441238,0.46752695997051036,0.5324730400294897,5.733230297816282,0,1,2,1,False,False
2025-02-12,2602.59,2795.45,2546.92,2738.27,646295.8959,1739404799999,1705436939.533127,4190060.0,324858.6193,858009920.218688,0,0.05213268321172371,0.05081923108843668,2652.338,23.233999999999924,2696.977,-13.141000000000076,2937.045,-29.9970000000003,3196.5686000000005,-15.098199999999451,3327.0011000000004,3.400600000000395,2948.2984500000002,-2.5536999999999352,0.030237468679062855,0.03276680649024795,0.03272400031823567,3437.31,2125.01,0.46731692448373074,34.90803313860518,-177.77821155147103,-161.51563686361254,-16.26257468785849,2937.045,3479.037097456474,2395.052902543526,0.31662555512078916,846461.10271,0.7635269876322041,33693.139201991864,135.67999999999984,57.179999999999836,55.67000000000007,248.52999999999975,0.5459300688045707,0.5026468856770595,0.49735311432294055,6.483191409045121,0,2,2,1,False,False
2025-02-13,2738.27,2757.28,2612.76,2675.87,443769.2853,1739491199999,1185301387.824423,3213834.0,217787.6458,581683038.436098,0,-0.022788110741453593,-0.023051773014207893,2661.0199999999995,8.681999999999334,2676.574,-20.402999999999793,2905.334,-31.71100000000024,3180.146,-16.42260000000033,3329.5343000000007,2.5332000000003063,2945.327,-2.9714500000000044,0.030625313974171984,0.03290283003396417,0.03281740928018638,3437.31,2125.01,0.419766821610912,25.646423153624582,-172.18878466606884,-163.6502664241038,-8.53851824196505,2905.334,3429.3421092743392,2381.3258907256604,0.2810491899469191,610040.12914,0.7274427764704607,-10112.663617072114,62.40000000000009,19.01000000000022,63.10999999999967,144.51999999999998,0.4317741489067264,0.4907677322750485,0.5092322677249516,7.242128075239281,0,3,2,1,False,False
2025-02-14,2675.87,2791.78,2664.46,2725.95,419895.7862,1739577599999,1142877818.043903,2645594.0,222908.7801,606858652.139505,0,0.01871540844659858,0.01854243009741044,2680.7740000000003,19.754000000000815,2676.05,-0.5239999999998872,2875.693,-29.64099999999962,3167.9639999999995,-12.182000000000698,3329.5750999999996,0.04079999999885331,2942.3684500000004,-2.958549999999832,0.027081972734678203,0.0334219262117464,0.0324251329096548,3437.31,2125.01,0.45792882724986644,25.422700152154974,-161.8523529505419,-163.29068372939145,1.4383307788495472,2875.693,3367.2970092380788,2384.0889907619217,0.34769957406156804,526070.26857,0.7981743338991373,7858.5211437386315,50.07999999999993,65.83000000000038,11.409999999999854,127.32000000000016,0.3933396167137909,0.5308669137104096,0.46913308628959033,6.300596688388487,0,4,2,1,False,False
2025-02-15,2725.95,2739.0,2662.28,2693.04,202971.4295,1739663999999,548554180.222323,1678502.0,90810.3179,245463912.573468,0,-0.012072855334837373,-0.012146324170659471,2687.144,6.369999999999436,2666.529,-9.521000000000186,2848.7145,-26.978500000000167,3155.1546000000003,-12.809399999999187,3327.5508,-2.0242999999995845,2939.4376,-2.9308500000001914,0.02626882591711125,0.033200035950883444,0.032444466177470085,3437.31,2125.01,0.4328507201097309,29.17729466703294,-154.53483690047915,-161.539514363609,7.004677463129838,2848.7145,3316.4907551735782,2380.938244826422,0.333601536762235,477708.10723,0.424885879950696,-2450.4447054586426,32.909999999999854,13.050000000000182,30.759999999999764,76.7199999999998,0.4289624608967667,0.4474044358050895,0.5525955641949105,8.269646640095226,0,5,2,1,False,False
2025-02-16,2693.04,2727.31,2651.26,2661.41,191231.5314,1739750399999,514482095.174283,1449884.0,89433.4055,240599550.812392,0,-0.011745091049520262,-0.011814609501231234,2698.908,11.764000000000124,2664.006,-2.5230000000001382,2822.663,-26.051500000000033,3140.3028000000004,-14.851799999999912,3324.5474,-3.003400000000056,2936.5809499999996,-2.856650000000627,0.02384090675424929,0.03316909117322003,0.032262587700943555,3437.31,2125.01,0.40874799969519143,37.03320922935165,-149.56385040085252,-159.1443815710577,9.580531170205177,2822.663,3269.7603334792066,2375.5656665207935,0.3196667840253406,424885.26466,0.4500780500190482,-2246.031747832193,31.63000000000011,34.26999999999998,10.149999999999636,76.04999999999973,0.4159105851413573,0.46767081163478036,0.5323291883652196,7.581824970942004,0,6,2,1,False,False
2025-02-17,2661.41,2849.7,2637.71,2744.05,639739.8197,1739836799999,1752388687.805609,3881592.0,329950.3751,904399237.600089,0,0.03105120969711561,0.030578873730619873,2700.064,1.155999999999949,2676.201,12.195000000000164,2805.9795,-16.683500000000095,3128.0542,-12.248600000000351,3320.7257999999997,-3.821600000000217,2934.2842,-2.29674999999952,0.024210634144863782,0.033756900880081424,0.032616282210196246,3437.31,2125.01,0.47172140516650163,42.241664858196955,-137.37240684244534,-154.78998662533525,17.417579782889902,2805.9795,3237.6385439821524,2374.3204560178474,0.42826572168083626,419312.51051000005,1.5256874137189451,19864.695293099634,82.64000000000033,105.64999999999964,23.699999999999818,211.98999999999978,0.38982970894853725,0.5157571327273752,0.4842428672726248,6.067454112548812,0,0,2,1,False,False
2025-02-18,2744.05,2756.93,2605.44,2671.99,604863.8737,1739923199999,1616153629.018717,3898156.0,285508.8694,762964442.385853,0,-0.026260454437783687,-0.026611418119546062,2699.288,-0.7759999999998399,2680.154,3.9529999999999745,2783.8839999999996,-22.095500000000357,3114.2572000000005,-13.79699999999957,3315.6136000000006,-5.11219999999912,2932.6960999999997,-1.588100000000395,0.026138818406391928,0.03382383561674467,0.032765121189641824,3437.31,2125.01,0.41681018059894814,46.294719975965734,-132.00358460332336,-150.23270622093287,18.229121617609508,2783.8839999999996,3193.8748081331714,2373.8931918668277,0.3635408431356164,441830.38279,1.3689956536725747,-15884.000196360197,72.0600000000004,12.879999999999654,66.54999999999973,151.48999999999978,0.4756749620437026,0.4720216925066458,0.5279783074933542,6.444683125402535,0,1,2,1,False,False
2025-02-19,2672.0,2736.7,2656.03,2715.5,326154.0202,1740009599999,882047186.131933,2376004.0,163604.8767,442601160.332459,0,0.01628374357688478,0.01615258534033704,2697.198,-2.0900000000001455,2688.986,8.83199999999988,2757.2895,-26.594499999999698,3101.8116000000005,-12.445600000000013,3309.0527,-6.560900000000402,2931.7554,-0.9406999999996515,0.026480936109687186,0.03224331844691063,0.03288725703447711,3437.31,2125.01,0.4499657090604282,45.368071207548624,-122.82204484784825,-144.75057394631594,21.928529098467692,2757.2895,3104.953102955512,2409.625897044488,0.4398995183206633,435729.1057,0.7485247506613832,5311.008431506899,43.5,21.199999999999818,15.9699999999998,80.66999999999962,0.5392339159538888,0.5016184580514331,0.4983815419485669,7.284914037064504,0,2,2,1,False,False
2025-02-20,2715.51,2770.59,2707.18,2738.04,336735.2544,1740095999999,921476439.354937,2096063.0,170515.6667,466756209.201236,0,0.008300497146013663,0.008266237470579285,2706.198,9.0,2696.671,7.684999999999945,2729.142,-28.147500000000036,3089.3648,-12.446800000000621,3303.9951,-5.057600000000093,2932.001,0.245600000000195,0.026339628488703828,0.03196068684728439,0.03289779420257668,3331.98,2125.01,0.507908233013248,53.6389895786135,-112.43078669358283,-138.28661649576932,25.85582980218649,2729.142,2964.4680149888545,2493.815985011145,0.5189056870750596,429585.30398,0.7838612058658254,2795.070018109385,22.529999999999745,32.55000000000018,8.330000000000382,63.41000000000031,0.35530673395362933,0.5063790157755458,0.4936209842244542,6.224661577935453,0,3,2,1,False,False
2025-02-21,2738.04,2845.32,2616.72,2663.0,890440.0604,1740182399999,2429306635.177234,3872201.0,428879.7345,1170981749.414793,0,-0.02740646593913898,-0.027789029131547016,2706.516,0.318000000000211,2702.7120000000004,6.041000000000622,2706.415,-22.72699999999986,3073.5113999999994,-15.85340000000042,3298.7535000000003,-5.241599999999835,2933.21805,1.2170499999997446,0.026959526902906872,0.030372773170514653,0.032738790904539385,3163.2,2125.01,0.5181999441335401,52.85319641711081,-108.9943219095453,-132.42815757852452,23.433835668979214,2706.415,2855.967673699052,2556.862326300948,0.3548504719903406,470209.69567,1.893708421157108,-24403.815186197455,75.03999999999996,107.2800000000002,46.2800000000002,228.60000000000036,0.32825896762904566,0.48164919074658474,0.5183508092534153,4.348637457147363,0,4,2,1,False,False
2025-02-22,2663.0,2798.07,2653.33,2763.22,444989.6669,1740268799999,1214059511.899935,2597168.0,248387.7772,677008292.573996,0,0.037634247089748385,0.03694335953723281,2710.35,3.8339999999998327,2705.207,2.494999999999436,2701.0919999999996,-5.32300000000032,3056.5956,-16.915799999999308,3295.7975,-2.956000000000131,2934.7275,1.5094500000000153,0.02425523239509613,0.02682430603012887,0.032546075571953555,2921.0,2125.01,0.8017814294149421,58.105628564344144,-97.06507660114494,-125.35554138304862,28.29046478190368,2701.0919999999996,2832.676010962812,2569.507989037187,0.7360773149617639,450079.07276999997,0.9886921961541617,16746.851076499428,100.2199999999998,34.850000000000364,9.670000000000073,144.74000000000024,0.6924139836948987,0.5581877415949499,0.4418122584050502,5.8364681096823015,0,5,2,1,False,False
2025-02-23,2763.23,2857.34,2745.41,2819.69,611002.1222,1740355199999,1711849865.819046,2796506.0,321625.3377,901407652.084993,0,0.02043630257453266,0.020230283460336135,2739.89,29.539999999999964,2719.589,14.382000000000062,2698.0815,-3.0104999999998654,3039.8518,-16.743800000000192,3293.0942999999997,-2.703200000000379,2937.1119499999995,2.3844499999995605,0.023345487767078163,0.027255366573764553,0.03264298963432564,2888.5,2520.02,0.813259878419453,61.22127793515895,-82.10791772304083,-116.70601665104707,34.59809892800624,2698.0815,2814.29826141005,2581.8647385899494,1.0231969060423483,466802.35646000004,1.308909678249142,12486.62424296078,56.460000000000036,37.65000000000009,17.820000000000164,111.93000000000029,0.5044224068614303,0.5263898864081555,0.47361011359184446,4.576916999781903,0,6,2,1,False,False
2025-02-24,2819.7,2839.95,2470.33,2513.52,876876.3707,1740441599999,2334572148.661955,4737903.0,411575.6658,1095102528.763101,0,-0.10858285839932758,-0.11494278867850116,2699.4939999999997,-40.396000000000186,2698.346,-21.242999999999938,2687.198,-10.883499999999913,3017.4024000000004,-22.449399999999514,3286.9008000000003,-6.193499999999403,2936.2670499999995,-0.8449000000000524,0.04232579624918674,0.034789505539689715,0.03579991821079409,2857.64,2470.33,0.11151274173142976,43.465640072569585,-93.87746085018898,-112.14030549087545,18.262844640686467,2687.198,2828.435282479218,2545.9607175207816,-0.11484473841230612,512500.41491,1.7109768991191703,-95213.74279343437,306.17999999999984,20.25,43.190000000000055,369.6199999999999,0.8283642660029217,0.46936567063774803,0.530634329362252,5.403159622396699,0,0,2,1,False,False
2025-02-25,2513.52,2533.49,2313.49,2495.7,1322016.8718,1740527999999,3207776114.782463,7076645.0,655424.217,1590563026.371759,0,-0.007089659123460379,-0.007114910175048293,2651.0260000000003,-48.46799999999939,2678.612,-19.733999999999924,2672.5705000000003,-14.6274999999996,2993.5674,-23.83500000000049,3281.0978000000005,-5.802999999999884,2935.75165,-0.5153999999993175,0.042291845804680275,0.03431421567041816,0.03567302029259113,2857.64,2313.49,0.3348525222824589,45.09305250787296,-103.45032272074513,-110.4023089368494,6.95198621610426,2672.5705000000003,2829.470440958055,2515.6705590419456,-0.06364106614700592,624404.95914,2.1172427483933323,-9372.648976525421,17.820000000000164,19.9699999999998,182.21000000000004,220.0,0.08100000000000074,0.49577598514881516,0.5042240148511848,5.352915799300467,0,1,2,1,False,False
2025-02-26,2495.69,2507.5,2253.77,2336.37,863087.2133,1740614399999,2059160287.050773,5495972.0,408608.956,975185376.421555,0,-0.06384180790960448,-0.06597080814131187,2585.7,-65.32600000000048,2646.108,-32.503999999999905,2655.057,-17.513500000000477,2972.6686,-20.898799999999937,3272.3835,-8.714300000000549,2934.3839000000003,-1.3677499999998872,0.046021473790445425,0.036136313919602786,0.0349359013464653,2857.34,2253.77,0.13685239491691087,31.942272784457515,-122.48159258832266,-112.81816566714406,-9.663426921178598,2655.057,2872.037198572684,2438.076801427316,-0.23436885507606853,691590.52733,1.247974313112835,-55101.04808073442,159.32000000000016,11.809999999999945,82.59999999999991,253.73000000000002,0.6279115595317863,0.47342719218106627,0.5265728078189338,6.367806074876536,0,2,2,1,False,False
2025-02-27,2336.38,2381.6,2230.57,2307.72,637583.9106,1740700799999,1480849324.540646,3906903.0,297736.9154,691230000.438891,0,-0.012262612514285065,-0.01233841870588364,2494.5999999999995,-91.10000000000036,2602.475,-43.633000000000266,2639.3379999999997,-15.719000000000051,2952.2771999999995,-20.39140000000043,3264.3863,-7.997199999999793,2933.1456,-1.2383000000004358,0.04349378481878848,0.035928168068537554,0.03491984794080787,2857.34,2230.57,0.12309140514064112,32.941329107472185,-138.2818001188939,-117.91089255749404,-20.37090756139986,2639.3379999999997,2906.189829464276,2372.4861705357234,-0.12135230750665311,691374.9364199999,0.9221970265532988,-7818.4444410303695,28.66000000000031,45.2199999999998,77.14999999999964,151.02999999999975,0.18976362312123657,0.4669768330882345,0.5330231669117655,6.127668742963415,0,3,2,1,False,False
2025-02-28,2307.72,2314.18,2076.26,2237.59,1291539.0557,1740787199999,2794546441.726884,5708556.0,625030.5287,1351940395.764772,0,-0.030389301995042528,-0.0308606303070003,2378.18,-116.41999999999962,2559.035,-43.440000000000055,2619.5945,-19.743499999999585,2932.645,-19.632199999999557,3256.0625,-8.32380000000012,2930.7220500000003,-2.4235499999995227,0.04361848624649366,0.036260128118562746,0.034889477524641214,2857.34,2076.26,0.20654734470220712,27.78404541815273,-154.67943507738846,-125.26460106147293,-29.41483401591553,2619.5945,2941.3675656665214,2297.821434333479,-0.09359303304133813,760042.45462,1.6992985692433897,-39248.97040205935,70.12999999999965,6.460000000000036,161.32999999999993,237.91999999999962,0.29476294552790755,0.483942414239452,0.516057585760548,4.419963898734774,0,4,2,1,False,False
2025-03-01,2237.59,2281.14,2142.73,2217.39,446430.7271,1740873599999,988941461.430361,2511839.0,209196.8605,463872993.775749,0,-0.009027569840766247,-0.009068565261909826,2318.954,-59.22599999999966,2509.2239999999997,-49.81100000000015,2599.105,-20.489500000000135,2911.652,-20.992999999999938,3244.6783,-11.384199999999964,2928.2968,-2.425250000000233,0.04220379024680027,0.03623864495968654,0.03475231178012189,2857.34,2076.26,0.18068571721206492,28.109093252087177,-167.37525238017042,-133.68673132521243,-33.68852105495799,2599.105,2967.635390177284,2230.574609822716,-0.017888090336828852,772070.12531,0.578225620270892,-4030.184567959307,20.200000000000273,43.54999999999973,74.65999999999985,138.40999999999985,0.14594321219565273,0.46859870479555976,0.5314012952044402,5.626492191334649,0,5,3,1,False,False
2025-03-02,2217.4,2550.58,2172.04,2518.11,1266684.7748,1740959999999,3001215557.603687,4977392.0,627527.3017,1488652979.402768,0,0.1356189033052373,0.1271777915729189,2323.4359999999997,4.481999999999516,2487.2309999999998,-21.992999999999938,2591.951,-7.153999999999996,2896.3575999999994,-15.294400000000678,3236.5816000000004,-8.0966999999996,2927.5801,-0.7166999999999462,0.06465970240450855,0.04830689414710874,0.040169962141430336,2857.34,2076.26,0.5656910943821375,44.714127628181494,-151.42564767573822,-137.2345145953176,-14.191133080420627,2591.951,2960.9615201124966,2222.9404798875034,0.3999472969259945,865065.0773499999,1.4642652997625372,171786.39999181748,300.71000000000004,32.4699999999998,45.36000000000013,378.53999999999996,0.7943942515982461,0.4954092084978931,0.504590791502107,3.9294638247987885,0,6,3,1,False,False
2025-03-03,2518.12,2523.56,2097.91,2149.01,1109565.2003,1741046399999,2529346005.909485,4969357.0,510488.2652,1161760907.053157,0,-0.14657818760896069,-0.15850134915595218,2285.964,-37.47199999999975,2435.832,-51.39899999999989,2569.272,-22.679000000000087,2873.9918,-22.36579999999958,3224.1326,-12.449000000000524,2925.4757,-2.104400000000169,0.07845355874497513,0.05810478389572572,0.04491497608828719,2857.34,2076.26,0.09314026732216932,31.880191965699552,-166.647744871118,-143.11716065047767,-23.53058422064032,2569.272,2987.941177053611,2150.6028229463886,-0.0019022452973466207,886977.59134,1.2509506566267654,-162638.05609394744,369.1099999999997,5.440000000000055,51.100000000000364,425.6500000000001,0.8671678609185941,0.4600795564442506,0.5399204435557494,4.478652537639433,0,0,3,1,False,False
2025-03-04,2149.02,2221.88,1993.2,2171.51,1257822.3372,1741132799999,2634485208.259771,5856962.0,596181.03,1248910466.060303,0,0.010469937319975253,0.010415507117134374,2258.722,-27.241999999999734,2376.661,-59.17099999999982,2540.934,-28.337999999999738,2854.6718,-19.31999999999971,3212.2357,-11.896899999999732,2923.3696,-2.1060999999999694,0.07674926414900918,0.05656595033591672,0.04473699495350439,2857.34,1993.2,0.20634387946397592,34.285355438332104,-174.87989800287005,-149.46970812095617,-25.41018988191388,2540.934,2987.2503543780076,2094.617645621993,0.0861410898612103,968260.8583700001,1.2990531697392544,13169.321030148776,22.490000000000236,50.36999999999989,155.81999999999994,228.68000000000006,0.09834703515830082,0.4739787268583101,0.5260212731416899,4.65643026584979,0,1,3,1,False,False
2025-03-05,2171.5,2273.51,2155.03,2241.59,687130.7897,1741219199999,1514537132.807393,3480893.0,326604.0072,720412253.031027,0,0.03227247399275157,0.031762657397629936,2259.522,0.7999999999997272,2318.8509999999997,-57.8100000000004,2519.2200000000003,-21.713999999999942,2834.991,-19.68080000000009,3200.5067,-11.72900000000027,2921.505,-1.8645999999998821,0.07754853486802442,0.057245413084450775,0.04480659902325573,2857.34,1993.2,0.28744184970028014,35.363842443034784,-173.74622996646076,-154.3250124900571,-19.421217476403655,2519.2200000000003,2979.9199295580033,2058.520070441997,0.19868673491402616,975873.72512,0.7041185473207671,22175.4105402121,70.09000000000015,31.920000000000073,16.4699999999998,118.48000000000002,0.5915766374071585,0.4753156343679414,0.5246843656320587,5.06583761370925,0,2,3,1,False,False
2025-03-06,2241.59,2319.99,2176.9,2202.2,596908.3935,1741305599999,1343407922.359188,3304973.0,304201.8256,684721457.490546,0,-0.01757234819926945,-0.017728574794086408,2256.4840000000004,-3.037999999999556,2287.719,-31.131999999999607,2493.0325000000003,-26.1875,2810.0045999999998,-24.98640000000023,3189.2814000000003,-11.225299999999606,2919.4552500000004,-2.049749999999676,0.07105860642509312,0.056954333351025836,0.04345524095284243,2857.34,1993.2,0.24185895803920632,33.62166986587768,-174.02023671894403,-158.26405733583448,-15.756179383109554,2493.0325000000003,2963.689309503052,2022.3756904969487,0.19103549111816817,947876.9274,0.629731958068969,-10489.082133648546,39.39000000000033,78.39999999999964,25.299999999999727,143.0899999999997,0.27528129149486624,0.5096289965304366,0.4903710034695634,5.536817769676746,0,3,3,1,False,False
2025-03-07,2202.21,2258.47,2101.82,2141.6,782387.2606,1741391999999,1698459492.23933,4452265.0,384442.6282,834995037.361386,0,-0.027517936608845606,-0.027903647473347906,2181.182,-75.30200000000059,2252.309,-35.409999999999854,2465.4605,-27.572000000000116,2786.6756,-23.328999999999724,3174.1645999999996,-15.116800000000694,2916.98145,-2.4738000000002103,0.07123223854980541,0.057102167400189384,0.043278859717279405,2857.34,1993.2,0.17173143240678576,33.92110424453243,-177.0859658074255,-162.0284390301527,-15.057526777272813,2465.4605,2951.152020443316,1979.7689795566844,0.1665985647593806,893913.9662799999,0.8752377634906909,-21529.68304075917,60.61000000000013,56.25999999999976,39.779999999999745,156.64999999999964,0.38691350143632475,0.49137127808698877,0.5086287219130112,5.690615407752972,0,4,3,1,False,False
2025-03-08,2141.6,2234.93,2105.06,2203.58,328793.0979,1741478399999,714743022.410347,2118806.0,165408.6608,359616114.815223,0,0.028940978707508336,0.028530097293870307,2192.096,10.914000000000215,2239.03,-13.278999999999996,2442.569,-22.89150000000018,2761.2746,-25.40099999999984,3160.4125,-13.7520999999997,2915.13525,-1.8462000000004082,0.06988708198856637,0.057750665190286016,0.04280403250485858,2857.34,1993.2,0.24345592149420217,32.32499968417197,-172.52554311825998,-164.12785984777418,-8.3976832704858,2442.569,2932.5124932359286,1952.6255067640714,0.25610554757901777,840484.5547399999,0.3911946936392075,9515.594045499603,61.98000000000002,31.34999999999991,36.539999999999964,129.8699999999999,0.4772464772464778,0.5030782636754372,0.4969217363245629,6.444192452739441,0,5,3,1,False,False
2025-03-09,2203.57,2212.0,1989.66,2020.41,601671.5882,1741564799999,1249766628.544949,2791079.0,283406.499,589074622.734246,0,-0.08312382577442157,-0.08678284940341682,2161.876,-30.2199999999998,2210.299,-28.731000000000222,2406.3869999999997,-36.182000000000244,2735.5286000000006,-25.74599999999964,3144.6945,-15.717999999999847,2912.08375,-3.0515000000000327,0.07431468956200261,0.05933206401614293,0.04375348783575007,2857.34,1989.66,0.03543933247280103,26.627052823656015,-181.598311175258,-167.62195011327094,-13.976361061987063,2406.3869999999997,2909.2957312028043,1903.4782687971951,0.11625541966942972,836893.3225,0.7189346264619049,-50013.24427095632,183.16000000000008,8.429999999999836,30.75,222.33999999999992,0.8237833948007562,0.4710318794474863,0.5289681205525137,4.638874520151391,0,6,3,1,False,False
2025-03-10,2020.43,2152.4,1810.01,1865.1,1248745.3514,1741651199999,2461512870.770777,5261040.0,617411.7094,1216440716.446106,0,-0.07687053617830053,-0.07998579015319479,2086.578,-75.29800000000023,2173.05,-37.248999999999796,2366.0425000000005,-40.34449999999924,2708.5281999999993,-27.000400000001264,3126.3095000000003,-18.384999999999764,2908.2948499999998,-3.7889000000000124,0.07708562641013728,0.060962476834415635,0.04472507282993126,2857.34,1810.01,0.0526004220255315,29.20371011815419,-199.02651052276087,-173.90286219516892,-25.12364832759195,2366.0425000000005,2907.23995414562,1824.8450458543812,0.03719063517137997,832613.9520699999,1.4997891259153617,-95991.72471227832,155.33000000000015,131.97000000000003,55.08999999999992,342.3900000000001,0.45366395046584335,0.4944256318614553,0.5055743681385447,4.213060728595878,0,0,3,1,False,False
2025-03-11,1865.11,1963.2,1754.28,1923.43,1171427.9995,1741737599999,2203451540.611388,4578427.0,576537.0793,1085290919.303633,0,0.03127446249530874,0.030795379592982407,2030.8239999999998,-55.75400000000013,2143.654,-29.396000000000186,2326.4390000000003,-39.60350000000017,2681.3168,-27.21139999999923,3108.4677,-17.84180000000015,2904.0996,-4.19524999999976,0.07849294682996125,0.06147053441827013,0.04488696265709342,2857.34,1754.28,0.15334614617518544,32.110860336732344,-205.75986886598685,-180.2742635293325,-25.485605336654345,2326.4390000000003,2875.8245490943505,1777.0534509056502,0.13321841950124863,905113.6793099999,1.2942330077179043,36635.7810363173,58.320000000000164,39.76999999999998,110.82999999999993,208.92000000000007,0.2791499138426199,0.49216603969350486,0.5078339603064951,3.9084152008951536,0,1,3,1,False,False
2025-03-12,1923.42,1960.0,1829.72,1908.2,788739.6763,1741823999999,1494384669.01818,3444921.0,399364.7041,756917595.001095,0,-0.007918146228352518,-0.00794966121863827,1984.1439999999998,-46.680000000000064,2082.663,-60.990999999999985,2284.947,-41.49200000000019,2652.93,-28.38680000000022,3091.1155,-17.352200000000266,2899.8006,-4.298999999999978,0.05945474240864748,0.061249864442393845,0.044766299183723,2857.34,1754.28,0.13953910032092548,35.29019712929181,-209.90537903385894,-186.2004866302378,-23.70489240362113,2284.947,2828.7625732308875,1741.1314267691127,0.15360774999353974,857319.1694599999,0.9200070456803199,-6245.356093046832,15.220000000000027,36.57999999999993,78.48000000000002,130.27999999999997,0.11682529935523511,0.5063327180058077,0.4936672819941923,4.367627372519436,0,2,3,1,False,False
2025-03-13,1908.2,1923.09,1821.81,1864.59,569537.2622,1741910399999,1069629049.44307,2688683.0,276728.702,519941674.768743,0,-0.02285399853264869,-0.02311919955008724,1916.346,-67.79799999999977,2054.221,-28.442000000000007,2245.0265,-39.920500000000175,2625.3698,-27.560199999999895,3073.6163,-17.499199999999746,2895.3929,-4.4077000000002045,0.041726980224497674,0.06121399216503102,0.04474904563344068,2857.34,1754.28,0.10000362627599581,34.93113884449282,-214.2400621678462,-191.80840173775948,-22.43166043008671,2245.0265,2789.2103029766445,1700.8426970233554,0.1504522020693735,803316.3756500001,0.7089825123248127,-13016.203754607552,43.61000000000013,14.889999999999873,42.77999999999997,101.27999999999997,0.43058846761453534,0.4858834010808292,0.5141165989191708,4.720820178848695,0,3,3,1,False,False
2025-03-14,1864.59,1945.64,1861.31,1911.65,375805.7355,1741996799999,718122712.753679,1728618.0,196808.7418,376032113.705905,0,0.025238792442306535,0.02492555369388252,1894.5940000000003,-21.751999999999725,2028.235,-25.986000000000104,2202.448,-42.578500000000076,2596.8386,-28.5311999999999,3054.3547999999996,-19.261500000000524,2891.5487,-3.8442000000000007,0.042906081013481395,0.060704620765671326,0.04467653412655692,2857.34,1754.28,0.14266676336735998,38.73956663534355,-211.44062516834492,-195.73484642387658,-15.705778744468347,2202.448,2707.788503927295,1697.1074960727046,0.21227519094547218,715114.71548,0.5255181124999663,9484.882956912848,47.06000000000017,33.99000000000001,3.2799999999999727,84.33000000000015,0.5580457725601813,0.5236980791103439,0.47630192088965606,4.599764816521806,0,4,3,1,False,False
2025-03-15,1911.64,1957.19,1903.75,1937.17,209545.8675,1742083199999,404571982.738394,884429.0,103183.2548,199258936.505655,0,0.013349724060366608,0.013261401678778083,1909.0080000000003,14.413999999999987,1997.7930000000001,-30.44199999999978,2158.322,-44.12599999999975,2569.3802,-27.458399999999983,3035.8745,-18.480299999999716,2888.9478999999997,-2.600800000000163,0.0411261101065005,0.060498201278328945,0.04479904318929835,2839.95,1754.28,0.16845818711026384,40.35453669282667,-204.8019708220877,-197.54827130351882,-7.2536995185688795,2158.322,2584.676318062508,1731.9676819374924,0.24064763668281053,667356.22326,0.31399402627337386,2797.3795091151433,25.529999999999973,20.019999999999982,7.8900000000001,53.440000000000055,0.47773203592814273,0.49241369458168865,0.5075863054183114,4.220694068328501,0,5,3,1,False,False
2025-03-16,1937.18,1940.87,1860.38,1887.0,324766.6564,1742169599999,616620264.891675,1466585.0,147750.6179,280566280.649476,0,-0.025898604665568925,-0.02623987877176881,1901.7220000000002,-7.286000000000058,1966.273,-31.52000000000021,2126.996,-31.326000000000022,2540.7448,-28.635400000000118,3014.7557999999995,-21.118700000000445,2885.74125,-3.2066499999996267,0.04129703060536384,0.05659705430907209,0.044821118320406465,2550.58,1754.28,0.16667085269370843,23.74859614824676,-201.26898555567982,-198.29241415395103,-2.9765714017287905,2126.996,2535.1417852236254,1718.8502147763747,0.20599230876719093,640142.04955,0.5073352963272775,-8411.00324266226,50.180000000000064,3.689999999999827,26.61999999999989,80.48999999999978,0.6234314821717009,0.454943926626576,0.545056073373424,4.515811494495529,0,6,3,1,False,False
2025-03-17,1887.01,1952.4,1879.98,1926.31,334840.4877,1742255999999,641484974.278307,1566024.0,166794.9782,319499477.720785,0,0.020832008479067188,0.020617989385469538,1905.3439999999998,3.621999999999616,1944.7440000000001,-21.52899999999977,2098.5265,-28.469500000000153,2514.6187999999997,-26.126000000000204,2994.0566999999996,-20.699099999999817,2882.7347499999996,-3.0065000000004147,0.04242350090439343,0.05708471402440088,0.044974075837439925,2550.58,1754.28,0.21603666959688558,37.234310870611964,-193.0714730471759,-197.248225932596,4.176752885420086,2098.5265,2476.719195761551,1720.333804238449,0.2723164646884378,595387.37226,0.5623909798909513,6975.399878901392,39.299999999999955,26.090000000000146,7.029999999999973,72.42000000000007,0.5426677713338844,0.4981326462212055,0.5018673537787945,4.676925454137666,0,0,3,1,False,False
2025-03-18,1926.3,1936.2,1872.31,1931.54,332896.0155,1742342399999,632109997.551311,1549810.0,156778.6707,297667875.793969,0,0.0027150354823470835,0.002711356431177048,1918.734,13.3900000000001,1917.5399999999997,-27.204000000000406,2078.2850000000003,-20.241499999999633,2489.6008,-25.017999999999574,2973.3306,-20.72609999999986,2879.76245,-2.97229999999945,0.04053785041931667,0.0557852876754921,0.04499643836725615,2550.58,1754.28,0.22260454602536733,35.966502532193346,-184.03146782772524,-194.60487431162187,10.573406483896633,2078.2850000000003,2446.069760023148,1710.5002399768528,0.3005015216090458,595797.66402,0.5587400481798888,903.8244940144647,5.240000000000009,4.660000000000082,53.99000000000001,63.8900000000001,0.0820159649397402,0.4709538816934263,0.5290461183065738,4.655537849175609,0,1,3,1,False,False
2025-03-19,1931.54,2069.9,1927.58,2056.06,691809.5034,1742428799999,1385193898.481618,2614680.0,338168.3696,677189954.262031,0,0.06446669496878132,0.06247391784342425,1947.616,28.882000000000062,1921.105,3.565000000000282,2065.702,-12.583000000000084,2469.1676,-20.433199999999943,2956.7712,-16.55939999999964,2877.4777000000004,-2.2847499999998035,0.0387243830076305,0.05806597223489069,0.04603251196522613,2550.58,1754.28,0.3789777721964084,39.79965472878616,-164.9183985779821,-188.66757916489394,23.749180586911848,2065.702,2417.2994476645586,1714.1045523354421,0.48628829636840915,604811.45554,1.1438432540639045,44598.672232191886,124.51999999999998,13.840000000000146,3.9600000000000364,142.32000000000016,0.8749297358066318,0.4888171786279627,0.5111828213720373,3.7794797370515565,0,2,3,1,False,False
2025-03-20,2056.05,2067.9,1952.17,1983.79,401518.9282,1742515199999,800851703.937569,1885019.0,185718.3372,370117787.131419,0,-0.0351497524391311,-0.03578237356016173,1956.94,9.32400000000007,1932.9740000000002,11.869000000000142,2053.0119999999997,-12.69000000000051,2446.5654,-22.602200000000266,2940.3266,-16.444600000000264,2875.26805,-2.209650000000238,0.03063314341013798,0.05818891199294784,0.046120852106511,2550.58,1754.28,0.2882205199045586,38.410926340588574,-153.829487928434,-181.69996091760197,27.87047298916798,2053.0119999999997,2396.7199555669627,1709.3040444330368,0.3993011379590928,520088.81322,0.7720199281236139,-14113.290925855255,72.26000000000022,11.849999999999909,31.61999999999989,115.73000000000002,0.6243843428670198,0.46253943253079244,0.5374605674692076,4.694720142959377,0,3,3,1,False,False
2025-03-21,1983.79,1996.73,1937.1,1965.75,262641.659,1742601599999,516587945.858554,1470569.0,130673.0391,256964902.673041,0,-0.009093704474767983,-0.009135304596834008,1972.69,15.75,1937.2060000000001,4.231999999999971,2040.4299999999998,-12.58199999999988,2420.9325999999996,-25.632800000000316,2921.6659999999997,-18.66060000000016,2872.40675,-2.8613000000000284,0.029665661995742117,0.0581891926836855,0.045534912895236986,2550.58,1754.28,0.2655657415546905,40.22784106696305,-144.82764069099994,-174.32549687228158,29.497856181281634,2040.4299999999998,2377.1542817749614,1703.7057182250385,0.3891080862859931,429210.17917,0.611918523246332,-2388.3856297087864,18.039999999999964,12.940000000000055,28.65000000000009,59.63000000000011,0.30253228240818264,0.4975335580712274,0.5024664419287727,5.599146021233441,0,4,3,1,False,False
2025-03-22,1965.74,2006.61,1964.34,1980.69,170782.9574,1742687999999,339679365.319319,833146.0,83417.243,165949750.564435,0,0.007600152613506328,0.007571416958698752,1983.566,10.875999999999976,1944.455,7.248999999999796,2013.559,-26.870999999999867,2394.5266,-26.405999999999494,2902.6567999999997,-19.009199999999964,2870.18375,-2.2229999999999563,0.029461311863517654,0.04815579839580269,0.04545063798771575,2523.56,1754.28,0.29431416389351095,36.93049219547093,-134.93265905835483,-166.44692930949623,31.514270251141397,2013.559,2264.670244620305,1762.447755379695,0.43455291090269615,367414.50727999996,0.4648236637805088,1297.97654002595,14.950000000000045,25.919999999999845,1.400000000000091,42.26999999999998,0.35367873196120303,0.4884400895144588,0.5115599104855413,4.878390752120796,0,5,3,1,False,False
2025-03-23,1980.68,2020.74,1976.81,2005.99,268707.5233,1742774399999,537810044.752251,973880.0,141545.4057,283218620.576171,0,0.012773326467039325,0.012692435634265985,1998.4559999999997,14.889999999999645,1958.595,14.1400000000001,2006.4080000000001,-7.15099999999984,2372.2956,-22.231000000000222,2883.6486999999997,-19.008100000000013,2867.9601500000003,-2.2235999999998057,0.02795239538917337,0.03620241632339686,0.04505137897685999,2319.99,1754.28,0.44494528998957084,48.96235104484485,-123.62425283268294,-157.88239401413358,34.25814118145064,2006.4080000000001,2249.288803306393,1763.5271966936073,0.49913949559967297,337331.53339,0.7965680545771523,3432.288919260476,25.309999999999945,14.75,3.8700000000001182,43.930000000000064,0.5761438652401527,0.5267638358676353,0.47323616413236463,3.6243123677363744,0,6,3,1,False,False
2025-03-24,2005.99,2104.11,1977.67,2081.2,477912.8154,1742860799999,985984215.594533,1804046.0,241987.6758,499157615.491606,0,0.03749270933553994,0.03680694595155828,2003.484,5.028000000000247,1975.55,16.954999999999927,2001.8925,-4.515500000000202,2356.526,-15.769600000000082,2865.7578,-17.890899999999874,2866.5220999999997,-1.4380500000006577,0.029054385296922166,0.03721400419138345,0.04428097580529498,2319.99,1754.28,0.5778932668681833,67.57653642190192,-107.3559088913994,-147.77709698958674,40.42118809818734,2001.8925,2235.0109609525034,1768.7740390474962,0.670101286007028,347542.24138,1.375121520487214,17918.246275521757,75.20999999999981,22.91000000000031,28.319999999999936,126.44000000000005,0.5948275862068948,0.5063427219407433,0.4936572780592567,3.7748433226049034,0,0,3,1,False,False
2025-03-25,2081.2,2097.7,2037.08,2066.15,328765.3292,1742947199999,678919919.780749,1398034.0,144848.2928,299282311.765827,0,-0.007231404958677579,-0.007257678306284416,2019.9560000000001,16.472000000000207,1988.4479999999999,12.89799999999991,1993.1204999999998,-8.772000000000162,2340.251,-16.274999999999636,2846.8284000000003,-18.929399999999532,2865.7266999999997,-0.7953999999999724,0.029431351724351587,0.03636856924645975,0.0442625806923162,2319.99,1754.28,0.5512895299711871,62.48731319777413,-94.58719601556322,-137.13911679478204,42.55192077921882,1993.1204999999998,2199.986948194102,1786.254051805898,0.6765136411378729,359464.18755000003,0.9145982842985437,-2377.4352318181463,15.049999999999727,16.5,29.070000000000164,60.61999999999989,0.24826789838336777,0.4405826282000785,0.5594173717999216,4.252376621956766,0,1,3,1,False,False
2025-03-26,2066.16,2079.21,1981.6,2009.52,428975.3286,1743033599999,872757205.466645,1468474.0,181445.0723,369125581.320511,0,-0.027408465019480688,-0.02779108454557782,2028.7099999999998,8.753999999999678,2000.7,12.25200000000018,1983.4864999999998,-9.634000000000015,2325.8176,-14.433400000000347,2827.0612,-19.76720000000023,2864.4064000000003,-1.3202999999994063,0.029621286415171245,0.03663544430723933,0.04387971115717767,2258.47,1754.28,0.5062377278406952,58.26616192931501,-88.02279480497282,-127.3158523968202,39.293057591847386,1983.4864999999998,2165.8502961849044,1801.122703815095,0.5713779284721733,369885.05477,1.159753072117886,-11757.555288153333,56.63999999999987,13.050000000000182,27.920000000000073,97.61000000000013,0.5802684151213995,0.4229732112850464,0.5770267887149536,3.4232131828944534,0,2,3,1,False,False
2025-03-27,2009.52,2037.38,1987.06,2003.66,360634.8383,1743119999999,726385594.534751,1394730.0,154040.2327,310291637.030968,0,-0.002916119272263984,-0.0029203794321743964,2033.304,4.594000000000278,2008.435,7.7349999999999,1976.5895,-6.896999999999707,2310.1258,-15.691800000000057,2808.1677,-18.89350000000013,2862.9382,-1.4682000000002517,0.029312735310543063,0.036211948760400015,0.043720172069618556,2234.93,1754.28,0.5188390720898787,62.09073046895379,-82.34410103821415,-118.321502125099,35.97740108688485,1976.5895,2143.558990623196,1809.620009376804,0.5810642108895527,372464.48983,0.9682395185232309,-1051.6542022164356,5.8599999999999,27.860000000000127,16.600000000000136,50.320000000000164,0.11645468998409939,0.42713630614871184,0.5728636938512881,3.8674300202793246,0,3,3,1,False,False
2025-03-28,2003.67,2015.93,1860.0,1896.9,626167.5832,1743206399999,1197329354.058415,2245087.0,307332.2769,587606938.584515,0,-0.05328249303774091,-0.05475453339943444,2011.486,-21.817999999999984,2004.9710000000002,-3.4639999999997144,1961.2555,-15.33400000000006,2294.3309999999997,-15.794800000000123,2790.8687,-17.298999999999978,2860.6251999999995,-2.3130000000005566,0.03453753176828943,0.03708880162774338,0.04402616353910296,2212.0,1754.28,0.31158787031372914,48.83823506245963,-85.47305491282555,-111.75181268264433,26.27875776981878,1961.2555,2093.082699090409,1829.4283009095911,0.2559096284983494,401791.6466,1.558438530264855,-33363.76989231305,106.76999999999998,12.259999999999991,36.90000000000009,155.93000000000006,0.684730327711152,0.49081473577631224,0.5091852642236878,3.5854411186963535,0,4,3,1,False,False
2025-03-29,1896.9,1913.6,1797.2,1828.08,409769.7555,1743292799999,758545295.871779,1755638.0,199201.1398,368752720.356886,0,-0.03628024671832997,-0.036954739000034896,1960.8619999999999,-50.62400000000025,1982.173,-22.79800000000023,1951.6390000000004,-9.616499999999633,2278.4506,-15.880399999999554,2774.9794,-15.889299999999821,2857.823,-2.8021999999996297,0.027129301799240873,0.03330091420535811,0.044162661596219996,2152.4,1754.28,0.1853712448507986,41.95631977112856,-92.4403771232719,-107.88952557076985,15.449148447497947,1951.6390000000004,2093.011495635211,1810.2665043647896,0.06300198477494241,373587.67181,1.0968503149868434,-14866.54782724975,68.82000000000016,16.699999999999818,30.87999999999988,116.39999999999986,0.591237113402064,0.4861294351920514,0.5138705648079486,4.284449929345749,0,5,3,1,False,False
2025-03-30,1828.09,1849.01,1767.69,1807.74,327843.4476,1743379199999,595676639.883548,1523210.0,164123.1476,298224370.054843,0,-0.01112642772745176,-0.01118878943123005,1909.1800000000003,-51.68199999999956,1964.568,-17.605000000000018,1948.771,-2.868000000000393,2261.9562,-16.49440000000004,2758.3347,-16.644700000000284,2855.15895,-2.664049999999861,0.025819634367311235,0.02870434471960338,0.04414330909177029,2104.11,1754.28,0.15281708258296892,43.88690072191028,-98.46821786224564,-106.00526402906502,7.53704616681938,1948.771,2099.549877607754,1797.992122392246,0.03232507683573792,366220.12374999997,0.895208718305721,-3647.726425640018,20.34999999999991,20.920000000000073,40.049999999999955,81.31999999999994,0.25024594195769706,0.5006143901959137,0.4993856098040863,4.646150506135661,0,6,3,1,False,False
2025-03-31,1807.74,1854.22,1776.75,1822.43,497854.9052,1743465599999,904456573.010415,2283021.0,248408.7865,451323627.204578,0,0.008126168586190419,0.00809332906461524,1871.762,-37.41800000000035,1950.236,-14.33199999999988,1943.721,-5.0499999999999545,2245.8612,-16.095000000000255,2743.1697999999997,-15.164900000000216,2852.4622999999997,-2.696650000000318,0.026376989204251324,0.027779009534425376,0.044187665771715894,2104.11,1767.69,0.16271327507282562,41.671744219606836,-100.89688832312527,-104.98358888787708,4.086700564751808,1943.721,2104.5069735831303,1782.9350264168697,0.12281846700611128,389741.44837,1.2773978936091055,4045.652891117049,14.690000000000055,31.789999999999964,30.99000000000001,77.47000000000003,0.18962178907964436,0.49895819827306587,0.5010418017269341,4.585715589329901,0,0,3,1,False,False
2025-04-01,1822.43,1927.9,1817.88,1904.98,452989.0974,1743551999999,851190042.273377,2141608.0,227293.9134,427068696.66992,0,0.04529666434376067,0.04430073445199792,1852.0260000000003,-19.73599999999965,1942.6650000000002,-7.570999999999913,1943.56,-0.1610000000000582,2230.737,-15.124199999999746,2729.4013,-13.768499999999676,2849.79125,-2.671049999999468,0.031016784916694247,0.029697676180386944,0.04470918804942449,2104.11,1767.69,0.4080910766304023,48.105509429655626,-95.06468554092976,-102.99980821848762,7.935122677557857,1943.56,2104.502107538611,1782.617892461389,0.3801432372483863,417962.06237000006,1.0838043405934588,20518.895096310913,82.54999999999995,22.920000000000073,4.5499999999999545,110.01999999999998,0.7503181239774583,0.5017646444574231,0.498235355542577,4.727725263791305,0,1,4,2,False,False
2025-04-02,1904.98,1957.0,1781.53,1795.22,750840.7823,1743638399999,1411539014.562126,3408080.0,364479.3767,685797603.628611,0,-0.05761740280737859,-0.059343932731742675,1831.69,-20.33600000000024,1921.5879999999997,-21.077000000000453,1940.0915,-3.468499999999949,2214.5896000000002,-16.147399999999834,2713.1282,-16.273099999999886,2846.6784000000002,-3.1128499999999804,0.03469390246920548,0.03205032264840959,0.04525502027024623,2104.11,1767.69,0.08183223351762668,30.994433272128475,-98.16772113276056,-102.03339080134222,3.86566966858166,1940.0915,2110.887841791902,1769.2951582080982,0.07589401950859301,466175.38827,1.6106401178457905,-43261.495797986354,109.75999999999999,52.01999999999998,13.690000000000055,175.47000000000003,0.6255200319142872,0.4854283162184064,0.5145716837815936,4.539018231748492,0,2,4,2,False,False
2025-04-03,1795.21,1845.26,1750.0,1817.23,508075.018,1743724799999,912214691.840036,2579520.0,253462.4464,455404696.427552,0,0.01226033578057284,0.012185786577508531,1829.52,-2.1700000000000728,1895.1910000000003,-26.39699999999948,1935.3705000000002,-4.720999999999776,2196.1688,-18.420800000000327,2696.3687,-16.759500000000116,2844.1840500000003,-2.4943499999999403,0.03159524341982045,0.03161083329126996,0.04454874483466668,2104.11,1750.0,0.18985625935443787,36.90483678218756,-97.72437042969023,-101.17158672701183,3.447216297321603,1935.3705000000002,2114.4937311449635,1756.2472688550367,0.17022563392575896,469191.60852999997,1.082873198844761,6229.17032240059,22.019999999999982,28.029999999999973,45.210000000000036,95.25999999999999,0.23115683392819636,0.4988681541512045,0.5011318458487956,5.077045531886395,0,3,4,2,False,False
2025-04-04,1817.23,1835.68,1758.72,1816.87,572734.4702,1743811199999,1030518559.141754,2647730.0,277397.8197,499272616.797469,0,-0.00019810370729078652,-0.00019812333242212469,1831.346,1.8260000000000218,1870.2630000000001,-24.92800000000011,1929.3555000000001,-6.0150000000001,2178.9888,-17.179999999999836,2679.5674000000004,-16.801299999999628,2841.79,-2.394050000000334,0.03181588025928693,0.03140786635664834,0.04450169689741703,2104.11,1750.0,0.18883962610488228,37.96014750598433,-96.2920657998809,-100.19568254158565,3.9036167417047523,1929.3555000000001,2116.139869060384,1742.571130939616,0.19888941840835817,493588.52263,1.1603480306800584,-113.4608218398445,0.36000000000012733,18.450000000000045,58.149999999999864,76.96000000000004,0.00467775467775633,0.4843393127763589,0.5156606872236411,4.622962538077038,0,4,4,2,False,False
2025-04-05,1816.88,1827.29,1764.39,1806.01,201716.2696,1743897599999,362822603.997079,861593.0,96425.6245,173484839.307568,0,-0.00597731263106327,-0.005995248271208042,1828.062,-3.2840000000001055,1849.9119999999998,-20.35100000000034,1925.306,-4.04950000000008,2160.59,-18.398799999999937,2664.2769999999996,-15.290400000000773,2839.11105,-2.678949999999986,0.0314053419637102,0.0309470040735647,0.044350386586237474,2104.11,1750.0,0.15817118974330002,35.77987626180396,-94.93886911498907,-99.14431985626635,4.205450741277275,1925.306,2119.3282762468853,1731.2837237531148,0.19257138327714265,470862.61673,0.42839729133915777,-1205.7212061710438,10.870000000000118,10.409999999999854,41.61999999999989,62.899999999999864,0.17281399046105153,0.4780260149129786,0.5219739850870214,4.2713113905414,0,5,4,2,False,False
2025-04-06,1806.02,1817.0,1537.5,1580.76,979847.0958,1743983999999,1621420911.803542,3251935.0,453768.9316,751319408.63196,0,-0.12472245447145913,-0.13321424803042528,1763.218,-64.84399999999982,1807.622,-42.289999999999736,1908.0285,-17.277500000000146,2138.3444,-22.245600000000195,2646.7495,-17.52749999999969,2835.1411,-3.9699500000001535,0.04768212261794788,0.04088089005590844,0.04736118159164367,2104.11,1537.5,0.07634881135172338,23.885033470490683,-110.76540881639858,-101.4685376482928,-9.296871168105781,1908.0285,2155.777420208007,1660.2795797919932,-0.16048421063799115,532783.8424799999,1.8391081291786404,-122208.93479490695,225.26,10.980000000000018,43.25999999999999,279.5,0.8059391771019677,0.4631017773538621,0.5368982226461378,3.318818838101413,0,6,4,2,False,False
2025-04-07,1580.77,1639.0,1411.01,1553.04,2168796.0067,1744070399999,3314200223.327178,5723226.0,1076060.067,1645270461.504365,0,-0.017535868822591727,-0.01769144361261582,1714.782,-48.43600000000015,1773.236,-34.38599999999997,1889.1035,-18.924999999999955,2116.1769999999997,-22.16740000000027,2628.2399,-18.509599999999864,2830.5802500000004,-4.560849999999391,0.046429145609903154,0.04082585472300319,0.04737393669852567,2104.11,1411.01,0.20491992497475103,15.554483082461587,-124.11411759879752,-105.99765363839376,-18.116463960403763,1889.1035,2182.846562611961,1595.360437388039,-0.07203648830329124,687046.6848299999,3.1566937947406557,-38031.72227645196,27.730000000000018,58.23000000000002,142.02999999999997,227.99,0.12162814158515732,0.49615549995285785,0.5038445000471421,2.638895489626226,0,0,4,2,False,False
2025-04-08,1553.04,1618.67,1441.3,1473.41,891846.1327,1744156799999,1361139288.977932,3369669.0,449628.1417,686762120.765776,0,-0.051273631071962034,-0.05263485816822717,1646.018,-68.7639999999999,1737.7690000000002,-35.46699999999987,1859.971,-29.132499999999936,2090.7641999999996,-25.41280000000006,2609.4092,-18.83069999999998,2825.1402999999996,-5.439950000000863,0.04729125283005096,0.037801858284189145,0.04736336593554018,2104.11,1411.01,0.09003029865820239,14.346037245560836,-139.51035248416656,-112.70019340754833,-26.810159076618234,1859.971,2196.4563166046764,1523.4856833953236,-0.07440990873036442,735254.3225499999,1.2129763883698232,-45728.18958101589,79.62999999999988,65.63000000000011,32.11000000000013,177.37000000000012,0.4489485256807793,0.504154388536488,0.495845611463512,3.778307576216729,0,1,4,2,False,False
2025-04-09,1473.41,1689.0,1385.05,1669.51,1968530.9138,1744243199999,2995077137.626647,4723847.0,990740.8363,1508747907.727771,0,0.133092621877142,0.12495072793418767,1616.5459999999998,-29.472000000000207,1723.946,-13.82300000000032,1844.257,-15.713999999999942,2070.7146000000002,-20.049599999999373,2592.4859,-16.923299999999927,2820.4258499999996,-4.7144499999999425,0.06789428147551686,0.05001810015184476,0.051511275488264695,2104.11,1385.05,0.3955998108641838,32.48653047769159,-134.33976326348238,-117.02810737873514,-17.31165588474724,1844.257,2185.7126767784566,1502.8013232215435,0.24411466570318657,899323.06917,2.188902944096374,261996.94056384818,196.0999999999999,19.49000000000001,88.36000000000013,303.95000000000005,0.6451719032735643,0.5032894476559172,0.4967105523440828,2.399681390261335,0,2,4,2,False,False
2025-04-10,1669.51,1669.85,1471.02,1522.25,911855.3934,1744329599999,1425649915.894919,3007121.0,454828.2592,711164539.487151,0,-0.08820552138052484,-0.09234066669439746,1559.794,-56.751999999999725,1693.9279999999999,-30.01800000000003,1822.0819999999999,-22.175000000000182,2046.8496000000002,-23.86500000000001,2574.3306,-18.155300000000352,2815.1321,-5.293749999999818,0.07237623655166515,0.05318683793596925,0.0526118895529595,2104.11,1385.05,0.19080466164158766,28.35600794885397,-140.50503081692386,-121.7234920663729,-18.781538750550965,1822.0819999999999,2187.106944416596,1457.0570555834038,0.08929930051875132,940723.1179899998,0.9693132612158185,-80430.68039849059,147.26,0.33999999999991815,51.23000000000002,198.82999999999993,0.7406327013026206,0.4987942852474661,0.501205714752534,3.2978046977245636,0,3,4,2,False,False
2025-04-11,1522.24,1591.47,1504.63,1566.85,578484.3183,1744415999999,901210974.608363,2547292.0,305707.1748,476514872.298804,0,0.029298735424535982,0.028877730971497012,1557.012,-2.782000000000153,1660.1149999999998,-33.8130000000001,1801.3899999999999,-20.692000000000007,2023.4258,-23.423800000000256,2556.3953,-17.935299999999643,2809.7315,-5.40059999999994,0.07104799417068935,0.053811520221450346,0.05284534185288756,2104.11,1385.05,0.25283008372041266,34.28258488499452,-140.17633695347286,-125.4140610437929,-14.762275909679957,1801.3899999999999,2175.3669051693214,1427.4130948306786,0.1864244867021802,953272.64008,0.6068403665203826,16948.85898911476,44.6099999999999,24.62000000000012,17.6099999999999,86.83999999999992,0.5137033625057571,0.5284623370576162,0.47153766294238375,4.403389892202718,0,4,4,2,False,False
2025-04-12,1566.85,1669.59,1546.06,1644.18,501867.9033,1744502399999,813176435.313973,2177800.0,266899.4092,432987094.823904,0,0.04935379902351866,0.04817454521355104,1575.24,18.228000000000065,1645.011,-15.103999999999814,1783.2994999999999,-18.09050000000002,2003.0494,-20.376399999999876,2538.2804,-18.114900000000034,2804.6864,-5.04509999999982,0.07230946129221766,0.05523878217035479,0.05343262174584566,2104.11,1385.05,0.36037326509609774,41.3128507454226,-132.15258720913403,-126.76176627686114,-5.390820932272888,1783.2994999999999,2150.5474291318096,1416.05157086819,0.3105918523095768,928375.35218,0.5405872766026367,24769.0876358229,77.33000000000015,25.409999999999854,20.789999999999964,123.52999999999997,0.6260017809439017,0.5318120713538765,0.4681879286461235,4.339388882373263,0,5,4,2,False,False
2025-04-13,1644.19,1649.75,1562.01,1597.76,580136.6145,1744588799999,931598664.291855,2597350.0,281372.538,452135764.611083,0,-0.02823291853689991,-0.028639131361487033,1600.1100000000001,24.87000000000012,1623.0639999999999,-21.947000000000116,1759.1275,-24.171999999999798,1979.7402,-23.309200000000146,2518.1679,-20.112500000000182,2799.7754499999996,-4.910950000000412,0.07228275612900645,0.05430941244685674,0.05309091298375209,2097.7,1385.05,0.29847751350592866,40.3193980858244,-128.0631811449466,-127.02204925047823,-1.0411318944683785,1759.1275,2106.9423126064285,1411.3126873935714,0.268026699623923,935581.51183,0.6200813153791926,-16378.949777451407,46.430000000000064,5.559999999999945,35.75,87.74000000000001,0.5291771142010492,0.48501082498043224,0.5149891750195678,4.477135100735828,0,6,4,2,False,False
2025-04-14,1597.76,1691.5,1595.56,1623.77,645930.1419,1744675199999,1062426756.849636,2975844.0,332185.1295,546536662.981744,0,0.016279040656919763,0.016147957763760806,1590.962,-9.148000000000138,1603.754,-19.309999999999945,1737.0085,-22.119000000000142,1955.8218000000002,-23.918399999999792,2497.8368,-20.33109999999988,2794.7330000000006,-5.042449999999008,0.07272859343244144,0.05466516179137236,0.0530463139611597,2079.21,1385.05,0.3438976604817333,40.935885970835685,-121.3249492582479,-125.88262925203216,4.557679993784262,1737.0085,2057.8317067518656,1416.185293248134,0.3235188452442877,942901.0789999999,0.6850455008334974,10515.123041520053,26.00999999999999,67.73000000000002,2.2000000000000455,95.94000000000005,0.2711069418386489,0.5142740800466119,0.48572591995338815,4.6070678653369095,0,0,4,2,False,False
2025-04-15,1623.78,1661.21,1583.12,1588.78,476178.8915,1744761599999,774210116.710625,2283302.0,232389.8503,377978352.554607,0,-0.02154861833880417,-0.021784179981145808,1604.268,13.30600000000004,1582.031,-21.722999999999956,1715.9715,-21.036999999999807,1937.3270000000002,-18.49479999999994,2477.3647,-20.472099999999955,2789.20475,-5.528250000000753,0.07282825007693627,0.05458571435270251,0.05112448498621956,2037.38,1385.05,0.31231125350666067,34.91843937804063,-117.45431231843259,-124.19696586531225,6.742653546879666,1715.9715,2016.0640578814207,1415.8789421185795,0.28807954969303345,970347.3411899998,0.4907303511709848,-10260.997193928342,35.0,37.430000000000064,5.660000000000082,78.09000000000015,0.4482007939556913,0.48803055836421927,0.5119694416357807,4.795050853277901,0,1,4,2,False,False
2025-04-16,1588.77,1613.66,1538.07,1577.14,611387.8686,1744847999999,965271509.893183,2645419.0,311107.7903,491272640.364742,0,-0.007326376213194985,-0.007353345914930207,1606.3259999999998,2.0579999999997654,1581.6689999999999,-0.36200000000008004,1694.6455,-21.326000000000022,1918.9558000000002,-18.371200000000044,2456.2616,-21.103100000000268,2783.7144,-5.490350000000035,0.060814256733700105,0.05456338697298851,0.05112442505824808,2015.93,1385.05,0.30447945726604125,38.52427961017913,-114.0117983363159,-122.159932359513,8.148134023197088,1694.6455,1968.094187573764,1421.1968124262362,0.285141590836302,933501.4184700001,0.6549404816138993,-4479.2575375470215,11.629999999999882,24.8900000000001,39.070000000000164,75.59000000000015,0.15385633020240586,0.5088550268627295,0.49114497313727046,4.32690790227433,0,2,4,2,False,False
2025-04-17,1577.15,1616.96,1563.2,1583.62,449870.3628,1744934399999,716711483.143345,1871114.0,226961.4241,361610704.821231,0,0.004108703095476507,0.0041002854241772085,1594.214,-12.111999999999853,1584.727,3.05800000000022,1678.9814999999999,-15.664000000000215,1903.9008,-15.055000000000291,2438.2847,-17.97689999999966,2778.3444,-5.369999999999891,0.060449899383580856,0.053696174997497195,0.05050489598477698,1957.0,1385.05,0.3471806976134276,37.50280853795538,-109.49846916700699,-119.6276397210118,10.129170554004816,1678.9814999999999,1939.2202318780548,1418.742768121945,0.3167807318460856,761608.8540800001,0.5906842605492415,1848.3837521994992,6.4699999999998,33.340000000000146,13.950000000000045,53.75999999999999,0.12034970238094868,0.504504059096911,0.49549594090308896,4.159229312982873,0,3,4,2,False,False
2025-04-18,1583.63,1600.64,1573.54,1588.6,200409.0359,1745020799999,317931022.839473,889028.0,99073.5374,157166748.966902,0,0.003144693802806131,0.003139759594925102,1592.382,-1.83199999999988,1596.2459999999999,11.518999999999778,1667.0075000000002,-11.973999999999705,1889.5184,-14.382399999999961,2420.8978,-17.38689999999997,2773.27625,-5.06815000000006,0.057334895824261614,0.053310600639638855,0.05051593030955113,1957.0,1385.05,0.35588775242591125,37.84854195279312,-104.3172743002608,-116.5655666368616,12.248292336600798,1667.0075000000002,1920.3060996491793,1413.708900350821,0.3452271348744222,692465.1443999999,0.28941389688812186,630.2250532210815,4.9699999999998,12.040000000000191,10.090000000000146,27.100000000000136,0.18339483394833117,0.4943566389363585,0.5056433610636415,4.436067445799234,0,4,4,2,False,False
2025-04-19,1588.6,1631.81,1585.01,1613.27,223096.3899,1745107199999,358254845.712294,1762563.0,119856.3027,192451022.067047,0,0.015529396953292363,0.015410049874644342,1590.282,-2.1000000000001364,1590.6219999999998,-5.624000000000024,1657.284,-9.723500000000058,1877.032,-12.486400000000003,2404.8385,-16.05930000000035,2769.10365,-4.172599999999875,0.03778052531889553,0.05349909434719129,0.050484166491300934,1957.0,1385.05,0.39902089343474084,39.88857178830738,-97.10115553799233,-112.67268441708775,15.571528879095425,1657.284,1902.6417457209936,1411.9262542790066,0.41030647948231014,517921.69201000006,0.4307531299455448,3464.552397603585,24.670000000000073,18.539999999999964,3.589999999999918,46.799999999999955,0.5271367521367541,0.5372399918874706,0.4627600081125293,7.90045504900391,0,5,4,2,False,False
2025-04-20,1613.26,1619.19,1565.59,1587.36,276052.2306,1745193599999,438377495.975152,1913811.0,138393.3947,219774032.482756,0,-0.01606054783142319,-0.016190916172083583,1589.998,-0.2839999999998781,1597.133,6.511000000000195,1645.5305,-11.753500000000031,1864.4314,-12.600599999999986,2388.0416999999998,-16.796800000000076,2765.2199500000006,-3.8836999999994077,0.024041115440062624,0.053476606641486464,0.05050467417752583,1957.0,1385.05,0.3537197307456944,50.43781675378777,-92.40782994888764,-108.61971352344773,16.21188357456009,1645.5305,1879.8515933718347,1411.2094066281654,0.3758743842414311,454341.37572999997,0.6075876980309377,-4433.550053522365,25.90000000000009,5.930000000000064,21.769999999999982,53.600000000000136,0.4832089552238811,0.5013304706837606,0.4986695293162395,6.93278585664868,0,6,4,2,False,False
2025-04-21,1587.36,1658.75,1564.07,1579.57,691486.6667,1745279999999,1117358203.868595,4257816.0,349723.7779,565324291.159292,0,-0.0049075194032859315,-0.004919600819362497,1590.484,0.4859999999998763,1598.405,1.2719999999999345,1629.2599999999998,-16.27050000000031,1845.6606,-18.77080000000001,2371.0091,-17.032599999999547,2761.3688,-3.851150000000416,0.022497377336205746,0.05212714615638309,0.04622580392783779,1957.0,1385.05,0.3400996590611067,51.80768863874845,-88.29906682410297,-104.55558418357879,16.256517359475822,1629.2599999999998,1830.5962944246671,1427.9237055753324,0.3765994970206626,465641.61057,1.4850190597303774,-3393.4842339437614,7.789999999999964,71.3900000000001,15.5,94.68000000000006,0.08227714406421587,0.505756357630142,0.49424364236985796,6.157480982705983,0,0,4,2,False,False
2025-04-22,1579.57,1778.0,1537.26,1756.26,1103036.9586,1745366399999,1833852783.080129,3841594.0,570956.5969,949980453.538352,0,0.11185955671480219,0.10603388993379359,1625.012,34.52800000000002,1609.6129999999998,11.207999999999856,1627.312,-1.9479999999998654,1837.8056,-7.855000000000018,2355.8987,-15.110400000000027,2758.07805,-3.2907500000001164,0.03959797453767799,0.057172401596942174,0.04486707998825076,1845.26,1385.05,0.8066100258577606,67.02131500716116,-69.97876446908231,-97.6402202406795,27.66145577159719,1627.312,1822.548874062532,1432.0751259374679,0.8302347484796843,525758.5161,2.0979916155845983,123385.22522903961,176.69000000000005,21.74000000000001,42.309999999999945,240.74,0.7339453352164163,0.5176223629212491,0.4823776370787509,3.4827427767024597,0,1,4,2,False,False
2025-04-23,1756.25,1834.86,1744.95,1795.07,887545.6316,1745452799999,1590311895.515477,3346263.0,465865.2367,834633411.499644,0,0.022098094815118374,0.021857470360468853,1666.3059999999998,41.29399999999987,1629.3439999999998,19.730999999999995,1626.204,-1.1079999999999472,1830.2767999999999,-7.528800000000047,2342.4743,-13.424400000000333,2754.9801,-3.097949999999855,0.037736847057391894,0.05732151450095224,0.0449685659228214,1835.68,1385.05,0.909881721145951,59.3203479913299,-51.731818014646706,-88.45853979547294,36.72672178082624,1626.204,1817.1061089900968,1435.301891009903,0.9422842704392543,556499.41781,1.5948725249215367,19613.067519840923,38.819999999999936,39.789999999999964,11.299999999999955,89.90999999999985,0.4317650984317651,0.5248915887965935,0.4751084112034065,3.770243332692214,0,2,4,2,False,False
2025-04-24,1795.08,1802.82,1722.9,1769.65,483465.0385,1745539199999,851507192.04646,2225460.0,228156.9812,401904077.519877,0,-0.014161007648726742,-0.014262231474765616,1697.5819999999999,31.276000000000067,1643.932,14.588000000000193,1623.843,-2.3609999999998763,1820.838,-9.438799999999901,2327.9145000000003,-14.55979999999954,2751.6282,-3.3519000000001142,0.03859964480578845,0.057421033948430907,0.04470800235366163,1834.86,1385.05,0.8550276783530828,72.41998042556278,-38.874047225391905,-78.54164128145673,39.66759405606483,1623.843,1805.773534586038,1441.912465413962,0.9007216279877567,540252.90747,0.8948865092907374,-6846.352108090469,25.429999999999836,7.740000000000009,46.75,79.91999999999985,0.3181931931931918,0.4719203314222689,0.5280796685777311,4.603145672962658,0,3,4,2,False,False
2025-04-25,1769.64,1827.32,1738.6,1784.6,595610.8894,1745625599999,1063192910.339053,2516748.0,310119.5698,553732398.650821,0,0.008447998191732697,0.008412513564324264,1737.03,39.44800000000009,1663.514,19.58199999999988,1622.7725,-1.0705000000000382,1812.486,-8.351999999999862,2311.2453,-16.669200000000274,2748.4376499999994,-3.1905500000007123,0.037073626042523976,0.05742941703249486,0.044695115745900175,1834.86,1385.05,0.8882639336608791,70.8536842306882,-27.16469350474631,-68.26625172611465,41.101558221368336,1622.7725,1800.390656359213,1445.1543436407871,0.9555488676301814,552196.10726,1.0786220358477796,5031.719716627504,14.959999999999809,42.72000000000003,31.04000000000019,88.72000000000003,0.16862037871956498,0.5206747816723177,0.4793252183276822,4.225490240004333,0,4,4,2,False,False
2025-04-26,1784.6,1841.16,1778.94,1820.88,355068.0442,1745711999999,640645562.865216,1907298.0,184308.0796,332672166.455174,0,0.02032948559901393,0.020125600231878177,1785.292,48.261999999999944,1687.8880000000001,24.37400000000025,1634.7785,12.005999999999858,1806.0715999999998,-6.414400000000342,2296.3736,-14.871700000000146,2745.3376000000003,-3.1000499999991007,0.036475797032747205,0.04930632576861876,0.04467642095020738,1841.16,1385.05,0.9555370415031462,68.36645601197407,-14.786998213588049,-57.57040102360933,42.78340281002128,1634.7785,1831.8372118789553,1437.7197881210445,0.9721981033609778,526564.12482,0.6743111189380324,7218.350691233942,36.2800000000002,20.279999999999973,5.6599999999998545,62.22000000000003,0.5830922532947634,0.5190781953224277,0.4809218046775723,5.3716408197119305,0,5,4,2,False,False
2025-04-27,1820.87,1857.47,1781.9,1791.29,340332.6435,1745798399999,616122293.308254,2405764.0,164744.7128,298455924.453593,0,-0.01625038442950666,-0.016383870030276824,1792.298,7.0060000000000855,1708.655,20.766999999999825,1646.691,11.912500000000136,1797.8258,-8.24579999999969,2279.5501999999997,-16.82340000000022,2742.4417,-2.895900000000438,0.03770124401206007,0.0492718174450013,0.044489051639730784,1857.47,1385.05,0.8599127894669996,70.84509166110166,-7.281316738024316,-47.512584166492324,40.23126742846801,1646.691,1851.5936263118617,1441.7883736881383,0.8528480883888729,515610.35289000004,0.6600578161249728,-5530.53629078524,29.579999999999927,36.600000000000136,9.389999999999873,75.56999999999994,0.3914251687177445,0.48406967696591235,0.5159303230340877,7.068860557303549,0,6,4,2,False,False
2025-04-28,1791.29,1827.98,1744.71,1799.88,587269.743,1745884799999,1049690759.152374,2980656.0,282424.4021,504906960.405928,0,0.004795426759486299,0.004783965327616204,1793.2599999999998,0.9619999999997617,1729.7830000000001,21.128000000000156,1663.0145,16.323499999999967,1793.4152000000001,-4.410599999999931,2264.4719,-15.078299999999672,2739.5086499999998,-2.933050000000094,0.03765687165121619,0.04725907599162244,0.04297595534047011,1857.47,1385.05,0.8780957622454597,69.70836410841784,-0.6325769296706767,-38.13658271912799,37.50400578945732,1663.0145,1861.715858295422,1464.313141704578,0.8444000110872755,554296.4236000001,1.0594867980310019,2816.2090406188418,8.590000000000146,28.09999999999991,46.57999999999993,83.26999999999998,0.10315840038429383,0.48091086841502745,0.5190891315849725,5.075446224717217,0,0,4,2,False,False
2025-04-29,1799.88,1842.99,1780.47,1797.81,480456.3884,1745971199999,871685371.749142,2590967.0,247137.1213,448518545.933271,0,-0.001150076671778244,-0.0011507385174512378,1798.8920000000003,5.632000000000517,1748.2369999999999,18.453999999999724,1669.4294999999997,6.414999999999736,1792.0694,-1.3458000000000538,2250.2988,-14.173099999999977,2736.3001999999997,-3.2084500000000844,0.03790920754467541,0.037554889160063006,0.04157367519779468,1857.47,1471.02,0.8456203907361882,75.25309879913982,4.418630349577143,-29.625540105386968,34.04417045496411,1669.4294999999997,1877.095822584607,1461.7631774153924,0.8091028395990773,580032.4234499999,0.8283267779105739,-552.5616841056673,2.0700000000001637,43.1099999999999,17.339999999999918,62.51999999999998,0.0331094049904057,0.5143799255599616,0.4856200744400384,5.39272046861184,0,1,4,2,False,False
2025-04-30,1797.81,1816.8,1731.7,1793.61,473523.9877,1746057599999,843558998.326332,2468998.0,224863.7757,400751136.051079,0,-0.0023361756804112233,-0.002338908796338469,1800.694,1.8019999999996799,1768.8619999999999,20.625,1682.9975,13.568000000000211,1789.4730000000002,-2.5963999999999032,2235.3949,-14.903900000000249,2732.88625,-3.4139499999996588,0.03703900264898168,0.030696370322123405,0.0413304834413073,1857.47,1504.63,0.819011449948985,76.63066210663578,7.9907314333231625,-22.102285797644942,30.093017230968105,1682.9975,1885.5716507773943,1480.4233492226056,0.7730173113783662,599779.59916,0.7894966557101596,-1106.2352241560832,4.2000000000000455,18.99000000000001,61.909999999999854,85.09999999999991,0.04935370152761516,0.47487304031250455,0.5251269596874955,5.214092768546771,0,2,4,2,False,False
2025-05-01,1793.62,1873.17,1792.52,1838.11,537198.7291,1746143999999,988206595.824892,2398765.0,284534.1382,523485516.257833,0,0.02481029878290153,0.02450752110385425,1804.14,3.44600000000014,1794.716,25.854000000000042,1696.5605,13.563000000000102,1788.0712000000003,-1.4017999999998665,2220.5006,-14.89429999999993,2729.7322500000005,-3.1539999999995416,0.03664401446667268,0.030553641630794815,0.041470557266263045,1873.17,1537.26,0.895626804798904,78.62976712791087,14.248181211946758,-14.832192395726604,29.080373607673362,1696.5605,1902.6840744300348,1490.4369255699653,0.8433607737285929,584350.8054000001,0.9193086141676086,13328.060974765978,44.49000000000001,35.06000000000017,1.099999999999909,80.65000000000009,0.551642901425914,0.5296627165829235,0.47033728341707653,4.4653214351768655,0,3,5,2,False,False
2025-05-02,1838.1,1871.0,1813.0,1842.2,410667.875,1746230399999,755324594.318921,2062923.0,214203.7089,394103918.039345,0,0.002225111663611168,0.0022226397688022595,1814.3220000000001,10.182000000000016,1803.31,8.594000000000051,1706.4615000000001,9.901000000000067,1787.6234,-0.44780000000037035,2206.4966,-14.003999999999905,2725.7943,-3.9379500000004555,0.014335815779454664,0.029010456205622103,0.04133883058110501,1873.17,1537.26,0.907802685243071,78.58688790693478,19.31463695061825,-8.002826526457634,27.317463477075883,1706.4615000000001,1920.848979433663,1492.0740205663371,0.8165728249582805,515113.89704,0.797237033129608,913.7818785329131,4.100000000000136,28.799999999999955,25.09999999999991,58.0,0.07068965517241614,0.5215984057676778,0.47840159423232215,5.02333668052316,0,4,5,2,False,False
2025-05-03,1842.2,1848.6,1810.0,1833.52,213751.5979,1746316799999,391267436.332057,1135719.0,102337.2203,187310371.211181,0,-0.0047117576810336015,-0.0047228930029837345,1821.05,6.727999999999838,1807.155,3.8450000000000273,1718.2495,11.787999999999784,1786.0608000000002,-1.5625999999997475,2191.4497,-15.046899999999823,2721.92485,-3.8694500000001426,0.01322182440644337,0.028005470121519292,0.04119114517363421,1873.17,1537.26,0.881962430412908,75.75601655869211,22.371550854698626,-1.9279510502263815,24.29950190492501,1718.2495,1933.3960431037603,1503.1029568962394,0.7678883386576368,447734.49366999994,0.4774070368086144,-1007.1457332385309,8.680000000000064,6.399999999999864,23.519999999999982,38.59999999999991,0.22487046632124572,0.47876704223692734,0.5212329577630727,5.313265543546143,0,5,5,2,False,False
2025-05-04,1833.52,1849.95,1803.0,1808.86,238254.3564,1746403199999,435999576.565349,1443996.0,115191.4115,210878994.455424,0,-0.013449539683232259,-0.013540803974340185,1823.2599999999998,2.209999999999809,1811.0760000000002,3.9210000000002765,1727.5040000000001,9.254500000000235,1783.4946000000002,-2.5661999999999807,2176.4374,-15.012300000000323,2717.91365,-4.011199999999917,0.013125568016906142,0.028289015900293178,0.0411881651900982,1873.17,1537.26,0.8085499092018691,75.97813848752108,22.544442935049574,2.9665277468288096,19.577915188220764,1727.5040000000001,1941.4588096309944,1513.5491903690058,0.6901242606798923,423213.42545999994,0.5629650244224557,-3204.4114211047618,24.660000000000082,16.430000000000064,5.8599999999999,46.950000000000045,0.5252396166134198,0.48348081957673705,0.516519180423263,6.060732831158424,0,6,5,2,False,False
2025-05-05,1808.86,1833.55,1781.85,1820.19,342341.0078,1746489599999,619310042.705,1961255.0,174628.629,315946281.030022,0,0.0062636135466538345,0.006244078649583546,1828.5759999999998,5.316000000000031,1814.6349999999998,3.5589999999995143,1739.0745,11.57049999999981,1782.1584,-1.33620000000019,2161.4516,-14.985799999999927,2713.9856000000004,-3.92804999999953,0.013029170236855013,0.027549219750178128,0.04103494640883136,1873.17,1537.26,0.8422791819237295,77.98818219885541,23.32680062837244,7.038582323137536,16.288218305234903,1739.0745,1946.3667953833249,1531.782204616675,0.6956548839646967,397886.4373,0.8603987864554438,2144.2917740312064,11.330000000000155,13.3599999999999,27.00999999999999,51.700000000000045,0.21914893617021555,0.5101014048016714,0.4898985951983285,5.728951411937743,0,0,5,2,False,False
2025-05-06,1820.19,1820.9,1752.0,1817.0,384584.2451,1746575999999,687049952.313885,2333041.0,187697.5461,335412217.286639,0,-0.0017525642927387342,-0.0017541018302236297,1824.354,-4.221999999999753,1814.2469999999998,-0.38799999999991996,1751.0674999999999,11.992999999999938,1779.9722,-2.186200000000099,2147.2954999999997,-14.156100000000151,2709.8597500000005,-4.1258499999999,0.01135050923303511,0.027422832518117654,0.04092624787358593,1873.17,1537.26,0.8327825905748562,61.84662193789979,23.419453514840598,10.314756561478148,13.104696953362449,1751.0674999999999,1946.3168223791008,1555.818177620899,0.6688418151638548,400838.05739,0.9594504264494386,-674.0086155121414,3.1900000000000546,0.7100000000000364,65.0,68.90000000000009,0.046298984034833825,0.4880531339789925,0.5119468660210075,6.0663977521839465,0,1,5,2,False,False
2025-05-07,1817.0,1850.0,1787.01,1811.11,456170.0705,1746662399999,831394497.734043,2408512.0,237181.4755,432215626.276345,0,-0.003241607044578987,-0.003246872434657581,1818.136,-6.218000000000075,1816.229,1.9820000000001983,1762.4419999999998,11.374499999999898,1777.5636,-2.4085999999999785,2133.5822,-13.71329999999989,2705.6743,-4.185450000000401,0.009961398760840182,0.027518936134882738,0.040925811069804745,1873.17,1537.26,0.8152481319401025,53.5893304690297,22.75529889865652,12.802865028913823,9.952433869742697,1762.4419999999998,1942.5354064780452,1582.3485935219544,0.6351187723964039,412421.80009000003,1.1060765226291458,-1478.724114058893,5.8900000000001,33.0,24.09999999999991,62.99000000000001,0.09350690585807428,0.5199408966923884,0.48005910330761165,5.279855377973553,0,2,5,2,False,False
2025-05-08,1811.11,2226.0,1808.71,2207.39,1473152.686,1746748799999,2976074419.323541,5616063.0,774940.4643,1564609175.673035,0,0.2188050422116823,0.1978709051504642,1892.9099999999999,74.77399999999989,1856.98,40.750999999999976,1793.3815,30.93950000000018,1780.5901999999999,3.0265999999999167,2124.8788999999997,-8.703300000000127,2702.9767000000006,-2.697599999999511,0.06966228467921821,0.05471342408653123,0.050600377768259285,2226.0,1537.26,0.9729796439875713,86.82820124516229,53.58770996690396,20.95983401651185,32.62787595039211,1793.3815,2045.8107063572072,1540.9522936427927,1.3200487296508496,501010.09439000004,2.940365279054153,322333.2356444831,396.28,18.610000000000127,2.3999999999998636,417.28999999999996,0.9496513216228523,0.5260421894244844,0.4739578105755156,3.8122748940906455,0,3,5,2,False,False
2025-05-09,2207.39,2490.77,2184.33,2345.04,1667041.0382,1746835199999,3881949928.351723,6885286.0,816968.732,1901989668.677011,0,0.06235871323146336,0.060491637192219526,2000.146,107.2360000000001,1911.703,54.722999999999956,1829.97,36.58850000000007,1787.8152000000002,7.225000000000364,2117.1903,-7.6885999999994965,2701.3684,-1.6083000000007814,0.07015513509258774,0.05560335985175854,0.05099262199123852,2490.77,1537.26,0.8471646862644335,89.08228730822866,88.11409801220407,34.3906868156503,53.72341119655377,1829.97,2169.562627965398,1490.377372034602,1.258364519109175,619668.55937,2.690214007137678,103954.53404619476,137.6500000000001,145.73000000000002,23.059999999999945,306.44000000000005,0.44919070617412893,0.49007115798548545,0.5099288420145145,4.130243852565525,0,4,5,2,False,False
2025-05-10,2345.04,2600.0,2317.0,2583.23,979350.1606,1746921599999,2393510879.665205,4862978.0,508011.2632,1242333639.703975,0,0.1015718281990925,0.09673809457506417,2152.754,152.60799999999995,1990.6650000000002,78.96200000000022,1879.7635000000002,49.79350000000022,1800.1648,12.349599999999782,2110.5487000000003,-6.641599999999926,2701.1704999999997,-0.19790000000011787,0.07266521045494216,0.05774624375352431,0.052758693190305996,2600.0,1537.26,0.984220035003858,91.4812114352874,133.1614493523998,54.144839323000205,79.0166100293996,1879.7635000000002,2340.138207626439,1419.3887923735613,1.2640151471687848,670251.17666,1.4611688792257016,99474.38625921684,238.19000000000005,16.769999999999982,28.039999999999964,283.0,0.8416607773851592,0.5187228058335809,0.4812771941664192,4.965515089128786,0,5,5,2,False,False
2025-05-11,2583.22,2608.13,2435.51,2514.57,831584.3888,1747007999999,2087255708.689512,4340859.0,402700.0972,1010999635.269731,0,-0.02657912768123627,-0.02693873911823869,2292.268,139.51400000000012,2058.311,67.64599999999996,1926.5135000000002,46.75,1810.8424000000002,10.677600000000211,2102.6845,-7.864200000000437,2701.1203000000005,-0.0501999999992222,0.07556224351517783,0.05855596915821508,0.05296886323346864,2608.13,1537.26,0.9126317853707734,87.75026618509779,161.46029784568827,75.60793102753783,85.85236681815044,1926.5135000000002,2444.787973970596,1408.2390260294046,1.067321496170544,699689.74263,1.1885044729600196,-22102.787647638022,68.64999999999964,24.91000000000031,79.05999999999995,172.6199999999999,0.3976943575483703,0.4842564418279999,0.5157435581720001,5.2199861595093,0,6,5,2,False,False
2025-05-12,2514.58,2624.0,2406.63,2495.47,1068680.9433,1747094399999,2694150708.642761,5441783.0,534397.3204,1347640836.766131,0,-0.007595732073475969,-0.007624726562569799,2429.1400000000003,136.8720000000003,2123.638,65.32699999999977,1963.4739999999997,36.960499999999456,1820.6319999999998,9.78959999999961,2096.4638,-6.220699999999852,2700.91855,-0.20175000000062937,0.07608527113477241,0.05522720945193206,0.05299478848421031,2624.0,1722.9,0.8573632227277769,85.9110574192815,180.26811022253037,96.53996686653635,83.72814335599402,1963.4739999999997,2533.4774566248116,1393.4705433751876,0.9666603279479504,765491.04946,1.3960724218184903,-8117.414117336363,19.110000000000127,109.42000000000007,88.83999999999969,217.3699999999999,0.0879146156323326,0.5000531952500477,0.49994680474995234,5.092055804042146,0,0,5,2,False,False
2025-05-13,2495.48,2738.5,2415.3,2679.71,1031355.6465,1747180799999,2653880363.305381,4666012.0,569632.7662,1468803335.988289,0,0.0738297795605638,0.07123149149621383,2523.6040000000003,94.46399999999994,2208.257,84.61900000000014,2007.7060000000001,44.232000000000426,1832.6022,11.970200000000204,2094.5641,-1.8996999999999389,2702.1139999999996,1.1954499999997097,0.07579395913635267,0.056573787809499045,0.053684487915010085,2738.5,1722.9,0.9421130366285939,88.3214850607477,207.64644629871668,118.76126275297241,88.88518354574427,2007.7060000000001,2654.771997070032,1360.6400029299687,1.0192700613560979,847251.4543200001,1.2172958113453591,76144.76002963776,184.23000000000002,58.789999999999964,80.17999999999984,323.1999999999998,0.570018564356436,0.5523145853063403,0.44768541469365974,4.524154219579385,0,1,5,2,False,False
2025-05-14,2679.71,2725.99,2547.26,2609.74,830047.1122,1747267199999,2183890526.340228,4181188.0,413256.8419,1088633834.584732,0,-0.026111034402976574,-0.02645798019825446,2576.544,52.9399999999996,2288.345,80.08799999999974,2049.7105,42.00450000000001,1843.474,10.871799999999894,2091.8625,-2.701599999999871,2702.7501499999994,0.6361499999998159,0.07690265000994002,0.05703271406450849,0.05384858205862472,2738.5,1731.7,0.872109654350417,83.54611444966002,221.14871591625615,139.23875338562917,81.90996253062698,2049.7105,2739.376344227266,1360.0446557727341,0.9060151047696751,906430.7299,0.9157314340959878,-21673.388702745557,69.97000000000025,46.279999999999745,62.47999999999956,178.72999999999956,0.39148436188664704,0.49787154948914,0.5021284505108601,5.0372899785386425,0,2,5,2,False,False
2025-05-15,2609.75,2647.03,2476.03,2548.69,768954.0332,1747353599999,1963827790.236602,4305508.0,396304.5157,1012773316.797603,0,-0.02339313494830897,-0.023671097836287125,2569.636,-6.907999999999902,2361.1949999999997,72.84999999999991,2087.915,38.204499999999825,1854.2574,10.783400000000029,2090.0375,-1.8250000000002728,2702.9546,0.20445000000063374,0.0788840312364257,0.05784062014000505,0.05380065600334386,2738.5,1731.7,0.8114719904648391,78.81555256370743,224.3371184266789,156.2584263938391,68.0786920328398,2087.915,2800.034213423103,1375.795786576897,0.8235237803689424,949092.03244,0.8101996507368341,-17988.245467694054,61.059999999999945,37.2800000000002,72.65999999999985,171.0,0.35707602339181255,0.5153812823515339,0.48461871764846604,5.599174741411578,0,3,5,2,False,False
2025-05-16,2548.7,2649.31,2529.4,2537.12,605953.6919,1747439999999,1568128704.046345,3310498.0,323624.7041,837990689.566938,0,-0.00453958700351953,-0.004549922218868295,2574.1459999999997,4.5099999999997635,2433.207,72.01200000000017,2123.727,35.8119999999999,1864.9266,10.669200000000046,2087.5262,-2.5113000000001193,2702.8028000000004,-0.1517999999996391,0.07904010081986763,0.05808685226122469,0.05380670953508199,2738.5,1731.7,0.799980135081446,78.01057672153875,223.35564326046688,169.67786976716468,53.6777734933022,2123.727,2851.1764565216936,1396.2775434783061,0.7841386410381296,971228.9771199999,0.6239040495855506,-2750.779504483917,11.579999999999927,100.61000000000013,7.7199999999998,119.90999999999985,0.096572429321991,0.5340749770584903,0.4659250229415097,5.46328546925716,0,4,5,2,False,False
2025-05-17,2537.13,2538.16,2446.42,2475.08,494333.2782,1747526399999,1227578098.31878,2950197.0,227882.8455,566013389.009042,0,-0.024452922999306237,-0.024756860728527823,2570.068,-4.07799999999952,2499.604,66.39699999999993,2157.9165000000003,34.18950000000041,1876.4902000000002,11.563600000000179,2085.4106,-2.115599999999631,2701.9842,-0.8186000000005151,0.0804966219922803,0.058370988927492394,0.053309703876834584,2738.5,1731.7,0.7383591577274532,74.7932479015628,215.09225795063685,178.7607474038591,36.331510546777736,2157.9165000000003,2883.853138449377,1431.9798615506236,0.7184512278354421,975045.29789,0.5069849362585904,-12087.893587819228,62.05000000000018,1.0299999999997453,28.659999999999854,91.73999999999978,0.676367996511885,0.4609902985487494,0.5390097014512506,5.968032358133885,0,5,5,2,False,False
2025-05-18,2475.09,2587.61,2323.21,2497.78,810103.1851,1747612799999,2001441345.434297,3416878.0,400896.368,990832542.382129,0,0.009171420721754586,0.009129618637998178,2533.682,-36.38600000000042,2528.643,29.039000000000215,2192.8115,34.89499999999953,1889.8842000000002,13.394000000000005,2084.1674,-1.2432000000003427,2701.1771499999995,-0.8070500000003449,0.04778370230642554,0.0583279911840638,0.05294879294287939,2738.5,1731.7,0.760905840286055,76.66387998699548,207.9777280588828,184.60414353486388,23.373584524018924,2192.8115,2913.3577631343423,1472.2652368656572,0.711623122347066,908740.3478,0.891457265060593,7429.797138585531,22.690000000000055,89.82999999999993,151.8800000000001,264.4000000000001,0.08581694402420592,0.49487074655867813,0.5051292534413219,4.217830595960707,0,6,5,2,False,False
2025-05-19,2497.78,2547.36,2348.38,2528.14,861747.523,1747699199999,2109843607.573324,4757453.0,431712.8465,1057907975.585551,0,0.012154793456589319,0.012081517129454255,2517.362,-16.31999999999971,2546.953,18.309999999999945,2229.328,36.51650000000018,1904.2922,14.407999999999902,2083.1242,-1.043199999999615,2701.2248,0.04765000000043074,0.044602820133923964,0.05817392060245239,0.05288333140640755,2738.5,1731.7,0.7910607866507746,77.00264705657986,202.45542996068343,188.1744008200278,14.281029140655619,2229.328,2939.537424965268,1519.1185750347317,0.7103689344974639,828210.99628,1.0404927329758153,10474.363153792454,30.359999999999673,19.220000000000255,149.4000000000001,198.98000000000002,0.15257814855764232,0.5009737016673733,0.4990262983326266,5.5207040032304215,0,0,5,2,False,False
2025-05-20,2528.14,2588.63,2442.4,2524.19,676989.1747,1747785599999,1703522806.130449,3816684.0,338210.0092,851893459.669116,0,-0.001562413473937263,-0.0015636353147152056,2512.462,-4.900000000000091,2541.049,-5.903999999999996,2265.857,36.528999999999996,1918.3274000000001,14.035200000000032,2082.0942999999997,-1.0299000000004526,2701.2882999999997,0.06349999999974898,0.030295687159490048,0.05815948388915773,0.05290074755200841,2738.5,1752.0,0.7827572225038014,76.95802996226126,195.50655902949393,189.64083246192104,5.865726567572892,2265.857,2956.591749367064,1575.122250632936,0.6869986997445231,797974.89769,0.848384048996738,-1057.7370082609477,3.949999999999818,60.49000000000024,81.78999999999996,146.23000000000002,0.02701224099021964,0.49957964150589834,0.5004203584941016,5.637732688549001,0,1,5,2,False,False
2025-05-21,2524.19,2615.95,2452.2,2550.99,1095890.2902,1747871999999,2780015740.832861,5568312.0,550624.5604,1397549396.349744,0,0.010617267321398005,0.010561299937301044,2515.236,2.7739999999998872,2544.691,3.6419999999998254,2301.5009999999997,35.64399999999978,1931.2475999999997,12.920199999999568,2080.9923,-1.1019999999998618,2701.5721000000003,0.28380000000061045,0.029193422698634956,0.0581674652607366,0.05262630867324223,2738.5,1752.0,0.8099239736441964,77.76160172900282,189.9721836956046,189.70710270865774,0.265080986946856,2301.5009999999997,2972.590810191736,1630.4111898082633,0.6858834661255837,824405.48783,1.3293097952132782,11635.360165977836,26.799999999999727,64.96000000000004,71.99000000000024,163.75,0.16366412213740292,0.502444966730667,0.49755503326933304,5.081085259897487,0,2,5,2,False,False
2025-05-22,2551.0,2692.99,2544.83,2664.82,852555.6669,1747958399999,2246807632.745271,5196535.0,448569.1098,1182067855.833156,0,0.044621891892951515,0.04365499400221554,2553.1839999999997,37.947999999999865,2561.626,16.9350000000004,2342.632,41.13100000000031,1948.6396,17.39200000000028,2081.6146,0.6222999999999956,2702.60755,1.0354499999998552,0.031870977894586656,0.05833536946566305,0.05204140969596136,2738.5,1752.0,0.9253117080587939,71.78009922769996,192.55166531497207,190.27601522992063,2.2756500850514385,2342.632,2995.7903812635036,1689.4736187364965,0.7466384947681012,802792.9601899999,1.0619869744475867,38042.64680113498,113.82000000000016,28.169999999999618,6.170000000000073,148.15999999999985,0.7682235421166326,0.5261464174310798,0.47385358256892024,6.095244218943799,0,3,5,2,False,False
2025-05-23,2664.83,2734.23,2498.3,2526.5,971442.4532,1748044799999,2537338702.615742,5450420.0,473528.1684,1237163443.755829,0,-0.05190594486682032,-0.05330156737301998,2558.928,5.744000000000142,2546.305,-15.321000000000367,2377.281,34.64899999999989,1962.825,14.185400000000072,2079.4969,-2.117699999999786,2703.2490000000003,0.6414500000000771,0.027024737032506893,0.06031286096430473,0.05275060598833288,2738.5,1752.0,0.7850988342625443,58.63453815261043,181.34423165134285,188.48965851420508,-7.145426862862223,2377.281,2988.9270511009545,1765.6349488990454,0.6219814954510111,796801.6408599999,1.2191772749758742,-50423.63841708788,138.32999999999993,69.40000000000009,28.199999999999818,235.92999999999984,0.58631797567075,0.48744850180282406,0.5125514981971759,5.610646294122654,0,4,5,2,False,False
2025-05-24,2526.49,2575.85,2515.08,2530.4,257544.2344,1748131199999,656038924.220513,2090724.0,128007.8604,326091787.487667,0,0.0015436374431030409,0.0015424472594757481,2559.38,0.45200000000022555,2538.371,-7.933999999999742,2413.3579999999997,36.07699999999977,1977.0955999999999,14.270599999999831,2078.0422,-1.45470000000023,2703.78825,0.5392499999998108,0.02608438916689052,0.05999713223739502,0.052745716099576706,2738.5,1752.0,0.7890522047643184,46.764810346728076,170.80798896158967,184.953324603682,-14.145335642092334,2413.3579999999997,2966.1192471221393,1860.5967528778601,0.6058703016983917,739551.35308,0.34824388235841747,397.5549234751462,3.9100000000003092,45.44999999999982,11.409999999999854,60.76999999999998,0.0643409577094012,0.49703252219262267,0.5029674778073774,8.117921975115278,0,5,5,2,False,False
2025-05-25,2530.41,2554.26,2463.0,2551.22,359890.0299,1748217599999,901956598.724874,2556052.0,170482.1859,427565947.988837,0,0.008227948150489883,0.008194283121783164,2564.786,5.405999999999949,2538.624,0.2529999999997017,2449.9095,36.55150000000049,1991.9997999999998,14.904199999999946,2076.2949,-1.7472999999999956,2702.935,-0.8532500000001164,0.02520911353000329,0.059977668273795824,0.05270743033399574,2738.5,1752.0,0.8101571211353267,52.38404995771806,162.26742287746265,180.41614425843812,-18.148721380975473,2449.9095,2929.333747744403,1970.4852522555975,0.6056585065071757,698644.9527499999,0.5151257852553062,2961.156505895454,20.809999999999945,3.0400000000004184,67.40999999999985,91.26000000000022,0.22802980495288072,0.47370633175742777,0.5262936682425722,7.10231400605966,0,6,5,2,False,False
2025-05-26,2551.22,2599.0,2525.86,2563.7,362971.1182,1748303999999,929347758.924527,2374458.0,175269.0596,448860267.783445,0,0.004891777267346686,0.004879851401569555,2567.328,2.5419999999999163,2541.282,2.6580000000003565,2487.2445,37.33499999999958,2011.6585999999998,19.65879999999993,2075.0015,-1.2934000000000196,2701.2761499999997,-1.6588500000002568,0.02518070216042334,0.05987738710920365,0.04909886129849338,2738.5,1787.01,0.8162881375526804,54.4768578664882,154.72245032861747,175.27740547247402,-20.554955143856546,2487.2445,2864.5680223588456,2109.920977641154,0.6013129257381529,674346.69538,0.538255945623731,1775.5738647141673,12.480000000000018,35.30000000000018,25.359999999999673,73.13999999999987,0.1706316652994263,0.4828732943523769,0.5171267056476231,6.541727098770582,0,0,5,2,False,False
2025-05-27,2563.7,2712.36,2509.46,2660.81,798430.8862,1748390399999,2101748442.524873,4017588.0,412557.6256,1085725214.202044,0,0.0378788469789757,0.0371790601849991,2566.5260000000003,-0.8019999999996799,2559.855,18.572999999999865,2529.7295,42.48500000000013,2033.8139999999999,22.1554000000001,2074.9955,-0.005999999999858119,2699.77145,-1.5046999999995023,0.02579631984579252,0.05978225089854941,0.04907108460142805,2738.5,1808.71,0.9164434979941707,48.59979256186101,154.79459490911086,171.18084335980137,-16.386248450690516,2529.7295,2741.5584074726958,2317.900592527304,0.8094018223572624,704756.45618,1.132917448571872,30243.64136165776,97.11000000000013,51.55000000000018,54.23999999999978,202.9000000000001,0.4786101527846234,0.5167105039779961,0.4832894960220039,5.031854440302338,0,1,5,2,False,False
2025-05-28,2660.81,2689.14,2608.5,2681.6,560095.6833,1748476799999,1480645502.351484,3160462.0,273261.3831,722627732.75787,0,0.007813410202156534,0.007783043587972976,2597.546,31.019999999999527,2578.237,18.382000000000062,2553.44,23.71050000000014,2057.9778,24.163800000000265,2074.371,-0.6244999999998981,2697.5483999999997,-2.2230500000005122,0.025790490996515102,0.03749790074055326,0.04822203589467729,2738.5,2184.33,0.8973239258711224,55.7421850028767,154.74553901167292,167.8937824901757,-13.148243478502792,2553.44,2713.082823696896,2393.797176303104,0.9013960572488039,679755.706,0.8239661371816421,4376.2573260800555,20.789999999999964,7.539999999999964,52.309999999999945,80.63999999999987,0.25781249999999994,0.4878833942978899,0.5121166057021102,5.642718010928116,0,2,5,2,False,False
2025-05-29,2681.61,2788.0,2619.05,2631.39,811567.2545,1748563199999,2189640513.339573,4254669.0,405459.3733,1094147671.84856,0,-0.01872389618138426,-0.018901407621664652,2617.7439999999997,20.197999999999865,2588.562,10.324999999999818,2567.7575,14.31750000000011,2077.2154,19.23759999999993,2073.965,-0.40599999999994907,2694.7893,-2.759099999999762,0.02698267362245124,0.035938487329994995,0.04519806211936759,2788.0,2317.0,0.6674946921443734,56.72488940931562,148.93826685257864,164.1026793626563,-15.164412510077653,2567.7575,2697.2126532792336,2438.3023467207668,0.7457704401413248,674737.67915,1.2027892906801514,-15195.701017469057,50.220000000000255,106.38999999999987,12.33999999999969,168.94999999999982,0.2972477064220202,0.49960045954515525,0.5003995404548448,5.242534092410206,0,3,5,2,False,False
2025-05-30,2631.39,2649.23,2507.35,2531.34,763045.2564,1748649599999,1976177953.879442,4624552.0,376566.6772,975743608.339547,0,-0.038021729960211026,-0.038763416887778096,2613.768,-3.975999999999658,2589.277,0.7150000000001455,2565.1629999999996,-2.5945000000006075,2097.3972,20.18179999999984,2072.1234,-1.8416000000001986,2690.58805,-4.201250000000073,0.030146586312915644,0.029445456264557135,0.043496206269252526,2788.0,2323.21,0.4477936272295018,49.5891151046406,134.7099109803239,158.22412568618984,-23.514214705865925,2565.1629999999996,2695.390114825649,2434.93588517435,0.3701384114772017,683343.2873199999,1.116635328917304,-29012.300686260784,100.04999999999973,17.840000000000146,23.990000000000236,141.8800000000001,0.7051733859599637,0.49350503661685563,0.5064949633831444,6.060652315458127,0,4,5,2,False,False
2025-05-31,2531.35,2550.34,2475.33,2528.06,394537.2521,1748735999999,994330383.170508,2792146.0,197180.2806,497000872.324811,0,-0.0012957563977973319,-0.0012965966160090577,2606.64,-7.128000000000156,2586.9839999999995,-2.293000000000575,2565.8375,0.6745000000005348,2116.6214,19.22420000000011,2070.0236,-2.0997999999999593,2687.00935,-3.578700000000026,0.029945605360502885,0.02880753762068809,0.043449857049895076,2788.0,2323.21,0.44073667677876016,54.10952528699969,121.765530613397,150.93240667163127,-29.166876058234266,2565.8375,2695.0974288867706,2436.5775711132296,0.35387002636721004,613207.9835099999,0.6433987532935732,-511.2241685779538,3.2899999999999636,18.990000000000236,52.73000000000002,75.01000000000022,0.04386081855752505,0.4997760783055852,0.5002239216944148,7.077014870302535,0,5,5,2,False,False
2025-06-01,2528.06,2547.79,2468.56,2539.21,332021.7088,1748822399999,834842712.277541,2210246.0,165557.314,416473007.507851,0,0.004410496586315205,0.004400798850344821,2582.3199999999997,-24.320000000000164,2574.423,-12.560999999999694,2568.0245000000004,2.187000000000353,2134.522,17.90059999999994,2068.7857,-1.2379000000000815,2683.7696,-3.239749999999731,0.025598021827957267,0.02875154327665737,0.043092411826767936,2788.0,2323.21,0.46472600529271285,53.27225337651053,111.12573937875777,142.97107321305657,-31.8453338342988,2568.0245000000004,2693.7019426815364,2442.3470573184645,0.38536327846431534,561154.5877,0.5916760124172821,1464.380613244941,11.150000000000091,8.579999999999927,59.5,79.23000000000002,0.14072952164584235,0.4986340037775265,0.5013659962224735,6.6569321867185085,0,6,6,2,False,False
2025-06-02,2539.2,2615.0,2475.0,2607.41,468889.9737,1748908799999,1184963591.471666,3239230.0,232758.6658,588585524.428128,0,0.026858747405689165,0.026504382446835256,2567.482,-14.837999999999738,2582.514,8.09100000000035,2564.4094999999998,-3.615000000000691,2154.715,20.19300000000021,2067.2275999999997,-1.558100000000195,2681.51255,-2.257050000000163,0.02112355938817308,0.024044663012065128,0.04280950421352937,2788.0,2323.21,0.6114589384453191,55.907823935369436,106.96378625328498,135.76961582110226,-28.805829567817284,2564.4094999999998,2680.341962458115,2448.4770375418843,0.6854549583794768,510899.33975,0.917773692816756,12593.797364668535,68.21000000000004,7.5900000000001455,64.19999999999982,140.0,0.487214285714286,0.49640358901963016,0.5035964109803698,6.908294443660867,0,0,6,2,False,False
2025-06-03,2607.42,2655.38,2575.0,2593.36,454383.0439,1748995199999,1188862077.100825,3098351.0,228172.36,597147462.454556,0,-0.00538848896030919,-0.005403059231682269,2559.8759999999997,-7.606000000000222,2588.8100000000004,6.2960000000002765,2563.5905,-0.81899999999996,2174.1068,19.391799999999876,2064.9643,-2.2632999999996173,2679.0293,-2.483249999999771,0.0213027160445198,0.023346089217269952,0.0428612172554683,2788.0,2323.21,0.5812302330084557,55.078635515940036,101.36323851961515,128.88834036080485,-27.525101841189695,2563.5905,2678.4006016049966,2448.780398395003,0.6296466930341289,530583.2207,0.8563841187825939,-2448.438015806836,14.059999999999945,47.960000000000036,18.360000000000127,80.38000000000011,0.1749191341129625,0.5021586149905185,0.49784138500948144,6.818808583627256,0,1,6,2,False,False
2025-06-04,2593.35,2679.88,2583.5,2607.68,502494.8214,1749081599999,1321537606.684948,2754319.0,260366.5898,685080028.877307,0,0.005521794120368906,0.005506604904045108,2575.144,15.268000000000029,2594.4559999999997,5.645999999999276,2566.54,2.949500000000171,2194.4847999999997,20.3779999999997,2065.9058999999997,0.9415999999996529,2676.40335,-2.6259500000001026,0.021241298047895533,0.02271142512064488,0.04262180826015671,2788.0,2323.21,0.612039845951935,54.24002632720528,96.96254455711414,122.5031812000667,-25.540636642952563,2566.54,2682.7605937001845,2450.3194062998155,0.6769910077474272,544843.69985,0.9222733447011336,2774.6729503223437,14.329999999999927,72.20000000000027,9.849999999999909,96.38000000000011,0.14868229923220494,0.5181478071248437,0.4818521928751563,5.481288329153714,0,2,6,2,False,False
2025-06-05,2607.68,2640.86,2391.66,2414.01,808938.0344,1749167999999,2047572739.901186,4181206.0,378086.6913,958339246.460727,0,-0.0742690820959625,-0.07717167198088684,2552.334,-22.809999999999945,2579.487,-14.968999999999596,2560.3845,-6.155499999999847,2211.2222,16.737400000000434,2065.089,-0.816899999999805,2673.0933999999997,-3.309950000000299,0.032154422762301085,0.02832754177052636,0.044223484767512214,2788.0,2323.21,0.1953570429656408,33.24246676020576,76.96026245478924,113.39459745101122,-36.43433499622198,2560.3845,2694.7848338773356,2425.9841661226646,-0.044546638305203216,589440.3914699999,1.372383104562273,-60079.085287400136,193.66999999999962,33.18000000000029,22.350000000000364,249.20000000000027,0.7771669341894037,0.46738646870576667,0.5326135312942333,5.1687593143042845,0,3,6,2,False,False
2025-06-06,2414.02,2531.36,2381.49,2476.1,578843.4974,1749254399999,1428256037.775954,3246760.0,290586.021,717257126.502031,0,0.02572068881239087,0.025395476560089048,2539.712,-12.621999999999844,2561.016,-18.471000000000004,2560.4355,0.05099999999993088,2229.0717999999997,17.849599999999555,2066.4863,1.3973000000000866,2669.4348999999997,-3.6585000000000036,0.030519324826403838,0.028464705984571747,0.04427589395142346,2788.0,2323.21,0.32894425439445746,46.25066952329939,65.3649672184406,103.78867140449711,-38.42370418605651,2560.4355,2694.7002451434832,2426.170754856517,0.18593579829956752,567481.65259,1.0200215192123734,14888.253467701383,62.07999999999993,55.26000000000022,32.5300000000002,149.87000000000035,0.4142256622406071,0.5020113766591999,0.4979886233408001,5.609046339094281,0,4,6,2,False,False
2025-06-07,2476.1,2544.36,2457.0,2524.63,264787.6743,1749340799999,662320802.305284,1587509.0,135613.3419,339037471.977697,0,0.019599369976980086,0.01940977560768664,2523.156,-16.55600000000004,2545.319,-15.697000000000116,2561.778,1.3424999999997453,2247.7924,18.720600000000104,2068.6553999999996,2.1690999999996166,2666.5208500000003,-2.9140499999994063,0.03135968882466319,0.028727865037065203,0.04428601542751333,2788.0,2348.38,0.4009144260952642,49.59748866410882,59.406773318526575,94.91229178730302,-35.505518468776444,2561.778,2693.9251504522704,2429.630849547729,0.35944456663325125,537950.8516899999,0.49221536403958854,5189.671593949802,48.5300000000002,19.730000000000018,19.09999999999991,87.36000000000013,0.5555173992674007,0.512158816525396,0.4878411834746041,5.995403691643814,0,5,6,2,False,False
2025-06-08,2524.64,2548.63,2490.58,2509.83,266474.7139,1749427199999,670516749.059655,1401175.0,135061.7873,339794332.050441,0,-0.005862245160677126,-0.005879495570297428,2506.45,-16.70600000000013,2533.163,-12.155999999999949,2560.8625,-0.9154999999996107,2265.7236000000003,17.931200000000445,2071.3778,2.7224000000005617,2663.72015,-2.8007000000002336,0.031021677894998566,0.028639860414989213,0.04433679787649165,2788.0,2381.49,0.3157117906078573,47.088205084912694,52.88104563832621,86.50604255750767,-33.624996919181456,2560.8625,2694.2388542328417,2427.4861457671586,0.30868985250972464,483441.5976299999,0.5512035273885251,-1562.1401020030967,14.809999999999945,23.990000000000236,19.25,58.05000000000018,0.25512489233419294,0.5068465421101256,0.49315345788987447,5.258191216318631,0,6,6,2,False,False
2025-06-09,2509.84,2693.99,2477.73,2680.13,568726.3025,1749513599999,1458505754.33474,2896758.0,303579.9958,779517686.549857,0,0.06785320121283123,0.0656502790426938,2520.94,14.490000000000236,2548.042,14.878999999999905,2568.6594999999998,7.796999999999571,2287.5789999999997,21.855399999999463,2076.0052,4.627399999999852,2660.34175,-3.378400000000056,0.03590617738921014,0.03239605659703268,0.04492323476595409,2788.0,2381.49,0.7346436742023571,56.7025502273905,60.7508482177891,81.35500368956396,-20.60415547177486,2568.6594999999998,2710.943830975255,2426.3751690247445,0.8917174127184331,464009.70224,1.2256776092277428,38589.90023856202,170.28999999999996,13.859999999999673,32.11000000000013,216.25999999999976,0.7874317950615007,0.5337892664107969,0.46621073358920306,5.093413100935313,0,0,6,2,False,False
2025-06-10,2680.13,2827.0,2655.61,2816.4,1138405.4775,1749599999999,3115655145.472068,5277581.0,605348.556,1656990975.326069,0,0.05084454858532972,0.04959417285383804,2601.418,80.47800000000007,2576.876,28.834000000000287,2581.93,13.270500000000084,2312.3156,24.73660000000018,2078.9881,2.9828999999999724,2657.7848500000005,-2.5568999999995867,0.03837880116072128,0.03406661773332517,0.04519993812840628,2827.0,2381.49,0.9762070436129382,58.57046854171488,77.09487191146809,80.50297733394478,-3.4081054224766945,2581.93,2761.8153244065934,2402.0446755934063,1.1517207581370823,538396.52478,2.1144368975360237,57881.71261055423,136.26999999999998,10.599999999999909,24.519999999999982,171.38999999999987,0.7950872279596247,0.5317512678605325,0.46824873213946744,4.6359413269776715,0,1,6,2,False,False
2025-06-11,2816.41,2879.22,2743.75,2771.61,850210.9324,1749686399999,2388186204.977766,4906906.0,410413.9413,1153264237.421366,0,-0.015903280783979512,-0.016031094874014874,2660.52,59.10199999999986,2600.116,23.23999999999978,2587.2695,5.339500000000044,2332.6226,20.307000000000244,2085.2140999999997,6.225999999999658,2654.67335,-3.111500000000433,0.0393234160533622,0.03308402354373664,0.04303151890031919,2879.22,2381.49,0.7837984449400284,54.8303656717219,85.44845318815078,81.49207250478598,3.9563806833647988,2587.2695,2783.1435262704367,2391.395473729563,0.9705588165770569,590215.4471400001,1.440509455521466,-13521.143183566224,44.79999999999973,62.809999999999945,27.860000000000127,135.4699999999998,0.3307005241012755,0.4827201411554091,0.5172798588445909,5.771398382456273,0,2,6,2,False,False
2025-06-12,2771.6,2784.83,2616.24,2642.65,699593.3757,1749772799999,1905633561.097528,4172997.0,343802.7294,937069085.599158,0,-0.04652891279797666,-0.04764617720998437,2684.1240000000003,23.60400000000027,2603.6400000000003,3.524000000000342,2593.077,5.807500000000346,2349.5742,16.95159999999987,2089.9255000000003,4.7114000000005944,2651.0806,-3.592750000000251,0.042447293224175835,0.03263755685895716,0.04372700524268944,2879.22,2381.49,0.5247021477507892,50.557171981077936,80.73210287001757,81.3400785778323,-0.607975707814731,2593.077,2788.2508975322216,2397.903102467779,0.6269970027416597,613285.78734,1.1407298035298374,-32551.319171987423,128.94999999999982,13.230000000000018,26.41000000000031,168.59000000000015,0.7648733614093345,0.4914322252637076,0.5085677747362924,5.964889241303318,0,3,6,2,False,False
2025-06-13,2642.66,2645.45,2436.98,2579.19,1202176.2972,1749859199999,3033896895.562154,6026303.0,570084.1354,1438866069.089298,0,-0.024013774052560888,-0.024306805427401885,2697.996,13.871999999999844,2602.223,-1.417000000000371,2595.5165,2.4394999999999527,2365.765,16.190799999999854,2093.3015,3.375999999999749,2646.9040999999997,-4.176500000000033,0.04321690093715251,0.033183393663416876,0.0438538696462631,2879.22,2381.49,0.3972033029956006,52.456693398502864,71.05459646270538,79.28298215480692,-8.22838569210154,2595.5165,2788.6003149368034,2402.432685063197,0.457721728241842,688065.11267,1.7471839148115198,-28868.789972305083,63.4699999999998,2.7899999999999636,142.21000000000004,208.4699999999998,0.30445627668249564,0.4742100944160922,0.5257899055839078,5.0128279970549405,0,4,6,2,False,False
2025-06-14,2579.19,2579.43,2488.72,2530.76,331438.9278,1749945599999,838399986.460107,1988958.0,155289.4372,393033307.094926,0,-0.018777213000980897,-0.018955743264715684,2668.1220000000003,-29.873999999999796,2594.531,-7.692000000000007,2594.4934999999996,-1.023000000000593,2380.6881999999996,14.923199999999724,2096.5870999999997,3.285599999999704,2642.93425,-3.9698499999999513,0.04357209901138309,0.0334428086205567,0.04402249517739397,2879.22,2381.49,0.29990155305085175,50.1324802260996,58.79940373375439,75.18626647059641,-16.38686273684202,2594.4934999999996,2788.7785601592304,2400.2084398407687,0.3359794110062681,670959.52331,0.4939775296204671,-6223.499344117329,48.429999999999836,0.23999999999978172,42.04000000000042,90.71000000000004,0.5338992393341397,0.4685310751841021,0.5314689248158979,6.000978862688681,0,5,6,2,False,False
2025-06-15,2530.77,2559.51,2492.0,2547.61,299701.6624,1750031999999,758742736.767623,1846489.0,153252.4073,388090718.363716,0,0.006658078996032879,0.0066360118836382735,2614.364,-53.758000000000266,2607.891,13.360000000000127,2593.689,-0.8044999999997344,2395.2228,14.53460000000041,2100.6472,4.060100000000148,2637.4058999999997,-5.528350000000046,0.03544260921386169,0.03345837266001356,0.04398614877787297,2879.22,2381.49,0.33375524882968743,50.40986806151924,49.871837877923554,70.12338075206183,-20.25154287413828,2593.689,2788.643046072461,2398.7349539275388,0.3818208677165055,620035.88611,0.48336180068588835,1995.4373435015766,16.840000000000146,11.900000000000091,38.76999999999998,67.51000000000022,0.24944452673678108,0.5113498739805455,0.48865012601945446,6.16109028296134,0,6,6,2,False,False
2025-06-16,2547.62,2680.34,2514.85,2544.17,680429.988,1750118399999,1774646762.471706,3434185.0,348962.3301,910684719.14748,0,-0.0013502851692370754,-0.0013511976257330142,2568.876,-45.48799999999983,2614.6980000000003,6.807000000000244,2587.8570000000004,-5.831999999999425,2410.2804,15.057600000000093,2104.0531,3.4059000000002015,2632.2327999999998,-5.173099999999977,0.0347934013107236,0.0322629193017892,0.04387142055850113,2879.22,2381.49,0.3268438711751357,46.706112754698125,42.03455023728202,64.50561464910588,-22.47106441182386,2587.8570000000004,2781.3295812860756,2394.3844187139252,0.3870976969718431,630194.5351699999,1.079714199388366,-918.7745215005613,3.449999999999818,132.72000000000025,29.320000000000164,165.49000000000024,0.020847181098554674,0.5128556005088947,0.4871443994911053,5.047080611620545,0,0,6,2,False,False
2025-06-17,2544.17,2618.6,2453.8,2509.95,715930.4081,1750204799999,1815306987.093816,4017130.0,359536.2104,912037726.665479,0,-0.013450359056195293,-0.013541634518074394,2542.3360000000002,-26.539999999999964,2613.2300000000005,-1.4679999999998472,2579.2745,-8.582500000000437,2424.4818,14.201399999999921,2108.9485,4.895399999999881,2626.8215,-5.4112999999997555,0.034637371309848064,0.03228178989768464,0.043973726524897054,2879.22,2381.49,0.25809173648363576,45.74495220021832,32.685398379374874,58.14157139515969,-25.456173015784813,2579.2745,2770.453034962871,2388.095965037129,0.3186917270459682,675308.80855,1.060152628006173,-9629.521048193426,34.220000000000255,74.42999999999984,56.149999999999636,164.79999999999973,0.20764563106796305,0.502194356228239,0.4978056437717609,5.611062129154449,0,1,6,2,False,False
2025-06-18,2509.95,2548.42,2465.78,2525.0,504532.1818,1750291199999,1266177014.470926,3243812.0,250381.7951,628614334.113376,0,0.005996135381183043,0.005978230100768063,2531.498,-10.838000000000193,2614.7470000000003,1.5169999999998254,2573.955,-5.319500000000062,2439.0256,14.54379999999992,2115.5475,6.59900000000016,2620.9285,-5.893000000000029,0.03461937573099675,0.03211304431586952,0.04395645669006492,2879.22,2381.49,0.2883290137222997,45.78533123993231,26.188650930822405,51.75098730229224,-25.562336371469833,2573.955,2764.948307956676,2382.9616920433236,0.37184105944930657,699114.55534,0.721673119156604,3025.2432662364554,15.050000000000182,23.420000000000073,44.16999999999962,82.63999999999987,0.18211519845111573,0.4962652614283642,0.5037347385716358,6.429346069515678,0,2,6,2,False,False
2025-06-19,2525.0,2546.91,2485.03,2521.12,252646.059,1750377599999,636251233.010393,1667327.0,122131.8125,307645921.480362,0,-0.0015366336633664268,-0.0015378154957248734,2529.5699999999997,-1.9280000000003383,2598.8460000000005,-15.90099999999984,2573.4440000000004,-0.5109999999995125,2453.5758,14.550200000000132,2121.5244000000002,5.976900000000114,2614.99605,-5.93244999999979,0.02551803618598677,0.030948524340426196,0.04395287618618566,2879.22,2381.49,0.28053362264681675,56.7699445055431,20.490644799553593,45.49891880174451,-25.008274002190916,2573.4440000000004,2764.9713151221995,2381.9166848778013,0.36340329585203934,667506.53099,0.3784922652746074,-388.22443917626043,3.880000000000109,21.909999999999854,36.08999999999969,61.879999999999654,0.06270200387847658,0.4834107168875331,0.5165892831124669,6.599457781369944,0,3,6,2,False,False
2025-06-20,2521.13,2569.0,2367.36,2406.49,632027.8235,1750463999999,1559837109.182709,3175602.0,283785.5071,700887886.0366,0,-0.0454678872881894,-0.046533992891629815,2501.346,-28.223999999999705,2557.855,-40.99100000000044,2567.3655000000003,-6.078500000000076,2464.9434,11.367600000000039,2126.5072999999998,4.982899999999518,2608.8114,-6.184650000000147,0.01913888129268864,0.03259720156362722,0.04451519566168413,2879.22,2367.36,0.07644668464033072,45.87427839878616,6.6486098556870274,37.72885701253301,-31.080247156845985,2567.3655000000003,2772.2109367232506,2362.52006327675,0.10732466738483867,616868.76559,1.0245742024164595,-28736.969841897666,114.64000000000033,47.86999999999989,39.129999999999654,201.63999999999987,0.5685379884943483,0.4490079337464484,0.5509920662535517,5.024465509151749,0,4,6,2,False,False
2025-06-21,2406.49,2448.8,2216.0,2295.73,496783.864,1750550399999,1167664698.578644,2825558.0,223536.0109,525577801.093422,0,-0.04602553927088826,-0.04711837861639429,2451.6580000000004,-49.68799999999965,2510.267,-47.58800000000019,2555.1915,-12.174000000000433,2474.014,9.070600000000013,2130.8187,4.311400000000049,2602.2175,-6.593899999999849,0.02145111335082729,0.03399965308638223,0.045124406759939346,2879.22,2216.0,0.1202165194053256,37.36531837852159,-13.107612506096757,27.561563108807057,-40.669175614903814,2555.1915,2793.318771877041,2317.064228122959,-0.04479585213989045,581526.0587500001,0.8542761868106911,-22864.745241675613,110.75999999999976,42.3100000000004,79.73000000000002,232.80000000000018,0.47577319587628725,0.4499663276100288,0.5500336723899713,5.6877008388501125,0,5,6,2,False,False
2025-06-22,2295.72,2314.48,2111.89,2227.7,840155.8295,1750636799999,1865382440.303028,5203723.0,410219.4606,910717903.71948,0,-0.02963327569008556,-0.0300812126348831,2395.2079999999996,-56.45000000000073,2468.772,-41.49499999999989,2536.206,-18.985499999999774,2481.8976,7.88359999999966,2133.9792,3.160500000000411,2594.167,-8.050500000000284,0.01957729476520451,0.03360372790983125,0.04537471298758697,2879.22,2111.89,0.1509259379927801,35.29148028819587,-33.86365438491703,15.276519610062241,-49.140173994979264,2536.206,2814.040394172656,2258.3716058273444,-0.05519764016021036,595582.30413,1.4106460579403246,-24896.569318206017,68.01999999999998,18.76000000000022,115.80999999999995,202.59000000000015,0.33575201145170014,0.4882659218637249,0.511734078136275,6.193759320930832,0,6,6,2,False,False
2025-06-23,2227.7,2438.68,2188.0,2411.66,744583.8003,1750723199999,1707539521.027113,4477307.0,367124.3462,842382247.363266,0,0.08257844413520665,0.07934564398281163,2372.54,-22.667999999999665,2452.019,-16.753000000000156,2527.121,-9.085000000000036,2493.9536,12.05600000000004,2138.7241,4.744899999999689,2587.2993,-6.867699999999786,0.03671023083120231,0.03916408639689883,0.04660017333950729,2879.22,2111.89,0.39066633651753485,36.20017887800314,-35.06472817162921,5.208270053723951,-40.27299822535316,2527.121,2808.940706150511,2245.3012938494894,0.2951509467220573,549823.05444,1.3542244078112835,61486.57175705342,183.96000000000004,27.019999999999982,39.69999999999982,250.67999999999984,0.7338439444710394,0.49305980878456135,0.5069401912154387,6.013167353622318,0,0,6,2,False,False
2025-06-24,2411.66,2482.04,2376.11,2448.45,516760.6621,1750809599999,1252322606.094842,3133356.0,255502.6802,619378004.307767,0,0.015255052536427227,0.015139864214513837,2358.006,-14.534000000000106,2443.788,-8.230999999999767,2519.1595,-7.961499999999887,2506.5188,12.565200000000004,2144.3386,5.614500000000135,2579.5472,-7.752100000000155,0.036980977916967396,0.03933437969709179,0.04661553281682833,2879.22,2111.89,0.43861180978197123,28.932150014314345,-32.671327541029314,-2.3676494652267017,-30.303678075802612,2519.1595,2800.3928031469973,2237.926196853003,0.3742867590559831,568355.22787,0.9092212700086201,7883.211049094419,36.789999999999964,33.590000000000146,35.54999999999973,105.92999999999984,0.3473048239403381,0.49443136627639983,0.5055686337236002,6.063456895628898,0,1,6,2,False,False
2025-06-25,2448.46,2468.69,2389.69,2418.49,414894.7387,1750895999999,1007574107.706431,2776920.0,206517.9982,501745009.719739,0,-0.012236312769303037,-0.012311792807958116,2360.406,2.400000000000091,2430.8759999999997,-12.912000000000262,2519.3835,0.22399999999970532,2518.5486,12.02980000000025,2149.2603999999997,4.921799999999621,2571.6585499999997,-7.888650000000325,0.0369325090765459,0.03564281974685179,0.046679000905588436,2879.22,2111.89,0.399567330874591,29.43197968360475,-32.81380479578911,-8.456880531339184,-24.356924264449926,2519.3835,2800.2710926716336,2238.4959073283662,0.32040235554664076,579874.5355,0.7154905299337808,-5076.781789071457,29.970000000000255,20.230000000000018,28.799999999999727,79.0,0.37936708860759816,0.497759983284165,0.502240016715835,6.693071135828313,0,2,6,2,False,False
2025-06-26,2418.5,2520.92,2394.32,2415.96,463704.0261,1750982399999,1138310757.584065,2978926.0,234924.0215,577384294.658558,0,-0.0010461072818161998,-0.0010466548339375498,2384.4519999999998,24.04599999999982,2418.055,-12.820999999999913,2516.3765,-3.007000000000062,2530.6456,12.096999999999753,2154.1046,4.8442000000004555,2563.7176,-7.940949999999702,0.03693559623984107,0.03515248163795693,0.04667045323367236,2879.22,2111.89,0.3962701836237345,34.51549884561264,-32.75330914301412,-13.316166253674172,-19.43714288933995,2516.3765,2800.4842840891083,2232.2687159108914,0.3232774573179155,558201.93931,0.8307101667779765,-485.0841583106992,2.5399999999999636,102.42000000000007,21.639999999999873,126.59999999999991,0.020063191153238274,0.5066249337445639,0.4933750662554362,6.424196971189507,0,3,6,2,False,False
2025-06-27,2415.96,2463.54,2382.53,2423.17,381474.766,1751068799999,927024811.54842,2112477.0,163666.228,397737067.688627,0,0.0029843209324658115,0.002979876686593695,2423.546,39.09400000000005,2409.3769999999995,-8.678000000000338,2511.3035,-5.072999999999865,2534.9611999999997,4.315599999999904,2157.7757,3.671100000000024,2557.27345,-6.444149999999809,0.03686145635505684,0.034843660277828765,0.035241908885475445,2879.22,2111.89,0.405666401678548,38.45561902506883,-31.757498484651478,-17.004432699869636,-14.753065784781842,2511.3035,2798.3983794040455,2224.2086205959545,0.34650806001321177,524756.3751000001,0.7269559439412324,1138.4431293812972,7.210000000000036,40.36999999999989,33.429999999999836,81.00999999999976,0.08900135785705539,0.4290355289188381,0.5709644710811619,5.537658551181862,0,4,6,2,False,False
2025-06-28,2423.17,2447.8,2405.81,2435.62,155814.9859,1751155199999,378310903.948948,855656.0,75110.0135,182401886.244142,0,0.005137897877573572,0.005124743916839685,2428.338,4.792000000000371,2400.4389999999994,-8.938000000000102,2507.593,-3.7105000000001382,2536.7728,1.8116000000004533,2162.294,4.518299999999726,2551.3103,-5.9631500000000415,0.03683940067418567,0.03485771315491666,0.03417007672919707,2879.22,2111.89,0.421891493881381,42.5643991496811,-29.622233741095897,-19.52799290811489,-10.094240832981008,2507.593,2796.6793816341738,2218.506618365826,0.3755164466877609,489884.65551000007,0.3180646385786201,800.561485349766,12.449999999999818,12.180000000000291,17.360000000000127,41.99000000000024,0.29649916646820074,0.4820461463713421,0.517953853628658,5.491487195905204,0,5,6,2,False,False
2025-06-29,2435.62,2525.0,2412.0,2500.09,284291.8057,1751241599999,700329421.976834,1370707.0,147274.8033,363091989.661933,0,0.026469646332350827,0.026125386978616508,2438.666,10.327999999999975,2398.336,-2.1029999999996107,2498.591,-9.001999999999953,2535.11,-1.6628000000000611,2167.6374,5.3434000000002015,2544.6517000000003,-6.658599999999751,0.03800891800980899,0.03163930675907987,0.03119445081812679,2879.22,2111.89,0.5059101038666549,46.54339666559982,-22.468824227015375,-20.11615917189499,-2.3526650551203865,2498.591,2776.033646431602,2221.148353568398,0.5027014592372153,493049.23017999995,0.576599228430419,7525.1035520644,64.47000000000025,24.909999999999854,23.61999999999989,113.0,0.5705309734513296,0.5180409718013902,0.48195902819860986,4.821479101815702,0,6,6,2,False,False
2025-06-30,2500.09,2524.3,2431.0,2485.47,440455.714,1751327999999,1093515997.924797,2333352.0,224857.1016,558417620.217763,0,-0.005847789479578869,-0.005864954752458621,2452.062,13.39599999999973,2406.234,7.898000000000138,2482.0445,-16.546499999999924,2534.528,-0.5820000000003347,2172.6852,5.047799999999825,2537.6710000000003,-6.98070000000007,0.034685431850171325,0.02898982093910194,0.030973403522895532,2879.22,2111.89,0.48685702370557643,45.798499770957385,-17.774513932769423,-19.647830124069877,1.8733161913004537,2482.0445,2715.6984824500328,2248.390517549967,0.5073302837899036,473892.01923000003,0.9294431982958296,-2575.692290549599,14.620000000000346,24.210000000000036,54.4699999999998,93.30000000000018,0.15669882100750607,0.5105101249747892,0.4894898750252108,5.297585945269404,0,0,6,2,False,False
2025-07-01,2485.47,2500.8,2386.52,2405.01,351951.0868,1751414399999,858543228.334264,1978858.0,158891.8622,387699992.1451,0,-0.03237214691788659,-0.032907714920473924,2449.8720000000003,-2.1899999999996,2417.1620000000003,10.928000000000338,2463.7145,-18.329999999999927,2532.7188,-1.8091999999996915,2176.6754,3.9902000000001863,2530.16205,-7.508950000000368,0.03272088022838046,0.029519851582794125,0.03129771887103521,2784.83,2111.89,0.4355811810859814,42.955155746509156,-20.312538472232063,-19.780771793702314,-0.531766678529749,2463.7145,2655.4866944035143,2271.9423055964858,0.3469420966303443,459408.74150999996,0.7660957552596744,-11393.412289799455,80.45999999999958,15.330000000000382,18.490000000000236,114.2800000000002,0.7040602030101456,0.4514600697633078,0.5485399302366922,5.622536978056009,0,1,7,3,False,False
2025-07-02,2405.01,2619.28,2373.0,2570.41,634967.0337,1751500799999,1599878809.253887,2717139.0,323198.0206,814743086.674377,0,0.06877310281454108,0.06651135770377255,2479.32,29.447999999999865,2451.433,34.27099999999973,2460.1025,-3.61200000000008,2530.5328,-2.186000000000149,2181.5675,4.892100000000028,2523.66265,-6.499399999999696,0.035761064838559405,0.03243859215441012,0.031060691111587768,2680.34,2111.89,0.8066144779663994,52.536446405630336,-8.875235322555,-17.59966449947285,8.724429176917852,2460.1025,2640.0403926624763,2280.1646073375236,0.806515482558508,438889.86193,1.4467571224082478,43668.65309249427,165.39999999999964,48.870000000000346,32.01000000000022,246.2800000000002,0.6715933084294279,0.508999685726519,0.49100031427348106,4.27918121066385,0,2,7,3,False,False
2025-07-03,2570.41,2635.5,2556.12,2591.25,504943.6592,1751587199999,1308429372.972785,2506227.0,261017.406,676592013.259716,0,0.00810765597706209,0.00807496551084155,2510.446,31.12599999999975,2469.392,17.958999999999833,2460.7055,0.6030000000000655,2530.163,-0.36979999999994106,2186.8185,5.250999999999749,2516.82345,-6.839200000000346,0.026731641838266554,0.03202628744695368,0.030858104977754926,2680.34,2111.89,0.8432755739291052,53.844382804705575,1.8492071488167312,-13.709890169814935,15.559097318631666,2460.7055,2642.3960273405482,2279.014972659452,0.8592496040129719,414925.84781999997,1.2169491533317318,4093.9094765924824,20.840000000000146,44.25,14.289999999999964,79.38000000000011,0.26253464348702593,0.5169238215874203,0.48307617841257966,4.963379486675214,0,3,7,3,False,False
2025-07-04,2591.26,2603.17,2474.24,2508.04,452593.02,1751673599999,1142275937.968202,1980591.0,198158.5551,500628761.729327,0,-0.03211191509889055,-0.03263881316104407,2512.036,1.5900000000001455,2475.3509999999997,5.958999999999833,2459.5695,-1.1359999999999673,2529.35,-0.8130000000001019,2191.8037,4.985200000000077,2509.43245,-7.391000000000076,0.02928397483498267,0.03258724078216322,0.031019064350643073,2680.34,2111.89,0.6968950655290701,55.76536579273071,3.592639772838993,-10.24938418128415,13.842023954123142,2459.5695,2639.6931351393478,2279.4458648606524,0.6345478619796397,408509.08361,1.1079142133154782,-14533.628632590475,83.22000000000025,11.909999999999854,33.80000000000018,128.9300000000003,0.6454665322267903,0.43782945459477035,0.5621705454052296,4.376097094913218,0,4,7,3,False,False
2025-07-05,2508.04,2529.81,2487.95,2516.41,157198.0958,1751759999999,394906375.017766,911950.0,79575.3002,199902327.125929,0,0.0033372673482081616,0.0033317110300457526,2518.2239999999997,6.187999999999647,2485.143,9.792000000000371,2458.0095,-1.5599999999999454,2528.9357999999997,-0.41420000000016444,2196.9312,5.127500000000055,2502.54945,-6.882999999999811,0.028806531176982106,0.032560216155111246,0.03101477688086367,2680.34,2111.89,0.7116193156829973,64.17705255043042,5.585327557781966,-7.082441833470926,12.667769391252893,2458.0095,2635.4429742613256,2280.5760257386746,0.6645701304196608,382739.41932,0.41071833175503186,524.6120723138386,8.36999999999989,13.400000000000091,20.090000000000146,41.86000000000013,0.1999522216913489,0.5062103315885077,0.49378966841149236,5.801278923634391,0,5,7,3,False,False
2025-07-06,2516.42,2605.0,2503.5,2570.35,277593.6319,1751846399999,707971625.070802,1375995.0,138516.8522,353423928.298894,0,0.02143529869933758,0.021208793768126077,2551.292,33.06800000000021,2500.582,15.43899999999985,2459.3185,1.3089999999997417,2530.8412,1.9054000000000997,2203.6656999999996,6.734499999999571,2497.2672000000002,-5.282249999999749,0.02921358187368783,0.032911709841315445,0.030946080472321787,2635.5,2111.89,0.8755753327858519,72.4185760458513,11.385805707719555,-3.3887923252328305,14.774598032952387,2459.3185,2639.7886556053904,2278.8483443946093,0.8076173443402395,364128.3799,0.7623509927356804,5950.302416810464,53.929999999999836,34.65000000000009,12.920000000000073,101.5,0.5313300492610822,0.4989914619147285,0.5010085380852716,4.956868032533567,0,6,7,3,False,False
2025-07-07,2570.35,2590.57,2512.0,2542.29,315707.5272,1751932799999,805370144.473485,1985043.0,155551.5678,396828929.460145,0,-0.01091680121384242,-0.010976826745835281,2545.668,-5.623999999999796,2512.4939999999997,11.911999999999807,2460.9355,1.6170000000001892,2531.7313999999997,0.8901999999998225,2210.8078,7.142100000000482,2492.8936,-4.373600000000351,0.029730456558344706,0.03285792438234192,0.030971167275750715,2635.5,2111.89,0.8219858291476481,60.737124163666564,13.562182540773847,0.0014026479685051996,13.560779892805343,2460.9355,2643.8783690200485,2277.9926309799516,0.7223494701810006,357551.65602,0.8829703957023223,-3446.516316156149,28.059999999999945,20.220000000000255,30.289999999999964,78.57000000000016,0.3571337660684725,0.4927078209999675,0.5072921790000324,6.287601114884029,0,0,7,3,False,False
2025-07-08,2542.3,2628.21,2523.59,2615.25,370915.7321,1752019199999,957180096.783727,1899797.0,193484.7421,499495444.930149,0,0.028698535572259765,0.028294445582588534,2550.468,4.799999999999727,2530.457,17.963000000000193,2465.448,4.512499999999818,2533.4736,1.742200000000139,2218.8829,8.07510000000002,2488.6088,-4.284799999999905,0.030644393745151422,0.0334216751488064,0.031182373162999655,2635.5,2111.89,0.9613261778804836,62.94066534260181,20.932937238570958,4.187709566088995,16.745227672481963,2465.448,2659.178629548573,2271.7173704514266,0.8866244598210035,379061.73064,0.9785101003832636,10644.738331982624,72.94999999999982,12.960000000000036,18.710000000000036,104.61999999999989,0.6972854138787985,0.5216406999092611,0.4783593000907389,5.1219100070088395,0,1,7,3,False,False
2025-07-09,2615.25,2795.74,2589.78,2768.74,686119.3772,1752105599999,1844561572.906599,2997546.0,357355.9972,961263657.537834,0,0.058690373769238136,0.05703264782490423,2602.6079999999997,52.13999999999987,2557.322,26.865000000000236,2477.8289999999997,12.380999999999858,2538.3646,4.891000000000076,2228.3459999999995,9.463099999999486,2485.7578999999996,-2.8509000000003653,0.03432654886744078,0.03569568858617362,0.0322222506884118,2795.74,2111.89,0.9605176573810046,72.80243746826216,38.713409583129305,11.092849569497059,27.620560013632247,2477.8289999999997,2713.6236374016844,2242.034362598315,1.1168736558338743,419244.48779,1.636561474706086,40268.602698184885,153.48999999999978,27.0,25.4699999999998,205.95999999999958,0.7452417945232088,0.5208364740525797,0.47916352594742023,4.368840320809409,0,2,7,3,False,False
2025-07-10,2768.74,2798.0,2755.5,2781.51,126170.4422,1752191999999,350229119.116601,493792.0,55961.633,155371171.783171,0,0.004612206274334341,0.004601602642566484,2655.628,53.02000000000044,2586.926,29.603999999999814,2496.58,18.751000000000204,2542.975,4.610400000000027,2237.1113,8.76530000000048,2483.2563,-2.5015999999995984,0.03392055782305596,0.03364529199833585,0.032202018211583805,2798.0,2111.89,0.9759659529813007,73.48538387407646,53.221490085752976,19.518577672748243,33.70291241300473,2496.58,2765.768517077418,2227.391482922582,1.0292387712029616,387815.96061,0.3253358680791402,581.9241051503783,12.770000000000437,16.48999999999978,13.239999999999782,42.5,0.30047058823530437,0.4435399608990195,0.5564600391009805,3.91369001637691,0,3,7,3,False,False
